trade_date,stock_code,model,rank,market_id,universe_id,total_score,stock_score,selection_signal,time_regime_score,cluster_label,top_factor_1,top_factor_1_score,top_factor_2,top_factor_2_score,top_factor_3,top_factor_3_score
2016-10-25,600085.SH,cp,3,cn_a,SIZE_MID,0.17018915994549388,0.17018915994549388,0.17018915994549388,0.0,0,quality_factor,0.8514986038208008,volatility_factor,0.09612523019313812,value_factor,0.051103632897138596
2016-10-25,600066.SH,cp,3,cn_a,SIZE_MID,0.07290428976875774,0.07290428976875774,0.07290428976875774,0.0,0,quality_factor,0.4669036567211151,volatility_factor,0.43154004216194153,value_factor,0.09695299714803696
2016-10-25,600009.SH,cp,3,cn_a,SIZE_MID,0.05581765407714556,0.05581765407714556,0.05581765407714556,0.0,0,quality_factor,0.6842774152755737,volatility_factor,0.2850666046142578,value_factor,0.027490800246596336
2016-10-25,600115.SH,cp,3,cn_a,SIZE_MID,0.049570542994729294,0.049570542994729294,0.049570542994729294,0.0,0,quality_factor,0.7805713415145874,volatility_factor,0.21053920686244965,value_factor,0.006460774224251509
2016-10-25,600021.SH,cp,3,cn_a,SIZE_MID,0.040928417835857545,0.040928417835857545,0.040928417835857545,0.0,0,volatility_factor,0.6354174613952637,value_factor,0.22277988493442535,quality_factor,0.13529668748378754
2016-10-25,600029.SH,cp,3,cn_a,SIZE_MID,0.014387962087425876,0.014387962087425876,0.014387962087425876,0.0,0,quality_factor,0.6332893371582031,volatility_factor,0.3194240629673004,value_factor,0.043784160166978836
2016-10-25,600048.SH,cp,3,cn_a,SIZE_MID,-0.0014118987010931505,-0.0014118987010931505,-0.0014118987010931505,0.0,0,volatility_factor,0.5341871976852417,quality_factor,0.31457027792930603,value_factor,0.14563143253326416
2016-10-25,600039.SH,cp,3,cn_a,SIZE_MID,-0.006950556368792604,-0.006950556368792604,-0.006950556368792604,0.0,0,volatility_factor,0.47378695011138916,quality_factor,0.33277377486228943,value_factor,0.18866492807865143
2016-10-25,600027.SH,cp,3,cn_a,SIZE_MID,-0.024901257504325258,-0.024901257504325258,-0.024901257504325258,0.0,0,volatility_factor,0.6515626311302185,value_factor,0.22618761658668518,quality_factor,0.11557088792324066
2016-10-25,600026.SH,cp,3,cn_a,SIZE_MID,-0.0269070002314038,-0.0269070002314038,-0.0269070002314038,0.0,0,volatility_factor,0.4230740964412689,quality_factor,0.39473381638526917,value_factor,0.1779610961675644
2016-10-25,600015.SH,cp,3,cn_a,SIZE_MID,-0.07810459541497039,-0.07810459541497039,-0.07810459541497039,0.0,0,volatility_factor,0.6515626311302185,value_factor,0.226187601685524,quality_factor,0.11557088792324066
2016-10-25,600010.SH,cp,3,cn_a,SIZE_MID,-0.10349942384755195,-0.10349942384755195,-0.10349942384755195,0.0,0,volatility_factor,0.5552014708518982,quality_factor,0.2833840847015381,value_factor,0.1555970311164856
2016-10-26,600085.SH,cp,3,cn_a,SIZE_MID,0.19181898941171519,0.18226308197654362,0.19181898941171519,0.0524291917681694,0,quality_factor,0.8553357124328613,volatility_factor,0.08868846297264099,value_factor,0.05480595678091049
2016-10-26,600066.SH,cp,3,cn_a,SIZE_MID,0.08214510129204892,0.07805285272684159,0.08214510129204892,0.0524291917681694,0,quality_factor,0.48273712396621704,volatility_factor,0.4218955934047699,value_factor,0.09089978784322739
2016-10-26,600009.SH,cp,3,cn_a,SIZE_MID,0.06308872850484074,0.059945817306925164,0.06308872850484074,0.0524291917681694,0,quality_factor,0.7032041549682617,volatility_factor,0.27321428060531616,value_factor,0.020568927749991417
2016-10-26,600115.SH,cp,3,cn_a,SIZE_MID,0.05596430744497324,0.053176315790665285,0.05596430744497324,0.0524291917681694,0,quality_factor,0.7871711254119873,volatility_factor,0.19837112724781036,value_factor,0.01218574121594429
2016-10-26,600021.SH,cp,3,cn_a,SIZE_MID,0.04624636406309898,0.043942494276507205,0.04624636406309898,0.0524291917681694,0,volatility_factor,0.6491521596908569,value_factor,0.2244367152452469,quality_factor,0.11980122327804565
2016-10-26,600029.SH,cp,3,cn_a,SIZE_MID,0.016159161870807206,0.015354155778652512,0.016159161870807206,0.0524291917681694,0,quality_factor,0.6424468755722046,volatility_factor,0.3141885995864868,value_factor,0.03995104879140854
2016-10-26,600048.SH,cp,3,cn_a,SIZE_MID,-0.0015811608355063619,-0.0015023916446637031,-0.0015811608355063619,0.0524291917681694,0,volatility_factor,0.531754195690155,quality_factor,0.3198370337486267,value_factor,0.14286629855632782
2016-10-26,600039.SH,cp,3,cn_a,SIZE_MID,-0.007943883594372002,-0.007548140625772248,-0.007943883594372002,0.0524291917681694,0,volatility_factor,0.4813573360443115,quality_factor,0.3243025243282318,value_factor,0.18951083719730377
2016-10-26,600027.SH,cp,3,cn_a,SIZE_MID,-0.028398253336051484,-0.026983528542473323,-0.028398253336051484,0.0524291917681694,0,volatility_factor,0.6784804463386536,value_factor,0.23054127395153046,quality_factor,0.08405714482069016
2016-10-26,600026.SH,cp,3,cn_a,SIZE_MID,-0.03082350587311848,-0.029287961504678606,-0.03082350587311848,0.0524291917681694,0,volatility_factor,0.42732590436935425,quality_factor,0.39015382528305054,value_factor,0.17826439440250397
2016-10-26,600015.SH,cp,3,cn_a,SIZE_MID,-0.08907317576551832,-0.08463578911687364,-0.08907317576551832,0.0524291917681694,0,volatility_factor,0.6784804463386536,value_factor,0.23054127395153046,quality_factor,0.08405714482069016
2016-10-26,600010.SH,cp,3,cn_a,SIZE_MID,-0.11703684788233995,-0.11120638611055256,-0.11703684788233995,0.0524291917681694,0,volatility_factor,0.5399110913276672,quality_factor,0.30774182081222534,value_factor,0.14672477543354034
2016-10-27,600085.SH,cp,3,cn_a,SIZE_MID,0.18502000761686122,0.18278450250863898,0.18502000761686122,0.012230264022946358,0,quality_factor,0.8610745668411255,volatility_factor,0.07886573672294617,value_factor,0.05900155007839203
2016-10-27,600066.SH,cp,3,cn_a,SIZE_MID,0.07943548532116221,0.07847570569788331,0.07943548532116221,0.012230264022946358,0,quality_factor,0.5082614421844482,volatility_factor,0.4051714837551117,value_factor,0.08228284120559692
2016-10-27,600009.SH,cp,3,cn_a,SIZE_MID,0.06102154486317477,0.06028425176168639,0.06102154486317477,0.012230264022946358,0,quality_factor,0.7260740399360657,volatility_factor,0.25822120904922485,value_factor,0.01285609882324934
2016-10-27,600115.SH,cp,3,cn_a,SIZE_MID,0.054070097781744424,0.05341679557216139,0.054070097781744424,0.012230264022946358,0,quality_factor,0.7960708141326904,volatility_factor,0.18333649635314941,value_factor,0.018487703055143356
2016-10-27,600021.SH,cp,3,cn_a,SIZE_MID,0.04494378538431188,0.04440075188699666,0.04494378538431188,0.012230264022946358,0,volatility_factor,0.6730675101280212,value_factor,0.2287815511226654,quality_factor,0.09130929410457611
2016-10-27,600029.SH,cp,3,cn_a,SIZE_MID,0.015588029847264585,0.015399687403657936,0.015588029847264585,0.012230264022946358,0,quality_factor,0.6618581414222717,volatility_factor,0.30154532194137573,value_factor,0.03332461044192314
2016-10-27,600048.SH,cp,3,cn_a,SIZE_MID,-0.0015259790099516185,-0.0015075413614198396,-0.0015259790099516185,0.012230264022946358,0,volatility_factor,0.5161439180374146,quality_factor,0.34377598762512207,value_factor,0.13471181690692902
2016-10-27,600039.SH,cp,3,cn_a,SIZE_MID,-0.007795475082443151,-0.007701286218264158,-0.007795475082443151,0.012230264022946358,0,volatility_factor,0.4912770390510559,quality_factor,0.31260278820991516,value_factor,0.19119876623153687
2016-10-27,600027.SH,cp,3,cn_a,SIZE_MID,-0.0277087718017947,-0.027373980436777856,-0.0277087718017947,0.012230264022946358,0,volatility_factor,0.7127339839935303,value_factor,0.2369820773601532,quality_factor,0.0430232435464859
2016-10-27,600026.SH,cp,3,cn_a,SIZE_MID,-0.030430830581963917,-0.03006314992899206,-0.030430830581963917,0.012230264022946358,0,volatility_factor,0.43319931626319885,quality_factor,0.38330066204071045,value_factor,0.1791919767856598
2016-10-27,600015.SH,cp,3,cn_a,SIZE_MID,-0.08691056702849302,-0.08586046969548988,-0.08691056702849302,0.012230264022946358,0,volatility_factor,0.7127339839935303,value_factor,0.2369820773601532,quality_factor,0.0430232398211956
2016-10-27,600010.SH,cp,3,cn_a,SIZE_MID,-0.11348009468802393,-0.11210897091268635,-0.11348009468802393,0.012230264022946358,0,volatility_factor,0.5181567668914795,quality_factor,0.34079253673553467,value_factor,0.13566279411315918
2016-10-28,600085.SH,cp,3,cn_a,SIZE_MID,0.20037550263598108,0.17389505809751427,0.20037550263598108,0.152278333902359,0,quality_factor,0.8995481729507446,value_factor,0.06630183756351471,volatility_factor,0.03319038450717926
2016-10-28,600066.SH,cp,3,cn_a,SIZE_MID,0.09159757747075986,0.07949258190910768,0.09159757747075986,0.152278333902359,0,quality_factor,0.6926121711730957,volatility_factor,0.2679142951965332,value_factor,0.03601401299238205
2016-10-28,600009.SH,cp,3,cn_a,SIZE_MID,0.0657828686296311,0.05708939272358293,0.0657828686296311,0.152278333902359,0,quality_factor,0.791374146938324,volatility_factor,0.20206917822360992,value_factor,0.00377188459970057
2016-10-28,600115.SH,cp,3,cn_a,SIZE_MID,0.058397172230041226,0.05067974639655404,0.058397172230041226,0.152278333902359,0,quality_factor,0.8422902822494507,volatility_factor,0.1287042796611786,value_factor,0.02701091207563877
2016-10-28,600021.SH,cp,3,cn_a,SIZE_MID,0.0540018446132958,0.04686527935234608,0.0540018446132958,0.152278333902359,0,volatility_factor,0.5829720497131348,quality_factor,0.22005271911621094,value_factor,0.19028712809085846
2016-10-28,600029.SH,cp,3,cn_a,SIZE_MID,0.01836175800911106,0.015935176375165838,0.01836175800911106,0.152278333902359,0,quality_factor,0.8296864032745361,volatility_factor,0.14972931146621704,value_factor,0.018361978232860565
2016-10-28,600048.SH,cp,3,cn_a,SIZE_MID,-0.0019291299873080148,-0.001674187546917949,-0.0019291299873080148,0.152278333902359,0,quality_factor,0.696533739566803,volatility_factor,0.2652997076511383,value_factor,0.034733742475509644
2016-10-28,600039.SH,cp,3,cn_a,SIZE_MID,-0.008945086972787866,-0.007762957039943785,-0.008945086972787866,0.152278333902359,0,volatility_factor,0.5258727669715881,quality_factor,0.25712117552757263,value_factor,0.21127033233642578
2016-10-28,600027.SH,cp,3,cn_a,SIZE_MID,-0.029439708940287367,-0.025549130653189422,-0.029439708940287367,0.152278333902359,0,volatility_factor,0.7177866101264954,value_factor,0.25630122423171997,quality_factor,0.017842579632997513
2016-10-28,600026.SH,cp,3,cn_a,SIZE_MID,-0.03763290762145546,-0.03265956452321461,-0.03763290762145546,0.152278333902359,0,volatility_factor,0.46410852670669556,quality_factor,0.33504146337509155,value_factor,0.19585850834846497
2016-10-28,600015.SH,cp,3,cn_a,SIZE_MID,-0.09233977642841103,-0.08013669623028363,-0.09233977642841103,0.152278333902359,0,volatility_factor,0.7177866697311401,value_factor,0.25630125403404236,quality_factor,0.017842577770352364
2016-10-28,600010.SH,cp,3,cn_a,SIZE_MID,-0.12776891686006317,-0.11088373043685351,-0.12776891686006317,0.152278333902359,0,quality_factor,0.5003051161766052,volatility_factor,0.3961263597011566,value_factor,0.09879511594772339
2016-10-31,600085.SH,cp,3,cn_a,SIZE_MID,0.24495783143160027,0.20082346592653266,0.24495783143160027,0.21976692974567413,0,quality_factor,0.8632684946060181,volatility_factor,0.0705723986029625,value_factor,0.06529012322425842
2016-10-31,600066.SH,cp,3,cn_a,SIZE_MID,0.1041586545667434,0.08539225667573191,0.1041586545667434,0.21976692974567413,0,quality_factor,0.5136208534240723,volatility_factor,0.4056263864040375,value_factor,0.07662726938724518
2016-10-31,600009.SH,cp,3,cn_a,SIZE_MID,0.0813056177175244,0.06665668067807928,0.0813056177175244,0.21976692974567413,0,quality_factor,0.7554584741592407,volatility_factor,0.24191956222057343,momentum_factor,0.002548241289332509
2016-10-31,600115.SH,cp,3,cn_a,SIZE_MID,0.07185934116631935,0.05891235184390098,0.07185934116631935,0.21976692974567413,0,quality_factor,0.8023635745048523,volatility_factor,0.16749142110347748,value_factor,0.028326118364930153
2016-10-31,600021.SH,cp,3,cn_a,SIZE_MID,0.0589042719940832,0.048291414038885705,0.0589042719940832,0.21976692974567413,0,volatility_factor,0.6808196306228638,value_factor,0.22507023811340332,quality_factor,0.08737111836671829
2016-10-31,600029.SH,cp,3,cn_a,SIZE_MID,0.020236044815998694,0.016590090763145326,0.020236044815998694,0.21976692974567413,0,quality_factor,0.6506184339523315,volatility_factor,0.3128888010978699,value_factor,0.03326074033975601
2016-10-31,600048.SH,cp,3,cn_a,SIZE_MID,-0.0019466928913071935,-0.0015959547455253187,-0.0019466928913071935,0.21976692974567413,0,volatility_factor,0.5527110695838928,quality_factor,0.2963383197784424,value_factor,0.14540794491767883
2016-10-31,600039.SH,cp,3,cn_a,SIZE_MID,-0.01052404789339398,-0.008627916736429597,-0.01052404789339398,0.21976692974567413,0,volatility_factor,0.505892276763916,quality_factor,0.2982048988342285,value_factor,0.19094091653823853
2016-10-31,600027.SH,cp,3,cn_a,SIZE_MID,-0.03765327081403289,-0.030869232896748144,-0.03765327081403289,0.21976692974567413,0,volatility_factor,0.7263901829719543,value_factor,0.22662487626075745,quality_factor,0.03976883739233017
2016-10-31,600026.SH,cp,3,cn_a,SIZE_MID,-0.0407988766937079,-0.033448090945512376,-0.0407988766937079,0.21976692974567413,0,volatility_factor,0.43966472148895264,quality_factor,0.3780266046524048,value_factor,0.17801955342292786
2016-10-31,600015.SH,cp,3,cn_a,SIZE_MID,-0.11810220766989128,-0.09682358199870578,-0.11810220766989128,0.21976692974567413,0,volatility_factor,0.7263902425765991,value_factor,0.22662487626075745,quality_factor,0.03976884111762047
2016-10-31,600010.SH,cp,3,cn_a,SIZE_MID,-0.15042165448084122,-0.12331999277876093,-0.15042165448084122,0.21976692974567413,0,volatility_factor,0.5047066807746887,quality_factor,0.3672533929347992,value_factor,0.12295980751514435
2016-11-01,600085.SH,cp,3,cn_a,SIZE_MID,0.19995287688752308,0.19805426253151381,0.19995287688752308,0.009586363099515438,0,quality_factor,0.861171305179596,volatility_factor,0.07397443056106567,value_factor,0.0639505609869957
2016-11-01,600066.SH,cp,3,cn_a,SIZE_MID,0.08490562720950419,0.08409942204139043,0.08490562720950419,0.009586363099515438,0,quality_factor,0.5038127899169922,volatility_factor,0.4122096002101898,value_factor,0.07978649437427521
2016-11-01,600009.SH,cp,3,cn_a,SIZE_MID,0.06631277070061223,0.06568311045066366,0.06631277070061223,0.009586363099515438,0,quality_factor,0.7477731108665466,volatility_factor,0.2470734864473343,momentum_factor,0.0025998391211032867
2016-11-01,600115.SH,cp,3,cn_a,SIZE_MID,0.05862788070107897,0.058071190856480825,0.05862788070107897,0.009586363099515438,0,quality_factor,0.7992866039276123,volatility_factor,0.17246580123901367,value_factor,0.026378298178315163
2016-11-01,600021.SH,cp,3,cn_a,SIZE_MID,0.04792184843765879,0.04746681567780797,0.04792184843765879,0.009586363099515438,0,volatility_factor,0.6710343360900879,value_factor,0.2232317477464676,quality_factor,0.0990917980670929
2016-11-01,600029.SH,cp,3,cn_a,SIZE_MID,0.016504951593600076,0.01634823197781543,0.016504951593600076,0.009586363099515438,0,quality_factor,0.6424719095230103,volatility_factor,0.3183515667915344,value_factor,0.035889819264411926
2016-11-01,600048.SH,cp,3,cn_a,SIZE_MID,-0.0015863762768306086,-0.0015713131438559458,-0.0015863762768306086,0.009586363099515438,0,volatility_factor,0.5604750514030457,quality_factor,0.2847757637500763,value_factor,0.14912912249565125
2016-11-01,600039.SH,cp,3,cn_a,SIZE_MID,-0.008540869605662003,-0.008459771409434325,-0.008540869605662003,0.009586363099515438,0,volatility_factor,0.5019707083702087,quality_factor,0.30288591980934143,value_factor,0.19021974503993988
2016-11-01,600027.SH,cp,3,cn_a,SIZE_MID,-0.03063230657247763,-0.030341443355496267,-0.03063230657247763,0.009586363099515438,0,volatility_factor,0.7376431822776794,value_factor,0.2319892942905426,quality_factor,0.02304021455347538
2016-11-01,600026.SH,cp,3,cn_a,SIZE_MID,-0.03302475934172057,-0.03271117904637322,-0.03302475934172057,0.009586363099515438,0,volatility_factor,0.4373929798603058,quality_factor,0.3807297646999359,value_factor,0.17761006951332092
2016-11-01,600015.SH,cp,3,cn_a,SIZE_MID,-0.09608044525660689,-0.09516813173786431,-0.09608044525660689,0.009586363099515438,0,volatility_factor,0.7376431822776794,value_factor,0.2319892793893814,quality_factor,0.02304021082818508
2016-11-01,600010.SH,cp,3,cn_a,SIZE_MID,-0.12254226155157735,-0.12137868490981418,-0.12254226155157735,0.009586363099515438,0,volatility_factor,0.5126005411148071,quality_factor,0.355502188205719,value_factor,0.12673859298229218
2016-11-02,600085.SH,cp,3,cn_a,SIZE_MID,0.20599239662278876,0.18252663038038008,0.20599239662278876,0.12856072187423706,0,quality_factor,0.8909505009651184,value_factor,0.08070570975542068,volatility_factor,0.02786325104534626
2016-11-02,600066.SH,cp,3,cn_a,SIZE_MID,0.08970940339865485,0.07949009470371493,0.08970940339865485,0.12856072187423706,0,quality_factor,0.6472576856613159,volatility_factor,0.3139800727367401,value_factor,0.03547238931059837
2016-11-02,600009.SH,cp,3,cn_a,SIZE_MID,0.0689658771289035,0.061109581566825,0.0689658771289035,0.12856072187423706,0,quality_factor,0.8035055994987488,volatility_factor,0.16744491457939148,value_factor,0.027191385626792908
2016-11-02,600115.SH,cp,3,cn_a,SIZE_MID,0.06074280584240842,0.053823247129685114,0.06074280584240842,0.12856072187423706,0,quality_factor,0.8408927917480469,volatility_factor,0.10776655375957489,value_factor,0.05007151886820793
2016-11-02,600021.SH,cp,3,cn_a,SIZE_MID,0.05212646003733831,0.04618843831258346,0.05212646003733831,0.12856072187423706,0,volatility_factor,0.6632930040359497,value_factor,0.19934844970703125,quality_factor,0.13068844377994537
2016-11-02,600029.SH,cp,3,cn_a,SIZE_MID,0.01737524685837721,0.01539593360280378,0.01737524685837721,0.12856072187423706,0,quality_factor,0.7645056247711182,volatility_factor,0.22969748079776764,value_factor,0.0033243123907595873
2016-11-02,600048.SH,cp,3,cn_a,SIZE_MID,-0.0017061426518491965,-0.001511786232384793,-0.0017061426518491965,0.12856072187423706,0,quality_factor,0.4772428572177887,volatility_factor,0.4289470314979553,value_factor,0.0894077718257904
2016-11-02,600039.SH,cp,3,cn_a,SIZE_MID,-0.00949392637794673,-0.008412419192438847,-0.00949392637794673,0.12856072187423706,0,volatility_factor,0.569939374923706,quality_factor,0.2197120040655136,value_factor,0.20469245314598083
2016-11-02,600027.SH,cp,3,cn_a,SIZE_MID,-0.032777520872924466,-0.02904364692699346,-0.032777520872924466,0.12856072187423706,0,volatility_factor,0.5965362787246704,quality_factor,0.229409322142601,value_factor,0.1680302917957306
2016-11-02,600026.SH,cp,3,cn_a,SIZE_MID,-0.038176961784091155,-0.033828006794692556,-0.038176961784091155,0.12856072187423706,0,volatility_factor,0.4762604534626007,quality_factor,0.33297163248062134,value_factor,0.18607521057128906
2016-11-02,600015.SH,cp,3,cn_a,SIZE_MID,-0.10280906517869336,-0.09109749945764634,-0.10280906517869336,0.12856072187423706,0,volatility_factor,0.5965362787246704,quality_factor,0.22940930724143982,value_factor,0.16803030669689178
2016-11-02,600010.SH,cp,3,cn_a,SIZE_MID,-0.1299817730435754,-0.11517480952443293,-0.1299817730435754,0.12856072187423706,0,quality_factor,0.5173016786575317,volatility_factor,0.4018585979938507,value_factor,0.07669956237077713
2016-11-03,600085.SH,cp,3,cn_a,SIZE_MID,0.19443033368621288,0.17344342251681155,0.19443033368621288,0.12100149691104889,0,quality_factor,0.9039826989173889,value_factor,0.07576099783182144,volatility_factor,0.0195773933082819
2016-11-03,600066.SH,cp,3,cn_a,SIZE_MID,0.08796605012640629,0.07847094900239426,0.08796605012640629,0.12100149691104889,0,quality_factor,0.7122686505317688,volatility_factor,0.2595708668231964,value_factor,0.024979520589113235
2016-11-03,600009.SH,cp,3,cn_a,SIZE_MID,0.06443079385609844,0.0574761005137816,0.06443079385609844,0.12100149691104889,0,quality_factor,0.8127468824386597,volatility_factor,0.1695939004421234,value_factor,0.015401428565382957
2016-11-03,600115.SH,cp,3,cn_a,SIZE_MID,0.0569819136441514,0.050831256299488814,0.0569819136441514,0.12100149691104889,0,quality_factor,0.8522667288780212,volatility_factor,0.10461252927780151,value_factor,0.04154687002301216
2016-11-03,600021.SH,cp,3,cn_a,SIZE_MID,0.05196352964718408,0.04635455927677867,0.05196352964718408,0.12100149691104889,0,volatility_factor,0.5697603821754456,quality_factor,0.24908004701137543,value_factor,0.17485588788986206
2016-11-03,600029.SH,cp,3,cn_a,SIZE_MID,0.017415057250628672,0.015535266928822011,0.017415057250628672,0.12100149691104889,0,quality_factor,0.8230697512626648,volatility_factor,0.15262053906917572,value_factor,0.022230716422200203
2016-11-03,600048.SH,cp,3,cn_a,SIZE_MID,-0.0017985127991897137,-0.0016043803938288193,-0.0017985127991897137,0.12100149691104889,0,quality_factor,0.669180154800415,volatility_factor,0.2884264886379242,value_factor,0.03892190009355545
2016-11-03,600039.SH,cp,3,cn_a,SIZE_MID,-0.00894842927880201,-0.007982531176281782,-0.00894842927880201,0.12100149691104889,0,volatility_factor,0.5611051321029663,quality_factor,0.21838396787643433,value_factor,0.214542418718338
2016-11-03,600027.SH,cp,3,cn_a,SIZE_MID,-0.029691562092984156,-0.026486639464337713,-0.029691562092984156,0.12100149691104889,0,volatility_factor,0.6358730792999268,value_factor,0.2067999690771103,quality_factor,0.15035775303840637
2016-11-03,600026.SH,cp,3,cn_a,SIZE_MID,-0.03736939756234062,-0.03333572538667795,-0.03736939756234062,0.12100149691104889,0,volatility_factor,0.4810771346092224,quality_factor,0.3179897665977478,value_factor,0.1958833932876587
2016-11-03,600015.SH,cp,3,cn_a,SIZE_MID,-0.09312973216830338,-0.08307726052362341,-0.09312973216830338,0.12100149691104889,0,volatility_factor,0.635873019695282,value_factor,0.2067999690771103,quality_factor,0.15035775303840637
2016-11-03,600010.SH,cp,3,cn_a,SIZE_MID,-0.12444683085857118,-0.1110139753209296,-0.12444683085857118,0.12100149691104889,0,quality_factor,0.5466554760932922,volatility_factor,0.37047916650772095,value_factor,0.07856783270835876
2016-11-04,600085.SH,cp,3,cn_a,SIZE_MID,0.19676265837242424,0.18085923777198332,0.19676265837242424,0.08793255686759949,0,quality_factor,0.8904320001602173,value_factor,0.07689248025417328,volatility_factor,0.032077595591545105
2016-11-04,600066.SH,cp,3,cn_a,SIZE_MID,0.08633292214358677,0.07935502916393489,0.08633292214358677,0.08793255686759949,0,quality_factor,0.6460559368133545,volatility_factor,0.3118717670440674,value_factor,0.03868614882230759
2016-11-04,600009.SH,cp,3,cn_a,SIZE_MID,0.06559109942384024,0.0602896725656592,0.06559109942384024,0.08793255686759949,0,quality_factor,0.7988545894622803,volatility_factor,0.17938737571239471,value_factor,0.01968088559806347
2016-11-04,600115.SH,cp,3,cn_a,SIZE_MID,0.05787048696050401,0.05319308169418946,0.05787048696050401,0.08793255686759949,0,quality_factor,0.8382533192634583,volatility_factor,0.11601121723651886,value_factor,0.04429465904831886
2016-11-04,600021.SH,cp,3,cn_a,SIZE_MID,0.05020714832141528,0.04614913546720345,0.05020714832141528,0.08793255686759949,0,volatility_factor,0.6592274904251099,value_factor,0.20294389128684998,quality_factor,0.13104493916034698
2016-11-04,600029.SH,cp,3,cn_a,SIZE_MID,0.016839828035345804,0.015478742195682571,0.016839828035345804,0.08793255686759949,0,quality_factor,0.7733208537101746,volatility_factor,0.22046035528182983,value_factor,0.0037291136104613543
2016-11-04,600048.SH,cp,3,cn_a,SIZE_MID,-0.0016743394186856451,-0.0015390102651586801,-0.0016743394186856451,0.08793255686759949,0,quality_factor,0.5106519460678101,volatility_factor,0.4031967520713806,value_factor,0.08187194168567657
2016-11-04,600039.SH,cp,3,cn_a,SIZE_MID,-0.008967128595110885,-0.008242356838081832,-0.008967128595110885,0.08793255686759949,0,volatility_factor,0.5548589825630188,quality_factor,0.2348470240831375,value_factor,0.20468895137310028
2016-11-04,600027.SH,cp,3,cn_a,SIZE_MID,-0.030774698413461046,-0.028287321099242035,-0.030774698413461046,0.08793255686759949,0,volatility_factor,0.6279729008674622,value_factor,0.18816418945789337,quality_factor,0.17738500237464905
2016-11-04,600026.SH,cp,3,cn_a,SIZE_MID,-0.036270732161553236,-0.03333913572032543,-0.036270732161553236,0.08793255686759949,0,volatility_factor,0.4705180823802948,quality_factor,0.3376062512397766,value_factor,0.1871645450592041
2016-11-04,600015.SH,cp,3,cn_a,SIZE_MID,-0.09652706758400731,-0.08872522871979527,-0.09652706758400731,0.08793255686759949,0,volatility_factor,0.6279729008674622,value_factor,0.18816417455673218,quality_factor,0.17738498747348785
2016-11-04,600010.SH,cp,3,cn_a,SIZE_MID,-0.12414450764106705,-0.1141104781327158,-0.12414450764106705,0.08793255686759949,0,quality_factor,0.5026887655258179,volatility_factor,0.4085676074028015,value_factor,0.08441171795129776
2016-11-07,600085.SH,cp,3,cn_a,SIZE_MID,0.2331755039711663,0.19078978523339174,0.2331755039711663,0.222159281373024,0,quality_factor,0.875192403793335,value_factor,0.08848750591278076,volatility_factor,0.03613591939210892
2016-11-07,600066.SH,cp,3,cn_a,SIZE_MID,0.09620730261727624,0.07871912054065433,0.09620730261727624,0.222159281373024,0,quality_factor,0.5578108429908752,volatility_factor,0.39036962389945984,value_factor,0.04842632636427879
2016-11-07,600009.SH,cp,3,cn_a,SIZE_MID,0.0792289033550392,0.06482698738909676,0.0792289033550392,0.222159281373024,0,quality_factor,0.7947755455970764,volatility_factor,0.1598062366247177,value_factor,0.044118475168943405
2016-11-07,600115.SH,cp,3,cn_a,SIZE_MID,0.06937360174382431,0.056763143435546226,0.06937360174382431,0.222159281373024,0,quality_factor,0.8285272717475891,volatility_factor,0.10790060460567474,value_factor,0.06274058669805527
2016-11-07,600021.SH,cp,3,cn_a,SIZE_MID,0.054590657909537176,0.044667384527656395,0.054590657909537176,0.222159281373024,0,volatility_factor,0.7407997250556946,value_factor,0.21557489037513733,quality_factor,0.03701340779662132
2016-11-07,600029.SH,cp,3,cn_a,SIZE_MID,0.01799690927085258,0.014725502448470706,0.01799690927085258,0.222159281373024,0,quality_factor,0.6304328441619873,volatility_factor,0.34060272574424744,value_factor,0.026026515290141106
2016-11-07,600048.SH,cp,3,cn_a,SIZE_MID,-0.0016217694742603728,-0.0013269706483853838,-0.0016217694742603728,0.222159281373024,0,volatility_factor,0.6783726811408997,value_factor,0.17805492877960205,quality_factor,0.13754461705684662
2016-11-07,600039.SH,cp,3,cn_a,SIZE_MID,-0.010821375915537718,-0.008854309100627233,-0.010821375915537718,0.222159281373024,0,volatility_factor,0.5886102914810181,quality_factor,0.21398328244686127,value_factor,0.1921236366033554
2016-11-07,600027.SH,cp,3,cn_a,SIZE_MID,-0.03928366304381715,-0.03214283450734001,-0.03928366304381715,0.222159281373024,0,volatility_factor,0.5377541780471802,quality_factor,0.3427411615848541,value_factor,0.1147632896900177
2016-11-07,600026.SH,cp,3,cn_a,SIZE_MID,-0.04129855565788632,-0.033791467929631835,-0.04129855565788632,0.222159281373024,0,volatility_factor,0.4733332693576813,quality_factor,0.34803053736686707,value_factor,0.17436030507087708
2016-11-07,600015.SH,cp,3,cn_a,SIZE_MID,-0.12321605048750728,-0.10081832529340318,-0.12321605048750728,0.222159281373024,0,volatility_factor,0.5377541780471802,quality_factor,0.34274113178253174,value_factor,0.1147632896900177
2016-11-07,600010.SH,cp,3,cn_a,SIZE_MID,-0.1444734968632232,-0.11821167733751281,-0.1444734968632232,0.222159281373024,0,quality_factor,0.4858294725418091,volatility_factor,0.4396975338459015,value_factor,0.07062854617834091
2016-11-08,600085.SH,cp,3,cn_a,SIZE_MID,0.1937492025085089,0.17643659623036,0.1937492025085089,0.0981237068772316,0,quality_factor,0.8916963934898376,value_factor,0.0922788679599762,volatility_factor,0.015903322026133537
2016-11-08,600066.SH,cp,3,cn_a,SIZE_MID,0.08223093337451899,0.0748831262353633,0.08223093337451899,0.0981237068772316,0,quality_factor,0.6467168927192688,volatility_factor,0.32430750131607056,value_factor,0.02598409354686737
2016-11-08,600009.SH,cp,3,cn_a,SIZE_MID,0.06576754384692178,0.059890835309488466,0.06576754384692178,0.0981237068772316,0,quality_factor,0.8161396384239197,volatility_factor,0.13352563977241516,value_factor,0.04911917448043823
2016-11-08,600115.SH,cp,3,cn_a,SIZE_MID,0.05760921800224746,0.05246150283051065,0.05760921800224746,0.0981237068772316,0,quality_factor,0.8478372693061829,volatility_factor,0.08418077230453491,value_factor,0.06722550839185715
2016-11-08,600021.SH,cp,3,cn_a,SIZE_MID,0.04759922591788431,0.043345961146769696,0.04759922591788431,0.0981237068772316,0,volatility_factor,0.682632565498352,value_factor,0.1895652413368225,quality_factor,0.1214689388871193
2016-11-08,600029.SH,cp,3,cn_a,SIZE_MID,0.015545407794164546,0.014156336143344106,0.015545407794164546,0.0981237068772316,0,quality_factor,0.7312152981758118,volatility_factor,0.26573100686073303,momentum_factor,0.002445223741233349
2016-11-08,600048.SH,cp,3,cn_a,SIZE_MID,-0.0014582442570848168,-0.0013279417404632454,-0.0014582442570848168,0.0981237068772316,0,volatility_factor,0.5288718938827515,quality_factor,0.34685784578323364,value_factor,0.11937101185321808
2016-11-08,600039.SH,cp,3,cn_a,SIZE_MID,-0.009236488733112141,-0.008411155308465368,-0.009236488733112141,0.0981237068772316,0,volatility_factor,0.6269123554229736,value_factor,0.20398902893066406,quality_factor,0.16327422857284546
2016-11-08,600027.SH,cp,3,cn_a,SIZE_MID,-0.0325194430066822,-0.02961364362340646,-0.0325194430066822,0.0981237068772316,0,volatility_factor,0.5041682720184326,quality_factor,0.38306939601898193,value_factor,0.10809342563152313
2016-11-08,600026.SH,cp,3,cn_a,SIZE_MID,-0.036414882507559726,-0.03316100318647841,-0.036414882507559726,0.0981237068772316,0,volatility_factor,0.49533843994140625,quality_factor,0.31828656792640686,value_factor,0.18176734447479248
2016-11-08,600015.SH,cp,3,cn_a,SIZE_MID,-0.1019995853805396,-0.09288533541530342,-0.1019995853805396,0.0981237068772316,0,volatility_factor,0.5041683316230774,quality_factor,0.3830694258213043,value_factor,0.10809343308210373
2016-11-08,600010.SH,cp,3,cn_a,SIZE_MID,-0.12218621344353159,-0.11126817208605644,-0.12218621344353159,0.0981237068772316,0,quality_factor,0.5603070259094238,volatility_factor,0.3832564353942871,value_factor,0.052895233035087585
2016-11-09,600085.SH,cp,3,cn_a,SIZE_MID,0.18582333919825753,0.17751766776473232,0.18582333919825753,0.04678782448172569,0,quality_factor,0.8973830938339233,value_factor,0.09935568273067474,volatility_factor,0.0031806337647140026
2016-11-09,600066.SH,cp,3,cn_a,SIZE_MID,0.07852668814125774,0.0750168121844581,0.07852668814125774,0.04678782448172569,0,quality_factor,0.6759148240089417,volatility_factor,0.30801284313201904,value_factor,0.013376404531300068
2016-11-09,600009.SH,cp,3,cn_a,SIZE_MID,0.06351155476776293,0.060672804218938836,0.06351155476776293,0.04678782448172569,0,quality_factor,0.8291484713554382,volatility_factor,0.10869652777910233,value_factor,0.06127557530999184
2016-11-09,600115.SH,cp,3,cn_a,SIZE_MID,0.05548246246591527,0.05300258504280464,0.05548246246591527,0.04678782448172569,0,quality_factor,0.8575613498687744,value_factor,0.07710522413253784,volatility_factor,0.06485292315483093
2016-11-09,600021.SH,cp,3,cn_a,SIZE_MID,0.04565775606193667,0.04361700960953385,0.04565775606193667,0.04678782448172569,0,volatility_factor,0.6551072001457214,value_factor,0.17022760212421417,quality_factor,0.16877678036689758
2016-11-09,600029.SH,cp,3,cn_a,SIZE_MID,0.014698745222071426,0.014041761288694943,0.014698745222071426,0.04678782448172569,0,quality_factor,0.7331212162971497,volatility_factor,0.2568751871585846,value_factor,0.0077759576961398125
2016-11-09,600048.SH,cp,3,cn_a,SIZE_MID,-0.001360510603806347,-0.0012997004057666572,-0.001360510603806347,0.04678782448172569,0,volatility_factor,0.54013592004776,quality_factor,0.33676081895828247,value_factor,0.1182723194360733
2016-11-09,600039.SH,cp,3,cn_a,SIZE_MID,-0.009093516273004148,-0.008687067014989225,-0.009093516273004148,0.04678782448172569,0,volatility_factor,0.6847463250160217,value_factor,0.2088407278060913,quality_factor,0.10022445023059845
2016-11-09,600027.SH,cp,3,cn_a,SIZE_MID,-0.032004312038346215,-0.030573828109936585,-0.032004312038346215,0.04678782448172569,0,quality_factor,0.47165393829345703,volatility_factor,0.4478127062320709,value_factor,0.076551653444767
2016-11-09,600026.SH,cp,3,cn_a,SIZE_MID,-0.03586476536258036,-0.03426173229672713,-0.03586476536258036,0.04678782448172569,0,volatility_factor,0.516367495059967,quality_factor,0.29673945903778076,value_factor,0.1821993589401245
2016-11-09,600015.SH,cp,3,cn_a,SIZE_MID,-0.10038383979108566,-0.09589702347329876,-0.10038383979108566,0.04678782448172569,0,quality_factor,0.47165390849113464,volatility_factor,0.4478127062320709,value_factor,0.0765516459941864
2016-11-09,600010.SH,cp,3,cn_a,SIZE_MID,-0.11784904834972387,-0.11258159659382727,-0.11784904834972387,0.04678782448172569,0,quality_factor,0.6076420545578003,volatility_factor,0.3547399640083313,value_factor,0.03449229151010513
2016-11-10,600085.SH,cp,3,cn_a,SIZE_MID,0.17942653140220224,0.17213608689826287,0.17942653140220224,0.042352791875600815,0,quality_factor,0.8845514059066772,value_factor,0.09584251046180725,volatility_factor,0.01959202066063881
2016-11-10,600066.SH,cp,3,cn_a,SIZE_MID,0.07423633403235921,0.0712199692327431,0.07423633403235921,0.042352791875600815,0,quality_factor,0.6056301593780518,volatility_factor,0.3597791790962219,value_factor,0.031563300639390945
2016-11-10,600009.SH,cp,3,cn_a,SIZE_MID,0.06132778728319264,0.05883592152486017,0.06132778728319264,0.042352791875600815,0,quality_factor,0.8121254444122314,volatility_factor,0.13046567142009735,value_factor,0.05643564090132713
2016-11-10,600115.SH,cp,3,cn_a,SIZE_MID,0.05357388304279785,0.051397073302723584,0.05357388304279785,0.042352791875600815,0,quality_factor,0.8422678112983704,volatility_factor,0.08433815091848373,value_factor,0.07283155620098114
2016-11-10,600021.SH,cp,3,cn_a,SIZE_MID,0.042500928236025796,0.04077403391193002,0.042500928236025796,0.042352791875600815,0,volatility_factor,0.7458463907241821,value_factor,0.2043098658323288,quality_factor,0.04331306740641594
2016-11-10,600029.SH,cp,3,cn_a,SIZE_MID,0.013795227204169933,0.013234700633404373,0.013795227204169933,0.042352791875600815,0,quality_factor,0.6656723022460938,volatility_factor,0.31855639815330505,value_factor,0.013118070550262928
2016-11-10,600048.SH,cp,3,cn_a,SIZE_MID,-0.0012391484494158347,-0.0011887994685153558,-0.0012391484494158347,0.042352791875600815,0,volatility_factor,0.6546908617019653,quality_factor,0.17608356475830078,value_factor,0.1635221242904663
2016-11-10,600039.SH,cp,3,cn_a,SIZE_MID,-0.00858372388407714,-0.008234950700284571,-0.00858372388407714,0.042352791875600815,0,volatility_factor,0.6381835341453552,value_factor,0.1972702145576477,quality_factor,0.15891717374324799
2016-11-10,600027.SH,cp,3,cn_a,SIZE_MID,-0.030907400385596827,-0.029651573359842587,-0.030907400385596827,0.042352791875600815,0,volatility_factor,0.4788036048412323,quality_factor,0.4322678744792938,value_factor,0.08482102304697037
2016-11-10,600026.SH,cp,3,cn_a,SIZE_MID,-0.03305056190569025,-0.03170765411209686,-0.03305056190569025,0.042352791875600815,0,volatility_factor,0.4936428368091583,quality_factor,0.32609307765960693,value_factor,0.1758671998977661
2016-11-10,600015.SH,cp,3,cn_a,SIZE_MID,-0.09694329700044726,-0.09300430469374987,-0.09694329700044726,0.042352791875600815,0,volatility_factor,0.4788036346435547,quality_factor,0.4322679042816162,value_factor,0.08482103049755096
2016-11-10,600010.SH,cp,3,cn_a,SIZE_MID,-0.11221096476431672,-0.10765161779954724,-0.11221096476431672,0.042352791875600815,0,quality_factor,0.5468761324882507,volatility_factor,0.4001176953315735,value_factor,0.049612827599048615
2016-11-11,600085.SH,cp,3,cn_a,SIZE_MID,0.196757059779374,0.17081121417277245,0.196757059779374,0.15189780294895172,0,quality_factor,0.8708967566490173,value_factor,0.10195005685091019,volatility_factor,0.026902172714471817
2016-11-11,600066.SH,cp,3,cn_a,SIZE_MID,0.0775106578967139,0.0672895275092742,0.0775106578967139,0.15189780294895172,0,quality_factor,0.5217061042785645,volatility_factor,0.431776225566864,value_factor,0.043403103947639465
2016-11-11,600009.SH,cp,3,cn_a,SIZE_MID,0.0680913754557266,0.05911234153086298,0.0680913754557266,0.15189780294895172,0,quality_factor,0.8044878244400024,volatility_factor,0.12626077234745026,value_factor,0.06868673115968704
2016-11-11,600115.SH,cp,3,cn_a,SIZE_MID,0.059193082746038815,0.05138744371265602,0.059193082746038815,0.15189780294895172,0,quality_factor,0.8318968415260315,volatility_factor,0.08552620559930801,value_factor,0.08234670758247375
2016-11-11,600021.SH,cp,3,cn_a,SIZE_MID,0.04337916475106322,0.03765886626501924,0.04337916475106322,0.15189780294895172,0,volatility_factor,0.7069548964500427,value_factor,0.18987149000167847,quality_factor,0.09756892174482346
2016-11-11,600029.SH,cp,3,cn_a,SIZE_MID,0.013910716831077781,0.012076346508706592,0.013910716831077781,0.15189780294895172,0,quality_factor,0.5247942209243774,volatility_factor,0.42963123321533203,value_factor,0.04247848689556122
2016-11-11,600048.SH,cp,3,cn_a,SIZE_MID,-0.0011334240048861785,-0.0009839623069396453,-0.0011334240048861785,0.15189780294895172,0,volatility_factor,0.6507315039634705,value_factor,0.18359273672103882,quality_factor,0.16047927737236023
2016-11-11,600039.SH,cp,3,cn_a,SIZE_MID,-0.009462244412863235,-0.008214482665948708,-0.009462244412863235,0.15189780294895172,0,volatility_factor,0.6571383476257324,value_factor,0.1843082308769226,quality_factor,0.15331047773361206
2016-11-11,600026.SH,cp,3,cn_a,SIZE_MID,-0.034821730829518366,-0.030229879066382637,-0.034821730829518366,0.15189780294895172,0,volatility_factor,0.4898446202278137,quality_factor,0.3405013680458069,value_factor,0.16562573611736298
2016-11-11,600027.SH,cp,3,cn_a,SIZE_MID,-0.03546898326480399,-0.03079177999370586,-0.03546898326480399,0.15189780294895172,0,quality_factor,0.5138494968414307,volatility_factor,0.43723347783088684,value_factor,0.04575550556182861
2016-11-11,600015.SH,cp,3,cn_a,SIZE_MID,-0.11125103151595545,-0.09658064514951548,-0.11125103151595545,0.15189780294895172,0,quality_factor,0.5138494968414307,volatility_factor,0.43723347783088684,value_factor,0.04575550556182861
2016-11-11,600010.SH,cp,3,cn_a,SIZE_MID,-0.1210899146962257,-0.10512210020078783,-0.1210899146962257,0.15189780294895172,0,quality_factor,0.5188784003257751,volatility_factor,0.43374037742614746,value_factor,0.0442497655749321
2016-11-14,600085.SH,cp,3,cn_a,SIZE_MID,0.17907342125892764,0.17156401076317707,0.17907342125892764,0.043770305812358856,0,quality_factor,0.8507610559463501,value_factor,0.09391884505748749,volatility_factor,0.05525226518511772
2016-11-14,600066.SH,cp,3,cn_a,SIZE_MID,0.0686257083762078,0.06574790210470383,0.0686257083762078,0.043770305812358856,0,volatility_factor,0.5171854496002197,quality_factor,0.4022718071937561,value_factor,0.07678747922182083
2016-11-14,600009.SH,cp,3,cn_a,SIZE_MID,0.061769482737378006,0.059179191008297494,0.061769482737378006,0.043770305812358856,0,quality_factor,0.775428295135498,volatility_factor,0.1668931096792221,value_factor,0.056841619312763214
2016-11-14,600115.SH,cp,3,cn_a,SIZE_MID,0.05376609029749885,0.0515114193365207,0.05376609029749885,0.043770305812358856,0,quality_factor,0.8065502047538757,volatility_factor,0.12084510177373886,value_factor,0.07214099168777466
2016-11-14,600021.SH,cp,3,cn_a,SIZE_MID,0.03740076656362092,0.03583237239877235,0.03740076656362092,0.043770305812358856,0,volatility_factor,0.6121802926063538,quality_factor,0.20586398243904114,value_factor,0.17711469531059265
2016-11-14,600029.SH,cp,3,cn_a,SIZE_MID,0.012239289771294576,0.011726037439245829,0.012239289771294576,0.043770305812358856,0,volatility_factor,0.5230367183685303,quality_factor,0.39386340975761414,value_factor,0.0792946144938469
2016-11-14,600048.SH,cp,3,cn_a,SIZE_MID,-0.0009519164226171335,-0.000911997985113544,-0.0009519164226171335,0.043770305812358856,0,volatility_factor,0.562421441078186,quality_factor,0.2612527310848236,value_factor,0.17183637619018555
2016-11-14,600039.SH,cp,3,cn_a,SIZE_MID,-0.008242901415662649,-0.007897236883366077,-0.008242901415662649,0.043770305812358856,0,volatility_factor,0.5890790820121765,quality_factor,0.23157890141010284,value_factor,0.17466415464878082
2016-11-14,600026.SH,cp,3,cn_a,SIZE_MID,-0.02917790376473005,-0.027954333816524013,-0.02917790376473005,0.043770305812358856,0,volatility_factor,0.46116572618484497,quality_factor,0.37396493554115295,value_factor,0.16109536588191986
2016-11-14,600027.SH,cp,3,cn_a,SIZE_MID,-0.0319018717057315,-0.030564072670358655,-0.0319018717057315,0.043770305812358856,0,volatility_factor,0.5026158690452576,quality_factor,0.4232085645198822,value_factor,0.0705447569489479
2016-11-14,600015.SH,cp,3,cn_a,SIZE_MID,-0.10006252811112434,-0.09586642467183992,-0.10006252811112434,0.043770305812358856,0,volatility_factor,0.5026159286499023,quality_factor,0.423208624124527,value_factor,0.0705447718501091
2016-11-14,600010.SH,cp,3,cn_a,SIZE_MID,-0.10782220425094108,-0.10330070024110682,-0.10782220425094108,0.043770305812358856,0,volatility_factor,0.5118898153305054,quality_factor,0.40988171100616455,value_factor,0.07451843470335007
2016-11-15,600085.SH,cp,3,cn_a,SIZE_MID,0.1808541587914281,0.17458776961484546,0.1808541587914281,0.03589242696762085,0,quality_factor,0.8665839433670044,value_factor,0.09900500625371933,volatility_factor,0.0342375710606575
2016-11-15,600066.SH,cp,3,cn_a,SIZE_MID,0.07106712923348708,0.068604734713972,0.07106712923348708,0.03589242696762085,0,quality_factor,0.497366338968277,volatility_factor,0.4478346109390259,value_factor,0.05151303485035896
2016-11-15,600009.SH,cp,3,cn_a,SIZE_MID,0.0624462368212578,0.06028254633633878,0.0624462368212578,0.03589242696762085,0,quality_factor,0.7970058917999268,volatility_factor,0.13827060163021088,value_factor,0.06403873860836029
2016-11-15,600115.SH,cp,3,cn_a,SIZE_MID,0.05433383149338392,0.05245122654878287,0.05433383149338392,0.03589242696762085,0,quality_factor,0.825751543045044,volatility_factor,0.09548009932041168,value_factor,0.0784367173910141
2016-11-15,600021.SH,cp,3,cn_a,SIZE_MID,0.0395814756831972,0.038210022947623656,0.0395814756831972,0.03589242696762085,0,volatility_factor,0.6821151375770569,value_factor,0.18803809583187103,quality_factor,0.12438976764678955
2016-11-15,600029.SH,cp,3,cn_a,SIZE_MID,0.012782669392961469,0.012339764559214927,0.012782669392961469,0.03589242696762085,0,quality_factor,0.5044273734092712,volatility_factor,0.4429333508014679,value_factor,0.049395669251680374
2016-11-15,600048.SH,cp,3,cn_a,SIZE_MID,-0.0010406516848907462,-0.0010045942975551725,-0.0010406516848907462,0.03589242696762085,0,volatility_factor,0.6377692222595215,value_factor,0.18299473822116852,quality_factor,0.17410419881343842
2016-11-15,600039.SH,cp,3,cn_a,SIZE_MID,-0.008584661390397286,-0.008287212719153558,-0.008584661390397286,0.03589242696762085,0,volatility_factor,0.6324018239974976,value_factor,0.18238431215286255,quality_factor,0.18012139201164246
2016-11-15,600026.SH,cp,3,cn_a,SIZE_MID,-0.03141120912391055,-0.03032284675396113,-0.03141120912391055,0.03589242696762085,0,volatility_factor,0.4809038043022156,quality_factor,0.34995970129966736,value_factor,0.16515478491783142
2016-11-15,600027.SH,cp,3,cn_a,SIZE_MID,-0.032336402183815345,-0.031215982935464126,-0.032336402183815345,0.03589242696762085,0,quality_factor,0.47926270961761475,volatility_factor,0.4604009687900543,value_factor,0.056941743940114975
2016-11-15,600015.SH,cp,3,cn_a,SIZE_MID,-0.10142546449296211,-0.09791118847533653,-0.10142546449296211,0.03589242696762085,0,quality_factor,0.47926270961761475,volatility_factor,0.4604009687900543,value_factor,0.05694174766540527
2016-11-15,600010.SH,cp,3,cn_a,SIZE_MID,-0.11079751486958189,-0.1069585080554134,-0.11079751486958189,0.03589242696762085,0,quality_factor,0.4908737540245056,volatility_factor,0.45234137773513794,value_factor,0.05345996469259262
2016-11-16,600085.SH,cp,3,cn_a,SIZE_MID,0.33894813399630347,0.2325085240026965,0.33894813399630347,0.45778805017471313,0,quality_factor,0.8010299801826477,volatility_factor,0.11723822355270386,value_factor,0.08158165216445923
2016-11-16,600066.SH,cp,3,cn_a,SIZE_MID,0.11870663974988489,0.08142928911320269,0.11870663974988489,0.45778805017471313,0,volatility_factor,0.7576565146446228,value_factor,0.15887631475925446,quality_factor,0.07823862880468369
2016-11-16,600009.SH,cp,3,cn_a,SIZE_MID,0.11707551428557554,0.08031038466697282,0.11707551428557554,0.45778805017471313,0,quality_factor,0.7114298939704895,volatility_factor,0.24690788984298706,value_factor,0.04053118824958801
2016-11-16,600115.SH,cp,3,cn_a,SIZE_MID,0.10185196192756354,0.06986747221571932,0.10185196192756354,0.45778805017471313,0,quality_factor,0.7484931945800781,volatility_factor,0.19326983392238617,value_factor,0.05751177668571472
2016-11-16,600021.SH,cp,3,cn_a,SIZE_MID,0.059731039327463535,0.04097374907314588,0.059731039327463535,0.45778805017471313,0,volatility_factor,0.5004405379295349,quality_factor,0.33835387229919434,value_factor,0.15742629766464233
2016-11-16,600029.SH,cp,3,cn_a,SIZE_MID,0.02032358907773632,0.013941388740477123,0.02032358907773632,0.45778805017471313,0,volatility_factor,0.7926503419876099,value_factor,0.18014273047447205,quality_factor,0.021650459617376328
2016-11-16,600048.SH,cp,3,cn_a,SIZE_MID,-0.0012692757989305485,-0.000870686140331145,-0.0012692757989305485,0.45778805017471313,0,volatility_factor,0.4446158707141876,quality_factor,0.39885786175727844,value_factor,0.15308646857738495
2016-11-16,600039.SH,cp,3,cn_a,SIZE_MID,-0.014305152624965291,-0.009812917047952396,-0.014305152624965291,0.45778805017471313,0,volatility_factor,0.518125057220459,quality_factor,0.3191869854927063,value_factor,0.15880107879638672
2016-11-16,600026.SH,cp,3,cn_a,SIZE_MID,-0.044508554355303195,-0.03053156881742325,-0.044508554355303195,0.45778805017471313,0,volatility_factor,0.42396482825279236,quality_factor,0.421239972114563,value_factor,0.15148106217384338
2016-11-16,600027.SH,cp,3,cn_a,SIZE_MID,-0.06068174359127436,-0.04162590444138914,-0.06068174359127436,0.45778805017471313,0,volatility_factor,0.6030869483947754,quality_factor,0.2982376515865326,value_factor,0.09471061825752258
2016-11-16,600015.SH,cp,3,cn_a,SIZE_MID,-0.19033267771799509,-0.13056265996783623,-0.19033267771799509,0.45778805017471313,0,volatility_factor,0.6030869483947754,quality_factor,0.2982376515865326,value_factor,0.09471062570810318
2016-11-16,600010.SH,cp,3,cn_a,SIZE_MID,-0.19326376122052588,-0.13257329767475312,-0.19326376122052588,0.45778805017471313,0,volatility_factor,0.6981201767921448,quality_factor,0.1629767119884491,value_factor,0.1341613084077835
2016-11-17,600085.SH,cp,3,cn_a,SIZE_MID,0.24248039514944084,0.22778577467215655,0.24248039514944084,0.06451074033975601,0,quality_factor,0.7818540334701538,volatility_factor,0.14118844270706177,value_factor,0.07672017812728882
2016-11-17,600009.SH,cp,3,cn_a,SIZE_MID,0.08378553756329293,0.078708027378525,0.08378553756329293,0.06451074033975601,0,quality_factor,0.6864997148513794,volatility_factor,0.2782381474971771,value_factor,0.03401138633489609
2016-11-17,600066.SH,cp,3,cn_a,SIZE_MID,0.08199732837247314,0.07702818593998018,0.08199732837247314,0.06451074033975601,0,volatility_factor,0.7705351114273071,value_factor,0.17353634536266327,quality_factor,0.05067633464932442
2016-11-17,600115.SH,cp,3,cn_a,SIZE_MID,0.07288025504834086,0.06846361885982333,0.07288025504834086,0.06451074033975601,0,quality_factor,0.7259929180145264,volatility_factor,0.22147586941719055,value_factor,0.051700226962566376
2016-11-17,600021.SH,cp,3,cn_a,SIZE_MID,0.03983124767649911,0.0374174233861595,0.03983124767649911,0.06451074033975601,0,volatility_factor,0.47686201333999634,quality_factor,0.3662487268447876,value_factor,0.15333192050457
2016-11-17,600029.SH,cp,3,cn_a,SIZE_MID,0.013799326843199797,0.012963070078285455,0.013799326843199797,0.06451074033975601,0,volatility_factor,0.6824368238449097,value_factor,0.16747526824474335,quality_factor,0.14534416794776917
2016-11-17,600048.SH,cp,3,cn_a,SIZE_MID,-0.0007693830165793022,-0.0007227574268142689,-0.0007693830165793022,0.06451074033975601,0,quality_factor,0.424733430147171,volatility_factor,0.42243584990501404,value_factor,0.1495874524116516
2016-11-17,600039.SH,cp,3,cn_a,SIZE_MID,-0.009887895250637548,-0.009288676217124703,-0.009887895250637548,0.06451074033975601,0,volatility_factor,0.5004605054855347,quality_factor,0.34089043736457825,value_factor,0.15495546162128448
2016-11-17,600026.SH,cp,3,cn_a,SIZE_MID,-0.029007397724693317,-0.02724951251366292,-0.029007397724693317,0.06451074033975601,0,quality_factor,0.4335644245147705,volatility_factor,0.4142177104949951,value_factor,0.14902205765247345
2016-11-17,600027.SH,cp,3,cn_a,SIZE_MID,-0.043468932169425184,-0.04083465957023691,-0.043468932169425184,0.06451074033975601,0,volatility_factor,0.6407238841056824,quality_factor,0.2510990798473358,value_factor,0.10407838225364685
2016-11-17,600010.SH,cp,3,cn_a,SIZE_MID,-0.1354057877783001,-0.12720002474907233,-0.1354057877783001,0.06451074033975601,0,volatility_factor,0.7721418738365173,value_factor,0.1580670028924942,quality_factor,0.06463368237018585
2016-11-17,600015.SH,cp,3,cn_a,SIZE_MID,-0.13634344963826245,-0.1280808631072432,-0.13634344963826245,0.06451074033975601,0,volatility_factor,0.6407238841056824,quality_factor,0.2510990798473358,value_factor,0.10407838225364685
2016-11-18,600085.SH,cp,3,cn_a,SIZE_MID,0.24457041642158966,0.20270278418774978,0.24457041642158966,0.20654691755771637,0,quality_factor,0.8154646754264832,volatility_factor,0.09539791196584702,value_factor,0.0891011580824852
2016-11-18,600066.SH,cp,3,cn_a,SIZE_MID,0.08680682120871346,0.07194649542225307,0.08680682120871346,0.20654691755771637,0,volatility_factor,0.6986872553825378,quality_factor,0.16380919516086578,value_factor,0.13280142843723297
2016-11-18,600009.SH,cp,3,cn_a,SIZE_MID,0.08485841343591022,0.07033163256983244,0.08485841343591022,0.20654691755771637,0,quality_factor,0.7347748875617981,volatility_factor,0.21206654608249664,value_factor,0.05231727287173271
2016-11-18,600115.SH,cp,3,cn_a,SIZE_MID,0.07369404039083136,0.061078471320570316,0.07369404039083136,0.20654691755771637,0,quality_factor,0.767937958240509,volatility_factor,0.1641543060541153,value_factor,0.06742683798074722
2016-11-18,600021.SH,cp,3,cn_a,SIZE_MID,0.044556670703251505,0.036929082993083284,0.044556670703251505,0.20654691755771637,0,volatility_factor,0.5217379331588745,quality_factor,0.31594958901405334,value_factor,0.15842637419700623
2016-11-18,600029.SH,cp,3,cn_a,SIZE_MID,0.014842519430830623,0.01230165143033446,0.014842519430830623,0.20654691755771637,0,volatility_factor,0.7689950466156006,value_factor,0.1619136780500412,quality_factor,0.06381639093160629
2016-11-18,600048.SH,cp,3,cn_a,SIZE_MID,-0.0009504681719968662,-0.000787758992132126,-0.0009504681719968662,0.20654691755771637,0,volatility_factor,0.45571404695510864,quality_factor,0.38735735416412354,value_factor,0.15343903005123138
2016-11-18,600039.SH,cp,3,cn_a,SIZE_MID,-0.010709917651682716,-0.008876503373471678,-0.010709917651682716,0.20654691755771637,0,volatility_factor,0.5453775525093079,quality_factor,0.2903822958469391,value_factor,0.16021208465099335
2016-11-18,600026.SH,cp,3,cn_a,SIZE_MID,-0.03439338800079618,-0.02850563697529651,-0.03439338800079618,0.20654691755771637,0,volatility_factor,0.4357694685459137,quality_factor,0.4089283049106598,value_factor,0.15193244814872742
2016-11-18,600027.SH,cp,3,cn_a,SIZE_MID,-0.044501678729339765,-0.0368835050103371,-0.044501678729339765,0.20654691755771637,0,volatility_factor,0.5459902882575989,quality_factor,0.38097715377807617,value_factor,0.06957442313432693
2016-11-18,600015.SH,cp,3,cn_a,SIZE_MID,-0.13958273417533754,-0.11568778127730184,-0.13958273417533754,0.20654691755771637,0,volatility_factor,0.5459902882575989,quality_factor,0.38097715377807617,value_factor,0.06957442313432693
2016-11-18,600010.SH,cp,3,cn_a,SIZE_MID,-0.14148417296045537,-0.11726371569056937,-0.14148417296045537,0.20654691755771637,0,volatility_factor,0.6397674679756165,quality_factor,0.24760586023330688,value_factor,0.10840459167957306
2016-11-21,600085.SH,cp,3,cn_a,SIZE_MID,0.20504149469852553,0.18623504949755443,0.20504149469852553,0.10098233819007874,0,quality_factor,0.8266235589981079,value_factor,0.09504278749227524,volatility_factor,0.07814936339855194
2016-11-21,600066.SH,cp,3,cn_a,SIZE_MID,0.07354997729219452,0.06680395927514837,0.07354997729219452,0.10098233819007874,0,volatility_factor,0.6519981622695923,quality_factor,0.2316552698612213,value_factor,0.11206388473510742
2016-11-21,600009.SH,cp,3,cn_a,SIZE_MID,0.07140747958474433,0.06485797186815034,0.07140747958474433,0.10098233819007874,0,quality_factor,0.7528034448623657,volatility_factor,0.18510521948337555,value_factor,0.0614754855632782
2016-11-21,600115.SH,cp,3,cn_a,SIZE_MID,0.0619230971099315,0.05624349877211898,0.0619230971099315,0.10098233819007874,0,quality_factor,0.7830734252929688,volatility_factor,0.14144004881381989,value_factor,0.0751974880695343
2016-11-21,600021.SH,cp,3,cn_a,SIZE_MID,0.03833916204575714,0.03482268675315936,0.03833916204575714,0.10098233819007874,0,volatility_factor,0.5425760746002197,quality_factor,0.29407021403312683,value_factor,0.15936458110809326
2016-11-21,600029.SH,cp,3,cn_a,SIZE_MID,0.012560463921122601,0.011408415762389268,0.012560463921122601,0.10098233819007874,0,volatility_factor,0.7220187187194824,value_factor,0.14098995923995972,quality_factor,0.13214008510112762
2016-11-21,600048.SH,cp,3,cn_a,SIZE_MID,-0.0008196347698508963,-0.0007444577116331175,-0.0008196347698508963,0.10098233819007874,0,volatility_factor,0.46591201424598694,quality_factor,0.37682753801345825,value_factor,0.1537264883518219
2016-11-21,600039.SH,cp,3,cn_a,SIZE_MID,-0.009244425777612768,-0.008396525273099087,-0.009244425777612768,0.10098233819007874,0,volatility_factor,0.5730250477790833,quality_factor,0.2612011432647705,value_factor,0.1616039127111435
2016-11-21,600026.SH,cp,3,cn_a,SIZE_MID,-0.030386852146159816,-0.027599764242040692,-0.030386852146159816,0.10098233819007874,0,volatility_factor,0.4470006823539734,quality_factor,0.39724183082580566,value_factor,0.15233568847179413
2016-11-21,600027.SH,cp,3,cn_a,SIZE_MID,-0.03780516276086718,-0.03433766598504917,-0.03780516276086718,0.10098233819007874,0,volatility_factor,0.500516951084137,quality_factor,0.4469446539878845,value_factor,0.04948575422167778
2016-11-21,600015.SH,cp,3,cn_a,SIZE_MID,-0.11857862745696891,-0.1077025730146488,-0.11857862745696891,0.10098233819007874,0,volatility_factor,0.5005170106887817,quality_factor,0.44694462418556213,value_factor,0.04948575794696808
2016-11-21,600010.SH,cp,3,cn_a,SIZE_MID,-0.11999960002120585,-0.10899321370288817,-0.11999960002120585,0.10098233819007874,0,volatility_factor,0.5934516191482544,quality_factor,0.31486326456069946,value_factor,0.08787783235311508
2016-11-22,600085.SH,cp,3,cn_a,SIZE_MID,0.22236478783221095,0.2021142313906239,0.22236478783221095,0.10019364207983017,0,quality_factor,0.8141882419586182,volatility_factor,0.09814358502626419,value_factor,0.08766375482082367
2016-11-22,600066.SH,cp,3,cn_a,SIZE_MID,0.07902696644032753,0.071830053386293,0.07902696644032753,0.10019364207983017,0,volatility_factor,0.7014366984367371,quality_factor,0.15835508704185486,value_factor,0.13544194400310516
2016-11-22,600009.SH,cp,3,cn_a,SIZE_MID,0.0770490310971997,0.07003224679328923,0.0770490310971997,0.10019364207983017,0,quality_factor,0.7317587733268738,volatility_factor,0.21742376685142517,value_factor,0.049911126494407654
2016-11-22,600115.SH,cp,3,cn_a,SIZE_MID,0.06694761475339321,0.060850757133039224,0.06694761475339321,0.10019364207983017,0,quality_factor,0.7656753659248352,volatility_factor,0.16834446787834167,value_factor,0.06544490903615952
2016-11-22,600021.SH,cp,3,cn_a,SIZE_MID,0.04052947818275142,0.0368384959301693,0.04052947818275142,0.10019364207983017,0,volatility_factor,0.5198571681976318,quality_factor,0.3173503577709198,value_factor,0.15889650583267212
2016-11-22,600029.SH,cp,3,cn_a,SIZE_MID,0.013550616901822682,0.012316574699980265,0.013550616901822682,0.10019364207983017,0,volatility_factor,0.7674996256828308,value_factor,0.16286207735538483,quality_factor,0.06433206796646118
2016-11-22,600048.SH,cp,3,cn_a,SIZE_MID,-0.0008742723138582685,-0.0007946531393940859,-0.0008742723138582685,0.10019364207983017,0,volatility_factor,0.45667460560798645,quality_factor,0.38582026958465576,value_factor,0.15399305522441864
2016-11-22,600039.SH,cp,3,cn_a,SIZE_MID,-0.009683363607157339,-0.008801508601322894,-0.009683363607157339,0.10019364207983017,0,volatility_factor,0.5403820872306824,quality_factor,0.29510772228240967,value_factor,0.16048939526081085
2016-11-22,600026.SH,cp,3,cn_a,SIZE_MID,-0.03106387625860923,-0.028234917655936442,-0.03106387625860923,0.10019364207983017,0,volatility_factor,0.4339853823184967,quality_factor,0.41040825843811035,value_factor,0.15223219990730286
2016-11-22,600027.SH,cp,3,cn_a,SIZE_MID,-0.040264686817183606,-0.03659781887040481,-0.040264686817183606,0.10019364207983017,0,volatility_factor,0.5566909313201904,quality_factor,0.36436259746551514,value_factor,0.07536352425813675
2016-11-22,600015.SH,cp,3,cn_a,SIZE_MID,-0.1262931026006968,-0.11479170605616673,-0.1262931026006968,0.10019364207983017,0,volatility_factor,0.5566908717155457,quality_factor,0.36436256766319275,value_factor,0.07536352425813675
2016-11-22,600010.SH,cp,3,cn_a,SIZE_MID,-0.1284985039327546,-0.11679626351997285,-0.1284985039327546,0.10019364207983017,0,volatility_factor,0.64579176902771,quality_factor,0.2375509887933731,value_factor,0.1123458594083786
2016-11-23,600085.SH,cp,3,cn_a,SIZE_MID,0.21521975172240157,0.20113293121357856,0.21521975172240157,0.0700373649597168,0,quality_factor,0.8240473866462708,volatility_factor,0.08818529546260834,value_factor,0.08773180097341537
2016-11-23,600066.SH,cp,3,cn_a,SIZE_MID,0.0784897217614397,0.0733523186495404,0.0784897217614397,0.0700373649597168,0,volatility_factor,0.6445856690406799,quality_factor,0.23127491772174835,value_factor,0.11962176114320755
2016-11-23,600009.SH,cp,3,cn_a,SIZE_MID,0.07433414458906423,0.06946873728270475,0.07433414458906423,0.0700373649597168,0,quality_factor,0.7415806651115417,volatility_factor,0.20856314897537231,value_factor,0.04888469725847244
2016-11-23,600115.SH,cp,3,cn_a,SIZE_MID,0.06466988576466867,0.06043703508157705,0.06466988576466867,0.0700373649597168,0,quality_factor,0.7756242752075195,volatility_factor,0.1588691622018814,value_factor,0.06492142379283905
2016-11-23,600021.SH,cp,3,cn_a,SIZE_MID,0.0410387305244833,0.038352614467839885,0.0410387305244833,0.0700373649597168,0,volatility_factor,0.5393747687339783,quality_factor,0.2925375699996948,value_factor,0.1639501005411148
2016-11-23,600029.SH,cp,3,cn_a,SIZE_MID,0.013684887256490159,0.012789167653977529,0.013684887256490159,0.0700373649597168,0,volatility_factor,0.6836787462234497,quality_factor,0.17542165517807007,value_factor,0.13605660200119019
2016-11-23,600048.SH,cp,3,cn_a,SIZE_MID,-0.0009522064728060145,-0.0008898815162794449,-0.0009522064728060145,0.0700373649597168,0,volatility_factor,0.48198238015174866,quality_factor,0.35539910197257996,value_factor,0.15885213017463684
2016-11-23,600039.SH,cp,3,cn_a,SIZE_MID,-0.009469759061193577,-0.00884993306897286,-0.009469759061193577,0.0700373649597168,0,volatility_factor,0.5463511943817139,quality_factor,0.2848963737487793,value_factor,0.16456979513168335
2016-11-23,600026.SH,cp,3,cn_a,SIZE_MID,-0.03136321692451032,-0.02931039415216219,-0.03136321692451032,0.0700373649597168,0,volatility_factor,0.4388323426246643,quality_factor,0.4026610553264618,value_factor,0.15501922369003296
2016-11-23,600027.SH,cp,3,cn_a,SIZE_MID,-0.038522157905144454,-0.036000759568423746,-0.038522157905144454,0.0700373649597168,0,volatility_factor,0.554287850856781,quality_factor,0.36028584837913513,value_factor,0.08166026324033737
2016-11-23,600015.SH,cp,3,cn_a,SIZE_MID,-0.12082753430764179,-0.11291898606941686,-0.12082753430764179,0.0700373649597168,0,volatility_factor,0.554287850856781,quality_factor,0.36028581857681274,value_factor,0.08166025578975677
2016-11-23,600010.SH,cp,3,cn_a,SIZE_MID,-0.1258202865928778,-0.11758494676269038,-0.1258202865928778,0.0700373649597168,0,volatility_factor,0.6106499433517456,quality_factor,0.27975985407829285,value_factor,0.10535506159067154
2016-11-24,600085.SH,cp,3,cn_a,SIZE_MID,0.20956109177918147,0.18588152809388703,0.20956109177918147,0.12739068269729614,0,quality_factor,0.8163509368896484,volatility_factor,0.10753550380468369,value_factor,0.07572896778583527
2016-11-24,600066.SH,cp,3,cn_a,SIZE_MID,0.07780561611063809,0.06901389324775664,0.07780561611063809,0.12739068269729614,0,volatility_factor,0.6495248675346375,quality_factor,0.21006782352924347,value_factor,0.1354660987854004
2016-11-24,600009.SH,cp,3,cn_a,SIZE_MID,0.0715105444120341,0.06343013942750986,0.0715105444120341,0.12739068269729614,0,quality_factor,0.7192954421043396,volatility_factor,0.25147131085395813,value_factor,0.027674028649926186
2016-11-24,600115.SH,cp,3,cn_a,SIZE_MID,0.06250955096917109,0.0554462221778067,0.06250955096917109,0.12739068269729614,0,quality_factor,0.7600454092025757,volatility_factor,0.19103792309761047,value_factor,0.047850534319877625
2016-11-24,600021.SH,cp,3,cn_a,SIZE_MID,0.04064690584507597,0.036053968351779986,0.04064690584507597,0.12739068269729614,0,volatility_factor,0.5286604166030884,quality_factor,0.29791203141212463,value_factor,0.16914577782154083
2016-11-24,600029.SH,cp,3,cn_a,SIZE_MID,0.013921359006953418,0.012348301220356461,0.013921359006953418,0.12739068269729614,0,volatility_factor,0.6513339877128601,quality_factor,0.20746548473834991,value_factor,0.13624371588230133
2016-11-24,600048.SH,cp,3,cn_a,SIZE_MID,-0.0010361072878288362,-0.0009190313158597974,-0.0010361072878288362,0.12739068269729614,0,volatility_factor,0.501330554485321,quality_factor,0.3284166753292084,value_factor,0.1661667823791504
2016-11-24,600039.SH,cp,3,cn_a,SIZE_MID,-0.0088381778461384,-0.007839499163026176,-0.0088381778461384,0.12739068269729614,0,volatility_factor,0.5109755992889404,quality_factor,0.31765124201774597,value_factor,0.16721810400485992
2016-11-24,600026.SH,cp,3,cn_a,SIZE_MID,-0.029357420635002893,-0.026040149734853912,-0.029357420635002893,0.12739068269729614,0,volatility_factor,0.4260478913784027,quality_factor,0.41244494915008545,value_factor,0.157960906624794
2016-11-24,600027.SH,cp,3,cn_a,SIZE_MID,-0.03587835241832777,-0.03182424235524195,-0.03587835241832777,0.12739068269729614,0,volatility_factor,0.6449699401855469,quality_factor,0.21661967039108276,value_factor,0.13350825011730194
2016-11-24,600015.SH,cp,3,cn_a,SIZE_MID,-0.11253504754328758,-0.09981903808511561,-0.11253504754328758,0.12739068269729614,0,volatility_factor,0.6449699401855469,quality_factor,0.21661967039108276,value_factor,0.13350826501846313
2016-11-24,600010.SH,cp,3,cn_a,SIZE_MID,-0.12188784764404086,-0.10811500925001383,-0.12188784764404086,0.12739068269729614,0,volatility_factor,0.64787757396698,quality_factor,0.212437242269516,value_factor,0.13475804030895233
2016-11-25,600085.SH,cp,3,cn_a,SIZE_MID,0.18878610688403216,0.179794973616481,0.18878610688403216,0.050007663667201996,0,quality_factor,0.8176381587982178,volatility_factor,0.1087949201464653,value_factor,0.07309567183256149
2016-11-25,600066.SH,cp,3,cn_a,SIZE_MID,0.07087284678637001,0.06749745427987364,0.07087284678637001,0.050007663667201996,0,volatility_factor,0.634743869304657,quality_factor,0.22604615986347198,value_factor,0.13425281643867493
2016-11-25,600009.SH,cp,3,cn_a,SIZE_MID,0.06419238413985279,0.06113515556467064,0.06419238413985279,0.050007663667201996,0,quality_factor,0.7172496318817139,volatility_factor,0.25859078764915466,value_factor,0.02244376204907894
2016-11-25,600115.SH,cp,3,cn_a,SIZE_MID,0.05619147260963636,0.05351529570725688,0.05619147260963636,0.050007663667201996,0,quality_factor,0.7596019506454468,volatility_factor,0.19539432227611542,value_factor,0.04381299018859863
2016-11-25,600021.SH,cp,3,cn_a,SIZE_MID,0.03721553531171632,0.035443107016362774,0.03721553531171632,0.050007663667201996,0,volatility_factor,0.5322105288505554,quality_factor,0.29148149490356445,value_factor,0.17191781103610992
2016-11-25,600029.SH,cp,3,cn_a,SIZE_MID,0.012802598567000759,0.012192861591188375,0.012802598567000759,0.050007663667201996,0,volatility_factor,0.6231116652488708,quality_factor,0.2428206205368042,value_factor,0.12921160459518433
2016-11-25,600048.SH,cp,3,cn_a,SIZE_MID,-0.0009816390878204042,-0.0009348875126917733,-0.0009816390878204042,0.050007663667201996,0,volatility_factor,0.5162679553031921,quality_factor,0.30940374732017517,value_factor,0.17005671560764313
2016-11-25,600039.SH,cp,3,cn_a,SIZE_MID,-0.007913385466206478,-0.0075365023125755215,-0.007913385466206478,0.050007663667201996,0,volatility_factor,0.5056344270706177,quality_factor,0.32135772705078125,value_factor,0.16881535947322845
2016-11-25,600026.SH,cp,3,cn_a,SIZE_MID,-0.026553172800331423,-0.02528855052878498,-0.026553172800331423,0.050007663667201996,0,volatility_factor,0.42473503947257996,quality_factor,0.41230279207229614,value_factor,0.15937133133411407
2016-11-25,600027.SH,cp,3,cn_a,SIZE_MID,-0.03189198272488522,-0.03037309411820388,-0.03189198272488522,0.050007663667201996,0,volatility_factor,0.6650174856185913,quality_factor,0.18238960206508636,value_factor,0.14737287163734436
2016-11-25,600015.SH,cp,3,cn_a,SIZE_MID,-0.10003151064614796,-0.09526740666615297,-0.10003151064614796,0.050007663667201996,0,volatility_factor,0.6650174856185913,quality_factor,0.18238960206508636,value_factor,0.14737287163734436
2016-11-25,600010.SH,cp,3,cn_a,SIZE_MID,-0.11005719256518963,-0.10481560513198929,-0.11005719256518963,0.050007663667201996,0,volatility_factor,0.6455260515213013,quality_factor,0.21049752831459045,value_factor,0.13892562687397003
2016-11-28,600085.SH,cp,3,cn_a,SIZE_MID,0.1921269132714817,0.17306509620721044,0.1921269132714817,0.11014249175786972,0,quality_factor,0.8136488199234009,volatility_factor,0.10584177821874619,value_factor,0.08027598261833191
2016-11-28,600066.SH,cp,3,cn_a,SIZE_MID,0.06985217459637491,0.06292181095795968,0.06985217459637491,0.11014249175786972,0,volatility_factor,0.6789880990982056,quality_factor,0.17766551673412323,value_factor,0.1384219080209732
2016-11-28,600009.SH,cp,3,cn_a,SIZE_MID,0.06598071022054457,0.05943445281923232,0.06598071022054457,0.11014249175786972,0,quality_factor,0.7222716212272644,volatility_factor,0.23987159132957458,value_factor,0.03656536340713501
2016-11-28,600115.SH,cp,3,cn_a,SIZE_MID,0.05753110909251181,0.05182317646426782,0.05753110909251181,0.11014249175786972,0,quality_factor,0.7603164911270142,volatility_factor,0.18406826257705688,value_factor,0.054764289408922195
2016-11-28,600021.SH,cp,3,cn_a,SIZE_MID,0.03611893822575531,0.0325354080409852,0.03611893822575531,0.11014249175786972,0,volatility_factor,0.5218042731285095,quality_factor,0.3098784387111664,value_factor,0.16422945261001587
2016-11-28,600029.SH,cp,3,cn_a,SIZE_MID,0.012271763866737267,0.011054224304473337,0.012271763866737267,0.11014249175786972,0,volatility_factor,0.707683801651001,value_factor,0.15056920051574707,quality_factor,0.13658134639263153
2016-11-28,600048.SH,cp,3,cn_a,SIZE_MID,-0.000859150433047364,-0.0007739100671528831,-0.000859150433047364,0.11014249175786972,0,volatility_factor,0.47739773988723755,quality_factor,0.3588005006313324,value_factor,0.16001065075397491
2016-11-28,600039.SH,cp,3,cn_a,SIZE_MID,-0.008185658271842885,-0.007373520514192933,-0.008185658271842885,0.11014249175786972,0,volatility_factor,0.5205389261245728,quality_factor,0.3112724721431732,value_factor,0.1641092449426651
2016-11-28,600026.SH,cp,3,cn_a,SIZE_MID,-0.026670202824815758,-0.024024126235872245,-0.026670202824815758,0.11014249175786972,0,volatility_factor,0.4281674325466156,quality_factor,0.4130367934703827,value_factor,0.1553335338830948
2016-11-28,600027.SH,cp,3,cn_a,SIZE_MID,-0.03368047900854387,-0.03033887986157424,-0.03368047900854387,0.11014249175786972,0,volatility_factor,0.6110424399375916,quality_factor,0.274944543838501,value_factor,0.1096595823764801
2016-11-28,600015.SH,cp,3,cn_a,SIZE_MID,-0.10564125889001037,-0.09516009143089832,-0.10564125889001037,0.11014249175786972,0,volatility_factor,0.6110424399375916,quality_factor,0.274944543838501,value_factor,0.1096595749258995
2016-11-28,600010.SH,cp,3,cn_a,SIZE_MID,-0.11123397104223497,-0.10019792423736362,-0.11123397104223497,0.11014249175786972,0,volatility_factor,0.6537289023399353,quality_factor,0.21382956206798553,value_factor,0.1277293562889099
2016-11-29,600085.SH,cp,3,cn_a,SIZE_MID,0.17596998032577543,0.16614909767849895,0.17596998032577543,0.05910889431834221,0,quality_factor,0.8145995736122131,volatility_factor,0.10831572860479355,value_factor,0.07673756033182144
2016-11-29,600066.SH,cp,3,cn_a,SIZE_MID,0.06484750009856635,0.061228361838402634,0.06484750009856635,0.05910889431834221,0,volatility_factor,0.6622019410133362,quality_factor,0.1949450522661209,value_factor,0.13788707554340363
2016-11-29,600009.SH,cp,3,cn_a,SIZE_MID,0.06015531010226122,0.05679804291366963,0.06015531010226122,0.05910889431834221,0,quality_factor,0.7188040614128113,volatility_factor,0.24988523125648499,value_factor,0.029820119962096214
2016-11-29,600115.SH,cp,3,cn_a,SIZE_MID,0.05254655875926386,0.04961393589860563,0.05254655875926386,0.05910889431834221,0,quality_factor,0.7589337825775146,volatility_factor,0.1905803382396698,value_factor,0.04947430267930031
2016-11-29,600021.SH,cp,3,cn_a,SIZE_MID,0.03373060329429837,0.03184809869912897,0.03373060329429837,0.05910889431834221,0,volatility_factor,0.52495276927948,quality_factor,0.303433358669281,value_factor,0.16740497946739197
2016-11-29,600029.SH,cp,3,cn_a,SIZE_MID,0.01153719791674021,0.010893307029164134,0.01153719791674021,0.05910889431834221,0,volatility_factor,0.6722099781036377,quality_factor,0.18057046830654144,value_factor,0.14216825366020203
2016-11-29,600048.SH,cp,3,cn_a,SIZE_MID,-0.0008417555226860022,-0.0007947771563152628,-0.0008417555226860022,0.05910889431834221,0,volatility_factor,0.49207398295402527,quality_factor,0.3399806618690491,value_factor,0.16396716237068176
2016-11-29,600039.SH,cp,3,cn_a,SIZE_MID,-0.00742925117734397,-0.007014624751661813,-0.00742925117734397,0.05910889431834221,0,volatility_factor,0.5125647783279419,quality_factor,0.3172035217285156,value_factor,0.16610969603061676
2016-11-29,600026.SH,cp,3,cn_a,SIZE_MID,-0.02448157087430808,-0.02311525467575848,-0.02448157087430808,0.05910889431834221,0,volatility_factor,0.42604121565818787,quality_factor,0.41338101029396057,value_factor,0.15706275403499603
2016-11-29,600027.SH,cp,3,cn_a,SIZE_MID,-0.030328815157984114,-0.02863616432091476,-0.030328815157984114,0.05910889431834221,0,volatility_factor,0.63748699426651,quality_factor,0.2304430454969406,value_factor,0.1273147165775299
2016-11-29,600015.SH,cp,3,cn_a,SIZE_MID,-0.09512852251195299,-0.08981940072726502,-0.09512852251195299,0.05910889431834221,0,volatility_factor,0.6374870538711548,quality_factor,0.2304430454969406,value_factor,0.1273147165775299
2016-11-29,600010.SH,cp,3,cn_a,SIZE_MID,-0.10211124719080457,-0.0964124196193552,-0.10211124719080457,0.05910889431834221,0,volatility_factor,0.6531850695610046,quality_factor,0.2078959345817566,value_factor,0.13402990996837616
2016-11-30,600085.SH,cp,3,cn_a,SIZE_MID,0.17258739850692204,0.16379912292495646,0.17258739850692204,0.053652722388505936,0,quality_factor,0.8222907185554504,volatility_factor,0.10125675797462463,value_factor,0.07605818659067154
2016-11-30,600066.SH,cp,3,cn_a,SIZE_MID,0.0649637446561863,0.061655743632854865,0.0649637446561863,0.053652722388505936,0,volatility_factor,0.6188487410545349,quality_factor,0.2499552220106125,value_factor,0.12640352547168732
2016-11-30,600009.SH,cp,3,cn_a,SIZE_MID,0.0588014010183779,0.05580719100521492,0.0588014010183779,0.053652722388505936,0,quality_factor,0.725724995136261,volatility_factor,0.24518030881881714,value_factor,0.02750866301357746
2016-11-30,600115.SH,cp,3,cn_a,SIZE_MID,0.051431918060243054,0.04881296746748376,0.051431918060243054,0.053652722388505936,0,quality_factor,0.7663319706916809,volatility_factor,0.1846587210893631,value_factor,0.04792431369423866
2016-11-30,600021.SH,cp,3,cn_a,SIZE_MID,0.034287601027937355,0.03254165150042354,0.034287601027937355,0.053652722388505936,0,volatility_factor,0.540496289730072,quality_factor,0.2826475501060486,value_factor,0.17242051661014557
2016-11-30,600029.SH,cp,3,cn_a,SIZE_MID,0.011713261217865142,0.011116813456112595,0.011713261217865142,0.053652722388505936,0,volatility_factor,0.6099293231964111,quality_factor,0.26281148195266724,value_factor,0.12254399061203003
2016-11-30,600048.SH,cp,3,cn_a,SIZE_MID,-0.0008995178317593327,-0.0008537137309687637,-0.0008995178317593327,0.053652722388505936,0,volatility_factor,0.5212335586547852,quality_factor,0.3042730689048767,value_factor,0.17020009458065033
2016-11-30,600039.SH,cp,3,cn_a,SIZE_MID,-0.007330620247685791,-0.006957339744701585,-0.007330620247685791,0.053652722388505936,0,volatility_factor,0.5141870975494385,quality_factor,0.31218376755714417,value_factor,0.1693878322839737
2016-11-30,600026.SH,cp,3,cn_a,SIZE_MID,-0.024791654687343317,-0.023529245638883367,-0.024791654687343317,0.053652722388505936,0,volatility_factor,0.4287744164466858,quality_factor,0.4080728590488434,value_factor,0.1595422774553299
2016-11-30,600027.SH,cp,3,cn_a,SIZE_MID,-0.029375080618085785,-0.027879280194952116,-0.029375080618085785,0.053652722388505936,0,volatility_factor,0.64191073179245,quality_factor,0.21671423316001892,value_factor,0.13638269901275635
2016-11-30,600015.SH,cp,3,cn_a,SIZE_MID,-0.09213706521571037,-0.08744537898928684,-0.09213706521571037,0.053652722388505936,0,volatility_factor,0.64191073179245,quality_factor,0.21671424806118011,value_factor,0.13638271391391754
2016-11-30,600010.SH,cp,3,cn_a,SIZE_MID,-0.10105567803642622,-0.09590984957276305,-0.10105567803642622,0.053652722388505936,0,volatility_factor,0.6270874738693237,quality_factor,0.23808015882968903,value_factor,0.12996850907802582
2016-12-01,600085.SH,cp,3,cn_a,SIZE_MID,0.15851464647412045,0.12829179251230016,0.15851464647412045,0.23557907342910767,0,quality_factor,0.864878237247467,value_factor,0.08734603971242905,volatility_factor,0.04759054630994797
2016-12-01,600066.SH,cp,3,cn_a,SIZE_MID,0.06403855627251583,0.05182878274558789,0.06403855627251583,0.23557907342910767,0,quality_factor,0.499144583940506,volatility_factor,0.43513116240501404,value_factor,0.06210142746567726
2016-12-01,600009.SH,cp,3,cn_a,SIZE_MID,0.05397429895462155,0.04368340539190285,0.05397429895462155,0.23557907342910767,0,quality_factor,0.7827379107475281,volatility_factor,0.1727031022310257,value_factor,0.04327337071299553
2016-12-01,600115.SH,cp,3,cn_a,SIZE_MID,0.04722099590036767,0.03821770633203414,0.04722099590036767,0.23557907342910767,0,quality_factor,0.81715327501297,volatility_factor,0.12028331309556961,value_factor,0.0617389939725399
2016-12-01,600021.SH,cp,3,cn_a,SIZE_MID,0.03583789538464511,0.0290049401808119,0.03583789538464511,0.23557907342910767,0,volatility_factor,0.677605390548706,value_factor,0.20049172639846802,quality_factor,0.11602851748466492
2016-12-01,600029.SH,cp,3,cn_a,SIZE_MID,0.01186053367554373,0.009599170545016023,0.01186053367554373,0.23557907342910767,0,quality_factor,0.5571407675743103,volatility_factor,0.3952411711215973,value_factor,0.04435430467128754
2016-12-01,600048.SH,cp,3,cn_a,SIZE_MID,-0.0010327586900644038,-0.0008358499768199579,-0.0010327586900644038,0.23557907342910767,0,volatility_factor,0.7510165572166443,value_factor,0.21093885600566864,quality_factor,0.03155908361077309
2016-12-01,600039.SH,cp,3,cn_a,SIZE_MID,-0.0072586572073887025,-0.005874700950869283,-0.0072586572073887025,0.23557907342910767,0,volatility_factor,0.5743804574012756,quality_factor,0.23480267822742462,value_factor,0.18580181896686554
2016-12-01,600027.SH,cp,3,cn_a,SIZE_MID,-0.026918960762376626,-0.021786515035614684,-0.026918960762376626,0.23557907342910767,0,volatility_factor,0.548842191696167,quality_factor,0.33381956815719604,value_factor,0.11269168555736542
2016-12-01,600026.SH,cp,3,cn_a,SIZE_MID,-0.027046505233691193,-0.021889741514769412,-0.027046505233691193,0.23557907342910767,0,volatility_factor,0.4636094868183136,quality_factor,0.36225956678390503,value_factor,0.17003804445266724
2016-12-01,600015.SH,cp,3,cn_a,SIZE_MID,-0.08443326764891852,-0.06833498036485253,-0.08443326764891852,0.23557907342910767,0,volatility_factor,0.548842191696167,quality_factor,0.33381959795951843,value_factor,0.11269169300794601
2016-12-01,600010.SH,cp,3,cn_a,SIZE_MID,-0.09711275772086939,-0.07859696274726957,-0.09711275772086939,0.23557907342910767,0,volatility_factor,0.4739110469818115,quality_factor,0.4427623152732849,value_factor,0.07935468852519989
2016-12-02,600085.SH,cp,3,cn_a,SIZE_MID,0.13336182734220767,0.12099725949292406,0.13336182734220767,0.10218880325555801,0,quality_factor,0.8894926905632019,value_factor,0.09975221753120422,volatility_factor,0.010635546408593655
2016-12-02,600066.SH,cp,3,cn_a,SIZE_MID,0.05750275422407593,0.052171418261650615,0.05750275422407593,0.10218880325555801,0,quality_factor,0.7342075705528259,volatility_factor,0.26147186756134033,momentum_factor,0.002414765302091837
2016-12-02,600009.SH,cp,3,cn_a,SIZE_MID,0.0455465698395503,0.04132374488051482,0.0455465698395503,0.10218880325555801,0,quality_factor,0.8437246084213257,volatility_factor,0.09088055044412613,value_factor,0.06456923484802246
2016-12-02,600115.SH,cp,3,cn_a,SIZE_MID,0.0398004619339699,0.036110384182165944,0.0398004619339699,0.10218880325555801,0,quality_factor,0.8708617091178894,value_factor,0.08009657263755798,volatility_factor,0.048609789460897446
2016-12-02,600021.SH,cp,3,cn_a,SIZE_MID,0.033885913426669995,0.030744199759055846,0.033885913426669995,0.10218880325555801,0,volatility_factor,0.5773909687995911,quality_factor,0.27529579401016235,value_factor,0.14194954931735992
2016-12-02,600029.SH,cp,3,cn_a,SIZE_MID,0.01084538538773559,0.009839861497198399,0.01084538538773559,0.10218880325555801,0,quality_factor,0.774132490158081,volatility_factor,0.19928215444087982,value_factor,0.024750011041760445
2016-12-02,600048.SH,cp,3,cn_a,SIZE_MID,-0.0010318697665809887,-0.000936200533526943,-0.0010318697665809887,0.10218880325555801,0,quality_factor,0.4744066596031189,volatility_factor,0.44158661365509033,value_factor,0.07991074025630951
2016-12-02,600039.SH,cp,3,cn_a,SIZE_MID,-0.00664745096049652,-0.006031136231882783,-0.00664745096049652,0.10218880325555801,0,volatility_factor,0.7345675826072693,value_factor,0.22253765165805817,quality_factor,0.036062002182006836
2016-12-02,600027.SH,cp,3,cn_a,SIZE_MID,-0.022904236933542346,-0.020780683310704262,-0.022904236933542346,0.10218880325555801,0,quality_factor,0.5000988245010376,volatility_factor,0.42406320571899414,value_factor,0.07190560549497604
2016-12-02,600026.SH,cp,3,cn_a,SIZE_MID,-0.026783623114062394,-0.024300394353304,-0.026783623114062394,0.10218880325555801,0,volatility_factor,0.540564775466919,quality_factor,0.26476848125457764,value_factor,0.18963302671909332
2016-12-02,600015.SH,cp,3,cn_a,SIZE_MID,-0.07184079590190832,-0.0651801163583059,-0.07184079590190832,0.10218880325555801,0,quality_factor,0.5000988245010376,volatility_factor,0.42406320571899414,value_factor,0.07190561294555664
2016-12-02,600010.SH,cp,3,cn_a,SIZE_MID,-0.08564423266478369,-0.07770377513816129,-0.08564423266478369,0.10218880325555801,0,quality_factor,0.6590101718902588,volatility_factor,0.31567707657814026,value_factor,0.022392142564058304
2016-12-05,600085.SH,cp,3,cn_a,SIZE_MID,0.22043883954596907,0.17082618588028708,0.22043883954596907,0.2904277443885803,0,quality_factor,0.8607392311096191,value_factor,0.07762058824300766,volatility_factor,0.061165060847997665
2016-12-05,600066.SH,cp,3,cn_a,SIZE_MID,0.09047300281925967,0.07011086625470853,0.09047300281925967,0.2904277443885803,0,quality_factor,0.4864279627799988,volatility_factor,0.4364999532699585,value_factor,0.07314693182706833
2016-12-05,600009.SH,cp,3,cn_a,SIZE_MID,0.0742870485109629,0.05756777337228414,0.0742870485109629,0.2904277443885803,0,quality_factor,0.7675333023071289,volatility_factor,0.20536331832408905,value_factor,0.02530761994421482
2016-12-05,600115.SH,cp,3,cn_a,SIZE_MID,0.06525919035269175,0.05057175316539997,0.06525919035269175,0.2904277443885803,0,quality_factor,0.8071608543395996,volatility_factor,0.14405576884746552,value_factor,0.04754908010363579
2016-12-05,600021.SH,cp,3,cn_a,SIZE_MID,0.050640316537624706,0.03924304874635709,0.050640316537624706,0.2904277443885803,0,volatility_factor,0.6619402766227722,value_factor,0.20661087334156036,quality_factor,0.1254148930311203
2016-12-05,600029.SH,cp,3,cn_a,SIZE_MID,0.017071700390719792,0.013229490185324266,0.017071700390719792,0.2904277443885803,0,quality_factor,0.576714038848877,volatility_factor,0.3747659921646118,value_factor,0.04516499862074852
2016-12-05,600048.SH,cp,3,cn_a,SIZE_MID,-0.0015420020784929274,-0.0011949542749860598,-0.0015420020784929274,0.2904277443885803,0,volatility_factor,0.7186899781227112,value_factor,0.2010541707277298,quality_factor,0.07372445613145828
2016-12-05,600039.SH,cp,3,cn_a,SIZE_MID,-0.00977818471486711,-0.007577475925359067,-0.00977818471486711,0.2904277443885803,0,volatility_factor,0.5375938415527344,quality_factor,0.2709447145462036,value_factor,0.18654502928256989
2016-12-05,600027.SH,cp,3,cn_a,SIZE_MID,-0.03598543678319401,-0.027886441997111433,-0.03598543678319401,0.2904277443885803,0,volatility_factor,0.6256242394447327,quality_factor,0.2098332792520523,value_factor,0.15887059271335602
2016-12-05,600026.SH,cp,3,cn_a,SIZE_MID,-0.03675406587903202,-0.028482081028187167,-0.03675406587903202,0.2904277443885803,0,volatility_factor,0.4499775767326355,quality_factor,0.37348708510398865,value_factor,0.1724063903093338
2016-12-05,600015.SH,cp,3,cn_a,SIZE_MID,-0.11287092525767108,-0.08746784231971105,-0.11287092525767108,0.2904277443885803,0,volatility_factor,0.6256242394447327,quality_factor,0.2098332643508911,value_factor,0.15887059271335602
2016-12-05,600010.SH,cp,3,cn_a,SIZE_MID,-0.13468680448075027,-0.10437377163316341,-0.13468680448075027,0.2904277443885803,0,volatility_factor,0.49873122572898865,quality_factor,0.3954145908355713,value_factor,0.10135425627231598
2016-12-06,600085.SH,cp,3,cn_a,SIZE_MID,0.1898575736839728,0.17660495167228873,0.1898575736839728,0.07504110783338547,0,quality_factor,0.8673270344734192,value_factor,0.0881546214222908,volatility_factor,0.04435021057724953
2016-12-06,600066.SH,cp,3,cn_a,SIZE_MID,0.07697778591676345,0.07160450804190077,0.07697778591676345,0.07504110783338547,0,quality_factor,0.5126797556877136,volatility_factor,0.42530590295791626,value_factor,0.05845971405506134
2016-12-06,600009.SH,cp,3,cn_a,SIZE_MID,0.06465695778484176,0.06014371027345078,0.06465695778484176,0.07504110783338547,0,quality_factor,0.7861651182174683,volatility_factor,0.16810619831085205,value_factor,0.04446890577673912
2016-12-06,600115.SH,cp,3,cn_a,SIZE_MID,0.05656344516199401,0.05261514884773533,0.05656344516199401,0.07504110783338547,0,quality_factor,0.8201544284820557,volatility_factor,0.11627920717000961,value_factor,0.0627637729048729
2016-12-06,600021.SH,cp,3,cn_a,SIZE_MID,0.043209308118673184,0.040193170196062056,0.043209308118673184,0.07504110783338547,0,volatility_factor,0.690604031085968,value_factor,0.20296253263950348,quality_factor,0.10042930394411087
2016-12-06,600029.SH,cp,3,cn_a,SIZE_MID,0.014271940980578903,0.01327571715069098,0.014271940980578903,0.07504110783338547,0,quality_factor,0.572034478187561,volatility_factor,0.38449862599372864,value_factor,0.040280379354953766
2016-12-06,600048.SH,cp,3,cn_a,SIZE_MID,-0.0012494185920880712,-0.0011622054669331305,-0.0012494185920880712,0.07504110783338547,0,volatility_factor,0.7762196660041809,value_factor,0.21526041626930237,momentum_factor,0.006720824632793665
2016-12-06,600039.SH,cp,3,cn_a,SIZE_MID,-0.00873515152568705,-0.008125412029187373,-0.00873515152568705,0.07504110783338547,0,volatility_factor,0.5798100829124451,quality_factor,0.22806523740291595,value_factor,0.1870480328798294
2016-12-06,600027.SH,cp,3,cn_a,SIZE_MID,-0.03226109459083098,-0.030009174459337373,-0.03226109459083098,0.07504110783338547,0,volatility_factor,0.5420947670936584,quality_factor,0.3428089916706085,value_factor,0.11048819869756699
2016-12-06,600026.SH,cp,3,cn_a,SIZE_MID,-0.0327019183695433,-0.030419227430229512,-0.0327019183695433,0.07504110783338547,0,volatility_factor,0.4664771854877472,quality_factor,0.35862594842910767,value_factor,0.1707688570022583
2016-12-06,600015.SH,cp,3,cn_a,SIZE_MID,-0.10118925668912554,-0.0941259463111237,-0.10118925668912554,0.07504110783338547,0,volatility_factor,0.5420947670936584,quality_factor,0.3428089916706085,value_factor,0.11048821359872818
2016-12-06,600010.SH,cp,3,cn_a,SIZE_MID,-0.11661564393740727,-0.10847552595441812,-0.11661564393740727,0.07504110783338547,0,volatility_factor,0.4650583267211914,quality_factor,0.4548594057559967,value_factor,0.07616909593343735
2016-12-07,600085.SH,cp,3,cn_a,SIZE_MID,0.2573761546145936,0.20442687587274122,0.2573761546145936,0.259013295173645,0,quality_factor,0.8294700980186462,volatility_factor,0.0867059975862503,value_factor,0.08364243060350418
2016-12-07,600066.SH,cp,3,cn_a,SIZE_MID,0.0964041346358654,0.07657118078532221,0.0964041346358654,0.259013295173645,0,volatility_factor,0.6024816036224365,quality_factor,0.28008943796157837,value_factor,0.11295510828495026
2016-12-07,600009.SH,cp,3,cn_a,SIZE_MID,0.08828671322248512,0.07012373384850434,0.08828671322248512,0.259013295173645,0,quality_factor,0.74220871925354,volatility_factor,0.21575896441936493,value_factor,0.04080620035529137
2016-12-07,600115.SH,cp,3,cn_a,SIZE_MID,0.07701554186050111,0.061171349147571163,0.07701554186050111,0.259013295173645,0,quality_factor,0.778540313243866,volatility_factor,0.16202735900878906,value_factor,0.05864119902253151
2016-12-07,600021.SH,cp,3,cn_a,SIZE_MID,0.05113327461560798,0.040613768584989884,0.05113327461560798,0.259013295173645,0,volatility_factor,0.553436815738678,quality_factor,0.27145156264305115,value_factor,0.17069223523139954
2016-12-07,600029.SH,cp,3,cn_a,SIZE_MID,0.017176232990465275,0.013642614463492464,0.017176232990465275,0.259013295173645,0,volatility_factor,0.6100952625274658,quality_factor,0.26915064454078674,value_factor,0.1162153109908104
2016-12-07,600048.SH,cp,3,cn_a,SIZE_MID,-0.0012887427092474822,-0.0010236132645999874,-0.0012887427092474822,0.259013295173645,0,volatility_factor,0.5159493088722229,quality_factor,0.31315818428993225,value_factor,0.1667373925447464
2016-12-07,600039.SH,cp,3,cn_a,SIZE_MID,-0.011254097370625295,-0.008938823294215581,-0.011254097370625295,0.259013295173645,0,volatility_factor,0.5374093055725098,quality_factor,0.28928282856941223,value_factor,0.16900137066841125
2016-12-07,600026.SH,cp,3,cn_a,SIZE_MID,-0.038256224730834655,-0.03038587827268202,-0.038256224730834655,0.259013295173645,0,volatility_factor,0.43810325860977173,quality_factor,0.3997653126716614,value_factor,0.1585247814655304
2016-12-07,600027.SH,cp,3,cn_a,SIZE_MID,-0.04492738112096659,-0.03568459625739706,-0.04492738112096659,0.259013295173645,0,volatility_factor,0.5835883021354675,quality_factor,0.3072344660758972,value_factor,0.10486482083797455
2016-12-07,600015.SH,cp,3,cn_a,SIZE_MID,-0.14091798090059363,-0.1119273175595481,-0.14091798090059363,0.259013295173645,0,volatility_factor,0.5835883021354675,quality_factor,0.3072344958782196,value_factor,0.10486482083797455
2016-12-07,600010.SH,cp,3,cn_a,SIZE_MID,-0.1516045297857559,-0.12041535253592883,-0.1516045297857559,0.259013295173645,0,volatility_factor,0.595603883266449,quality_factor,0.28997114300727844,value_factor,0.11000998318195343
2016-12-08,600085.SH,cp,3,cn_a,SIZE_MID,0.2295958689983742,0.18209636612255053,0.2295958689983742,0.26084816455841064,0,quality_factor,0.8745095133781433,value_factor,0.09092371165752411,volatility_factor,0.03446103259921074
2016-12-08,600066.SH,cp,3,cn_a,SIZE_MID,0.09398123963416764,0.07453811035770741,0.09398123963416764,0.26084816455841064,0,quality_factor,0.5517867207527161,volatility_factor,0.39730504155158997,value_factor,0.04756232723593712
2016-12-08,600009.SH,cp,3,cn_a,SIZE_MID,0.07826562910430529,0.06207379389866219,0.07826562910430529,0.26084816455841064,0,quality_factor,0.7965975999832153,volatility_factor,0.1535467505455017,value_factor,0.04869263619184494
2016-12-08,600115.SH,cp,3,cn_a,SIZE_MID,0.06844251100958046,0.05428291283078579,0.06844251100958046,0.26084816455841064,0,quality_factor,0.8291596174240112,volatility_factor,0.10377690941095352,value_factor,0.06634241342544556
2016-12-08,600021.SH,cp,3,cn_a,SIZE_MID,0.053205042207603574,0.04219781866140693,0.053205042207603574,0.26084816455841064,0,volatility_factor,0.7345467805862427,value_factor,0.21078072488307953,quality_factor,0.048248179256916046
2016-12-08,600029.SH,cp,3,cn_a,SIZE_MID,0.017460166506572016,0.013847953304264138,0.017460166506572016,0.26084816455841064,0,quality_factor,0.6132835149765015,volatility_factor,0.3550640046596527,value_factor,0.028689151629805565
2016-12-08,600048.SH,cp,3,cn_a,SIZE_MID,-0.0015488706699780936,-0.0012284355194509544,-0.0015488706699780936,0.26084816455841064,0,volatility_factor,0.7202875018119812,value_factor,0.1918698400259018,quality_factor,0.08157173544168472
2016-12-08,600039.SH,cp,3,cn_a,SIZE_MID,-0.010723187489381263,-0.008504741324770748,-0.010723187489381263,0.26084816455841064,0,volatility_factor,0.599146842956543,quality_factor,0.20464381575584412,value_factor,0.19093240797519684
2016-12-08,600027.SH,cp,3,cn_a,SIZE_MID,-0.039155377834190756,-0.03105479226985608,-0.039155377834190756,0.26084816455841064,0,volatility_factor,0.5191465616226196,quality_factor,0.37440332770347595,value_factor,0.10200073570013046
2016-12-08,600026.SH,cp,3,cn_a,SIZE_MID,-0.04066089044673146,-0.032248839780777416,-0.04066089044673146,0.26084816455841064,0,volatility_factor,0.4761206805706024,quality_factor,0.3467468321323395,value_factor,0.17289796471595764
2016-12-08,600015.SH,cp,3,cn_a,SIZE_MID,-0.12281367453722498,-0.09740560202999404,-0.12281367453722498,0.26084816455841064,0,volatility_factor,0.5191466808319092,quality_factor,0.37440335750579834,value_factor,0.10200074315071106
2016-12-08,600010.SH,cp,3,cn_a,SIZE_MID,-0.14208981540018625,-0.1126938353040714,-0.14208981540018625,0.26084816455841064,0,quality_factor,0.4916400909423828,volatility_factor,0.4386187195777893,value_factor,0.06602112948894501
2016-12-09,600085.SH,cp,3,cn_a,SIZE_MID,0.17851793863029813,0.14477462430204469,0.17851793863029813,0.23307479918003082,0,quality_factor,0.8626961708068848,value_factor,0.10588788241147995,volatility_factor,0.031014231964945793
2016-12-09,600066.SH,cp,3,cn_a,SIZE_MID,0.07691610581729359,0.062377486587138264,0.07691610581729359,0.23307479918003082,0,quality_factor,0.7604526877403259,volatility_factor,0.2134210467338562,value_factor,0.024323685094714165
2016-12-09,600009.SH,cp,3,cn_a,SIZE_MID,0.061597818624986846,0.04995464947489836,0.061597818624986846,0.23307479918003082,0,quality_factor,0.8653194308280945,value_factor,0.08240527659654617,volatility_factor,0.05193431302905083
2016-12-09,600115.SH,cp,3,cn_a,SIZE_MID,0.053609863823269134,0.04347657133757821,0.053609863823269134,0.23307479918003082,0,quality_factor,0.8879412412643433,value_factor,0.0949346199631691,volatility_factor,0.017098471522331238
2016-12-09,600021.SH,cp,3,cn_a,SIZE_MID,0.04580391066806803,0.03714609304483929,0.04580391066806803,0.23307479918003082,0,volatility_factor,0.5148426294326782,quality_factor,0.37520352005958557,value_factor,0.10539571940898895
2016-12-09,600029.SH,cp,3,cn_a,SIZE_MID,0.01432137378746109,0.011614359461447066,0.01432137378746109,0.23307479918003082,0,quality_factor,0.7878832817077637,volatility_factor,0.171179860830307,value_factor,0.03951647877693176
2016-12-09,600048.SH,cp,3,cn_a,SIZE_MID,-0.0013465387509306917,-0.0010920171007455792,-0.0013465387509306917,0.23307479918003082,0,quality_factor,0.5036424994468689,volatility_factor,0.4268691837787628,value_factor,0.06573667377233505
2016-12-09,600039.SH,cp,3,cn_a,SIZE_MID,-0.009292977104146094,-0.007536426194604928,-0.009292977104146094,0.23307479918003082,0,volatility_factor,0.6705343723297119,value_factor,0.1755826324224472,quality_factor,0.1478976011276245
2016-12-09,600027.SH,cp,3,cn_a,SIZE_MID,-0.03184033614617148,-0.02582190192526923,-0.03184033614617148,0.23307479918003082,0,quality_factor,0.6359148025512695,volatility_factor,0.33627018332481384,value_factor,0.024894002825021744
2016-12-09,600026.SH,cp,3,cn_a,SIZE_MID,-0.03764942596225552,-0.030532962349298032,-0.03764942596225552,0.23307479918003082,0,volatility_factor,0.603646993637085,quality_factor,0.1958581507205963,value_factor,0.19505935907363892
2016-12-09,600015.SH,cp,3,cn_a,SIZE_MID,-0.09986951741214709,-0.08099226315016494,-0.09986951741214709,0.23307479918003082,0,quality_factor,0.6359148025512695,volatility_factor,0.33627021312713623,value_factor,0.024894002825021744
2016-12-09,600010.SH,cp,3,cn_a,SIZE_MID,-0.11603699566953186,-0.09410377792892177,-0.11603699566953186,0.23307479918003082,0,quality_factor,0.7316813468933105,volatility_factor,0.2577265202999115,value_factor,0.008388416841626167
2016-12-12,600085.SH,cp,3,cn_a,SIZE_MID,0.27361021956373177,0.18306284982372745,0.27361021956373177,0.4946244955062866,0,quality_factor,0.8077782392501831,value_factor,0.13126559555530548,volatility_factor,0.05957634374499321
2016-12-12,600066.SH,cp,3,cn_a,SIZE_MID,0.10578815309945998,0.07077908425662827,0.10578815309945998,0.4946244955062866,0,quality_factor,0.7078898549079895,volatility_factor,0.22773049771785736,value_factor,0.06399377435445786
2016-12-12,600009.SH,cp,3,cn_a,SIZE_MID,0.0994453859878267,0.06653536476005684,0.0994453859878267,0.4946244955062866,0,quality_factor,0.8414344787597656,value_factor,0.13034050166606903,volatility_factor,0.02698756381869316
2016-12-12,600115.SH,cp,3,cn_a,SIZE_MID,0.08483176917117512,0.056757914396712295,0.08483176917117512,0.4946244955062866,0,quality_factor,0.8278337121009827,value_factor,0.1307143270969391,volatility_factor,0.04015688970685005
2016-12-12,600021.SH,cp,3,cn_a,SIZE_MID,0.0621148928778273,0.041558861817520665,0.0621148928778273,0.4946244955062866,0,volatility_factor,0.5822404026985168,quality_factor,0.36283552646636963,value_factor,0.052073992788791656
2016-12-12,600029.SH,cp,3,cn_a,SIZE_MID,0.017468700580821134,0.011687685190054253,0.017468700580821134,0.4946244955062866,0,quality_factor,0.6376494765281677,volatility_factor,0.3256443440914154,value_factor,0.035672031342983246
2016-12-12,600048.SH,cp,3,cn_a,SIZE_MID,-0.0012401642956231082,-0.0008297497460745262,-0.0012401642956231082,0.4946244955062866,0,volatility_factor,0.6448772549629211,quality_factor,0.2033061534166336,value_factor,0.1478804498910904
2016-12-12,600039.SH,cp,3,cn_a,SIZE_MID,-0.015946570606999496,-0.010669282254468726,-0.015946570606999496,0.4946244955062866,0,quality_factor,0.5712717771530151,volatility_factor,0.41817352175712585,value_factor,0.00890781544148922
2016-12-12,600027.SH,cp,3,cn_a,SIZE_MID,-0.058250513830099084,-0.03897334347539072,-0.058250513830099084,0.4946244955062866,0,quality_factor,0.8218985795974731,value_factor,0.11026265472173691,volatility_factor,0.06716299057006836
2016-12-12,600026.SH,cp,3,cn_a,SIZE_MID,-0.060441768314320195,-0.040439433781557454,-0.060441768314320195,0.4946244955062866,0,volatility_factor,0.7987481355667114,value_factor,0.13667185604572296,quality_factor,0.060106441378593445
2016-12-12,600010.SH,cp,3,cn_a,SIZE_MID,-0.17735812412545535,-0.11866400200096905,-0.17735812412545535,0.4946244955062866,0,quality_factor,0.757313072681427,volatility_factor,0.15866225957870483,value_factor,0.08395335078239441
2016-12-12,600015.SH,cp,3,cn_a,SIZE_MID,-0.18270694993435851,-0.12224271078366655,-0.18270694993435851,0.4946244955062866,0,quality_factor,0.8218984603881836,value_factor,0.11026265472173691,volatility_factor,0.06716298311948776
2016-12-13,600085.SH,cp,3,cn_a,SIZE_MID,0.22515227262048904,0.1845384887246837,0.22515227262048904,0.22008293867111206,0,quality_factor,0.7999259233474731,value_factor,0.1393815129995346,volatility_factor,0.05903267487883568
2016-12-13,600009.SH,cp,3,cn_a,SIZE_MID,0.08329691179781233,0.06827151260654318,0.08329691179781233,0.22008293867111206,0,quality_factor,0.8232226371765137,value_factor,0.13987794518470764,volatility_factor,0.03530256077647209
2016-12-13,600066.SH,cp,3,cn_a,SIZE_MID,0.08183253682033052,0.06707128690095487,0.08183253682033052,0.22008293867111206,0,quality_factor,0.6501417756080627,volatility_factor,0.2827834486961365,value_factor,0.06697671860456467
2016-12-13,600115.SH,cp,3,cn_a,SIZE_MID,0.07058232123857218,0.05785042602701651,0.07058232123857218,0.22008293867111206,0,quality_factor,0.8140676021575928,value_factor,0.1396828591823578,volatility_factor,0.04462791979312897
2016-12-13,600021.SH,cp,3,cn_a,SIZE_MID,0.04706021452479439,0.038571322271764075,0.04706021452479439,0.22008293867111206,0,volatility_factor,0.6979153752326965,quality_factor,0.24129942059516907,value_factor,0.05815470963716507
2016-12-13,600029.SH,cp,3,cn_a,SIZE_MID,0.012646523283187489,0.010365297525709138,0.012646523283187489,0.22008293867111206,0,quality_factor,0.4942942261695862,volatility_factor,0.492321252822876,value_factor,0.012096730060875416
2016-12-13,600048.SH,cp,3,cn_a,SIZE_MID,-0.0007012818116114997,-0.0005747820538459791,-0.0007012818116114997,0.22008293867111206,0,volatility_factor,0.496351033449173,quality_factor,0.37059539556503296,value_factor,0.1302327960729599
2016-12-13,600039.SH,cp,3,cn_a,SIZE_MID,-0.013404669953397726,-0.010986686948626811,-0.013404669953397726,0.22008293867111206,0,quality_factor,0.5917244553565979,volatility_factor,0.3613258898258209,value_factor,0.04640570282936096
2016-12-13,600026.SH,cp,3,cn_a,SIZE_MID,-0.04883014850616438,-0.04002198913940447,-0.04883014850616438,0.22008293867111206,0,volatility_factor,0.8264142274856567,value_factor,0.10503340512514114,quality_factor,0.06505084782838821
2016-12-13,600027.SH,cp,3,cn_a,SIZE_MID,-0.05068091323907235,-0.04153890621432765,-0.05068091323907235,0.22008293867111206,0,quality_factor,0.8383190035820007,value_factor,0.13367927074432373,volatility_factor,0.026649456471204758
2016-12-13,600010.SH,cp,3,cn_a,SIZE_MID,-0.14410205605664414,-0.11810840431371616,-0.14410205605664414,0.22008293867111206,0,quality_factor,0.7393177151679993,volatility_factor,0.161523699760437,value_factor,0.09856975823640823
2016-12-13,600015.SH,cp,3,cn_a,SIZE_MID,-0.15896435019709462,-0.1302897839095749,-0.15896435019709462,0.22008293867111206,0,quality_factor,0.838318943977356,value_factor,0.13367927074432373,volatility_factor,0.026649456471204758
2016-12-14,600085.SH,cp,3,cn_a,SIZE_MID,0.19429849553564726,0.151182099657035,0.19429849553564726,0.28519511222839355,0,quality_factor,0.7458661794662476,value_factor,0.1392563283443451,volatility_factor,0.1130392923951149
2016-12-14,600066.SH,cp,3,cn_a,SIZE_MID,0.07785051066911282,0.06057485741143864,0.07785051066911282,0.28519511222839355,0,quality_factor,0.8384425044059753,value_factor,0.1366564929485321,volatility_factor,0.02345609851181507
2016-12-14,600009.SH,cp,3,cn_a,SIZE_MID,0.07290540009543751,0.05672710657063362,0.07290540009543751,0.28519511222839355,0,quality_factor,0.7551965713500977,value_factor,0.13954401016235352,volatility_factor,0.10344380885362625
2016-12-14,600115.SH,cp,3,cn_a,SIZE_MID,0.06145152720063684,0.047814940016451146,0.06145152720063684,0.28519511222839355,0,quality_factor,0.7516438364982605,value_factor,0.13943447172641754,volatility_factor,0.10709749162197113
2016-12-14,600021.SH,cp,3,cn_a,SIZE_MID,0.048658234079104815,0.037860581335962706,0.048658234079104815,0.28519511222839355,0,quality_factor,0.7243872880935669,volatility_factor,0.17775140702724457,value_factor,0.09726311266422272
2016-12-14,600029.SH,cp,3,cn_a,SIZE_MID,0.012425578604069345,0.009668242966256457,0.012425578604069345,0.28519511222839355,0,quality_factor,0.7797385454177856,value_factor,0.11638082563877106,volatility_factor,0.10287145525217056
2016-12-14,600048.SH,cp,3,cn_a,SIZE_MID,-0.0008920689759693445,-0.0006941117091727733,-0.0008920689759693445,0.28519511222839355,0,volatility_factor,0.7214331030845642,quality_factor,0.21682913601398468,value_factor,0.059158291667699814
2016-12-14,600039.SH,cp,3,cn_a,SIZE_MID,-0.01312508638979823,-0.01021252435907627,-0.01312508638979823,0.28519511222839355,0,quality_factor,0.8228214979171753,value_factor,0.1312611699104309,volatility_factor,0.04458837956190109
2016-12-14,600027.SH,cp,3,cn_a,SIZE_MID,-0.04565563666785024,-0.035524284393432026,-0.04565563666785024,0.28519511222839355,0,quality_factor,0.7760912179946899,value_factor,0.14018818736076355,volatility_factor,0.08195521682500839
2016-12-14,600026.SH,cp,3,cn_a,SIZE_MID,-0.05238485920530331,-0.040760238431403195,-0.05238485920530331,0.28519511222839355,0,quality_factor,0.6908115148544312,volatility_factor,0.22317302227020264,value_factor,0.08566643297672272
2016-12-14,600010.SH,cp,3,cn_a,SIZE_MID,-0.13394568253288386,-0.10422206033808834,-0.13394568253288386,0.28519511222839355,0,quality_factor,0.8281980752944946,value_factor,0.14179469645023346,volatility_factor,0.028367280960083008
2016-12-14,600015.SH,cp,3,cn_a,SIZE_MID,-0.14320220672137413,-0.11142448750297262,-0.14320220672137413,0.28519511222839355,0,quality_factor,0.7760911583900452,value_factor,0.14018818736076355,volatility_factor,0.0819552093744278
2016-12-15,600085.SH,cp,3,cn_a,SIZE_MID,0.2440808737779691,0.13009289498710075,0.2440808737779691,0.8762044906616211,0,quality_factor,0.7057046294212341,volatility_factor,0.17906056344509125,value_factor,0.11404912173748016
2016-12-15,600066.SH,cp,3,cn_a,SIZE_MID,0.13865594940446768,0.0739023651710653,0.13865594940446768,0.8762044906616211,0,quality_factor,0.708446204662323,volatility_factor,0.17724230885505676,value_factor,0.11316268891096115
2016-12-15,600021.SH,cp,3,cn_a,SIZE_MID,0.09781391346863663,0.05213392993966437,0.09781391346863663,0.8762044906616211,0,quality_factor,0.717997670173645,volatility_factor,0.17090775072574615,value_factor,0.11007443815469742
2016-12-15,600009.SH,cp,3,cn_a,SIZE_MID,0.0863500110563485,0.04602377378699174,0.0863500110563485,0.8762044906616211,0,quality_factor,0.7173774838447571,volatility_factor,0.17131906747817993,value_factor,0.11027496308088303
2016-12-15,600115.SH,cp,3,cn_a,SIZE_MID,0.0744258447375133,0.0396683011409209,0.0744258447375133,0.8762044906616211,0,quality_factor,0.7127215266227722,volatility_factor,0.1744069755077362,value_factor,0.11178039759397507
2016-12-15,600029.SH,cp,3,cn_a,SIZE_MID,0.027337998516912557,0.014570905598500161,0.027337998516912557,0.8762044906616211,0,quality_factor,0.6992400884628296,volatility_factor,0.18334777653217316,value_factor,0.11613922566175461
2016-12-15,600048.SH,cp,3,cn_a,SIZE_MID,-0.0033025171105581816,-0.0017602117077299972,-0.0033025171105581816,0.8762044906616211,0,quality_factor,0.6967084407806396,volatility_factor,0.18502676486968994,value_factor,0.11695777624845505
2016-12-15,600039.SH,cp,3,cn_a,SIZE_MID,-0.018252331109695603,-0.009728327162919825,-0.018252331109695603,0.8762044906616211,0,quality_factor,0.7491294741630554,volatility_factor,0.15026113390922546,value_factor,0.1000087708234787
2016-12-15,600027.SH,cp,3,cn_a,SIZE_MID,-0.047530247460180905,-0.025333191396114785,-0.047530247460180905,0.8762044906616211,0,quality_factor,0.7516599297523499,volatility_factor,0.14858292043209076,value_factor,0.0991906076669693
2016-12-15,600026.SH,cp,3,cn_a,SIZE_MID,-0.09124242208130724,-0.04863138455080218,-0.09124242208130724,0.8762044906616211,0,quality_factor,0.74763423204422,volatility_factor,0.15125276148319244,value_factor,0.1004922091960907
2016-12-15,600015.SH,cp,3,cn_a,SIZE_MID,-0.14908205907736252,-0.07945938719333867,-0.14908205907736252,0.8762044906616211,0,quality_factor,0.7516598701477051,volatility_factor,0.14858290553092957,value_factor,0.0991906002163887
2016-12-15,600010.SH,cp,3,cn_a,SIZE_MID,-0.19705437712336876,-0.10502819820769105,-0.19705437712336876,0.8762044906616211,0,quality_factor,0.7196494936943054,volatility_factor,0.16981230676174164,value_factor,0.10954039543867111
2016-12-16,600085.SH,cp,3,cn_a,SIZE_MID,0.17176705301739842,0.1479715998539035,0.17176705301739842,0.16081100702285767,0,quality_factor,0.7287187576293945,volatility_factor,0.16268838942050934,value_factor,0.10768353193998337
2016-12-16,600066.SH,cp,3,cn_a,SIZE_MID,0.0961815307947613,0.0828571879070239,0.0961815307947613,0.16081100702285767,0,quality_factor,0.7351294755935669,volatility_factor,0.15835842490196228,value_factor,0.10568683594465256
2016-12-16,600021.SH,cp,3,cn_a,SIZE_MID,0.06647202512159082,0.057263437486898994,0.06647202512159082,0.16081100702285767,0,quality_factor,0.7544483542442322,volatility_factor,0.14530980587005615,value_factor,0.09966962784528732
2016-12-16,600009.SH,cp,3,cn_a,SIZE_MID,0.05955229504870363,0.051302320314221106,0.05955229504870363,0.16081100702285767,0,quality_factor,0.750376284122467,volatility_factor,0.14806026220321655,value_factor,0.10093796253204346
2016-12-16,600115.SH,cp,3,cn_a,SIZE_MID,0.05173277801117619,0.04456606661596041,0.05173277801117619,0.16081100702285767,0,quality_factor,0.7414503693580627,volatility_factor,0.15408913791179657,value_factor,0.1037181094288826
2016-12-16,600029.SH,cp,3,cn_a,SIZE_MID,0.01924121504542445,0.016575666423735314,0.01924121504542445,0.16081100702285767,0,quality_factor,0.7191864252090454,volatility_factor,0.16912682354450226,value_factor,0.11065255105495453
2016-12-16,600048.SH,cp,3,cn_a,SIZE_MID,-0.002320570434660845,-0.0019990942020507996,-0.002320570434660845,0.16081100702285767,0,quality_factor,0.7157127261161804,volatility_factor,0.17147308588027954,value_factor,0.11173449456691742
2016-12-16,600039.SH,cp,3,cn_a,SIZE_MID,-0.011894596126690252,-0.010246798717004957,-0.011894596126690252,0.16081100702285767,0,quality_factor,0.8274809718132019,volatility_factor,0.09546658396720886,value_factor,0.07665936648845673
2016-12-16,600027.SH,cp,3,cn_a,SIZE_MID,-0.031168936041993733,-0.026851001113762152,-0.031168936041993733,0.16081100702285767,0,quality_factor,0.830255389213562,volatility_factor,0.09354407340288162,value_factor,0.07577040791511536
2016-12-16,600026.SH,cp,3,cn_a,SIZE_MID,-0.05923613299532868,-0.051029957226951694,-0.05923613299532868,0.16081100702285767,0,quality_factor,0.8258211612701416,volatility_factor,0.09661674499511719,value_factor,0.07719119638204575
2016-12-16,600015.SH,cp,3,cn_a,SIZE_MID,-0.09776362239994897,-0.08422010717368522,-0.09776362239994897,0.16081100702285767,0,quality_factor,0.8302552700042725,volatility_factor,0.09354405850172043,value_factor,0.07577040046453476
2016-12-16,600010.SH,cp,3,cn_a,SIZE_MID,-0.1344774991126306,-0.11584789014242602,-0.1344774991126306,0.16081100702285767,0,quality_factor,0.7563411593437195,volatility_factor,0.14403142035007477,value_factor,0.09908011555671692
2016-12-19,600085.SH,cp,3,cn_a,SIZE_MID,0.2948936628863521,0.14744683144317605,0.2948936628863521,1.0,0,quality_factor,0.7122865319252014,volatility_factor,0.20756185054779053,value_factor,0.08005046099424362
2016-12-19,600066.SH,cp,3,cn_a,SIZE_MID,0.21379153594443778,0.10689576797221889,0.21379153594443778,1.0,0,quality_factor,0.6923239827156067,volatility_factor,0.21196603775024414,value_factor,0.0950721874833107
2016-12-19,600021.SH,cp,3,cn_a,SIZE_MID,0.15594901899157776,0.07797450949578888,0.15594901899157776,1.0,0,quality_factor,0.6962135434150696,volatility_factor,0.21110787987709045,value_factor,0.09214527159929276
2016-12-19,600009.SH,cp,3,cn_a,SIZE_MID,0.09365880264658699,0.046829401323293496,0.09365880264658699,1.0,0,quality_factor,0.7416377067565918,volatility_factor,0.2005643993616104,value_factor,0.05708236247301102
2016-12-19,600115.SH,cp,3,cn_a,SIZE_MID,0.08427408828993066,0.04213704414496533,0.08427408828993066,1.0,0,quality_factor,0.7286890745162964,volatility_factor,0.20368525385856628,value_factor,0.06727219372987747
2016-12-19,600029.SH,cp,3,cn_a,SIZE_MID,0.04768208771065474,0.02384104385532737,0.04768208771065474,1.0,0,quality_factor,0.6786289811134338,volatility_factor,0.21498745679855347,value_factor,0.10537751764059067
2016-12-19,600048.SH,cp,3,cn_a,SIZE_MID,-0.00670227104217247,-0.003351135521086235,-0.00670227104217247,1.0,0,quality_factor,0.6703879237174988,volatility_factor,0.2168056219816208,value_factor,0.11157890409231186
2016-12-19,600039.SH,cp,3,cn_a,SIZE_MID,-0.021023657945761443,-0.010511828972880721,-0.021023657945761443,1.0,0,quality_factor,0.7714412808418274,volatility_factor,0.1933811604976654,value_factor,0.033628590404987335
2016-12-19,600027.SH,cp,3,cn_a,SIZE_MID,-0.037407880908176594,-0.018703940454088297,-0.037407880908176594,1.0,0,quality_factor,0.7751453518867493,volatility_factor,0.10969293862581253,value_factor,0.1091388463973999
2016-12-19,600015.SH,cp,3,cn_a,SIZE_MID,-0.11733252444537356,-0.05866626222268678,-0.11733252444537356,1.0,0,quality_factor,0.7751453518867493,volatility_factor,0.10969293862581253,value_factor,0.1091388538479805
2016-12-19,600026.SH,cp,3,cn_a,SIZE_MID,-0.12507855695457692,-0.06253927847728846,-0.12507855695457692,1.0,0,quality_factor,0.7351461052894592,volatility_factor,0.20212897658348083,value_factor,0.06219087913632393
2016-12-19,600010.SH,cp,3,cn_a,SIZE_MID,-0.2597530347211432,-0.1298765173605716,-0.2597530347211432,1.0,0,quality_factor,0.7164553999900818,volatility_factor,0.2066338062286377,value_factor,0.076899453997612
2016-12-20,600085.SH,cp,3,cn_a,SIZE_MID,0.2282245754980482,0.16298196006573562,0.2282245754980482,0.40030574798583984,0,quality_factor,0.7209773063659668,volatility_factor,0.20852255821228027,value_factor,0.07026632130146027
2016-12-20,600066.SH,cp,3,cn_a,SIZE_MID,0.1711741882004836,0.12224058099218382,0.1711741882004836,0.40030574798583984,0,quality_factor,0.6954494714736938,volatility_factor,0.21337935328483582,value_factor,0.0906810536980629
2016-12-20,600021.SH,cp,3,cn_a,SIZE_MID,0.12480506577427083,0.08912701097870013,0.12480506577427083,0.40030574798583984,0,quality_factor,0.6996713280677795,volatility_factor,0.21260255575180054,value_factor,0.08735428750514984
2016-12-20,600009.SH,cp,3,cn_a,SIZE_MID,0.07047162519631255,0.050325884398944254,0.07047162519631255,0.40030574798583984,0,quality_factor,0.761645495891571,volatility_factor,0.2002299278974533,value_factor,0.03670485317707062
2016-12-20,600115.SH,cp,3,cn_a,SIZE_MID,0.06415619922531109,0.0458158508008637,0.06415619922531109,0.40030574798583984,0,quality_factor,0.7429280281066895,volatility_factor,0.2040465623140335,value_factor,0.0521513894200325
2016-12-20,600029.SH,cp,3,cn_a,SIZE_MID,0.038913465243048784,0.02778926337981602,0.038913465243048784,0.40030574798583984,0,quality_factor,0.6797560453414917,volatility_factor,0.21626698970794678,value_factor,0.10304754972457886
2016-12-20,600048.SH,cp,3,cn_a,SIZE_MID,-0.005557507397165107,-0.003968781393034249,-0.005557507397165107,0.40030574798583984,0,quality_factor,0.6706035137176514,volatility_factor,0.21795107424259186,value_factor,0.1102597713470459
2016-12-20,600039.SH,cp,3,cn_a,SIZE_MID,-0.015699750858277225,-0.011211659225750736,-0.015699750858277225,0.40030574798583984,0,quality_factor,0.8039138317108154,volatility_factor,0.19161102175712585,momentum_factor,0.0026522716507315636
2016-12-20,600027.SH,cp,3,cn_a,SIZE_MID,-0.02517356357122818,-0.0179771907723989,-0.02517356357122818,0.40030574798583984,0,quality_factor,0.6865490674972534,value_factor,0.298566609621048,momentum_factor,0.011643917299807072
2016-12-20,600015.SH,cp,3,cn_a,SIZE_MID,-0.07895870254937262,-0.05638675886530109,-0.07895870254937262,0.40030574798583984,0,quality_factor,0.6865491271018982,value_factor,0.29856666922569275,momentum_factor,0.011643919162452221
2016-12-20,600026.SH,cp,3,cn_a,SIZE_MID,-0.09658673650751161,-0.06897546242771568,-0.09658673650751161,0.40030574798583984,0,quality_factor,0.7481827139854431,volatility_factor,0.2029750794172287,value_factor,0.04781502112746239
2016-12-20,600010.SH,cp,3,cn_a,SIZE_MID,-0.20210389365978973,-0.14432840395784297,-0.20210389365978973,0.40030574798583984,0,quality_factor,0.7249507308006287,volatility_factor,0.2077123075723648,value_factor,0.06698724627494812
2016-12-21,600085.SH,cp,3,cn_a,SIZE_MID,0.2601267983354411,0.20106042372117372,0.2601267983354411,0.29377424716949463,0,quality_factor,0.7793503999710083,volatility_factor,0.1545507162809372,value_factor,0.06551997363567352
2016-12-21,600066.SH,cp,3,cn_a,SIZE_MID,0.1693925947078433,0.13092902032826714,0.1693925947078433,0.29377424716949463,0,quality_factor,0.7533833980560303,volatility_factor,0.16772517561912537,value_factor,0.07881543040275574
2016-12-21,600021.SH,cp,3,cn_a,SIZE_MID,0.11734145111682422,0.09069700635450317,0.11734145111682422,0.29377424716949463,0,quality_factor,0.7770629525184631,volatility_factor,0.15571117401123047,value_factor,0.06669112294912338
2016-12-21,600009.SH,cp,3,cn_a,SIZE_MID,0.0813262688152933,0.06285970600606561,0.0813262688152933,0.29377424716949463,0,quality_factor,0.8739621639251709,volatility_factor,0.10654885321855545,value_factor,0.017077326774597168
2016-12-21,600115.SH,cp,3,cn_a,SIZE_MID,0.07365549313236097,0.05693071514872372,0.07365549313236097,0.29377424716949463,0,quality_factor,0.8278154134750366,volatility_factor,0.12996172904968262,value_factor,0.040705181658267975
2016-12-21,600029.SH,cp,3,cn_a,SIZE_MID,0.03763536503041057,0.029089592031027678,0.03763536503041057,0.29377424716949463,0,quality_factor,0.7185300588607788,volatility_factor,0.18476778268814087,value_factor,0.09611986577510834
2016-12-21,600048.SH,cp,3,cn_a,SIZE_MID,-0.005078121179877511,-0.003925044257904631,-0.005078121179877511,0.29377424716949463,0,quality_factor,0.7031843662261963,volatility_factor,0.1922357827425003,value_factor,0.10370869189500809
2016-12-21,600039.SH,cp,3,cn_a,SIZE_MID,-0.015321723972835228,-0.01184265648072369,-0.015321723972835228,0.29377424716949463,0,quality_factor,0.7434715032577515,value_factor,0.14783434569835663,volatility_factor,0.10156873613595963
2016-12-21,600027.SH,cp,3,cn_a,SIZE_MID,-0.03057604584323894,-0.02363321569441723,-0.03057604584323894,0.29377424716949463,0,volatility_factor,0.3838180601596832,value_factor,0.34580397605895996,quality_factor,0.2586997449398041
2016-12-21,600026.SH,cp,3,cn_a,SIZE_MID,-0.0873364314484006,-0.0675051552768764,-0.0873364314484006,0.29377424716949463,0,quality_factor,0.916329562664032,value_factor,0.06511323899030685,volatility_factor,0.0134343346580863
2016-12-21,600015.SH,cp,3,cn_a,SIZE_MID,-0.09590397909801711,-0.07412729021916675,-0.09590397909801711,0.29377424716949463,0,volatility_factor,0.3838180601596832,value_factor,0.34580397605895996,quality_factor,0.2586997449398041
2016-12-21,600010.SH,cp,3,cn_a,SIZE_MID,-0.20696010373501902,-0.15996616425763932,-0.20696010373501902,0.29377424716949463,0,quality_factor,0.8268519043922424,volatility_factor,0.1304505318403244,value_factor,0.0411984883248806
2016-12-22,600085.SH,cp,3,cn_a,SIZE_MID,0.37202874749660475,0.2231166511404581,0.37202874749660475,0.6674181222915649,0,quality_factor,0.8060793280601501,volatility_factor,0.1112760454416275,value_factor,0.0825064554810524
2016-12-22,600066.SH,cp,3,cn_a,SIZE_MID,0.20616017586321336,0.12364035937181939,0.20616017586321336,0.6674181222915649,0,quality_factor,0.8263634443283081,volatility_factor,0.09734003245830536,value_factor,0.07588297128677368
2016-12-22,600021.SH,cp,3,cn_a,SIZE_MID,0.13623463301799663,0.08170394167886741,0.13623463301799663,0.6674181222915649,0,quality_factor,0.9138057827949524,value_factor,0.047330014407634735,volatility_factor,0.03726369887590408
2016-12-22,600009.SH,cp,3,cn_a,SIZE_MID,0.12198171198174212,0.07315604307700596,0.12198171198174212,0.6674181222915649,0,quality_factor,0.8991222381591797,value_factor,0.05212472379207611,volatility_factor,0.047351911664009094
2016-12-22,600115.SH,cp,3,cn_a,SIZE_MID,0.10834176378103057,0.0649757624273235,0.10834176378103057,0.6674181222915649,0,quality_factor,0.8554554581642151,volatility_factor,0.07735272496938705,value_factor,0.06638345122337341
2016-12-22,600029.SH,cp,3,cn_a,SIZE_MID,0.04315991033521537,0.02588427567039986,0.04315991033521537,0.6674181222915649,0,quality_factor,0.7737255096435547,volatility_factor,0.13311253488063812,value_factor,0.0928674042224884
2016-12-22,600048.SH,cp,3,cn_a,SIZE_MID,-0.005281551200612245,-0.0031675025777899712,-0.005281551200612245,0.6674181222915649,0,quality_factor,0.7630814909934998,volatility_factor,0.14023719727993011,value_factor,0.09624522179365158
2016-12-22,600039.SH,cp,3,cn_a,SIZE_MID,-0.021021112780257603,-0.012606983514949377,-0.021021112780257603,0.6674181222915649,0,quality_factor,0.5420387387275696,volatility_factor,0.3080860376358032,value_factor,0.1435622125864029
2016-12-22,600027.SH,cp,3,cn_a,SIZE_MID,-0.05436942828301711,-0.032606955361799805,-0.05436942828301711,0.6674181222915649,0,quality_factor,0.5083972215652466,volatility_factor,0.32936999201774597,value_factor,0.15565520524978638
2016-12-22,600026.SH,cp,3,cn_a,SIZE_MID,-0.10551086228328582,-0.06327798701040876,-0.10551086228328582,0.6674181222915649,0,quality_factor,0.5620338916778564,volatility_factor,0.29543566703796387,value_factor,0.1363745927810669
2016-12-22,600015.SH,cp,3,cn_a,SIZE_MID,-0.1705336446528811,-0.10227407413475476,-0.1705336446528811,0.6674181222915649,0,quality_factor,0.5083972811698914,volatility_factor,0.32937002182006836,value_factor,0.15565522015094757
2016-12-22,600010.SH,cp,3,cn_a,SIZE_MID,-0.27296161925359064,-0.1637031621549454,-0.27296161925359064,0.6674181222915649,0,quality_factor,0.9293580055236816,value_factor,0.04225166514515877,volatility_factor,0.026578687131404877
2016-12-23,600085.SH,cp,3,cn_a,SIZE_MID,0.26397995373378985,0.21648721598887732,0.26397995373378985,0.21937893331050873,0,quality_factor,0.8014686107635498,volatility_factor,0.10941938310861588,value_factor,0.08903075009584427
2016-12-23,600066.SH,cp,3,cn_a,SIZE_MID,0.1418142738848632,0.11630041185543405,0.1418142738848632,0.21937893331050873,0,quality_factor,0.834521472454071,volatility_factor,0.08581175655126572,value_factor,0.07933347672224045
2016-12-23,600021.SH,cp,3,cn_a,SIZE_MID,0.09315978744715572,0.07639937329062718,0.09315978744715572,0.21937893331050873,0,quality_factor,0.93449866771698,value_factor,0.04984160512685776,volatility_factor,0.014067868702113628
2016-12-23,600009.SH,cp,3,cn_a,SIZE_MID,0.08776262349376394,0.07197321523590006,0.08776262349376394,0.21937893331050873,0,quality_factor,0.8807776570320129,value_factor,0.06568858027458191,volatility_factor,0.05261826142668724
2016-12-23,600115.SH,cp,3,cn_a,SIZE_MID,0.07751536622417586,0.06356954606921761,0.07751536622417586,0.21937893331050873,0,quality_factor,0.844526469707489,volatility_factor,0.0786321610212326,value_factor,0.07638215273618698
2016-12-23,600029.SH,cp,3,cn_a,SIZE_MID,0.029157841823614482,0.023912042984157722,0.029157841823614482,0.21937893331050873,0,quality_factor,0.7836933135986328,volatility_factor,0.12187470495700836,value_factor,0.0941314622759819
2016-12-23,600048.SH,cp,3,cn_a,SIZE_MID,-0.0034765300642637252,-0.002851066167217642,-0.0034765300642637252,0.21937893331050873,0,quality_factor,0.7789120674133301,volatility_factor,0.1252249926328659,value_factor,0.09550346434116364
2016-12-23,600039.SH,cp,3,cn_a,SIZE_MID,-0.015128665410278288,-0.012406861240688016,-0.015128665410278288,0.21937893331050873,0,quality_factor,0.5882576704025269,volatility_factor,0.29375264048576355,value_factor,0.1124918982386589
2016-12-23,600027.SH,cp,3,cn_a,SIZE_MID,-0.04084601461651226,-0.033497391993208225,-0.04084601461651226,0.21937893331050873,0,quality_factor,0.6273834705352783,volatility_factor,0.26866039633750916,value_factor,0.09875570982694626
2016-12-23,600026.SH,cp,3,cn_a,SIZE_MID,-0.07395633952720497,-0.06065082527106824,-0.07395633952720497,0.21937893331050873,0,quality_factor,0.563378632068634,volatility_factor,0.3097081184387207,value_factor,0.12122633308172226
2016-12-23,600015.SH,cp,3,cn_a,SIZE_MID,-0.128116479449141,-0.10506699302709421,-0.128116479449141,0.21937893331050873,0,quality_factor,0.6273834705352783,volatility_factor,0.26866039633750916,value_factor,0.09875570982694626
2016-12-23,600010.SH,cp,3,cn_a,SIZE_MID,-0.1920000643318861,-0.15745725692039514,-0.1920000643318861,0.21937893331050873,0,quality_factor,0.9258843064308167,value_factor,0.052382711321115494,volatility_factor,0.02024954743683338
2016-12-26,600085.SH,cp,3,cn_a,SIZE_MID,0.36405172251393686,0.22448767226751443,0.36405172251393686,0.6217002868652344,0,quality_factor,0.7936206459999084,volatility_factor,0.1319267898797989,value_factor,0.07409343868494034
2016-12-26,600066.SH,cp,3,cn_a,SIZE_MID,0.2180378150820012,0.13445013042667142,0.2180378150820012,0.6217002868652344,0,quality_factor,0.7856084704399109,volatility_factor,0.13679789006710052,value_factor,0.07736369222402573
2016-12-26,600021.SH,cp,3,cn_a,SIZE_MID,0.14754225577457186,0.09097997760102317,0.14754225577457186,0.6217002868652344,0,quality_factor,0.8309175372123718,volatility_factor,0.10925160348415375,value_factor,0.058870330452919006
2016-12-26,600009.SH,cp,3,cn_a,SIZE_MID,0.11676850877930875,0.07200375416164206,0.11676850877930875,0.6217002868652344,0,quality_factor,0.8886570930480957,volatility_factor,0.07414798438549042,value_factor,0.03530329838395119
2016-12-26,600115.SH,cp,3,cn_a,SIZE_MID,0.1046439011608398,0.06452727548264647,0.1046439011608398,0.6217002868652344,0,quality_factor,0.8431782722473145,volatility_factor,0.10179747641086578,value_factor,0.0538659542798996
2016-12-26,600029.SH,cp,3,cn_a,SIZE_MID,0.04706031744214527,0.02901912136496776,0.04706031744214527,0.6217002868652344,0,quality_factor,0.7423915863037109,volatility_factor,0.1625123769044876,value_factor,0.09464044868946075
2016-12-26,600048.SH,cp,3,cn_a,SIZE_MID,-0.00606458366375776,-0.003739645181589424,-0.00606458366375776,0.6217002868652344,0,quality_factor,0.7271172404289246,volatility_factor,0.17150327563285828,value_factor,0.10068351030349731
2016-12-26,600039.SH,cp,3,cn_a,SIZE_MID,-0.02094878942439944,-0.012917793499866548,-0.02094878942439944,0.6217002868652344,0,quality_factor,0.6327931880950928,volatility_factor,0.21326042711734772,value_factor,0.14721331000328064
2016-12-26,600027.SH,cp,3,cn_a,SIZE_MID,-0.04832921551094769,-0.029801570550603174,-0.04832921551094769,0.6217002868652344,0,quality_factor,0.4004218578338623,volatility_factor,0.3550959527492523,value_factor,0.23576509952545166
2016-12-26,600026.SH,cp,3,cn_a,SIZE_MID,-0.11189331752464012,-0.06899753205379966,-0.11189331752464012,0.6217002868652344,0,quality_factor,0.7491614818572998,volatility_factor,0.14223125576972961,value_factor,0.10286787152290344
2016-12-26,600015.SH,cp,3,cn_a,SIZE_MID,-0.15158808025187184,-0.09347478167182999,-0.15158808025187184,0.6217002868652344,0,quality_factor,0.4004218280315399,volatility_factor,0.3550959527492523,value_factor,0.23576509952545166
2016-12-26,600010.SH,cp,3,cn_a,SIZE_MID,-0.2774179010242996,-0.17106607384312156,-0.2774179010242996,0.6217002868652344,0,quality_factor,0.8741554617881775,volatility_factor,0.08296443521976471,value_factor,0.041222281754016876
2016-12-27,600085.SH,cp,3,cn_a,SIZE_MID,0.45188165103555017,0.27723167739418386,0.45188165103555017,0.629978358745575,0,quality_factor,0.838644802570343,value_factor,0.08642930537462234,volatility_factor,0.0748005136847496
2016-12-27,600066.SH,cp,3,cn_a,SIZE_MID,0.22935341930551226,0.14070948223820778,0.22935341930551226,0.629978358745575,0,quality_factor,0.9288633465766907,value_factor,0.06360480189323425,volatility_factor,0.0063890875317156315
2016-12-27,600009.SH,cp,3,cn_a,SIZE_MID,0.15009274407926781,0.09208265728523202,0.15009274407926781,0.629978358745575,0,quality_factor,0.9296187162399292,value_factor,0.055172149091959,volatility_factor,0.013800445944070816
2016-12-27,600021.SH,cp,3,cn_a,SIZE_MID,0.14595534406175156,0.08954434145789492,0.14595534406175156,0.629978358745575,0,quality_factor,0.8333236575126648,volatility_factor,0.15365728735923767,value_factor,0.00990131963044405
2016-12-27,600115.SH,cp,3,cn_a,SIZE_MID,0.13261716266488474,0.08136129973985362,0.13261716266488474,0.629978358745575,0,quality_factor,0.900364339351654,value_factor,0.07081481069326401,volatility_factor,0.027999499812722206
2016-12-27,600029.SH,cp,3,cn_a,SIZE_MID,0.046601678533966864,0.028590365374981275,0.046601678533966864,0.629978358745575,0,quality_factor,0.8452358245849609,value_factor,0.08476182818412781,volatility_factor,0.06980263441801071
2016-12-27,600048.SH,cp,3,cn_a,SIZE_MID,-0.005329899068532112,-0.003269920023804218,-0.005329899068532112,0.629978358745575,0,quality_factor,0.8584290742874146,value_factor,0.08142409473657608,volatility_factor,0.059798453003168106
2016-12-27,600039.SH,cp,3,cn_a,SIZE_MID,-0.024132582034705977,-0.014805461080356963,-0.024132582034705977,0.629978358745575,0,volatility_factor,0.5051635503768921,quality_factor,0.29492396116256714,value_factor,0.19289067387580872
2016-12-27,600027.SH,cp,3,cn_a,SIZE_MID,-0.06965843021218505,-0.04273579909278169,-0.06965843021218505,0.629978358745575,0,quality_factor,0.4645962715148926,volatility_factor,0.39438915252685547,value_factor,0.13522304594516754
2016-12-27,600026.SH,cp,3,cn_a,SIZE_MID,-0.11278280828957184,-0.06919282305818797,-0.11278280828957184,0.629978358745575,0,volatility_factor,0.5836763978004456,value_factor,0.23376339673995972,quality_factor,0.1746664196252823
2016-12-27,600015.SH,cp,3,cn_a,SIZE_MID,-0.21848870485430805,-0.13404392499592177,-0.21848870485430805,0.629978358745575,0,quality_factor,0.4645962715148926,volatility_factor,0.39438918232917786,value_factor,0.13522304594516754
2016-12-27,600010.SH,cp,3,cn_a,SIZE_MID,-0.3149398202916253,-0.19321717192451615,-0.3149398202916253,0.629978358745575,0,quality_factor,0.8821728229522705,volatility_factor,0.0991634726524353,value_factor,0.01619691401720047
2016-12-28,600085.SH,cp,3,cn_a,SIZE_MID,0.31827639723812184,0.2565083786955711,0.31827639723812184,0.2408030927181244,0,quality_factor,0.8236576318740845,value_factor,0.0930594727396965,volatility_factor,0.08315057307481766
2016-12-28,600066.SH,cp,3,cn_a,SIZE_MID,0.15937599302027802,0.12844583490129935,0.15937599302027802,0.2408030927181244,0,quality_factor,0.912582516670227,value_factor,0.07205542176961899,volatility_factor,0.014538236893713474
2016-12-28,600009.SH,cp,3,cn_a,SIZE_MID,0.10698258711112922,0.0862204367231243,0.10698258711112922,0.2408030927181244,0,quality_factor,0.9151866436004639,value_factor,0.07143812626600266,volatility_factor,0.012523452751338482
2016-12-28,600021.SH,cp,3,cn_a,SIZE_MID,0.10164498638624855,0.08191870615200969,0.10164498638624855,0.2408030927181244,0,quality_factor,0.8528681993484497,volatility_factor,0.13765746355056763,value_factor,0.006813027895987034
2016-12-28,600115.SH,cp,3,cn_a,SIZE_MID,0.09407750767291811,0.07581985084129883,0.09407750767291811,0.2408030927181244,0,quality_factor,0.8732842206954956,value_factor,0.08137142658233643,volatility_factor,0.04494421184062958
2016-12-28,600029.SH,cp,3,cn_a,SIZE_MID,0.03191535431370907,0.025721529656436815,0.03191535431370907,0.2408030927181244,0,quality_factor,0.842797040939331,value_factor,0.08859863877296448,volatility_factor,0.06853271275758743
2016-12-28,600048.SH,cp,3,cn_a,SIZE_MID,-0.0035879897187733835,-0.0028916672223431306,-0.0035879897187733835,0.2408030927181244,0,quality_factor,0.8654171228408813,value_factor,0.08323638141155243,volatility_factor,0.05103113502264023
2016-12-28,600039.SH,cp,3,cn_a,SIZE_MID,-0.017535746541498944,-0.014132577701673199,-0.017535746541498944,0.2408030927181244,0,volatility_factor,0.4337798058986664,quality_factor,0.4170058071613312,value_factor,0.1433299481868744
2016-12-28,600027.SH,cp,3,cn_a,SIZE_MID,-0.051440210255620046,-0.04145718955891198,-0.051440210255620046,0.2408030927181244,0,quality_factor,0.6038438081741333,volatility_factor,0.3109777569770813,value_factor,0.08062388747930527
2016-12-28,600026.SH,cp,3,cn_a,SIZE_MID,-0.0810037092763797,-0.06528328935200989,-0.0810037092763797,0.2408030927181244,0,volatility_factor,0.523235023021698,quality_factor,0.28090351819992065,value_factor,0.1890082210302353
2016-12-28,600015.SH,cp,3,cn_a,SIZE_MID,-0.16134594033681257,-0.1300334738109541,-0.16134594033681257,0.2408030927181244,0,quality_factor,0.6038438081741333,volatility_factor,0.3109777867794037,value_factor,0.08062389492988586
2016-12-28,600010.SH,cp,3,cn_a,SIZE_MID,-0.22257842854247664,-0.17938255030367145,-0.22257842854247664,0.2408030927181244,0,quality_factor,0.8910848498344421,volatility_factor,0.07064461708068848,value_factor,0.03640518710017204
2016-12-29,600085.SH,cp,3,cn_a,SIZE_MID,0.46980690937878844,0.25947379236322377,0.46980690937878844,0.8106141090393066,0,quality_factor,0.8326431512832642,volatility_factor,0.09751806408166885,value_factor,0.06919509917497635
2016-12-29,600066.SH,cp,3,cn_a,SIZE_MID,0.2661432799595273,0.14699061419594273,0.2661432799595273,0.8106141090393066,0,quality_factor,0.8468078970909119,volatility_factor,0.08811787515878677,value_factor,0.06422758102416992
2016-12-29,600021.SH,cp,3,cn_a,SIZE_MID,0.17502148709627918,0.09666415732789346,0.17502148709627918,0.8106141090393066,0,quality_factor,0.9580415487289429,value_factor,0.025218304246664047,volatility_factor,0.014299486763775349
2016-12-29,600009.SH,cp,3,cn_a,SIZE_MID,0.15050385096186103,0.08312309630775871,0.15050385096186103,0.8106141090393066,0,quality_factor,0.9790511727333069,value_factor,0.016991635784506798,momentum_factor,0.0027684711385518312
2016-12-29,600115.SH,cp,3,cn_a,SIZE_MID,0.13494434662031324,0.07452960072862425,0.13494434662031324,0.8106141090393066,0,quality_factor,0.9068453311920166,volatility_factor,0.04827502369880676,value_factor,0.04317265376448631
2016-12-29,600029.SH,cp,3,cn_a,SIZE_MID,0.05697634598469393,0.03146796752562864,0.05697634598469393,0.8106141090393066,0,quality_factor,0.7797418832778931,volatility_factor,0.1324797123670578,value_factor,0.08766661584377289
2016-12-29,600048.SH,cp,3,cn_a,SIZE_MID,-0.007121686777825059,-0.003933299062605755,-0.007121686777825059,0.8106141090393066,0,quality_factor,0.7632628679275513,volatility_factor,0.14311546087265015,value_factor,0.0932789146900177
2016-12-29,600039.SH,cp,3,cn_a,SIZE_MID,-0.02501178571708179,-0.01381397924174621,-0.02501178571708179,0.8106141090393066,0,volatility_factor,0.43979641795158386,quality_factor,0.31297311186790466,value_factor,0.23871579766273499
2016-12-29,600027.SH,cp,3,cn_a,SIZE_MID,-0.06202086398301748,-0.03425404876355742,-0.06202086398301748,0.8106141090393066,0,volatility_factor,0.5165072679519653,value_factor,0.2835468649864197,quality_factor,0.1904432475566864
2016-12-29,600026.SH,cp,3,cn_a,SIZE_MID,-0.12861835032120297,-0.07103576056272232,-0.12861835032120297,0.8106141090393066,0,volatility_factor,0.39703288674354553,quality_factor,0.38127925992012024,value_factor,0.2137240767478943
2016-12-29,600015.SH,cp,3,cn_a,SIZE_MID,-0.19453292561702853,-0.10744030141256644,-0.19453292561702853,0.8106141090393066,0,volatility_factor,0.5165072679519653,value_factor,0.2835468649864197,quality_factor,0.1904432326555252
2016-12-29,600010.SH,cp,3,cn_a,SIZE_MID,-0.34234572135282637,-0.18907713114776925,-0.34234572135282637,0.8106141090393066,0,quality_factor,0.9714268445968628,volatility_factor,0.018044812604784966,value_factor,0.007488577160984278
2016-12-30,600085.SH,cp,3,cn_a,SIZE_MID,0.3891132907045897,0.27322525675549514,0.3891132907045897,0.4241483807563782,0,quality_factor,0.8705610632896423,value_factor,0.07401688396930695,volatility_factor,0.05480119585990906
2016-12-30,600066.SH,cp,3,cn_a,SIZE_MID,0.20037062037238368,0.14069505078680322,0.20037062037238368,0.4241483807563782,0,quality_factor,0.9336041212081909,value_factor,0.04415580630302429,volatility_factor,0.0204736590385437
2016-12-30,600009.SH,cp,3,cn_a,SIZE_MID,0.12677997661679571,0.089021610132761,0.12677997661679571,0.4241483807563782,0,quality_factor,0.9058451056480408,volatility_factor,0.07208132743835449,value_factor,0.019634408876299858
2016-12-30,600021.SH,cp,3,cn_a,SIZE_MID,0.12659386228226036,0.08889092547599375,0.12659386228226036,0.4241483807563782,0,quality_factor,0.755513608455658,volatility_factor,0.19637423753738403,value_factor,0.04418516159057617
2016-12-30,600115.SH,cp,3,cn_a,SIZE_MID,0.11289187918577948,0.0792697484588416,0.11289187918577948,0.4241483807563782,0,quality_factor,0.9374270439147949,value_factor,0.04753288999199867,volatility_factor,0.013366259634494781
2016-12-30,600029.SH,cp,3,cn_a,SIZE_MID,0.04156006310212892,0.02918239798823663,0.04156006310212892,0.4241483807563782,0,quality_factor,0.8580788373947144,value_factor,0.07741036266088486,volatility_factor,0.06403809040784836
2016-12-30,600048.SH,cp,3,cn_a,SIZE_MID,-0.004849845043615173,-0.0034054353550008187,-0.004849845043615173,0.4241483807563782,0,quality_factor,0.8608153462409973,value_factor,0.07666638493537903,volatility_factor,0.06201303377747536
2016-12-30,600039.SH,cp,3,cn_a,SIZE_MID,-0.019566254362793814,-0.013738916145314306,-0.019566254362793814,0.4241483807563782,0,volatility_factor,0.6553088426589966,value_factor,0.28858673572540283,quality_factor,0.046927906572818756
2016-12-30,600027.SH,cp,3,cn_a,SIZE_MID,-0.05535856240004144,-0.03887134617781385,-0.05535856240004144,0.4241483807563782,0,volatility_factor,0.5587206482887268,value_factor,0.23714952170848846,quality_factor,0.19605818390846252
2016-12-30,600026.SH,cp,3,cn_a,SIZE_MID,-0.09273206717020527,-0.06511405153025862,-0.09273206717020527,0.4241483807563782,0,volatility_factor,0.6496765613555908,value_factor,0.2915998101234436,quality_factor,0.04977882653474808
2016-12-30,600015.SH,cp,3,cn_a,SIZE_MID,-0.173636135258976,-0.1219227889961303,-0.173636135258976,0.4241483807563782,0,volatility_factor,0.5587206482887268,value_factor,0.23714953660964966,quality_factor,0.19605816900730133
2016-12-30,600010.SH,cp,3,cn_a,SIZE_MID,-0.2683873714910637,-0.18845464865205486,-0.2683873714910637,0.4241483807563782,0,quality_factor,0.8122583031654358,volatility_factor,0.15962208807468414,value_factor,0.024613114073872566
