trade_date,stock_code,market_id,universe_id,model_count,models,total_score,stock_score,selection_signal,time_regime_score,cluster_label,top_factor_1,top_factor_1_score,top_factor_2,top_factor_2_score,top_factor_3,top_factor_3_score
2017-10-24,002430.SZ,cn_a,INDUSTRY_C35,3,"cp,pca,tucker",0.5825732799717798,0.5825732799717798,0.5825732799717798,0.0,0,quality_factor,0.5341394543647766,value_factor,0.24611690640449524,momentum_factor,0.2173919826745987
2017-10-24,601106.SH,cn_a,INDUSTRY_C35,3,"cp,pca,tucker",0.5403486031564382,0.5403486031564382,0.5403486031564382,0.0,0,quality_factor,0.7463434338569641,value_factor,0.19818677008152008,volatility_factor,0.036011576652526855
2017-10-24,601608.SH,cn_a,INDUSTRY_C35,3,"cp,pca,tucker",0.48730279566973517,0.48730279566973517,0.48730279566973517,0.0,1,quality_factor,0.4985695779323578,value_factor,0.27205604314804077,momentum_factor,0.14164389669895172
2017-10-24,002432.SZ,cn_a,INDUSTRY_C35,3,"cp,pca,tucker",0.14654100832523986,0.14654100832523986,0.14654100832523986,0.0,2,volatility_factor,0.37505578994750977,value_factor,0.3023303747177124,momentum_factor,0.250918447971344
2017-10-24,002008.SZ,cn_a,INDUSTRY_C35,3,"cp,pca,tucker",0.044663267359301366,0.044663267359301366,0.044663267359301366,0.0,0,momentum_factor,0.41845718026161194,value_factor,0.3128288984298706,volatility_factor,0.23385794460773468
2017-10-24,300604.SZ,cn_a,INDUSTRY_C35,3,"cp,pca,tucker",0.019438622908815078,0.019438622908815078,0.019438622908815078,0.0,0,momentum_factor,0.45173025131225586,value_factor,0.3014306426048279,volatility_factor,0.17781423032283783
2017-10-24,600582.SH,cn_a,INDUSTRY_C35,3,"cp,pca,tucker",0.017720671457959136,0.017720671457959136,0.017720671457959136,0.0,1,value_factor,0.5964834690093994,volatility_factor,0.20150743424892426,momentum_factor,0.10273762792348862
2017-10-24,601717.SH,cn_a,INDUSTRY_C35,3,"cp,pca,tucker",-0.01772037977240905,-0.01772037977240905,-0.01772037977240905,0.0,1,value_factor,0.5857361555099487,volatility_factor,0.19994500279426575,quality_factor,0.11313745379447937
2017-10-24,002353.SZ,cn_a,INDUSTRY_C35,3,"cp,pca,tucker",-0.025921658033251475,-0.025921658033251475,-0.025921658033251475,0.0,1,value_factor,0.5339483022689819,volatility_factor,0.19241613149642944,quality_factor,0.17995339632034302
2017-10-24,600031.SH,cn_a,INDUSTRY_C35,3,"cp,pca,tucker",-0.053543246554048206,-0.053543246554048206,-0.053543246554048206,0.0,0,volatility_factor,0.37556740641593933,quality_factor,0.31902968883514404,value_factor,0.2099236398935318
2017-10-24,002223.SZ,cn_a,INDUSTRY_C35,3,"cp,pca,tucker",-0.07321528512023516,-0.07321528512023516,-0.07321528512023516,0.0,1,volatility_factor,0.3748519718647003,quality_factor,0.3193743824958801,value_factor,0.20999997854232788
2017-10-24,300003.SZ,cn_a,INDUSTRY_C35,3,"cp,pca,tucker",-0.09357181049444459,-0.09357181049444459,-0.09357181049444459,0.0,0,volatility_factor,0.37556740641593933,quality_factor,0.31902968883514404,value_factor,0.209923654794693
2017-10-24,600528.SH,cn_a,INDUSTRY_C35,3,"cp,pca,tucker",-0.10368294576280047,-0.10368294576280047,-0.10368294576280047,0.0,0,volatility_factor,0.37556737661361694,quality_factor,0.31902965903282166,value_factor,0.2099236249923706
2017-10-24,600499.SH,cn_a,INDUSTRY_C35,3,"cp,pca,tucker",-0.11103149219703427,-0.11103149219703427,-0.11103149219703427,0.0,0,volatility_factor,0.37556737661361694,quality_factor,0.31902968883514404,value_factor,0.2099236398935318
2017-10-24,300529.SZ,cn_a,INDUSTRY_C35,3,"cp,pca,tucker",-0.1175664579332761,-0.1175664579332761,-0.1175664579332761,0.0,1,volatility_factor,0.3747607171535492,quality_factor,0.3194183111190796,value_factor,0.21000969409942627
2017-10-24,603338.SH,cn_a,INDUSTRY_C35,3,"cp,pca,tucker",-0.14173550154861433,-0.14173550154861433,-0.14173550154861433,0.0,1,volatility_factor,0.37506648898124695,quality_factor,0.319271057844162,value_factor,0.20997710525989532
2017-10-24,002595.SZ,cn_a,INDUSTRY_C35,3,"cp,pca,tucker",-0.15076452389874462,-0.15076452389874462,-0.15076452389874462,0.0,0,volatility_factor,0.37556737661361694,quality_factor,0.31902965903282166,value_factor,0.2099236398935318
2017-10-24,300450.SZ,cn_a,INDUSTRY_C35,3,"cp,pca,tucker",-0.1630769875165204,-0.1630769875165204,-0.1630769875165204,0.0,1,volatility_factor,0.3749152421951294,quality_factor,0.3193439245223999,value_factor,0.20999322831630707
2017-10-24,002837.SZ,cn_a,INDUSTRY_C35,3,"cp,pca,tucker",-0.18615940047970328,-0.18615940047970328,-0.18615940047970328,0.0,1,volatility_factor,0.37484368681907654,quality_factor,0.3193783760070801,value_factor,0.21000082790851593
2017-10-25,601106.SH,cn_a,INDUSTRY_C35,3,"cp,pca,tucker",0.80379668608169,0.4993515394148637,0.80379668608169,0.5352770785490671,0,quality_factor,0.707869291305542,value_factor,0.2483852356672287,momentum_factor,0.028671616688370705
2017-10-25,601608.SH,cn_a,INDUSTRY_C35,3,"cp,pca,tucker",0.7387260351984154,0.46330002165916423,0.7387260351984154,0.5352770785490671,0,quality_factor,0.7662727236747742,value_factor,0.17218445241451263,volatility_factor,0.04685712978243828
2017-10-25,002430.SZ,cn_a,INDUSTRY_C35,3,"cp,pca,tucker",0.4231460816061892,0.20059166907058681,0.4231460816061892,0.5352770785490671,0,quality_factor,0.7218562960624695,value_factor,0.2301359325647354,momentum_factor,0.025322159752249718
2017-10-25,002432.SZ,cn_a,INDUSTRY_C35,3,"cp,pca,tucker",0.15699432836163751,0.11997605663184603,0.15699432836163751,0.5352770785490671,2,momentum_factor,0.3578084409236908,volatility_factor,0.3024129271507263,value_factor,0.2974119484424591
2017-10-25,002008.SZ,cn_a,INDUSTRY_C35,3,"cp,pca,tucker",0.05652013679680001,0.07813540921143401,0.05652013679680001,0.5352770785490671,0,momentum_factor,0.3606857657432556,value_factor,0.33016201853752136,volatility_factor,0.305545836687088
2017-10-25,600582.SH,cn_a,INDUSTRY_C35,3,"cp,pca,tucker",0.01948243330903444,-0.008136664622924108,0.01948243330903444,0.5352770785490671,1,value_factor,0.5961543917655945,volatility_factor,0.2014595866203308,momentum_factor,0.1026899591088295
2017-10-25,601717.SH,cn_a,INDUSTRY_C35,3,"cp,pca,tucker",-0.00039321678477336847,-0.024822876348403383,-0.00039321678477336847,0.5352770785490671,1,value_factor,0.5850785374641418,volatility_factor,0.19984939694404602,quality_factor,0.11398595571517944
2017-10-25,600031.SH,cn_a,INDUSTRY_C35,3,"cp,pca,tucker",-0.028281225179699814,-0.020054759125819693,-0.028281225179699814,0.5352770785490671,0,quality_factor,0.33878830075263977,volatility_factor,0.33456239104270935,value_factor,0.2142992466688156
2017-10-25,002353.SZ,cn_a,INDUSTRY_C35,3,"cp,pca,tucker",-0.03322660429291434,-0.03174480462467701,-0.03322660429291434,0.5352770785490671,1,value_factor,0.5311560034751892,volatility_factor,0.19201017916202545,quality_factor,0.1835559606552124
2017-10-25,002223.SZ,cn_a,INDUSTRY_C35,3,"cp,pca,tucker",-0.08127538372872842,-0.04132938253445752,-0.08127538372872842,0.5352770785490671,1,momentum_factor,0.4979124069213867,quality_factor,0.21465171873569489,value_factor,0.17197425663471222
2017-10-25,300003.SZ,cn_a,INDUSTRY_C35,3,"cp,pca,tucker",-0.13199709127807155,-0.07018021338735884,-0.13199709127807155,0.5352770785490671,0,quality_factor,0.33878830075263977,volatility_factor,0.33456239104270935,value_factor,0.2142992466688156
2017-10-25,600528.SH,cn_a,INDUSTRY_C35,3,"cp,pca,tucker",-0.1377552942693017,-0.09744150192976371,-0.1377552942693017,0.5352770785490671,0,quality_factor,0.3387882709503174,volatility_factor,0.3345623314380646,value_factor,0.21429923176765442
2017-10-25,300604.SZ,cn_a,INDUSTRY_C35,3,"cp,pca,tucker",-0.15005116468559332,-0.08249104354620213,-0.15005116468559332,0.5352770785490671,0,volatility_factor,0.3420467972755432,quality_factor,0.33518186211586,value_factor,0.21350057423114777
2017-10-25,600499.SH,cn_a,INDUSTRY_C35,3,"cp,pca,tucker",-0.1690220975170129,-0.12454219022522868,-0.1690220975170129,0.5352770785490671,0,quality_factor,0.33878830075263977,volatility_factor,0.33456236124038696,value_factor,0.2142992615699768
2017-10-25,300529.SZ,cn_a,INDUSTRY_C35,3,"cp,pca,tucker",-0.17163141444749205,-0.09337193888084232,-0.17163141444749205,0.5352770785490671,1,quality_factor,0.3461335301399231,volatility_factor,0.31931886076927185,value_factor,0.21592585742473602
2017-10-25,603338.SH,cn_a,INDUSTRY_C35,3,"cp,pca,tucker",-0.21291025629359495,-0.1291433817731891,-0.21291025629359495,0.5352770785490671,1,quality_factor,0.3430171012878418,volatility_factor,0.32578638195991516,value_factor,0.21523571014404297
2017-10-25,002595.SZ,cn_a,INDUSTRY_C35,3,"cp,pca,tucker",-0.2197252354833091,-0.14542642795386804,-0.2197252354833091,0.5352770785490671,0,quality_factor,0.3387882709503174,volatility_factor,0.33456236124038696,value_factor,0.21429923176765442
2017-10-25,300450.SZ,cn_a,INDUSTRY_C35,3,"cp,pca,tucker",-0.26232196174133593,-0.15854457982632783,-0.26232196174133593,0.5352770785490671,1,quality_factor,0.344499796628952,volatility_factor,0.32270926237106323,value_factor,0.2155640870332718
2017-10-25,002837.SZ,cn_a,INDUSTRY_C35,3,"cp,pca,tucker",-0.2688327214243376,-0.1727923066090822,-0.2688327214243376,0.5352770785490671,1,quality_factor,0.34524041414260864,volatility_factor,0.32117223739624023,value_factor,0.21572807431221008
2017-10-26,601106.SH,cn_a,INDUSTRY_C35,3,"cp,pca,tucker",0.7603782801010598,0.5186436191011213,0.7603782801010598,0.5161600162585577,0,quality_factor,0.7456231713294983,value_factor,0.1991264969110489,volatility_factor,0.03561961650848389
2017-10-26,601608.SH,cn_a,INDUSTRY_C35,3,"cp,pca,tucker",0.68360581102483,0.4681326000109928,0.68360581102483,0.5161600162585577,0,quality_factor,0.81082683801651,value_factor,0.11405301094055176,volatility_factor,0.07110367715358734
2017-10-26,002430.SZ,cn_a,INDUSTRY_C35,3,"cp,pca,tucker",0.4384319392163964,0.2464274783684113,0.4384319392163964,0.5161600162585577,0,quality_factor,0.7611872553825378,value_factor,0.178819477558136,volatility_factor,0.04408964887261391
2017-10-26,002432.SZ,cn_a,INDUSTRY_C35,3,"cp,pca,tucker",0.15092385501564082,0.12451812507913868,0.15092385501564082,0.5161600162585577,2,momentum_factor,0.3653538227081299,volatility_factor,0.29638931155204773,value_factor,0.29474812746047974
2017-10-26,600582.SH,cn_a,INDUSTRY_C35,3,"cp,pca,tucker",0.03007683821340737,0.0021235883875912,0.03007683821340737,0.5161600162585577,1,value_factor,0.5964776277542114,volatility_factor,0.2015065848827362,momentum_factor,0.10273677855730057
2017-10-26,601717.SH,cn_a,INDUSTRY_C35,3,"cp,pca,tucker",-0.0033457498077913705,-0.02727002872032852,-0.0033457498077913705,0.5161600162585577,1,value_factor,0.5857247114181519,volatility_factor,0.19994334876537323,quality_factor,0.11315229535102844
2017-10-26,600031.SH,cn_a,INDUSTRY_C35,3,"cp,pca,tucker",-0.004378643146446586,-0.002073572289120145,-0.004378643146446586,0.5161600162585577,2,volatility_factor,0.39655885100364685,momentum_factor,0.3685547709465027,value_factor,0.13337425887584686
2017-10-26,002008.SZ,cn_a,INDUSTRY_C35,3,"cp,pca,tucker",-0.011579692283688436,0.02245797558988034,-0.011579692283688436,0.5161600162585577,0,momentum_factor,0.3583405017852783,value_factor,0.32477790117263794,volatility_factor,0.2659730613231659
2017-10-26,002353.SZ,cn_a,INDUSTRY_C35,3,"cp,pca,tucker",-0.03885065162884213,-0.03903240280104179,-0.03885065162884213,0.5161600162585577,1,value_factor,0.5338999032974243,volatility_factor,0.19240909814834595,quality_factor,0.18001586198806763
2017-10-26,002223.SZ,cn_a,INDUSTRY_C35,3,"cp,pca,tucker",-0.04668546590630598,-0.01806692866261735,-0.04668546590630598,0.5161600162585577,1,momentum_factor,0.5102353096008301,value_factor,0.27078527212142944,quality_factor,0.16299451887607574
2017-10-26,600528.SH,cn_a,INDUSTRY_C35,3,"cp,pca,tucker",-0.06799520379131298,-0.047581590383706095,-0.06799520379131298,0.5161600162585577,0,volatility_factor,0.41447389125823975,quality_factor,0.30028223991394043,value_factor,0.20577196776866913
2017-10-26,300003.SZ,cn_a,INDUSTRY_C35,3,"cp,pca,tucker",-0.09868303360407878,-0.05151497168905675,-0.09868303360407878,0.5161600162585577,0,momentum_factor,0.3883260488510132,value_factor,0.30133256316185,quality_factor,0.18746966123580933
2017-10-26,600499.SH,cn_a,INDUSTRY_C35,3,"cp,pca,tucker",-0.13525778090024715,-0.106990387216243,-0.13525778090024715,0.5161600162585577,0,volatility_factor,0.41447389125823975,quality_factor,0.30028223991394043,value_factor,0.20577195286750793
2017-10-26,300604.SZ,cn_a,INDUSTRY_C35,3,"cp,pca,tucker",-0.14150804688069143,-0.08580470650395182,-0.14150804688069143,0.5161600162585577,0,volatility_factor,0.41641750931739807,quality_factor,0.2993457019329071,value_factor,0.20556455850601196
2017-10-26,603338.SH,cn_a,INDUSTRY_C35,3,"cp,pca,tucker",-0.16127620262342648,-0.09998274233928474,-0.16127620262342648,0.5161600162585577,1,volatility_factor,0.4129924774169922,quality_factor,0.3009960353374481,value_factor,0.20593003928661346
2017-10-26,002595.SZ,cn_a,INDUSTRY_C35,3,"cp,pca,tucker",-0.1935242414317174,-0.1380533518540579,-0.1935242414317174,0.5161600162585577,0,volatility_factor,0.41447392106056213,quality_factor,0.30028223991394043,value_factor,0.20577195286750793
2017-10-26,300450.SZ,cn_a,INDUSTRY_C35,3,"cp,pca,tucker",-0.23782515181223107,-0.15554496565537806,-0.23782515181223107,0.5161600162585577,1,volatility_factor,0.4125973582267761,quality_factor,0.3011864423751831,value_factor,0.20597220957279205
2017-10-26,002837.SZ,cn_a,INDUSTRY_C35,3,"cp,pca,tucker",-0.24486882802413698,-0.17023645445415295,-0.24486882802413698,0.5161600162585577,1,volatility_factor,0.41241782903671265,quality_factor,0.301272988319397,value_factor,0.20599137246608734
2017-10-26,300529.SZ,cn_a,INDUSTRY_C35,3,"cp,pca,tucker",-0.24908863454921892,-0.17129103763942477,-0.24908863454921892,0.5161600162585577,1,volatility_factor,0.4122152030467987,quality_factor,0.3013705909252167,value_factor,0.20601297914981842
2017-10-27,601106.SH,cn_a,INDUSTRY_C35,3,"cp,pca,tucker",0.5801691862483102,0.4988785621934538,0.5801691862483102,0.1967017725110054,1,quality_factor,0.5955661535263062,value_factor,0.2917366325855255,volatility_factor,0.08779775351285934
2017-10-27,601608.SH,cn_a,INDUSTRY_C35,3,"cp,pca,tucker",0.5324381337159637,0.45883000793764595,0.5324381337159637,0.1967017725110054,1,quality_factor,0.6073306202888489,value_factor,0.3356150984764099,volatility_factor,0.036052946001291275
2017-10-27,002430.SZ,cn_a,INDUSTRY_C35,3,"cp,pca,tucker",0.34434615228182136,0.28353244520254933,0.34434615228182136,0.1967017725110054,0,quality_factor,0.7491868138313293,value_factor,0.194476917386055,volatility_factor,0.037558961659669876
2017-10-27,002432.SZ,cn_a,INDUSTRY_C35,3,"cp,pca,tucker",0.13769616562551545,0.1251010830123858,0.13769616562551545,0.1967017725110054,2,volatility_factor,0.369621217250824,value_factor,0.30377551913261414,momentum_factor,0.2612720727920532
2017-10-27,600031.SH,cn_a,INDUSTRY_C35,3,"cp,pca,tucker",0.029489168800594826,0.02734501347101605,0.029489168800594826,0.1967017725110054,2,momentum_factor,0.555556058883667,volatility_factor,0.32893261313438416,quality_factor,0.059348877519369125
2017-10-27,002008.SZ,cn_a,INDUSTRY_C35,3,"cp,pca,tucker",0.020356676745896918,0.026645121560479584,0.020356676745896918,0.1967017725110054,0,momentum_factor,0.37902525067329407,value_factor,0.31984302401542664,volatility_factor,0.24953429400920868
2017-10-27,600582.SH,cn_a,INDUSTRY_C35,3,"cp,pca,tucker",0.010152126973343745,0.003452261572183137,0.010152126973343745,0.1967017725110054,1,value_factor,0.5963836908340454,volatility_factor,0.20149293541908264,momentum_factor,0.10272317379713058
2017-10-27,601717.SH,cn_a,INDUSTRY_C35,3,"cp,pca,tucker",-0.028294294298355987,-0.03208402002593446,-0.028294294298355987,0.1967017725110054,1,value_factor,0.5855368971824646,volatility_factor,0.1999160498380661,quality_factor,0.11339451372623444
2017-10-27,002353.SZ,cn_a,INDUSTRY_C35,3,"cp,pca,tucker",-0.033234740036254574,-0.031904099347421826,-0.033234740036254574,0.1967017725110054,1,value_factor,0.533107340335846,volatility_factor,0.19229386746883392,quality_factor,0.18103837966918945
2017-10-27,002223.SZ,cn_a,INDUSTRY_C35,3,"cp,pca,tucker",-0.034172511527567444,-0.025880009932660448,-0.034172511527567444,0.1967017725110054,1,momentum_factor,0.5158535838127136,value_factor,0.2654576003551483,quality_factor,0.19172732532024384
2017-10-27,600499.SH,cn_a,INDUSTRY_C35,3,"cp,pca,tucker",-0.04097458113619085,-0.03546581863079552,-0.04097458113619085,0.1967017725110054,0,quality_factor,0.3378714621067047,volatility_factor,0.336465060710907,value_factor,0.21409620344638824
2017-10-27,600528.SH,cn_a,INDUSTRY_C35,3,"cp,pca,tucker",-0.0731373446172079,-0.06433447222886242,-0.0731373446172079,0.1967017725110054,0,quality_factor,0.3378714621067047,volatility_factor,0.336465060710907,value_factor,0.21409620344638824
2017-10-27,603338.SH,cn_a,INDUSTRY_C35,3,"cp,pca,tucker",-0.07902206513314154,-0.06301578291239296,-0.07902206513314154,0.1967017725110054,0,momentum_factor,0.5025498270988464,value_factor,0.23536762595176697,quality_factor,0.21873654425144196
2017-10-27,300003.SZ,cn_a,INDUSTRY_C35,3,"cp,pca,tucker",-0.08593483010574327,-0.07047808891522106,-0.08593483010574327,0.1967017725110054,0,quality_factor,0.3378714323043823,volatility_factor,0.336465060710907,value_factor,0.21409620344638824
2017-10-27,300604.SZ,cn_a,INDUSTRY_C35,3,"cp,pca,tucker",-0.09299022819605922,-0.07642760964029734,-0.09299022819605922,0.1967017725110054,0,volatility_factor,0.3434726297855377,quality_factor,0.33449479937553406,value_factor,0.21334844827651978
2017-10-27,002595.SZ,cn_a,INDUSTRY_C35,3,"cp,pca,tucker",-0.16139242613016994,-0.1409695566759775,-0.16139242613016994,0.1967017725110054,0,quality_factor,0.3378714323043823,volatility_factor,0.336465060710907,value_factor,0.21409620344638824
2017-10-27,300529.SZ,cn_a,INDUSTRY_C35,3,"cp,pca,tucker",-0.18948584869196075,-0.1631630153035252,-0.18948584869196075,0.1967017725110054,1,quality_factor,0.34465083479881287,volatility_factor,0.32239577174186707,value_factor,0.2155974954366684
2017-10-27,002837.SZ,cn_a,INDUSTRY_C35,3,"cp,pca,tucker",-0.19516519842225202,-0.1691585129478961,-0.19516519842225202,0.1967017725110054,1,quality_factor,0.34383347630500793,volatility_factor,0.3240920305252075,value_factor,0.21541649103164673
2017-10-27,300450.SZ,cn_a,INDUSTRY_C35,3,"cp,pca,tucker",-0.24872221336404654,-0.21575967915829045,-0.24872221336404654,0.1967017725110054,1,quality_factor,0.3431542217731476,volatility_factor,0.32550179958343506,value_factor,0.21526609361171722
2017-10-30,601106.SH,cn_a,INDUSTRY_C35,3,"cp,pca,tucker",0.6447616512416883,0.4980636669414311,0.6447616512416883,0.2062314972281456,1,quality_factor,0.6219453811645508,value_factor,0.3347330391407013,volatility_factor,0.03687562793493271
2017-10-30,601608.SH,cn_a,INDUSTRY_C35,3,"cp,pca,tucker",0.6045719054289297,0.46428356003079335,0.6045719054289297,0.2062314972281456,1,quality_factor,0.4901236891746521,value_factor,0.3259499967098236,volatility_factor,0.09251711517572403
2017-10-30,002430.SZ,cn_a,INDUSTRY_C35,3,"cp,pca,tucker",0.40031406199092584,0.3288214091485762,0.40031406199092584,0.2062314972281456,0,quality_factor,0.7443147897720337,value_factor,0.20083355903625488,volatility_factor,0.03490760177373886
2017-10-30,002432.SZ,cn_a,INDUSTRY_C35,3,"cp,pca,tucker",0.1605466462656769,0.1122910519893624,0.1605466462656769,0.2062314972281456,2,volatility_factor,0.4241078197956085,value_factor,0.31365132331848145,momentum_factor,0.1867889016866684
2017-10-30,600031.SH,cn_a,INDUSTRY_C35,3,"cp,pca,tucker",0.07950104874377407,0.0541834703030456,0.07950104874377407,0.2062314972281456,2,momentum_factor,0.7147802114486694,volatility_factor,0.2391074150800705,value_factor,0.03294060006737709
2017-10-30,002008.SZ,cn_a,INDUSTRY_C35,3,"cp,pca,tucker",0.07271310090323416,0.03684309973456636,0.07271310090323416,0.2062314972281456,0,value_factor,0.33531510829925537,momentum_factor,0.32549041509628296,volatility_factor,0.31190726161003113
2017-10-30,603338.SH,cn_a,INDUSTRY_C35,3,"cp,pca,tucker",0.021682004347626127,-0.0003639388972896303,0.021682004347626127,0.2062314972281456,0,momentum_factor,0.428287535905838,value_factor,0.3040396273136139,volatility_factor,0.17740707099437714
2017-10-30,300003.SZ,cn_a,INDUSTRY_C35,3,"cp,pca,tucker",0.008593514383482501,-0.007493359603111556,0.008593514383482501,0.2062314972281456,0,momentum_factor,0.38966578245162964,value_factor,0.31193214654922485,volatility_factor,0.20374362170696259
2017-10-30,002223.SZ,cn_a,INDUSTRY_C35,3,"cp,pca,tucker",-0.006225136721009934,-0.013260138729359805,-0.006225136721009934,0.2062314972281456,1,momentum_factor,0.4027899205684662,value_factor,0.30146849155426025,volatility_factor,0.17644576728343964
2017-10-30,002353.SZ,cn_a,INDUSTRY_C35,3,"cp,pca,tucker",-0.01783233194529676,-0.009886210787202138,-0.01783233194529676,0.2062314972281456,1,value_factor,0.5327749252319336,volatility_factor,0.19224554300308228,quality_factor,0.18146732449531555
2017-10-30,600582.SH,cn_a,INDUSTRY_C35,3,"cp,pca,tucker",-0.03102190609151655,-0.011833735457237371,-0.03102190609151655,0.2062314972281456,1,value_factor,0.5963443517684937,volatility_factor,0.201487198472023,momentum_factor,0.10271748155355453
2017-10-30,601717.SH,cn_a,INDUSTRY_C35,3,"cp,pca,tucker",-0.04003967057958696,-0.017542315686020594,-0.04003967057958696,0.2062314972281456,1,value_factor,0.5854584574699402,volatility_factor,0.19990462064743042,quality_factor,0.11349578946828842
2017-10-30,600499.SH,cn_a,INDUSTRY_C35,3,"cp,pca,tucker",-0.0733897696588115,-0.054021230122695885,-0.0733897696588115,0.2062314972281456,0,quality_factor,0.34139037132263184,volatility_factor,0.32916224002838135,value_factor,0.2148754745721817
2017-10-30,300604.SZ,cn_a,INDUSTRY_C35,3,"cp,pca,tucker",-0.08409089198982694,-0.07233568305095638,-0.08409089198982694,0.2062314972281456,0,volatility_factor,0.3380725681781769,quality_factor,0.3370968699455261,value_factor,0.21392466127872467
2017-10-30,600528.SH,cn_a,INDUSTRY_C35,3,"cp,pca,tucker",-0.08617146821202774,-0.063782034049894,-0.08617146821202774,0.2062314972281456,0,quality_factor,0.3413904011249542,volatility_factor,0.32916226983070374,value_factor,0.2148754894733429
2017-10-30,002595.SZ,cn_a,INDUSTRY_C35,3,"cp,pca,tucker",-0.15772345682528224,-0.11987925848879644,-0.15772345682528224,0.2062314972281456,0,quality_factor,0.34139037132263184,volatility_factor,0.32916224002838135,value_factor,0.2148754745721817
2017-10-30,300529.SZ,cn_a,INDUSTRY_C35,3,"cp,pca,tucker",-0.1758585660379005,-0.13814937276458042,-0.1758585660379005,0.2062314972281456,1,quality_factor,0.3505013585090637,volatility_factor,0.3102542459964752,value_factor,0.21689313650131226
2017-10-30,300450.SZ,cn_a,INDUSTRY_C35,3,"cp,pca,tucker",-0.18077547023931895,-0.14409306930282767,-0.18077547023931895,0.2062314972281456,1,quality_factor,0.34843090176582336,volatility_factor,0.3145510256290436,value_factor,0.21643461287021637
2017-10-30,002837.SZ,cn_a,INDUSTRY_C35,3,"cp,pca,tucker",-0.22431864571136262,-0.17043465768720534,-0.22431864571136262,0.2062314972281456,1,quality_factor,0.34936636686325073,volatility_factor,0.31260979175567627,value_factor,0.21664178371429443
2017-10-31,601106.SH,cn_a,INDUSTRY_C35,3,"cp,pca,tucker",0.5949836022228262,0.48757895161742953,0.5949836022228262,0.16501641646027565,1,quality_factor,0.5318691730499268,value_factor,0.3556016981601715,volatility_factor,0.07612285017967224
2017-10-31,601608.SH,cn_a,INDUSTRY_C35,3,"cp,pca,tucker",0.5809190710570048,0.4760494756060359,0.5809190710570048,0.16501641646027565,1,quality_factor,0.5457650423049927,value_factor,0.3279341161251068,momentum_factor,0.08024131506681442
2017-10-31,002430.SZ,cn_a,INDUSTRY_C35,3,"cp,pca,tucker",0.4547442084008783,0.37266949356215595,0.4547442084008783,0.16501641646027565,0,quality_factor,0.7541844844818115,value_factor,0.18795624375343323,volatility_factor,0.04027871787548065
2017-10-31,002432.SZ,cn_a,INDUSTRY_C35,3,"cp,pca,tucker",0.133711665756636,0.10956189748559896,0.133711665756636,0.16501641646027565,2,volatility_factor,0.3601650595664978,value_factor,0.3078705966472626,momentum_factor,0.2789263427257538
2017-10-31,300604.SZ,cn_a,INDUSTRY_C35,3,"cp,pca,tucker",0.1029451310561177,0.08433617404358551,0.1029451310561177,0.16501641646027565,0,value_factor,0.33714014291763306,momentum_factor,0.3337397873401642,volatility_factor,0.3274480104446411
2017-10-31,002008.SZ,cn_a,INDUSTRY_C35,3,"cp,pca,tucker",0.07040386652233226,0.057674140790374105,0.07040386652233226,0.16501641646027565,0,value_factor,0.33876463770866394,volatility_factor,0.3328949809074402,momentum_factor,0.32123273611068726
2017-10-31,600031.SH,cn_a,INDUSTRY_C35,3,"cp,pca,tucker",0.05844827531810524,0.04789224931681885,0.05844827531810524,0.16501641646027565,2,momentum_factor,0.7272933125495911,volatility_factor,0.27087804675102234,value_factor,0.0013415756402537227
2017-10-31,603338.SH,cn_a,INDUSTRY_C35,3,"cp,pca,tucker",0.03330035967251945,0.027269246880337217,0.03330035967251945,0.16501641646027565,0,momentum_factor,0.47683027386665344,value_factor,0.29512500762939453,volatility_factor,0.15943926572799683
2017-10-31,601717.SH,cn_a,INDUSTRY_C35,3,"cp,pca,tucker",-0.00477932613984335,-0.003901600504226943,-0.00477932613984335,0.16501641646027565,1,value_factor,0.5856161117553711,volatility_factor,0.19992755353450775,quality_factor,0.11329242587089539
2017-10-31,300003.SZ,cn_a,INDUSTRY_C35,3,"cp,pca,tucker",-0.005854448828931907,-0.004812331806804441,-0.005854448828931907,0.16501641646027565,0,momentum_factor,0.38957810401916504,value_factor,0.3126927614212036,volatility_factor,0.20937234163284302
2017-10-31,600582.SH,cn_a,INDUSTRY_C35,3,"cp,pca,tucker",-0.025563816532219324,-0.020935648917861992,-0.025563816532219324,0.16501641646027565,1,value_factor,0.5964232683181763,volatility_factor,0.20149870216846466,momentum_factor,0.10272891074419022
2017-10-31,002223.SZ,cn_a,INDUSTRY_C35,3,"cp,pca,tucker",-0.0284466475741203,-0.023318324983697524,-0.0284466475741203,0.16501641646027565,1,momentum_factor,0.3723043203353882,value_factor,0.3057830035686493,volatility_factor,0.18212197721004486
2017-10-31,002353.SZ,cn_a,INDUSTRY_C35,3,"cp,pca,tucker",-0.06023713965548333,-0.04935429427341668,-0.06023713965548333,0.16501641646027565,1,value_factor,0.5334419012069702,volatility_factor,0.19234251976013184,quality_factor,0.18060678243637085
2017-10-31,600528.SH,cn_a,INDUSTRY_C35,3,"cp,pca,tucker",-0.07703455206189891,-0.06312559297888397,-0.07703455206189891,0.16501641646027565,0,volatility_factor,0.45839181542396545,quality_factor,0.27911996841430664,value_factor,0.20108552277088165
2017-10-31,600499.SH,cn_a,INDUSTRY_C35,3,"cp,pca,tucker",-0.08754316212172152,-0.07173597800559935,-0.08754316212172152,0.16501641646027565,0,volatility_factor,0.45839181542396545,quality_factor,0.27911999821662903,value_factor,0.20108553767204285
2017-10-31,300529.SZ,cn_a,INDUSTRY_C35,3,"cp,pca,tucker",-0.1490193046583288,-0.12212388945208537,-0.1490193046583288,0.16501641646027565,1,volatility_factor,0.4435984492301941,quality_factor,0.2862483561038971,value_factor,0.20266412198543549
2017-10-31,002595.SZ,cn_a,INDUSTRY_C35,3,"cp,pca,tucker",-0.15220484663104164,-0.12472763732108183,-0.15220484663104164,0.16501641646027565,0,volatility_factor,0.45839184522628784,quality_factor,0.27911999821662903,value_factor,0.20108553767204285
2017-10-31,300450.SZ,cn_a,INDUSTRY_C35,3,"cp,pca,tucker",-0.16300975497535186,-0.13359076438053435,-0.16300975497535186,0.16501641646027565,1,volatility_factor,0.4458104968070984,quality_factor,0.285182386636734,value_factor,0.20242807269096375
2017-10-31,002837.SZ,cn_a,INDUSTRY_C35,3,"cp,pca,tucker",-0.21079996013511218,-0.1727433625592758,-0.21079996013511218,0.16501641646027565,1,volatility_factor,0.4447583854198456,quality_factor,0.2856893837451935,value_factor,0.2025403380393982
2017-11-01,601106.SH,cn_a,INDUSTRY_C35,3,"cp,pca,tucker",0.6426679044531238,0.48374255550265133,0.6426679044531238,0.3818084994951884,1,quality_factor,0.5098252892494202,value_factor,0.34873080253601074,volatility_factor,0.09055360406637192
2017-11-01,601608.SH,cn_a,INDUSTRY_C35,3,"cp,pca,tucker",0.6105663113939469,0.4613098848037276,0.6105663113939469,0.3818084994951884,1,quality_factor,0.5458968281745911,value_factor,0.3470151126384735,volatility_factor,0.05838878080248833
2017-11-01,002430.SZ,cn_a,INDUSTRY_C35,3,"cp,pca,tucker",0.42065815319153216,0.3085064809619558,0.42065815319153216,0.3818084994951884,0,quality_factor,0.735654890537262,value_factor,0.21213245391845703,volatility_factor,0.0301948431879282
2017-11-01,002432.SZ,cn_a,INDUSTRY_C35,3,"cp,pca,tucker",0.10599987830283207,0.08269091174593828,0.10599987830283207,0.3818084994951884,2,volatility_factor,0.4000624120235443,value_factor,0.32927894592285156,momentum_factor,0.23418718576431274
2017-11-01,300604.SZ,cn_a,INDUSTRY_C35,3,"cp,pca,tucker",0.05866216741737847,0.05271844899637542,0.05866216741737847,0.3818084994951884,0,momentum_factor,0.40616196393966675,value_factor,0.315015971660614,volatility_factor,0.23345798254013062
2017-11-01,002008.SZ,cn_a,INDUSTRY_C35,3,"cp,pca,tucker",0.04239590965709026,0.03953462626584261,0.04239590965709026,0.3818084994951884,0,volatility_factor,0.3444017767906189,value_factor,0.34416794776916504,momentum_factor,0.2921460270881653
2017-11-01,600031.SH,cn_a,INDUSTRY_C35,3,"cp,pca,tucker",0.033665493707654176,0.027225842455246296,0.033665493707654176,0.3818084994951884,2,momentum_factor,0.6723890900611877,volatility_factor,0.28411421179771423,value_factor,0.029791567474603653
2017-11-01,300003.SZ,cn_a,INDUSTRY_C35,3,"cp,pca,tucker",-0.01821194897735386,-0.008488992929211106,-0.01821194897735386,0.3818084994951884,0,momentum_factor,0.33981528878211975,value_factor,0.3245358467102051,volatility_factor,0.24840135872364044
2017-11-01,601717.SH,cn_a,INDUSTRY_C35,3,"cp,pca,tucker",-0.02112217991045075,-0.020333245794662436,-0.02112217991045075,0.3818084994951884,1,value_factor,0.5853155851364136,volatility_factor,0.1998838484287262,quality_factor,0.11368013173341751
2017-11-01,600582.SH,cn_a,INDUSTRY_C35,3,"cp,pca,tucker",-0.021369856589445946,-0.020901866361689486,-0.021369856589445946,0.3818084994951884,1,value_factor,0.596272885799408,volatility_factor,0.2014768123626709,momentum_factor,0.10270713269710541
2017-11-01,603338.SH,cn_a,INDUSTRY_C35,3,"cp,pca,tucker",-0.02467495912471108,-0.012693696880500352,-0.02467495912471108,0.3818084994951884,0,momentum_factor,0.5283779501914978,value_factor,0.2751968502998352,quality_factor,0.13449592888355255
2017-11-01,600499.SH,cn_a,INDUSTRY_C35,3,"cp,pca,tucker",-0.03268805172208124,-0.024362757042621724,-0.03268805172208124,0.3818084994951884,0,quality_factor,0.4702965319156647,value_factor,0.24342209100723267,momentum_factor,0.22463783621788025
2017-11-01,002223.SZ,cn_a,INDUSTRY_C35,3,"cp,pca,tucker",-0.05090558217635573,-0.03614581418232098,-0.05090558217635573,0.3818084994951884,1,value_factor,0.3270801603794098,momentum_factor,0.26493802666664124,volatility_factor,0.24097305536270142
2017-11-01,600528.SH,cn_a,INDUSTRY_C35,3,"cp,pca,tucker",-0.06674029125071462,-0.050701409983927775,-0.06674029125071462,0.3818084994951884,0,quality_factor,0.4702965319156647,value_factor,0.24342209100723267,momentum_factor,0.22463783621788025
2017-11-01,002353.SZ,cn_a,INDUSTRY_C35,3,"cp,pca,tucker",-0.07635247041464681,-0.06118152698222299,-0.07635247041464681,0.3818084994951884,1,value_factor,0.5321679711341858,volatility_factor,0.1921573281288147,quality_factor,0.18225042521953583
2017-11-01,002595.SZ,cn_a,INDUSTRY_C35,3,"cp,pca,tucker",-0.16390790439566427,-0.12477989865632284,-0.16390790439566427,0.3818084994951884,0,quality_factor,0.4702965021133423,value_factor,0.24342209100723267,momentum_factor,0.22463780641555786
2017-11-01,300529.SZ,cn_a,INDUSTRY_C35,3,"cp,pca,tucker",-0.17665460403206143,-0.13247668848558256,-0.17665460403206143,0.3818084994951884,1,volatility_factor,0.6894454956054688,momentum_factor,0.16778483986854553,quality_factor,0.10046405345201492
2017-11-01,300450.SZ,cn_a,INDUSTRY_C35,3,"cp,pca,tucker",-0.18116360229805892,-0.13500476929570207,-0.18116360229805892,0.3818084994951884,1,volatility_factor,0.5475136637687683,quality_factor,0.21631042659282684,momentum_factor,0.20150817930698395
2017-11-01,002837.SZ,cn_a,INDUSTRY_C35,3,"cp,pca,tucker",-0.2265149167247147,-0.17182076525982926,-0.2265149167247147,0.3818084994951884,1,volatility_factor,0.6372900605201721,momentum_factor,0.1929163783788681,quality_factor,0.1685124933719635
2017-11-02,601106.SH,cn_a,INDUSTRY_C35,3,"cp,pca,tucker",0.5402769981407468,0.4814089442845389,0.5402769981407468,0.14664767434199652,1,quality_factor,0.547696053981781,value_factor,0.36834949254989624,volatility_factor,0.07091312855482101
2017-11-02,601608.SH,cn_a,INDUSTRY_C35,3,"cp,pca,tucker",0.49190725697752957,0.43779141576903663,0.49190725697752957,0.14664767434199652,1,quality_factor,0.5141062140464783,value_factor,0.37322279810905457,volatility_factor,0.08783474564552307
2017-11-02,002430.SZ,cn_a,INDUSTRY_C35,3,"cp,pca,tucker",0.32602626071050017,0.29877282378257636,0.32602626071050017,0.14664767434199652,0,quality_factor,0.7326970100402832,value_factor,0.2159915715456009,volatility_factor,0.028585202991962433
2017-11-02,002432.SZ,cn_a,INDUSTRY_C35,3,"cp,pca,tucker",0.13805889035979987,0.11816674442119661,0.13805889035979987,0.14664767434199652,2,volatility_factor,0.33987873792648315,momentum_factor,0.30604642629623413,value_factor,0.3035809099674225
2017-11-02,603338.SH,cn_a,INDUSTRY_C35,3,"cp,pca,tucker",0.03148154725965863,0.020662059040176834,0.03148154725965863,0.14664767434199652,0,momentum_factor,0.4821045994758606,value_factor,0.2926665246486664,volatility_factor,0.14655698835849762
2017-11-02,600031.SH,cn_a,INDUSTRY_C35,3,"cp,pca,tucker",0.025638427592102206,0.02150745763640143,0.025638427592102206,0.14664767434199652,2,momentum_factor,0.5838432312011719,quality_factor,0.21173377335071564,volatility_factor,0.14645710587501526
2017-11-02,600499.SH,cn_a,INDUSTRY_C35,3,"cp,pca,tucker",0.013966609095381992,0.010541982045348461,0.013966609095381992,0.14664767434199652,2,momentum_factor,0.5514032244682312,volatility_factor,0.18478573858737946,quality_factor,0.15272976458072662
2017-11-02,300604.SZ,cn_a,INDUSTRY_C35,3,"cp,pca,tucker",-0.00018649732100907887,-0.005864874988439748,-0.00018649732100907887,0.14664767434199652,0,momentum_factor,0.41790443658828735,value_factor,0.304844468832016,volatility_factor,0.16783688962459564
2017-11-02,002008.SZ,cn_a,INDUSTRY_C35,3,"cp,pca,tucker",-0.0029233474598005147,-0.007852159911900738,-0.0029233474598005147,0.14664767434199652,0,momentum_factor,0.3647426962852478,value_factor,0.3182646632194519,volatility_factor,0.22372788190841675
2017-11-02,601717.SH,cn_a,INDUSTRY_C35,3,"cp,pca,tucker",-0.02653062560542919,-0.018628472454628942,-0.02653062560542919,0.14664767434199652,1,value_factor,0.5852657556533813,volatility_factor,0.199876606464386,quality_factor,0.11374441534280777
2017-11-02,002223.SZ,cn_a,INDUSTRY_C35,3,"cp,pca,tucker",-0.04182768264320497,-0.039232704931668326,-0.04182768264320497,0.14664767434199652,1,volatility_factor,0.6079075336456299,quality_factor,0.20684857666492462,value_factor,0.1850178837776184
2017-11-02,600582.SH,cn_a,INDUSTRY_C35,3,"cp,pca,tucker",-0.04673989743403961,-0.03601931980461576,-0.04673989743403961,0.14664767434199652,1,value_factor,0.5962479114532471,volatility_factor,0.2014731913805008,momentum_factor,0.1027035117149353
2017-11-02,600528.SH,cn_a,INDUSTRY_C35,3,"cp,pca,tucker",-0.05045453089731617,-0.044712394511444764,-0.05045453089731617,0.14664767434199652,0,volatility_factor,0.7054919004440308,momentum_factor,0.16005273163318634,quality_factor,0.07952789217233658
2017-11-02,300003.SZ,cn_a,INDUSTRY_C35,3,"cp,pca,tucker",-0.07128166976611554,-0.06609674017379769,-0.07128166976611554,0.14664767434199652,0,volatility_factor,0.7054919600486755,momentum_factor,0.16005273163318634,quality_factor,0.07952789217233658
2017-11-02,002353.SZ,cn_a,INDUSTRY_C35,3,"cp,pca,tucker",-0.08718786172338987,-0.07333234816307871,-0.08718786172338987,0.14664767434199652,1,value_factor,0.5319557785987854,volatility_factor,0.19212646782398224,quality_factor,0.1825241595506668
2017-11-02,300529.SZ,cn_a,INDUSTRY_C35,3,"cp,pca,tucker",-0.13403766147147925,-0.12083311574224281,-0.13403766147147925,0.14664767434199652,1,volatility_factor,0.5895365476608276,quality_factor,0.21592682600021362,value_factor,0.18709123134613037
2017-11-02,002595.SZ,cn_a,INDUSTRY_C35,3,"cp,pca,tucker",-0.139120565601356,-0.12288608096893654,-0.139120565601356,0.14664767434199652,0,volatility_factor,0.7054919004440308,momentum_factor,0.16005273163318634,quality_factor,0.07952789217233658
2017-11-02,300450.SZ,cn_a,INDUSTRY_C35,3,"cp,pca,tucker",-0.16859075475113974,-0.15126974104465363,-0.16859075475113974,0.14664767434199652,1,volatility_factor,0.6154482364654541,quality_factor,0.19700999557971954,value_factor,0.1811107099056244
2017-11-02,002837.SZ,cn_a,INDUSTRY_C35,3,"cp,pca,tucker",-0.19419236429819553,-0.17161454775331997,-0.19419236429819553,0.14664767434199652,1,volatility_factor,0.6063406467437744,quality_factor,0.20782962441444397,value_factor,0.1852981001138687
2017-11-03,601106.SH,cn_a,INDUSTRY_C35,3,"cp,pca,tucker",0.5441032569646657,0.4639972910468737,0.5441032569646657,0.4292325476805369,0,quality_factor,0.7327004671096802,value_factor,0.21598711609840393,volatility_factor,0.02858707681298256
2017-11-03,601608.SH,cn_a,INDUSTRY_C35,3,"cp,pca,tucker",0.5048362389800057,0.43429750429339703,0.5048362389800057,0.4292325476805369,0,quality_factor,0.7955330014228821,value_factor,0.1340074986219406,volatility_factor,0.06278069317340851
2017-11-03,002430.SZ,cn_a,INDUSTRY_C35,3,"cp,pca,tucker",0.3898409584813667,0.3203628880998231,0.3898409584813667,0.4292325476805369,0,quality_factor,0.7477155923843384,value_factor,0.19639642536640167,volatility_factor,0.03675833344459534
2017-11-03,600499.SH,cn_a,INDUSTRY_C35,3,"cp,pca,tucker",0.10436789919748236,0.1025021620922193,0.10436789919748236,0.4292325476805369,2,momentum_factor,0.5167785882949829,value_factor,0.28994104266166687,volatility_factor,0.181959867477417
2017-11-03,002432.SZ,cn_a,INDUSTRY_C35,3,"cp,pca,tucker",0.07059949678930631,0.0608282144325662,0.07059949678930631,0.4292325476805369,2,momentum_factor,0.3342706263065338,value_factor,0.3276265561580658,volatility_factor,0.3223839998245239
2017-11-03,603338.SH,cn_a,INDUSTRY_C35,3,"cp,pca,tucker",0.014185259570257255,0.026060395075596987,0.014185259570257255,0.4292325476805369,0,momentum_factor,0.35475867986679077,value_factor,0.32634738087654114,volatility_factor,0.27071109414100647
2017-11-03,300604.SZ,cn_a,INDUSTRY_C35,3,"cp,pca,tucker",-0.0007258620085660491,0.010163859843962897,-0.0007258620085660491,0.4292325476805369,0,momentum_factor,0.5022477507591248,value_factor,0.2842690050601959,quality_factor,0.11469912528991699
2017-11-03,002008.SZ,cn_a,INDUSTRY_C35,3,"cp,pca,tucker",-0.0022479760860313336,0.008990397918470866,-0.0022479760860313336,0.4292325476805369,0,momentum_factor,0.43733805418014526,value_factor,0.30130845308303833,volatility_factor,0.1685643345117569
2017-11-03,600031.SH,cn_a,INDUSTRY_C35,3,"cp,pca,tucker",-0.018383967667238224,-0.014874078850688725,-0.018383967667238224,0.4292325476805369,0,volatility_factor,0.7114444971084595,value_factor,0.13137105107307434,momentum_factor,0.08542303740978241
2017-11-03,601717.SH,cn_a,INDUSTRY_C35,3,"cp,pca,tucker",-0.018474501894669388,-0.01802251332129523,-0.018474501894669388,0.4292325476805369,1,value_factor,0.5855134129524231,volatility_factor,0.19991262257099152,quality_factor,0.11342491954565048
2017-11-03,600582.SH,cn_a,INDUSTRY_C35,3,"cp,pca,tucker",-0.046959714947645115,-0.05055474006919333,-0.046959714947645115,0.4292325476805369,1,value_factor,0.5963718295097351,volatility_factor,0.20149120688438416,momentum_factor,0.1027214527130127
2017-11-03,002353.SZ,cn_a,INDUSTRY_C35,3,"cp,pca,tucker",-0.06360774497154437,-0.0600222642646225,-0.06360774497154437,0.4292325476805369,1,value_factor,0.5330076813697815,volatility_factor,0.1922793835401535,quality_factor,0.18116706609725952
2017-11-03,600528.SH,cn_a,INDUSTRY_C35,3,"cp,pca,tucker",-0.07058679075690576,-0.062093541048280514,-0.07058679075690576,0.4292325476805369,0,volatility_factor,0.7114444971084595,value_factor,0.13137105107307434,momentum_factor,0.08542302995920181
2017-11-03,300003.SZ,cn_a,INDUSTRY_C35,3,"cp,pca,tucker",-0.07207657942788447,-0.05859360394813876,-0.07207657942788447,0.4292325476805369,0,volatility_factor,0.7114445567131042,value_factor,0.13137105107307434,momentum_factor,0.085423044860363
2017-11-03,002223.SZ,cn_a,INDUSTRY_C35,3,"cp,pca,tucker",-0.09260177865877374,-0.07983074370381978,-0.09260177865877374,0.4292325476805369,1,volatility_factor,0.5658239722251892,quality_factor,0.22735291719436646,value_factor,0.18962158262729645
2017-11-03,300529.SZ,cn_a,INDUSTRY_C35,3,"cp,pca,tucker",-0.12074349359030467,-0.10232937834562277,-0.12074349359030467,0.4292325476805369,1,volatility_factor,0.553496778011322,quality_factor,0.23329289257526398,value_factor,0.19093701243400574
2017-11-03,002595.SZ,cn_a,INDUSTRY_C35,3,"cp,pca,tucker",-0.1313539481549749,-0.11592876144666203,-0.1313539481549749,0.4292325476805369,0,volatility_factor,0.7114445567131042,value_factor,0.13137106597423553,momentum_factor,0.085423044860363
2017-11-03,300450.SZ,cn_a,INDUSTRY_C35,3,"cp,pca,tucker",-0.15908085594752194,-0.13768433963213592,-0.15908085594752194,0.4292325476805369,1,volatility_factor,0.5756295919418335,quality_factor,0.22262796759605408,value_factor,0.18857520818710327
2017-11-03,002837.SZ,cn_a,INDUSTRY_C35,3,"cp,pca,tucker",-0.19905913052702004,-0.17220742924410148,-0.19905913052702004,0.4292325476805369,1,volatility_factor,0.5646244287490845,quality_factor,0.22793088853359222,value_factor,0.1897495537996292
2017-11-06,601106.SH,cn_a,INDUSTRY_C35,3,"cp,pca,tucker",0.592161940989505,0.4549522363729581,0.592161940989505,0.44226255019505817,0,quality_factor,0.7173982262611389,value_factor,0.2359524965286255,momentum_factor,0.026389725506305695
2017-11-06,601608.SH,cn_a,INDUSTRY_C35,3,"cp,pca,tucker",0.5733264123027898,0.44195925928785335,0.5733264123027898,0.44226255019505817,1,quality_factor,0.5608428120613098,value_factor,0.35423755645751953,momentum_factor,0.08419331163167953
2017-11-06,002430.SZ,cn_a,INDUSTRY_C35,3,"cp,pca,tucker",0.39085028485503726,0.295702650812023,0.39085028485503726,0.44226255019505817,0,quality_factor,0.7317755818367004,value_factor,0.21719390153884888,volatility_factor,0.02808372676372528
2017-11-06,600499.SH,cn_a,INDUSTRY_C35,3,"cp,pca,tucker",0.08239457284915273,0.06633006840852608,0.08239457284915273,0.44226255019505817,2,momentum_factor,0.6640006303787231,value_factor,0.2340409755706787,quality_factor,0.08757464587688446
2017-11-06,002432.SZ,cn_a,INDUSTRY_C35,3,"cp,pca,tucker",0.025600901648408766,0.019373715705274897,0.025600901648408766,0.44226255019505817,2,momentum_factor,0.5479472875595093,quality_factor,0.17913396656513214,value_factor,0.1733766794204712
2017-11-06,002008.SZ,cn_a,INDUSTRY_C35,3,"cp,pca,tucker",0.01674041786047707,0.016896962266839094,0.01674041786047707,0.44226255019505817,0,momentum_factor,0.5664899349212646,value_factor,0.26891055703163147,quality_factor,0.10926616936922073
2017-11-06,601717.SH,cn_a,INDUSTRY_C35,3,"cp,pca,tucker",-0.001727668100431327,-0.003119389952242165,-0.001727668100431327,0.44226255019505817,1,value_factor,0.5852501392364502,volatility_factor,0.19987434148788452,quality_factor,0.11376457661390305
2017-11-06,603338.SH,cn_a,INDUSTRY_C35,3,"cp,pca,tucker",-0.004740180503903642,0.00028819966593776614,-0.004740180503903642,0.44226255019505817,0,momentum_factor,0.35936465859413147,value_factor,0.3221573233604431,volatility_factor,0.2434004247188568
2017-11-06,600582.SH,cn_a,INDUSTRY_C35,3,"cp,pca,tucker",-0.018753538464831115,-0.01720981601874332,-0.018753538464831115,0.44226255019505817,1,value_factor,0.5962401628494263,volatility_factor,0.20147205889225006,momentum_factor,0.10270238667726517
2017-11-06,600031.SH,cn_a,INDUSTRY_C35,3,"cp,pca,tucker",-0.046736714017197666,-0.03667595713447631,-0.046736714017197666,0.44226255019505817,0,volatility_factor,0.46819740533828735,quality_factor,0.2743951082229614,value_factor,0.20003919303417206
2017-11-06,300604.SZ,cn_a,INDUSTRY_C35,3,"cp,pca,tucker",-0.06028166195433681,-0.04427316321117067,-0.06028166195433681,0.44226255019505817,0,momentum_factor,0.5252819657325745,value_factor,0.2117251455783844,quality_factor,0.19322921335697174
2017-11-06,002353.SZ,cn_a,INDUSTRY_C35,3,"cp,pca,tucker",-0.06704854445046128,-0.053594727865970526,-0.06704854445046128,0.44226255019505817,1,value_factor,0.5318891406059265,volatility_factor,0.19211678206920624,quality_factor,0.18261009454727173
2017-11-06,300003.SZ,cn_a,INDUSTRY_C35,3,"cp,pca,tucker",-0.083946051197461,-0.06322281815527876,-0.083946051197461,0.44226255019505817,0,volatility_factor,0.46819743514060974,quality_factor,0.2743951082229614,value_factor,0.20003917813301086
2017-11-06,600528.SH,cn_a,INDUSTRY_C35,3,"cp,pca,tucker",-0.09299703793783325,-0.07251674713012277,-0.09299703793783325,0.44226255019505817,0,volatility_factor,0.46819740533828735,quality_factor,0.27439507842063904,value_factor,0.20003919303417206
2017-11-06,002223.SZ,cn_a,INDUSTRY_C35,3,"cp,pca,tucker",-0.10149709657102575,-0.07808827107482108,-0.10149709657102575,0.44226255019505817,1,volatility_factor,0.45104411244392395,quality_factor,0.2826605439186096,value_factor,0.20186960697174072
2017-11-06,300529.SZ,cn_a,INDUSTRY_C35,3,"cp,pca,tucker",-0.10923763213663858,-0.08237917147704064,-0.10923763213663858,0.44226255019505817,1,volatility_factor,0.4494687616825104,quality_factor,0.283419668674469,value_factor,0.20203769207000732
2017-11-06,002595.SZ,cn_a,INDUSTRY_C35,3,"cp,pca,tucker",-0.14803482650894773,-0.11462300148287673,-0.14803482650894773,0.44226255019505817,0,volatility_factor,0.46819740533828735,quality_factor,0.27439507842063904,value_factor,0.20003917813301086
2017-11-06,300450.SZ,cn_a,INDUSTRY_C35,3,"cp,pca,tucker",-0.1879513848902894,-0.1443201070380679,-0.1879513848902894,0.44226255019505817,1,volatility_factor,0.4521985352039337,quality_factor,0.2821043133735657,value_factor,0.20174641907215118
2017-11-06,002837.SZ,cn_a,INDUSTRY_C35,3,"cp,pca,tucker",-0.22126014642472247,-0.17109542019796006,-0.22126014642472247,0.44226255019505817,1,volatility_factor,0.4508971571922302,quality_factor,0.28273138403892517,value_factor,0.20188526809215546
2017-11-07,601106.SH,cn_a,INDUSTRY_C35,3,"cp,pca,tucker",0.5477933989863754,0.4577881699481125,0.5477933989863754,0.2186092734336853,1,quality_factor,0.5169062614440918,value_factor,0.3317232131958008,momentum_factor,0.1338634490966797
2017-11-07,601608.SH,cn_a,INDUSTRY_C35,3,"cp,pca,tucker",0.5255125717595913,0.4384077167762972,0.5255125717595913,0.2186092734336853,1,quality_factor,0.5466738343238831,value_factor,0.36452600359916687,momentum_factor,0.04925617203116417
2017-11-07,002430.SZ,cn_a,INDUSTRY_C35,3,"cp,pca,tucker",0.3685096636894846,0.31144084619271495,0.3685096636894846,0.2186092734336853,0,quality_factor,0.7394459247589111,value_factor,0.20718617737293243,volatility_factor,0.03225793316960335
2017-11-07,600499.SH,cn_a,INDUSTRY_C35,3,"cp,pca,tucker",0.0794652354007447,0.0641683892836541,0.0794652354007447,0.2186092734336853,2,momentum_factor,0.6622651219367981,value_factor,0.23437444865703583,quality_factor,0.089278943836689
2017-11-07,603338.SH,cn_a,INDUSTRY_C35,3,"cp,pca,tucker",0.07127623370282594,0.05501850053575443,0.07127623370282594,0.2186092734336853,0,momentum_factor,0.406099796295166,value_factor,0.31604519486427307,volatility_factor,0.24407000839710236
2017-11-07,002008.SZ,cn_a,INDUSTRY_C35,3,"cp,pca,tucker",0.0635045255556232,0.049085761043287136,0.0635045255556232,0.2186092734336853,0,momentum_factor,0.45829203724861145,value_factor,0.30130699276924133,volatility_factor,0.18890653550624847
2017-11-07,300604.SZ,cn_a,INDUSTRY_C35,3,"cp,pca,tucker",0.03411506907706038,0.02489756171842834,0.03411506907706038,0.2186092734336853,0,momentum_factor,0.47685158252716064,value_factor,0.2931235730648041,volatility_factor,0.13861486315727234
2017-11-07,002353.SZ,cn_a,INDUSTRY_C35,3,"cp,pca,tucker",-0.006993874090711106,-0.005185544029894846,-0.006993874090711106,0.2186092734336853,1,value_factor,0.532436192035675,volatility_factor,0.1921962946653366,quality_factor,0.18190428614616394
2017-11-07,600582.SH,cn_a,INDUSTRY_C35,3,"cp,pca,tucker",-0.013478083525615905,-0.009016059798170828,-0.013478083525615905,0.2186092734336853,1,value_factor,0.5963044762611389,volatility_factor,0.2014814019203186,momentum_factor,0.10271169990301132
2017-11-07,601717.SH,cn_a,INDUSTRY_C35,3,"cp,pca,tucker",-0.04048089043647,-0.03087124239551703,-0.04048089043647,0.2186092734336853,1,value_factor,0.5853786468505859,volatility_factor,0.1998930275440216,quality_factor,0.11359872668981552
2017-11-07,600031.SH,cn_a,INDUSTRY_C35,3,"cp,pca,tucker",-0.04595162842014005,-0.037633831113949946,-0.04595162842014005,0.2186092734336853,0,volatility_factor,0.5234965682029724,quality_factor,0.2477487176656723,value_factor,0.1941382735967636
2017-11-07,002432.SZ,cn_a,INDUSTRY_C35,3,"cp,pca,tucker",-0.05651964985664579,-0.04590836351298643,-0.05651964985664579,0.2186092734336853,0,value_factor,0.5623235106468201,quality_factor,0.1943146288394928,volatility_factor,0.1519300490617752
2017-11-07,600528.SH,cn_a,INDUSTRY_C35,3,"cp,pca,tucker",-0.09015471267644799,-0.07443982966639104,-0.09015471267644799,0.2186092734336853,0,volatility_factor,0.5234965682029724,quality_factor,0.2477487325668335,value_factor,0.1941382884979248
2017-11-07,300003.SZ,cn_a,INDUSTRY_C35,3,"cp,pca,tucker",-0.14114785925956344,-0.11797321723159308,-0.14114785925956344,0.2186092734336853,0,volatility_factor,0.5234965682029724,quality_factor,0.2477487325668335,value_factor,0.1941382884979248
2017-11-07,300450.SZ,cn_a,INDUSTRY_C35,3,"cp,pca,tucker",-0.1421628024855214,-0.11999142589230627,-0.1421628024855214,0.2186092734336853,1,volatility_factor,0.4829294979572296,quality_factor,0.26729634404182434,value_factor,0.1984671652317047
2017-11-07,002595.SZ,cn_a,INDUSTRY_C35,3,"cp,pca,tucker",-0.14507988988194054,-0.12065396830571962,-0.14507988988194054,0.2186092734336853,0,volatility_factor,0.5234966278076172,quality_factor,0.2477487325668335,value_factor,0.1941382884979248
2017-11-07,002223.SZ,cn_a,INDUSTRY_C35,3,"cp,pca,tucker",-0.1458119986509688,-0.12083441269885502,-0.1458119986509688,0.2186092734336853,1,volatility_factor,0.4803905785083771,quality_factor,0.26851969957351685,value_factor,0.19873806834220886
2017-11-07,300529.SZ,cn_a,INDUSTRY_C35,3,"cp,pca,tucker",-0.20409135202806547,-0.17000266303893233,-0.20409135202806547,0.2186092734336853,1,volatility_factor,0.47699815034866333,quality_factor,0.2701543867588043,value_factor,0.1991000920534134
2017-11-07,002837.SZ,cn_a,INDUSTRY_C35,3,"cp,pca,tucker",-0.2056866620606859,-0.1709947732288537,-0.2056866620606859,0.2186092734336853,1,volatility_factor,0.4800706207752228,quality_factor,0.2686738967895508,value_factor,0.19877222180366516
2017-11-08,601106.SH,cn_a,INDUSTRY_C35,3,"cp,pca,tucker",0.6493743145723979,0.46874547667484273,0.6493743145723979,0.4678867956002553,0,quality_factor,0.7458363771438599,value_factor,0.19884826242923737,volatility_factor,0.03573566675186157
2017-11-08,601608.SH,cn_a,INDUSTRY_C35,3,"cp,pca,tucker",0.6227308581238733,0.4519503593513443,0.6227308581238733,0.4678867956002553,1,quality_factor,0.5701268911361694,value_factor,0.361112505197525,momentum_factor,0.05500376597046852
2017-11-08,002430.SZ,cn_a,INDUSTRY_C35,3,"cp,pca,tucker",0.49537789570592844,0.35011441936877485,0.49537789570592844,0.4678867956002553,0,quality_factor,0.7614096403121948,value_factor,0.17852932214736938,volatility_factor,0.04421067237854004
2017-11-08,600499.SH,cn_a,INDUSTRY_C35,3,"cp,pca,tucker",0.14669603759898356,0.11534704366871691,0.14669603759898356,0.4678867956002553,2,momentum_factor,0.4315188527107239,value_factor,0.3008410334587097,volatility_factor,0.25248733162879944
2017-11-08,300604.SZ,cn_a,INDUSTRY_C35,3,"cp,pca,tucker",0.10804114533280101,0.0924357081760076,0.10804114533280101,0.4678867956002553,0,volatility_factor,0.3470458984375,value_factor,0.33988845348358154,momentum_factor,0.307853102684021
2017-11-08,002008.SZ,cn_a,INDUSTRY_C35,3,"cp,pca,tucker",0.02216178756065366,0.025631188040711527,0.02216178756065366,0.4678867956002553,0,momentum_factor,0.492643266916275,value_factor,0.29014453291893005,volatility_factor,0.14061664044857025
2017-11-08,002353.SZ,cn_a,INDUSTRY_C35,3,"cp,pca,tucker",0.0013966613431233635,-0.0006673829040675094,0.0013966613431233635,0.4678867956002553,1,value_factor,0.5339142084121704,volatility_factor,0.19241118431091309,quality_factor,0.17999733984470367
2017-11-08,603338.SH,cn_a,INDUSTRY_C35,3,"cp,pca,tucker",-0.0024834232862847583,0.007800549747277351,-0.0024834232862847583,0.4678867956002553,0,momentum_factor,0.49052757024765015,value_factor,0.2891145348548889,volatility_factor,0.12677082419395447
2017-11-08,600582.SH,cn_a,INDUSTRY_C35,3,"cp,pca,tucker",-0.008984339099580454,-0.013242875558543902,-0.008984339099580454,0.4678867956002553,1,value_factor,0.5964794158935547,volatility_factor,0.2015068531036377,momentum_factor,0.10273703932762146
2017-11-08,600031.SH,cn_a,INDUSTRY_C35,3,"cp,pca,tucker",-0.025139930025632473,-0.019082846454197267,-0.025139930025632473,0.4678867956002553,0,volatility_factor,0.401509553194046,quality_factor,0.3065292239189148,value_factor,0.20715536177158356
2017-11-08,601717.SH,cn_a,INDUSTRY_C35,3,"cp,pca,tucker",-0.027069459321697752,-0.027672142632763918,-0.027069459321697752,0.4678867956002553,1,value_factor,0.585728108882904,volatility_factor,0.19994382560253143,quality_factor,0.11314789205789566
2017-11-08,300450.SZ,cn_a,INDUSTRY_C35,3,"cp,pca,tucker",-0.055830462436938684,-0.030823431879651336,-0.055830462436938684,0.4678867956002553,2,value_factor,0.34378746151924133,volatility_factor,0.30844828486442566,momentum_factor,0.27105453610420227
2017-11-08,002432.SZ,cn_a,INDUSTRY_C35,3,"cp,pca,tucker",-0.09091485195302268,-0.07090884717478378,-0.09091485195302268,0.4678867956002553,0,value_factor,0.5611257553100586,quality_factor,0.19640927016735077,volatility_factor,0.15127502381801605
2017-11-08,600528.SH,cn_a,INDUSTRY_C35,3,"cp,pca,tucker",-0.09647408029876321,-0.07193109730363156,-0.09647408029876321,0.4678867956002553,0,volatility_factor,0.4015095829963684,quality_factor,0.3065292239189148,value_factor,0.20715537667274475
2017-11-08,300003.SZ,cn_a,INDUSTRY_C35,3,"cp,pca,tucker",-0.14022331298323268,-0.09980311231446402,-0.14022331298323268,0.4678867956002553,0,volatility_factor,0.401509553194046,quality_factor,0.3065291941165924,value_factor,0.20715537667274475
2017-11-08,002223.SZ,cn_a,INDUSTRY_C35,3,"cp,pca,tucker",-0.1602507100697751,-0.11815088958813623,-0.1602507100697751,0.4678867956002553,1,volatility_factor,0.40101557970046997,quality_factor,0.30676722526550293,value_factor,0.2072080820798874
2017-11-08,002595.SZ,cn_a,INDUSTRY_C35,3,"cp,pca,tucker",-0.1858677324456013,-0.13668531850623497,-0.1858677324456013,0.4678867956002553,0,volatility_factor,0.401509553194046,quality_factor,0.3065291941165924,value_factor,0.20715537667274475
2017-11-08,002837.SZ,cn_a,INDUSTRY_C35,3,"cp,pca,tucker",-0.18688494250765478,-0.13469890590348263,-0.18688494250765478,0.4678867956002553,1,volatility_factor,0.4010103642940521,quality_factor,0.3067697286605835,value_factor,0.20720864832401276
2017-11-08,300529.SZ,cn_a,INDUSTRY_C35,3,"cp,pca,tucker",-0.22570175002706475,-0.16366571771142724,-0.22570175002706475,0.4678867956002553,1,volatility_factor,0.400958776473999,quality_factor,0.3067946135997772,value_factor,0.2072141468524933
2017-11-09,601106.SH,cn_a,INDUSTRY_C35,3,"cp,pca,tucker",0.5863741177916175,0.47964756940355796,0.5863741177916175,0.1887759268283844,1,quality_factor,0.5238546133041382,value_factor,0.3094925880432129,momentum_factor,0.11952345818281174
2017-11-09,601608.SH,cn_a,INDUSTRY_C35,3,"cp,pca,tucker",0.5710243822851351,0.46791549153013906,0.5710243822851351,0.1887759268283844,1,quality_factor,0.6043989658355713,value_factor,0.3478231728076935,momentum_factor,0.0278453528881073
2017-11-09,002430.SZ,cn_a,INDUSTRY_C35,3,"cp,pca,tucker",0.43519522940649585,0.3537496776324218,0.43519522940649585,0.1887759268283844,0,quality_factor,0.7728105783462524,value_factor,0.16365423798561096,volatility_factor,0.05041505768895149
2017-11-09,600499.SH,cn_a,INDUSTRY_C35,3,"cp,pca,tucker",0.18436527877033515,0.15420816690244096,0.18436527877033515,0.1887759268283844,2,momentum_factor,0.32878628373146057,volatility_factor,0.32038313150405884,value_factor,0.3005123734474182
2017-11-09,300604.SZ,cn_a,INDUSTRY_C35,3,"cp,pca,tucker",0.1057631496991364,0.09054827861670468,0.1057631496991364,0.1887759268283844,0,volatility_factor,0.34767860174179077,value_factor,0.34114623069763184,momentum_factor,0.30751338601112366
2017-11-09,002353.SZ,cn_a,INDUSTRY_C35,3,"cp,pca,tucker",0.014175566815528918,0.011450146984141573,0.014175566815528918,0.1887759268283844,1,value_factor,0.5346336960792542,volatility_factor,0.1925157755613327,quality_factor,0.17906911671161652
2017-11-09,002008.SZ,cn_a,INDUSTRY_C35,3,"cp,pca,tucker",0.009688512207769395,0.010306582333440895,0.009688512207769395,0.1887759268283844,0,momentum_factor,0.5644837617874146,value_factor,0.26904675364494324,quality_factor,0.11350192874670029
2017-11-09,600582.SH,cn_a,INDUSTRY_C35,3,"cp,pca,tucker",0.008104593954041053,0.005174289188498882,0.008104593954041053,0.1887759268283844,1,value_factor,0.5965652465820312,volatility_factor,0.20151932537555695,momentum_factor,0.10274945944547653
2017-11-09,603338.SH,cn_a,INDUSTRY_C35,3,"cp,pca,tucker",-0.0036927940457452957,-0.0005121476720359638,-0.0036927940457452957,0.1887759268283844,0,momentum_factor,0.4839830994606018,value_factor,0.2898344099521637,volatility_factor,0.12546749413013458
2017-11-09,300450.SZ,cn_a,INDUSTRY_C35,3,"cp,pca,tucker",-0.0324055587781647,-0.023820441126637854,-0.0324055587781647,0.1887759268283844,2,momentum_factor,0.3316875100135803,value_factor,0.32897186279296875,volatility_factor,0.2589521110057831
2017-11-09,601717.SH,cn_a,INDUSTRY_C35,3,"cp,pca,tucker",-0.035677627899974966,-0.03129320708031591,-0.035677627899974966,0.1887759268283844,1,value_factor,0.5858993530273438,volatility_factor,0.19996872544288635,quality_factor,0.11292695999145508
2017-11-09,600031.SH,cn_a,INDUSTRY_C35,3,"cp,pca,tucker",-0.059599701272220605,-0.049526500394186296,-0.059599701272220605,0.1887759268283844,0,volatility_factor,0.3860727846622467,quality_factor,0.31396758556365967,value_factor,0.20880264043807983
2017-11-09,600528.SH,cn_a,INDUSTRY_C35,3,"cp,pca,tucker",-0.0872778543552979,-0.07200559290882232,-0.0872778543552979,0.1887759268283844,0,volatility_factor,0.3860727548599243,quality_factor,0.31396758556365967,value_factor,0.20880264043807983
2017-11-09,002837.SZ,cn_a,INDUSTRY_C35,3,"cp,pca,tucker",-0.09041487719717543,-0.07260920110807283,-0.09041487719717543,0.1887759268283844,1,volatility_factor,0.38603177666664124,quality_factor,0.3139873147010803,value_factor,0.20880700647830963
2017-11-09,002432.SZ,cn_a,INDUSTRY_C35,3,"cp,pca,tucker",-0.10980783434307528,-0.09189597439803136,-0.10980783434307528,0.1887759268283844,0,value_factor,0.5605191588401794,quality_factor,0.19747035205364227,volatility_factor,0.15094323456287384
2017-11-09,002595.SZ,cn_a,INDUSTRY_C35,3,"cp,pca,tucker",-0.12755395407931636,-0.10447077972778639,-0.12755395407931636,0.1887759268283844,0,volatility_factor,0.3860727548599243,quality_factor,0.31396758556365967,value_factor,0.20880262553691864
2017-11-09,300003.SZ,cn_a,INDUSTRY_C35,3,"cp,pca,tucker",-0.13533645325016996,-0.11056530885158343,-0.13533645325016996,0.1887759268283844,0,volatility_factor,0.3860727548599243,quality_factor,0.3139675557613373,value_factor,0.20880261063575745
2017-11-09,002223.SZ,cn_a,INDUSTRY_C35,3,"cp,pca,tucker",-0.1439678449517211,-0.11847166070539868,-0.1439678449517211,0.1887759268283844,1,volatility_factor,0.38603219389915466,quality_factor,0.3139871060848236,value_factor,0.20880696177482605
2017-11-09,300529.SZ,cn_a,INDUSTRY_C35,3,"cp,pca,tucker",-0.1610985767079917,-0.13150139637974928,-0.1610985767079917,0.1887759268283844,1,volatility_factor,0.3860272467136383,quality_factor,0.3139894902706146,value_factor,0.20880748331546783
2017-11-10,601106.SH,cn_a,INDUSTRY_C35,3,"cp,pca,tucker",0.6366536076241539,0.4757954856497196,0.6366536076241539,0.24044668798645338,0,quality_factor,0.7789602279663086,value_factor,0.15563055872917175,volatility_factor,0.05376173555850983
2017-11-10,601608.SH,cn_a,INDUSTRY_C35,3,"cp,pca,tucker",0.6067980264662782,0.45654378038358295,0.6067980264662782,0.24044668798645338,1,quality_factor,0.5389739871025085,value_factor,0.29010292887687683,momentum_factor,0.09550653398036957
2017-11-10,002430.SZ,cn_a,INDUSTRY_C35,3,"cp,pca,tucker",0.506396220653985,0.3698920115669016,0.506396220653985,0.24044668798645338,0,quality_factor,0.7959849834442139,value_factor,0.13341782987117767,volatility_factor,0.06302662938833237
2017-11-10,300604.SZ,cn_a,INDUSTRY_C35,3,"cp,pca,tucker",0.09841057064059457,0.09229840225825119,0.09841057064059457,0.24044668798645338,0,volatility_factor,0.347980260848999,value_factor,0.34174591302871704,momentum_factor,0.30735141038894653
2017-11-10,002008.SZ,cn_a,INDUSTRY_C35,3,"cp,pca,tucker",0.04308438331084243,0.04633255210033207,0.04308438331084243,0.24044668798645338,0,momentum_factor,0.44443419575691223,value_factor,0.3048543334007263,volatility_factor,0.1997387856245041
2017-11-10,600582.SH,cn_a,INDUSTRY_C35,3,"cp,pca,tucker",0.02032058513193402,0.00828421402039004,0.02032058513193402,0.24044668798645338,1,value_factor,0.5967302322387695,volatility_factor,0.20154331624507904,momentum_factor,0.10277336090803146
2017-11-10,600499.SH,cn_a,INDUSTRY_C35,3,"cp,pca,tucker",0.018778950242036435,0.017955445199928467,0.018778950242036435,0.24044668798645338,2,momentum_factor,0.44856858253479004,value_factor,0.29205623269081116,volatility_factor,0.13918499648571014
2017-11-10,601717.SH,cn_a,INDUSTRY_C35,3,"cp,pca,tucker",0.017155167959969807,0.005379008652727206,0.017155167959969807,0.24044668798645338,1,value_factor,0.5862280130386353,volatility_factor,0.20001651346683502,quality_factor,0.11250293254852295
2017-11-10,002353.SZ,cn_a,INDUSTRY_C35,3,"cp,pca,tucker",-0.008167557783494086,-0.008898389180940908,-0.008167557783494086,0.24044668798645338,1,value_factor,0.5360057353973389,volatility_factor,0.19271524250507355,quality_factor,0.17729897797107697
2017-11-10,600031.SH,cn_a,INDUSTRY_C35,3,"cp,pca,tucker",-0.027833982689233743,-0.022260033620063253,-0.027833982689233743,0.24044668798645338,0,volatility_factor,0.3920464813709259,quality_factor,0.31108909845352173,value_factor,0.20816516876220703
2017-11-10,603338.SH,cn_a,INDUSTRY_C35,3,"cp,pca,tucker",-0.05094791199553438,-0.0287865258383226,-0.05094791199553438,0.24044668798645338,0,momentum_factor,0.5702422857284546,value_factor,0.2527962625026703,quality_factor,0.16609886288642883
2017-11-10,002432.SZ,cn_a,INDUSTRY_C35,3,"cp,pca,tucker",-0.08331977717271716,-0.06939327376085723,-0.08331977717271716,0.24044668798645338,0,value_factor,0.5593162178993225,quality_factor,0.19957420229911804,volatility_factor,0.15028533339500427
2017-11-10,300450.SZ,cn_a,INDUSTRY_C35,3,"cp,pca,tucker",-0.1070536932253135,-0.07125890264573978,-0.1070536932253135,0.24044668798645338,2,momentum_factor,0.3496338129043579,value_factor,0.31558072566986084,volatility_factor,0.17386667430400848
2017-11-10,600528.SH,cn_a,INDUSTRY_C35,3,"cp,pca,tucker",-0.11034260014792506,-0.08664495516971826,-0.11034260014792506,0.24044668798645338,0,volatility_factor,0.3920464813709259,quality_factor,0.31108909845352173,value_factor,0.20816518366336823
2017-11-10,002595.SZ,cn_a,INDUSTRY_C35,3,"cp,pca,tucker",-0.1162292621493864,-0.08580541972754518,-0.1162292621493864,0.24044668798645338,0,volatility_factor,0.3920464813709259,quality_factor,0.31108909845352173,value_factor,0.20816518366336823
2017-11-10,002837.SZ,cn_a,INDUSTRY_C35,3,"cp,pca,tucker",-0.12863249338566082,-0.0917343344435667,-0.12863249338566082,0.24044668798645338,1,volatility_factor,0.39202240109443665,quality_factor,0.31110066175460815,value_factor,0.20816773176193237
2017-11-10,002223.SZ,cn_a,INDUSTRY_C35,3,"cp,pca,tucker",-0.13252814027682938,-0.10073691001663565,-0.13252814027682938,0.24044668798645338,1,volatility_factor,0.39202263951301575,quality_factor,0.311100572347641,value_factor,0.20816771686077118
2017-11-10,300003.SZ,cn_a,INDUSTRY_C35,3,"cp,pca,tucker",-0.13404347665364072,-0.09825802789777816,-0.13404347665364072,0.24044668798645338,0,volatility_factor,0.3920464813709259,quality_factor,0.31108906865119934,value_factor,0.20816516876220703
2017-11-10,300529.SZ,cn_a,INDUSTRY_C35,3,"cp,pca,tucker",-0.23645884769868708,-0.17906862382900193,-0.23645884769868708,0.24044668798645338,1,volatility_factor,0.3920198082923889,quality_factor,0.31110191345214844,value_factor,0.20816801488399506
2017-11-13,601106.SH,cn_a,INDUSTRY_C35,3,"cp,pca,tucker",0.6202948317067806,0.48388792460484736,0.6202948317067806,0.41616135835647583,1,quality_factor,0.5388568639755249,value_factor,0.31310486793518066,momentum_factor,0.10167887806892395
2017-11-13,601608.SH,cn_a,INDUSTRY_C35,3,"cp,pca,tucker",0.5752766055286935,0.44687577238345755,0.5752766055286935,0.41616135835647583,1,quality_factor,0.5457218289375305,value_factor,0.3370317220687866,momentum_factor,0.0989350900053978
2017-11-13,002430.SZ,cn_a,INDUSTRY_C35,3,"cp,pca,tucker",0.4970305440093226,0.397081899843654,0.4970305440093226,0.41616135835647583,0,quality_factor,0.8001688122749329,value_factor,0.1279589682817459,volatility_factor,0.06530351936817169
2017-11-13,300604.SZ,cn_a,INDUSTRY_C35,3,"cp,pca,tucker",0.1523934280872518,0.09387391559789023,0.1523934280872518,0.41616135835647583,0,volatility_factor,0.34819039702415466,value_factor,0.3421635627746582,momentum_factor,0.3072386384010315
2017-11-13,002008.SZ,cn_a,INDUSTRY_C35,3,"cp,pca,tucker",0.13886992169204848,0.08538565009069636,0.13886992169204848,0.41616135835647583,0,momentum_factor,0.35278862714767456,value_factor,0.33235764503479004,volatility_factor,0.31353384256362915
2017-11-13,600499.SH,cn_a,INDUSTRY_C35,3,"cp,pca,tucker",0.049971657757726134,0.032277856661223764,0.049971657757726134,0.41616135835647583,2,volatility_factor,0.3475612998008728,value_factor,0.3453800678253174,momentum_factor,0.26197299361228943
2017-11-13,603338.SH,cn_a,INDUSTRY_C35,3,"cp,pca,tucker",0.02423376042308985,0.002817282770653647,0.02423376042308985,0.41616135835647583,0,momentum_factor,0.5556243062019348,value_factor,0.2708246111869812,quality_factor,0.11876557767391205
2017-11-13,600031.SH,cn_a,INDUSTRY_C35,3,"cp,pca,tucker",-0.002924225251164905,-0.002286836918692433,-0.002924225251164905,0.41616135835647583,2,volatility_factor,0.3962765634059906,momentum_factor,0.37367042899131775,value_factor,0.1285160481929779
2017-11-13,601717.SH,cn_a,INDUSTRY_C35,3,"cp,pca,tucker",-0.005871454608154737,0.006515628493368147,-0.005871454608154737,0.41616135835647583,1,value_factor,0.5862847566604614,volatility_factor,0.2000247687101364,quality_factor,0.11242973059415817
2017-11-13,600582.SH,cn_a,INDUSTRY_C35,3,"cp,pca,tucker",-0.014053947380882845,-0.0003615873719420293,-0.014053947380882845,0.41616135835647583,1,value_factor,0.5967587828636169,volatility_factor,0.20154745876789093,momentum_factor,0.10277748852968216
2017-11-13,300450.SZ,cn_a,INDUSTRY_C35,3,"cp,pca,tucker",-0.017957771551030854,-0.030775154488270035,-0.017957771551030854,0.41616135835647583,2,momentum_factor,0.4256784915924072,value_factor,0.3022884726524353,volatility_factor,0.15285217761993408
2017-11-13,002353.SZ,cn_a,INDUSTRY_C35,3,"cp,pca,tucker",-0.02083351105417457,-0.011816337258282775,-0.02083351105417457,0.41616135835647583,1,value_factor,0.536241352558136,volatility_factor,0.1927495002746582,quality_factor,0.1769949048757553
2017-11-13,300003.SZ,cn_a,INDUSTRY_C35,3,"cp,pca,tucker",-0.05851350071143891,-0.05370502558104409,-0.05851350071143891,0.41616135835647583,0,volatility_factor,0.556750476360321,quality_factor,0.2317250370979309,value_factor,0.1905898004770279
2017-11-13,002595.SZ,cn_a,INDUSTRY_C35,3,"cp,pca,tucker",-0.11080372407920946,-0.08802297476162584,-0.11080372407920946,0.41616135835647583,0,volatility_factor,0.556750476360321,quality_factor,0.23172502219676971,value_factor,0.1905898004770279
2017-11-13,002432.SZ,cn_a,INDUSTRY_C35,3,"cp,pca,tucker",-0.12023601960790724,-0.08383888453946764,-0.12023601960790724,0.41616135835647583,0,value_factor,0.55910325050354,quality_factor,0.19994667172431946,volatility_factor,0.15016888082027435
2017-11-13,002223.SZ,cn_a,INDUSTRY_C35,3,"cp,pca,tucker",-0.1316544943382469,-0.10080253284064926,-0.1316544943382469,0.41616135835647583,1,volatility_factor,0.49456658959388733,quality_factor,0.2616889178752899,value_factor,0.19722537696361542
2017-11-13,600528.SH,cn_a,INDUSTRY_C35,3,"cp,pca,tucker",-0.14118668376204713,-0.10296884412866991,-0.14118668376204713,0.41616135835647583,0,volatility_factor,0.556750476360321,quality_factor,0.2317250519990921,value_factor,0.1905898004770279
2017-11-13,300529.SZ,cn_a,INDUSTRY_C35,3,"cp,pca,tucker",-0.1707073728226848,-0.135790889542677,-0.1707073728226848,0.41616135835647583,1,volatility_factor,0.49006032943725586,quality_factor,0.2638602554798126,value_factor,0.1977062225341797
2017-11-13,002837.SZ,cn_a,INDUSTRY_C35,3,"cp,pca,tucker",-0.17590214175430627,-0.1379239743804311,-0.17590214175430627,0.41616135835647583,1,volatility_factor,0.49413928389549255,quality_factor,0.2618947923183441,value_factor,0.1972709745168686
2017-11-14,601106.SH,cn_a,INDUSTRY_C35,3,"cp,pca,tucker",0.6132388157925274,0.47478825025595794,0.6132388157925274,0.3368947158257167,0,quality_factor,0.7606855630874634,value_factor,0.1794741153717041,volatility_factor,0.04381661117076874
2017-11-14,601608.SH,cn_a,INDUSTRY_C35,3,"cp,pca,tucker",0.5493227641929551,0.4267137862913056,0.5493227641929551,0.3368947158257167,0,quality_factor,0.8282698392868042,value_factor,0.09067102521657944,volatility_factor,0.0807931199669838
2017-11-14,002430.SZ,cn_a,INDUSTRY_C35,3,"cp,pca,tucker",0.4942427409024761,0.3681593216032401,0.4942427409024761,0.3368947158257167,0,quality_factor,0.7769016623497009,value_factor,0.15831635892391205,volatility_factor,0.052641477435827255
2017-11-14,300604.SZ,cn_a,INDUSTRY_C35,3,"cp,pca,tucker",0.08424232015990944,0.09831648046537456,0.08424232015990944,0.3368947158257167,0,volatility_factor,0.34756726026535034,value_factor,0.3409248888492584,momentum_factor,0.30757319927215576
2017-11-14,601717.SH,cn_a,INDUSTRY_C35,3,"cp,pca,tucker",0.082004732084613,0.061223721845552005,0.082004732084613,0.3368947158257167,1,value_factor,0.585959255695343,volatility_factor,0.19997742772102356,quality_factor,0.11284971982240677
2017-11-14,002008.SZ,cn_a,INDUSTRY_C35,3,"cp,pca,tucker",0.058684863067416305,0.07396849759589412,0.058684863067416305,0.3368947158257167,0,momentum_factor,0.3838728368282318,value_factor,0.3230130970478058,volatility_factor,0.274770587682724
2017-11-14,603338.SH,cn_a,INDUSTRY_C35,3,"cp,pca,tucker",0.0404054303720503,0.060213251396368454,0.0404054303720503,0.3368947158257167,0,momentum_factor,0.3914510905742645,value_factor,0.32026490569114685,volatility_factor,0.260420024394989
2017-11-14,600499.SH,cn_a,INDUSTRY_C35,3,"cp,pca,tucker",0.035539050565600715,0.037284378862238295,0.035539050565600715,0.3368947158257167,2,value_factor,0.3371201753616333,volatility_factor,0.32079556584358215,momentum_factor,0.29728934168815613
2017-11-14,002353.SZ,cn_a,INDUSTRY_C35,3,"cp,pca,tucker",0.004561764071640716,0.0009275822613676645,0.004561764071640716,0.3368947158257167,1,value_factor,0.534884512424469,volatility_factor,0.19255222380161285,quality_factor,0.1787455826997757
2017-11-14,600582.SH,cn_a,INDUSTRY_C35,3,"cp,pca,tucker",-0.010876238112623901,-0.02435807477193294,-0.010876238112623901,0.3368947158257167,1,value_factor,0.596595287322998,volatility_factor,0.20152367651462555,momentum_factor,0.10275380313396454
2017-11-14,600031.SH,cn_a,INDUSTRY_C35,3,"cp,pca,tucker",-0.02540383812051807,-0.021632153402429865,-0.02540383812051807,0.3368947158257167,0,volatility_factor,0.6007951498031616,quality_factor,0.2105017453432083,value_factor,0.1858898401260376
2017-11-14,300003.SZ,cn_a,INDUSTRY_C35,3,"cp,pca,tucker",-0.09284923351297729,-0.06435508146677314,-0.09284923351297729,0.3368947158257167,0,volatility_factor,0.6007951498031616,quality_factor,0.2105017453432083,value_factor,0.1858898401260376
2017-11-14,002595.SZ,cn_a,INDUSTRY_C35,3,"cp,pca,tucker",-0.10184600843482212,-0.07599359101892504,-0.10184600843482212,0.3368947158257167,0,volatility_factor,0.6007951498031616,quality_factor,0.21050171554088593,value_factor,0.1858898401260376
2017-11-14,300450.SZ,cn_a,INDUSTRY_C35,3,"cp,pca,tucker",-0.1116048879265328,-0.07257944786689781,-0.1116048879265328,0.3368947158257167,1,volatility_factor,0.5149385333061218,quality_factor,0.2518724501132965,value_factor,0.19505149126052856
2017-11-14,600528.SH,cn_a,INDUSTRY_C35,3,"cp,pca,tucker",-0.11924799102044344,-0.10177329988087225,-0.11924799102044344,0.3368947158257167,0,volatility_factor,0.6007952094078064,quality_factor,0.2105017453432083,value_factor,0.1858898401260376
2017-11-14,002432.SZ,cn_a,INDUSTRY_C35,3,"cp,pca,tucker",-0.1309650359236377,-0.12319597003157345,-0.1309650359236377,0.3368947158257167,0,value_factor,0.5603038668632507,quality_factor,0.19784687459468842,volatility_factor,0.15082550048828125
2017-11-14,002223.SZ,cn_a,INDUSTRY_C35,3,"cp,pca,tucker",-0.13232067199908518,-0.10653594969363638,-0.13232067199908518,0.3368947158257167,1,volatility_factor,0.5104057788848877,quality_factor,0.2540566325187683,value_factor,0.19553518295288086
2017-11-14,300529.SZ,cn_a,INDUSTRY_C35,3,"cp,pca,tucker",-0.17410455426251428,-0.133240832923418,-0.17410455426251428,0.3368947158257167,1,volatility_factor,0.5044776797294617,quality_factor,0.25691312551498413,value_factor,0.19616776704788208
2017-11-14,002837.SZ,cn_a,INDUSTRY_C35,3,"cp,pca,tucker",-0.1975587106657256,-0.15446266501579634,-0.1975587106657256,0.3368947158257167,1,volatility_factor,0.5098403692245483,quality_factor,0.2543290853500366,value_factor,0.19559551775455475
2017-11-15,601106.SH,cn_a,INDUSTRY_C35,3,"cp,pca,tucker",0.6994262262108699,0.467863537021954,0.6994262262108699,0.34623805930217105,0,quality_factor,0.7899940609931946,value_factor,0.14123423397541046,volatility_factor,0.05976640805602074
2017-11-15,601608.SH,cn_a,INDUSTRY_C35,3,"cp,pca,tucker",0.6279559529756086,0.4201969675611121,0.6279559529756086,0.34623805930217105,1,quality_factor,0.4971112012863159,value_factor,0.35576167702674866,momentum_factor,0.10280991345643997
2017-11-15,002430.SZ,cn_a,INDUSTRY_C35,3,"cp,pca,tucker",0.5964478880552982,0.39345251974148615,0.5964478880552982,0.34623805930217105,0,quality_factor,0.80751633644104,value_factor,0.11837242543697357,volatility_factor,0.06930205225944519
2017-11-15,300604.SZ,cn_a,INDUSTRY_C35,3,"cp,pca,tucker",0.12377872655194112,0.09914814723840037,0.12377872655194112,0.34623805930217105,0,volatility_factor,0.3471886217594147,value_factor,0.3401722013950348,momentum_factor,0.30777645111083984
2017-11-15,601717.SH,cn_a,INDUSTRY_C35,3,"cp,pca,tucker",0.1102385530948584,0.06999683082131887,0.1102385530948584,0.34623805930217105,1,value_factor,0.5863825678825378,volatility_factor,0.20003898441791534,quality_factor,0.11230351775884628
2017-11-15,603338.SH,cn_a,INDUSTRY_C35,3,"cp,pca,tucker",0.02974170461392524,0.032139537454133116,0.02974170461392524,0.34623805930217105,0,value_factor,0.3389122188091278,volatility_factor,0.3179706633090973,momentum_factor,0.3096395432949066
2017-11-15,002353.SZ,cn_a,INDUSTRY_C35,3,"cp,pca,tucker",0.0009265625650728785,-0.0018449760560610845,0.0009265625650728785,0.34623805930217105,1,value_factor,0.5366469025611877,volatility_factor,0.19280846416950226,quality_factor,0.17647172510623932
2017-11-15,600582.SH,cn_a,INDUSTRY_C35,3,"cp,pca,tucker",-0.020611566162463697,-0.02228145766762854,-0.020611566162463697,0.34623805930217105,1,value_factor,0.5968079566955566,volatility_factor,0.20155461132526398,momentum_factor,0.10278461128473282
2017-11-15,002008.SZ,cn_a,INDUSTRY_C35,3,"cp,pca,tucker",-0.03659271089658841,-0.016918506510734982,-0.03659271089658841,0.34623805930217105,0,momentum_factor,0.5379634499549866,value_factor,0.2700686752796173,quality_factor,0.1585719734430313
2017-11-15,600031.SH,cn_a,INDUSTRY_C35,3,"cp,pca,tucker",-0.05698401973432271,-0.04099963252909767,-0.05698401973432271,0.34623805930217105,0,volatility_factor,0.5293598175048828,quality_factor,0.24492348730564117,value_factor,0.19351261854171753
2017-11-15,600499.SH,cn_a,INDUSTRY_C35,3,"cp,pca,tucker",-0.11613591559337726,-0.08115258322663112,-0.11613591559337726,0.34623805930217105,0,volatility_factor,0.529359757900238,quality_factor,0.24492348730564117,value_factor,0.19351261854171753
2017-11-15,002595.SZ,cn_a,INDUSTRY_C35,3,"cp,pca,tucker",-0.12513503764117795,-0.08229346460782534,-0.12513503764117795,0.34623805930217105,0,volatility_factor,0.529359757900238,quality_factor,0.24492348730564117,value_factor,0.19351261854171753
2017-11-15,300003.SZ,cn_a,INDUSTRY_C35,3,"cp,pca,tucker",-0.13375556875921055,-0.08640841527872213,-0.13375556875921055,0.34623805930217105,0,volatility_factor,0.529359757900238,quality_factor,0.24492348730564117,value_factor,0.19351261854171753
2017-11-15,002432.SZ,cn_a,INDUSTRY_C35,3,"cp,pca,tucker",-0.14296896630572284,-0.10252711038867347,-0.14296896630572284,0.34623805930217105,0,value_factor,0.558732271194458,quality_factor,0.2005954533815384,volatility_factor,0.14996598660945892
2017-11-15,600528.SH,cn_a,INDUSTRY_C35,3,"cp,pca,tucker",-0.15023993608811595,-0.10536677539207771,-0.15023993608811595,0.34623805930217105,0,volatility_factor,0.529359757900238,quality_factor,0.24492348730564117,value_factor,0.19351263344287872
2017-11-15,002223.SZ,cn_a,INDUSTRY_C35,3,"cp,pca,tucker",-0.15712973573263275,-0.10679561281280965,-0.15712973573263275,0.34623805930217105,1,volatility_factor,0.48305201530456543,quality_factor,0.26723727583885193,value_factor,0.1984540820121765
2017-11-15,300450.SZ,cn_a,INDUSTRY_C35,3,"cp,pca,tucker",-0.21031520654242994,-0.13702213235651853,-0.21031520654242994,0.34623805930217105,1,volatility_factor,0.48574379086494446,quality_factor,0.26594021916389465,value_factor,0.1981668323278427
2017-11-15,002837.SZ,cn_a,INDUSTRY_C35,3,"cp,pca,tucker",-0.22223072353913378,-0.14947313394900452,-0.22223072353913378,0.34623805930217105,1,volatility_factor,0.4827130436897278,quality_factor,0.2674006223678589,value_factor,0.19849024713039398
2017-11-15,300529.SZ,cn_a,INDUSTRY_C35,3,"cp,pca,tucker",-0.24588641105669226,-0.16458448453634525,-0.24588641105669226,0.34623805930217105,1,volatility_factor,0.47946199774742126,quality_factor,0.2689671516418457,value_factor,0.19883716106414795
2017-11-16,601106.SH,cn_a,INDUSTRY_C35,3,"cp,pca,tucker",0.5216990785272895,0.49117924359396703,0.5216990785272895,0.044364715460687876,1,quality_factor,0.5423105359077454,value_factor,0.34806716442108154,volatility_factor,0.06249982491135597
2017-11-16,601608.SH,cn_a,INDUSTRY_C35,3,"cp,pca,tucker",0.44641059927864474,0.4198099626762229,0.44641059927864474,0.044364715460687876,1,quality_factor,0.4763754606246948,value_factor,0.36277878284454346,momentum_factor,0.08112645149230957
2017-11-16,002430.SZ,cn_a,INDUSTRY_C35,3,"cp,pca,tucker",0.4241865486615915,0.396388745232211,0.4241865486615915,0.044364715460687876,0,quality_factor,0.8017593622207642,value_factor,0.1258837878704071,volatility_factor,0.06616907566785812
2017-11-16,300604.SZ,cn_a,INDUSTRY_C35,3,"cp,pca,tucker",0.09661325220970889,0.0985659206903831,0.09661325220970889,0.044364715460687876,0,volatility_factor,0.3469546437263489,value_factor,0.33970707654953003,momentum_factor,0.30790209770202637
2017-11-16,601717.SH,cn_a,INDUSTRY_C35,3,"cp,pca,tucker",0.08306890603017071,0.07731365115889159,0.08306890603017071,0.044364715460687876,1,value_factor,0.586306095123291,volatility_factor,0.20002786815166473,quality_factor,0.11240214854478836
2017-11-16,002008.SZ,cn_a,INDUSTRY_C35,3,"cp,pca,tucker",0.07186403373930556,0.07415523789251073,0.07186403373930556,0.044364715460687876,0,momentum_factor,0.38367101550102234,value_factor,0.32312464714050293,volatility_factor,0.2755524814128876
2017-11-16,603338.SH,cn_a,INDUSTRY_C35,3,"cp,pca,tucker",0.03873626779055276,0.04255478817703182,0.03873626779055276,0.044364715460687876,0,momentum_factor,0.3398180603981018,value_factor,0.33218005299568176,volatility_factor,0.29790985584259033
2017-11-16,002353.SZ,cn_a,INDUSTRY_C35,3,"cp,pca,tucker",0.0014884876543873754,0.0005186620823373622,0.0014884876543873754,0.044364715460687876,1,value_factor,0.5363300442695618,volatility_factor,0.19276238977909088,quality_factor,0.17688049376010895
2017-11-16,600031.SH,cn_a,INDUSTRY_C35,3,"cp,pca,tucker",-0.0032372964485649796,-0.0030354238693340516,-0.0032372964485649796,0.044364715460687876,2,volatility_factor,0.3985651135444641,momentum_factor,0.3595239818096161,value_factor,0.14222678542137146
2017-11-16,600582.SH,cn_a,INDUSTRY_C35,3,"cp,pca,tucker",-0.03479476128418932,-0.037076324880297724,-0.03479476128418932,0.044364715460687876,1,value_factor,0.5967694520950317,volatility_factor,0.2015490084886551,momentum_factor,0.10277903079986572
2017-11-16,002595.SZ,cn_a,INDUSTRY_C35,3,"cp,pca,tucker",-0.09079483133787836,-0.08489755661293102,-0.09079483133787836,0.044364715460687876,0,volatility_factor,0.5136504769325256,quality_factor,0.2524931728839874,value_factor,0.195188969373703
2017-11-16,300003.SZ,cn_a,INDUSTRY_C35,3,"cp,pca,tucker",-0.09113611673975695,-0.08439908392275804,-0.09113611673975695,0.044364715460687876,0,volatility_factor,0.5136504173278809,quality_factor,0.25249314308166504,value_factor,0.19518892467021942
2017-11-16,600528.SH,cn_a,INDUSTRY_C35,3,"cp,pca,tucker",-0.09385780595462502,-0.09006018702659191,-0.09385780595462502,0.044364715460687876,0,volatility_factor,0.5136504769325256,quality_factor,0.2524931728839874,value_factor,0.1951889544725418
2017-11-16,002223.SZ,cn_a,INDUSTRY_C35,3,"cp,pca,tucker",-0.11087694828480053,-0.10507079054739539,-0.11087694828480053,0.044364715460687876,1,volatility_factor,0.47574886679649353,quality_factor,0.2707563638687134,value_factor,0.19923339784145355
2017-11-16,002432.SZ,cn_a,INDUSTRY_C35,3,"cp,pca,tucker",-0.11368793953142069,-0.11098560330026508,-0.11368793953142069,0.044364715460687876,0,value_factor,0.5590226650238037,quality_factor,0.20008771121501923,volatility_factor,0.15012480318546295
2017-11-16,300529.SZ,cn_a,INDUSTRY_C35,3,"cp,pca,tucker",-0.14986723866805737,-0.14047406148434002,-0.14986723866805737,0.044364715460687876,1,volatility_factor,0.4726880192756653,quality_factor,0.2722312808036804,value_factor,0.1995600014925003
2017-11-16,300450.SZ,cn_a,INDUSTRY_C35,3,"cp,pca,tucker",-0.17077240417642284,-0.1599569717451054,-0.17077240417642284,0.044364715460687876,1,volatility_factor,0.4780319333076477,quality_factor,0.2696562707424164,value_factor,0.19898976385593414
2017-11-16,002837.SZ,cn_a,INDUSTRY_C35,3,"cp,pca,tucker",-0.17774302715944093,-0.16800057497043105,-0.17774302715944093,0.044364715460687876,1,volatility_factor,0.47546064853668213,quality_factor,0.27089524269104004,value_factor,0.19926413893699646
2017-11-16,600499.SH,cn_a,INDUSTRY_C35,3,"cp,pca,tucker",-0.20353430185577667,-0.19701144858923889,-0.20353430185577667,0.044364715460687876,0,volatility_factor,0.5136504769325256,quality_factor,0.2524931728839874,value_factor,0.1951889544725418
2017-11-17,601106.SH,cn_a,INDUSTRY_C35,3,"cp,pca,tucker",0.637633173303095,0.44975523159987274,0.637633173303095,0.5273949305216471,1,quality_factor,0.46899256110191345,value_factor,0.36079278588294983,momentum_factor,0.09139566123485565
2017-11-17,601608.SH,cn_a,INDUSTRY_C35,3,"cp,pca,tucker",0.5607631395863973,0.39592705660390887,0.5607631395863973,0.5273949305216471,1,quality_factor,0.43629729747772217,value_factor,0.3379015326499939,momentum_factor,0.19811417162418365
2017-11-17,002430.SZ,cn_a,INDUSTRY_C35,3,"cp,pca,tucker",0.5442546988288092,0.39281698625784883,0.5442546988288092,0.5273949305216471,0,momentum_factor,0.323681503534317,volatility_factor,0.3175654709339142,value_factor,0.28128495812416077
2017-11-17,002008.SZ,cn_a,INDUSTRY_C35,3,"cp,pca,tucker",0.14985282807856137,0.07460384581837103,0.14985282807856137,0.5273949305216471,0,value_factor,0.34087231755256653,volatility_factor,0.3398255407810211,momentum_factor,0.3152749240398407
2017-11-17,603338.SH,cn_a,INDUSTRY_C35,3,"cp,pca,tucker",0.09901589684503809,0.041354347360364835,0.09901589684503809,0.5273949305216471,0,volatility_factor,0.3627178966999054,value_factor,0.3502264618873596,momentum_factor,0.26952534914016724
2017-11-17,300604.SZ,cn_a,INDUSTRY_C35,3,"cp,pca,tucker",0.085653990900041,0.034410598876409515,0.085653990900041,0.5273949305216471,0,volatility_factor,0.44987478852272034,value_factor,0.3770700693130493,momentum_factor,0.1608191579580307
2017-11-17,600031.SH,cn_a,INDUSTRY_C35,3,"cp,pca,tucker",0.06793065609436552,0.04073222385904948,0.06793065609436552,0.5273949305216471,2,momentum_factor,0.730238139629364,volatility_factor,0.16760951280593872,value_factor,0.08444765955209732
2017-11-17,601717.SH,cn_a,INDUSTRY_C35,3,"cp,pca,tucker",0.004868055515258957,0.01633205986703738,0.004868055515258957,0.5273949305216471,1,value_factor,0.5861562490463257,volatility_factor,0.20000608265399933,quality_factor,0.11259551346302032
2017-11-17,002353.SZ,cn_a,INDUSTRY_C35,3,"cp,pca,tucker",-0.08425362844715856,-0.047607035562854706,-0.08425362844715856,0.5273949305216471,1,value_factor,0.5357070565223694,volatility_factor,0.19267182052135468,quality_factor,0.1776842176914215
2017-11-17,300003.SZ,cn_a,INDUSTRY_C35,3,"cp,pca,tucker",-0.08729740693684733,-0.06935512047883985,-0.08729740693684733,0.5273949305216471,0,volatility_factor,0.6424006819725037,value_factor,0.1671455204486847,quality_factor,0.16184453666210175
2017-11-17,002595.SZ,cn_a,INDUSTRY_C35,3,"cp,pca,tucker",-0.10965180980128109,-0.07973122011302224,-0.10965180980128109,0.5273949305216471,0,volatility_factor,0.6424006819725037,value_factor,0.1671455353498459,quality_factor,0.16184453666210175
2017-11-17,600582.SH,cn_a,INDUSTRY_C35,3,"cp,pca,tucker",-0.11007483519156251,-0.05446647774036065,-0.11007483519156251,0.5273949305216471,1,value_factor,0.5966941714286804,volatility_factor,0.2015380710363388,momentum_factor,0.10276813805103302
2017-11-17,002223.SZ,cn_a,INDUSTRY_C35,3,"cp,pca,tucker",-0.17353661095907813,-0.1160442877218812,-0.17353661095907813,0.5273949305216471,1,volatility_factor,0.5331040620803833,quality_factor,0.2431192845106125,value_factor,0.1931130737066269
2017-11-17,600528.SH,cn_a,INDUSTRY_C35,3,"cp,pca,tucker",-0.18605925601741316,-0.11772707591081118,-0.18605925601741316,0.5273949305216471,0,volatility_factor,0.6424006819725037,value_factor,0.16714555025100708,quality_factor,0.16184453666210175
2017-11-17,300529.SZ,cn_a,INDUSTRY_C35,3,"cp,pca,tucker",-0.20029043750213846,-0.14197856134733713,-0.20029043750213846,0.5273949305216471,1,volatility_factor,0.5248187184333801,quality_factor,0.24711163341999054,value_factor,0.19399720430374146
2017-11-17,002837.SZ,cn_a,INDUSTRY_C35,3,"cp,pca,tucker",-0.2605325066645966,-0.17686671637991966,-0.2605325066645966,0.5273949305216471,1,volatility_factor,0.5323072671890259,quality_factor,0.24350319802761078,value_factor,0.193198099732399
2017-11-17,002432.SZ,cn_a,INDUSTRY_C35,3,"cp,pca,tucker",-0.2623469272021047,-0.1577506614794534,-0.2623469272021047,0.5273949305216471,0,volatility_factor,0.6424006819725037,value_factor,0.16714555025100708,quality_factor,0.16184455156326294
2017-11-17,600499.SH,cn_a,INDUSTRY_C35,3,"cp,pca,tucker",-0.3310777376508945,-0.20474103618654574,-0.3310777376508945,0.5273949305216471,0,volatility_factor,0.6424006819725037,value_factor,0.16714555025100708,quality_factor,0.16184453666210175
2017-11-17,300450.SZ,cn_a,INDUSTRY_C35,3,"cp,pca,tucker",-0.3731550996119993,-0.2501285391056458,-0.3731550996119993,0.5273949305216471,1,volatility_factor,0.5395427942276001,quality_factor,0.24001669883728027,value_factor,0.19242599606513977
2017-11-20,601106.SH,cn_a,INDUSTRY_C35,3,"cp,pca,tucker",0.5085585602062915,0.44622923106591994,0.5085585602062915,0.20700046171744665,1,quality_factor,0.4880446791648865,value_factor,0.3431517481803894,momentum_factor,0.15759649872779846
2017-11-20,601608.SH,cn_a,INDUSTRY_C35,3,"cp,pca,tucker",0.45434099638609116,0.3987513578353669,0.45434099638609116,0.20700046171744665,1,quality_factor,0.4476564824581146,value_factor,0.3253650665283203,momentum_factor,0.21944284439086914
2017-11-20,002430.SZ,cn_a,INDUSTRY_C35,3,"cp,pca,tucker",0.4417213038591375,0.39022920552503404,0.4417213038591375,0.20700046171744665,0,quality_factor,0.7964418530464172,value_factor,0.13282154500484467,volatility_factor,0.06327533721923828
2017-11-20,300604.SZ,cn_a,INDUSTRY_C35,3,"cp,pca,tucker",0.1259968104119986,0.10109676692429996,0.1259968104119986,0.20700046171744665,0,volatility_factor,0.347101628780365,value_factor,0.3399992883205414,momentum_factor,0.30782315135002136
2017-11-20,600031.SH,cn_a,INDUSTRY_C35,3,"cp,pca,tucker",0.09359103787060347,0.07920038906359046,0.09359103787060347,0.20700046171744665,2,momentum_factor,0.639257550239563,value_factor,0.21011395752429962,volatility_factor,0.0906195119023323
2017-11-20,002008.SZ,cn_a,INDUSTRY_C35,3,"cp,pca,tucker",0.08894197443563745,0.07033875647385844,0.08894197443563745,0.20700046171744665,0,value_factor,0.3398086130619049,volatility_factor,0.334513396024704,momentum_factor,0.31805238127708435
2017-11-20,601717.SH,cn_a,INDUSTRY_C35,3,"cp,pca,tucker",0.06736124373594636,0.061982909209707227,0.06736124373594636,0.20700046171744665,1,value_factor,0.5862342715263367,volatility_factor,0.20001742243766785,quality_factor,0.11249488592147827
2017-11-20,603338.SH,cn_a,INDUSTRY_C35,3,"cp,pca,tucker",0.059281231169802856,0.04453579973643746,0.059281231169802856,0.20700046171744665,0,value_factor,0.3348352909088135,momentum_factor,0.32929521799087524,volatility_factor,0.3067839741706848
2017-11-20,002353.SZ,cn_a,INDUSTRY_C35,3,"cp,pca,tucker",-0.04941610936111229,-0.04031063498476672,-0.04941610936111229,0.20700046171744665,1,value_factor,0.5360316038131714,volatility_factor,0.1927189975976944,quality_factor,0.17726552486419678
2017-11-20,600582.SH,cn_a,INDUSTRY_C35,3,"cp,pca,tucker",-0.07118351735710811,-0.05618422978008766,-0.07118351735710811,0.20700046171744665,1,value_factor,0.5967333316802979,volatility_factor,0.20154376327991486,momentum_factor,0.10277380794286728
2017-11-20,002595.SZ,cn_a,INDUSTRY_C35,3,"cp,pca,tucker",-0.10278954359528976,-0.09062220989397163,-0.10278954359528976,0.20700046171744665,0,volatility_factor,0.6142633557319641,quality_factor,0.19855596125125885,value_factor,0.1817246377468109
2017-11-20,300003.SZ,cn_a,INDUSTRY_C35,3,"cp,pca,tucker",-0.1251350257450166,-0.1106290615500306,-0.1251350257450166,0.20700046171744665,0,volatility_factor,0.6142633557319641,quality_factor,0.19855594635009766,value_factor,0.1817246377468109
2017-11-20,002223.SZ,cn_a,INDUSTRY_C35,3,"cp,pca,tucker",-0.15020154190838234,-0.1298360950350883,-0.15020154190838234,0.20700046171744665,1,volatility_factor,0.516776442527771,quality_factor,0.25098690390586853,value_factor,0.19485539197921753
2017-11-20,600528.SH,cn_a,INDUSTRY_C35,3,"cp,pca,tucker",-0.15068798316420287,-0.12842452529828402,-0.15068798316420287,0.20700046171744665,0,volatility_factor,0.6142633557319641,quality_factor,0.19855596125125885,value_factor,0.1817246526479721
2017-11-20,002432.SZ,cn_a,INDUSTRY_C35,3,"cp,pca,tucker",-0.1759215383860707,-0.14894354033194054,-0.1759215383860707,0.20700046171744665,0,volatility_factor,0.6142634153366089,quality_factor,0.19855597615242004,value_factor,0.1817246675491333
2017-11-20,600499.SH,cn_a,INDUSTRY_C35,3,"cp,pca,tucker",-0.18075490901320587,-0.1537878749161383,-0.18075490901320587,0.20700046171744665,0,volatility_factor,0.6142633557319641,quality_factor,0.19855596125125885,value_factor,0.1817246526479721
2017-11-20,002837.SZ,cn_a,INDUSTRY_C35,3,"cp,pca,tucker",-0.1848201955894534,-0.16087564033807591,-0.1848201955894534,0.20700046171744665,1,volatility_factor,0.5161500573158264,quality_factor,0.2512887120246887,value_factor,0.19492222368717194
2017-11-20,300529.SZ,cn_a,INDUSTRY_C35,3,"cp,pca,tucker",-0.19711530517659184,-0.17258823292013625,-0.19711530517659184,0.20700046171744665,1,volatility_factor,0.5102244019508362,quality_factor,0.2541440427303314,value_factor,0.19555455446243286
2017-11-20,300450.SZ,cn_a,INDUSTRY_C35,3,"cp,pca,tucker",-0.23997966581471855,-0.20987089528591682,-0.23997966581471855,0.20700046171744665,1,volatility_factor,0.5218091011047363,quality_factor,0.248561829328537,value_factor,0.19431833922863007
2017-11-21,601106.SH,cn_a,INDUSTRY_C35,3,"cp,pca,tucker",0.477076119913216,0.4370640697279929,0.477076119913216,0.16461417203148207,1,quality_factor,0.45030477643013,value_factor,0.29234039783477783,momentum_factor,0.20781588554382324
2017-11-21,601608.SH,cn_a,INDUSTRY_C35,3,"cp,pca,tucker",0.4398144722032344,0.40234383124572926,0.4398144722032344,0.16461417203148207,1,quality_factor,0.4398078918457031,value_factor,0.2964031994342804,momentum_factor,0.22200854122638702
2017-11-21,002430.SZ,cn_a,INDUSTRY_C35,3,"cp,pca,tucker",0.4201312628950831,0.3877057054622641,0.4201312628950831,0.16461417203148207,0,quality_factor,0.7981703281402588,value_factor,0.13056647777557373,volatility_factor,0.06421592831611633
2017-11-21,601717.SH,cn_a,INDUSTRY_C35,3,"cp,pca,tucker",0.12618533993318484,0.1156836168011045,0.12618533993318484,0.16461417203148207,0,volatility_factor,0.2731735408306122,momentum_factor,0.26739686727523804,value_factor,0.25099608302116394
2017-11-21,300604.SZ,cn_a,INDUSTRY_C35,3,"cp,pca,tucker",0.11372084989855406,0.09286941068020389,0.11372084989855406,0.16461417203148207,0,volatility_factor,0.35797423124313354,value_factor,0.3445947766304016,momentum_factor,0.2942671775817871
2017-11-21,002008.SZ,cn_a,INDUSTRY_C35,3,"cp,pca,tucker",0.09536423286466579,0.07744234347934825,0.09536423286466579,0.16461417203148207,0,momentum_factor,0.3780612051486969,value_factor,0.3245869576931,volatility_factor,0.28021180629730225
2017-11-21,603338.SH,cn_a,INDUSTRY_C35,3,"cp,pca,tucker",0.08579319673520779,0.0682033170344609,0.08579319673520779,0.16461417203148207,0,value_factor,0.3401700556278229,volatility_factor,0.33539479970932007,momentum_factor,0.31756991147994995
2017-11-21,600031.SH,cn_a,INDUSTRY_C35,3,"cp,pca,tucker",0.08179717505238808,0.0714132174749469,0.08179717505238808,0.16461417203148207,2,momentum_factor,0.7613126039505005,value_factor,0.1605101376771927,volatility_factor,0.06144474446773529
2017-11-21,600582.SH,cn_a,INDUSTRY_C35,3,"cp,pca,tucker",-0.05923866389397012,-0.04708318036104711,-0.05923866389397012,0.16461417203148207,1,value_factor,0.5967451930046082,volatility_factor,0.20154549181461334,momentum_factor,0.10277552157640457
2017-11-21,002353.SZ,cn_a,INDUSTRY_C35,3,"cp,pca,tucker",-0.05954518565572015,-0.0504041006460002,-0.05954518565572015,0.16461417203148207,1,value_factor,0.5361292958259583,volatility_factor,0.19273321330547333,quality_factor,0.17713959515094757
2017-11-21,002837.SZ,cn_a,INDUSTRY_C35,3,"cp,pca,tucker",-0.08743719468827134,-0.08237514268914972,-0.08743719468827134,0.16461417203148207,1,volatility_factor,0.49711957573890686,quality_factor,0.26045870780944824,value_factor,0.1969529539346695
2017-11-21,002595.SZ,cn_a,INDUSTRY_C35,3,"cp,pca,tucker",-0.11442251133739019,-0.10442730198179466,-0.11442251133739019,0.16461417203148207,0,volatility_factor,0.5644928216934204,quality_factor,0.22799432277679443,value_factor,0.189763605594635
2017-11-21,300003.SZ,cn_a,INDUSTRY_C35,3,"cp,pca,tucker",-0.12810987413498245,-0.11764333117948017,-0.12810987413498245,0.16461417203148207,0,volatility_factor,0.5644928216934204,quality_factor,0.22799433767795563,value_factor,0.189763605594635
2017-11-21,600528.SH,cn_a,INDUSTRY_C35,3,"cp,pca,tucker",-0.14521366693101437,-0.12818262136786296,-0.14521366693101437,0.16461417203148207,0,volatility_factor,0.5644928216934204,quality_factor,0.22799432277679443,value_factor,0.1897636204957962
2017-11-21,002223.SZ,cn_a,INDUSTRY_C35,3,"cp,pca,tucker",-0.15559929722915414,-0.139397704632789,-0.15559929722915414,0.16461417203148207,1,volatility_factor,0.49757158756256104,quality_factor,0.26024094223976135,value_factor,0.196904718875885
2017-11-21,600499.SH,cn_a,INDUSTRY_C35,3,"cp,pca,tucker",-0.1576803270235989,-0.13890520102558632,-0.1576803270235989,0.16461417203148207,0,volatility_factor,0.5644928812980652,quality_factor,0.22799433767795563,value_factor,0.1897636204957962
2017-11-21,002432.SZ,cn_a,INDUSTRY_C35,3,"cp,pca,tucker",-0.1793494612911376,-0.1565305279896397,-0.1793494612911376,0.16461417203148207,0,value_factor,0.5592048168182373,quality_factor,0.1997690349817276,volatility_factor,0.15022441744804382
2017-11-21,300529.SZ,cn_a,INDUSTRY_C35,3,"cp,pca,tucker",-0.1993652333294139,-0.18121093118865642,-0.1993652333294139,0.16461417203148207,1,volatility_factor,0.49280989170074463,quality_factor,0.26253536343574524,value_factor,0.19741281867027283
2017-11-21,300450.SZ,cn_a,INDUSTRY_C35,3,"cp,pca,tucker",-0.2674601719552187,-0.24185970674604376,-0.2674601719552187,0.16461417203148207,1,volatility_factor,0.5011792182922363,quality_factor,0.2585025429725647,value_factor,0.19651974737644196
2017-11-22,601106.SH,cn_a,INDUSTRY_C35,3,"cp,pca,tucker",0.5879687590852419,0.4491276986503077,0.5879687590852419,0.4507817228635152,0,quality_factor,0.7992361783981323,value_factor,0.12917585670948029,volatility_factor,0.06479595601558685
2017-11-22,601608.SH,cn_a,INDUSTRY_C35,3,"cp,pca,tucker",0.5440349183153265,0.41711453176828384,0.5440349183153265,0.4507817228635152,0,quality_factor,0.855442225933075,volatility_factor,0.10356070846319199,value_factor,0.029951229691505432
2017-11-22,002430.SZ,cn_a,INDUSTRY_C35,3,"cp,pca,tucker",0.5258026397414874,0.3990006376254045,0.5258026397414874,0.4507817228635152,0,quality_factor,0.8171804547309875,value_factor,0.10576329380273819,volatility_factor,0.07456130534410477
2017-11-22,601717.SH,cn_a,INDUSTRY_C35,3,"cp,pca,tucker",0.14058602162298664,0.10882168640480783,0.14058602162298664,0.4507817228635152,0,value_factor,0.3164178431034088,volatility_factor,0.2970166504383087,quality_factor,0.2279512733221054
2017-11-22,300604.SZ,cn_a,INDUSTRY_C35,3,"cp,pca,tucker",0.08806020561023002,0.08059248156529099,0.08806020561023002,0.4507817228635152,0,value_factor,0.3363392651081085,momentum_factor,0.3343813419342041,volatility_factor,0.32030975818634033
2017-11-22,603338.SH,cn_a,INDUSTRY_C35,3,"cp,pca,tucker",0.019311768164896825,0.025115315345226624,0.019311768164896825,0.4507817228635152,0,momentum_factor,0.35951998829841614,value_factor,0.3253783583641052,volatility_factor,0.2653675079345703
2017-11-22,002008.SZ,cn_a,INDUSTRY_C35,3,"cp,pca,tucker",0.008315160828652052,0.015036238418478723,0.008315160828652052,0.4507817228635152,0,momentum_factor,0.4020429849624634,value_factor,0.31210657954216003,volatility_factor,0.21095010638237
2017-11-22,600031.SH,cn_a,INDUSTRY_C35,3,"cp,pca,tucker",-0.021714584029181822,-0.017457175515435557,-0.021714584029181822,0.4507817228635152,0,volatility_factor,0.43205803632736206,quality_factor,0.29180917143821716,value_factor,0.20389558374881744
2017-11-22,600582.SH,cn_a,INDUSTRY_C35,3,"cp,pca,tucker",-0.03519595142954904,-0.03502825049282623,-0.03519595142954904,0.4507817228635152,1,value_factor,0.5968709588050842,volatility_factor,0.201563760638237,momentum_factor,0.10279373079538345
2017-11-22,002353.SZ,cn_a,INDUSTRY_C35,3,"cp,pca,tucker",-0.07663620571549494,-0.06442999503346115,-0.07663620571549494,0.4507817228635152,1,value_factor,0.5371646285057068,volatility_factor,0.1928837150335312,quality_factor,0.1758037507534027
2017-11-22,600528.SH,cn_a,INDUSTRY_C35,3,"cp,pca,tucker",-0.12280395451361407,-0.09802149965984767,-0.12280395451361407,0.4507817228635152,0,volatility_factor,0.43205803632736206,quality_factor,0.29180917143821716,value_factor,0.20389559864997864
2017-11-22,002595.SZ,cn_a,INDUSTRY_C35,3,"cp,pca,tucker",-0.1446189974488158,-0.11179064511045263,-0.1446189974488158,0.4507817228635152,0,volatility_factor,0.43205803632736206,quality_factor,0.29180917143821716,value_factor,0.20389556884765625
2017-11-22,002837.SZ,cn_a,INDUSTRY_C35,3,"cp,pca,tucker",-0.15408717050305412,-0.11634758884276676,-0.15408717050305412,0.4507817228635152,1,volatility_factor,0.42642420530319214,quality_factor,0.29452386498451233,value_factor,0.20449675619602203
2017-11-22,300003.SZ,cn_a,INDUSTRY_C35,3,"cp,pca,tucker",-0.18319439673587004,-0.14185527543942342,-0.18319439673587004,0.4507817228635152,0,volatility_factor,0.43205803632736206,quality_factor,0.29180917143821716,value_factor,0.20389559864997864
2017-11-22,002432.SZ,cn_a,INDUSTRY_C35,3,"cp,pca,tucker",-0.19057786947803387,-0.15702638112904913,-0.19057786947803387,0.4507817228635152,0,value_factor,0.5582501888275146,quality_factor,0.20143863558769226,volatility_factor,0.14970232546329498
2017-11-22,600499.SH,cn_a,INDUSTRY_C35,3,"cp,pca,tucker",-0.19381532046401098,-0.15671061434262287,-0.19381532046401098,0.4507817228635152,0,volatility_factor,0.43205803632736206,quality_factor,0.2918091416358948,value_factor,0.20389556884765625
2017-11-22,002223.SZ,cn_a,INDUSTRY_C35,3,"cp,pca,tucker",-0.2106949394521936,-0.16696157706517958,-0.2106949394521936,0.4507817228635152,1,volatility_factor,0.4264774024486542,quality_factor,0.2944982647895813,value_factor,0.20449110865592957
2017-11-22,300450.SZ,cn_a,INDUSTRY_C35,3,"cp,pca,tucker",-0.24306929315899117,-0.18704122978315263,-0.24306929315899117,0.4507817228635152,1,volatility_factor,0.426891565322876,quality_factor,0.2942986786365509,value_factor,0.20444689691066742
2017-11-22,300529.SZ,cn_a,INDUSTRY_C35,3,"cp,pca,tucker",-0.2449739102851101,-0.19018210782126474,-0.2449739102851101,0.4507817228635152,1,volatility_factor,0.4259020686149597,quality_factor,0.29477545619010925,value_factor,0.20455247163772583
2017-11-23,601106.SH,cn_a,INDUSTRY_C35,3,"cp,pca,tucker",0.624256229024198,0.44307441722186097,0.624256229024198,0.4354480778177579,1,quality_factor,0.4284681975841522,value_factor,0.26670724153518677,momentum_factor,0.22876965999603271
2017-11-23,601608.SH,cn_a,INDUSTRY_C35,3,"cp,pca,tucker",0.5823053394360357,0.409309266478406,0.5823053394360357,0.4354480778177579,1,quality_factor,0.3977573812007904,momentum_factor,0.2589357793331146,value_factor,0.23356832563877106
2017-11-23,002430.SZ,cn_a,INDUSTRY_C35,3,"cp,pca,tucker",0.5532223387490963,0.40032900785513376,0.5532223387490963,0.4354480778177579,0,momentum_factor,0.32548531889915466,volatility_factor,0.3142058849334717,value_factor,0.2746065557003021
2017-11-23,601717.SH,cn_a,INDUSTRY_C35,3,"cp,pca,tucker",0.08732261606166203,0.06599046420338707,0.08732261606166203,0.4354480778177579,1,value_factor,0.5864166617393494,volatility_factor,0.2000439167022705,quality_factor,0.11225955933332443
2017-11-23,002008.SZ,cn_a,INDUSTRY_C35,3,"cp,pca,tucker",0.05462340458623574,0.012508253178837988,0.05462340458623574,0.4354480778177579,0,volatility_factor,0.4054165184497833,value_factor,0.3652246594429016,momentum_factor,0.19871003925800323
2017-11-23,300604.SZ,cn_a,INDUSTRY_C35,3,"cp,pca,tucker",0.036704311324044,0.0007241633566739217,0.036704311324044,0.4354480778177579,0,value_factor,0.3547796607017517,volatility_factor,0.35411784052848816,momentum_factor,0.2322227954864502
2017-11-23,002837.SZ,cn_a,INDUSTRY_C35,3,"cp,pca,tucker",0.007508674469164793,-0.019066484846978416,0.007508674469164793,0.4354480778177579,2,momentum_factor,0.4109538197517395,value_factor,0.30617693066596985,volatility_factor,0.1747404783964157
2017-11-23,603338.SH,cn_a,INDUSTRY_C35,3,"cp,pca,tucker",-0.02575088548321088,-0.03742641602401045,-0.02575088548321088,0.4354480778177579,0,value_factor,0.35720738768577576,volatility_factor,0.3443610966205597,momentum_factor,0.20203153789043427
2017-11-23,600582.SH,cn_a,INDUSTRY_C35,3,"cp,pca,tucker",-0.07843617325464984,-0.031413546287208466,-0.07843617325464984,0.4354480778177579,1,value_factor,0.596825122833252,volatility_factor,0.20155709981918335,momentum_factor,0.1027870923280716
2017-11-23,600031.SH,cn_a,INDUSTRY_C35,3,"cp,pca,tucker",-0.09279167703412038,-0.055239235945200305,-0.09279167703412038,0.4354480778177579,0,volatility_factor,0.49979841709136963,quality_factor,0.25916787981987,value_factor,0.19666709005832672
2017-11-23,002353.SZ,cn_a,INDUSTRY_C35,3,"cp,pca,tucker",-0.15060733858492623,-0.08442386398931367,-0.15060733858492623,0.4354480778177579,1,value_factor,0.5367879271507263,volatility_factor,0.1928289532661438,quality_factor,0.17628975212574005
2017-11-23,600528.SH,cn_a,INDUSTRY_C35,3,"cp,pca,tucker",-0.17870250827735332,-0.11078313920257811,-0.17870250827735332,0.4354480778177579,0,volatility_factor,0.499798446893692,quality_factor,0.25916787981987,value_factor,0.19666707515716553
2017-11-23,002595.SZ,cn_a,INDUSTRY_C35,3,"cp,pca,tucker",-0.2032442126160601,-0.13498884842064637,-0.2032442126160601,0.4354480778177579,0,volatility_factor,0.499798446893692,quality_factor,0.25916787981987,value_factor,0.19666709005832672
2017-11-23,300003.SZ,cn_a,INDUSTRY_C35,3,"cp,pca,tucker",-0.20349228785346543,-0.13871743648650928,-0.20349228785346543,0.4354480778177579,0,volatility_factor,0.499798446893692,quality_factor,0.25916787981987,value_factor,0.19666709005832672
2017-11-23,600499.SH,cn_a,INDUSTRY_C35,3,"cp,pca,tucker",-0.20588465778031742,-0.12526107359083014,-0.20588465778031742,0.4354480778177579,0,volatility_factor,0.499798446893692,quality_factor,0.25916787981987,value_factor,0.19666709005832672
2017-11-23,002223.SZ,cn_a,INDUSTRY_C35,3,"cp,pca,tucker",-0.24917269841461245,-0.1591531849420362,-0.24917269841461245,0.4354480778177579,1,volatility_factor,0.4688250422477722,quality_factor,0.2740926444530487,value_factor,0.19997219741344452
2017-11-23,002432.SZ,cn_a,INDUSTRY_C35,3,"cp,pca,tucker",-0.26211503530016556,-0.15099507272812843,-0.26211503530016556,0.4354480778177579,0,value_factor,0.5586019158363342,quality_factor,0.20082347095012665,volatility_factor,0.14989468455314636
2017-11-23,300450.SZ,cn_a,INDUSTRY_C35,3,"cp,pca,tucker",-0.2803330780427106,-0.1925554010491152,-0.2803330780427106,0.4354480778177579,1,volatility_factor,0.47075238823890686,quality_factor,0.27316394448280334,value_factor,0.19976654648780823
2017-11-23,300529.SZ,cn_a,INDUSTRY_C35,3,"cp,pca,tucker",-0.33119570780887986,-0.21859205380267233,-0.33119570780887986,0.4354480778177579,1,volatility_factor,0.4662282168865204,quality_factor,0.27534398436546326,value_factor,0.2002493441104889
2017-11-24,601106.SH,cn_a,INDUSTRY_C35,3,"cp,pca,tucker",0.5620858423633083,0.45136919013742044,0.5620858423633083,0.3744244451324145,0,quality_factor,0.8187437653541565,value_factor,0.10372364521026611,volatility_factor,0.07541204988956451
2017-11-24,601608.SH,cn_a,INDUSTRY_C35,3,"cp,pca,tucker",0.5333302724232355,0.433010777448051,0.5333302724232355,0.3744244451324145,0,quality_factor,0.8688392639160156,volatility_factor,0.11478589475154877,momentum_factor,0.016360588371753693
2017-11-24,002430.SZ,cn_a,INDUSTRY_C35,3,"cp,pca,tucker",0.49683575945771424,0.3919701662115005,0.49683575945771424,0.3744244451324145,0,quality_factor,0.8336042761802673,volatility_factor,0.08526285737752914,value_factor,0.07875049114227295
2017-11-24,601717.SH,cn_a,INDUSTRY_C35,3,"cp,pca,tucker",0.10708623892619308,0.08467467233258978,0.10708623892619308,0.3744244451324145,1,value_factor,0.5867603421211243,volatility_factor,0.20009389519691467,quality_factor,0.11181612312793732
2017-11-24,600582.SH,cn_a,INDUSTRY_C35,3,"cp,pca,tucker",0.02100813026744212,0.005562029769804133,0.02100813026744212,0.3744244451324145,1,value_factor,0.5969980955123901,volatility_factor,0.20158225297927856,momentum_factor,0.10281213372945786
2017-11-24,002837.SZ,cn_a,INDUSTRY_C35,3,"cp,pca,tucker",-0.020712786152946982,0.001897469507592416,-0.020712786152946982,0.3744244451324145,2,momentum_factor,0.5562208890914917,value_factor,0.27055105566978455,quality_factor,0.11894381791353226
2017-11-24,600031.SH,cn_a,INDUSTRY_C35,3,"cp,pca,tucker",-0.02852090278063628,-0.02598248009272443,-0.02852090278063628,0.3744244451324145,0,volatility_factor,0.42532676458358765,quality_factor,0.2950526773929596,value_factor,0.20461387932300568
2017-11-24,002008.SZ,cn_a,INDUSTRY_C35,3,"cp,pca,tucker",-0.030767607250854773,-0.0105655292459338,-0.030767607250854773,0.3744244451324145,0,value_factor,0.34848833084106445,volatility_factor,0.32932326197624207,momentum_factor,0.2480066418647766
2017-11-24,002353.SZ,cn_a,INDUSTRY_C35,3,"cp,pca,tucker",-0.05839206527335591,-0.05810697133165644,-0.05839206527335591,0.3744244451324145,1,value_factor,0.5382035970687866,volatility_factor,0.19303476810455322,quality_factor,0.17446334660053253
2017-11-24,600499.SH,cn_a,INDUSTRY_C35,3,"cp,pca,tucker",-0.08566642542139506,-0.07529069335218382,-0.08566642542139506,0.3744244451324145,0,volatility_factor,0.42532679438591003,quality_factor,0.295052707195282,value_factor,0.20461387932300568
2017-11-24,300604.SZ,cn_a,INDUSTRY_C35,3,"cp,pca,tucker",-0.09525908812975749,-0.06913769700763962,-0.09525908812975749,0.3744244451324145,0,volatility_factor,0.42945992946624756,quality_factor,0.29306110739707947,value_factor,0.20417283475399017
2017-11-24,002432.SZ,cn_a,INDUSTRY_C35,3,"cp,pca,tucker",-0.10883377216172929,-0.1027934937676513,-0.10883377216172929,0.3744244451324145,0,value_factor,0.5572528839111328,quality_factor,0.20318278670310974,volatility_factor,0.14915691316127777
2017-11-24,600528.SH,cn_a,INDUSTRY_C35,3,"cp,pca,tucker",-0.11173560213537119,-0.09825679737297925,-0.11173560213537119,0.3744244451324145,0,volatility_factor,0.42532676458358765,quality_factor,0.295052707195282,value_factor,0.20461387932300568
2017-11-24,603338.SH,cn_a,INDUSTRY_C35,3,"cp,pca,tucker",-0.14051708426537238,-0.10962931227600653,-0.14051708426537238,0.3744244451324145,1,volatility_factor,0.4223586618900299,quality_factor,0.2964828908443451,value_factor,0.20493058860301971
2017-11-24,002595.SZ,cn_a,INDUSTRY_C35,3,"cp,pca,tucker",-0.1575907699245825,-0.13157044228760104,-0.1575907699245825,0.3744244451324145,0,volatility_factor,0.42532676458358765,quality_factor,0.2950526773929596,value_factor,0.20461386442184448
2017-11-24,002223.SZ,cn_a,INDUSTRY_C35,3,"cp,pca,tucker",-0.18637003331251686,-0.160748515009452,-0.18637003331251686,0.3744244451324145,1,volatility_factor,0.42128613591194153,quality_factor,0.2969996929168701,value_factor,0.20504502952098846
2017-11-24,300003.SZ,cn_a,INDUSTRY_C35,3,"cp,pca,tucker",-0.20279499384738262,-0.16999241180599892,-0.20279499384738262,0.3744244451324145,0,volatility_factor,0.42532676458358765,quality_factor,0.295052707195282,value_factor,0.20461386442184448
2017-11-24,300450.SZ,cn_a,INDUSTRY_C35,3,"cp,pca,tucker",-0.2286618599069652,-0.18562728694021927,-0.2286618599069652,0.3744244451324145,1,volatility_factor,0.4215919077396393,quality_factor,0.29685238003730774,value_factor,0.20501242578029633
2017-11-24,300529.SZ,cn_a,INDUSTRY_C35,3,"cp,pca,tucker",-0.2879367812566856,-0.2440625840875548,-0.2879367812566856,0.3744244451324145,1,volatility_factor,0.4208598732948303,quality_factor,0.2972050607204437,value_factor,0.2050905078649521
2017-11-27,601106.SH,cn_a,INDUSTRY_C35,3,"cp,pca,tucker",0.5270193072592425,0.4478579717175381,0.5270193072592425,0.2652785014361143,1,quality_factor,0.401303768157959,momentum_factor,0.24604998528957367,value_factor,0.1997663676738739
2017-11-27,601608.SH,cn_a,INDUSTRY_C35,3,"cp,pca,tucker",0.5073787275989521,0.4273891881530594,0.5073787275989521,0.2652785014361143,1,quality_factor,0.39084744453430176,momentum_factor,0.2517261207103729,volatility_factor,0.1869339644908905
2017-11-27,002430.SZ,cn_a,INDUSTRY_C35,3,"cp,pca,tucker",0.45231860645684585,0.3909558898279449,0.45231860645684585,0.2652785014361143,0,momentum_factor,0.3257793188095093,volatility_factor,0.3136582672595978,value_factor,0.27351799607276917
2017-11-27,601717.SH,cn_a,INDUSTRY_C35,3,"cp,pca,tucker",0.133029247061268,0.11154083771529955,0.133029247061268,0.2652785014361143,0,value_factor,0.29609936475753784,volatility_factor,0.2656817138195038,quality_factor,0.24871061742305756
2017-11-27,002837.SZ,cn_a,INDUSTRY_C35,3,"cp,pca,tucker",0.09102239102160255,0.05437001417208753,0.09102239102160255,0.2652785014361143,2,momentum_factor,0.4070301949977875,value_factor,0.31637662649154663,volatility_factor,0.24928109347820282
2017-11-27,002008.SZ,cn_a,INDUSTRY_C35,3,"cp,pca,tucker",0.03435520260109206,0.013488423368788435,0.03435520260109206,0.2652785014361143,0,volatility_factor,0.38677075505256653,value_factor,0.3601997494697571,momentum_factor,0.21736018359661102
2017-11-27,600582.SH,cn_a,INDUSTRY_C35,3,"cp,pca,tucker",-0.02154099676766119,-0.006529942065820767,-0.02154099676766119,0.2652785014361143,1,value_factor,0.5969895720481873,volatility_factor,0.20158103108406067,momentum_factor,0.10281090438365936
2017-11-27,300604.SZ,cn_a,INDUSTRY_C35,3,"cp,pca,tucker",-0.03357887544585188,-0.03908551320629564,-0.03357887544585188,0.2652785014361143,0,volatility_factor,0.5215752124786377,value_factor,0.4072209894657135,quality_factor,0.0625673308968544
2017-11-27,600031.SH,cn_a,INDUSTRY_C35,3,"cp,pca,tucker",-0.04701855614079447,-0.03586120629862533,-0.04701855614079447,0.2652785014361143,1,value_factor,0.4941845238208771,quality_factor,0.23125606775283813,volatility_factor,0.18663530051708221
2017-11-27,002353.SZ,cn_a,INDUSTRY_C35,3,"cp,pca,tucker",-0.08720419268363261,-0.06320043631299388,-0.08720419268363261,0.2652785014361143,1,value_factor,0.5381338596343994,volatility_factor,0.1930246204137802,quality_factor,0.1745532900094986
2017-11-27,600528.SH,cn_a,INDUSTRY_C35,3,"cp,pca,tucker",-0.10347517901013552,-0.08205787388334632,-0.10347517901013552,0.2652785014361143,0,volatility_factor,0.4858498275279999,quality_factor,0.26588913798332214,value_factor,0.19815552234649658
2017-11-27,002432.SZ,cn_a,INDUSTRY_C35,3,"cp,pca,tucker",-0.12524781026097898,-0.09381632183069798,-0.12524781026097898,0.2652785014361143,0,value_factor,0.5573211312294006,quality_factor,0.203063502907753,volatility_factor,0.14919421076774597
2017-11-27,603338.SH,cn_a,INDUSTRY_C35,3,"cp,pca,tucker",-0.13126039358999278,-0.11399444571346973,-0.13126039358999278,0.2652785014361143,1,volatility_factor,0.46705085039138794,quality_factor,0.2749476134777069,value_factor,0.20016154646873474
2017-11-27,600499.SH,cn_a,INDUSTRY_C35,3,"cp,pca,tucker",-0.15825781846131795,-0.12288216072877789,-0.15825781846131795,0.2652785014361143,0,volatility_factor,0.4858498275279999,quality_factor,0.26588910818099976,value_factor,0.19815552234649658
2017-11-27,002223.SZ,cn_a,INDUSTRY_C35,3,"cp,pca,tucker",-0.2091198743880702,-0.16685126631960015,-0.2091198743880702,0.2652785014361143,1,volatility_factor,0.461341917514801,quality_factor,0.27769848704338074,value_factor,0.20077075064182281
2017-11-27,002595.SZ,cn_a,INDUSTRY_C35,3,"cp,pca,tucker",-0.2131936224074358,-0.1718220851113023,-0.2131936224074358,0.2652785014361143,0,volatility_factor,0.4858498275279999,quality_factor,0.26588913798332214,value_factor,0.19815552234649658
2017-11-27,300529.SZ,cn_a,INDUSTRY_C35,3,"cp,pca,tucker",-0.23029553203702458,-0.19048442503791607,-0.23029553203702458,0.2652785014361143,1,volatility_factor,0.4592049717903137,quality_factor,0.278728187084198,value_factor,0.20099875330924988
2017-11-27,300003.SZ,cn_a,INDUSTRY_C35,3,"cp,pca,tucker",-0.26626167392407235,-0.21456563568724463,-0.26626167392407235,0.2652785014361143,0,volatility_factor,0.48584985733032227,quality_factor,0.26588913798332214,value_factor,0.19815552234649658
2017-11-27,300450.SZ,cn_a,INDUSTRY_C35,3,"cp,pca,tucker",-0.3239943253062982,-0.26414385184357597,-0.3239943253062982,0.2652785014361143,1,volatility_factor,0.4629194140434265,quality_factor,0.2769383490085602,value_factor,0.20060239732265472
2017-11-28,601106.SH,cn_a,INDUSTRY_C35,3,"cp,pca,tucker",0.5121187548828922,0.45379014101909054,0.5121187548828922,0.1749215858678023,1,quality_factor,0.40865635871887207,momentum_factor,0.2363920956850052,value_factor,0.19812814891338348
2017-11-28,601608.SH,cn_a,INDUSTRY_C35,3,"cp,pca,tucker",0.4952671724002203,0.43619087247715216,0.4952671724002203,0.1749215858678023,1,quality_factor,0.3876534700393677,momentum_factor,0.25057145953178406,volatility_factor,0.21165134012699127
2017-11-28,002430.SZ,cn_a,INDUSTRY_C35,3,"cp,pca,tucker",0.43666769359399543,0.3913692041871844,0.43666769359399543,0.1749215858678023,0,momentum_factor,0.3249020278453827,volatility_factor,0.3152922987937927,value_factor,0.2767661511898041
2017-11-28,601717.SH,cn_a,INDUSTRY_C35,3,"cp,pca,tucker",0.15463390347280748,0.13426439193565834,0.15463390347280748,0.1749215858678023,0,momentum_factor,0.29529115557670593,quality_factor,0.23814590275287628,volatility_factor,0.23463751375675201
2017-11-28,002837.SZ,cn_a,INDUSTRY_C35,3,"cp,pca,tucker",0.1209261873385945,0.08994523577961143,0.1209261873385945,0.1749215858678023,2,volatility_factor,0.33680543303489685,value_factor,0.33162933588027954,momentum_factor,0.31922656297683716
2017-11-28,002008.SZ,cn_a,INDUSTRY_C35,3,"cp,pca,tucker",0.057014650906762276,0.03875044539004252,0.057014650906762276,0.1749215858678023,0,volatility_factor,0.43817338347435,value_factor,0.3710012137889862,momentum_factor,0.1885458379983902
2017-11-28,600582.SH,cn_a,INDUSTRY_C35,3,"cp,pca,tucker",0.0002785931013436216,0.006629639292968503,0.0002785931013436216,0.1749215858678023,1,value_factor,0.5970027446746826,volatility_factor,0.2015829235315323,momentum_factor,0.10281281918287277
2017-11-28,600031.SH,cn_a,INDUSTRY_C35,3,"cp,pca,tucker",-0.0014312377466613388,-0.0013402142718019975,-0.0014312377466613388,0.1749215858678023,2,momentum_factor,0.4252966642379761,quality_factor,0.26498183608055115,volatility_factor,0.22322727739810944
2017-11-28,002353.SZ,cn_a,INDUSTRY_C35,3,"cp,pca,tucker",-0.06747021750343071,-0.05371647848696181,-0.06747021750343071,0.1749215858678023,1,value_factor,0.5382415652275085,volatility_factor,0.19304029643535614,quality_factor,0.17441438138484955
2017-11-28,300604.SZ,cn_a,INDUSTRY_C35,3,"cp,pca,tucker",-0.08145456513441764,-0.07602934400824207,-0.08145456513441764,0.1749215858678023,0,volatility_factor,0.47967466711997986,quality_factor,0.2688646912574768,value_factor,0.1988144814968109
2017-11-28,600528.SH,cn_a,INDUSTRY_C35,3,"cp,pca,tucker",-0.0972078542478485,-0.08247987235774588,-0.0972078542478485,0.1749215858678023,0,volatility_factor,0.46107304096221924,quality_factor,0.27782803773880005,value_factor,0.20079942047595978
2017-11-28,002432.SZ,cn_a,INDUSTRY_C35,3,"cp,pca,tucker",-0.10498968084979725,-0.08563921168621315,-0.10498968084979725,0.1749215858678023,0,value_factor,0.557215690612793,quality_factor,0.20324787497520447,volatility_factor,0.14913655817508698
2017-11-28,600499.SH,cn_a,INDUSTRY_C35,3,"cp,pca,tucker",-0.12368798171835138,-0.10379134166507721,-0.12368798171835138,0.1749215858678023,0,volatility_factor,0.46107301115989685,quality_factor,0.27782803773880005,value_factor,0.20079942047595978
2017-11-28,603338.SH,cn_a,INDUSTRY_C35,3,"cp,pca,tucker",-0.16896344226383805,-0.14870106799767113,-0.16896344226383805,0.1749215858678023,1,volatility_factor,0.4501473605632782,quality_factor,0.2830926775932312,value_factor,0.2019653022289276
2017-11-28,002595.SZ,cn_a,INDUSTRY_C35,3,"cp,pca,tucker",-0.1809592127577507,-0.15576452169864494,-0.1809592127577507,0.1749215858678023,0,volatility_factor,0.46107304096221924,quality_factor,0.27782803773880005,value_factor,0.20079940557479858
2017-11-28,002223.SZ,cn_a,INDUSTRY_C35,3,"cp,pca,tucker",-0.18208237116775194,-0.1554744789826367,-0.18208237116775194,0.1749215858678023,1,volatility_factor,0.44659754633903503,quality_factor,0.284803181886673,value_factor,0.20234407484531403
2017-11-28,300529.SZ,cn_a,INDUSTRY_C35,3,"cp,pca,tucker",-0.2095147169007071,-0.1830104390081678,-0.2095147169007071,0.1749215858678023,1,volatility_factor,0.4452388882637024,quality_factor,0.28545787930488586,value_factor,0.20248907804489136
2017-11-28,300003.SZ,cn_a,INDUSTRY_C35,3,"cp,pca,tucker",-0.2501458950420509,-0.2143907143315853,-0.2501458950420509,0.1749215858678023,0,volatility_factor,0.46107304096221924,quality_factor,0.27782803773880005,value_factor,0.20079942047595978
2017-11-28,300450.SZ,cn_a,INDUSTRY_C35,3,"cp,pca,tucker",-0.28535937467644606,-0.24719823398098276,-0.28535937467644606,0.1749215858678023,1,volatility_factor,0.4475899636745453,quality_factor,0.28432497382164,value_factor,0.20223818719387054
2017-11-29,601106.SH,cn_a,INDUSTRY_C35,3,"cp,pca,tucker",0.5306014679613135,0.4456444212217107,0.5306014679613135,0.24955497433741888,1,quality_factor,0.40197205543518066,momentum_factor,0.2472817301750183,value_factor,0.20792849361896515
2017-11-29,601608.SH,cn_a,INDUSTRY_C35,3,"cp,pca,tucker",0.5134451671495773,0.4278800081308522,0.5134451671495773,0.24955497433741888,1,quality_factor,0.3911907970905304,momentum_factor,0.252064973115921,volatility_factor,0.18320287764072418
2017-11-29,002430.SZ,cn_a,INDUSTRY_C35,3,"cp,pca,tucker",0.46075347200880784,0.3917430231678421,0.46075347200880784,0.24955497433741888,0,momentum_factor,0.32383641600608826,volatility_factor,0.3172769546508789,value_factor,0.28071147203445435
2017-11-29,601717.SH,cn_a,INDUSTRY_C35,3,"cp,pca,tucker",0.10908174541009981,0.09170993046057618,0.10908174541009981,0.24955497433741888,0,volatility_factor,0.38707080483436584,value_factor,0.3349674940109253,quality_factor,0.14012786746025085
2017-11-29,600031.SH,cn_a,INDUSTRY_C35,3,"cp,pca,tucker",0.05216207978872284,0.03972660293604977,0.05216207978872284,0.24955497433741888,2,momentum_factor,0.6544560194015503,volatility_factor,0.2373359501361847,quality_factor,0.06441012024879456
2017-11-29,600582.SH,cn_a,INDUSTRY_C35,3,"cp,pca,tucker",0.030631909864595092,0.03125455575005687,0.030631909864595092,0.24955497433741888,1,value_factor,0.5970305800437927,volatility_factor,0.20158697664737701,momentum_factor,0.10281684249639511
2017-11-29,002008.SZ,cn_a,INDUSTRY_C35,3,"cp,pca,tucker",0.029886743618045147,0.012830128106378394,0.029886743618045147,0.24955497433741888,0,volatility_factor,0.412280797958374,value_factor,0.3668528199195862,momentum_factor,0.19324176013469696
2017-11-29,002837.SZ,cn_a,INDUSTRY_C35,3,"cp,pca,tucker",0.005023082139765295,-0.008205838035444982,0.005023082139765295,0.24955497433741888,2,momentum_factor,0.34319427609443665,value_factor,0.3253558278083801,volatility_factor,0.25106048583984375
2017-11-29,002353.SZ,cn_a,INDUSTRY_C35,3,"cp,pca,tucker",-0.09362913241788344,-0.06948813238180457,-0.09362913241788344,0.24955497433741888,1,value_factor,0.5384674668312073,volatility_factor,0.19307313859462738,quality_factor,0.17412284016609192
2017-11-29,603338.SH,cn_a,INDUSTRY_C35,3,"cp,pca,tucker",-0.12781744438572715,-0.1094738620100808,-0.12781744438572715,0.24955497433741888,1,volatility_factor,0.3976072669029236,quality_factor,0.30840954184532166,value_factor,0.20757177472114563
2017-11-29,002432.SZ,cn_a,INDUSTRY_C35,3,"cp,pca,tucker",-0.13184036338037206,-0.09975627670973375,-0.13184036338037206,0.24955497433741888,0,value_factor,0.5569930076599121,quality_factor,0.20363736152648926,volatility_factor,0.14901477098464966
2017-11-29,600528.SH,cn_a,INDUSTRY_C35,3,"cp,pca,tucker",-0.1370504543835873,-0.10793656670205587,-0.1370504543835873,0.24955497433741888,0,volatility_factor,0.39777839183807373,quality_factor,0.3083270788192749,value_factor,0.20755352079868317
2017-11-29,600499.SH,cn_a,INDUSTRY_C35,3,"cp,pca,tucker",-0.1447964885729214,-0.11319374528389663,-0.1447964885729214,0.24955497433741888,0,volatility_factor,0.39777839183807373,quality_factor,0.3083271086215973,value_factor,0.20755353569984436
2017-11-29,002223.SZ,cn_a,INDUSTRY_C35,3,"cp,pca,tucker",-0.18964738630731218,-0.15194818331729223,-0.18964738630731218,0.24955497433741888,1,volatility_factor,0.39753958582878113,quality_factor,0.3084421753883362,value_factor,0.20757900178432465
2017-11-29,002595.SZ,cn_a,INDUSTRY_C35,3,"cp,pca,tucker",-0.1913480331876695,-0.15471680409077956,-0.1913480331876695,0.24955497433741888,0,volatility_factor,0.39777839183807373,quality_factor,0.3083271086215973,value_factor,0.20755353569984436
2017-11-29,300604.SZ,cn_a,INDUSTRY_C35,3,"cp,pca,tucker",-0.20889826578279222,-0.1709181240635025,-0.20889826578279222,0.24955497433741888,0,volatility_factor,0.3979834020137787,quality_factor,0.3082282841205597,value_factor,0.2075316309928894
2017-11-29,300529.SZ,cn_a,INDUSTRY_C35,3,"cp,pca,tucker",-0.24252301408887003,-0.19843136279659182,-0.24252301408887003,0.24955497433741888,1,volatility_factor,0.397511750459671,quality_factor,0.30845558643341064,value_factor,0.20758198201656342
2017-11-29,300003.SZ,cn_a,INDUSTRY_C35,3,"cp,pca,tucker",-0.2512715365508878,-0.20255462977024144,-0.2512715365508878,0.24955497433741888,0,volatility_factor,0.39777839183807373,quality_factor,0.3083270788192749,value_factor,0.20755352079868317
2017-11-29,300450.SZ,cn_a,INDUSTRY_C35,3,"cp,pca,tucker",-0.28843692020065653,-0.2356450833189573,-0.28843692020065653,0.24955497433741888,1,volatility_factor,0.3975592255592346,quality_factor,0.3084326982498169,value_factor,0.2075769156217575
2017-11-30,601106.SH,cn_a,INDUSTRY_C35,3,"cp,pca,tucker",0.5307993525157845,0.44419372957882236,0.5307993525157845,0.26676788181066513,0,quality_factor,0.8071278929710388,value_factor,0.11887931078672409,volatility_factor,0.06909063458442688
2017-11-30,601608.SH,cn_a,INDUSTRY_C35,3,"cp,pca,tucker",0.5132226196108851,0.4330630753526011,0.5132226196108851,0.26676788181066513,1,quality_factor,0.3911907970905304,momentum_factor,0.252064973115921,volatility_factor,0.18320287764072418
2017-11-30,002430.SZ,cn_a,INDUSTRY_C35,3,"cp,pca,tucker",0.48341058561927847,0.4005437734057377,0.48341058561927847,0.26676788181066513,0,quality_factor,0.8254364728927612,value_factor,0.09499139338731766,volatility_factor,0.07905425876379013
2017-11-30,600031.SH,cn_a,INDUSTRY_C35,3,"cp,pca,tucker",0.08761441160024273,0.08061936282046071,0.08761441160024273,0.26676788181066513,2,momentum_factor,0.759182333946228,value_factor,0.1596560776233673,volatility_factor,0.06239856407046318
2017-11-30,601717.SH,cn_a,INDUSTRY_C35,3,"cp,pca,tucker",0.0774924994167441,0.060088951642092624,0.0774924994167441,0.26676788181066513,1,value_factor,0.5866118669509888,volatility_factor,0.20007231831550598,quality_factor,0.11200770735740662
2017-11-30,002837.SZ,cn_a,INDUSTRY_C35,3,"cp,pca,tucker",0.04384578328425318,0.05364987173621577,0.04384578328425318,0.26676788181066513,2,volatility_factor,0.3868832290172577,value_factor,0.3522723615169525,momentum_factor,0.2568637430667877
2017-11-30,600582.SH,cn_a,INDUSTRY_C35,3,"cp,pca,tucker",0.03969729304999919,0.026776729290870317,0.03969729304999919,0.26676788181066513,1,value_factor,0.5969233512878418,volatility_factor,0.20157137513160706,momentum_factor,0.10280131548643112
2017-11-30,002353.SZ,cn_a,INDUSTRY_C35,3,"cp,pca,tucker",-0.06288030404678603,-0.06113041688430861,-0.06288030404678603,0.26676788181066513,1,value_factor,0.5375934839248657,volatility_factor,0.19294607639312744,quality_factor,0.17525047063827515
2017-11-30,600528.SH,cn_a,INDUSTRY_C35,3,"cp,pca,tucker",-0.09663808203545383,-0.08578536803326342,-0.09663808203545383,0.26676788181066513,0,volatility_factor,0.3486367464065552,quality_factor,0.33200639486312866,value_factor,0.2127973586320877
2017-11-30,002432.SZ,cn_a,INDUSTRY_C35,3,"cp,pca,tucker",-0.10093114299318591,-0.09326068623991124,-0.10093114299318591,0.26676788181066513,0,value_factor,0.5578434467315674,quality_factor,0.20214995741844177,volatility_factor,0.14947988092899323
2017-11-30,600499.SH,cn_a,INDUSTRY_C35,3,"cp,pca,tucker",-0.1095707549318297,-0.09814208183325661,-0.1095707549318297,0.26676788181066513,0,volatility_factor,0.3486367464065552,quality_factor,0.33200642466545105,value_factor,0.2127973586320877
2017-11-30,002008.SZ,cn_a,INDUSTRY_C35,3,"cp,pca,tucker",-0.12170798530278182,-0.09988763224366008,-0.12170798530278182,0.26676788181066513,1,quality_factor,0.3374766707420349,volatility_factor,0.3372843563556671,value_factor,0.21400877833366394
2017-11-30,002223.SZ,cn_a,INDUSTRY_C35,3,"cp,pca,tucker",-0.16436964772608456,-0.14359934160146168,-0.16436964772608456,0.26676788181066513,1,volatility_factor,0.3417586088180542,quality_factor,0.33532071113586426,value_factor,0.21353133022785187
2017-11-30,002595.SZ,cn_a,INDUSTRY_C35,3,"cp,pca,tucker",-0.17425779313505962,-0.1508281276757639,-0.17425779313505962,0.26676788181066513,0,volatility_factor,0.3486367464065552,quality_factor,0.33200642466545105,value_factor,0.2127973735332489
2017-11-30,603338.SH,cn_a,INDUSTRY_C35,3,"cp,pca,tucker",-0.18627763225341706,-0.15759912657341493,-0.18627763225341706,0.26676788181066513,1,volatility_factor,0.343976229429245,quality_factor,0.33425211906433105,value_factor,0.21329468488693237
2017-11-30,300604.SZ,cn_a,INDUSTRY_C35,3,"cp,pca,tucker",-0.19466080206006162,-0.16614877343010495,-0.19466080206006162,0.26676788181066513,0,volatility_factor,0.3529243767261505,quality_factor,0.32994040846824646,value_factor,0.212339848279953
2017-11-30,300003.SZ,cn_a,INDUSTRY_C35,3,"cp,pca,tucker",-0.2139670026495881,-0.18481802349048956,-0.2139670026495881,0.26676788181066513,0,volatility_factor,0.34863677620887756,quality_factor,0.33200642466545105,value_factor,0.2127973735332489
2017-11-30,300529.SZ,cn_a,INDUSTRY_C35,3,"cp,pca,tucker",-0.2512882827788158,-0.21601214527485124,-0.2512882827788158,0.26676788181066513,1,volatility_factor,0.34077006578445435,quality_factor,0.3357970714569092,value_factor,0.2136368304491043
2017-11-30,300450.SZ,cn_a,INDUSTRY_C35,3,"cp,pca,tucker",-0.276257396211701,-0.2364248025151586,-0.276257396211701,0.26676788181066513,1,volatility_factor,0.3424278795719147,quality_factor,0.334998220205307,value_factor,0.21345990896224976
2017-12-01,601106.SH,cn_a,INDUSTRY_C35,3,"cp,pca,tucker",0.7265991746633115,0.4527738641755132,0.7265991746633115,0.45399027069409686,0,quality_factor,0.7610690593719482,value_factor,0.17897368967533112,volatility_factor,0.04402532801032066
2017-12-01,601608.SH,cn_a,INDUSTRY_C35,3,"cp,pca,tucker",0.6999569431147198,0.44408320135373486,0.6999569431147198,0.45399027069409686,0,quality_factor,0.8285447955131531,value_factor,0.09005647897720337,volatility_factor,0.08102355897426605
2017-12-01,002430.SZ,cn_a,INDUSTRY_C35,3,"cp,pca,tucker",0.5286365182425675,0.3037586926532279,0.5286365182425675,0.45399027069409686,0,quality_factor,0.7773020267486572,value_factor,0.15779408812522888,volatility_factor,0.05285932868719101
2017-12-01,601717.SH,cn_a,INDUSTRY_C35,3,"cp,pca,tucker",0.11109537616873671,0.06625170602808851,0.11109537616873671,0.45399027069409686,1,value_factor,0.5859650373458862,volatility_factor,0.1999782770872116,quality_factor,0.11284221708774567
2017-12-01,600031.SH,cn_a,INDUSTRY_C35,3,"cp,pca,tucker",0.09632334279581632,0.07443592737154472,0.09632334279581632,0.45399027069409686,2,momentum_factor,0.737962007522583,volatility_factor,0.1441483497619629,value_factor,0.11019854992628098
2017-12-01,002837.SZ,cn_a,INDUSTRY_C35,3,"cp,pca,tucker",0.04553416313220182,0.0641853127987727,0.04553416313220182,0.45399027069409686,2,volatility_factor,0.38488462567329407,value_factor,0.3462200462818146,momentum_factor,0.2562938332557678
2017-12-01,600582.SH,cn_a,INDUSTRY_C35,3,"cp,pca,tucker",0.03794968537806843,0.010955773484599788,0.03794968537806843,0.45399027069409686,1,value_factor,0.596598207950592,volatility_factor,0.20152412354946136,momentum_factor,0.10275424271821976
2017-12-01,002353.SZ,cn_a,INDUSTRY_C35,3,"cp,pca,tucker",-0.08110459564598231,-0.06597102564755271,-0.08110459564598231,0.45399027069409686,1,value_factor,0.5349087715148926,volatility_factor,0.192555770277977,quality_factor,0.17871418595314026
2017-12-01,002432.SZ,cn_a,INDUSTRY_C35,3,"cp,pca,tucker",-0.1023520169009844,-0.0811520619687263,-0.1023520169009844,0.45399027069409686,0,value_factor,0.560282826423645,quality_factor,0.19788360595703125,volatility_factor,0.1508140116930008
2017-12-01,600528.SH,cn_a,INDUSTRY_C35,3,"cp,pca,tucker",-0.12662464860315245,-0.08818326876267969,-0.12662464860315245,0.45399027069409686,0,volatility_factor,0.3405553102493286,quality_factor,0.33590051531791687,value_factor,0.21365973353385925
2017-12-01,603338.SH,cn_a,INDUSTRY_C35,3,"cp,pca,tucker",-0.17195581084523895,-0.10218572235953975,-0.17195581084523895,0.45399027069409686,1,quality_factor,0.3391985297203064,volatility_factor,0.33371099829673767,value_factor,0.2143900841474533
2017-12-01,600499.SH,cn_a,INDUSTRY_C35,3,"cp,pca,tucker",-0.18090782119818485,-0.13130659339525894,-0.18090782119818485,0.45399027069409686,0,volatility_factor,0.3405553102493286,quality_factor,0.33590054512023926,value_factor,0.21365973353385925
2017-12-01,002223.SZ,cn_a,INDUSTRY_C35,3,"cp,pca,tucker",-0.19270024591423107,-0.12957720944849746,-0.19270024591423107,0.45399027069409686,1,quality_factor,0.3408220112323761,volatility_factor,0.33034172654151917,value_factor,0.21474961936473846
2017-12-01,002008.SZ,cn_a,INDUSTRY_C35,3,"cp,pca,tucker",-0.2213172072841064,-0.14323703777906924,-0.2213172072841064,0.45399027069409686,1,quality_factor,0.3442101776599884,volatility_factor,0.32331031560897827,value_factor,0.21549993753433228
2017-12-01,002595.SZ,cn_a,INDUSTRY_C35,3,"cp,pca,tucker",-0.24105043428657083,-0.16271007355175257,-0.24105043428657083,0.45399027069409686,0,volatility_factor,0.3405553102493286,quality_factor,0.33590054512023926,value_factor,0.21365971863269806
2017-12-01,300604.SZ,cn_a,INDUSTRY_C35,3,"cp,pca,tucker",-0.25481484423478196,-0.16697628369509185,-0.25481484423478196,0.45399027069409686,0,volatility_factor,0.3465840518474579,quality_factor,0.3329955041408539,value_factor,0.21301640570163727
2017-12-01,300003.SZ,cn_a,INDUSTRY_C35,3,"cp,pca,tucker",-0.25543897044507363,-0.16916723789379065,-0.25543897044507363,0.45399027069409686,0,volatility_factor,0.3405553102493286,quality_factor,0.33590054512023926,value_factor,0.21365973353385925
2017-12-01,300529.SZ,cn_a,INDUSTRY_C35,3,"cp,pca,tucker",-0.31972960160266867,-0.211870158471498,-0.31972960160266867,0.45399027069409686,1,quality_factor,0.34155747294425964,volatility_factor,0.3288155496120453,value_factor,0.21491247415542603
2017-12-01,300450.SZ,cn_a,INDUSTRY_C35,3,"cp,pca,tucker",-0.3402672641694726,-0.22276053308682395,-0.3402672641694726,0.45399027069409686,1,quality_factor,0.3403282165527344,volatility_factor,0.3313664495944977,value_factor,0.21464025974273682
2017-12-04,601106.SH,cn_a,INDUSTRY_C35,3,"cp,pca,tucker",0.7681009698779286,0.4978392382434979,0.7681009698779286,0.6200850208600363,1,quality_factor,0.4501399099826813,value_factor,0.21330969035625458,momentum_factor,0.18819163739681244
2017-12-04,601608.SH,cn_a,INDUSTRY_C35,3,"cp,pca,tucker",0.6979586926000394,0.4517517574614809,0.6979586926000394,0.6200850208600363,1,quality_factor,0.3911907970905304,momentum_factor,0.252064973115921,volatility_factor,0.18320287764072418
2017-12-04,002430.SZ,cn_a,INDUSTRY_C35,3,"cp,pca,tucker",0.3175156453108654,0.21399899727792657,0.3175156453108654,0.6200850208600363,0,quality_factor,0.7546777129173279,value_factor,0.18731270730495453,volatility_factor,0.04054713621735573
2017-12-04,600031.SH,cn_a,INDUSTRY_C35,3,"cp,pca,tucker",0.11109771183259408,0.06913993703713518,0.11109771183259408,0.6200850208600363,2,momentum_factor,0.7019391059875488,volatility_factor,0.20983834564685822,value_factor,0.0626131072640419
2017-12-04,601717.SH,cn_a,INDUSTRY_C35,3,"cp,pca,tucker",0.06062615156269896,0.038585957378048784,0.06062615156269896,0.6200850208600363,1,value_factor,0.5856238007545471,volatility_factor,0.1999286711215973,quality_factor,0.11328243464231491
2017-12-04,600582.SH,cn_a,INDUSTRY_C35,3,"cp,pca,tucker",0.0252533629683241,0.017530941600724898,0.0252533629683241,0.6200850208600363,1,value_factor,0.5964270830154419,volatility_factor,0.20149923861026764,momentum_factor,0.1027294471859932
2017-12-04,002837.SZ,cn_a,INDUSTRY_C35,3,"cp,pca,tucker",-0.09726204294652961,-0.06600568213487674,-0.09726204294652961,0.6200850208600363,2,volatility_factor,0.43936875462532043,value_factor,0.3877160847187042,quality_factor,0.10924146324396133
2017-12-04,002353.SZ,cn_a,INDUSTRY_C35,3,"cp,pca,tucker",-0.10244732697152754,-0.06447699377758548,-0.10244732697152754,0.6200850208600363,1,value_factor,0.5334745645523071,volatility_factor,0.19234725832939148,quality_factor,0.18056465685367584
2017-12-04,002432.SZ,cn_a,INDUSTRY_C35,3,"cp,pca,tucker",-0.14816424957271077,-0.0914462451230252,-0.14816424957271077,0.6200850208600363,0,value_factor,0.5614887475967407,quality_factor,0.1957744061946869,volatility_factor,0.15147355198860168
2017-12-04,600499.SH,cn_a,INDUSTRY_C35,3,"cp,pca,tucker",-0.14860809917626136,-0.09415250599849972,-0.14860809917626136,0.6200850208600363,0,quality_factor,0.36364585161209106,volatility_factor,0.28297552466392517,value_factor,0.21980401873588562
2017-12-04,600528.SH,cn_a,INDUSTRY_C35,3,"cp,pca,tucker",-0.1693009561347312,-0.10779849521969931,-0.1693009561347312,0.6200850208600363,0,quality_factor,0.36364585161209106,volatility_factor,0.28297552466392517,value_factor,0.21980400383472443
2017-12-04,603338.SH,cn_a,INDUSTRY_C35,3,"cp,pca,tucker",-0.2046170128520275,-0.1320919133272999,-0.2046170128520275,0.6200850208600363,1,quality_factor,0.38237807154655457,volatility_factor,0.24410057067871094,value_factor,0.22395232319831848
2017-12-04,002223.SZ,cn_a,INDUSTRY_C35,3,"cp,pca,tucker",-0.2215474575594898,-0.14157695664353995,-0.2215474575594898,0.6200850208600363,1,quality_factor,0.3946094810962677,value_factor,0.22666099667549133,volatility_factor,0.21871674060821533
2017-12-04,300003.SZ,cn_a,INDUSTRY_C35,3,"cp,pca,tucker",-0.23102560447221265,-0.14811401817872324,-0.23102560447221265,0.6200850208600363,0,quality_factor,0.36364585161209106,volatility_factor,0.28297552466392517,value_factor,0.21980400383472443
2017-12-04,002595.SZ,cn_a,INDUSTRY_C35,3,"cp,pca,tucker",-0.2493006960039762,-0.15933055933228588,-0.2493006960039762,0.6200850208600363,0,quality_factor,0.36364585161209106,volatility_factor,0.28297552466392517,value_factor,0.21980401873588562
2017-12-04,300450.SZ,cn_a,INDUSTRY_C35,3,"cp,pca,tucker",-0.2643671781995483,-0.17017431081549228,-0.2643671781995483,0.6200850208600363,1,quality_factor,0.3906194865703583,volatility_factor,0.22699710726737976,value_factor,0.22577740252017975
2017-12-04,002008.SZ,cn_a,INDUSTRY_C35,3,"cp,pca,tucker",-0.28332710725653715,-0.1811001614662833,-0.28332710725653715,0.6200850208600363,1,quality_factor,0.4310809373855591,value_factor,0.23473767936229706,momentum_factor,0.19115377962589264
2017-12-04,300604.SZ,cn_a,INDUSTRY_C35,3,"cp,pca,tucker",-0.29196170539690186,-0.18661903791863824,-0.29196170539690186,0.6200850208600363,0,quality_factor,0.3516145348548889,volatility_factor,0.30794405937194824,value_factor,0.21713963150978088
2017-12-04,300529.SZ,cn_a,INDUSTRY_C35,3,"cp,pca,tucker",-0.31302638752733863,-0.20033981895681466,-0.31302638752733863,0.6200850208600363,1,quality_factor,0.40106162428855896,value_factor,0.228089839220047,volatility_factor,0.20532666146755219
2017-12-05,601106.SH,cn_a,INDUSTRY_C35,3,"cp,pca,tucker",0.730159643569848,0.4810248076406105,0.730159643569848,0.6050553520520529,1,quality_factor,0.45026150345802307,value_factor,0.20833136141300201,momentum_factor,0.18675212562084198
2017-12-05,601608.SH,cn_a,INDUSTRY_C35,3,"cp,pca,tucker",0.6603300857467457,0.43426450424937785,0.6603300857467457,0.6050553520520529,1,quality_factor,0.3911907970905304,momentum_factor,0.252064973115921,volatility_factor,0.18320287764072418
2017-12-05,002430.SZ,cn_a,INDUSTRY_C35,3,"cp,pca,tucker",0.2988361259425964,0.21585302338527965,0.2988361259425964,0.6050553520520529,0,quality_factor,0.773558497428894,value_factor,0.16267839074134827,volatility_factor,0.05082209035754204
2017-12-05,601717.SH,cn_a,INDUSTRY_C35,3,"cp,pca,tucker",0.1123171959091742,0.07435175330843834,0.1123171959091742,0.6050553520520529,1,value_factor,0.5859103202819824,volatility_factor,0.1999703198671341,quality_factor,0.11291275918483734
2017-12-05,600031.SH,cn_a,INDUSTRY_C35,3,"cp,pca,tucker",0.10414919471865845,0.06332648261144581,0.10414919471865845,0.6050553520520529,2,momentum_factor,0.7180083394050598,volatility_factor,0.17410065233707428,value_factor,0.08766619861125946
2017-12-05,600582.SH,cn_a,INDUSTRY_C35,3,"cp,pca,tucker",-0.03768580074476641,-0.017448287990266764,-0.03768580074476641,0.6050553520520529,1,value_factor,0.5965707302093506,volatility_factor,0.20152011513710022,momentum_factor,0.102750264108181
2017-12-05,002353.SZ,cn_a,INDUSTRY_C35,3,"cp,pca,tucker",-0.15436976779726888,-0.09344922337691296,-0.15436976779726888,0.6050553520520529,1,value_factor,0.5346798300743103,volatility_factor,0.19252251088619232,quality_factor,0.17900961637496948
2017-12-05,002432.SZ,cn_a,INDUSTRY_C35,3,"cp,pca,tucker",-0.16615128734608922,-0.10048341740658125,-0.16615128734608922,0.6050553520520529,0,value_factor,0.5604796409606934,quality_factor,0.19753935933113098,volatility_factor,0.15092165768146515
2017-12-05,600499.SH,cn_a,INDUSTRY_C35,3,"cp,pca,tucker",-0.17241953104909835,-0.107750263011082,-0.17241953104909835,0.6050553520520529,0,volatility_factor,0.34108036756515503,quality_factor,0.3356475532054901,value_factor,0.21360372006893158
2017-12-05,002837.SZ,cn_a,INDUSTRY_C35,3,"cp,pca,tucker",-0.17514871935804913,-0.11749008397585746,-0.17514871935804913,0.6050553520520529,1,quality_factor,0.3405168950557709,volatility_factor,0.3309750258922577,value_factor,0.21468205749988556
2017-12-05,600528.SH,cn_a,INDUSTRY_C35,3,"cp,pca,tucker",-0.19410032491745108,-0.1217967065431808,-0.19410032491745108,0.6050553520520529,0,volatility_factor,0.34108036756515503,quality_factor,0.3356475234031677,value_factor,0.2136036902666092
2017-12-05,300003.SZ,cn_a,INDUSTRY_C35,3,"cp,pca,tucker",-0.22558188855243766,-0.14644512713157157,-0.22558188855243766,0.6050553520520529,0,volatility_factor,0.34108036756515503,quality_factor,0.3356475532054901,value_factor,0.21360370516777039
2017-12-05,002223.SZ,cn_a,INDUSTRY_C35,3,"cp,pca,tucker",-0.24677380247667072,-0.15693529161221723,-0.24677380247667072,0.6050553520520529,1,quality_factor,0.3404530882835388,volatility_factor,0.33110740780830383,value_factor,0.2146679013967514
2017-12-05,603338.SH,cn_a,INDUSTRY_C35,3,"cp,pca,tucker",-0.24841277804845022,-0.16167359709399629,-0.24841277804845022,0.6050553520520529,1,quality_factor,0.33887019753456116,volatility_factor,0.3343923091888428,value_factor,0.21431736648082733
2017-12-05,002595.SZ,cn_a,INDUSTRY_C35,3,"cp,pca,tucker",-0.2689349223690871,-0.17166383928150744,-0.2689349223690871,0.6050553520520529,0,volatility_factor,0.34108033776283264,quality_factor,0.3356475234031677,value_factor,0.2136036902666092
2017-12-05,002008.SZ,cn_a,INDUSTRY_C35,3,"cp,pca,tucker",-0.27154768095713516,-0.17468416364958897,-0.27154768095713516,0.6050553520520529,1,quality_factor,0.34374895691871643,volatility_factor,0.32426750659942627,value_factor,0.21539779007434845
2017-12-05,300604.SZ,cn_a,INDUSTRY_C35,3,"cp,pca,tucker",-0.34850228641208053,-0.222436518074664,-0.34850228641208053,0.6050553520520529,0,volatility_factor,0.34698817133903503,quality_factor,0.33280080556869507,value_factor,0.21297329664230347
2017-12-05,300529.SZ,cn_a,INDUSTRY_C35,3,"cp,pca,tucker",-0.3502524490530636,-0.22490285550146283,-0.3502524490530636,0.6050553520520529,1,quality_factor,0.3411693274974823,volatility_factor,0.32962095737457275,value_factor,0.2148265391588211
2017-12-05,300450.SZ,cn_a,INDUSTRY_C35,3,"cp,pca,tucker",-0.35249565951897077,-0.22776651885617913,-0.35249565951897077,0.6050553520520529,1,quality_factor,0.33997195959091187,volatility_factor,0.33210599422454834,value_factor,0.2145613580942154
2017-12-06,601106.SH,cn_a,INDUSTRY_C35,3,"cp,pca,tucker",0.7021427331928248,0.4980446270119576,0.7021427331928248,0.31648780902226764,0,quality_factor,0.7266522645950317,value_factor,0.2238783985376358,volatility_factor,0.025295622646808624
2017-12-06,601608.SH,cn_a,INDUSTRY_C35,3,"cp,pca,tucker",0.5899302942902143,0.4152401684124944,0.5899302942902143,0.31648780902226764,0,quality_factor,0.788390576839447,value_factor,0.14332643151283264,volatility_factor,0.05889376252889633
2017-12-06,002430.SZ,cn_a,INDUSTRY_C35,3,"cp,pca,tucker",0.25155922353208177,0.1320558575023991,0.25155922353208177,0.31648780902226764,0,quality_factor,0.7414137125015259,value_factor,0.2046186774969101,volatility_factor,0.0333288311958313
2017-12-06,600031.SH,cn_a,INDUSTRY_C35,3,"cp,pca,tucker",0.10953626336757781,0.09056058687421346,0.10953626336757781,0.31648780902226764,2,momentum_factor,0.493983656167984,value_factor,0.23878835141658783,volatility_factor,0.19580386579036713
2017-12-06,601717.SH,cn_a,INDUSTRY_C35,3,"cp,pca,tucker",0.09528986024566664,0.06520587533745209,0.09528986024566664,0.31648780902226764,1,value_factor,0.5854111313819885,volatility_factor,0.19989776611328125,quality_factor,0.11355691403150558
2017-12-06,600582.SH,cn_a,INDUSTRY_C35,3,"cp,pca,tucker",-0.03470078847761387,-0.04080995298145149,-0.03470078847761387,0.31648780902226764,1,value_factor,0.596320629119873,volatility_factor,0.20148375630378723,momentum_factor,0.10271403938531876
2017-12-06,002353.SZ,cn_a,INDUSTRY_C35,3,"cp,pca,tucker",-0.10365297069798747,-0.08717992606269924,-0.10365297069798747,0.31648780902226764,1,value_factor,0.5325738787651062,volatility_factor,0.19221632182598114,quality_factor,0.18172666430473328
2017-12-06,002432.SZ,cn_a,INDUSTRY_C35,3,"cp,pca,tucker",-0.12708234658570103,-0.10628624640016539,-0.12708234658570103,0.31648780902226764,0,value_factor,0.5622146129608154,quality_factor,0.19450506567955017,volatility_factor,0.1518705040216446
2017-12-06,600528.SH,cn_a,INDUSTRY_C35,3,"cp,pca,tucker",-0.16213331335175116,-0.12590602131322523,-0.16213331335175116,0.31648780902226764,0,volatility_factor,0.3424329459667206,quality_factor,0.3349957764148712,value_factor,0.21345937252044678
2017-12-06,600499.SH,cn_a,INDUSTRY_C35,3,"cp,pca,tucker",-0.16946612569692884,-0.13344571903912736,-0.16946612569692884,0.31648780902226764,0,volatility_factor,0.3424329459667206,quality_factor,0.3349957764148712,value_factor,0.21345937252044678
2017-12-06,300003.SZ,cn_a,INDUSTRY_C35,3,"cp,pca,tucker",-0.1801441912663483,-0.1285559031683671,-0.1801441912663483,0.31648780902226764,0,volatility_factor,0.3424329459667206,quality_factor,0.3349957764148712,value_factor,0.21345937252044678
2017-12-06,002223.SZ,cn_a,INDUSTRY_C35,3,"cp,pca,tucker",-0.1965745966986101,-0.14769050492782046,-0.1965745966986101,0.31648780902226764,1,quality_factor,0.3395102322101593,volatility_factor,0.33306413888931274,value_factor,0.2144591063261032
2017-12-06,002008.SZ,cn_a,INDUSTRY_C35,3,"cp,pca,tucker",-0.20922076417297966,-0.15223893765596166,-0.20922076417297966,0.31648780902226764,1,quality_factor,0.34257662296295166,volatility_factor,0.32670047879219055,value_factor,0.21513816714286804
2017-12-06,002595.SZ,cn_a,INDUSTRY_C35,3,"cp,pca,tucker",-0.24407345764606972,-0.18377706259298296,-0.24407345764606972,0.31648780902226764,0,volatility_factor,0.3424329459667206,quality_factor,0.3349957764148712,value_factor,0.21345937252044678
2017-12-06,603338.SH,cn_a,INDUSTRY_C35,3,"cp,pca,tucker",-0.24960530225554023,-0.18245733208801548,-0.24960530225554023,0.31648780902226764,1,quality_factor,0.3380289673805237,volatility_factor,0.33613815903663635,value_factor,0.21413107216358185
2017-12-06,300529.SZ,cn_a,INDUSTRY_C35,3,"cp,pca,tucker",-0.2642846687136401,-0.19273571762934452,-0.2642846687136401,0.31648780902226764,1,quality_factor,0.34017863869667053,volatility_factor,0.3316769003868103,value_factor,0.2146071195602417
2017-12-06,300604.SZ,cn_a,INDUSTRY_C35,3,"cp,pca,tucker",-0.2657363640772898,-0.19712120582300904,-0.2657363640772898,0.31648780902226764,0,volatility_factor,0.3480340242385864,quality_factor,0.33229681849479675,value_factor,0.21286167204380035
2017-12-06,002837.SZ,cn_a,INDUSTRY_C35,3,"cp,pca,tucker",-0.32043590782159453,-0.23902289153517212,-0.32043590782159453,0.31648780902226764,1,quality_factor,0.3395698070526123,volatility_factor,0.3329404890537262,value_factor,0.21447230875492096
2017-12-06,300450.SZ,cn_a,INDUSTRY_C35,3,"cp,pca,tucker",-0.32220803095562994,-0.23658481452155264,-0.32220803095562994,0.31648780902226764,1,quality_factor,0.33906054496765137,volatility_factor,0.33399736881256104,value_factor,0.21435953676700592
2017-12-07,601106.SH,cn_a,INDUSTRY_C35,3,"cp,pca,tucker",0.7347742271294364,0.5389134995613255,0.7347742271294364,0.5131413837273916,1,quality_factor,0.4984164834022522,volatility_factor,0.26049160957336426,value_factor,0.1337764412164688
2017-12-07,601608.SH,cn_a,INDUSTRY_C35,3,"cp,pca,tucker",0.5462413236354176,0.401690289683587,0.5462413236354176,0.5131413837273916,1,quality_factor,0.3617337942123413,momentum_factor,0.29822292923927307,value_factor,0.2091445028781891
2017-12-07,002430.SZ,cn_a,INDUSTRY_C35,3,"cp,pca,tucker",0.07594490848266829,0.06190779836765383,0.07594490848266829,0.5131413837273916,0,quality_factor,0.7257213592529297,value_factor,0.22509294748306274,volatility_factor,0.024789033457636833
2017-12-07,601717.SH,cn_a,INDUSTRY_C35,3,"cp,pca,tucker",0.07579444597523892,0.05605819208650594,0.07579444597523892,0.5131413837273916,1,value_factor,0.5851461291313171,volatility_factor,0.19985923171043396,quality_factor,0.11389873921871185
2017-12-07,600031.SH,cn_a,INDUSTRY_C35,3,"cp,pca,tucker",0.0748123365077146,0.054051606820434105,0.0748123365077146,0.5131413837273916,2,momentum_factor,0.5888374447822571,value_factor,0.22840850055217743,volatility_factor,0.13728833198547363
2017-12-07,600582.SH,cn_a,INDUSTRY_C35,3,"cp,pca,tucker",-0.061189271637995146,-0.043264000778384715,-0.061189271637995146,0.5131413837273916,1,value_factor,0.5961881875991821,volatility_factor,0.20146450400352478,momentum_factor,0.10269486159086227
2017-12-07,002353.SZ,cn_a,INDUSTRY_C35,3,"cp,pca,tucker",-0.11704838218580876,-0.08457217991422451,-0.11704838218580876,0.5131413837273916,1,value_factor,0.5314452648162842,volatility_factor,0.19205224514007568,quality_factor,0.18318283557891846
2017-12-07,002432.SZ,cn_a,INDUSTRY_C35,3,"cp,pca,tucker",-0.12776702368171192,-0.09229421955953239,-0.12776702368171192,0.5131413837273916,0,value_factor,0.5630918145179749,quality_factor,0.19297076761722565,volatility_factor,0.1523502767086029
2017-12-07,300003.SZ,cn_a,INDUSTRY_C35,3,"cp,pca,tucker",-0.16017591317104476,-0.11770529541594421,-0.16017591317104476,0.5131413837273916,0,volatility_factor,0.42212650179862976,quality_factor,0.2965947389602661,value_factor,0.2049553543329239
2017-12-07,600528.SH,cn_a,INDUSTRY_C35,3,"cp,pca,tucker",-0.17023251965338368,-0.12386459031637571,-0.17023251965338368,0.5131413837273916,0,volatility_factor,0.42212653160095215,quality_factor,0.2965947389602661,value_factor,0.2049553543329239
2017-12-07,600499.SH,cn_a,INDUSTRY_C35,3,"cp,pca,tucker",-0.17330743149661057,-0.12594938110758533,-0.17330743149661057,0.5131413837273916,0,volatility_factor,0.42212650179862976,quality_factor,0.2965947389602661,value_factor,0.2049553543329239
2017-12-07,002223.SZ,cn_a,INDUSTRY_C35,3,"cp,pca,tucker",-0.1905414343280278,-0.13912699492094774,-0.1905414343280278,0.5131413837273916,1,volatility_factor,0.4187404215335846,quality_factor,0.29822635650634766,value_factor,0.2053166776895523
2017-12-07,002008.SZ,cn_a,INDUSTRY_C35,3,"cp,pca,tucker",-0.22058406174150647,-0.1613396593097919,-0.22058406174150647,0.5131413837273916,1,volatility_factor,0.4172731041908264,quality_factor,0.2989334166049957,value_factor,0.20547327399253845
2017-12-07,300604.SZ,cn_a,INDUSTRY_C35,3,"cp,pca,tucker",-0.2318423261688037,-0.16976426885533336,-0.2318423261688037,0.5131413837273916,0,volatility_factor,0.42552053928375244,quality_factor,0.29495930671691895,value_factor,0.20459318161010742
2017-12-07,603338.SH,cn_a,INDUSTRY_C35,3,"cp,pca,tucker",-0.2533857033834204,-0.18540121196182335,-0.2533857033834204,0.5131413837273916,1,volatility_factor,0.41964587569236755,quality_factor,0.2977900505065918,value_factor,0.2052200734615326
2017-12-07,300529.SZ,cn_a,INDUSTRY_C35,3,"cp,pca,tucker",-0.25371614372421614,-0.18574164213110325,-0.25371614372421614,0.5131413837273916,1,volatility_factor,0.41837918758392334,quality_factor,0.2984004318714142,value_factor,0.2053552269935608
2017-12-07,002595.SZ,cn_a,INDUSTRY_C35,3,"cp,pca,tucker",-0.2614122078615831,-0.19072700992909927,-0.2614122078615831,0.5131413837273916,0,volatility_factor,0.42212656140327454,quality_factor,0.2965947389602661,value_factor,0.20495536923408508
2017-12-07,300450.SZ,cn_a,INDUSTRY_C35,3,"cp,pca,tucker",-0.29171181464664137,-0.21356863938246365,-0.29171181464664137,0.5131413837273916,1,volatility_factor,0.418999046087265,quality_factor,0.2981017529964447,value_factor,0.2052890807390213
2017-12-07,002837.SZ,cn_a,INDUSTRY_C35,3,"cp,pca,tucker",-0.35920478189284105,-0.2621686298503129,-0.35920478189284105,0.5131413837273916,1,volatility_factor,0.41870713233947754,quality_factor,0.29824239015579224,value_factor,0.20532023906707764
2017-12-08,601106.SH,cn_a,INDUSTRY_C35,3,"cp,pca,tucker",0.7284600235841454,0.5600902087673997,0.7284600235841454,0.4715488205353419,1,quality_factor,0.5143423676490784,volatility_factor,0.2939649522304535,value_factor,0.11029988527297974
2017-12-08,601608.SH,cn_a,INDUSTRY_C35,3,"cp,pca,tucker",0.5482073884082287,0.41456546348910317,0.5482073884082287,0.4715488205353419,0,quality_factor,0.7961652874946594,value_factor,0.13318252563476562,volatility_factor,0.06312478333711624
2017-12-08,002430.SZ,cn_a,INDUSTRY_C35,3,"cp,pca,tucker",0.1266180620903892,0.05204427298613945,0.1266180620903892,0.4715488205353419,0,quality_factor,0.7482731342315674,value_factor,0.19566898047924042,volatility_factor,0.03706175833940506
2017-12-08,601717.SH,cn_a,INDUSTRY_C35,3,"cp,pca,tucker",-0.010069137053208341,-0.015489549956471366,-0.010069137053208341,0.4715488205353419,1,value_factor,0.5855222940444946,volatility_factor,0.19991391897201538,quality_factor,0.11341337859630585
2017-12-08,600582.SH,cn_a,INDUSTRY_C35,3,"cp,pca,tucker",-0.035805759598287336,-0.0391787158178438,-0.035805759598287336,0.4715488205353419,1,value_factor,0.5963762998580933,volatility_factor,0.2014918476343155,momentum_factor,0.10272210836410522
2017-12-08,600031.SH,cn_a,INDUSTRY_C35,3,"cp,pca,tucker",-0.04186805746801342,-0.033957108875398406,-0.04186805746801342,0.4715488205353419,0,volatility_factor,0.4979546070098877,quality_factor,0.26005634665489197,value_factor,0.19686384499073029
2017-12-08,002353.SZ,cn_a,INDUSTRY_C35,3,"cp,pca,tucker",-0.11509283345863701,-0.09897553004550345,-0.11509283345863701,0.4715488205353419,1,value_factor,0.5330454707145691,volatility_factor,0.19228488206863403,quality_factor,0.1811182051897049
2017-12-08,002432.SZ,cn_a,INDUSTRY_C35,3,"cp,pca,tucker",-0.1173551202114758,-0.10299209661175053,-0.1173551202114758,0.4715488205353419,0,value_factor,0.5618374347686768,quality_factor,0.19516457617282867,volatility_factor,0.15166424214839935
2017-12-08,600528.SH,cn_a,INDUSTRY_C35,3,"cp,pca,tucker",-0.14106472839871992,-0.11462115482712633,-0.14106472839871992,0.4715488205353419,0,volatility_factor,0.4979546368122101,quality_factor,0.26005634665489197,value_factor,0.19686384499073029
2017-12-08,600499.SH,cn_a,INDUSTRY_C35,3,"cp,pca,tucker",-0.14181677996983774,-0.11688054797970283,-0.14181677996983774,0.4715488205353419,0,volatility_factor,0.4979546070098877,quality_factor,0.26005634665489197,value_factor,0.19686384499073029
2017-12-08,300003.SZ,cn_a,INDUSTRY_C35,3,"cp,pca,tucker",-0.16006775726339167,-0.12264294762962491,-0.16006775726339167,0.4715488205353419,0,volatility_factor,0.4979546070098877,quality_factor,0.26005634665489197,value_factor,0.19686384499073029
2017-12-08,002223.SZ,cn_a,INDUSTRY_C35,3,"cp,pca,tucker",-0.17722152129545932,-0.14077985108408445,-0.17722152129545932,0.4715488205353419,1,volatility_factor,0.4678664803504944,quality_factor,0.274554580450058,value_factor,0.20007450878620148
2017-12-08,002008.SZ,cn_a,INDUSTRY_C35,3,"cp,pca,tucker",-0.19088282437743065,-0.14829963454720366,-0.19088282437743065,0.4715488205353419,1,volatility_factor,0.4581683874130249,quality_factor,0.27922767400741577,value_factor,0.201109379529953
2017-12-08,300604.SZ,cn_a,INDUSTRY_C35,3,"cp,pca,tucker",-0.21231196329152116,-0.16620468826168144,-0.21231196329152116,0.4715488205353419,0,volatility_factor,0.5472298264503479,quality_factor,0.2363126575946808,value_factor,0.19160574674606323
2017-12-08,300529.SZ,cn_a,INDUSTRY_C35,3,"cp,pca,tucker",-0.2268199727966255,-0.17580386273835438,-0.2268199727966255,0.4715488205353419,1,volatility_factor,0.46533095836639404,quality_factor,0.27577629685401917,value_factor,0.20034506916999817
2017-12-08,002595.SZ,cn_a,INDUSTRY_C35,3,"cp,pca,tucker",-0.2284519607179556,-0.18254994317374398,-0.2284519607179556,0.4715488205353419,0,volatility_factor,0.4979546368122101,quality_factor,0.26005637645721436,value_factor,0.19686385989189148
2017-12-08,603338.SH,cn_a,INDUSTRY_C35,3,"cp,pca,tucker",-0.23100719432495942,-0.180531428012399,-0.23100719432495942,0.4715488205353419,1,volatility_factor,0.4747077226638794,quality_factor,0.27125802636146545,value_factor,0.1993444859981537
2017-12-08,300450.SZ,cn_a,INDUSTRY_C35,3,"cp,pca,tucker",-0.27746966629490055,-0.21651928191387584,-0.27746966629490055,0.4715488205353419,1,volatility_factor,0.46974700689315796,quality_factor,0.2736484110355377,value_factor,0.19987383484840393
2017-12-08,002837.SZ,cn_a,INDUSTRY_C35,3,"cp,pca,tucker",-0.30693631173287333,-0.24270187310489097,-0.30693631173287333,0.4715488205353419,1,volatility_factor,0.4676284193992615,quality_factor,0.2746692895889282,value_factor,0.200099915266037
2017-12-11,601106.SH,cn_a,INDUSTRY_C35,3,"cp,pca,tucker",0.6479401528972474,0.5199905486406121,0.6479401528972474,0.15229409094899893,1,quality_factor,0.5334464311599731,value_factor,0.22000515460968018,volatility_factor,0.16139931976795197
2017-12-11,601608.SH,cn_a,INDUSTRY_C35,3,"cp,pca,tucker",0.5118854935476044,0.4156296349288562,0.5118854935476044,0.15229409094899893,1,quality_factor,0.3597329556941986,momentum_factor,0.2943277955055237,value_factor,0.18379999697208405
2017-12-11,002430.SZ,cn_a,INDUSTRY_C35,3,"cp,pca,tucker",0.08975254374224056,0.11784764082572137,0.08975254374224056,0.15229409094899893,0,quality_factor,0.7458482980728149,value_factor,0.19883278012275696,volatility_factor,0.035742126405239105
2017-12-11,601717.SH,cn_a,INDUSTRY_C35,3,"cp,pca,tucker",-0.024921332410390056,-0.010003459850789348,-0.024921332410390056,0.15229409094899893,1,value_factor,0.5854833126068115,volatility_factor,0.19990825653076172,quality_factor,0.11346372961997986
2017-12-11,600582.SH,cn_a,INDUSTRY_C35,3,"cp,pca,tucker",-0.05880319748155042,-0.03332347933171395,-0.05880319748155042,0.15229409094899893,1,value_factor,0.5963568091392517,volatility_factor,0.20148901641368866,momentum_factor,0.1027192696928978
2017-12-11,600031.SH,cn_a,INDUSTRY_C35,3,"cp,pca,tucker",-0.07568758495523918,-0.055582201848245215,-0.07568758495523918,0.15229409094899893,0,volatility_factor,0.5187458395957947,quality_factor,0.25003790855407715,value_factor,0.1946452260017395
2017-12-11,002353.SZ,cn_a,INDUSTRY_C35,3,"cp,pca,tucker",-0.11346648191394836,-0.07974871797848479,-0.11346648191394836,0.15229409094899893,1,value_factor,0.5328802466392517,volatility_factor,0.19226086139678955,quality_factor,0.18133142590522766
2017-12-11,600499.SH,cn_a,INDUSTRY_C35,3,"cp,pca,tucker",-0.12132527709408499,-0.09037650678745345,-0.12132527709408499,0.15229409094899893,0,volatility_factor,0.5187458395957947,quality_factor,0.25003790855407715,value_factor,0.1946452409029007
2017-12-11,600528.SH,cn_a,INDUSTRY_C35,3,"cp,pca,tucker",-0.13084012039530263,-0.09857227390980862,-0.13084012039530263,0.15229409094899893,0,volatility_factor,0.5187458395957947,quality_factor,0.25003790855407715,value_factor,0.1946452260017395
2017-12-11,002432.SZ,cn_a,INDUSTRY_C35,3,"cp,pca,tucker",-0.13379181808428764,-0.09330619571870691,-0.13379181808428764,0.15229409094899893,0,value_factor,0.5619703531265259,quality_factor,0.19493220746517181,volatility_factor,0.15173693001270294
2017-12-11,300003.SZ,cn_a,INDUSTRY_C35,3,"cp,pca,tucker",-0.13596608370172894,-0.11056199726930412,-0.13596608370172894,0.15229409094899893,0,volatility_factor,0.5187458395957947,quality_factor,0.25003793835639954,value_factor,0.1946452409029007
2017-12-11,002223.SZ,cn_a,INDUSTRY_C35,3,"cp,pca,tucker",-0.1654125979654917,-0.12786505688982497,-0.1654125979654917,0.15229409094899893,1,volatility_factor,0.4781786799430847,quality_factor,0.2695855498313904,value_factor,0.1989741176366806
2017-12-11,002008.SZ,cn_a,INDUSTRY_C35,3,"cp,pca,tucker",-0.17794645236266224,-0.1409487696472646,-0.17794645236266224,0.15229409094899893,1,volatility_factor,0.46596118807792664,quality_factor,0.27547264099121094,value_factor,0.20027782022953033
2017-12-11,300604.SZ,cn_a,INDUSTRY_C35,3,"cp,pca,tucker",-0.19652352513653534,-0.1547948317386678,-0.19652352513653534,0.15229409094899893,0,volatility_factor,0.5953791737556458,quality_factor,0.2131114900112152,value_factor,0.18646776676177979
2017-12-11,300529.SZ,cn_a,INDUSTRY_C35,3,"cp,pca,tucker",-0.21697119331980885,-0.17198620520549993,-0.21697119331980885,0.15229409094899893,1,volatility_factor,0.4749462604522705,quality_factor,0.2711431086063385,value_factor,0.1993190199136734
2017-12-11,002595.SZ,cn_a,INDUSTRY_C35,3,"cp,pca,tucker",-0.22844297837017455,-0.1748594829225443,-0.22844297837017455,0.15229409094899893,0,volatility_factor,0.5187458395957947,quality_factor,0.25003793835639954,value_factor,0.1946452409029007
2017-12-11,603338.SH,cn_a,INDUSTRY_C35,3,"cp,pca,tucker",-0.2284718646904286,-0.1790492630334326,-0.2284718646904286,0.15229409094899893,1,volatility_factor,0.4870389699935913,quality_factor,0.2653161883354187,value_factor,0.19802865386009216
2017-12-11,002837.SZ,cn_a,INDUSTRY_C35,3,"cp,pca,tucker",-0.23549776248702758,-0.18556770344673826,-0.23549776248702758,0.15229409094899893,1,volatility_factor,0.4778740108013153,quality_factor,0.2697323262691498,value_factor,0.1990066021680832
2017-12-11,300450.SZ,cn_a,INDUSTRY_C35,3,"cp,pca,tucker",-0.25717722659633085,-0.20313848340972243,-0.25717722659633085,0.15229409094899893,1,volatility_factor,0.48059386014938354,quality_factor,0.2684217393398285,value_factor,0.19871637225151062
2017-12-12,601106.SH,cn_a,INDUSTRY_C35,3,"cp,pca,tucker",0.7037183467036247,0.5132760170117237,0.7037183467036247,0.4219594846169154,1,quality_factor,0.5238179564476013,value_factor,0.23325680196285248,volatility_factor,0.14232544600963593
2017-12-12,601608.SH,cn_a,INDUSTRY_C35,3,"cp,pca,tucker",0.5729526286241577,0.4224748609792761,0.5729526286241577,0.4219594846169154,1,quality_factor,0.35972297191619873,momentum_factor,0.2932354211807251,value_factor,0.1792886108160019
2017-12-12,002430.SZ,cn_a,INDUSTRY_C35,3,"cp,pca,tucker",0.11261441302890275,0.13552967872070462,0.11261441302890275,0.4219594846169154,0,quality_factor,0.7399755120277405,value_factor,0.20649521052837372,volatility_factor,0.03254614770412445
2017-12-12,600582.SH,cn_a,INDUSTRY_C35,3,"cp,pca,tucker",-0.044091564310206915,-0.016671562057397726,-0.044091564310206915,0.4219594846169154,1,value_factor,0.5963087677955627,volatility_factor,0.20148202776908875,momentum_factor,0.10271232575178146
2017-12-12,601717.SH,cn_a,INDUSTRY_C35,3,"cp,pca,tucker",-0.045433207249313906,-0.0170811053381915,-0.045433207249313906,0.4219594846169154,1,value_factor,0.5853874087333679,volatility_factor,0.19989429414272308,quality_factor,0.11358743906021118
2017-12-12,002353.SZ,cn_a,INDUSTRY_C35,3,"cp,pca,tucker",-0.06023673456368709,-0.035637095699923814,-0.06023673456368709,0.4219594846169154,1,value_factor,0.5324733853340149,volatility_factor,0.19220170378684998,quality_factor,0.18185634911060333
2017-12-12,600031.SH,cn_a,INDUSTRY_C35,3,"cp,pca,tucker",-0.08458148231076627,-0.05495393561084089,-0.08458148231076627,0.4219594846169154,0,volatility_factor,0.45259782671928406,quality_factor,0.2819119095802307,value_factor,0.20170381665229797
2017-12-12,002432.SZ,cn_a,INDUSTRY_C35,3,"cp,pca,tucker",-0.10483964802681918,-0.06503078344789077,-0.10483964802681918,0.4219594846169154,0,value_factor,0.5622941255569458,quality_factor,0.19436591863632202,volatility_factor,0.15191401541233063
2017-12-12,600499.SH,cn_a,INDUSTRY_C35,3,"cp,pca,tucker",-0.1368153576343664,-0.09135155382695619,-0.1368153576343664,0.4219594846169154,0,volatility_factor,0.45259782671928406,quality_factor,0.2819119095802307,value_factor,0.20170381665229797
2017-12-12,600528.SH,cn_a,INDUSTRY_C35,3,"cp,pca,tucker",-0.14655081655849816,-0.09875688991748431,-0.14655081655849816,0.4219594846169154,0,volatility_factor,0.45259779691696167,quality_factor,0.2819119095802307,value_factor,0.20170380175113678
2017-12-12,300003.SZ,cn_a,INDUSTRY_C35,3,"cp,pca,tucker",-0.14712065829692547,-0.1101010584909098,-0.14712065829692547,0.4219594846169154,0,volatility_factor,0.45259782671928406,quality_factor,0.2819119095802307,value_factor,0.20170381665229797
2017-12-12,002223.SZ,cn_a,INDUSTRY_C35,3,"cp,pca,tucker",-0.16089190590655655,-0.11355363302728379,-0.16089190590655655,0.4219594846169154,1,volatility_factor,0.4410693645477295,quality_factor,0.28746700286865234,value_factor,0.20293399691581726
2017-12-12,300529.SZ,cn_a,INDUSTRY_C35,3,"cp,pca,tucker",-0.19406200352827577,-0.14395993069049492,-0.19406200352827577,0.4219594846169154,1,volatility_factor,0.4399581849575043,quality_factor,0.2880023717880249,value_factor,0.2030525654554367
2017-12-12,300604.SZ,cn_a,INDUSTRY_C35,3,"cp,pca,tucker",-0.20006052332681082,-0.14486728025048687,-0.20006052332681082,0.4219594846169154,0,volatility_factor,0.4666271507740021,quality_factor,0.275151789188385,value_factor,0.20020675659179688
2017-12-12,002008.SZ,cn_a,INDUSTRY_C35,3,"cp,pca,tucker",-0.21971632979783132,-0.15637587600673314,-0.21971632979783132,0.4219594846169154,1,volatility_factor,0.4366809129714966,quality_factor,0.2895815670490265,value_factor,0.20340228080749512
2017-12-12,002595.SZ,cn_a,INDUSTRY_C35,3,"cp,pca,tucker",-0.2300154734307597,-0.16003239420986948,-0.2300154734307597,0.4219594846169154,0,volatility_factor,0.45259779691696167,quality_factor,0.2819119095802307,value_factor,0.20170380175113678
2017-12-12,603338.SH,cn_a,INDUSTRY_C35,3,"cp,pca,tucker",-0.2461037667937919,-0.17558381592549743,-0.2461037667937919,0.4219594846169154,1,volatility_factor,0.4439484179019928,quality_factor,0.28607967495918274,value_factor,0.2026267647743225
2017-12-12,300450.SZ,cn_a,INDUSTRY_C35,3,"cp,pca,tucker",-0.24919017017708336,-0.1821806931877278,-0.24919017017708336,0.4219594846169154,1,volatility_factor,0.44187772274017334,quality_factor,0.2870774567127228,value_factor,0.20284773409366608
2017-12-12,002837.SZ,cn_a,INDUSTRY_C35,3,"cp,pca,tucker",-0.24969610449002425,-0.17822676349824662,-0.24969610449002425,0.4219594846169154,1,volatility_factor,0.44096606969833374,quality_factor,0.2875167429447174,value_factor,0.20294500887393951
2017-12-13,601106.SH,cn_a,INDUSTRY_C35,3,"cp,pca,tucker",0.7053882421045445,0.5067837450804541,0.7053882421045445,0.4776049653689067,1,quality_factor,0.5399950742721558,value_factor,0.2578783631324768,volatility_factor,0.11563869565725327
2017-12-13,601608.SH,cn_a,INDUSTRY_C35,3,"cp,pca,tucker",0.6382335398908953,0.45812823821535337,0.6382335398908953,0.4776049653689067,1,quality_factor,0.35756993293762207,momentum_factor,0.27757635712623596,volatility_factor,0.25790080428123474
2017-12-13,002430.SZ,cn_a,INDUSTRY_C35,3,"cp,pca,tucker",0.14986430065947712,0.12131561593776287,0.14986430065947712,0.4776049653689067,0,quality_factor,0.7550263404846191,value_factor,0.18685774505138397,volatility_factor,0.04073689877986908
2017-12-13,600582.SH,cn_a,INDUSTRY_C35,3,"cp,pca,tucker",-0.019485536664246562,-0.010610318451894815,-0.019485536664246562,0.4776049653689067,1,value_factor,0.5964298844337463,volatility_factor,0.20149965584278107,momentum_factor,0.10272986441850662
2017-12-13,600031.SH,cn_a,INDUSTRY_C35,3,"cp,pca,tucker",-0.02672694641493564,-0.018898824890702295,-0.02672694641493564,0.4776049653689067,0,volatility_factor,0.3556674122810364,quality_factor,0.3286186456680298,value_factor,0.21204715967178345
2017-12-13,601717.SH,cn_a,INDUSTRY_C35,3,"cp,pca,tucker",-0.027569755817749703,-0.016417196498619013,-0.027569755817749703,0.4776049653689067,1,value_factor,0.5856292247772217,volatility_factor,0.19992944598197937,quality_factor,0.11327538639307022
2017-12-13,002353.SZ,cn_a,INDUSTRY_C35,3,"cp,pca,tucker",-0.060881728334639694,-0.04163086978304953,-0.060881728334639694,0.4776049653689067,1,value_factor,0.5334976315498352,volatility_factor,0.1923506259918213,quality_factor,0.18053489923477173
2017-12-13,002432.SZ,cn_a,INDUSTRY_C35,3,"cp,pca,tucker",-0.11386526856711637,-0.07810323639018808,-0.11386526856711637,0.4776049653689067,0,value_factor,0.5614698529243469,quality_factor,0.19580744206905365,volatility_factor,0.15146322548389435
2017-12-13,600528.SH,cn_a,INDUSTRY_C35,3,"cp,pca,tucker",-0.11705076115809021,-0.08264020737907814,-0.11705076115809021,0.4776049653689067,0,volatility_factor,0.3556674122810364,quality_factor,0.3286186456680298,value_factor,0.21204714477062225
2017-12-13,300003.SZ,cn_a,INDUSTRY_C35,3,"cp,pca,tucker",-0.16773054153860803,-0.12053885948590233,-0.16773054153860803,0.4776049653689067,0,volatility_factor,0.355667382478714,quality_factor,0.3286186456680298,value_factor,0.21204712986946106
2017-12-13,600499.SH,cn_a,INDUSTRY_C35,3,"cp,pca,tucker",-0.1682907283144773,-0.11774353779724005,-0.1682907283144773,0.4776049653689067,0,volatility_factor,0.355667382478714,quality_factor,0.3286186456680298,value_factor,0.21204712986946106
2017-12-13,300604.SZ,cn_a,INDUSTRY_C35,3,"cp,pca,tucker",-0.17315842172040216,-0.12459098316466188,-0.17315842172040216,0.4776049653689067,0,volatility_factor,0.35865887999534607,quality_factor,0.32717713713645935,value_factor,0.21172790229320526
2017-12-13,002223.SZ,cn_a,INDUSTRY_C35,3,"cp,pca,tucker",-0.17477282995488744,-0.1241245197438855,-0.17477282995488744,0.4776049653689067,1,volatility_factor,0.35108834505081177,quality_factor,0.3308251202106476,value_factor,0.2125357687473297
2017-12-13,002008.SZ,cn_a,INDUSTRY_C35,3,"cp,pca,tucker",-0.19266788199335108,-0.13784013481820037,-0.19266788199335108,0.4776049653689067,1,volatility_factor,0.3482459485530853,quality_factor,0.3321947157382965,value_factor,0.2128390669822693
2017-12-13,002595.SZ,cn_a,INDUSTRY_C35,3,"cp,pca,tucker",-0.2091322889143807,-0.1485403866571313,-0.2091322889143807,0.4776049653689067,0,volatility_factor,0.355667382478714,quality_factor,0.3286186754703522,value_factor,0.21204714477062225
2017-12-13,300529.SZ,cn_a,INDUSTRY_C35,3,"cp,pca,tucker",-0.2264492803119679,-0.16226298816911847,-0.2264492803119679,0.4776049653689067,1,volatility_factor,0.35045140981674194,quality_factor,0.33113202452659607,value_factor,0.21260374784469604
2017-12-13,002837.SZ,cn_a,INDUSTRY_C35,3,"cp,pca,tucker",-0.2527203413317964,-0.180576678207506,-0.2527203413317964,0.4776049653689067,1,volatility_factor,0.3510311543941498,quality_factor,0.3308526277542114,value_factor,0.212541863322258
2017-12-13,603338.SH,cn_a,INDUSTRY_C35,3,"cp,pca,tucker",-0.25999074625067004,-0.1851502282430054,-0.25999074625067004,0.4776049653689067,1,volatility_factor,0.3525362014770508,quality_factor,0.33012744784355164,value_factor,0.2123812884092331
2017-12-13,300450.SZ,cn_a,INDUSTRY_C35,3,"cp,pca,tucker",-0.2875352159419922,-0.2053804750223407,-0.2875352159419922,0.4776049653689067,1,volatility_factor,0.3515225648880005,quality_factor,0.33061590790748596,value_factor,0.21248945593833923
2017-12-14,601106.SH,cn_a,INDUSTRY_C35,3,"cp,pca,tucker",0.5583089113982003,0.486039546455775,0.5583089113982003,0.43953032543261844,1,quality_factor,0.5873158574104309,value_factor,0.3655606508255005,momentum_factor,0.02934115380048752
2017-12-14,601608.SH,cn_a,INDUSTRY_C35,3,"cp,pca,tucker",0.5299478573171137,0.4630788983896288,0.5299478573171137,0.43953032543261844,1,quality_factor,0.3651075065135956,volatility_factor,0.26696082949638367,momentum_factor,0.26667964458465576
2017-12-14,002430.SZ,cn_a,INDUSTRY_C35,3,"cp,pca,tucker",0.1388926334282171,0.11331180420748878,0.1388926334282171,0.43953032543261844,0,quality_factor,0.7456193566322327,value_factor,0.1991315335035324,volatility_factor,0.03561752289533615
2017-12-14,600582.SH,cn_a,INDUSTRY_C35,3,"cp,pca,tucker",-1.40389157060374e-05,0.00021287894400295881,-1.40389157060374e-05,0.43953032543261844,1,value_factor,0.5963549017906189,volatility_factor,0.20148874819278717,momentum_factor,0.10271900147199631
2017-12-14,002353.SZ,cn_a,INDUSTRY_C35,3,"cp,pca,tucker",-0.036119582251353866,-0.03094944970605967,-0.036119582251353866,0.43953032543261844,1,value_factor,0.532864511013031,volatility_factor,0.1922585666179657,quality_factor,0.1813516616821289
2017-12-14,601717.SH,cn_a,INDUSTRY_C35,3,"cp,pca,tucker",-0.039516527197655554,-0.031703996537795515,-0.039516527197655554,0.43953032543261844,1,value_factor,0.5854796171188354,volatility_factor,0.19990770518779755,quality_factor,0.11346850544214249
2017-12-14,600031.SH,cn_a,INDUSTRY_C35,3,"cp,pca,tucker",-0.0476497810840683,-0.041277723081514575,-0.0476497810840683,0.43953032543261844,0,volatility_factor,0.6127561330795288,quality_factor,0.2005224972963333,value_factor,0.18250562250614166
2017-12-14,002432.SZ,cn_a,INDUSTRY_C35,3,"cp,pca,tucker",-0.08219309532429009,-0.07683857386547291,-0.08219309532429009,0.43953032543261844,0,value_factor,0.5619828701019287,quality_factor,0.1949102133512497,volatility_factor,0.1517437994480133
2017-12-14,600528.SH,cn_a,INDUSTRY_C35,3,"cp,pca,tucker",-0.08373985843630506,-0.07331127275524245,-0.08373985843630506,0.43953032543261844,0,volatility_factor,0.6127561330795288,quality_factor,0.2005225121974945,value_factor,0.18250562250614166
2017-12-14,002008.SZ,cn_a,INDUSTRY_C35,3,"cp,pca,tucker",-0.11587893236413922,-0.10201804781548583,-0.11587893236413922,0.43953032543261844,1,volatility_factor,0.4924211800098419,quality_factor,0.2627226710319519,value_factor,0.1974543035030365
2017-12-14,600499.SH,cn_a,INDUSTRY_C35,3,"cp,pca,tucker",-0.12722407465153568,-0.1133350640161505,-0.12722407465153568,0.43953032543261844,0,volatility_factor,0.6127561330795288,quality_factor,0.2005225121974945,value_factor,0.18250562250614166
2017-12-14,300003.SZ,cn_a,INDUSTRY_C35,3,"cp,pca,tucker",-0.14546264006177467,-0.12905859699514102,-0.14546264006177467,0.43953032543261844,0,volatility_factor,0.6127561330795288,quality_factor,0.2005224972963333,value_factor,0.18250562250614166
2017-12-14,002595.SZ,cn_a,INDUSTRY_C35,3,"cp,pca,tucker",-0.15020867475947272,-0.13277000436455305,-0.15020867475947272,0.43953032543261844,0,volatility_factor,0.6127561330795288,quality_factor,0.2005224972963333,value_factor,0.18250562250614166
2017-12-14,300604.SZ,cn_a,INDUSTRY_C35,3,"cp,pca,tucker",-0.1535400785397174,-0.1362826976601398,-0.1535400785397174,0.43953032543261844,0,volatility_factor,0.7613072991371155,momentum_factor,0.13315758109092712,value_factor,0.09883087128400803
2017-12-14,603338.SH,cn_a,INDUSTRY_C35,3,"cp,pca,tucker",-0.16152719622449682,-0.14279073832785646,-0.16152719622449682,0.43953032543261844,1,volatility_factor,0.5346145629882812,quality_factor,0.242391437292099,value_factor,0.19295190274715424
2017-12-14,002223.SZ,cn_a,INDUSTRY_C35,3,"cp,pca,tucker",-0.16517307125435357,-0.14592871744641378,-0.16517307125435357,0.43953032543261844,1,volatility_factor,0.5158416628837585,quality_factor,0.2514372766017914,value_factor,0.19495511054992676
2017-12-14,300529.SZ,cn_a,INDUSTRY_C35,3,"cp,pca,tucker",-0.16537204246835055,-0.14639519713028545,-0.16537204246835055,0.43953032543261844,1,volatility_factor,0.5093830227851868,quality_factor,0.25454944372177124,value_factor,0.1956443339586258
2017-12-14,300450.SZ,cn_a,INDUSTRY_C35,3,"cp,pca,tucker",-0.21108357794396018,-0.18747409291728112,-0.21108357794396018,0.43953032543261844,1,volatility_factor,0.5207993388175964,quality_factor,0.2490484118461609,value_factor,0.19442610442638397
2017-12-14,002837.SZ,cn_a,INDUSTRY_C35,3,"cp,pca,tucker",-0.2257596211355604,-0.19708969770655282,-0.2257596211355604,0.43953032543261844,1,volatility_factor,0.5152245163917542,quality_factor,0.25173473358154297,value_factor,0.19502100348472595
2017-12-15,601106.SH,cn_a,INDUSTRY_C35,3,"cp,pca,tucker",0.9110394108931364,0.5008534084636297,0.9110394108931364,0.6398825744787852,1,quality_factor,0.5462889671325684,value_factor,0.33923089504241943,momentum_factor,0.06094564497470856
2017-12-15,601608.SH,cn_a,INDUSTRY_C35,3,"cp,pca,tucker",0.826449806855547,0.45277610633484233,0.826449806855547,0.6398825744787852,1,quality_factor,0.3680161237716675,momentum_factor,0.26740550994873047,volatility_factor,0.2461659163236618
2017-12-15,002430.SZ,cn_a,INDUSTRY_C35,3,"cp,pca,tucker",0.16563689751976088,0.1265060080733891,0.16563689751976088,0.6398825744787852,0,quality_factor,0.7729577422142029,value_factor,0.1634620875120163,volatility_factor,0.0504952035844326
2017-12-15,600582.SH,cn_a,INDUSTRY_C35,3,"cp,pca,tucker",-0.03336259485035026,-0.009782488029309191,-0.03336259485035026,0.6398825744787852,1,value_factor,0.5965663194656372,volatility_factor,0.20151947438716888,momentum_factor,0.10274961590766907
2017-12-15,002353.SZ,cn_a,INDUSTRY_C35,3,"cp,pca,tucker",-0.0779376039856779,-0.037905317647102,-0.0779376039856779,0.6398825744787852,1,value_factor,0.53464275598526,volatility_factor,0.19251708686351776,quality_factor,0.17905738949775696
2017-12-15,601717.SH,cn_a,INDUSTRY_C35,3,"cp,pca,tucker",-0.12920849493438494,-0.059425130195085336,-0.12920849493438494,0.6398825744787852,1,value_factor,0.5859014987945557,volatility_factor,0.19996903836727142,quality_factor,0.11292415857315063
2017-12-15,002432.SZ,cn_a,INDUSTRY_C35,3,"cp,pca,tucker",-0.15460884444595804,-0.07417325777944003,-0.15460884444595804,0.6398825744787852,0,value_factor,0.5605114102363586,quality_factor,0.19748395681381226,volatility_factor,0.1509389877319336
2017-12-15,600528.SH,cn_a,INDUSTRY_C35,3,"cp,pca,tucker",-0.16077678381883295,-0.08426989352510698,-0.16077678381883295,0.6398825744787852,0,volatility_factor,0.6202611327171326,quality_factor,0.19073055684566498,value_factor,0.1786169707775116
2017-12-15,600031.SH,cn_a,INDUSTRY_C35,3,"cp,pca,tucker",-0.1904256257001309,-0.09642788735103679,-0.1904256257001309,0.6398825744787852,0,volatility_factor,0.6202611327171326,quality_factor,0.19073054194450378,value_factor,0.1786169707775116
2017-12-15,600499.SH,cn_a,INDUSTRY_C35,3,"cp,pca,tucker",-0.24300356334255158,-0.12402164464262048,-0.24300356334255158,0.6398825744787852,0,volatility_factor,0.6202610731124878,quality_factor,0.19073055684566498,value_factor,0.1786169707775116
2017-12-15,002595.SZ,cn_a,INDUSTRY_C35,3,"cp,pca,tucker",-0.2451880123627382,-0.13126187489920635,-0.2451880123627382,0.6398825744787852,0,volatility_factor,0.6202611327171326,quality_factor,0.19073054194450378,value_factor,0.1786169707775116
2017-12-15,603338.SH,cn_a,INDUSTRY_C35,3,"cp,pca,tucker",-0.24637391891289392,-0.1350947979679848,-0.24637391891289392,0.6398825744787852,1,volatility_factor,0.5407029390335083,quality_factor,0.23945768177509308,value_factor,0.19230219721794128
2017-12-15,300003.SZ,cn_a,INDUSTRY_C35,3,"cp,pca,tucker",-0.24683730413042473,-0.13355574617867583,-0.24683730413042473,0.6398825744787852,0,volatility_factor,0.6202611327171326,quality_factor,0.19073054194450378,value_factor,0.1786169558763504
2017-12-15,002008.SZ,cn_a,INDUSTRY_C35,3,"cp,pca,tucker",-0.2765480307827448,-0.1487659287962804,-0.2765480307827448,0.6398825744787852,1,volatility_factor,0.4954479932785034,quality_factor,0.26126420497894287,value_factor,0.19713132083415985
2017-12-15,300529.SZ,cn_a,INDUSTRY_C35,3,"cp,pca,tucker",-0.2800803140195041,-0.15282000177845265,-0.2800803140195041,0.6398825744787852,1,volatility_factor,0.5135089755058289,quality_factor,0.2525613605976105,value_factor,0.19520404934883118
2017-12-15,002223.SZ,cn_a,INDUSTRY_C35,3,"cp,pca,tucker",-0.28246302042160737,-0.14863184303790572,-0.28246302042160737,0.6398825744787852,1,volatility_factor,0.5204324126243591,quality_factor,0.24922524392604828,value_factor,0.1944652497768402
2017-12-15,300604.SZ,cn_a,INDUSTRY_C35,3,"cp,pca,tucker",-0.3025828242945337,-0.16209018209312784,-0.3025828242945337,0.6398825744787852,0,volatility_factor,0.7284020781517029,momentum_factor,0.14901328086853027,value_factor,0.07294817268848419
2017-12-15,300450.SZ,cn_a,INDUSTRY_C35,3,"cp,pca,tucker",-0.35713290855015895,-0.1930709545749164,-0.35713290855015895,0.6398825744787852,1,volatility_factor,0.5257642865180969,quality_factor,0.24665601551532745,value_factor,0.1938963085412979
2017-12-15,002837.SZ,cn_a,INDUSTRY_C35,3,"cp,pca,tucker",-0.363285049919617,-0.1957130115022342,-0.363285049919617,0.6398825744787852,1,volatility_factor,0.5197696685791016,quality_factor,0.24954459071159363,value_factor,0.1945359855890274
2017-12-18,601106.SH,cn_a,INDUSTRY_C35,3,"cp,pca,tucker",0.5693791805913148,0.4855191595601394,0.5693791805913148,0.2937531992793083,1,quality_factor,0.5229803323745728,value_factor,0.34480324387550354,volatility_factor,0.07716655731201172
2017-12-18,601608.SH,cn_a,INDUSTRY_C35,3,"cp,pca,tucker",0.5306006682840219,0.45143054274232947,0.5306006682840219,0.2937531992793083,1,quality_factor,0.39287930727005005,momentum_factor,0.240420863032341,volatility_factor,0.23150606453418732
2017-12-18,002430.SZ,cn_a,INDUSTRY_C35,3,"cp,pca,tucker",0.11578207732528972,0.12578702183782717,0.11578207732528972,0.2937531992793083,0,quality_factor,0.7773516178131104,value_factor,0.15772929787635803,volatility_factor,0.05288635194301605
2017-12-18,600582.SH,cn_a,INDUSTRY_C35,3,"cp,pca,tucker",-0.004186596024607724,0.004404048815958304,-0.004186596024607724,0.2937531992793083,1,value_factor,0.5965985059738159,volatility_factor,0.20152416825294495,momentum_factor,0.10275428742170334
2017-12-18,002353.SZ,cn_a,INDUSTRY_C35,3,"cp,pca,tucker",-0.06676956746288647,-0.050278266008280836,-0.06676956746288647,0.2937531992793083,1,value_factor,0.5349118113517761,volatility_factor,0.1925562173128128,quality_factor,0.17871029675006866
2017-12-18,601717.SH,cn_a,INDUSTRY_C35,3,"cp,pca,tucker",-0.09144435481737652,-0.06255368130371208,-0.09144435481737652,0.2937531992793083,1,value_factor,0.5859657526016235,volatility_factor,0.19997838139533997,quality_factor,0.11284128576517105
2017-12-18,600528.SH,cn_a,INDUSTRY_C35,3,"cp,pca,tucker",-0.10191874397517725,-0.08333027483996075,-0.10191874397517725,0.2937531992793083,0,volatility_factor,0.6482322216033936,value_factor,0.16412398219108582,quality_factor,0.15423598885536194
2017-12-18,002432.SZ,cn_a,INDUSTRY_C35,3,"cp,pca,tucker",-0.12641519357750047,-0.10142334242440143,-0.12641519357750047,0.2937531992793083,0,volatility_factor,0.6482322216033936,value_factor,0.164123997092247,quality_factor,0.15423600375652313
2017-12-18,600031.SH,cn_a,INDUSTRY_C35,3,"cp,pca,tucker",-0.130914668287426,-0.1037844401977987,-0.130914668287426,0.2937531992793083,1,value_factor,0.4878661036491394,quality_factor,0.23940803110599518,volatility_factor,0.18571676313877106
2017-12-18,002595.SZ,cn_a,INDUSTRY_C35,3,"cp,pca,tucker",-0.1435804412594847,-0.12169174023870673,-0.1435804412594847,0.2937531992793083,0,volatility_factor,0.6482322216033936,value_factor,0.164123997092247,quality_factor,0.15423600375652313
2017-12-18,600499.SH,cn_a,INDUSTRY_C35,3,"cp,pca,tucker",-0.15586906180157584,-0.12621412411659952,-0.15586906180157584,0.2937531992793083,0,volatility_factor,0.6482322216033936,value_factor,0.16412398219108582,quality_factor,0.15423598885536194
2017-12-18,300003.SZ,cn_a,INDUSTRY_C35,3,"cp,pca,tucker",-0.17598881788539655,-0.1497268488513037,-0.17598881788539655,0.2937531992793083,0,volatility_factor,0.6482321619987488,value_factor,0.16412396728992462,quality_factor,0.15423598885536194
2017-12-18,002223.SZ,cn_a,INDUSTRY_C35,3,"cp,pca,tucker",-0.1932083847488102,-0.159504740948355,-0.1932083847488102,0.2937531992793083,1,volatility_factor,0.5362418293952942,quality_factor,0.24160733819007874,value_factor,0.19277825951576233
2017-12-18,603338.SH,cn_a,INDUSTRY_C35,3,"cp,pca,tucker",-0.19666255471939917,-0.16729365029646928,-0.19666255471939917,0.2937531992793083,1,volatility_factor,0.5621850490570068,quality_factor,0.22910639643669128,value_factor,0.19000990688800812
2017-12-18,300604.SZ,cn_a,INDUSTRY_C35,3,"cp,pca,tucker",-0.20202984151658554,-0.17112191741720992,-0.20202984151658554,0.2937531992793083,0,volatility_factor,0.6042702794075012,momentum_factor,0.196481391787529,quality_factor,0.1869024932384491
2017-12-18,002008.SZ,cn_a,INDUSTRY_C35,3,"cp,pca,tucker",-0.20825650148944508,-0.175026985637309,-0.20825650148944508,0.2937531992793083,1,volatility_factor,0.50556880235672,quality_factor,0.2563873827457428,value_factor,0.19605134427547455
2017-12-18,300529.SZ,cn_a,INDUSTRY_C35,3,"cp,pca,tucker",-0.20831469384852982,-0.1777225005319264,-0.20831469384852982,0.2937531992793083,1,volatility_factor,0.5276014804840088,quality_factor,0.24577076733112335,value_factor,0.19370025396347046
2017-12-18,002837.SZ,cn_a,INDUSTRY_C35,3,"cp,pca,tucker",-0.2699608913808347,-0.22390917366639415,-0.2699608913808347,0.2937531992793083,1,volatility_factor,0.5354099869728088,quality_factor,0.24200817942619324,value_factor,0.19286702573299408
2017-12-18,300450.SZ,cn_a,INDUSTRY_C35,3,"cp,pca,tucker",-0.27936738457789173,-0.23635744069254136,-0.27936738457789173,0.2937531992793083,1,volatility_factor,0.5429714322090149,quality_factor,0.2383645921945572,value_factor,0.19206012785434723
2017-12-19,601106.SH,cn_a,INDUSTRY_C35,3,"cp,pca,tucker",0.6242542288477371,0.48884916971142617,0.6242542288477371,0.27340037127335864,1,quality_factor,0.5116722583770752,value_factor,0.3412885367870331,volatility_factor,0.08456741273403168
2017-12-19,601608.SH,cn_a,INDUSTRY_C35,3,"cp,pca,tucker",0.5911540524413278,0.4609310019173478,0.5911540524413278,0.27340037127335864,1,quality_factor,0.3911401927471161,volatility_factor,0.24648703634738922,momentum_factor,0.23949716985225677
2017-12-19,002430.SZ,cn_a,INDUSTRY_C35,3,"cp,pca,tucker",0.13243368836644961,0.12693795155187662,0.13243368836644961,0.27340037127335864,0,quality_factor,0.7686725854873657,value_factor,0.16905316710472107,volatility_factor,0.04816317558288574
2017-12-19,600582.SH,cn_a,INDUSTRY_C35,3,"cp,pca,tucker",-0.00047348448121176573,0.004889692632298048,-0.00047348448121176573,0.27340037127335864,1,value_factor,0.5965344309806824,volatility_factor,0.2015148401260376,momentum_factor,0.10274501144886017
2017-12-19,601717.SH,cn_a,INDUSTRY_C35,3,"cp,pca,tucker",-0.05853695299472206,-0.037984772252369785,-0.05853695299472206,0.27340037127335864,1,value_factor,0.5858379602432251,volatility_factor,0.19995981454849243,quality_factor,0.11300616711378098
2017-12-19,002353.SZ,cn_a,INDUSTRY_C35,3,"cp,pca,tucker",-0.058596685116015255,-0.04186130417955645,-0.058596685116015255,0.27340037127335864,1,value_factor,0.5343761444091797,volatility_factor,0.19247834384441376,quality_factor,0.1794014275074005
2017-12-19,600528.SH,cn_a,INDUSTRY_C35,3,"cp,pca,tucker",-0.08965011101326444,-0.06833697226241942,-0.08965011101326444,0.27340037127335864,0,volatility_factor,0.7139881253242493,value_factor,0.13005311787128448,momentum_factor,0.08751604706048965
2017-12-19,600031.SH,cn_a,INDUSTRY_C35,3,"cp,pca,tucker",-0.1197283642052465,-0.0884972926980261,-0.1197283642052465,0.27340037127335864,1,value_factor,0.48680442571640015,quality_factor,0.24077774584293365,volatility_factor,0.185562402009964
2017-12-19,002432.SZ,cn_a,INDUSTRY_C35,3,"cp,pca,tucker",-0.12413634609574425,-0.08993258767584021,-0.12413634609574425,0.27340037127335864,0,volatility_factor,0.7139881253242493,value_factor,0.13005311787128448,momentum_factor,0.08751604706048965
2017-12-19,300003.SZ,cn_a,INDUSTRY_C35,3,"cp,pca,tucker",-0.1481553129252786,-0.11622152130859535,-0.1481553129252786,0.27340037127335864,0,volatility_factor,0.7139881253242493,value_factor,0.13005313277244568,momentum_factor,0.08751606196165085
2017-12-19,002595.SZ,cn_a,INDUSTRY_C35,3,"cp,pca,tucker",-0.16335693146590882,-0.1261156331287119,-0.16335693146590882,0.27340037127335864,0,volatility_factor,0.7139881253242493,value_factor,0.13005313277244568,momentum_factor,0.08751606196165085
2017-12-19,600499.SH,cn_a,INDUSTRY_C35,3,"cp,pca,tucker",-0.1735057322550875,-0.1292888106032791,-0.1735057322550875,0.27340037127335864,0,volatility_factor,0.7139881253242493,value_factor,0.13005313277244568,momentum_factor,0.08751605451107025
2017-12-19,603338.SH,cn_a,INDUSTRY_C35,3,"cp,pca,tucker",-0.19666088476729446,-0.1529926555044677,-0.19666088476729446,0.27340037127335864,1,volatility_factor,0.606214702129364,quality_factor,0.20789028704166412,value_factor,0.18531154096126556
2017-12-19,002223.SZ,cn_a,INDUSTRY_C35,3,"cp,pca,tucker",-0.2025020722457096,-0.15384837067939816,-0.2025020722457096,0.27340037127335864,1,volatility_factor,0.5668673515319824,quality_factor,0.22685015201568604,value_factor,0.18951024115085602
2017-12-19,002008.SZ,cn_a,INDUSTRY_C35,3,"cp,pca,tucker",-0.2178259439845991,-0.16748070787618785,-0.2178259439845991,0.27340037127335864,1,volatility_factor,0.5239330530166626,quality_factor,0.24753843247890472,value_factor,0.19409172236919403
2017-12-19,002837.SZ,cn_a,INDUSTRY_C35,3,"cp,pca,tucker",-0.21859624859584667,-0.1697278858454769,-0.21859624859584667,0.27340037127335864,1,volatility_factor,0.5656536817550659,quality_factor,0.22743497788906097,value_factor,0.18963974714279175
2017-12-19,300529.SZ,cn_a,INDUSTRY_C35,3,"cp,pca,tucker",-0.21973055248007398,-0.17064818161240627,-0.21973055248007398,0.27340037127335864,1,volatility_factor,0.5543990135192871,quality_factor,0.2328581064939499,value_factor,0.1908407062292099
2017-12-19,300604.SZ,cn_a,INDUSTRY_C35,3,"cp,pca,tucker",-0.23968049373395403,-0.1839627066546058,-0.23968049373395403,0.27340037127335864,0,quality_factor,0.33362600207328796,volatility_factor,0.32109764218330383,momentum_factor,0.2215612232685089
2017-12-19,300450.SZ,cn_a,INDUSTRY_C35,3,"cp,pca,tucker",-0.3445413679254177,-0.2637217638486305,-0.3445413679254177,0.27340037127335864,1,volatility_factor,0.5767926573753357,quality_factor,0.22206754982471466,value_factor,0.1884511113166809
2017-12-20,601106.SH,cn_a,INDUSTRY_C35,3,"cp,pca,tucker",0.5533322888636497,0.4921171513139158,0.5533322888636497,0.32449383040269214,1,quality_factor,0.5122044682502747,value_factor,0.3408701717853546,volatility_factor,0.08381563425064087
2017-12-20,601608.SH,cn_a,INDUSTRY_C35,3,"cp,pca,tucker",0.49883057996324265,0.44409399955639256,0.49883057996324265,0.32449383040269214,1,quality_factor,0.3959597051143646,momentum_factor,0.24460968375205994,volatility_factor,0.1924511343240738
2017-12-20,002430.SZ,cn_a,INDUSTRY_C35,3,"cp,pca,tucker",0.15139719779498514,0.13742794688683604,0.15139719779498514,0.32449383040269214,0,quality_factor,0.7627382278442383,value_factor,0.17679578065872192,volatility_factor,0.0449337363243103
2017-12-20,600582.SH,cn_a,INDUSTRY_C35,3,"cp,pca,tucker",0.0013277045842262868,0.0028278096070989875,0.0013277045842262868,0.32449383040269214,1,value_factor,0.5964896082878113,volatility_factor,0.2015083283185959,momentum_factor,0.10273850709199905
2017-12-20,601717.SH,cn_a,INDUSTRY_C35,3,"cp,pca,tucker",-0.04460671851155126,-0.03603726392485206,-0.04460671851155126,0.32449383040269214,1,value_factor,0.5857484340667725,volatility_factor,0.199946790933609,quality_factor,0.11312171071767807
2017-12-20,002353.SZ,cn_a,INDUSTRY_C35,3,"cp,pca,tucker",-0.04731757362659589,-0.04085148986155657,-0.04731757362659589,0.32449383040269214,1,value_factor,0.5339996814727783,volatility_factor,0.19242361187934875,quality_factor,0.17988711595535278
2017-12-20,600528.SH,cn_a,INDUSTRY_C35,3,"cp,pca,tucker",-0.062130410500685136,-0.05494736433025075,-0.062130410500685136,0.32449383040269214,0,volatility_factor,0.529336154460907,quality_factor,0.24493488669395447,value_factor,0.19351515173912048
2017-12-20,600499.SH,cn_a,INDUSTRY_C35,3,"cp,pca,tucker",-0.09218811120731973,-0.08196416176405655,-0.09218811120731973,0.32449383040269214,0,volatility_factor,0.529336154460907,quality_factor,0.24493487179279327,value_factor,0.19351515173912048
2017-12-20,300003.SZ,cn_a,INDUSTRY_C35,3,"cp,pca,tucker",-0.10738856869051461,-0.09681046410909437,-0.10738856869051461,0.32449383040269214,0,volatility_factor,0.529336154460907,quality_factor,0.24493488669395447,value_factor,0.19351516664028168
2017-12-20,002432.SZ,cn_a,INDUSTRY_C35,3,"cp,pca,tucker",-0.11087700805763673,-0.0995620273750825,-0.11087700805763673,0.32449383040269214,0,value_factor,0.561054527759552,quality_factor,0.19653384387493134,volatility_factor,0.15123607218265533
2017-12-20,600031.SH,cn_a,INDUSTRY_C35,3,"cp,pca,tucker",-0.11538107077529157,-0.10161122540761185,-0.11538107077529157,0.32449383040269214,0,volatility_factor,0.5293362140655518,quality_factor,0.24493488669395447,value_factor,0.19351516664028168
2017-12-20,603338.SH,cn_a,INDUSTRY_C35,3,"cp,pca,tucker",-0.140605347401904,-0.12619882254041115,-0.140605347401904,0.32449383040269214,1,volatility_factor,0.4929535686969757,quality_factor,0.2624661326408386,value_factor,0.19739750027656555
2017-12-20,002595.SZ,cn_a,INDUSTRY_C35,3,"cp,pca,tucker",-0.1492054286549658,-0.13315384329392838,-0.1492054286549658,0.32449383040269214,0,volatility_factor,0.5293362140655518,quality_factor,0.24493487179279327,value_factor,0.1935151368379593
2017-12-20,002223.SZ,cn_a,INDUSTRY_C35,3,"cp,pca,tucker",-0.1743995973741931,-0.15500953856201094,-0.1743995973741931,0.32449383040269214,1,volatility_factor,0.4830414354801178,quality_factor,0.2672424018383026,value_factor,0.19845521450042725
2017-12-20,300529.SZ,cn_a,INDUSTRY_C35,3,"cp,pca,tucker",-0.19657446689747282,-0.17602177592615784,-0.19657446689747282,0.32449383040269214,1,volatility_factor,0.4794522225856781,quality_factor,0.26897186040878296,value_factor,0.19883818924427032
2017-12-20,002837.SZ,cn_a,INDUSTRY_C35,3,"cp,pca,tucker",-0.21807934753571323,-0.19330551366191073,-0.21807934753571323,0.32449383040269214,1,volatility_factor,0.4827025830745697,quality_factor,0.2674056887626648,value_factor,0.19849136471748352
2017-12-20,002008.SZ,cn_a,INDUSTRY_C35,3,"cp,pca,tucker",-0.22127450623100967,-0.1972737386426765,-0.22127450623100967,0.32449383040269214,1,volatility_factor,0.46955007314682007,quality_factor,0.27374333143234253,value_factor,0.19989486038684845
2017-12-20,300604.SZ,cn_a,INDUSTRY_C35,3,"cp,pca,tucker",-0.23250185182290659,-0.20772605045335923,-0.23250185182290659,0.32449383040269214,0,volatility_factor,0.6155188679695129,quality_factor,0.19691786170005798,value_factor,0.1810741275548935
2017-12-20,300450.SZ,cn_a,INDUSTRY_C35,3,"cp,pca,tucker",-0.28592629966138017,-0.2556454451158343,-0.28592629966138017,0.32449383040269214,1,volatility_factor,0.4857325851917267,quality_factor,0.2659456133842468,value_factor,0.19816800951957703
2017-12-21,601106.SH,cn_a,INDUSTRY_C35,3,"cp,pca,tucker",0.8743764411209954,0.5223218553114641,0.8743764411209954,0.4513960878054301,1,quality_factor,0.5814253091812134,value_factor,0.32531651854515076,momentum_factor,0.07885561138391495
2017-12-21,601608.SH,cn_a,INDUSTRY_C35,3,"cp,pca,tucker",0.7650673390562969,0.4573115840372386,0.7650673390562969,0.4513960878054301,1,quality_factor,0.4604640603065491,value_factor,0.24212859570980072,momentum_factor,0.18266956508159637
2017-12-21,002430.SZ,cn_a,INDUSTRY_C35,3,"cp,pca,tucker",0.13108183357031933,0.12973628537350418,0.13108183357031933,0.4513960878054301,0,quality_factor,0.7448804378509521,value_factor,0.20009560883045197,volatility_factor,0.03521540388464928
2017-12-21,600582.SH,cn_a,INDUSTRY_C35,3,"cp,pca,tucker",0.00703637541858317,0.0140448306552478,0.00703637541858317,0.4513960878054301,1,value_factor,0.5963489413261414,volatility_factor,0.20148786902427673,momentum_factor,0.10271813720464706
2017-12-21,300003.SZ,cn_a,INDUSTRY_C35,3,"cp,pca,tucker",-0.013616080718866894,-0.022073690650794568,-0.013616080718866894,0.4513960878054301,0,momentum_factor,0.4124601483345032,value_factor,0.30261358618736267,volatility_factor,0.15527139604091644
2017-12-21,603338.SH,cn_a,INDUSTRY_C35,3,"cp,pca,tucker",-0.039750773092089554,-0.03816014856954906,-0.039750773092089554,0.4513960878054301,0,momentum_factor,0.4539620578289032,value_factor,0.2902008891105652,quality_factor,0.16182079911231995
2017-12-21,601717.SH,cn_a,INDUSTRY_C35,3,"cp,pca,tucker",-0.07190180036677753,-0.028286393183607057,-0.07190180036677753,0.4513960878054301,1,value_factor,0.5854676365852356,volatility_factor,0.19990596175193787,quality_factor,0.11348392814397812
2017-12-21,600528.SH,cn_a,INDUSTRY_C35,3,"cp,pca,tucker",-0.10744621582968011,-0.06175755094236113,-0.10744621582968011,0.4513960878054301,0,volatility_factor,0.5019983053207397,quality_factor,0.25810787081718445,value_factor,0.19643235206604004
2017-12-21,600499.SH,cn_a,INDUSTRY_C35,3,"cp,pca,tucker",-0.1271692298323924,-0.07068701648519297,-0.1271692298323924,0.4513960878054301,0,volatility_factor,0.5019983053207397,quality_factor,0.25810787081718445,value_factor,0.19643235206604004
2017-12-21,002353.SZ,cn_a,INDUSTRY_C35,3,"cp,pca,tucker",-0.12927612984881173,-0.0659046271482819,-0.12927612984881173,0.4513960878054301,1,value_factor,0.5328137874603271,volatility_factor,0.19225120544433594,quality_factor,0.18141710758209229
2017-12-21,002432.SZ,cn_a,INDUSTRY_C35,3,"cp,pca,tucker",-0.1642439472396172,-0.08364316911656267,-0.1642439472396172,0.4513960878054301,0,value_factor,0.5620235204696655,quality_factor,0.194839209318161,volatility_factor,0.15176600217819214
2017-12-21,002008.SZ,cn_a,INDUSTRY_C35,3,"cp,pca,tucker",-0.16551908676769866,-0.10224663957174907,-0.16551908676769866,0.4513960878054301,1,volatility_factor,0.4597685933113098,quality_factor,0.27845659852027893,value_factor,0.2009386271238327
2017-12-21,600031.SH,cn_a,INDUSTRY_C35,3,"cp,pca,tucker",-0.17668635531004898,-0.09429314313124136,-0.17668635531004898,0.4513960878054301,0,volatility_factor,0.501998245716095,quality_factor,0.25810787081718445,value_factor,0.19643233716487885
2017-12-21,002223.SZ,cn_a,INDUSTRY_C35,3,"cp,pca,tucker",-0.23283685371254018,-0.13292217371859905,-0.23283685371254018,0.4513960878054301,1,volatility_factor,0.46995699405670166,quality_factor,0.2735472023487091,value_factor,0.19985143840312958
2017-12-21,002595.SZ,cn_a,INDUSTRY_C35,3,"cp,pca,tucker",-0.23690016573736683,-0.1371045095006637,-0.23690016573736683,0.4513960878054301,0,volatility_factor,0.501998245716095,quality_factor,0.25810787081718445,value_factor,0.19643235206604004
2017-12-21,300529.SZ,cn_a,INDUSTRY_C35,3,"cp,pca,tucker",-0.246187174423681,-0.14822348778506111,-0.246187174423681,0.4513960878054301,1,volatility_factor,0.4672868251800537,quality_factor,0.27483388781547546,value_factor,0.20013634860515594
2017-12-21,002837.SZ,cn_a,INDUSTRY_C35,3,"cp,pca,tucker",-0.2809219966117816,-0.166447572615965,-0.2809219966117816,0.4513960878054301,1,volatility_factor,0.46970614790916443,quality_factor,0.273668110370636,value_factor,0.19987820088863373
2017-12-21,300604.SZ,cn_a,INDUSTRY_C35,3,"cp,pca,tucker",-0.3324418086772624,-0.19075886074327109,-0.3324418086772624,0.4513960878054301,0,volatility_factor,0.5559267997741699,quality_factor,0.23212197422981262,value_factor,0.1906776875257492
2017-12-21,300450.SZ,cn_a,INDUSTRY_C35,3,"cp,pca,tucker",-0.4423449140534954,-0.25414611581262037,-0.4423449140534954,0.4513960878054301,1,volatility_factor,0.47194039821624756,quality_factor,0.2725915014743805,value_factor,0.19963978230953217
2017-12-22,601106.SH,cn_a,INDUSTRY_C35,3,"cp,pca,tucker",0.6833843189133534,0.5343402071802775,0.6833843189133534,0.3505246688922246,1,quality_factor,0.5558071732521057,value_factor,0.29350993037223816,momentum_factor,0.13505257666110992
2017-12-22,601608.SH,cn_a,INDUSTRY_C35,3,"cp,pca,tucker",0.5846856237225816,0.45586158505350854,0.5846856237225816,0.3505246688922246,1,quality_factor,0.4547673165798187,value_factor,0.23391281068325043,momentum_factor,0.18778465688228607
2017-12-22,002430.SZ,cn_a,INDUSTRY_C35,3,"cp,pca,tucker",0.2721409547323892,0.18551585484844327,0.2721409547323892,0.3505246688922246,0,quality_factor,0.7650307416915894,value_factor,0.17380481958389282,volatility_factor,0.046181272715330124
2017-12-22,600582.SH,cn_a,INDUSTRY_C35,3,"cp,pca,tucker",0.013250932964272702,0.0026158150868767494,0.013250932964272702,0.3505246688922246,1,value_factor,0.5965070128440857,volatility_factor,0.20151086151599884,momentum_factor,0.10274103283882141
2017-12-22,601717.SH,cn_a,INDUSTRY_C35,3,"cp,pca,tucker",-0.001240287795884809,-0.010105554980788245,-0.001240287795884809,0.3505246688922246,1,value_factor,0.5857832431793213,volatility_factor,0.19995185732841492,quality_factor,0.11307679861783981
2017-12-22,002353.SZ,cn_a,INDUSTRY_C35,3,"cp,pca,tucker",-0.04864085520460065,-0.04360205039581766,-0.04864085520460065,0.3505246688922246,1,value_factor,0.5341461300849915,volatility_factor,0.19244490563869476,quality_factor,0.179698184132576
2017-12-22,300003.SZ,cn_a,INDUSTRY_C35,3,"cp,pca,tucker",-0.05828659380451671,-0.03773664821529282,-0.05828659380451671,0.3505246688922246,0,momentum_factor,0.33531853556632996,value_factor,0.31962263584136963,volatility_factor,0.20629963278770447
2017-12-22,600499.SH,cn_a,INDUSTRY_C35,3,"cp,pca,tucker",-0.059314610072302425,-0.04752446951880588,-0.059314610072302425,0.3505246688922246,0,volatility_factor,0.4129229485988617,quality_factor,0.3010295629501343,value_factor,0.205937460064888
2017-12-22,600528.SH,cn_a,INDUSTRY_C35,3,"cp,pca,tucker",-0.06573542144310766,-0.05217561465921907,-0.06573542144310766,0.3505246688922246,0,volatility_factor,0.4129229485988617,quality_factor,0.30102959275245667,value_factor,0.2059374749660492
2017-12-22,600031.SH,cn_a,INDUSTRY_C35,3,"cp,pca,tucker",-0.10402810797200214,-0.0878085366788704,-0.10402810797200214,0.3505246688922246,0,volatility_factor,0.4129229485988617,quality_factor,0.3010295629501343,value_factor,0.2059374749660492
2017-12-22,603338.SH,cn_a,INDUSTRY_C35,3,"cp,pca,tucker",-0.11217239148204317,-0.08178228024956263,-0.11217239148204317,0.3505246688922246,1,volatility_factor,0.41161462664604187,quality_factor,0.3016600012779236,value_factor,0.20607706904411316
2017-12-22,002432.SZ,cn_a,INDUSTRY_C35,3,"cp,pca,tucker",-0.11901126690381596,-0.10233607100464763,-0.11901126690381596,0.3505246688922246,0,value_factor,0.5609319806098938,quality_factor,0.19674818217754364,volatility_factor,0.1511690467596054
2017-12-22,300604.SZ,cn_a,INDUSTRY_C35,3,"cp,pca,tucker",-0.14149570557819555,-0.10766753577366912,-0.14149570557819555,0.3505246688922246,0,volatility_factor,0.41462498903274536,quality_factor,0.3002094328403473,value_factor,0.20575584471225739
2017-12-22,002223.SZ,cn_a,INDUSTRY_C35,3,"cp,pca,tucker",-0.15732340750808524,-0.12578047775617443,-0.15732340750808524,0.3505246688922246,1,volatility_factor,0.4111226797103882,quality_factor,0.3018970191478729,value_factor,0.20612956583499908
2017-12-22,002595.SZ,cn_a,INDUSTRY_C35,3,"cp,pca,tucker",-0.17138568348278246,-0.1360085204472539,-0.17138568348278246,0.3505246688922246,0,volatility_factor,0.4129229485988617,quality_factor,0.30102959275245667,value_factor,0.2059374749660492
2017-12-22,002008.SZ,cn_a,INDUSTRY_C35,3,"cp,pca,tucker",-0.17479942618318348,-0.13666401368843817,-0.17479942618318348,0.3505246688922246,1,volatility_factor,0.4103085398674011,quality_factor,0.30228933691978455,value_factor,0.20621643960475922
2017-12-22,300529.SZ,cn_a,INDUSTRY_C35,3,"cp,pca,tucker",-0.19698131980735942,-0.15259182275550173,-0.19698131980735942,0.3505246688922246,1,volatility_factor,0.4109242856502533,quality_factor,0.3019926846027374,value_factor,0.20615074038505554
2017-12-22,002837.SZ,cn_a,INDUSTRY_C35,3,"cp,pca,tucker",-0.21204325203926233,-0.16643276336862986,-0.21204325203926233,0.3505246688922246,1,volatility_factor,0.4111044406890869,quality_factor,0.3019058108329773,value_factor,0.20613150298595428
2017-12-22,300450.SZ,cn_a,INDUSTRY_C35,3,"cp,pca,tucker",-0.2786845483013811,-0.21971855361771767,-0.2786845483013811,0.3505246688922246,1,volatility_factor,0.41126400232315063,quality_factor,0.30182895064353943,value_factor,0.2061144858598709
2017-12-25,601106.SH,cn_a,INDUSTRY_C35,3,"cp,pca,tucker",0.5973463368978028,0.5262525292074106,0.5973463368978028,0.1765030063688755,1,quality_factor,0.582581102848053,value_factor,0.31812283396720886,momentum_factor,0.09046085923910141
2017-12-25,601608.SH,cn_a,INDUSTRY_C35,3,"cp,pca,tucker",0.5030774277362884,0.4443890196883567,0.5030774277362884,0.1765030063688755,1,quality_factor,0.46041032671928406,value_factor,0.2695087790489197,momentum_factor,0.1897299587726593
2017-12-25,002430.SZ,cn_a,INDUSTRY_C35,3,"cp,pca,tucker",0.20978299448616378,0.20219366242001793,0.20978299448616378,0.1765030063688755,0,quality_factor,0.762407660484314,value_factor,0.17722730338573456,volatility_factor,0.04475375637412071
2017-12-25,300003.SZ,cn_a,INDUSTRY_C35,3,"cp,pca,tucker",0.052852558459580666,0.03723776054005635,0.052852558459580666,0.1765030063688755,0,momentum_factor,0.4069470167160034,value_factor,0.31383857131004333,volatility_factor,0.2335975468158722
2017-12-25,600582.SH,cn_a,INDUSTRY_C35,3,"cp,pca,tucker",-0.0017281891546559642,0.003590316887057641,-0.0017281891546559642,0.1765030063688755,1,value_factor,0.5964869856834412,volatility_factor,0.20150795578956604,momentum_factor,0.10273813456296921
2017-12-25,300604.SZ,cn_a,INDUSTRY_C35,3,"cp,pca,tucker",-0.03090581605906712,-0.033225558411463706,-0.03090581605906712,0.1765030063688755,0,momentum_factor,0.5351164937019348,value_factor,0.26872479915618896,quality_factor,0.18379338085651398
2017-12-25,603338.SH,cn_a,INDUSTRY_C35,3,"cp,pca,tucker",-0.04557062277320911,-0.04600225957841164,-0.04557062277320911,0.1765030063688755,0,momentum_factor,0.3964468538761139,value_factor,0.303752601146698,quality_factor,0.16202481091022491
2017-12-25,002353.SZ,cn_a,INDUSTRY_C35,3,"cp,pca,tucker",-0.0544832067951512,-0.044205422809155466,-0.0544832067951512,0.1765030063688755,1,value_factor,0.5339784622192383,volatility_factor,0.19242052733898163,quality_factor,0.17991448938846588
2017-12-25,600031.SH,cn_a,INDUSTRY_C35,3,"cp,pca,tucker",-0.056394892361274485,-0.04744896655872006,-0.056394892361274485,0.1765030063688755,0,volatility_factor,0.47134846448898315,quality_factor,0.2728767395019531,value_factor,0.19970294833183289
2017-12-25,600499.SH,cn_a,INDUSTRY_C35,3,"cp,pca,tucker",-0.05739859622809581,-0.04965671240567071,-0.05739859622809581,0.1765030063688755,0,volatility_factor,0.47134852409362793,quality_factor,0.2728767395019531,value_factor,0.19970294833183289
2017-12-25,601717.SH,cn_a,INDUSTRY_C35,3,"cp,pca,tucker",-0.07415414310248981,-0.056606191402627286,-0.07415414310248981,0.1765030063688755,1,value_factor,0.5857434272766113,volatility_factor,0.1999460607767105,quality_factor,0.11312821507453918
2017-12-25,600528.SH,cn_a,INDUSTRY_C35,3,"cp,pca,tucker",-0.0753820149971396,-0.06514780859906913,-0.0753820149971396,0.1765030063688755,0,volatility_factor,0.47134849429130554,quality_factor,0.2728767395019531,value_factor,0.19970294833183289
2017-12-25,002432.SZ,cn_a,INDUSTRY_C35,3,"cp,pca,tucker",-0.1166825659752287,-0.09682122743228035,-0.1166825659752287,0.1765030063688755,0,value_factor,0.5610722899436951,quality_factor,0.19650283455848694,volatility_factor,0.15124575793743134
2017-12-25,002223.SZ,cn_a,INDUSTRY_C35,3,"cp,pca,tucker",-0.13895327371350988,-0.12072969090510954,-0.13895327371350988,0.1765030063688755,1,volatility_factor,0.452955424785614,quality_factor,0.28173956274986267,value_factor,0.20166563987731934
2017-12-25,002595.SZ,cn_a,INDUSTRY_C35,3,"cp,pca,tucker",-0.1581441525190632,-0.1377968316010164,-0.1581441525190632,0.1765030063688755,0,volatility_factor,0.47134849429130554,quality_factor,0.2728767395019531,value_factor,0.19970294833183289
2017-12-25,002008.SZ,cn_a,INDUSTRY_C35,3,"cp,pca,tucker",-0.16711285713529378,-0.14656037588698967,-0.16711285713529378,0.1765030063688755,1,volatility_factor,0.4464413523674011,quality_factor,0.2848784327507019,value_factor,0.20236076414585114
2017-12-25,300529.SZ,cn_a,INDUSTRY_C35,3,"cp,pca,tucker",-0.17834868603938966,-0.1576693988872413,-0.17834868603938966,0.1765030063688755,1,volatility_factor,0.4512821137905121,quality_factor,0.28254589438438416,value_factor,0.2018442153930664
2017-12-25,002837.SZ,cn_a,INDUSTRY_C35,3,"cp,pca,tucker",-0.2122231482904157,-0.18537086401790503,-0.2122231482904157,0.1765030063688755,1,volatility_factor,0.4527992010116577,quality_factor,0.281814843416214,value_factor,0.20168229937553406
2017-12-25,300450.SZ,cn_a,INDUSTRY_C35,3,"cp,pca,tucker",-0.2489487240392828,-0.2180129875872707,-0.2489487240392828,0.1765030063688755,1,volatility_factor,0.45418328046798706,quality_factor,0.28114795684814453,value_factor,0.20153464376926422
2017-12-26,601106.SH,cn_a,INDUSTRY_C35,3,"cp,pca,tucker",0.5736147155056273,0.5258289797114591,0.5736147155056273,0.25171247000495595,1,quality_factor,0.5673117637634277,value_factor,0.3232226073741913,momentum_factor,0.08424483239650726
2017-12-26,601608.SH,cn_a,INDUSTRY_C35,3,"cp,pca,tucker",0.5070698721654067,0.46469378970857617,0.5070698721654067,0.25171247000495595,1,quality_factor,0.472506582736969,value_factor,0.24590153992176056,momentum_factor,0.1685062199831009
2017-12-26,002430.SZ,cn_a,INDUSTRY_C35,3,"cp,pca,tucker",0.18498833170520587,0.1833210410459907,0.18498833170520587,0.25171247000495595,0,quality_factor,0.761297881603241,value_factor,0.17867511510849,volatility_factor,0.044149864464998245
2017-12-26,600582.SH,cn_a,INDUSTRY_C35,3,"cp,pca,tucker",-0.009078771601653038,-0.005148058839369807,-0.009078771601653038,0.25171247000495595,1,value_factor,0.5964785218238831,volatility_factor,0.20150671899318695,momentum_factor,0.10273691266775131
2017-12-26,300003.SZ,cn_a,INDUSTRY_C35,3,"cp,pca,tucker",-0.013266444929072715,-0.016271020893232225,-0.013266444929072715,0.25171247000495595,0,momentum_factor,0.35143908858299255,value_factor,0.32090482115745544,volatility_factor,0.23182837665081024
2017-12-26,600031.SH,cn_a,INDUSTRY_C35,3,"cp,pca,tucker",-0.027801003897928514,-0.02512752580235871,-0.027801003897928514,0.25171247000495595,0,volatility_factor,0.37115147709846497,quality_factor,0.3211575150489807,value_factor,0.21039487421512604
2017-12-26,002353.SZ,cn_a,INDUSTRY_C35,3,"cp,pca,tucker",-0.041614850611858475,-0.03636668562132857,-0.041614850611858475,0.25171247000495595,1,value_factor,0.5339070558547974,volatility_factor,0.19241014122962952,quality_factor,0.18000666797161102
2017-12-26,601717.SH,cn_a,INDUSTRY_C35,3,"cp,pca,tucker",-0.04987698851349492,-0.04190039191791225,-0.04987698851349492,0.25171247000495595,1,value_factor,0.5857264399528503,volatility_factor,0.19994360208511353,quality_factor,0.11315011233091354
2017-12-26,600528.SH,cn_a,INDUSTRY_C35,3,"cp,pca,tucker",-0.05325455911287613,-0.04872913728568624,-0.05325455911287613,0.25171247000495595,0,volatility_factor,0.37115147709846497,quality_factor,0.3211575150489807,value_factor,0.21039484441280365
2017-12-26,600499.SH,cn_a,INDUSTRY_C35,3,"cp,pca,tucker",-0.05781011809331952,-0.052038135541185325,-0.05781011809331952,0.25171247000495595,0,volatility_factor,0.37115150690078735,quality_factor,0.3211575448513031,value_factor,0.21039485931396484
2017-12-26,603338.SH,cn_a,INDUSTRY_C35,3,"cp,pca,tucker",-0.0639801232221922,-0.061639921521428075,-0.0639801232221922,0.25171247000495595,0,momentum_factor,0.4083144962787628,value_factor,0.2978626489639282,quality_factor,0.18895596265792847
2017-12-26,002432.SZ,cn_a,INDUSTRY_C35,3,"cp,pca,tucker",-0.11380934666092858,-0.0984953633768439,-0.11380934666092858,0.25171247000495595,0,value_factor,0.5611317753791809,quality_factor,0.1963987946510315,volatility_factor,0.1512783169746399
2017-12-26,300604.SZ,cn_a,INDUSTRY_C35,3,"cp,pca,tucker",-0.12183397273690166,-0.11217599482680918,-0.12183397273690166,0.25171247000495595,0,volatility_factor,0.37206584215164185,quality_factor,0.3207169473171234,value_factor,0.21029728651046753
2017-12-26,002223.SZ,cn_a,INDUSTRY_C35,3,"cp,pca,tucker",-0.14294601865508105,-0.12917789998682558,-0.14294601865508105,0.25171247000495595,1,volatility_factor,0.3698873519897461,quality_factor,0.3217666745185852,value_factor,0.21052977442741394
2017-12-26,002595.SZ,cn_a,INDUSTRY_C35,3,"cp,pca,tucker",-0.14307747080265304,-0.12988729405634028,-0.14307747080265304,0.25171247000495595,0,volatility_factor,0.37115147709846497,quality_factor,0.3211575150489807,value_factor,0.21039484441280365
2017-12-26,300529.SZ,cn_a,INDUSTRY_C35,3,"cp,pca,tucker",-0.16297594571057575,-0.14903117920647282,-0.16297594571057575,0.25171247000495595,1,volatility_factor,0.3697231113910675,quality_factor,0.32184576988220215,value_factor,0.21054726839065552
2017-12-26,002837.SZ,cn_a,INDUSTRY_C35,3,"cp,pca,tucker",-0.18169103048969196,-0.16649030186784822,-0.18169103048969196,0.25171247000495595,1,volatility_factor,0.369872510433197,quality_factor,0.32177382707595825,value_factor,0.2105313390493393
2017-12-26,002008.SZ,cn_a,INDUSTRY_C35,3,"cp,pca,tucker",-0.1876726355165327,-0.16975778196337002,-0.1876726355165327,0.25171247000495595,1,volatility_factor,0.36917445063591003,quality_factor,0.3221101462841034,value_factor,0.21060581505298615
2017-12-26,300450.SZ,cn_a,INDUSTRY_C35,3,"cp,pca,tucker",-0.22338889682120358,-0.20293484531229414,-0.22338889682120358,0.25171247000495595,1,volatility_factor,0.37000083923339844,quality_factor,0.3217119872570038,value_factor,0.21051764488220215
2017-12-27,601106.SH,cn_a,INDUSTRY_C35,3,"cp,pca,tucker",0.6800801810999313,0.5741666863235332,0.6800801810999313,0.16419333592057228,1,quality_factor,0.5328295826911926,value_factor,0.22943469882011414,momentum_factor,0.22148320078849792
2017-12-27,601608.SH,cn_a,INDUSTRY_C35,3,"cp,pca,tucker",0.5407252836426238,0.461085082636459,0.5407252836426238,0.16419333592057228,1,quality_factor,0.48097407817840576,value_factor,0.2647382915019989,momentum_factor,0.16268107295036316
2017-12-27,002430.SZ,cn_a,INDUSTRY_C35,3,"cp,pca,tucker",0.12563211941405336,0.14718886479658602,0.12563211941405336,0.16419333592057228,0,quality_factor,0.7612497210502625,value_factor,0.17873792350292206,volatility_factor,0.04412366449832916
2017-12-27,300003.SZ,cn_a,INDUSTRY_C35,3,"cp,pca,tucker",-0.007598670622130497,-0.018835920515523668,-0.007598670622130497,0.16419333592057228,0,value_factor,0.32983875274658203,momentum_factor,0.3146620988845825,volatility_factor,0.26188090443611145
2017-12-27,600582.SH,cn_a,INDUSTRY_C35,3,"cp,pca,tucker",-0.02689261369679562,-0.011253557053504662,-0.02689261369679562,0.16419333592057228,1,value_factor,0.5964782238006592,volatility_factor,0.20150667428970337,momentum_factor,0.10273686051368713
2017-12-27,002353.SZ,cn_a,INDUSTRY_C35,3,"cp,pca,tucker",-0.031142436546664386,-0.021504883066455305,-0.031142436546664386,0.16419333592057228,1,value_factor,0.5339038968086243,volatility_factor,0.1924096792936325,quality_factor,0.18001064658164978
2017-12-27,600031.SH,cn_a,INDUSTRY_C35,3,"cp,pca,tucker",-0.0393325879349731,-0.03090011127798391,-0.0393325879349731,0.16419333592057228,0,volatility_factor,0.39491912722587585,quality_factor,0.30970486998558044,value_factor,0.2078586369752884
2017-12-27,601717.SH,cn_a,INDUSTRY_C35,3,"cp,pca,tucker",-0.0766046979909804,-0.049035294205983265,-0.0766046979909804,0.16419333592057228,1,value_factor,0.5857256650924683,volatility_factor,0.19994346797466278,quality_factor,0.11315105110406876
2017-12-27,600528.SH,cn_a,INDUSTRY_C35,3,"cp,pca,tucker",-0.09610333890815563,-0.07800059950370752,-0.09610333890815563,0.16419333592057228,0,volatility_factor,0.39491912722587585,quality_factor,0.30970486998558044,value_factor,0.2078586369752884
2017-12-27,600499.SH,cn_a,INDUSTRY_C35,3,"cp,pca,tucker",-0.09949982428577414,-0.07971072801421791,-0.09949982428577414,0.16419333592057228,0,volatility_factor,0.39491909742355347,quality_factor,0.30970486998558044,value_factor,0.2078586369752884
2017-12-27,603338.SH,cn_a,INDUSTRY_C35,3,"cp,pca,tucker",-0.1083994993149322,-0.0982594903664652,-0.1083994993149322,0.16419333592057228,1,volatility_factor,0.3948446810245514,quality_factor,0.30974072217941284,value_factor,0.2078665792942047
2017-12-27,300604.SZ,cn_a,INDUSTRY_C35,3,"cp,pca,tucker",-0.11190241870229724,-0.09991409134510687,-0.11190241870229724,0.16419333592057228,0,volatility_factor,0.3950068950653076,quality_factor,0.3096625804901123,value_factor,0.20784926414489746
2017-12-27,002432.SZ,cn_a,INDUSTRY_C35,3,"cp,pca,tucker",-0.1336800323432472,-0.10142151587386013,-0.1336800323432472,0.16419333592057228,0,value_factor,0.561134397983551,quality_factor,0.19639426469802856,volatility_factor,0.1512797325849533
2017-12-27,002595.SZ,cn_a,INDUSTRY_C35,3,"cp,pca,tucker",-0.14060763997705508,-0.11873582502485885,-0.14060763997705508,0.16419333592057228,0,volatility_factor,0.39491909742355347,quality_factor,0.30970486998558044,value_factor,0.2078586369752884
2017-12-27,300529.SZ,cn_a,INDUSTRY_C35,3,"cp,pca,tucker",-0.15760633931940995,-0.13743142125124486,-0.15760633931940995,0.16419333592057228,1,volatility_factor,0.39480268955230713,quality_factor,0.3097609877586365,value_factor,0.20787106454372406
2017-12-27,002223.SZ,cn_a,INDUSTRY_C35,3,"cp,pca,tucker",-0.1632868055574116,-0.13428001914949825,-0.1632868055574116,0.16419333592057228,1,volatility_factor,0.39481496810913086,quality_factor,0.3097550570964813,value_factor,0.2078697681427002
2017-12-27,002837.SZ,cn_a,INDUSTRY_C35,3,"cp,pca,tucker",-0.1833616033052846,-0.1561750960309915,-0.1833616033052846,0.16419333592057228,1,volatility_factor,0.3948138952255249,quality_factor,0.3097556233406067,value_factor,0.20786988735198975
2017-12-27,002008.SZ,cn_a,INDUSTRY_C35,3,"cp,pca,tucker",-0.21064116529993474,-0.17502541348395764,-0.21064116529993474,0.16419333592057228,1,volatility_factor,0.3947634696960449,quality_factor,0.3097798526287079,value_factor,0.20787523686885834
2017-12-27,300450.SZ,cn_a,INDUSTRY_C35,3,"cp,pca,tucker",-0.23247341934460622,-0.19751903724901185,-0.23247341934460622,0.16419333592057228,1,volatility_factor,0.3948236107826233,quality_factor,0.30975088477134705,value_factor,0.20786882936954498
2017-12-28,601106.SH,cn_a,INDUSTRY_C35,3,"cp,pca,tucker",0.6789928023011397,0.5962869191247874,0.6789928023011397,0.343373632679383,1,quality_factor,0.5187042951583862,momentum_factor,0.23431792855262756,value_factor,0.1792992204427719
2017-12-28,601608.SH,cn_a,INDUSTRY_C35,3,"cp,pca,tucker",0.5153512942010936,0.4569758991225387,0.5153512942010936,0.343373632679383,1,quality_factor,0.47733545303344727,value_factor,0.2599184215068817,momentum_factor,0.16601818799972534
2017-12-28,002430.SZ,cn_a,INDUSTRY_C35,3,"cp,pca,tucker",0.14813674173970734,0.15504508331943392,0.14813674173970734,0.343373632679383,0,quality_factor,0.7588884830474854,value_factor,0.18181872367858887,volatility_factor,0.042838677763938904
2017-12-28,300003.SZ,cn_a,INDUSTRY_C35,3,"cp,pca,tucker",-0.005290108435136544,-0.013543699100521472,-0.005290108435136544,0.343373632679383,0,value_factor,0.34952080249786377,volatility_factor,0.33546552062034607,momentum_factor,0.24124768376350403
2017-12-28,002353.SZ,cn_a,INDUSTRY_C35,3,"cp,pca,tucker",-0.02060279329070211,-0.014628387118138181,-0.02060279329070211,0.343373632679383,1,value_factor,0.5337508916854858,volatility_factor,0.1923874318599701,quality_factor,0.18020808696746826
2017-12-28,600582.SH,cn_a,INDUSTRY_C35,3,"cp,pca,tucker",-0.035133272046231685,-0.022183748100389505,-0.035133272046231685,0.343373632679383,1,value_factor,0.5964599251747131,volatility_factor,0.20150400698184967,momentum_factor,0.10273421555757523
2017-12-28,603338.SH,cn_a,INDUSTRY_C35,3,"cp,pca,tucker",-0.03532534674283247,-0.03958699996328215,-0.03532534674283247,0.343373632679383,0,momentum_factor,0.3478395938873291,value_factor,0.31784698367118835,volatility_factor,0.19384868443012238
2017-12-28,600031.SH,cn_a,INDUSTRY_C35,3,"cp,pca,tucker",-0.03609042446441072,-0.029821449210790024,-0.03609042446441072,0.343373632679383,0,volatility_factor,0.5722820162773132,quality_factor,0.22424104809761047,value_factor,0.18893244862556458
2017-12-28,601717.SH,cn_a,INDUSTRY_C35,3,"cp,pca,tucker",-0.075918917027811,-0.05386876253822515,-0.075918917027811,0.343373632679383,1,value_factor,0.5856893658638,volatility_factor,0.19993819296360016,quality_factor,0.11319791525602341
2017-12-28,600528.SH,cn_a,INDUSTRY_C35,3,"cp,pca,tucker",-0.09180448452656396,-0.07865711939568558,-0.09180448452656396,0.343373632679383,0,volatility_factor,0.5722820162773132,quality_factor,0.22424104809761047,value_factor,0.18893243372440338
2017-12-28,002008.SZ,cn_a,INDUSTRY_C35,3,"cp,pca,tucker",-0.09766809886341961,-0.09011269694595984,-0.09766809886341961,0.343373632679383,1,volatility_factor,0.48199954628944397,quality_factor,0.2677444517612457,value_factor,0.19856640696525574
2017-12-28,600499.SH,cn_a,INDUSTRY_C35,3,"cp,pca,tucker",-0.11328154044978288,-0.09652167146573819,-0.11328154044978288,0.343373632679383,0,volatility_factor,0.5722820162773132,quality_factor,0.22424103319644928,value_factor,0.18893243372440338
2017-12-28,300604.SZ,cn_a,INDUSTRY_C35,3,"cp,pca,tucker",-0.11713735616471836,-0.10735081897972747,-0.11713735616471836,0.343373632679383,0,volatility_factor,0.6813141703605652,value_factor,0.1469828337430954,quality_factor,0.11107313632965088
2017-12-28,002432.SZ,cn_a,INDUSTRY_C35,3,"cp,pca,tucker",-0.12430583200347982,-0.10439646882949104,-0.12430583200347982,0.343373632679383,0,value_factor,0.5612614154815674,quality_factor,0.19617226719856262,volatility_factor,0.15134915709495544
2017-12-28,002595.SZ,cn_a,INDUSTRY_C35,3,"cp,pca,tucker",-0.12891333054196719,-0.11442611724064178,-0.12891333054196719,0.343373632679383,0,volatility_factor,0.5722820162773132,quality_factor,0.22424103319644928,value_factor,0.18893243372440338
2017-12-28,300529.SZ,cn_a,INDUSTRY_C35,3,"cp,pca,tucker",-0.1332854524337237,-0.12224381080119673,-0.1332854524337237,0.343373632679383,1,volatility_factor,0.4954773485660553,quality_factor,0.26125001907348633,value_factor,0.19712817668914795
2017-12-28,002223.SZ,cn_a,INDUSTRY_C35,3,"cp,pca,tucker",-0.16255178239032433,-0.1408973654986296,-0.16255178239032433,0.343373632679383,1,volatility_factor,0.5004939436912537,quality_factor,0.25883275270462036,value_factor,0.19659286737442017
2017-12-28,002837.SZ,cn_a,INDUSTRY_C35,3,"cp,pca,tucker",-0.18733992179684122,-0.1646509375805919,-0.18733992179684122,0.343373632679383,1,volatility_factor,0.5000172257423401,quality_factor,0.2590624690055847,value_factor,0.19664373993873596
2017-12-28,300450.SZ,cn_a,INDUSTRY_C35,3,"cp,pca,tucker",-0.24315582469398048,-0.21574244727553338,-0.24315582469398048,0.343373632679383,1,volatility_factor,0.5043026208877563,quality_factor,0.2569974958896637,value_factor,0.19618642330169678
2017-12-29,601106.SH,cn_a,INDUSTRY_C35,3,"cp,pca,tucker",0.7702003650612602,0.6336435467292832,0.7702003650612602,0.1777504856387774,1,quality_factor,0.4926179051399231,momentum_factor,0.2700578272342682,volatility_factor,0.13126784563064575
2017-12-29,601608.SH,cn_a,INDUSTRY_C35,3,"cp,pca,tucker",0.5598720205074333,0.46425609711137156,0.5598720205074333,0.1777504856387774,1,quality_factor,0.5168912410736084,value_factor,0.27525001764297485,momentum_factor,0.12023977190256119
2017-12-29,002430.SZ,cn_a,INDUSTRY_C35,3,"cp,pca,tucker",0.09756208628256453,0.10068101006171787,0.09756208628256453,0.1777504856387774,0,quality_factor,0.7649826407432556,value_factor,0.17386755347251892,volatility_factor,0.04615510255098343
2017-12-29,600582.SH,cn_a,INDUSTRY_C35,3,"cp,pca,tucker",-0.026100579406769048,-0.016630453769987803,-0.026100579406769048,0.1777504856387774,1,value_factor,0.596506655216217,volatility_factor,0.20151080191135406,momentum_factor,0.10274097323417664
2017-12-29,600031.SH,cn_a,INDUSTRY_C35,3,"cp,pca,tucker",-0.03587479819267978,-0.02887043004728307,-0.03587479819267978,0.1777504856387774,0,volatility_factor,0.6705493330955505,value_factor,0.1525605469942093,quality_factor,0.12511828541755676
2017-12-29,002353.SZ,cn_a,INDUSTRY_C35,3,"cp,pca,tucker",-0.040993054853291376,-0.03159688635710715,-0.040993054853291376,0.1777504856387774,1,value_factor,0.5341430306434631,volatility_factor,0.19244444370269775,quality_factor,0.17970214784145355
2017-12-29,300003.SZ,cn_a,INDUSTRY_C35,3,"cp,pca,tucker",-0.041101192812280814,-0.03827698608598246,-0.041101192812280814,0.1777504856387774,0,momentum_factor,0.36948445439338684,value_factor,0.30892413854599,quality_factor,0.16084305942058563
2017-12-29,601717.SH,cn_a,INDUSTRY_C35,3,"cp,pca,tucker",-0.054473392738432685,-0.03941121091339964,-0.054473392738432685,0.1777504856387774,1,value_factor,0.5857824683189392,volatility_factor,0.19995173811912537,quality_factor,0.11307772248983383
2017-12-29,300604.SZ,cn_a,INDUSTRY_C35,3,"cp,pca,tucker",-0.07679163607759763,-0.06690433207667225,-0.07679163607759763,0.1777504856387774,0,volatility_factor,0.4780033528804779,quality_factor,0.2523266077041626,momentum_factor,0.20766451954841614
2017-12-29,603338.SH,cn_a,INDUSTRY_C35,3,"cp,pca,tucker",-0.07788635183739838,-0.06829786011173662,-0.07788635183739838,0.1777504856387774,1,volatility_factor,0.5780719518661499,quality_factor,0.22145113348960876,value_factor,0.18831460177898407
2017-12-29,600528.SH,cn_a,INDUSTRY_C35,3,"cp,pca,tucker",-0.09311361100462627,-0.07569219253966297,-0.09311361100462627,0.1777504856387774,0,volatility_factor,0.6705493330955505,value_factor,0.1525605469942093,quality_factor,0.12511828541755676
2017-12-29,002432.SZ,cn_a,INDUSTRY_C35,3,"cp,pca,tucker",-0.09992975692903362,-0.07795705418683885,-0.09992975692903362,0.1777504856387774,0,value_factor,0.5609346032142639,quality_factor,0.19674372673034668,volatility_factor,0.15117047727108002
2017-12-29,600499.SH,cn_a,INDUSTRY_C35,3,"cp,pca,tucker",-0.11670029561966651,-0.09379426402963081,-0.11670029561966651,0.1777504856387774,0,volatility_factor,0.6705493927001953,value_factor,0.1525605469942093,quality_factor,0.12511830031871796
2017-12-29,002595.SZ,cn_a,INDUSTRY_C35,3,"cp,pca,tucker",-0.13734574356572007,-0.11350205173647339,-0.13734574356572007,0.1777504856387774,0,volatility_factor,0.6705493330955505,value_factor,0.1525605469942093,quality_factor,0.12511828541755676
2017-12-29,002008.SZ,cn_a,INDUSTRY_C35,3,"cp,pca,tucker",-0.14496288143072908,-0.12056980423405873,-0.14496288143072908,0.1777504856387774,1,volatility_factor,0.512538492679596,quality_factor,0.2530289590358734,value_factor,0.19530759751796722
2017-12-29,300529.SZ,cn_a,INDUSTRY_C35,3,"cp,pca,tucker",-0.16122468971044418,-0.13480312061033428,-0.16122468971044418,0.1777504856387774,1,volatility_factor,0.5375803709030151,quality_factor,0.24096237123012543,value_factor,0.1926354318857193
2017-12-29,002223.SZ,cn_a,INDUSTRY_C35,3,"cp,pca,tucker",-0.18627662349026583,-0.15144744092813356,-0.18627662349026583,0.1777504856387774,1,volatility_factor,0.5475589036941528,quality_factor,0.23615410923957825,value_factor,0.19157062470912933
2017-12-29,002837.SZ,cn_a,INDUSTRY_C35,3,"cp,pca,tucker",-0.20701268711722876,-0.17113095530456515,-0.20701268711722876,0.1777504856387774,1,volatility_factor,0.5465942621231079,quality_factor,0.23661890625953674,value_factor,0.19167354702949524
2017-12-29,300450.SZ,cn_a,INDUSTRY_C35,3,"cp,pca,tucker",-0.29883122163871406,-0.24477430107246523,-0.29883122163871406,0.1777504856387774,1,volatility_factor,0.5553938150405884,quality_factor,0.2323787808418274,value_factor,0.19073456525802612
