trade_date,stock_code,model,rank,market_id,universe_id,total_score,stock_score,selection_signal,time_regime_score,cluster_label,top_factor_1,top_factor_1_score,top_factor_2,top_factor_2_score,top_factor_3,top_factor_3_score
2022-10-26,688520.SH,pca,3,cn_a,INDUSTRY_C27,0.7466961558754368,0.7466961558754368,0.7466961558754368,0.0,1,quality_factor,0.47825032472610474,volatility_factor,0.20627202093601227,value_factor,0.15776297450065613
2022-10-26,688336.SH,pca,3,cn_a,INDUSTRY_C27,0.7017050529701978,0.7017050529701978,0.7017050529701978,0.0,0,quality_factor,0.46363845467567444,value_factor,0.26883649826049805,volatility_factor,0.21900337934494019
2022-10-26,688180.SH,pca,3,cn_a,INDUSTRY_C27,0.6879144720516526,0.6879144720516526,0.6879144720516526,0.0,1,quality_factor,0.4342840313911438,momentum_factor,0.32041406631469727,value_factor,0.2300712913274765
2022-10-26,688192.SH,pca,3,cn_a,INDUSTRY_C27,0.6739111925365412,0.6739111925365412,0.6739111925365412,0.0,1,quality_factor,0.45068734884262085,momentum_factor,0.29122480750083923,value_factor,0.24226100742816925
2022-10-26,688266.SH,pca,3,cn_a,INDUSTRY_C27,0.6445394313772372,0.6445394313772372,0.6445394313772372,0.0,1,quality_factor,0.3932115435600281,value_factor,0.2866262197494507,momentum_factor,0.2295118123292923
2022-10-26,688235.SH,pca,3,cn_a,INDUSTRY_C27,0.6343369704157535,0.6343369704157535,0.6343369704157535,0.0,1,quality_factor,0.4279535114765167,value_factor,0.27509811520576477,momentum_factor,0.17573155462741852
2022-10-26,603087.SH,pca,3,cn_a,INDUSTRY_C27,-0.007422588502145833,-0.007422588502145833,-0.007422588502145833,0.0,0,volatility_factor,0.37394705414772034,momentum_factor,0.31937095522880554,value_factor,0.17583347856998444
2022-10-26,603858.SH,pca,3,cn_a,INDUSTRY_C27,-0.007946172591120848,-0.007946172591120848,-0.007946172591120848,0.0,0,value_factor,0.43505048751831055,volatility_factor,0.39667120575904846,quality_factor,0.10788790136575699
2022-10-26,600332.SH,pca,3,cn_a,INDUSTRY_C27,-0.01853331572339373,-0.01853331572339373,-0.01853331572339373,0.0,0,value_factor,0.48269686102867126,volatility_factor,0.39721041917800903,quality_factor,0.11356082558631897
2022-10-26,600535.SH,pca,3,cn_a,INDUSTRY_C27,-0.01993422733999828,-0.01993422733999828,-0.01993422733999828,0.0,0,value_factor,0.4665808081626892,volatility_factor,0.39481398463249207,quality_factor,0.11806215345859528
2022-10-26,600380.SH,pca,3,cn_a,INDUSTRY_C27,-0.0388560869458866,-0.0388560869458866,-0.0388560869458866,0.0,0,momentum_factor,0.38758835196495056,volatility_factor,0.3422026038169861,quality_factor,0.20355747640132904
2022-10-26,600062.SH,pca,3,cn_a,INDUSTRY_C27,-0.040821704909080325,-0.040821704909080325,-0.040821704909080325,0.0,1,value_factor,0.3886795938014984,volatility_factor,0.3786437213420868,quality_factor,0.1502765566110611
2022-10-26,600329.SH,pca,3,cn_a,INDUSTRY_C27,-0.051217681333976264,-0.051217681333976264,-0.051217681333976264,0.0,0,momentum_factor,0.45058473944664,volatility_factor,0.2144133299589157,quality_factor,0.18747466802597046
2022-10-26,688166.SH,pca,3,cn_a,INDUSTRY_C27,-0.05161435943693492,-0.05161435943693492,-0.05161435943693492,0.0,1,momentum_factor,0.45952853560447693,volatility_factor,0.18824870884418488,value_factor,0.18566247820854187
2022-10-26,688578.SH,pca,3,cn_a,INDUSTRY_C27,-0.05665197455722126,-0.05665197455722126,-0.05665197455722126,0.0,1,momentum_factor,0.45177000761032104,value_factor,0.2754301428794861,quality_factor,0.16116870939731598
2022-10-26,002007.SZ,pca,3,cn_a,INDUSTRY_C27,-0.06432521511734379,-0.06432521511734379,-0.06432521511734379,0.0,1,momentum_factor,0.4371868669986725,value_factor,0.21060237288475037,quality_factor,0.19652239978313446
2022-10-26,300601.SZ,pca,3,cn_a,INDUSTRY_C27,-0.06751459600498672,-0.06751459600498672,-0.06751459600498672,0.0,1,momentum_factor,0.42986783385276794,quality_factor,0.2230759710073471,volatility_factor,0.2142191380262375
2022-10-26,600521.SH,pca,3,cn_a,INDUSTRY_C27,-0.06752972796450243,-0.06752972796450243,-0.06752972796450243,0.0,1,momentum_factor,0.4397421181201935,value_factor,0.2656386196613312,quality_factor,0.18209277093410492
2022-10-26,002821.SZ,pca,3,cn_a,INDUSTRY_C27,-0.06831750895339703,-0.06831750895339703,-0.06831750895339703,0.0,1,momentum_factor,0.42244386672973633,quality_factor,0.24215006828308105,volatility_factor,0.24182909727096558
2022-10-26,002603.SZ,pca,3,cn_a,INDUSTRY_C27,-0.06839813927841418,-0.06839813927841418,-0.06839813927841418,0.0,0,value_factor,0.42683809995651245,momentum_factor,0.4197644889354706,quality_factor,0.1191013902425766
2022-10-26,002773.SZ,pca,3,cn_a,INDUSTRY_C27,-0.0725306159414843,-0.0725306159414843,-0.0725306159414843,0.0,0,momentum_factor,0.40825513005256653,value_factor,0.322282075881958,quality_factor,0.2196926772594452
2022-10-26,600085.SH,pca,3,cn_a,INDUSTRY_C27,-0.07304575217558862,-0.07304575217558862,-0.07304575217558862,0.0,0,value_factor,0.4281028211116791,momentum_factor,0.4155769944190979,quality_factor,0.11781363934278488
2022-10-26,600276.SH,pca,3,cn_a,INDUSTRY_C27,-0.0801220026968145,-0.0801220026968145,-0.0801220026968145,0.0,0,value_factor,0.4369949400424957,momentum_factor,0.38381391763687134,quality_factor,0.11084875464439392
2022-10-26,300142.SZ,pca,3,cn_a,INDUSTRY_C27,-0.08428549414889736,-0.08428549414889736,-0.08428549414889736,0.0,0,momentum_factor,0.41530197858810425,quality_factor,0.22839342057704926,value_factor,0.22565679252147675
2022-10-26,600161.SH,pca,3,cn_a,INDUSTRY_C27,-0.0910000063665238,-0.0910000063665238,-0.0910000063665238,0.0,1,momentum_factor,0.3607121706008911,quality_factor,0.33298394083976746,volatility_factor,0.18209540843963623
2022-10-26,600566.SH,pca,3,cn_a,INDUSTRY_C27,-0.09181216779559996,-0.09181216779559996,-0.09181216779559996,0.0,1,value_factor,0.4537900984287262,momentum_factor,0.2637159526348114,volatility_factor,0.16422118246555328
2022-10-26,603707.SH,pca,3,cn_a,INDUSTRY_C27,-0.09838809507367739,-0.09838809507367739,-0.09838809507367739,0.0,1,value_factor,0.39233800768852234,momentum_factor,0.3440794050693512,quality_factor,0.2114793211221695
2022-10-26,002262.SZ,pca,3,cn_a,INDUSTRY_C27,-0.10791051040981908,-0.10791051040981908,-0.10791051040981908,0.0,1,value_factor,0.47073090076446533,momentum_factor,0.24421091377735138,volatility_factor,0.19401544332504272
2022-10-26,002294.SZ,pca,3,cn_a,INDUSTRY_C27,-0.10936146009025072,-0.10936146009025072,-0.10936146009025072,0.0,0,value_factor,0.4718180000782013,momentum_factor,0.24295927584171295,volatility_factor,0.19592735171318054
2022-10-26,300558.SZ,pca,3,cn_a,INDUSTRY_C27,-0.11192900983701393,-0.11192900983701393,-0.11192900983701393,0.0,1,value_factor,0.4736199378967285,momentum_factor,0.24088458716869354,volatility_factor,0.1990964561700821
2022-10-26,603658.SH,pca,3,cn_a,INDUSTRY_C27,-0.11523899809270441,-0.11523899809270441,-0.11523899809270441,0.0,0,value_factor,0.475738525390625,momentum_factor,0.23844531178474426,volatility_factor,0.2028225064277649
2022-10-26,688278.SH,pca,3,cn_a,INDUSTRY_C27,-0.12610449942244273,-0.12610449942244273,-0.12610449942244273,0.0,0,value_factor,0.4814239740371704,momentum_factor,0.23189939558506012,volatility_factor,0.21282154321670532
2022-10-27,688520.SH,pca,3,cn_a,INDUSTRY_C27,0.9454470148152055,0.744965894758773,0.9454470148152055,0.26911452412605286,1,quality_factor,0.48193255066871643,volatility_factor,0.2046949863433838,value_factor,0.15900692343711853
2022-10-27,688336.SH,pca,3,cn_a,INDUSTRY_C27,0.9017250517166638,0.710515131416227,0.9017250517166638,0.26911452412605286,0,quality_factor,0.4602721929550171,value_factor,0.23494404554367065,volatility_factor,0.21862755715847015
2022-10-27,688180.SH,pca,3,cn_a,INDUSTRY_C27,0.8739294993337188,0.6886135988852662,0.8739294993337188,0.26911452412605286,1,quality_factor,0.4320813715457916,momentum_factor,0.3217315077781677,value_factor,0.22925324738025665
2022-10-27,688192.SH,pca,3,cn_a,INDUSTRY_C27,0.8452093715120461,0.6659835462382222,0.8452093715120461,0.26911452412605286,1,quality_factor,0.43000179529190063,momentum_factor,0.2690848708152771,value_factor,0.2582138776779175
2022-10-27,688266.SH,pca,3,cn_a,INDUSTRY_C27,0.8424436629527263,0.66380430348929,0.8424436629527263,0.26911452412605286,1,quality_factor,0.4091984033584595,momentum_factor,0.27323850989341736,value_factor,0.2698255479335785
2022-10-27,688235.SH,pca,3,cn_a,INDUSTRY_C27,0.7957732091686629,0.6270302740437177,0.7957732091686629,0.26911452412605286,1,quality_factor,0.4187111258506775,value_factor,0.28297728300094604,momentum_factor,0.16137216985225677
2022-10-27,600535.SH,pca,3,cn_a,INDUSTRY_C27,0.030494165471140207,0.024027907338170895,0.030494165471140207,0.26911452412605286,0,volatility_factor,0.3918403089046478,value_factor,0.2582509517669678,momentum_factor,0.2553478479385376
2022-10-27,600332.SH,pca,3,cn_a,INDUSTRY_C27,-0.0029832886639134977,-0.0023506852039407167,-0.0029832886639134977,0.26911452412605286,0,volatility_factor,0.39459943771362305,value_factor,0.39034345746040344,momentum_factor,0.10833635181188583
2022-10-27,603858.SH,pca,3,cn_a,INDUSTRY_C27,-0.004480737081374445,-0.0035306011407285065,-0.004480737081374445,0.26911452412605286,0,volatility_factor,0.3940315544605255,value_factor,0.38762274384498596,momentum_factor,0.1102883443236351
2022-10-27,603087.SH,pca,3,cn_a,INDUSTRY_C27,-0.014959751699889555,-0.0117875509000952,-0.014959751699889555,0.26911452412605286,0,volatility_factor,0.3718806207180023,momentum_factor,0.3195893466472626,value_factor,0.17242233455181122
2022-10-27,600380.SH,pca,3,cn_a,INDUSTRY_C27,-0.04000513265620479,-0.031522083180936494,-0.04000513265620479,0.26911452412605286,0,momentum_factor,0.40429842472076416,volatility_factor,0.34719347953796387,quality_factor,0.18890979886054993
2022-10-27,688578.SH,pca,3,cn_a,INDUSTRY_C27,-0.04665345170181101,-0.03676063263832717,-0.04665345170181101,0.26911452412605286,1,momentum_factor,0.47433656454086304,value_factor,0.24390535056591034,volatility_factor,0.14979828894138336
2022-10-27,600062.SH,pca,3,cn_a,INDUSTRY_C27,-0.046792552511448274,-0.03687023725655461,-0.046792552511448274,0.26911452412605286,1,volatility_factor,0.37314102053642273,value_factor,0.317855566740036,quality_factor,0.15489347279071808
2022-10-27,600329.SH,pca,3,cn_a,INDUSTRY_C27,-0.04756073248308153,-0.03747552541224823,-0.04756073248308153,0.26911452412605286,0,momentum_factor,0.47321704030036926,value_factor,0.26698386669158936,volatility_factor,0.1306188404560089
2022-10-27,002773.SZ,pca,3,cn_a,INDUSTRY_C27,-0.054887941139666885,-0.04324900659882139,-0.054887941139666885,0.26911452412605286,0,momentum_factor,0.45641613006591797,volatility_factor,0.2566143870353699,quality_factor,0.1873016655445099
2022-10-27,688166.SH,pca,3,cn_a,INDUSTRY_C27,-0.07017027088363431,-0.05529073318245077,-0.07017027088363431,0.26911452412605286,1,momentum_factor,0.45670363306999207,value_factor,0.22980323433876038,quality_factor,0.16247718036174774
2022-10-27,002007.SZ,pca,3,cn_a,INDUSTRY_C27,-0.07159521627304054,-0.05641352028777458,-0.07159521627304054,0.26911452412605286,1,momentum_factor,0.452524870634079,value_factor,0.24902959167957306,quality_factor,0.16514775156974792
2022-10-27,002821.SZ,pca,3,cn_a,INDUSTRY_C27,-0.0739589106765093,-0.058275995591650365,-0.0739589106765093,0.26911452412605286,1,momentum_factor,0.44337111711502075,volatility_factor,0.23267145454883575,quality_factor,0.20440436899662018
2022-10-27,600521.SH,pca,3,cn_a,INDUSTRY_C27,-0.08559601905911352,-0.06744546645866245,-0.08559601905911352,0.26911452412605286,1,momentum_factor,0.4453992545604706,value_factor,0.3513249456882477,quality_factor,0.15673790872097015
2022-10-27,300601.SZ,pca,3,cn_a,INDUSTRY_C27,-0.09515631931643852,-0.07497851434369143,-0.09515631931643852,0.26911452412605286,1,momentum_factor,0.41171297430992126,quality_factor,0.2547149360179901,volatility_factor,0.21751949191093445
2022-10-27,300142.SZ,pca,3,cn_a,INDUSTRY_C27,-0.10872895371556653,-0.08567308481769773,-0.10872895371556653,0.26911452412605286,0,momentum_factor,0.41524738073349,value_factor,0.2601662576198578,quality_factor,0.22182829678058624
2022-10-27,600276.SH,pca,3,cn_a,INDUSTRY_C27,-0.11410662798459939,-0.08991042848770163,-0.11410662798459939,0.26911452412605286,0,value_factor,0.45300695300102234,momentum_factor,0.3351873755455017,volatility_factor,0.1162605956196785
2022-10-27,600161.SH,pca,3,cn_a,INDUSTRY_C27,-0.11859969591896066,-0.09345074573603271,-0.11859969591896066,0.26911452412605286,1,quality_factor,0.3660795986652374,momentum_factor,0.34418612718582153,volatility_factor,0.2030939757823944
2022-10-27,600566.SH,pca,3,cn_a,INDUSTRY_C27,-0.11929104027897304,-0.09399549119682801,-0.11929104027897304,0.26911452412605286,1,value_factor,0.4567893147468567,momentum_factor,0.260262668132782,volatility_factor,0.169496089220047
2022-10-27,600085.SH,pca,3,cn_a,INDUSTRY_C27,-0.1217117218503304,-0.09590286959506092,-0.1217117218503304,0.26911452412605286,0,value_factor,0.45861124992370605,momentum_factor,0.31269967555999756,volatility_factor,0.13670185208320618
2022-10-27,002262.SZ,pca,3,cn_a,INDUSTRY_C27,-0.13468437463081906,-0.1061246839691859,-0.13468437463081906,0.26911452412605286,1,value_factor,0.46931785345077515,momentum_factor,0.24583785235881805,volatility_factor,0.1915302723646164
2022-10-27,300558.SZ,pca,3,cn_a,INDUSTRY_C27,-0.13858127947463,-0.10919525393055685,-0.13858127947463,0.26911452412605286,1,value_factor,0.4716961085796356,momentum_factor,0.2430996149778366,volatility_factor,0.19571296870708466
2022-10-27,002294.SZ,pca,3,cn_a,INDUSTRY_C27,-0.13917940402521475,-0.10966654675185858,-0.13917940402521475,0.26911452412605286,0,value_factor,0.472040057182312,momentum_factor,0.24270367622375488,volatility_factor,0.1963178515434265
2022-10-27,002603.SZ,pca,3,cn_a,INDUSTRY_C27,-0.1421788716410938,-0.11202998017673438,-0.1421788716410938,0.26911452412605286,0,value_factor,0.4736878573894501,momentum_factor,0.240806445479393,volatility_factor,0.1992158591747284
2022-10-27,603707.SH,pca,3,cn_a,INDUSTRY_C27,-0.14393144795426824,-0.11341092438705823,-0.14393144795426824,0.26911452412605286,1,value_factor,0.4313037395477295,momentum_factor,0.24223804473876953,quality_factor,0.1687583476305008
2022-10-27,603658.SH,pca,3,cn_a,INDUSTRY_C27,-0.14664537380531148,-0.11554936490064593,-0.14664537380531148,0.26911452412605286,0,value_factor,0.4759264886379242,momentum_factor,0.2382289171218872,volatility_factor,0.20315305888652802
2022-10-27,688278.SH,pca,3,cn_a,INDUSTRY_C27,-0.15915776068647708,-0.12540851231179662,-0.15915776068647708,0.26911452412605286,0,value_factor,0.48110783100128174,momentum_factor,0.23226329684257507,volatility_factor,0.21226567029953003
2022-10-28,688520.SH,pca,3,cn_a,INDUSTRY_C27,1.0191901041440163,0.7162103469292548,1.0191901041440163,0.423031747341156,1,quality_factor,0.6037496328353882,volatility_factor,0.14804494380950928,momentum_factor,0.1286715269088745
2022-10-28,688336.SH,pca,3,cn_a,INDUSTRY_C27,0.985780502160448,0.6927325849983573,0.985780502160448,0.423031747341156,0,quality_factor,0.5057632923126221,value_factor,0.25805550813674927,volatility_factor,0.19957341253757477
2022-10-28,688192.SH,pca,3,cn_a,INDUSTRY_C27,0.8979440327265498,0.6310077036533519,0.8979440327265498,0.423031747341156,1,quality_factor,0.4172598719596863,value_factor,0.2791336178779602,momentum_factor,0.18942852318286896
2022-10-28,688235.SH,pca,3,cn_a,INDUSTRY_C27,0.8924588616180877,0.6271531368884427,0.8924588616180877,0.423031747341156,1,quality_factor,0.41923826932907104,value_factor,0.2826729416847229,momentum_factor,0.16132719814777374
2022-10-28,688180.SH,pca,3,cn_a,INDUSTRY_C27,0.8891715211779639,0.6248430406389573,0.8891715211779639,0.423031747341156,1,quality_factor,0.3789616525173187,value_factor,0.30245330929756165,momentum_factor,0.18545447289943695
2022-10-28,688266.SH,pca,3,cn_a,INDUSTRY_C27,0.8694380020325654,0.610975803765488,0.8694380020325654,0.423031747341156,1,quality_factor,0.359266996383667,value_factor,0.31729748845100403,momentum_factor,0.1664457619190216
2022-10-28,600535.SH,pca,3,cn_a,INDUSTRY_C27,0.008073276794475075,0.005673293284851055,0.008073276794475075,0.423031747341156,0,volatility_factor,0.38895729184150696,value_factor,0.2862921357154846,momentum_factor,0.21752819418907166
2022-10-28,603858.SH,pca,3,cn_a,INDUSTRY_C27,-0.006204409292567758,-0.004359993404422946,-0.006204409292567758,0.423031747341156,0,volatility_factor,0.3930123448371887,value_factor,0.37870165705680847,momentum_factor,0.1185661107301712
2022-10-28,600332.SH,pca,3,cn_a,INDUSTRY_C27,-0.02400310135339848,-0.016867578950969075,-0.02400310135339848,0.423031747341156,0,value_factor,0.4619957506656647,volatility_factor,0.3958783745765686,quality_factor,0.11416236311197281
2022-10-28,603087.SH,pca,3,cn_a,INDUSTRY_C27,-0.041128786233885904,-0.028902225539258364,-0.041128786233885904,0.423031747341156,0,volatility_factor,0.36402758955955505,momentum_factor,0.2954069674015045,value_factor,0.18116040527820587
2022-10-28,600380.SH,pca,3,cn_a,INDUSTRY_C27,-0.061376016587707666,-0.0431304601120875,-0.061376016587707666,0.423031747341156,0,volatility_factor,0.34615013003349304,momentum_factor,0.2864540219306946,quality_factor,0.20728617906570435
2022-10-28,002821.SZ,pca,3,cn_a,INDUSTRY_C27,-0.06210776545000081,-0.043644678317697166,-0.06210776545000081,0.423031747341156,1,momentum_factor,0.4609285295009613,volatility_factor,0.3096163868904114,quality_factor,0.19287504255771637
2022-10-28,600329.SH,pca,3,cn_a,INDUSTRY_C27,-0.06878892861402078,-0.048339698577546095,-0.06878892861402078,0.423031747341156,0,momentum_factor,0.46287286281585693,value_factor,0.322654128074646,quality_factor,0.13461542129516602
2022-10-28,688578.SH,pca,3,cn_a,INDUSTRY_C27,-0.08043518575460662,-0.05652381440949068,-0.08043518575460662,0.423031747341156,1,momentum_factor,0.4571889638900757,value_factor,0.37491849064826965,quality_factor,0.13355489075183868
2022-10-28,002773.SZ,pca,3,cn_a,INDUSTRY_C27,-0.0836638598658322,-0.058792684364094974,-0.0836638598658322,0.423031747341156,0,momentum_factor,0.41718730330467224,volatility_factor,0.3035371005535126,quality_factor,0.26474401354789734
2022-10-28,600062.SH,pca,3,cn_a,INDUSTRY_C27,-0.0878175673353915,-0.06171159836818477,-0.0878175673353915,0.423031747341156,1,value_factor,0.44039085507392883,volatility_factor,0.36638808250427246,quality_factor,0.19256483018398285
2022-10-28,688166.SH,pca,3,cn_a,INDUSTRY_C27,-0.08800908870783886,-0.06184618522106644,-0.08800908870783886,0.423031747341156,1,momentum_factor,0.449461966753006,value_factor,0.28044405579566956,quality_factor,0.16402436792850494
2022-10-28,002007.SZ,pca,3,cn_a,INDUSTRY_C27,-0.10459796162424748,-0.07350360063190865,-0.10459796162424748,0.423031747341156,1,momentum_factor,0.41833987832069397,quality_factor,0.2243911623954773,value_factor,0.2189449816942215
2022-10-28,300601.SZ,pca,3,cn_a,INDUSTRY_C27,-0.11579120204451893,-0.08136937029751794,-0.11579120204451893,0.423031747341156,1,momentum_factor,0.40457212924957275,quality_factor,0.24425292015075684,value_factor,0.22840170562267303
2022-10-28,600521.SH,pca,3,cn_a,INDUSTRY_C27,-0.11594179385399592,-0.0814751949240245,-0.11594179385399592,0.423031747341156,1,momentum_factor,0.4105421304702759,value_factor,0.4018940031528473,quality_factor,0.17096887528896332
2022-10-28,600085.SH,pca,3,cn_a,INDUSTRY_C27,-0.13103033764707112,-0.09207829157964963,-0.13103033764707112,0.423031747341156,0,value_factor,0.4420278072357178,momentum_factor,0.33803418278694153,quality_factor,0.1161181777715683
2022-10-28,600566.SH,pca,3,cn_a,INDUSTRY_C27,-0.13264315046705258,-0.09321165543849616,-0.13264315046705258,0.423031747341156,1,value_factor,0.45574623346328735,momentum_factor,0.2614636719226837,volatility_factor,0.16766151785850525
2022-10-28,300142.SZ,pca,3,cn_a,INDUSTRY_C27,-0.13803538216557837,-0.09700091135829106,-0.13803538216557837,0.423031747341156,0,momentum_factor,0.3890683352947235,value_factor,0.29462358355522156,quality_factor,0.25622642040252686
2022-10-28,600161.SH,pca,3,cn_a,INDUSTRY_C27,-0.1413236065019415,-0.09931162874374466,-0.1413236065019415,0.423031747341156,1,quality_factor,0.4304681718349457,momentum_factor,0.3058907985687256,volatility_factor,0.20021910965442657
2022-10-28,600276.SH,pca,3,cn_a,INDUSTRY_C27,-0.1450350629989073,-0.10191976194136557,-0.1450350629989073,0.423031747341156,0,value_factor,0.45781442523002625,momentum_factor,0.2963537275791168,volatility_factor,0.14690983295440674
2022-10-28,002262.SZ,pca,3,cn_a,INDUSTRY_C27,-0.14861594471192255,-0.10443613697636972,-0.14861594471192255,0.423031747341156,1,value_factor,0.4678988754749298,momentum_factor,0.2474716156721115,volatility_factor,0.18903467059135437
2022-10-28,002294.SZ,pca,3,cn_a,INDUSTRY_C27,-0.15468755932750472,-0.10870281224388426,-0.15468755932750472,0.423031747341156,0,value_factor,0.47133100032806396,momentum_factor,0.24351997673511505,volatility_factor,0.19507086277008057
2022-10-28,002603.SZ,pca,3,cn_a,INDUSTRY_C27,-0.15753462560085071,-0.11070351683773064,-0.15753462560085071,0.423031747341156,0,value_factor,0.47277840971946716,momentum_factor,0.2418535053730011,volatility_factor,0.19761645793914795
2022-10-28,300558.SZ,pca,3,cn_a,INDUSTRY_C27,-0.16164195861710653,-0.11358984235498751,-0.16164195861710653,0.423031747341156,1,value_factor,0.47275498509407043,momentum_factor,0.2246735543012619,volatility_factor,0.2090611755847931
2022-10-28,603658.SH,pca,3,cn_a,INDUSTRY_C27,-0.16408981202452375,-0.11531001009506842,-0.16408981202452375,0.423031747341156,0,value_factor,0.47578170895576477,momentum_factor,0.23839563131332397,volatility_factor,0.20289841294288635
2022-10-28,603707.SH,pca,3,cn_a,INDUSTRY_C27,-0.17309664822288148,-0.12163933889460436,-0.17309664822288148,0.423031747341156,1,value_factor,0.4274348318576813,quality_factor,0.19389167428016663,volatility_factor,0.18969020247459412
2022-10-28,688278.SH,pca,3,cn_a,INDUSTRY_C27,-0.1790085195399478,-0.12579375855564817,-0.1790085195399478,0.423031747341156,0,value_factor,0.4812835156917572,momentum_factor,0.23206102848052979,volatility_factor,0.21257458627223969
2022-10-31,688520.SH,pca,3,cn_a,INDUSTRY_C27,0.7988755611896411,0.7187948665154928,0.7988755611896411,0.11140967905521393,1,quality_factor,0.5750477313995361,volatility_factor,0.1621922254562378,value_factor,0.14323626458644867
2022-10-31,688192.SH,pca,3,cn_a,INDUSTRY_C27,0.7261283694783945,0.6533399815549433,0.7261283694783945,0.11140967905521393,1,quality_factor,0.4127005636692047,value_factor,0.27304643392562866,momentum_factor,0.24171210825443268
2022-10-31,688180.SH,pca,3,cn_a,INDUSTRY_C27,0.7226304267094029,0.6501926787360012,0.7226304267094029,0.11140967905521393,1,quality_factor,0.3991274833679199,value_factor,0.28136199712753296,momentum_factor,0.24001435935497284
2022-10-31,688578.SH,pca,3,cn_a,INDUSTRY_C27,0.7137739286557097,0.6422239716612481,0.7137739286557097,0.11140967905521393,1,quality_factor,0.6805410981178284,momentum_factor,0.14841583371162415,value_factor,0.1302882730960846
2022-10-31,688235.SH,pca,3,cn_a,INDUSTRY_C27,0.6954950086316974,0.6257773628062449,0.6954950086316974,0.11140967905521393,1,quality_factor,0.4134068489074707,value_factor,0.2860397398471832,momentum_factor,0.16182489693164825
2022-10-31,688266.SH,pca,3,cn_a,INDUSTRY_C27,0.688757849934694,0.6197155487746642,0.688757849934694,0.11140967905521393,1,quality_factor,0.36650916934013367,value_factor,0.31038859486579895,momentum_factor,0.18207450211048126
2022-10-31,600535.SH,pca,3,cn_a,INDUSTRY_C27,0.017611537909657988,0.015846126300388952,0.017611537909657988,0.11140967905521393,0,volatility_factor,0.38962796330451965,momentum_factor,0.25710317492485046,value_factor,0.25302422046661377
2022-10-31,603858.SH,pca,3,cn_a,INDUSTRY_C27,0.013866208214220516,0.012476235056651908,0.013866208214220516,0.11140967905521393,0,volatility_factor,0.3939366936683655,value_factor,0.325655072927475,momentum_factor,0.18144646286964417
2022-10-31,600332.SH,pca,3,cn_a,INDUSTRY_C27,-0.004992619711964642,-0.004492150710030729,-0.004992619711964642,0.11140967905521393,0,value_factor,0.42756450176239014,volatility_factor,0.3971518278121948,quality_factor,0.10532061010599136
2022-10-31,688336.SH,pca,3,cn_a,INDUSTRY_C27,-0.02044487826640361,-0.018395447624585115,-0.02044487826640361,0.11140967905521393,0,volatility_factor,0.37686190009117126,value_factor,0.2613239288330078,momentum_factor,0.2256445586681366
2022-10-31,603087.SH,pca,3,cn_a,INDUSTRY_C27,-0.024836498363129535,-0.02234684398037315,-0.024836498363129535,0.11140967905521393,0,volatility_factor,0.3691609799861908,momentum_factor,0.2863369882106781,value_factor,0.19696564972400665
2022-10-31,600380.SH,pca,3,cn_a,INDUSTRY_C27,-0.03433619890799913,-0.03089427779461866,-0.03433619890799913,0.11140967905521393,0,momentum_factor,0.45409873127937317,volatility_factor,0.34158995747566223,quality_factor,0.1969153732061386
2022-10-31,600062.SH,pca,3,cn_a,INDUSTRY_C27,-0.03690962758342675,-0.03320974144265737,-0.03690962758342675,0.11140967905521393,1,volatility_factor,0.3728506565093994,value_factor,0.2971552312374115,momentum_factor,0.17733466625213623
2022-10-31,688166.SH,pca,3,cn_a,INDUSTRY_C27,-0.04132576088953341,-0.03718319376050093,-0.04132576088953341,0.11140967905521393,1,momentum_factor,0.4760521650314331,value_factor,0.2544403374195099,volatility_factor,0.14210212230682373
2022-10-31,002773.SZ,pca,3,cn_a,INDUSTRY_C27,-0.0421318779646058,-0.037908504238780755,-0.0421318779646058,0.11140967905521393,0,momentum_factor,0.42828890681266785,volatility_factor,0.3427591621875763,quality_factor,0.1959362030029297
2022-10-31,002821.SZ,pca,3,cn_a,INDUSTRY_C27,-0.060033698127793945,-0.05401581438783734,-0.060033698127793945,0.11140967905521393,1,momentum_factor,0.34986206889152527,volatility_factor,0.3414843678474426,quality_factor,0.20860514044761658
2022-10-31,600329.SH,pca,3,cn_a,INDUSTRY_C27,-0.07191325665582218,-0.06470454502531145,-0.07191325665582218,0.11140967905521393,0,momentum_factor,0.43412742018699646,value_factor,0.4151555597782135,quality_factor,0.13756944239139557
2022-10-31,300601.SZ,pca,3,cn_a,INDUSTRY_C27,-0.0759367415172513,-0.06832470867081257,-0.0759367415172513,0.11140967905521393,1,momentum_factor,0.43181830644607544,value_factor,0.2091124951839447,quality_factor,0.20528718829154968
2022-10-31,600521.SH,pca,3,cn_a,INDUSTRY_C27,-0.08957139960073482,-0.08059260459005628,-0.08957139960073482,0.11140967905521393,1,momentum_factor,0.42000463604927063,value_factor,0.34756308794021606,quality_factor,0.19720232486724854
2022-10-31,600161.SH,pca,3,cn_a,INDUSTRY_C27,-0.09298437408068055,-0.08366345649104592,-0.09298437408068055,0.11140967905521393,1,momentum_factor,0.38266900181770325,quality_factor,0.30603206157684326,volatility_factor,0.22576679289340973
2022-10-31,300142.SZ,pca,3,cn_a,INDUSTRY_C27,-0.09547349596092569,-0.08590306440568443,-0.09547349596092569,0.11140967905521393,0,momentum_factor,0.42009854316711426,value_factor,0.329384446144104,quality_factor,0.20086394250392914
2022-10-31,600566.SH,pca,3,cn_a,INDUSTRY_C27,-0.10651144280944227,-0.09583454800216556,-0.10651144280944227,0.11140967905521393,1,value_factor,0.4591013193130493,momentum_factor,0.2576007544994354,volatility_factor,0.1735622137784958
2022-10-31,600276.SH,pca,3,cn_a,INDUSTRY_C27,-0.11438916892653153,-0.1029225969648182,-0.11438916892653153,0.11140967905521393,0,value_factor,0.46485450863838196,momentum_factor,0.2877045273780823,volatility_factor,0.1594364047050476
2022-10-31,002262.SZ,pca,3,cn_a,INDUSTRY_C27,-0.11588371344934792,-0.10426732570978009,-0.11588371344934792,0.11140967905521393,1,value_factor,0.46775224804878235,momentum_factor,0.24764035642147064,volatility_factor,0.1887768805027008
2022-10-31,002007.SZ,pca,3,cn_a,INDUSTRY_C27,-0.11710023458520837,-0.10536190062225073,-0.11710023458520837,0.11140967905521393,1,quality_factor,0.6062908172607422,momentum_factor,0.1927575021982193,volatility_factor,0.1347190886735916
2022-10-31,002294.SZ,pca,3,cn_a,INDUSTRY_C27,-0.12129283486826305,-0.10913422726136257,-0.12129283486826305,0.11140967905521393,0,value_factor,0.47165119647979736,momentum_factor,0.24315136671066284,volatility_factor,0.19563397765159607
2022-10-31,002603.SZ,pca,3,cn_a,INDUSTRY_C27,-0.12520263965953543,-0.11265210632735786,-0.12520263965953543,0.11140967905521393,0,value_factor,0.4741014242172241,momentum_factor,0.24033024907112122,volatility_factor,0.19994324445724487
2022-10-31,603707.SH,pca,3,cn_a,INDUSTRY_C27,-0.12680891532162517,-0.11409736608520991,-0.12680891532162517,0.11140967905521393,1,value_factor,0.4217498302459717,momentum_factor,0.2314724177122116,quality_factor,0.19105814397335052
2022-10-31,603658.SH,pca,3,cn_a,INDUSTRY_C27,-0.1282650326728852,-0.11540751966603949,-0.1282650326728852,0.11140967905521393,0,value_factor,0.47584083676338196,momentum_factor,0.23832757771015167,volatility_factor,0.20300236344337463
2022-10-31,600085.SH,pca,3,cn_a,INDUSTRY_C27,-0.13447689714364486,-0.12099669589071071,-0.13447689714364486,0.11140967905521393,0,value_factor,0.45852842926979065,momentum_factor,0.22239083051681519,volatility_factor,0.19717265665531158
2022-10-31,688278.SH,pca,3,cn_a,INDUSTRY_C27,-0.13996794343655466,-0.12593731002248482,-0.13996794343655466,0.11140967905521393,0,value_factor,0.48134854435920715,momentum_factor,0.23198622465133667,volatility_factor,0.21268892288208008
2022-10-31,300558.SZ,pca,3,cn_a,INDUSTRY_C27,-0.1486218657582602,-0.1337237479137663,-0.1486218657582602,0.11140967905521393,1,value_factor,0.47990602254867554,volatility_factor,0.2759554088115692,momentum_factor,0.13506780564785004
2022-11-01,688520.SH,pca,3,cn_a,INDUSTRY_C27,1.2060039376907532,0.72807733554535,1.2060039376907532,0.6564227938652039,1,quality_factor,0.5481188893318176,volatility_factor,0.17385558784008026,momentum_factor,0.1415456384420395
2022-11-01,688192.SH,pca,3,cn_a,INDUSTRY_C27,1.1441857829127235,0.6907570615292472,1.1441857829127235,0.6564227938652039,1,quality_factor,0.44671788811683655,momentum_factor,0.3182288110256195,value_factor,0.19156067073345184
2022-11-01,688578.SH,pca,3,cn_a,INDUSTRY_C27,1.0939074143829812,0.6604034785510723,1.0939074143829812,0.6564227938652039,1,quality_factor,0.6780251860618591,momentum_factor,0.20377372205257416,value_factor,0.08115684241056442
2022-11-01,688266.SH,pca,3,cn_a,INDUSTRY_C27,1.079217635806647,0.6515351038208141,1.079217635806647,0.6564227938652039,1,quality_factor,0.4217415153980255,value_factor,0.2662716507911682,momentum_factor,0.2502566874027252
2022-11-01,688235.SH,pca,3,cn_a,INDUSTRY_C27,1.0371203503315805,0.6261205272307352,1.0371203503315805,0.6564227938652039,1,quality_factor,0.4148467779159546,value_factor,0.2852083146572113,momentum_factor,0.1617019772529602
2022-11-01,688180.SH,pca,3,cn_a,INDUSTRY_C27,1.0139972978440446,0.6121608958243596,1.0139972978440446,0.6564227938652039,1,quality_factor,0.36309656500816345,value_factor,0.3150864839553833,momentum_factor,0.16611890494823456
2022-11-01,603858.SH,pca,3,cn_a,INDUSTRY_C27,0.049547246859268944,0.02991219709114623,0.049547246859268944,0.6564227938652039,0,volatility_factor,0.39756065607070923,value_factor,0.3231320083141327,momentum_factor,0.19110515713691711
2022-11-01,600535.SH,pca,3,cn_a,INDUSTRY_C27,0.049123988620950666,0.029656671615008512,0.049123988620950666,0.6564227938652039,0,volatility_factor,0.39699533581733704,value_factor,0.31097039580345154,momentum_factor,0.20392821729183197
2022-11-01,600332.SH,pca,3,cn_a,INDUSTRY_C27,0.014114206974978815,0.00852089606552614,0.014114206974978815,0.6564227938652039,0,value_factor,0.4072395861148834,volatility_factor,0.39903613924980164,momentum_factor,0.09691831469535828
2022-11-01,688336.SH,pca,3,cn_a,INDUSTRY_C27,0.009680646797593765,0.00584430888363735,0.009680646797593765,0.6564227938652039,0,volatility_factor,0.3864530026912689,value_factor,0.269085168838501,momentum_factor,0.23406438529491425
2022-11-01,600380.SH,pca,3,cn_a,INDUSTRY_C27,-0.005355346168424154,-0.0032330791362880917,-0.005355346168424154,0.6564227938652039,0,momentum_factor,0.4170657992362976,volatility_factor,0.36748006939888,quality_factor,0.13507932424545288
2022-11-01,688166.SH,pca,3,cn_a,INDUSTRY_C27,-0.005563993296808987,-0.0033590416149799074,-0.005563993296808987,0.6564227938652039,1,momentum_factor,0.49808475375175476,volatility_factor,0.2861936688423157,quality_factor,0.12431308627128601
2022-11-01,600062.SH,pca,3,cn_a,INDUSTRY_C27,-0.0069829644363687896,-0.0042156895032817165,-0.0069829644363687896,0.6564227938652039,1,volatility_factor,0.377603143453598,momentum_factor,0.2934720814228058,value_factor,0.20394645631313324
2022-11-01,600329.SH,pca,3,cn_a,INDUSTRY_C27,-0.03606885435815223,-0.021775148949796097,-0.03606885435815223,0.6564227938652039,0,momentum_factor,0.48565423488616943,volatility_factor,0.19594518840312958,value_factor,0.19476164877414703
2022-11-01,603087.SH,pca,3,cn_a,INDUSTRY_C27,-0.06566214340254334,-0.03964093061442331,-0.06566214340254334,0.6564227938652039,0,volatility_factor,0.36274293065071106,value_factor,0.2348065972328186,momentum_factor,0.23133660852909088
2022-11-01,300142.SZ,pca,3,cn_a,INDUSTRY_C27,-0.07334912271487445,-0.044281641346123585,-0.07334912271487445,0.6564227938652039,0,momentum_factor,0.4685542583465576,volatility_factor,0.24446427822113037,quality_factor,0.1648494452238083
2022-11-01,603707.SH,pca,3,cn_a,INDUSTRY_C27,-0.08022518866688695,-0.04843279510351628,-0.08022518866688695,0.6564227938652039,1,momentum_factor,0.4562127888202667,volatility_factor,0.33640944957733154,quality_factor,0.2071959376335144
2022-11-01,002773.SZ,pca,3,cn_a,INDUSTRY_C27,-0.08272968873991278,-0.04994478829280333,-0.08272968873991278,0.6564227938652039,0,volatility_factor,0.3417806923389435,momentum_factor,0.3266215920448303,quality_factor,0.21180054545402527
2022-11-01,600521.SH,pca,3,cn_a,INDUSTRY_C27,-0.0848482651855603,-0.051223795305541386,-0.0848482651855603,0.6564227938652039,1,momentum_factor,0.4576021432876587,volatility_factor,0.2206319123506546,quality_factor,0.17750820517539978
2022-11-01,600276.SH,pca,3,cn_a,INDUSTRY_C27,-0.10018979863392143,-0.06048564134698178,-0.10018979863392143,0.6564227938652039,0,momentum_factor,0.46295711398124695,value_factor,0.42120012640953064,quality_factor,0.11568895727396011
2022-11-01,300601.SZ,pca,3,cn_a,INDUSTRY_C27,-0.1017931975736585,-0.06145363024931931,-0.1017931975736585,0.6564227938652039,1,momentum_factor,0.444657564163208,value_factor,0.18962462246418,quality_factor,0.18901516497135162
2022-11-01,002821.SZ,pca,3,cn_a,INDUSTRY_C27,-0.12151329103625935,-0.07335885929230886,-0.12151329103625935,0.6564227938652039,1,momentum_factor,0.4053284227848053,quality_factor,0.2792210280895233,volatility_factor,0.27544066309928894
2022-11-01,600161.SH,pca,3,cn_a,INDUSTRY_C27,-0.14629307067311673,-0.08831867440530919,-0.14629307067311673,0.6564227938652039,1,quality_factor,0.315060019493103,volatility_factor,0.3054431974887848,momentum_factor,0.2339569479227066
2022-11-01,002007.SZ,pca,3,cn_a,INDUSTRY_C27,-0.15399929910361596,-0.0929710060332847,-0.15399929910361596,0.6564227938652039,1,quality_factor,0.3200380802154541,volatility_factor,0.3116318881511688,value_factor,0.28838101029396057
2022-11-01,600566.SH,pca,3,cn_a,INDUSTRY_C27,-0.15802883695762188,-0.09540368066438201,-0.15802883695762188,0.6564227938652039,1,value_factor,0.45857590436935425,momentum_factor,0.25820574164390564,volatility_factor,0.17263813316822052
2022-11-01,002262.SZ,pca,3,cn_a,INDUSTRY_C27,-0.17334193531054296,-0.1046483601378893,-0.17334193531054296,0.6564227938652039,1,value_factor,0.46808192133903503,momentum_factor,0.2472608983516693,volatility_factor,0.18935658037662506
2022-11-01,002294.SZ,pca,3,cn_a,INDUSTRY_C27,-0.1815459165114709,-0.10960119037911809,-0.1815459165114709,0.6564227938652039,0,value_factor,0.4719926714897156,momentum_factor,0.24275819957256317,volatility_factor,0.19623450934886932
2022-11-01,688278.SH,pca,3,cn_a,INDUSTRY_C27,-0.1858892828525124,-0.11222332658784226,-0.1858892828525124,0.6564227938652039,0,value_factor,0.4714212715625763,momentum_factor,0.2728322446346283,volatility_factor,0.17581190168857574
2022-11-01,603658.SH,pca,3,cn_a,INDUSTRY_C27,-0.1874725778709072,-0.1131791785401853,-0.1874725778709072,0.6564227938652039,0,value_factor,0.4744455814361572,momentum_factor,0.23993398249149323,volatility_factor,0.20054854452610016
2022-11-01,002603.SZ,pca,3,cn_a,INDUSTRY_C27,-0.18953608445981018,-0.11442493929782058,-0.18953608445981018,0.6564227938652039,0,value_factor,0.4752372205257416,momentum_factor,0.23902253806591034,volatility_factor,0.20194077491760254
2022-11-01,600085.SH,pca,3,cn_a,INDUSTRY_C27,-0.19600843879315322,-0.11833236808014198,-0.19600843879315322,0.6564227938652039,0,value_factor,0.418579638004303,momentum_factor,0.2369971126317978,quality_factor,0.19521985948085785
2022-11-01,300558.SZ,pca,3,cn_a,INDUSTRY_C27,-0.21703079279270623,-0.1310237855859532,-0.21703079279270623,0.6564227938652039,1,value_factor,0.4343014061450958,volatility_factor,0.2548862397670746,quality_factor,0.20944303274154663
2022-11-02,688520.SH,pca,3,cn_a,INDUSTRY_C27,1.170074488229639,0.6870110198812858,1.170074488229639,0.7031379342079163,1,quality_factor,0.8009998798370361,momentum_factor,0.083023801445961,value_factor,0.05944829061627388
2022-11-02,688578.SH,pca,3,cn_a,INDUSTRY_C27,1.1176102143690205,0.6562065414870516,1.1176102143690205,0.7031379342079163,1,quality_factor,0.6747636795043945,momentum_factor,0.202029749751091,value_factor,0.11025766283273697
2022-11-02,688192.SH,pca,3,cn_a,INDUSTRY_C27,1.1092840365671557,0.6513178134950184,1.1092840365671557,0.7031379342079163,1,quality_factor,0.4087234139442444,value_factor,0.27611857652664185,momentum_factor,0.23742741346359253
2022-11-02,688266.SH,pca,3,cn_a,INDUSTRY_C27,1.087734793173049,0.6386651423781093,1.087734793173049,0.7031379342079163,1,quality_factor,0.3819361925125122,value_factor,0.29496264457702637,momentum_factor,0.2195899933576584
2022-11-02,688235.SH,pca,3,cn_a,INDUSTRY_C27,1.065431788452512,0.6255698991490595,1.065431788452512,0.7031379342079163,1,quality_factor,0.4125409722328186,value_factor,0.2865396738052368,momentum_factor,0.16189880669116974
2022-11-02,688180.SH,pca,3,cn_a,INDUSTRY_C27,1.044544386022406,0.6133058289633315,1.044544386022406,0.7031379342079163,1,quality_factor,0.3668708801269531,value_factor,0.3129073679447174,momentum_factor,0.16579675674438477
2022-11-02,603858.SH,pca,3,cn_a,INDUSTRY_C27,0.017324844175674092,0.01017230867448693,0.017324844175674092,0.7031379342079163,0,volatility_factor,0.39144131541252136,value_factor,0.30337291955947876,momentum_factor,0.2026657909154892
2022-11-02,600062.SH,pca,3,cn_a,INDUSTRY_C27,0.01486957764350381,0.008730695186358606,0.01486957764350381,0.7031379342079163,1,momentum_factor,0.41180598735809326,volatility_factor,0.3728365898132324,quality_factor,0.12159566581249237
2022-11-02,600535.SH,pca,3,cn_a,INDUSTRY_C27,0.013103996495417042,0.007694031523119926,0.013103996495417042,0.7031379342079163,0,volatility_factor,0.3946228623390198,value_factor,0.35032591223716736,momentum_factor,0.15416468679904938
2022-11-02,600332.SH,pca,3,cn_a,INDUSTRY_C27,-0.002474071157587291,-0.0014526546526150153,-0.002474071157587291,0.7031379342079163,0,volatility_factor,0.3945528566837311,value_factor,0.3863695561885834,momentum_factor,0.11281294375658035
2022-11-02,688336.SH,pca,3,cn_a,INDUSTRY_C27,-0.003980901535188906,-0.002337392406422889,-0.003980901535188906,0.7031379342079163,0,volatility_factor,0.3767402768135071,momentum_factor,0.3134145438671112,value_factor,0.1850591003894806
2022-11-02,300601.SZ,pca,3,cn_a,INDUSTRY_C27,-0.06644519691243922,-0.03901339868207496,-0.06644519691243922,0.7031379342079163,1,momentum_factor,0.47273752093315125,value_factor,0.19814060628414154,volatility_factor,0.1857009381055832
2022-11-02,600380.SH,pca,3,cn_a,INDUSTRY_C27,-0.06921934832514423,-0.04064224591404156,-0.06921934832514423,0.7031379342079163,0,momentum_factor,0.4525652825832367,volatility_factor,0.20822764933109283,quality_factor,0.18144041299819946
2022-11-02,600329.SH,pca,3,cn_a,INDUSTRY_C27,-0.08007940100865131,-0.04701874240645666,-0.08007940100865131,0.7031379342079163,0,momentum_factor,0.4644415080547333,value_factor,0.3165634870529175,quality_factor,0.13334941864013672
2022-11-02,300142.SZ,pca,3,cn_a,INDUSTRY_C27,-0.08325713764317796,-0.048884555316798334,-0.08325713764317796,0.7031379342079163,0,momentum_factor,0.47028064727783203,value_factor,0.315089613199234,quality_factor,0.12496232241392136
2022-11-02,600521.SH,pca,3,cn_a,INDUSTRY_C27,-0.09719945838300265,-0.057070810198290176,-0.09719945838300265,0.7031379342079163,1,momentum_factor,0.45598217844963074,value_factor,0.27275121212005615,quality_factor,0.15531624853610992
2022-11-02,688166.SH,pca,3,cn_a,INDUSTRY_C27,-0.10081184813089461,-0.059191830346898774,-0.10081184813089461,0.7031379342079163,1,momentum_factor,0.4597577452659607,value_factor,0.3999267816543579,quality_factor,0.1249222382903099
2022-11-02,002821.SZ,pca,3,cn_a,INDUSTRY_C27,-0.10083834937226901,-0.059207390591180575,-0.10083834937226901,0.7031379342079163,1,momentum_factor,0.44091665744781494,volatility_factor,0.2380521297454834,quality_factor,0.20983506739139557
2022-11-02,603087.SH,pca,3,cn_a,INDUSTRY_C27,-0.11806653401749194,-0.06932294547497767,-0.11806653401749194,0.7031379342079163,0,volatility_factor,0.3108785152435303,quality_factor,0.30237600207328796,momentum_factor,0.2418271154165268
2022-11-02,603707.SH,pca,3,cn_a,INDUSTRY_C27,-0.1186997991913887,-0.06969476808742722,-0.1186997991913887,0.7031379342079163,1,momentum_factor,0.41964536905288696,volatility_factor,0.31373658776283264,quality_factor,0.2643132507801056
2022-11-02,600161.SH,pca,3,cn_a,INDUSTRY_C27,-0.12343487199837373,-0.07247497330603761,-0.12343487199837373,0.7031379342079163,1,momentum_factor,0.37598732113838196,volatility_factor,0.3149675726890564,quality_factor,0.27225789427757263
2022-11-02,002773.SZ,pca,3,cn_a,INDUSTRY_C27,-0.14146477543272243,-0.08306125859932226,-0.14146477543272243,0.7031379342079163,0,quality_factor,0.41648608446121216,momentum_factor,0.3108849823474884,volatility_factor,0.1855289191007614
2022-11-02,600276.SH,pca,3,cn_a,INDUSTRY_C27,-0.14913410857805695,-0.08756431924972381,-0.14913410857805695,0.7031379342079163,0,value_factor,0.4507824778556824,momentum_factor,0.3451008200645447,volatility_factor,0.10749510675668716
2022-11-02,600566.SH,pca,3,cn_a,INDUSTRY_C27,-0.1596832433853151,-0.09375825983701505,-0.1596832433853151,0.7031379342079163,1,value_factor,0.45647746324539185,momentum_factor,0.2606218159198761,volatility_factor,0.16894756257534027
2022-11-02,002262.SZ,pca,3,cn_a,INDUSTRY_C27,-0.17773884779586047,-0.10435963549766217,-0.17773884779586047,0.7031379342079163,1,value_factor,0.4678325355052948,momentum_factor,0.2475479692220688,volatility_factor,0.18891803920269012
2022-11-02,002007.SZ,pca,3,cn_a,INDUSTRY_C27,-0.18375895334727815,-0.10789434965157059,-0.18375895334727815,0.7031379342079163,1,quality_factor,0.5993671417236328,momentum_factor,0.1878615766763687,value_factor,0.14242489635944366
2022-11-02,002294.SZ,pca,3,cn_a,INDUSTRY_C27,-0.18587063586438746,-0.10913422726136257,-0.18587063586438746,0.7031379342079163,0,value_factor,0.47165119647979736,momentum_factor,0.24315136671066284,volatility_factor,0.19563397765159607
2022-11-02,600085.SH,pca,3,cn_a,INDUSTRY_C27,-0.18699008037627,-0.1097915108134316,-0.18699008037627,0.7031379342079163,0,value_factor,0.44142648577690125,momentum_factor,0.27447545528411865,volatility_factor,0.14589481055736542
2022-11-02,603658.SH,pca,3,cn_a,INDUSTRY_C27,-0.19308567353359585,-0.1133705476302517,-0.19308567353359585,0.7031379342079163,0,value_factor,0.474569171667099,momentum_factor,0.23979169130325317,volatility_factor,0.20076589286327362
2022-11-02,002603.SZ,pca,3,cn_a,INDUSTRY_C27,-0.19389044609628822,-0.11384307106754527,-0.19389044609628822,0.7031379342079163,0,value_factor,0.4748712182044983,momentum_factor,0.23944394290447235,volatility_factor,0.2012971043586731
2022-11-02,688278.SH,pca,3,cn_a,INDUSTRY_C27,-0.21616812678147385,-0.12692344525062482,-0.21616812678147385,0.7031379342079163,0,value_factor,0.481788694858551,momentum_factor,0.2314794808626175,volatility_factor,0.21346299350261688
2022-11-02,300558.SZ,pca,3,cn_a,INDUSTRY_C27,-0.246902375596648,-0.14496910630571314,-0.246902375596648,0.7031379342079163,1,value_factor,0.4852197766304016,volatility_factor,0.3116161823272705,quality_factor,0.11363692581653595
2022-11-03,688520.SH,pca,3,cn_a,INDUSTRY_C27,0.7876270937181634,0.7019978483900803,0.7876270937181634,0.12197937816381454,1,quality_factor,0.6864491105079651,volatility_factor,0.10967541486024857,momentum_factor,0.10953317582607269
2022-11-03,688192.SH,pca,3,cn_a,INDUSTRY_C27,0.7407294719368869,0.6601988424294647,0.7407294719368869,0.12197937816381454,1,quality_factor,0.41439518332481384,value_factor,0.26898297667503357,momentum_factor,0.25994157791137695
2022-11-03,688578.SH,pca,3,cn_a,INDUSTRY_C27,0.724865900836852,0.6460599271117643,0.724865900836852,0.12197937816381454,1,quality_factor,0.6046964526176453,momentum_factor,0.17576277256011963,value_factor,0.17055436968803406
2022-11-03,688235.SH,pca,3,cn_a,INDUSTRY_C27,0.7005792334058146,0.6244136576815581,0.7005792334058146,0.12197937816381454,1,quality_factor,0.40777790546417236,value_factor,0.28928956389427185,momentum_factor,0.1623053252696991
2022-11-03,688180.SH,pca,3,cn_a,INDUSTRY_C27,0.6886530921815649,0.6137841027236437,0.6886530921815649,0.12197937816381454,1,quality_factor,0.3684696853160858,value_factor,0.31198424100875854,momentum_factor,0.16566027700901031
2022-11-03,688266.SH,pca,3,cn_a,INDUSTRY_C27,0.684527112074339,0.6101066909371857,0.684527112074339,0.12197937816381454,1,quality_factor,0.35650697350502014,value_factor,0.3188909590244293,momentum_factor,0.16668130457401276
2022-11-03,603858.SH,pca,3,cn_a,INDUSTRY_C27,-0.000832602479971882,-0.0007420836004324305,-0.000832602479971882,0.12197937816381454,0,volatility_factor,0.3879576325416565,value_factor,0.30429255962371826,momentum_factor,0.19521065056324005
2022-11-03,688336.SH,pca,3,cn_a,INDUSTRY_C27,-0.012648589253660456,-0.011273459879754727,-0.012648589253660456,0.12197937816381454,0,volatility_factor,0.369828999042511,momentum_factor,0.34266752004623413,value_factor,0.14885073900222778
2022-11-03,600062.SH,pca,3,cn_a,INDUSTRY_C27,-0.017342412277389602,-0.015456979834390455,-0.017342412277389602,0.12197937816381454,1,momentum_factor,0.42475858330726624,volatility_factor,0.35987618565559387,quality_factor,0.1531122326850891
2022-11-03,600332.SH,pca,3,cn_a,INDUSTRY_C27,-0.028159583504100166,-0.025098129799116187,-0.028159583504100166,0.12197937816381454,0,value_factor,0.424225389957428,volatility_factor,0.3882600963115692,quality_factor,0.1299029141664505
2022-11-03,300601.SZ,pca,3,cn_a,INDUSTRY_C27,-0.031800973193284496,-0.02834363487041827,-0.031800973193284496,0.12197937816381454,1,momentum_factor,0.4810865521430969,volatility_factor,0.23363561928272247,value_factor,0.1446221023797989
2022-11-03,600380.SH,pca,3,cn_a,INDUSTRY_C27,-0.04165760338400914,-0.03712867190310998,-0.04165760338400914,0.12197937816381454,0,momentum_factor,0.391095906496048,volatility_factor,0.3422352969646454,quality_factor,0.20334069430828094
2022-11-03,600535.SH,pca,3,cn_a,INDUSTRY_C27,-0.0472057403426334,-0.042073626487063615,-0.0472057403426334,0.12197937816381454,0,value_factor,0.4199873208999634,volatility_factor,0.37178704142570496,quality_factor,0.17648129165172577
2022-11-03,688166.SH,pca,3,cn_a,INDUSTRY_C27,-0.05210456752304486,-0.046439862955706804,-0.05210456752304486,0.12197937816381454,1,momentum_factor,0.47068601846694946,value_factor,0.3420892357826233,quality_factor,0.11895642429590225
2022-11-03,002821.SZ,pca,3,cn_a,INDUSTRY_C27,-0.06418756422461601,-0.057209220376570974,-0.06418756422461601,0.12197937816381454,1,momentum_factor,0.44500139355659485,volatility_factor,0.23284846544265747,quality_factor,0.20166654884815216
2022-11-03,300142.SZ,pca,3,cn_a,INDUSTRY_C27,-0.06785973444970948,-0.06048215958536382,-0.06785973444970948,0.12197937816381454,0,momentum_factor,0.45814552903175354,value_factor,0.30281132459640503,quality_factor,0.14635448157787323
2022-11-03,600276.SH,pca,3,cn_a,INDUSTRY_C27,-0.06797144585255335,-0.06058172594749445,-0.06797144585255335,0.12197937816381454,0,momentum_factor,0.46291273832321167,value_factor,0.42121854424476624,quality_factor,0.11566247791051865
2022-11-03,603707.SH,pca,3,cn_a,INDUSTRY_C27,-0.07555459627801836,-0.0673404513965705,-0.07555459627801836,0.12197937816381454,1,momentum_factor,0.4270029067993164,volatility_factor,0.2918042242527008,quality_factor,0.2465793490409851
2022-11-03,600161.SH,pca,3,cn_a,INDUSTRY_C27,-0.07566433513745574,-0.06743825966627609,-0.07566433513745574,0.12197937816381454,1,momentum_factor,0.3499390184879303,volatility_factor,0.32726189494132996,quality_factor,0.24446986615657806
2022-11-03,603087.SH,pca,3,cn_a,INDUSTRY_C27,-0.08008855737689123,-0.07138148929569588,-0.08008855737689123,0.12197937816381454,0,volatility_factor,0.3127416670322418,quality_factor,0.3035431206226349,momentum_factor,0.19703252613544464
2022-11-03,600329.SH,pca,3,cn_a,INDUSTRY_C27,-0.08741692493236491,-0.07791313135979563,-0.08741692493236491,0.12197937816381454,0,value_factor,0.4356018006801605,momentum_factor,0.3559795618057251,quality_factor,0.12326569110155106
2022-11-03,600521.SH,pca,3,cn_a,INDUSTRY_C27,-0.08978081729877192,-0.08002002606704813,-0.08978081729877192,0.12197937816381454,1,momentum_factor,0.4181109070777893,value_factor,0.2997380793094635,quality_factor,0.20940402150154114
2022-11-03,002773.SZ,pca,3,cn_a,INDUSTRY_C27,-0.09037128987978654,-0.080546303647786,-0.09037128987978654,0.12197937816381454,0,quality_factor,0.33793213963508606,volatility_factor,0.3014160394668579,value_factor,0.20908613502979279
2022-11-03,688278.SH,pca,3,cn_a,INDUSTRY_C27,-0.10461367368234062,-0.09324028391469175,-0.10461367368234062,0.12197937816381454,0,value_factor,0.4562302231788635,momentum_factor,0.33534571528434753,volatility_factor,0.11937517672777176
2022-11-03,600566.SH,pca,3,cn_a,INDUSTRY_C27,-0.10631738377725827,-0.09475877004912203,-0.10631738377725827,0.12197937816381454,1,value_factor,0.4577711820602417,momentum_factor,0.2591322362422943,volatility_factor,0.17122288048267365
2022-11-03,300558.SZ,pca,3,cn_a,INDUSTRY_C27,-0.10796146980772145,-0.09622411432836077,-0.10796146980772145,0.12197937816381454,1,momentum_factor,0.3663382828235626,value_factor,0.3260805010795593,quality_factor,0.28530851006507874
2022-11-03,002262.SZ,pca,3,cn_a,INDUSTRY_C27,-0.11719230564158442,-0.10445139211742652,-0.11719230564158442,0.12197937816381454,1,value_factor,0.46791204810142517,momentum_factor,0.2474563866853714,volatility_factor,0.18905788660049438
2022-11-03,002294.SZ,pca,3,cn_a,INDUSTRY_C27,-0.12259796295324442,-0.10926935715720879,-0.12259796295324442,0.12197937816381454,0,value_factor,0.47175052762031555,momentum_factor,0.24303695559501648,volatility_factor,0.19580870866775513
2022-11-03,002603.SZ,pca,3,cn_a,INDUSTRY_C27,-0.12763118383558875,-0.1137553763127942,-0.12763118383558875,0.12197937816381454,0,value_factor,0.4748154878616333,momentum_factor,0.23950810730457306,volatility_factor,0.20119909942150116
2022-11-03,603658.SH,pca,3,cn_a,INDUSTRY_C27,-0.12847028859002912,-0.11450325527339508,-0.12847028859002912,0.12197937816381454,0,value_factor,0.47528597712516785,momentum_factor,0.23896639049053192,volatility_factor,0.20202656090259552
2022-11-03,002007.SZ,pca,3,cn_a,INDUSTRY_C27,-0.13731130526884547,-0.12238309426777419,-0.13731130526884547,0.12197937816381454,1,quality_factor,0.589499294757843,value_factor,0.1854332983493805,volatility_factor,0.14894235134124756
2022-11-03,600085.SH,pca,3,cn_a,INDUSTRY_C27,-0.16827635594667806,-0.14998168644990978,-0.16827635594667806,0.12197937816381454,0,value_factor,0.4773014485836029,volatility_factor,0.2980424165725708,quality_factor,0.12585024535655975
2022-11-04,688520.SH,pca,3,cn_a,INDUSTRY_C27,1.0208024315852233,0.7163918618354047,1.0208024315852233,0.4249218702316284,1,quality_factor,0.6028175950050354,volatility_factor,0.14847740530967712,momentum_factor,0.12888723611831665
2022-11-04,688192.SH,pca,3,cn_a,INDUSTRY_C27,0.9528689654444417,0.668716640084658,0.9528689654444417,0.4249218702316284,1,quality_factor,0.4241323173046112,momentum_factor,0.28030872344970703,value_factor,0.2598024606704712
2022-11-04,688578.SH,pca,3,cn_a,INDUSTRY_C27,0.9266468953522194,0.6503141784198935,0.9266468953522194,0.4249218702316284,1,quality_factor,0.6043686270713806,momentum_factor,0.18863968551158905,value_factor,0.16858398914337158
2022-11-04,688235.SH,pca,3,cn_a,INDUSTRY_C27,0.8901376364889257,0.6246922410870354,0.8901376364889257,0.4249218702316284,1,quality_factor,0.40891584753990173,value_factor,0.2886325716972351,momentum_factor,0.1622081995010376
2022-11-04,688180.SH,pca,3,cn_a,INDUSTRY_C27,0.8731875833592317,0.6127968147595985,0.8731875833592317,0.4249218702316284,1,quality_factor,0.3651837110519409,value_factor,0.3138814866542816,momentum_factor,0.1659407764673233
2022-11-04,688266.SH,pca,3,cn_a,INDUSTRY_C27,0.8693543670910447,0.6101066909371857,0.8693543670910447,0.4249218702316284,1,quality_factor,0.35650697350502014,value_factor,0.3188909590244293,momentum_factor,0.16668130457401276
2022-11-04,600062.SH,pca,3,cn_a,INDUSTRY_C27,0.02061434999711245,0.01446700371983306,0.02061434999711245,0.4249218702316284,1,volatility_factor,0.38142523169517517,momentum_factor,0.32713964581489563,value_factor,0.18067136406898499
2022-11-04,688336.SH,pca,3,cn_a,INDUSTRY_C27,0.009241929119421578,0.006485919903748305,0.009241929119421578,0.4249218702316284,0,volatility_factor,0.3796326220035553,momentum_factor,0.32055285573005676,value_factor,0.18337281048297882
2022-11-04,603858.SH,pca,3,cn_a,INDUSTRY_C27,-0.0036043226987079913,-0.002529487948782827,-0.0036043226987079913,0.4249218702316284,0,volatility_factor,0.39086031913757324,value_factor,0.3465088903903961,momentum_factor,0.15189877152442932
2022-11-04,600332.SH,pca,3,cn_a,INDUSTRY_C27,-0.004815453052941647,-0.003379450588514632,-0.004815453052941647,0.4249218702316284,0,value_factor,0.39475151896476746,volatility_factor,0.39465054869651794,quality_factor,0.10725623369216919
2022-11-04,600380.SH,pca,3,cn_a,INDUSTRY_C27,-0.01900901168894184,-0.013340388751175408,-0.01900901168894184,0.4249218702316284,0,volatility_factor,0.3672924041748047,momentum_factor,0.35595789551734924,quality_factor,0.1435774713754654
2022-11-04,300601.SZ,pca,3,cn_a,INDUSTRY_C27,-0.02324165384598563,-0.016310826812004492,-0.02324165384598563,0.4249218702316284,1,momentum_factor,0.49051716923713684,volatility_factor,0.2091919630765915,value_factor,0.18149204552173615
2022-11-04,600535.SH,pca,3,cn_a,INDUSTRY_C27,-0.025751231605435236,-0.01807203057473547,-0.025751231605435236,0.4249218702316284,0,volatility_factor,0.38550281524658203,value_factor,0.3640080392360687,quality_factor,0.1288924217224121
2022-11-04,300142.SZ,pca,3,cn_a,INDUSTRY_C27,-0.04232633110167846,-0.029704317117961065,-0.04232633110167846,0.4249218702316284,0,momentum_factor,0.48338115215301514,value_factor,0.23645904660224915,volatility_factor,0.16058149933815002
2022-11-04,688166.SH,pca,3,cn_a,INDUSTRY_C27,-0.0626752632187119,-0.043985052463629964,-0.0626752632187119,0.4249218702316284,1,momentum_factor,0.4724941849708557,value_factor,0.33016106486320496,quality_factor,0.11841915547847748
2022-11-04,600161.SH,pca,3,cn_a,INDUSTRY_C27,-0.06488978421075238,-0.04553918749257754,-0.06488978421075238,0.4249218702316284,1,momentum_factor,0.45965680480003357,volatility_factor,0.32140377163887024,quality_factor,0.19798870384693146
2022-11-04,603087.SH,pca,3,cn_a,INDUSTRY_C27,-0.06845579488185073,-0.04804178833378625,-0.06845579488185073,0.4249218702316284,0,volatility_factor,0.3562564253807068,value_factor,0.2384268045425415,momentum_factor,0.21553434431552887
2022-11-04,002821.SZ,pca,3,cn_a,INDUSTRY_C27,-0.0742378694975683,-0.05209960703705148,-0.0742378694975683,0.4249218702316284,1,momentum_factor,0.45579999685287476,volatility_factor,0.18679405748844147,value_factor,0.1850566565990448
2022-11-04,600276.SH,pca,3,cn_a,INDUSTRY_C27,-0.07540300330510749,-0.0529172896285537,-0.07540300330510749,0.4249218702316284,0,momentum_factor,0.46808499097824097,value_factor,0.36544501781463623,quality_factor,0.11868136376142502
2022-11-04,002773.SZ,pca,3,cn_a,INDUSTRY_C27,-0.08432290055619836,-0.05917720986519158,-0.08432290055619836,0.4249218702316284,0,volatility_factor,0.35172560811042786,value_factor,0.27003225684165955,quality_factor,0.20682886242866516
2022-11-04,300558.SZ,pca,3,cn_a,INDUSTRY_C27,-0.08871377430937086,-0.06225869373101135,-0.08871377430937086,0.4249218702316284,1,momentum_factor,0.44248348474502563,quality_factor,0.19408750534057617,volatility_factor,0.18255436420440674
2022-11-04,603707.SH,pca,3,cn_a,INDUSTRY_C27,-0.09391409167402144,-0.06590823934701431,-0.09391409167402144,0.4249218702316284,1,momentum_factor,0.431623637676239,volatility_factor,0.27429381012916565,quality_factor,0.23455600440502167
2022-11-04,600521.SH,pca,3,cn_a,INDUSTRY_C27,-0.09402208215365356,-0.06598402629497839,-0.09402208215365356,0.4249218702316284,1,momentum_factor,0.43594974279403687,quality_factor,0.20898056030273438,volatility_factor,0.1981733739376068
2022-11-04,600329.SH,pca,3,cn_a,INDUSTRY_C27,-0.10003654508569165,-0.07020493346026768,-0.10003654508569165,0.4249218702316284,0,value_factor,0.4245196580886841,momentum_factor,0.4010876715183258,quality_factor,0.13008347153663635
2022-11-04,600085.SH,pca,3,cn_a,INDUSTRY_C27,-0.1292732881081563,-0.09072307107416511,-0.1292732881081563,0.4249218702316284,0,momentum_factor,0.40109360218048096,value_factor,0.3926921784877777,quality_factor,0.1918283998966217
2022-11-04,600566.SH,pca,3,cn_a,INDUSTRY_C27,-0.13472943093067144,-0.09455215317087559,-0.13472943093067144,0.4249218702316284,1,value_factor,0.4575086236000061,momentum_factor,0.2594345510005951,volatility_factor,0.1707610934972763
2022-11-04,002007.SZ,pca,3,cn_a,INDUSTRY_C27,-0.1360183412298523,-0.09545670122091804,-0.1360183412298523,0.4249218702316284,1,quality_factor,0.4655988812446594,momentum_factor,0.2843502163887024,volatility_factor,0.2437821328639984
2022-11-04,002262.SZ,pca,3,cn_a,INDUSTRY_C27,-0.14898663799553497,-0.10455775934670469,-0.14898663799553497,0.4249218702316284,1,value_factor,0.46800392866134644,momentum_factor,0.24735066294670105,volatility_factor,0.18921944499015808
2022-11-04,002294.SZ,pca,3,cn_a,INDUSTRY_C27,-0.1567475764912024,-0.11000433059934878,-0.1567475764912024,0.4249218702316284,0,value_factor,0.472283273935318,momentum_factor,0.24242356419563293,volatility_factor,0.1967456340789795
2022-11-04,603658.SH,pca,3,cn_a,INDUSTRY_C27,-0.16210272953614346,-0.11376253879084108,-0.16210272953614346,0.4249218702316284,0,value_factor,0.4748200476169586,momentum_factor,0.23950284719467163,volatility_factor,0.20120713114738464
2022-11-04,002603.SZ,pca,3,cn_a,INDUSTRY_C27,-0.16465910285777902,-0.11555658334517163,-0.16465910285777902,0.4249218702316284,0,value_factor,0.4759308397769928,momentum_factor,0.23822391033172607,volatility_factor,0.20316070318222046
2022-11-04,688278.SH,pca,3,cn_a,INDUSTRY_C27,-0.17439268761542523,-0.12238754366727264,-0.17439268761542523,0.4249218702316284,0,value_factor,0.4787662923336029,momentum_factor,0.2431616485118866,volatility_factor,0.2027330845594406
2022-11-07,688578.SH,pca,3,cn_a,INDUSTRY_C27,0.8694731385286011,0.7118807911279011,0.8694731385286011,0.22137466073036194,1,quality_factor,0.47470811009407043,momentum_factor,0.31136056780815125,value_factor,0.12110128253698349
2022-11-07,688520.SH,pca,3,cn_a,INDUSTRY_C27,0.8485253686593639,0.6947298127640225,0.8485253686593639,0.22137466073036194,1,quality_factor,0.7377492785453796,momentum_factor,0.09766124188899994,volatility_factor,0.08587398380041122
2022-11-07,688192.SH,pca,3,cn_a,INDUSTRY_C27,0.7757020385368244,0.6351057397904369,0.7757020385368244,0.22137466073036194,1,quality_factor,0.389791339635849,value_factor,0.2928205728530884,momentum_factor,0.20466499030590057
2022-11-07,688235.SH,pca,3,cn_a,INDUSTRY_C27,0.7622469134042779,0.6240893613658065,0.7622469134042779,0.22137466073036194,1,quality_factor,0.40646088123321533,value_factor,0.2900499701499939,momentum_factor,0.16241773962974548
2022-11-07,688180.SH,pca,3,cn_a,INDUSTRY_C27,0.7490200232663069,0.613259850253462,0.7490200232663069,0.22137466073036194,1,quality_factor,0.3667178750038147,value_factor,0.31299570202827454,momentum_factor,0.16580981016159058
2022-11-07,688266.SH,pca,3,cn_a,INDUSTRY_C27,0.744698539106805,0.6097216367929299,0.744698539106805,0.22137466073036194,1,quality_factor,0.3552970290184021,value_factor,0.3195895552635193,momentum_factor,0.1667845994234085
2022-11-07,600062.SH,pca,3,cn_a,INDUSTRY_C27,0.0027965690061505337,0.0022896897768587277,0.0027965690061505337,0.22137466073036194,1,volatility_factor,0.37619271874427795,momentum_factor,0.3406798541545868,value_factor,0.1607353389263153
2022-11-07,600332.SH,pca,3,cn_a,INDUSTRY_C27,-0.0016691642509102595,-0.0013666275757193147,-0.0016691642509102595,0.22137466073036194,0,volatility_factor,0.3938389718532562,value_factor,0.3776308000087738,momentum_factor,0.1215888261795044
2022-11-07,603858.SH,pca,3,cn_a,INDUSTRY_C27,-0.008460652897498679,-0.0069271562412181464,-0.008460652897498679,0.22137466073036194,0,volatility_factor,0.3896411061286926,value_factor,0.3513130247592926,momentum_factor,0.1441309154033661
2022-11-07,688336.SH,pca,3,cn_a,INDUSTRY_C27,-0.014052670408358128,-0.011505618384819782,-0.014052670408358128,0.22137466073036194,0,momentum_factor,0.4236961007118225,volatility_factor,0.3622480034828186,quality_factor,0.14740018546581268
2022-11-07,600535.SH,pca,3,cn_a,INDUSTRY_C27,-0.02182354295232344,-0.017868017232142125,-0.02182354295232344,0.22137466073036194,0,volatility_factor,0.3850060701370239,value_factor,0.35777729749679565,quality_factor,0.12934920191764832
2022-11-07,300601.SZ,pca,3,cn_a,INDUSTRY_C27,-0.024723455176226282,-0.020242319228000183,-0.024723455176226282,0.22137466073036194,1,momentum_factor,0.4883211851119995,value_factor,0.22379463911056519,volatility_factor,0.17379941046237946
2022-11-07,600380.SH,pca,3,cn_a,INDUSTRY_C27,-0.034638872346856565,-0.02836056314722768,-0.034638872346856565,0.22137466073036194,0,momentum_factor,0.3842584788799286,volatility_factor,0.352644145488739,quality_factor,0.17757263779640198
2022-11-07,002821.SZ,pca,3,cn_a,INDUSTRY_C27,-0.034932841979799706,-0.028601250668893144,-0.034932841979799706,0.22137466073036194,1,momentum_factor,0.4819006025791168,value_factor,0.24386033415794373,volatility_factor,0.1540580838918686
2022-11-07,300142.SZ,pca,3,cn_a,INDUSTRY_C27,-0.04069513286741671,-0.03331912407292695,-0.04069513286741671,0.22137466073036194,0,momentum_factor,0.4801718294620514,value_factor,0.20485414564609528,volatility_factor,0.18427415192127228
2022-11-07,603707.SH,pca,3,cn_a,INDUSTRY_C27,-0.04139604819510891,-0.03389299822254771,-0.04139604819510891,0.22137466073036194,1,momentum_factor,0.47548919916152954,volatility_factor,0.27557677030563354,quality_factor,0.1602361500263214
2022-11-07,300558.SZ,pca,3,cn_a,INDUSTRY_C27,-0.043280306397384685,-0.03543573388657903,-0.043280306397384685,0.22137466073036194,1,momentum_factor,0.47326385974884033,volatility_factor,0.2730996012687683,quality_factor,0.16334016621112823
2022-11-07,603087.SH,pca,3,cn_a,INDUSTRY_C27,-0.050253333733234914,-0.04114489728270418,-0.050253333733234914,0.22137466073036194,0,momentum_factor,0.4385581314563751,volatility_factor,0.3352963626384735,quality_factor,0.21412616968154907
2022-11-07,002007.SZ,pca,3,cn_a,INDUSTRY_C27,-0.05218318223561571,-0.04272495998706413,-0.05218318223561571,0.22137466073036194,1,volatility_factor,0.3533545136451721,momentum_factor,0.33227604627609253,quality_factor,0.18085262179374695
2022-11-07,600161.SH,pca,3,cn_a,INDUSTRY_C27,-0.05645994653324392,-0.04622655907822798,-0.05645994653324392,0.22137466073036194,1,momentum_factor,0.46102043986320496,volatility_factor,0.2699112892150879,quality_factor,0.18339380621910095
2022-11-07,002773.SZ,pca,3,cn_a,INDUSTRY_C27,-0.08071215802250147,-0.06608304772236327,-0.08071215802250147,0.22137466073036194,0,volatility_factor,0.3495882749557495,value_factor,0.31307247281074524,quality_factor,0.21932193636894226
2022-11-07,600521.SH,pca,3,cn_a,INDUSTRY_C27,-0.08200570048763502,-0.0671421351083119,-0.08200570048763502,0.22137466073036194,1,momentum_factor,0.4396989941596985,value_factor,0.2573029100894928,quality_factor,0.18375957012176514
2022-11-07,600085.SH,pca,3,cn_a,INDUSTRY_C27,-0.09567787032834763,-0.07833621880261957,-0.09567787032834763,0.22137466073036194,0,momentum_factor,0.42820626497268677,value_factor,0.286831259727478,quality_factor,0.19627077877521515
2022-11-07,600276.SH,pca,3,cn_a,INDUSTRY_C27,-0.0968356264041131,-0.07928413113553398,-0.0968356264041131,0.22137466073036194,0,value_factor,0.4424782693386078,momentum_factor,0.3782946467399597,quality_factor,0.10193675756454468
2022-11-07,688166.SH,pca,3,cn_a,INDUSTRY_C27,-0.10334008824582415,-0.08460965671712294,-0.10334008824582415,0.22137466073036194,1,value_factor,0.44694212079048157,momentum_factor,0.3453879952430725,quality_factor,0.10419979691505432
2022-11-07,600566.SH,pca,3,cn_a,INDUSTRY_C27,-0.11464542819000538,-0.09386589936201156,-0.11464542819000538,0.22137466073036194,1,value_factor,0.45661935210227966,momentum_factor,0.260458379983902,volatility_factor,0.16919714212417603
2022-11-07,600329.SH,pca,3,cn_a,INDUSTRY_C27,-0.12123291968177498,-0.09925940543701839,-0.12123291968177498,0.22137466073036194,0,value_factor,0.46296098828315735,momentum_factor,0.2531569302082062,volatility_factor,0.18035030364990234
2022-11-07,002262.SZ,pca,3,cn_a,INDUSTRY_C27,-0.12693030572937175,-0.10392413802874392,-0.12693030572937175,0.22137466073036194,1,value_factor,0.4674515426158905,momentum_factor,0.24798664450645447,volatility_factor,0.18824796378612518
2022-11-07,002294.SZ,pca,3,cn_a,INDUSTRY_C27,-0.1335713129554815,-0.10936146009025072,-0.1335713129554815,0.22137466073036194,0,value_factor,0.4718180000782013,momentum_factor,0.24295927584171295,volatility_factor,0.19592735171318054
2022-11-07,603658.SH,pca,3,cn_a,INDUSTRY_C27,-0.13878768952494744,-0.11363236636042792,-0.13878768952494744,0.22137466073036194,0,value_factor,0.4747370779514313,momentum_factor,0.2395983785390854,volatility_factor,0.2010611891746521
2022-11-07,002603.SZ,pca,3,cn_a,INDUSTRY_C27,-0.14015350689569542,-0.11475062879699924,-0.14015350689569542,0.22137466073036194,0,value_factor,0.47543925046920776,momentum_factor,0.2387898862361908,volatility_factor,0.20229613780975342
2022-11-07,688278.SH,pca,3,cn_a,INDUSTRY_C27,-0.15445046657008893,-0.1264562589225654,-0.15445046657008893,0.22137466073036194,0,value_factor,0.48158153891563416,momentum_factor,0.23171792924404144,volatility_factor,0.2130987048149109
2022-11-08,688520.SH,pca,3,cn_a,INDUSTRY_C27,1.0187291826174278,0.6870110198812858,1.0187291826174278,0.4828425347805023,1,quality_factor,0.8009998798370361,momentum_factor,0.083023801445961,value_factor,0.05944829061627388
2022-11-08,688578.SH,pca,3,cn_a,INDUSTRY_C27,0.9988500623958864,0.6736049303230635,0.9988500623958864,0.4828425347805023,1,quality_factor,0.5117011666297913,momentum_factor,0.2552003264427185,value_factor,0.2122049182653427
2022-11-08,688192.SH,pca,3,cn_a,INDUSTRY_C27,0.9413689479704812,0.6348407919051886,0.9413689479704812,0.4828425347805023,1,quality_factor,0.3899151384830475,value_factor,0.2928816080093384,momentum_factor,0.20386487245559692
2022-11-08,688235.SH,pca,3,cn_a,INDUSTRY_C27,0.9258866218267063,0.6243998142089956,0.9258866218267063,0.4828425347805023,1,quality_factor,0.4077215790748596,value_factor,0.289322167634964,momentum_factor,0.1623101532459259
2022-11-08,688180.SH,pca,3,cn_a,INDUSTRY_C27,0.909161463261549,0.6131206946553546,0.909161463261549,0.4828425347805023,1,quality_factor,0.366255521774292,value_factor,0.3132626712322235,momentum_factor,0.16584928333759308
2022-11-08,688266.SH,pca,3,cn_a,INDUSTRY_C27,0.9046093635489026,0.6100508477131561,0.9046093635489026,0.4828425347805023,1,quality_factor,0.3563309907913208,value_factor,0.318992555141449,momentum_factor,0.16669632494449615
2022-11-08,600332.SH,pca,3,cn_a,INDUSTRY_C27,-0.018608694545859245,-0.012549339350192257,-0.018608694545859245,0.4828425347805023,0,value_factor,0.3977545499801636,volatility_factor,0.39161521196365356,quality_factor,0.11633703857660294
2022-11-08,688336.SH,pca,3,cn_a,INDUSTRY_C27,-0.022426842328345797,-0.015124223477261223,-0.022426842328345797,0.4828425347805023,0,momentum_factor,0.4863729774951935,volatility_factor,0.32668933272361755,quality_factor,0.15269897878170013
2022-11-08,603858.SH,pca,3,cn_a,INDUSTRY_C27,-0.026208768719514438,-0.017674680607032534,-0.026208768719514438,0.4828425347805023,0,volatility_factor,0.38511228561401367,value_factor,0.35480278730392456,momentum_factor,0.13178704679012299
2022-11-08,600535.SH,pca,3,cn_a,INDUSTRY_C27,-0.0284962932426869,-0.019217342368846757,-0.0284962932426869,0.4828425347805023,0,volatility_factor,0.38180017471313477,value_factor,0.3333974778652191,momentum_factor,0.15006400644779205
2022-11-08,300558.SZ,pca,3,cn_a,INDUSTRY_C27,-0.05607901418445436,-0.037818589460460586,-0.05607901418445436,0.4828425347805023,1,momentum_factor,0.47424381971359253,value_factor,0.22228221595287323,volatility_factor,0.1670810580253601
2022-11-08,600161.SH,pca,3,cn_a,INDUSTRY_C27,-0.05695431671563625,-0.03840887635408516,-0.05695431671563625,0.4828425347805023,1,momentum_factor,0.4687615633010864,volatility_factor,0.3120550811290741,quality_factor,0.18027737736701965
2022-11-08,002773.SZ,pca,3,cn_a,INDUSTRY_C27,-0.062069045854346874,-0.0418581495681634,-0.062069045854346874,0.4828425347805023,0,momentum_factor,0.4146040976047516,volatility_factor,0.34046879410743713,quality_factor,0.20353437960147858
2022-11-08,600062.SH,pca,3,cn_a,INDUSTRY_C27,-0.06559379215603917,-0.044235169479703323,-0.06559379215603917,0.4828425347805023,1,momentum_factor,0.45543670654296875,value_factor,0.23462113738059998,quality_factor,0.16258558630943298
2022-11-08,002007.SZ,pca,3,cn_a,INDUSTRY_C27,-0.06799719715321678,-0.045855978764911404,-0.06799719715321678,0.4828425347805023,1,volatility_factor,0.3507128953933716,momentum_factor,0.33148711919784546,quality_factor,0.1876908242702484
2022-11-08,600380.SH,pca,3,cn_a,INDUSTRY_C27,-0.07488323679151017,-0.050499789107805546,-0.07488323679151017,0.4828425347805023,0,momentum_factor,0.35578063130378723,volatility_factor,0.3240179717540741,quality_factor,0.2548671066761017
2022-11-08,603087.SH,pca,3,cn_a,INDUSTRY_C27,-0.08661348341002637,-0.0584104378163664,-0.08661348341002637,0.4828425347805023,0,momentum_factor,0.4139149785041809,quality_factor,0.24994178116321564,volatility_factor,0.2202398180961609
2022-11-08,300142.SZ,pca,3,cn_a,INDUSTRY_C27,-0.09959478663987284,-0.06716477461509363,-0.09959478663987284,0.4828425347805023,0,momentum_factor,0.4544733464717865,value_factor,0.3845170736312866,quality_factor,0.1363653540611267
2022-11-08,002821.SZ,pca,3,cn_a,INDUSTRY_C27,-0.10083863312738336,-0.06800360033888883,-0.10083863312738336,0.4828425347805023,1,momentum_factor,0.4405081272125244,value_factor,0.3586755692958832,quality_factor,0.1628284901380539
2022-11-08,603707.SH,pca,3,cn_a,INDUSTRY_C27,-0.10536981619969517,-0.07105934150827359,-0.10536981619969517,0.4828425347805023,1,momentum_factor,0.43530088663101196,value_factor,0.2720220386981964,quality_factor,0.1878584623336792
2022-11-08,600085.SH,pca,3,cn_a,INDUSTRY_C27,-0.1112347047001117,-0.07501450751206747,-0.1112347047001117,0.4828425347805023,0,momentum_factor,0.4204796254634857,quality_factor,0.24496498703956604,volatility_factor,0.23765844106674194
2022-11-08,600521.SH,pca,3,cn_a,INDUSTRY_C27,-0.1247601143948319,-0.0841357790602209,-0.1247601143948319,0.4828425347805023,1,value_factor,0.40492334961891174,momentum_factor,0.39562666416168213,quality_factor,0.16994568705558777
2022-11-08,600566.SH,pca,3,cn_a,INDUSTRY_C27,-0.1386666108229243,-0.09351404804186753,-0.1386666108229243,0.4828425347805023,1,value_factor,0.45615291595458984,momentum_factor,0.26099541783332825,volatility_factor,0.16837681829929352
2022-11-08,300601.SZ,pca,3,cn_a,INDUSTRY_C27,-0.13926864135343056,-0.09392004564733525,-0.13926864135343056,0.4828425347805023,1,value_factor,0.4567568898200989,momentum_factor,0.3020269572734833,volatility_factor,0.14189498126506805
2022-11-08,603658.SH,pca,3,cn_a,INDUSTRY_C27,-0.1413645650877299,-0.09533349558757823,-0.1413645650877299,0.4828425347805023,0,value_factor,0.45816028118133545,momentum_factor,0.30483007431030273,volatility_factor,0.14144623279571533
2022-11-08,600276.SH,pca,3,cn_a,INDUSTRY_C27,-0.14770165279767086,-0.09960710349532251,-0.14770165279767086,0.4828425347805023,0,value_factor,0.45890727639198303,momentum_factor,0.30269116163253784,volatility_factor,0.14370618760585785
2022-11-08,600329.SH,pca,3,cn_a,INDUSTRY_C27,-0.14802045924449594,-0.09982210032265917,-0.14802045924449594,0.4828425347805023,0,value_factor,0.46354588866233826,momentum_factor,0.25248342752456665,volatility_factor,0.18137900531291962
2022-11-08,002262.SZ,pca,3,cn_a,INDUSTRY_C27,-0.15360681294520054,-0.10358942790964157,-0.15360681294520054,0.4828425347805023,1,value_factor,0.4671546518802643,momentum_factor,0.24832852184772491,volatility_factor,0.18772578239440918
2022-11-08,688166.SH,pca,3,cn_a,INDUSTRY_C27,-0.15876702386791194,-0.1070693731485774,-0.15876702386791194,0.4828425347805023,1,value_factor,0.46938619017601013,momentum_factor,0.2566560208797455,volatility_factor,0.18445740640163422
2022-11-08,002294.SZ,pca,3,cn_a,INDUSTRY_C27,-0.16239946275474682,-0.10951901883153417,-0.16239946275474682,0.4828425347805023,0,value_factor,0.47193291783332825,momentum_factor,0.2428269386291504,volatility_factor,0.19612948596477509
2022-11-08,002603.SZ,pca,3,cn_a,INDUSTRY_C27,-0.16943653798154956,-0.11426468461890826,-0.16943653798154956,0.4828425347805023,0,value_factor,0.47513705492019653,momentum_factor,0.23913787305355072,volatility_factor,0.20176465809345245
2022-11-08,688278.SH,pca,3,cn_a,INDUSTRY_C27,-0.18790336516223272,-0.12671835139497528,-0.18790336516223272,0.4828425347805023,0,value_factor,0.48169803619384766,momentum_factor,0.23158380389213562,volatility_factor,0.2133036106824875
2022-11-09,688520.SH,pca,3,cn_a,INDUSTRY_C27,0.743108922216229,0.6870110198812858,0.743108922216229,0.08165506273508072,1,quality_factor,0.8009998798370361,momentum_factor,0.083023801445961,value_factor,0.05944829061627388
2022-11-09,688578.SH,pca,3,cn_a,INDUSTRY_C27,0.7220233522189706,0.6675172168659862,0.7220233522189706,0.08165506273508072,1,quality_factor,0.49841204285621643,momentum_factor,0.23988281190395355,value_factor,0.2226393222808838
2022-11-09,688192.SH,pca,3,cn_a,INDUSTRY_C27,0.6905976892517244,0.6384639029841065,0.6905976892517244,0.08165506273508072,1,quality_factor,0.3946789801120758,value_factor,0.2889641225337982,momentum_factor,0.2104099988937378
2022-11-09,688235.SH,pca,3,cn_a,INDUSTRY_C27,0.6754245380323229,0.6244361854013795,0.6754245380323229,0.08165506273508072,1,quality_factor,0.40786972641944885,value_factor,0.28923657536506653,momentum_factor,0.16229750216007233
2022-11-09,688180.SH,pca,3,cn_a,INDUSTRY_C27,0.6635520277355718,0.6134599406495385,0.6635520277355718,0.08165506273508072,1,quality_factor,0.3673846125602722,value_factor,0.3126107454299927,momentum_factor,0.16575290262699127
2022-11-09,688266.SH,pca,3,cn_a,INDUSTRY_C27,0.6599473113036904,0.6101273472191382,0.6599473113036904,0.08165506273508072,1,quality_factor,0.35657209157943726,value_factor,0.31885334849357605,momentum_factor,0.16667574644088745
2022-11-09,600535.SH,pca,3,cn_a,INDUSTRY_C27,-0.008764140050575998,-0.00810252792628513,-0.008764140050575998,0.08165506273508072,0,volatility_factor,0.3873113691806793,value_factor,0.3305230736732483,momentum_factor,0.16359861195087433
2022-11-09,603858.SH,pca,3,cn_a,INDUSTRY_C27,-0.01369053326390476,-0.012657023673330436,-0.01369053326390476,0.08165506273508072,0,volatility_factor,0.3827918767929077,value_factor,0.30294182896614075,momentum_factor,0.18742352724075317
2022-11-09,600332.SH,pca,3,cn_a,INDUSTRY_C27,-0.014230723547024164,-0.013156434548695806,-0.014230723547024164,0.08165506273508072,0,volatility_factor,0.39046886563301086,value_factor,0.3875828981399536,quality_factor,0.11793814599514008
2022-11-09,688336.SH,pca,3,cn_a,INDUSTRY_C27,-0.03145024053957905,-0.029076036073108644,-0.03145024053957905,0.08165506273508072,0,momentum_factor,0.47111085057258606,volatility_factor,0.25894632935523987,quality_factor,0.1623731106519699
2022-11-09,603087.SH,pca,3,cn_a,INDUSTRY_C27,-0.031872718373641085,-0.02946662070879108,-0.031872718373641085,0.08165506273508072,0,momentum_factor,0.4722626209259033,volatility_factor,0.2735629081726074,quality_factor,0.16418585181236267
2022-11-09,002773.SZ,pca,3,cn_a,INDUSTRY_C27,-0.03424384804634037,-0.031658751856743994,-0.03424384804634037,0.08165506273508072,0,momentum_factor,0.37841272354125977,volatility_factor,0.35405048727989197,quality_factor,0.17365697026252747
2022-11-09,600062.SH,pca,3,cn_a,INDUSTRY_C27,-0.03781224164153105,-0.034957764491201984,-0.03781224164153105,0.08165506273508072,1,momentum_factor,0.46812960505485535,volatility_factor,0.19399429857730865,value_factor,0.18558098375797272
2022-11-09,300558.SZ,pca,3,cn_a,INDUSTRY_C27,-0.061363664852297266,-0.056731271437437,-0.061363664852297266,0.08165506273508072,1,momentum_factor,0.4548834264278412,value_factor,0.26539695262908936,quality_factor,0.1583976149559021
2022-11-09,002007.SZ,pca,3,cn_a,INDUSTRY_C27,-0.06269998781111412,-0.05796671427950317,-0.06269998781111412,0.08165506273508072,1,volatility_factor,0.3454265296459198,momentum_factor,0.2804887592792511,quality_factor,0.20779988169670105
2022-11-09,600161.SH,pca,3,cn_a,INDUSTRY_C27,-0.0683930642760954,-0.06323001573039176,-0.0683930642760954,0.08165506273508072,1,momentum_factor,0.4335707128047943,volatility_factor,0.27266380190849304,quality_factor,0.23070287704467773
2022-11-09,603707.SH,pca,3,cn_a,INDUSTRY_C27,-0.07099063138422573,-0.06563149036595997,-0.07099063138422573,0.08165506273508072,1,momentum_factor,0.4443384110927582,value_factor,0.2754421830177307,quality_factor,0.17304062843322754
2022-11-09,600380.SH,pca,3,cn_a,INDUSTRY_C27,-0.07356807563170445,-0.06801436123214001,-0.07356807563170445,0.08165506273508072,0,quality_factor,0.394023597240448,momentum_factor,0.3003687262535095,volatility_factor,0.2726850211620331
2022-11-09,002821.SZ,pca,3,cn_a,INDUSTRY_C27,-0.07667246709855963,-0.07088439963969173,-0.07667246709855963,0.08165506273508072,1,momentum_factor,0.4358425438404083,value_factor,0.3637436330318451,quality_factor,0.16915586590766907
2022-11-09,603658.SH,pca,3,cn_a,INDUSTRY_C27,-0.09563309792832515,-0.08841367688898227,-0.09563309792832515,0.08165506273508072,0,value_factor,0.4350169003009796,momentum_factor,0.35139575600624084,quality_factor,0.12551172077655792
2022-11-09,600566.SH,pca,3,cn_a,INDUSTRY_C27,-0.10208953766172163,-0.0943827146887358,-0.10208953766172163,0.08165506273508072,1,value_factor,0.45729151368141174,momentum_factor,0.2596845030784607,volatility_factor,0.17037929594516754
2022-11-09,300601.SZ,pca,3,cn_a,INDUSTRY_C27,-0.10362890494767457,-0.09580587387506392,-0.10362890494767457,0.08165506273508072,1,value_factor,0.4587038457393646,momentum_factor,0.294596791267395,volatility_factor,0.14874409139156342
2022-11-09,300142.SZ,pca,3,cn_a,INDUSTRY_C27,-0.10373225888181135,-0.09590142553590025,-0.10373225888181135,0.08165506273508072,0,value_factor,0.4100290834903717,momentum_factor,0.3696676790714264,quality_factor,0.16815349459648132
2022-11-09,600521.SH,pca,3,cn_a,INDUSTRY_C27,-0.10507075634794708,-0.09713887872994338,-0.10507075634794708,0.08165506273508072,1,value_factor,0.4393197298049927,momentum_factor,0.30640262365341187,quality_factor,0.13200221955776215
2022-11-09,688166.SH,pca,3,cn_a,INDUSTRY_C27,-0.10572477309460816,-0.09774352321571142,-0.10572477309460816,0.08165506273508072,1,value_factor,0.46058109402656555,momentum_factor,0.2912801504135132,volatility_factor,0.15280821919441223
2022-11-09,002262.SZ,pca,3,cn_a,INDUSTRY_C27,-0.10657862994609583,-0.09853292171280345,-0.10657862994609583,0.08165506273508072,1,value_factor,0.46176183223724365,momentum_factor,0.2714800536632538,volatility_factor,0.1670575588941574
2022-11-09,600085.SH,pca,3,cn_a,INDUSTRY_C27,-0.10674531127625092,-0.09868702013256606,-0.10674531127625092,0.08165506273508072,0,momentum_factor,0.36937132477760315,quality_factor,0.29518866539001465,value_factor,0.25194844603538513
2022-11-09,600329.SH,pca,3,cn_a,INDUSTRY_C27,-0.10991290047897657,-0.10161548542704718,-0.10991290047897657,0.08165506273508072,0,value_factor,0.46532753109931946,momentum_factor,0.2504321336746216,volatility_factor,0.1845124512910843
2022-11-09,002294.SZ,pca,3,cn_a,INDUSTRY_C27,-0.11975454108787964,-0.1107141725103119,-0.11975454108787964,0.08165506273508072,0,value_factor,0.4727858304977417,momentum_factor,0.24184490740299225,volatility_factor,0.19762955605983734
2022-11-09,002603.SZ,pca,3,cn_a,INDUSTRY_C27,-0.1250353956741189,-0.11559637105035489,-0.1250353956741189,0.08165506273508072,0,value_factor,0.4759548008441925,momentum_factor,0.23819631338119507,volatility_factor,0.20320284366607666
2022-11-09,600276.SH,pca,3,cn_a,INDUSTRY_C27,-0.12588416139191,-0.1163810627476109,-0.12588416139191,0.08165506273508072,0,value_factor,0.4758785665035248,momentum_factor,0.2440575510263443,volatility_factor,0.19925767183303833
2022-11-09,688278.SH,pca,3,cn_a,INDUSTRY_C27,-0.13746711340608445,-0.12708960820923904,-0.13746711340608445,0.08165506273508072,0,value_factor,0.48186177015304565,momentum_factor,0.23139533400535583,volatility_factor,0.21359151601791382
2022-11-10,688520.SH,pca,3,cn_a,INDUSTRY_C27,0.970348128339792,0.6870110198812858,0.970348128339792,0.4124200940132141,1,quality_factor,0.8009998798370361,momentum_factor,0.083023801445961,value_factor,0.05944829061627388
2022-11-10,688578.SH,pca,3,cn_a,INDUSTRY_C27,0.9640666560009385,0.6825637080435691,0.9640666560009385,0.4124200940132141,1,quality_factor,0.5322453379631042,momentum_factor,0.27379798889160156,value_factor,0.16819098591804504
2022-11-10,688235.SH,pca,3,cn_a,INDUSTRY_C27,0.8823128166563693,0.6246816068605435,0.8823128166563693,0.4124200940132141,1,quality_factor,0.4088723361492157,value_factor,0.2886577248573303,momentum_factor,0.16221192479133606
2022-11-10,688180.SH,pca,3,cn_a,INDUSTRY_C27,0.8662551040566868,0.6133126711271968,0.8662551040566868,0.4124200940132141,1,quality_factor,0.36689361929893494,value_factor,0.31289419531822205,momentum_factor,0.16579480469226837
2022-11-10,688266.SH,pca,3,cn_a,INDUSTRY_C27,0.8622711396855611,0.6104920056919363,0.8622711396855611,0.4124200940132141,1,quality_factor,0.357725590467453,value_factor,0.318187415599823,momentum_factor,0.1665772944688797
2022-11-10,688192.SH,pca,3,cn_a,INDUSTRY_C27,0.8524935776426015,0.6035694459683666,0.8524935776426015,0.4124200940132141,1,quality_factor,0.3974039852619171,value_factor,0.2996690273284912,volatility_factor,0.16581524908542633
2022-11-10,600332.SH,pca,3,cn_a,INDUSTRY_C27,0.0012714356724440562,0.0009001824113720192,0.0012714356724440562,0.4124200940132141,0,volatility_factor,0.39144957065582275,value_factor,0.34138673543930054,momentum_factor,0.15913482010364532
2022-11-10,600535.SH,pca,3,cn_a,INDUSTRY_C27,-0.00366601913372844,-0.0025955587179585238,-0.00366601913372844,0.4124200940132141,0,volatility_factor,0.39023861289024353,value_factor,0.33885282278060913,momentum_factor,0.15943960845470428
2022-11-10,603858.SH,pca,3,cn_a,INDUSTRY_C27,-0.005489046864883037,-0.00388627089050142,-0.005489046864883037,0.4124200940132141,0,volatility_factor,0.3843330144882202,value_factor,0.2767757177352905,momentum_factor,0.22050707042217255
2022-11-10,603087.SH,pca,3,cn_a,INDUSTRY_C27,-0.03543114908241527,-0.02508541950642293,-0.03543114908241527,0.4124200940132141,0,momentum_factor,0.42373794317245483,volatility_factor,0.3535771071910858,quality_factor,0.169172003865242
2022-11-10,688336.SH,pca,3,cn_a,INDUSTRY_C27,-0.03799989414612441,-0.02690410304328225,-0.03799989414612441,0.4124200940132141,0,momentum_factor,0.4719826579093933,volatility_factor,0.33045604825019836,quality_factor,0.17789137363433838
2022-11-10,600062.SH,pca,3,cn_a,INDUSTRY_C27,-0.03852025876649192,-0.027272523631839962,-0.03852025876649192,0.4124200940132141,1,momentum_factor,0.47286638617515564,volatility_factor,0.34093114733695984,quality_factor,0.17913778126239777
2022-11-10,300558.SZ,pca,3,cn_a,INDUSTRY_C27,-0.06529820504626369,-0.04623143502322691,-0.06529820504626369,0.4124200940132141,1,momentum_factor,0.46599259972572327,value_factor,0.22387734055519104,volatility_factor,0.16111674904823303
2022-11-10,002773.SZ,pca,3,cn_a,INDUSTRY_C27,-0.06596400564655361,-0.046702824966777745,-0.06596400564655361,0.4124200940132141,0,volatility_factor,0.36592206358909607,value_factor,0.2917845547199249,momentum_factor,0.1717880517244339
2022-11-10,600380.SH,pca,3,cn_a,INDUSTRY_C27,-0.0665612867184002,-0.047125702763251856,-0.0665612867184002,0.4124200940132141,0,volatility_factor,0.3467181622982025,momentum_factor,0.24591366946697235,quality_factor,0.2110365927219391
2022-11-10,603707.SH,pca,3,cn_a,INDUSTRY_C27,-0.08045477738271992,-0.05696235922935573,-0.08045477738271992,0.4124200940132141,1,momentum_factor,0.4527505040168762,value_factor,0.1859295517206192,volatility_factor,0.18419180810451508
2022-11-10,600521.SH,pca,3,cn_a,INDUSTRY_C27,-0.08567812266108699,-0.06066051215208334,-0.08567812266108699,0.4124200940132141,1,momentum_factor,0.4552059471607208,value_factor,0.3516591489315033,quality_factor,0.14133141934871674
2022-11-10,600161.SH,pca,3,cn_a,INDUSTRY_C27,-0.09459599680402851,-0.06697440881574526,-0.09459599680402851,0.4124200940132141,1,volatility_factor,0.33252692222595215,momentum_factor,0.3201623558998108,quality_factor,0.23500245809555054
2022-11-10,002007.SZ,pca,3,cn_a,INDUSTRY_C27,-0.10744370513592964,-0.07607064649215356,-0.10744370513592964,0.4124200940132141,1,volatility_factor,0.3281555771827698,quality_factor,0.25934815406799316,momentum_factor,0.22191523015499115
2022-11-10,002294.SZ,pca,3,cn_a,INDUSTRY_C27,-0.11366469657469606,-0.08047513756932195,-0.11366469657469606,0.4124200940132141,0,value_factor,0.44209039211273193,momentum_factor,0.36209189891815186,quality_factor,0.10821929574012756
2022-11-10,600329.SH,pca,3,cn_a,INDUSTRY_C27,-0.11479831640170181,-0.08127774571660756,-0.11479831640170181,0.4124200940132141,0,value_factor,0.4408956468105316,momentum_factor,0.34211188554763794,quality_factor,0.11739839613437653
2022-11-10,300601.SZ,pca,3,cn_a,INDUSTRY_C27,-0.1150630884139478,-0.08146520554144421,-0.1150630884139478,0.4124200940132141,1,value_factor,0.42580845952033997,momentum_factor,0.37881943583488464,quality_factor,0.1346065104007721
2022-11-10,600566.SH,pca,3,cn_a,INDUSTRY_C27,-0.11524573762743826,-0.08159452204010668,-0.11524573762743826,0.4124200940132141,1,value_factor,0.43964236974716187,momentum_factor,0.3270687460899353,quality_factor,0.12501651048660278
2022-11-10,002821.SZ,pca,3,cn_a,INDUSTRY_C27,-0.11640827156106678,-0.0824176015103121,-0.11640827156106678,0.4124200940132141,1,momentum_factor,0.40484440326690674,value_factor,0.3175121545791626,quality_factor,0.22654443979263306
2022-11-10,002262.SZ,pca,3,cn_a,INDUSTRY_C27,-0.11649313864371573,-0.08247768780233676,-0.11649313864371573,0.4124200940132141,1,value_factor,0.4432011842727661,momentum_factor,0.34238797426223755,quality_factor,0.1126963272690773
2022-11-10,300142.SZ,pca,3,cn_a,INDUSTRY_C27,-0.12591762922836988,-0.0891502712796736,-0.12591762922836988,0.4124200940132141,0,momentum_factor,0.41327953338623047,value_factor,0.3144516050815582,quality_factor,0.21446916460990906
2022-11-10,688166.SH,pca,3,cn_a,INDUSTRY_C27,-0.127988063365155,-0.09061614834623057,-0.127988063365155,0.4124200940132141,1,value_factor,0.4497194290161133,momentum_factor,0.32341042160987854,volatility_factor,0.1208622008562088
2022-11-10,600085.SH,pca,3,cn_a,INDUSTRY_C27,-0.14257819620564766,-0.10094603073606942,-0.14257819620564766,0.4124200940132141,0,quality_factor,0.3859643340110779,momentum_factor,0.33336082100868225,volatility_factor,0.20706038177013397
2022-11-10,600276.SH,pca,3,cn_a,INDUSTRY_C27,-0.15693111363918946,-0.11110796350669305,-0.15693111363918946,0.4124200940132141,0,value_factor,0.4607444703578949,momentum_factor,0.2666707932949066,volatility_factor,0.1696358025074005
2022-11-10,002603.SZ,pca,3,cn_a,INDUSTRY_C27,-0.16284771338754853,-0.11529694384131181,-0.16284771338754853,0.4124200940132141,0,value_factor,0.47577378153800964,momentum_factor,0.2384047508239746,volatility_factor,0.2028844654560089
2022-11-10,603658.SH,pca,3,cn_a,INDUSTRY_C27,-0.16306374917710606,-0.11544989819220927,-0.16306374917710606,0.4124200940132141,0,value_factor,0.4575378894805908,momentum_factor,0.23570246994495392,volatility_factor,0.18722672760486603
2022-11-10,688278.SH,pca,3,cn_a,INDUSTRY_C27,-0.17930176879410376,-0.12694649213835585,-0.17930176879410376,0.4124200940132141,0,value_factor,0.48179879784584045,momentum_factor,0.23146775364875793,volatility_factor,0.2134808450937271
2022-11-11,688520.SH,pca,3,cn_a,INDUSTRY_C27,1.3740220397625715,0.6870110198812858,1.3740220397625715,1.0,1,quality_factor,0.8009998798370361,momentum_factor,0.083023801445961,value_factor,0.05944829061627388
2022-11-11,688578.SH,pca,3,cn_a,INDUSTRY_C27,1.34369927769855,0.671849638849275,1.34369927769855,1.0,1,quality_factor,0.6404883861541748,momentum_factor,0.19654639065265656,volatility_factor,0.1270839273929596
2022-11-11,688235.SH,pca,3,cn_a,INDUSTRY_C27,1.2487823477988593,0.6243911738994297,1.2487823477988593,1.0,1,quality_factor,0.40768635272979736,value_factor,0.2893424332141876,momentum_factor,0.16231313347816467
2022-11-11,688180.SH,pca,3,cn_a,INDUSTRY_C27,1.2284568841643342,0.6142284420821671,1.2284568841643342,1.0,1,quality_factor,0.36996710300445557,value_factor,0.31111976504325867,momentum_factor,0.16553249955177307
2022-11-11,688266.SH,pca,3,cn_a,INDUSTRY_C27,1.2209148437779995,0.6104574218889998,1.2209148437779995,1.0,1,quality_factor,0.3576158881187439,value_factor,0.31825074553489685,momentum_factor,0.16658665239810944
2022-11-11,688192.SH,pca,3,cn_a,INDUSTRY_C27,1.1714538987173415,0.5857269493586708,1.1714538987173415,1.0,1,quality_factor,0.482122004032135,value_factor,0.2601207196712494,volatility_factor,0.18342770636081696
2022-11-11,600332.SH,pca,3,cn_a,INDUSTRY_C27,-0.014592002176685437,-0.007296001088342718,-0.014592002176685437,1.0,0,value_factor,0.40089151263237,volatility_factor,0.3938760757446289,quality_factor,0.11026202142238617
2022-11-11,600535.SH,pca,3,cn_a,INDUSTRY_C27,-0.027072699121383992,-0.013536349560691996,-0.027072699121383992,1.0,0,value_factor,0.422168493270874,volatility_factor,0.39334943890571594,quality_factor,0.11540897190570831
2022-11-11,603858.SH,pca,3,cn_a,INDUSTRY_C27,-0.0315894746624934,-0.0157947373312467,-0.0315894746624934,1.0,0,value_factor,0.3903190493583679,volatility_factor,0.3895210921764374,quality_factor,0.1211482360959053
2022-11-11,688336.SH,pca,3,cn_a,INDUSTRY_C27,-0.06031954014173385,-0.030159770070866926,-0.06031954014173385,1.0,0,volatility_factor,0.36404281854629517,momentum_factor,0.2788560390472412,value_factor,0.195304736495018
2022-11-11,603087.SH,pca,3,cn_a,INDUSTRY_C27,-0.06809823453764469,-0.03404911726882234,-0.06809823453764469,1.0,0,volatility_factor,0.3699917197227478,value_factor,0.26477688550949097,momentum_factor,0.20989128947257996
2022-11-11,600062.SH,pca,3,cn_a,INDUSTRY_C27,-0.09164509420935057,-0.04582254710467529,-0.09164509420935057,1.0,1,volatility_factor,0.3536134660243988,momentum_factor,0.2538903057575226,value_factor,0.2009928822517395
2022-11-11,600380.SH,pca,3,cn_a,INDUSTRY_C27,-0.09908860392660288,-0.04954430196330144,-0.09908860392660288,1.0,0,volatility_factor,0.35973966121673584,value_factor,0.3118790090084076,quality_factor,0.19196422398090363
2022-11-11,600329.SH,pca,3,cn_a,INDUSTRY_C27,-0.12194604316762096,-0.06097302158381048,-0.12194604316762096,1.0,0,momentum_factor,0.451562762260437,value_factor,0.40390440821647644,quality_factor,0.13672824203968048
2022-11-11,600521.SH,pca,3,cn_a,INDUSTRY_C27,-0.1241002772804404,-0.0620501386402202,-0.1241002772804404,1.0,1,momentum_factor,0.4440954029560089,quality_factor,0.19253762066364288,volatility_factor,0.1872326135635376
2022-11-11,002821.SZ,pca,3,cn_a,INDUSTRY_C27,-0.1407791866381266,-0.0703895933190633,-0.1407791866381266,1.0,1,momentum_factor,0.4117165207862854,volatility_factor,0.30893993377685547,quality_factor,0.27640295028686523
2022-11-11,603707.SH,pca,3,cn_a,INDUSTRY_C27,-0.15080575660093098,-0.07540287830046549,-0.15080575660093098,1.0,1,momentum_factor,0.38815194368362427,volatility_factor,0.311977744102478,quality_factor,0.27798017859458923
2022-11-11,300558.SZ,pca,3,cn_a,INDUSTRY_C27,-0.15127891628805457,-0.07563945814402728,-0.15127891628805457,1.0,1,momentum_factor,0.3490978181362152,volatility_factor,0.3155379593372345,quality_factor,0.27421799302101135
2022-11-11,002773.SZ,pca,3,cn_a,INDUSTRY_C27,-0.15371876810510837,-0.07685938405255419,-0.15371876810510837,1.0,0,value_factor,0.4287717938423157,volatility_factor,0.339231014251709,quality_factor,0.2059253454208374
2022-11-11,600566.SH,pca,3,cn_a,INDUSTRY_C27,-0.15962845059974268,-0.07981422529987134,-0.15962845059974268,1.0,1,momentum_factor,0.393634170293808,value_factor,0.3322814702987671,quality_factor,0.2407844215631485
2022-11-11,002294.SZ,pca,3,cn_a,INDUSTRY_C27,-0.1614369936049091,-0.08071849680245455,-0.1614369936049091,1.0,0,momentum_factor,0.4218663275241852,value_factor,0.3545016050338745,quality_factor,0.19298693537712097
2022-11-11,002262.SZ,pca,3,cn_a,INDUSTRY_C27,-0.16258507560228772,-0.08129253780114386,-0.16258507560228772,1.0,1,momentum_factor,0.40332213044166565,value_factor,0.26982712745666504,quality_factor,0.23810900747776031
2022-11-11,600161.SH,pca,3,cn_a,INDUSTRY_C27,-0.1675660716605438,-0.0837830358302719,-0.1675660716605438,1.0,1,volatility_factor,0.32037484645843506,quality_factor,0.2785765826702118,momentum_factor,0.22283704578876495
2022-11-11,688166.SH,pca,3,cn_a,INDUSTRY_C27,-0.17755268156828077,-0.08877634078414039,-0.17755268156828077,1.0,1,value_factor,0.40283769369125366,momentum_factor,0.3832167088985443,quality_factor,0.1780436486005783
2022-11-11,688278.SH,pca,3,cn_a,INDUSTRY_C27,-0.18910721063927036,-0.09455360531963518,-0.18910721063927036,1.0,0,value_factor,0.4217365086078644,momentum_factor,0.3754749298095703,quality_factor,0.14321567118167877
2022-11-11,300601.SZ,pca,3,cn_a,INDUSTRY_C27,-0.1992461523450325,-0.09962307617251626,-0.1992461523450325,1.0,1,value_factor,0.35974809527397156,momentum_factor,0.35240912437438965,quality_factor,0.27259498834609985
2022-11-11,603658.SH,pca,3,cn_a,INDUSTRY_C27,-0.20814200082172063,-0.10407100041086031,-0.20814200082172063,1.0,0,quality_factor,0.34955424070358276,momentum_factor,0.3354604244232178,value_factor,0.2449345588684082
2022-11-11,300142.SZ,pca,3,cn_a,INDUSTRY_C27,-0.21656151437860247,-0.10828075718930123,-0.21656151437860247,1.0,0,value_factor,0.37042829394340515,momentum_factor,0.3423255980014801,quality_factor,0.25451424717903137
2022-11-11,600085.SH,pca,3,cn_a,INDUSTRY_C27,-0.21972161394446096,-0.10986080697223048,-0.21972161394446096,1.0,0,quality_factor,0.4600372612476349,volatility_factor,0.24955609440803528,momentum_factor,0.203283429145813
2022-11-11,600276.SH,pca,3,cn_a,INDUSTRY_C27,-0.2243791401560002,-0.1121895700780001,-0.2243791401560002,1.0,0,value_factor,0.3822651505470276,momentum_factor,0.30346232652664185,quality_factor,0.244218111038208
2022-11-11,002603.SZ,pca,3,cn_a,INDUSTRY_C27,-0.22637072448173828,-0.11318536224086914,-0.22637072448173828,1.0,0,value_factor,0.47444960474967957,momentum_factor,0.23992937803268433,volatility_factor,0.20055559277534485
2022-11-11,002007.SZ,pca,3,cn_a,INDUSTRY_C27,-0.2419830185490972,-0.1209915092745486,-0.2419830185490972,1.0,1,quality_factor,0.4190250635147095,value_factor,0.2732750177383423,momentum_factor,0.18389935791492462
2022-11-14,688520.SH,pca,3,cn_a,INDUSTRY_C27,0.965774938681845,0.6870110198812858,0.965774938681845,0.4057633876800537,1,quality_factor,0.8009998798370361,momentum_factor,0.083023801445961,value_factor,0.05944829061627388
2022-11-14,688578.SH,pca,3,cn_a,INDUSTRY_C27,0.9246085110497587,0.6577269824729537,0.9246085110497587,0.4057633876800537,1,quality_factor,0.7254118919372559,momentum_factor,0.17641320824623108,volatility_factor,0.08772172778844833
2022-11-14,688235.SH,pca,3,cn_a,INDUSTRY_C27,0.874387548635774,0.6220019359579317,0.874387548635774,0.4057633876800537,1,quality_factor,0.3981744349002838,value_factor,0.294834166765213,momentum_factor,0.16312497854232788
2022-11-14,688180.SH,pca,3,cn_a,INDUSTRY_C27,0.8621364865743181,0.6132870539451957,0.8621364865743181,0.4057633876800537,1,quality_factor,0.36680838465690613,value_factor,0.3129434585571289,momentum_factor,0.16580209136009216
2022-11-14,688266.SH,pca,3,cn_a,INDUSTRY_C27,0.8442939455108208,0.6005946327170806,0.8442939455108208,0.4057633876800537,1,quality_factor,0.43621882796287537,value_factor,0.2770354449748993,volatility_factor,0.1514837145805359
2022-11-14,688192.SH,pca,3,cn_a,INDUSTRY_C27,0.8157956093704324,0.5803221342367926,0.8157956093704324,0.4057633876800537,1,quality_factor,0.468694806098938,value_factor,0.26971107721328735,volatility_factor,0.1970871388912201
2022-11-14,600332.SH,pca,3,cn_a,INDUSTRY_C27,0.01622993267886251,0.011545280536610747,0.01622993267886251,0.4057633876800537,0,volatility_factor,0.3920982778072357,value_factor,0.313199907541275,momentum_factor,0.19293726980686188
2022-11-14,600535.SH,pca,3,cn_a,INDUSTRY_C27,0.00510269749971321,0.00362984094224722,0.00510269749971321,0.4057633876800537,0,volatility_factor,0.39360636472702026,value_factor,0.3556012809276581,momentum_factor,0.14647875726222992
2022-11-14,603858.SH,pca,3,cn_a,INDUSTRY_C27,0.004443964004574543,0.00316124608417101,0.004443964004574543,0.4057633876800537,0,volatility_factor,0.387555867433548,value_factor,0.28511929512023926,momentum_factor,0.21686242520809174
2022-11-14,600380.SH,pca,3,cn_a,INDUSTRY_C27,-0.01873074475476528,-0.013324251377521523,-0.01873074475476528,0.4057633876800537,0,volatility_factor,0.377805233001709,value_factor,0.2462216019630432,momentum_factor,0.24484604597091675
2022-11-14,600062.SH,pca,3,cn_a,INDUSTRY_C27,-0.027546676068961714,-0.019595528173786264,-0.027546676068961714,0.4057633876800537,1,momentum_factor,0.3996916711330414,volatility_factor,0.3599185645580292,quality_factor,0.15609851479530334
2022-11-14,603087.SH,pca,3,cn_a,INDUSTRY_C27,-0.029992482085758818,-0.02133537005488223,-0.029992482085758818,0.4057633876800537,0,volatility_factor,0.37271568179130554,momentum_factor,0.26004913449287415,value_factor,0.22549836337566376
2022-11-14,688336.SH,pca,3,cn_a,INDUSTRY_C27,-0.03616681760533608,-0.025727528489003088,-0.03616681760533608,0.4057633876800537,0,volatility_factor,0.3625163733959198,momentum_factor,0.326716810464859,quality_factor,0.1593255251646042
2022-11-14,600521.SH,pca,3,cn_a,INDUSTRY_C27,-0.03801597330753156,-0.027042938833589714,-0.03801597330753156,0.4057633876800537,1,momentum_factor,0.4818793833255768,volatility_factor,0.2655022442340851,quality_factor,0.1469675600528717
2022-11-14,600566.SH,pca,3,cn_a,INDUSTRY_C27,-0.04148171291311182,-0.02950831788382932,-0.04148171291311182,0.4057633876800537,1,momentum_factor,0.47889766097068787,value_factor,0.20846731960773468,volatility_factor,0.18112707138061523
2022-11-14,600329.SH,pca,3,cn_a,INDUSTRY_C27,-0.058832739934909485,-0.04185109702707636,-0.058832739934909485,0.4057633876800537,0,momentum_factor,0.470584899187088,value_factor,0.29733526706695557,quality_factor,0.12752172350883484
2022-11-14,002294.SZ,pca,3,cn_a,INDUSTRY_C27,-0.05982783207878122,-0.04255896305388614,-0.05982783207878122,0.4057633876800537,0,momentum_factor,0.47054028511047363,value_factor,0.22289371490478516,volatility_factor,0.16443021595478058
2022-11-14,002262.SZ,pca,3,cn_a,INDUSTRY_C27,-0.07366469479578151,-0.052401915885255154,-0.07366469479578151,0.4057633876800537,1,momentum_factor,0.4522404372692108,volatility_factor,0.2448359876871109,quality_factor,0.19223913550376892
2022-11-14,600161.SH,pca,3,cn_a,INDUSTRY_C27,-0.09145489648138147,-0.0650571051166089,-0.09145489648138147,0.4057633876800537,1,momentum_factor,0.35975182056427,volatility_factor,0.3301014304161072,quality_factor,0.23590153455734253
2022-11-14,002773.SZ,pca,3,cn_a,INDUSTRY_C27,-0.09484241503412884,-0.06746684105256738,-0.09484241503412884,0.4057633876800537,0,value_factor,0.35991209745407104,volatility_factor,0.3559294044971466,quality_factor,0.2086595892906189
2022-11-14,002821.SZ,pca,3,cn_a,INDUSTRY_C27,-0.09764563489750669,-0.06946093187037139,-0.09764563489750669,0.4057633876800537,1,momentum_factor,0.41722020506858826,volatility_factor,0.27911999821662903,quality_factor,0.2599523365497589
2022-11-14,603707.SH,pca,3,cn_a,INDUSTRY_C27,-0.10296417032802078,-0.07324431069295641,-0.10296417032802078,0.4057633876800537,1,momentum_factor,0.40429314970970154,volatility_factor,0.31354066729545593,quality_factor,0.2718789875507355
2022-11-14,300601.SZ,pca,3,cn_a,INDUSTRY_C27,-0.10616843451942562,-0.07552368730746112,-0.10616843451942562,0.4057633876800537,1,momentum_factor,0.4280704855918884,value_factor,0.29790040850639343,quality_factor,0.19417576491832733
2022-11-14,688166.SH,pca,3,cn_a,INDUSTRY_C27,-0.1117089325865215,-0.07946496086434285,-0.1117089325865215,0.4057633876800537,1,momentum_factor,0.429459810256958,value_factor,0.38705071806907654,quality_factor,0.17487889528274536
2022-11-14,300142.SZ,pca,3,cn_a,INDUSTRY_C27,-0.11968466673964313,-0.08513855730526601,-0.11968466673964313,0.4057633876800537,0,momentum_factor,0.422241747379303,value_factor,0.31329721212387085,quality_factor,0.20064939558506012
2022-11-14,688278.SH,pca,3,cn_a,INDUSTRY_C27,-0.12118495193989919,-0.08620579608343051,-0.12118495193989919,0.4057633876800537,0,value_factor,0.43153852224349976,momentum_factor,0.3872135877609253,quality_factor,0.12022574990987778
2022-11-14,600276.SH,pca,3,cn_a,INDUSTRY_C27,-0.13525901207330365,-0.09621748102041769,-0.13525901207330365,0.4057633876800537,0,momentum_factor,0.3912297487258911,value_factor,0.28996336460113525,quality_factor,0.25374162197113037
2022-11-14,300558.SZ,pca,3,cn_a,INDUSTRY_C27,-0.14278552824080942,-0.10157152298328803,-0.14278552824080942,0.4057633876800537,1,quality_factor,0.46091875433921814,momentum_factor,0.290730744600296,volatility_factor,0.24491800367832184
2022-11-14,600085.SH,pca,3,cn_a,INDUSTRY_C27,-0.1431349025632385,-0.10182005294607618,-0.1431349025632385,0.4057633876800537,0,quality_factor,0.4064914286136627,momentum_factor,0.3258650004863739,volatility_factor,0.23933573067188263
2022-11-14,603658.SH,pca,3,cn_a,INDUSTRY_C27,-0.15252983670310116,-0.10850320760937072,-0.15252983670310116,0.4057633876800537,0,quality_factor,0.497722327709198,momentum_factor,0.27032145857810974,volatility_factor,0.22601792216300964
2022-11-14,002603.SZ,pca,3,cn_a,INDUSTRY_C27,-0.16195643537805618,-0.11520888706977539,-0.16195643537805618,0.4057633876800537,0,value_factor,0.47572022676467896,momentum_factor,0.23846639692783356,volatility_factor,0.2027902752161026
2022-11-14,002007.SZ,pca,3,cn_a,INDUSTRY_C27,-0.16240953884492862,-0.1155312055131517,-0.16240953884492862,0.4057633876800537,1,quality_factor,0.607014000415802,value_factor,0.18063437938690186,volatility_factor,0.15503132343292236
2022-11-15,688520.SH,pca,3,cn_a,INDUSTRY_C27,1.0013110756364552,0.6990435054791413,1.0013110756364552,0.4324016571044922,1,quality_factor,0.7064464092254639,momentum_factor,0.10490541160106659,volatility_factor,0.10039742290973663
2022-11-15,688578.SH,pca,3,cn_a,INDUSTRY_C27,0.9461562214691914,0.6605383460542662,0.9461562214691914,0.4324016571044922,1,quality_factor,0.5999124050140381,volatility_factor,0.15136156976222992,value_factor,0.14651936292648315
2022-11-15,688235.SH,pca,3,cn_a,INDUSTRY_C27,0.9315732062478471,0.6503575317910218,0.9315732062478471,0.4324016571044922,1,quality_factor,0.519661009311676,momentum_factor,0.22584982216358185,value_factor,0.21245022118091583
2022-11-15,688266.SH,pca,3,cn_a,INDUSTRY_C27,0.889951168750127,0.6213000133978525,0.889951168750127,0.4324016571044922,1,quality_factor,0.5087385177612305,value_factor,0.226629838347435,momentum_factor,0.18003584444522858
2022-11-15,688180.SH,pca,3,cn_a,INDUSTRY_C27,0.8787386390190955,0.6134722301253192,0.8787386390190955,0.4324016571044922,1,quality_factor,0.3674256503582001,value_factor,0.31258705258369446,momentum_factor,0.16574940085411072
2022-11-15,688192.SH,pca,3,cn_a,INDUSTRY_C27,0.856916671910939,0.5982376993636973,0.856916671910939,0.4324016571044922,1,quality_factor,0.5471078753471375,value_factor,0.2185417264699936,volatility_factor,0.14126960933208466
2022-11-15,603858.SH,pca,3,cn_a,INDUSTRY_C27,0.021868803062656678,0.015267228262541288,0.021868803062656678,0.4324016571044922,0,volatility_factor,0.389698326587677,value_factor,0.26822179555892944,momentum_factor,0.24034149944782257
2022-11-15,600332.SH,pca,3,cn_a,INDUSTRY_C27,0.018117667091086385,0.01264845443400986,0.018117667091086385,0.4324016571044922,0,volatility_factor,0.3955123722553253,value_factor,0.3539147973060608,momentum_factor,0.1522427648305893
2022-11-15,600535.SH,pca,3,cn_a,INDUSTRY_C27,0.003238462192257092,0.00226086180241053,0.003238462192257092,0.4324016571044922,0,volatility_factor,0.3953636884689331,value_factor,0.3821650445461273,momentum_factor,0.11908222734928131
2022-11-15,600566.SH,pca,3,cn_a,INDUSTRY_C27,-0.00954951024194848,-0.0066667824590849745,-0.00954951024194848,0.4324016571044922,1,momentum_factor,0.4957278370857239,volatility_factor,0.2809195816516876,quality_factor,0.12675738334655762
2022-11-15,600380.SH,pca,3,cn_a,INDUSTRY_C27,-0.0101959354685265,-0.007118070143214528,-0.0101959354685265,0.4324016571044922,0,volatility_factor,0.3828219473361969,value_factor,0.27504920959472656,momentum_factor,0.2207876741886139
2022-11-15,603087.SH,pca,3,cn_a,INDUSTRY_C27,-0.024408015627981533,-0.017039924176938448,-0.024408015627981533,0.4324016571044922,0,volatility_factor,0.3762529194355011,momentum_factor,0.24659781157970428,value_factor,0.24269382655620575
2022-11-15,688336.SH,pca,3,cn_a,INDUSTRY_C27,-0.058989446536482665,-0.04118219651862595,-0.058989446536482665,0.4324016571044922,0,volatility_factor,0.3523674011230469,momentum_factor,0.294442743062973,quality_factor,0.1895458996295929
2022-11-15,600062.SH,pca,3,cn_a,INDUSTRY_C27,-0.06369140633450952,-0.04446476727991058,-0.06369140633450952,0.4324016571044922,1,volatility_factor,0.35095810890197754,momentum_factor,0.2913927435874939,quality_factor,0.19326066970825195
2022-11-15,600329.SH,pca,3,cn_a,INDUSTRY_C27,-0.0640560311984236,-0.04471932218223536,-0.0640560311984236,0.4324016571044922,0,momentum_factor,0.46606382727622986,value_factor,0.2587781548500061,quality_factor,0.1420019119977951
2022-11-15,600521.SH,pca,3,cn_a,INDUSTRY_C27,-0.06499895578653507,-0.04537760443388922,-0.06499895578653507,0.4324016571044922,1,momentum_factor,0.46255773305892944,volatility_factor,0.2934083342552185,quality_factor,0.18649893999099731
2022-11-15,002821.SZ,pca,3,cn_a,INDUSTRY_C27,-0.06603110491894916,-0.04609817685664144,-0.06603110491894916,0.4324016571044922,1,momentum_factor,0.415418416261673,volatility_factor,0.3420420289039612,quality_factor,0.19845983386039734
2022-11-15,300601.SZ,pca,3,cn_a,INDUSTRY_C27,-0.06697106331483772,-0.04675438832583831,-0.06697106331483772,0.4324016571044922,1,momentum_factor,0.46505382657051086,volatility_factor,0.18982963263988495,value_factor,0.18759004771709442
2022-11-15,002294.SZ,pca,3,cn_a,INDUSTRY_C27,-0.08001798276540345,-0.055862810803468804,-0.08001798276540345,0.4324016571044922,0,momentum_factor,0.4493405520915985,volatility_factor,0.2758176326751709,quality_factor,0.20480181276798248
2022-11-15,688166.SH,pca,3,cn_a,INDUSTRY_C27,-0.09918204405062053,-0.06924178253961996,-0.09918204405062053,0.4324016571044922,1,momentum_factor,0.4420028328895569,value_factor,0.3119167983531952,quality_factor,0.1697106510400772
2022-11-15,300142.SZ,pca,3,cn_a,INDUSTRY_C27,-0.1115313029628017,-0.077863148516775,-0.1115313029628017,0.4324016571044922,0,momentum_factor,0.42879846692085266,value_factor,0.21858254075050354,quality_factor,0.2086251974105835
2022-11-15,002262.SZ,pca,3,cn_a,INDUSTRY_C27,-0.11383329058941663,-0.07947023101015067,-0.11383329058941663,0.4324016571044922,1,volatility_factor,0.31640756130218506,quality_factor,0.2820100784301758,momentum_factor,0.27470794320106506
2022-11-15,600276.SH,pca,3,cn_a,INDUSTRY_C27,-0.12356620052647821,-0.08626504996947527,-0.12356620052647821,0.4324016571044922,0,momentum_factor,0.4062674045562744,quality_factor,0.2516162693500519,value_factor,0.1786213368177414
2022-11-15,002773.SZ,pca,3,cn_a,INDUSTRY_C27,-0.12806777684342818,-0.08940772737048416,-0.12806777684342818,0.4324016571044922,0,value_factor,0.41624489426612854,volatility_factor,0.28577619791030884,quality_factor,0.20924101769924164
2022-11-15,600161.SH,pca,3,cn_a,INDUSTRY_C27,-0.1286806710648732,-0.08983560611413484,-0.1286806710648732,0.4324016571044922,1,quality_factor,0.34891191124916077,momentum_factor,0.3140556514263153,volatility_factor,0.28789862990379333
2022-11-15,688278.SH,pca,3,cn_a,INDUSTRY_C27,-0.14515869096033543,-0.10133937659201288,-0.14515869096033543,0.4324016571044922,0,momentum_factor,0.3890833854675293,value_factor,0.38803625106811523,quality_factor,0.20452743768692017
2022-11-15,603707.SH,pca,3,cn_a,INDUSTRY_C27,-0.14686020051446952,-0.10252724840554706,-0.14686020051446952,0.4324016571044922,1,quality_factor,0.37643808126449585,momentum_factor,0.32836437225341797,value_factor,0.1629597544670105
2022-11-15,300558.SZ,pca,3,cn_a,INDUSTRY_C27,-0.1580771258849739,-0.11035810039798241,-0.1580771258849739,0.4324016571044922,1,quality_factor,0.5065697431564331,momentum_factor,0.2508509159088135,volatility_factor,0.12565338611602783
2022-11-15,002603.SZ,pca,3,cn_a,INDUSTRY_C27,-0.1676591499048338,-0.11704758164253035,-0.1676591499048338,0.4324016571044922,0,value_factor,0.4768097996711731,momentum_factor,0.2372119128704071,volatility_factor,0.20470654964447021
2022-11-15,002007.SZ,pca,3,cn_a,INDUSTRY_C27,-0.19252611141466744,-0.134407908884891,-0.19252611141466744,0.4324016571044922,1,quality_factor,0.5239740610122681,momentum_factor,0.27807894349098206,volatility_factor,0.17076051235198975
2022-11-15,600085.SH,pca,3,cn_a,INDUSTRY_C27,-0.23338961128636124,-0.1629358707655668,-0.23338961128636124,0.4324016571044922,0,quality_factor,0.29462143778800964,volatility_factor,0.2872726023197174,value_factor,0.21442911028862
2022-11-15,603658.SH,pca,3,cn_a,INDUSTRY_C27,-0.3079143588003817,-0.21496369909457572,-0.3079143588003817,0.4324016571044922,0,momentum_factor,0.46281254291534424,volatility_factor,0.3276141881942749,quality_factor,0.18453824520111084
2022-11-16,688520.SH,pca,3,cn_a,INDUSTRY_C27,0.8644158900209044,0.6870110198812858,0.8644158900209044,0.25822705030441284,1,quality_factor,0.8009998798370361,momentum_factor,0.083023801445961,value_factor,0.05944829061627388
2022-11-16,688235.SH,pca,3,cn_a,INDUSTRY_C27,0.8189666402045302,0.6508893615109944,0.8189666402045302,0.25822705030441284,1,quality_factor,0.4799426198005676,value_factor,0.23604129254817963,momentum_factor,0.22523602843284607
2022-11-16,688578.SH,pca,3,cn_a,INDUSTRY_C27,0.8139605536532142,0.6469106787184435,0.8139605536532142,0.25822705030441284,1,quality_factor,0.7414706945419312,momentum_factor,0.1124500259757042,volatility_factor,0.08344254642724991
2022-11-16,688266.SH,pca,3,cn_a,INDUSTRY_C27,0.7732340652013372,0.6145425250432135,0.7732340652013372,0.25822705030441284,1,quality_factor,0.5430996417999268,value_factor,0.21002201735973358,momentum_factor,0.15795263648033142
2022-11-16,688180.SH,pca,3,cn_a,INDUSTRY_C27,0.7725640698022435,0.6140100334176419,0.7725640698022435,0.25822705030441284,1,quality_factor,0.36922961473464966,value_factor,0.3115455210208893,momentum_factor,0.1655954271554947
2022-11-16,688192.SH,pca,3,cn_a,INDUSTRY_C27,0.7610608668099202,0.6048676433819077,0.7610608668099202,0.25822705030441284,1,quality_factor,0.5941598415374756,value_factor,0.18900471925735474,volatility_factor,0.11356250196695328
2022-11-16,600535.SH,pca,3,cn_a,INDUSTRY_C27,-0.007633758519164433,-0.006067075219604978,-0.007633758519164433,0.25822705030441284,0,value_factor,0.3987758159637451,volatility_factor,0.39412373304367065,quality_factor,0.10947666317224503
2022-11-16,603858.SH,pca,3,cn_a,INDUSTRY_C27,-0.009394672947964927,-0.0074665955565398345,-0.009394672947964927,0.25822705030441284,0,volatility_factor,0.38332125544548035,value_factor,0.28222185373306274,momentum_factor,0.2124745398759842
2022-11-16,600380.SH,pca,3,cn_a,INDUSTRY_C27,-0.009399354843769112,-0.007470316582551206,-0.009399354843769112,0.25822705030441284,0,volatility_factor,0.3844107985496521,value_factor,0.29441699385643005,momentum_factor,0.2012685090303421
2022-11-16,600332.SH,pca,3,cn_a,INDUSTRY_C27,-0.011071649109286945,-0.008799404354025708,-0.011071649109286945,0.25822705030441284,0,volatility_factor,0.391961008310318,value_factor,0.3851895332336426,quality_factor,0.1132255345582962
2022-11-16,688336.SH,pca,3,cn_a,INDUSTRY_C27,-0.0544266068563235,-0.04325658414740194,-0.0544266068563235,0.25822705030441284,0,volatility_factor,0.3469918966293335,momentum_factor,0.31583476066589355,quality_factor,0.2005295753479004
2022-11-16,603707.SH,pca,3,cn_a,INDUSTRY_C27,-0.06001889246353367,-0.04770115982310358,-0.06001889246353367,0.25822705030441284,1,momentum_factor,0.4615289568901062,volatility_factor,0.26508453488349915,quality_factor,0.18153998255729675
2022-11-16,603087.SH,pca,3,cn_a,INDUSTRY_C27,-0.06413219291885276,-0.05097028383332809,-0.06413219291885276,0.25822705030441284,0,volatility_factor,0.35000932216644287,momentum_factor,0.2426307052373886,value_factor,0.205296128988266
2022-11-16,300601.SZ,pca,3,cn_a,INDUSTRY_C27,-0.06601612028993381,-0.05246757105297575,-0.06601612028993381,0.25822705030441284,1,momentum_factor,0.4618820250034332,value_factor,0.27690038084983826,quality_factor,0.14528734982013702
2022-11-16,002821.SZ,pca,3,cn_a,INDUSTRY_C27,-0.06694356709231693,-0.0532046770929578,-0.06694356709231693,0.25822705030441284,1,momentum_factor,0.43371349573135376,volatility_factor,0.33257660269737244,quality_factor,0.22010581195354462
2022-11-16,600521.SH,pca,3,cn_a,INDUSTRY_C27,-0.07048524817629295,-0.05601949570247894,-0.07048524817629295,0.25822705030441284,1,momentum_factor,0.44722166657447815,volatility_factor,0.29540926218032837,quality_factor,0.21303609013557434
2022-11-16,600566.SH,pca,3,cn_a,INDUSTRY_C27,-0.0725208325361085,-0.05763731520722851,-0.0725208325361085,0.25822705030441284,1,momentum_factor,0.4339431822299957,volatility_factor,0.2673914134502411,quality_factor,0.22826428711414337
2022-11-16,300142.SZ,pca,3,cn_a,INDUSTRY_C27,-0.07881220127796149,-0.06263750054126388,-0.07881220127796149,0.25822705030441284,0,momentum_factor,0.45430099964141846,value_factor,0.265222430229187,quality_factor,0.15964671969413757
2022-11-16,002294.SZ,pca,3,cn_a,INDUSTRY_C27,-0.08798483653801427,-0.06992762740931059,-0.08798483653801427,0.25822705030441284,0,momentum_factor,0.43353965878486633,value_factor,0.2085345834493637,quality_factor,0.20285898447036743
2022-11-16,688166.SH,pca,3,cn_a,INDUSTRY_C27,-0.0881852443421566,-0.07008690533502372,-0.0881852443421566,0.25822705030441284,1,momentum_factor,0.4426151514053345,value_factor,0.3428111672401428,quality_factor,0.16279900074005127
2022-11-16,002262.SZ,pca,3,cn_a,INDUSTRY_C27,-0.09029117448898746,-0.07176063349605744,-0.09029117448898746,0.25822705030441284,1,volatility_factor,0.3248128890991211,momentum_factor,0.30980223417282104,quality_factor,0.2560841143131256
2022-11-16,600062.SH,pca,3,cn_a,INDUSTRY_C27,-0.09612171572614855,-0.07639456737909268,-0.09612171572614855,0.25822705030441284,1,quality_factor,0.4125537574291229,momentum_factor,0.3224525451660156,volatility_factor,0.2535538375377655
2022-11-16,600329.SH,pca,3,cn_a,INDUSTRY_C27,-0.09682439120022017,-0.07695303211772195,-0.09682439120022017,0.25822705030441284,0,value_factor,0.43518179655075073,momentum_factor,0.36571845412254333,quality_factor,0.12079489976167679
2022-11-16,600161.SH,pca,3,cn_a,INDUSTRY_C27,-0.10624025764357295,-0.08443647160904982,-0.10624025764357295,0.25822705030441284,1,momentum_factor,0.37839847803115845,quality_factor,0.3246558904647827,volatility_factor,0.27289384603500366
2022-11-16,600276.SH,pca,3,cn_a,INDUSTRY_C27,-0.10660972775662172,-0.08473011503012941,-0.10660972775662172,0.25822705030441284,0,momentum_factor,0.41412806510925293,quality_factor,0.229977548122406,value_factor,0.22695113718509674
2022-11-16,300558.SZ,pca,3,cn_a,INDUSTRY_C27,-0.13996226083763608,-0.11123767699438006,-0.13996226083763608,0.25822705030441284,1,quality_factor,0.4142695367336273,value_factor,0.2922629415988922,momentum_factor,0.288255900144577
2022-11-16,688278.SH,pca,3,cn_a,INDUSTRY_C27,-0.14054388124661785,-0.11169993091054611,-0.14054388124661785,0.25822705030441284,0,value_factor,0.40396150946617126,momentum_factor,0.32675090432167053,quality_factor,0.1939021795988083
2022-11-16,002773.SZ,pca,3,cn_a,INDUSTRY_C27,-0.14308837276195766,-0.11372221408605623,-0.14308837276195766,0.25822705030441284,0,value_factor,0.397443562746048,momentum_factor,0.23506277799606323,quality_factor,0.1996384561061859
2022-11-16,002007.SZ,pca,3,cn_a,INDUSTRY_C27,-0.14352982788680074,-0.11407306896858614,-0.14352982788680074,0.25822705030441284,1,quality_factor,0.7616381645202637,volatility_factor,0.13993088901042938,value_factor,0.06181410700082779
2022-11-16,002603.SZ,pca,3,cn_a,INDUSTRY_C27,-0.14838174073781066,-0.11792921927149974,-0.14838174073781066,0.25822705030441284,0,value_factor,0.4773118197917938,momentum_factor,0.23663392663002014,volatility_factor,0.2055894434452057
2022-11-16,600085.SH,pca,3,cn_a,INDUSTRY_C27,-0.1818790114084332,-0.14455181419638868,-0.1818790114084332,0.25822705030441284,0,quality_factor,0.4863743185997009,volatility_factor,0.1963704526424408,value_factor,0.16753354668617249
2022-11-16,603658.SH,pca,3,cn_a,INDUSTRY_C27,-0.22257166411633164,-0.176893076268575,-0.22257166411633164,0.25822705030441284,0,momentum_factor,0.4276765286922455,quality_factor,0.2953575849533081,volatility_factor,0.27526307106018066
2022-11-17,688520.SH,pca,3,cn_a,INDUSTRY_C27,0.8114576330786375,0.6870110198812858,0.8114576330786375,0.18114207684993744,1,quality_factor,0.8009998798370361,momentum_factor,0.083023801445961,value_factor,0.05944829061627388
2022-11-17,688235.SH,pca,3,cn_a,INDUSTRY_C27,0.7655335112647993,0.6481299046161837,0.7655335112647993,0.18114207684993744,1,quality_factor,0.47666966915130615,value_factor,0.23932571709156036,momentum_factor,0.2172054946422577
2022-11-17,688578.SH,pca,3,cn_a,INDUSTRY_C27,0.7639908759635697,0.6468238506604378,0.7639908759635697,0.18114207684993744,1,quality_factor,0.7413130402565002,momentum_factor,0.10912413895130157,volatility_factor,0.08369159698486328
2022-11-17,688266.SH,pca,3,cn_a,INDUSTRY_C27,0.746650807382618,0.6321430864221197,0.746650807382618,0.18114207684993744,1,quality_factor,0.5619862079620361,momentum_factor,0.21001344919204712,value_factor,0.1901058405637741
2022-11-17,688192.SH,pca,3,cn_a,INDUSTRY_C27,0.7387195364490244,0.6254281695725855,0.7387195364490244,0.18114207684993744,1,quality_factor,0.6749520301818848,momentum_factor,0.16488146781921387,value_factor,0.13087674975395203
2022-11-17,688180.SH,pca,3,cn_a,INDUSTRY_C27,0.7250585478216339,0.6138622549186276,0.7250585478216339,0.18114207684993744,1,quality_factor,0.368732213973999,value_factor,0.3118326961994171,momentum_factor,0.16563788056373596
2022-11-17,600535.SH,pca,3,cn_a,INDUSTRY_C27,0.032932303569282305,0.027881745811343173,0.032932303569282305,0.18114207684993744,0,volatility_factor,0.3879609704017639,momentum_factor,0.31460970640182495,value_factor,0.20100723206996918
2022-11-17,600380.SH,pca,3,cn_a,INDUSTRY_C27,0.0031302123229268184,0.0026501572882616786,0.0031302123229268184,0.18114207684993744,0,volatility_factor,0.3852250576019287,value_factor,0.2663622498512268,momentum_factor,0.23508311808109283
2022-11-17,603858.SH,pca,3,cn_a,INDUSTRY_C27,0.0014032059951056889,0.001188007780694167,0.0014032059951056889,0.18114207684993744,0,volatility_factor,0.37708353996276855,momentum_factor,0.3326214551925659,value_factor,0.1682613044977188
2022-11-17,600332.SH,pca,3,cn_a,INDUSTRY_C27,-0.017202332402777288,-0.014564151530044978,-0.017202332402777288,0.18114207684993744,0,volatility_factor,0.38663938641548157,value_factor,0.35173940658569336,momentum_factor,0.1385263055562973
2022-11-17,600566.SH,pca,3,cn_a,INDUSTRY_C27,-0.036437859228195285,-0.030849683101356967,-0.036437859228195285,0.18114207684993744,1,momentum_factor,0.4767964780330658,volatility_factor,0.2136644721031189,value_factor,0.16670629382133484
2022-11-17,688336.SH,pca,3,cn_a,INDUSTRY_C27,-0.040416353307383864,-0.034218028118416066,-0.040416353307383864,0.18114207684993744,0,momentum_factor,0.42973148822784424,volatility_factor,0.34388646483421326,quality_factor,0.19341591000556946
2022-11-17,300601.SZ,pca,3,cn_a,INDUSTRY_C27,-0.054836036848789606,-0.046426282859408224,-0.054836036848789606,0.18114207684993744,1,momentum_factor,0.4672467112541199,value_factor,0.24495989084243774,volatility_factor,0.1447562724351883
2022-11-17,300142.SZ,pca,3,cn_a,INDUSTRY_C27,-0.05835464939691468,-0.04940527461044181,-0.05835464939691468,0.18114207684993744,0,momentum_factor,0.4668377637863159,value_factor,0.21714243292808533,volatility_factor,0.16676397621631622
2022-11-17,603087.SH,pca,3,cn_a,INDUSTRY_C27,-0.05972747580941387,-0.05056756187637432,-0.05972747580941387,0.18114207684993744,0,volatility_factor,0.3548769950866699,value_factor,0.24062131345272064,momentum_factor,0.2106626033782959
2022-11-17,002821.SZ,pca,3,cn_a,INDUSTRY_C27,-0.059920000792140986,-0.05073056087884123,-0.059920000792140986,0.18114207684993744,1,momentum_factor,0.43055522441864014,volatility_factor,0.33546116948127747,quality_factor,0.21321876347064972
2022-11-17,002262.SZ,pca,3,cn_a,INDUSTRY_C27,-0.06138057677420153,-0.05196714028132038,-0.06138057677420153,0.18114207684993744,1,momentum_factor,0.3645525872707367,volatility_factor,0.3427717685699463,quality_factor,0.20327821373939514
2022-11-17,600062.SH,pca,3,cn_a,INDUSTRY_C27,-0.06788057951629105,-0.057470290823058295,-0.06788057951629105,0.18114207684993744,1,volatility_factor,0.3285362422466278,momentum_factor,0.3088001608848572,quality_factor,0.24839039146900177
2022-11-17,002294.SZ,pca,3,cn_a,INDUSTRY_C27,-0.06791334335343333,-0.05749802993875919,-0.06791334335343333,0.18114207684993744,0,momentum_factor,0.4533013701438904,value_factor,0.21064281463623047,quality_factor,0.1715116798877716
2022-11-17,688166.SH,pca,3,cn_a,INDUSTRY_C27,-0.07074536907831436,-0.059895731066048986,-0.07074536907831436,0.18114207684993744,1,momentum_factor,0.45582717657089233,value_factor,0.3228209614753723,quality_factor,0.1459599733352661
2022-11-17,002773.SZ,pca,3,cn_a,INDUSTRY_C27,-0.07477051060691238,-0.06330356959513786,-0.07477051060691238,0.18114207684993744,0,value_factor,0.3932223916053772,volatility_factor,0.36525675654411316,quality_factor,0.18774110078811646
2022-11-17,600329.SH,pca,3,cn_a,INDUSTRY_C27,-0.08344656769446601,-0.07064905084429982,-0.08344656769446601,0.18114207684993744,0,value_factor,0.42674747109413147,momentum_factor,0.4017644226551056,quality_factor,0.12540078163146973
2022-11-17,600521.SH,pca,3,cn_a,INDUSTRY_C27,-0.08761928713810295,-0.07418183447192475,-0.08761928713810295,0.18114207684993744,1,momentum_factor,0.4186643362045288,quality_factor,0.24192199110984802,volatility_factor,0.21282586455345154
2022-11-17,603707.SH,pca,3,cn_a,INDUSTRY_C27,-0.0898340074666042,-0.07605690127715375,-0.0898340074666042,0.18114207684993744,1,momentum_factor,0.4128169119358063,quality_factor,0.26240402460098267,volatility_factor,0.2565611004829407
2022-11-17,600276.SH,pca,3,cn_a,INDUSTRY_C27,-0.09273502864881442,-0.07851301659339766,-0.09273502864881442,0.18114207684993744,0,momentum_factor,0.4222107231616974,quality_factor,0.229475200176239,volatility_factor,0.1845150738954544
2022-11-17,600161.SH,pca,3,cn_a,INDUSTRY_C27,-0.10121470845707478,-0.08569223733870937,-0.10121470845707478,0.18114207684993744,1,momentum_factor,0.3797970712184906,quality_factor,0.3124358654022217,volatility_factor,0.23159059882164001
2022-11-17,002007.SZ,pca,3,cn_a,INDUSTRY_C27,-0.13334585379076555,-0.11289569199339435,-0.13334585379076555,0.18114207684993744,1,quality_factor,0.7632929086685181,volatility_factor,0.13610436022281647,momentum_factor,0.09761831909418106
2022-11-17,002603.SZ,pca,3,cn_a,INDUSTRY_C27,-0.1411742756976435,-0.11952353292934129,-0.1411742756976435,0.18114207684993744,0,value_factor,0.4781879484653473,momentum_factor,0.23562513291835785,volatility_factor,0.20713037252426147
2022-11-17,300558.SZ,pca,3,cn_a,INDUSTRY_C27,-0.14610586195692266,-0.12369880218248241,-0.14610586195692266,0.18114207684993744,1,quality_factor,0.49698731303215027,value_factor,0.2826116979122162,momentum_factor,0.12890253961086273
2022-11-17,688278.SH,pca,3,cn_a,INDUSTRY_C27,-0.1554028929004173,-0.13157002361165981,-0.1554028929004173,0.18114207684993744,0,value_factor,0.36962220072746277,quality_factor,0.29771292209625244,momentum_factor,0.21479573845863342
2022-11-17,600085.SH,pca,3,cn_a,INDUSTRY_C27,-0.18312562447547592,-0.15504114683101639,-0.18312562447547592,0.18114207684993744,0,quality_factor,0.33000463247299194,volatility_factor,0.27247536182403564,value_factor,0.2422342598438263
2022-11-17,603658.SH,pca,3,cn_a,INDUSTRY_C27,-0.2369914127346742,-0.2006459801828951,-0.2369914127346742,0.18114207684993744,0,momentum_factor,0.41947177052497864,volatility_factor,0.3203701078891754,quality_factor,0.20394007861614227
2022-11-18,688520.SH,pca,3,cn_a,INDUSTRY_C27,0.834540447525504,0.6870110198812858,0.834540447525504,0.21474096179008484,1,quality_factor,0.8009998798370361,momentum_factor,0.083023801445961,value_factor,0.05944829061627388
2022-11-18,688578.SH,pca,3,cn_a,INDUSTRY_C27,0.8064414532992452,0.6638793445523551,0.8064414532992452,0.21474096179008484,1,quality_factor,0.5937691926956177,volatility_factor,0.15372468531131744,value_factor,0.13966067135334015
2022-11-18,688180.SH,pca,3,cn_a,INDUSTRY_C27,0.7894195448611201,0.6498665561835267,0.7894195448611201,0.21474096179008484,1,quality_factor,0.3981432616710663,value_factor,0.28199735283851624,momentum_factor,0.23969876766204834
2022-11-18,688235.SH,pca,3,cn_a,INDUSTRY_C27,0.7757359538409375,0.6386019400102924,0.7757359538409375,0.21474096179008484,1,quality_factor,0.5814483165740967,momentum_factor,0.19053144752979279,value_factor,0.1818453073501587
2022-11-18,688266.SH,pca,3,cn_a,INDUSTRY_C27,0.7686226259015918,0.6327461007914142,0.7686226259015918,0.21474096179008484,1,quality_factor,0.6932802200317383,momentum_factor,0.19713720679283142,value_factor,0.06581996381282806
2022-11-18,688192.SH,pca,3,cn_a,INDUSTRY_C27,0.736849396351886,0.6065897186740592,0.736849396351886,0.21474096179008484,1,quality_factor,0.7887450456619263,value_factor,0.07840168476104736,momentum_factor,0.07671710103750229
2022-11-18,600535.SH,pca,3,cn_a,INDUSTRY_C27,0.04496114242799988,0.03701294575484787,0.04496114242799988,0.21474096179008484,0,volatility_factor,0.3895154297351837,momentum_factor,0.3217169940471649,value_factor,0.19737136363983154
2022-11-18,603858.SH,pca,3,cn_a,INDUSTRY_C27,0.0332695232324113,0.027388162137179706,0.0332695232324113,0.21474096179008484,0,volatility_factor,0.38613182306289673,momentum_factor,0.33433640003204346,value_factor,0.18112580478191376
2022-11-18,600380.SH,pca,3,cn_a,INDUSTRY_C27,0.004246003856490451,0.0034953985136570997,0.004246003856490451,0.21474096179008484,0,volatility_factor,0.3839111626148224,momentum_factor,0.25438395142555237,value_factor,0.24756157398223877
2022-11-18,600332.SH,pca,3,cn_a,INDUSTRY_C27,-0.005944179379521218,-0.004893371855121953,-0.005944179379521218,0.21474096179008484,0,volatility_factor,0.3889395594596863,value_factor,0.33513450622558594,momentum_factor,0.1618848592042923
2022-11-18,600062.SH,pca,3,cn_a,INDUSTRY_C27,-0.009914350864586863,-0.008161699434864805,-0.009914350864586863,0.21474096179008484,1,momentum_factor,0.4916713237762451,volatility_factor,0.35821476578712463,quality_factor,0.14828255772590637
2022-11-18,300142.SZ,pca,3,cn_a,INDUSTRY_C27,-0.022809887791383113,-0.018777573119913876,-0.022809887791383113,0.21474096179008484,0,momentum_factor,0.49013638496398926,value_factor,0.20816755294799805,volatility_factor,0.18724042177200317
2022-11-18,688336.SH,pca,3,cn_a,INDUSTRY_C27,-0.025448272628101846,-0.02094954628537038,-0.025448272628101846,0.21474096179008484,0,momentum_factor,0.3981366753578186,volatility_factor,0.3587780296802521,quality_factor,0.15943771600723267
2022-11-18,300601.SZ,pca,3,cn_a,INDUSTRY_C27,-0.027959859504427798,-0.023017136737746163,-0.027959859504427798,0.21474096179008484,1,momentum_factor,0.4858747124671936,volatility_factor,0.21752306818962097,value_factor,0.16788510978221893
2022-11-18,600566.SH,pca,3,cn_a,INDUSTRY_C27,-0.03282961828113078,-0.027026023249692388,-0.03282961828113078,0.21474096179008484,1,momentum_factor,0.4776555001735687,volatility_factor,0.3266128897666931,quality_factor,0.1682496964931488
2022-11-18,603087.SH,pca,3,cn_a,INDUSTRY_C27,-0.040698274340062644,-0.03350366425579429,-0.040698274340062644,0.21474096179008484,0,volatility_factor,0.3634973466396332,momentum_factor,0.2732539474964142,value_factor,0.19970102608203888
2022-11-18,002294.SZ,pca,3,cn_a,INDUSTRY_C27,-0.053344525925676706,-0.04391432107329088,-0.053344525925676706,0.21474096179008484,0,momentum_factor,0.4641929566860199,volatility_factor,0.30117809772491455,quality_factor,0.18558523058891296
2022-11-18,600161.SH,pca,3,cn_a,INDUSTRY_C27,-0.05536640088541278,-0.04557877051043846,-0.05536640088541278,0.21474096179008484,1,momentum_factor,0.46619531512260437,volatility_factor,0.19516527652740479,value_factor,0.181777685880661
2022-11-18,688166.SH,pca,3,cn_a,INDUSTRY_C27,-0.06432813016049158,-0.05295625207820118,-0.06432813016049158,0.21474096179008484,1,momentum_factor,0.4626222848892212,value_factor,0.29287418723106384,quality_factor,0.1410851627588272
2022-11-18,600521.SH,pca,3,cn_a,INDUSTRY_C27,-0.07144921372677952,-0.058818475890170266,-0.07144921372677952,0.21474096179008484,1,momentum_factor,0.4456959664821625,volatility_factor,0.2523496150970459,quality_factor,0.20537960529327393
2022-11-18,600329.SH,pca,3,cn_a,INDUSTRY_C27,-0.0767563006180903,-0.06318737998416457,-0.0767563006180903,0.21474096179008484,0,momentum_factor,0.4453910291194916,value_factor,0.41557085514068604,quality_factor,0.13291090726852417
2022-11-18,603707.SH,pca,3,cn_a,INDUSTRY_C27,-0.07865823343025764,-0.06475309055566188,-0.07865823343025764,0.21474096179008484,1,momentum_factor,0.4338717758655548,volatility_factor,0.29350656270980835,quality_factor,0.2353779375553131
2022-11-18,002262.SZ,pca,3,cn_a,INDUSTRY_C27,-0.083842543334288,-0.06902092208510935,-0.083842543334288,0.21474096179008484,1,momentum_factor,0.37154003977775574,volatility_factor,0.32038769125938416,quality_factor,0.2591671049594879
2022-11-18,002007.SZ,pca,3,cn_a,INDUSTRY_C27,-0.09302361445512829,-0.076578970413424,-0.09302361445512829,0.21474096179008484,1,momentum_factor,0.4133410155773163,quality_factor,0.23229378461837769,value_factor,0.21886955201625824
2022-11-18,002821.SZ,pca,3,cn_a,INDUSTRY_C27,-0.09345269364712222,-0.07693219731114435,-0.09345269364712222,0.21474096179008484,1,momentum_factor,0.4073284864425659,quality_factor,0.2506226897239685,value_factor,0.17239347100257874
2022-11-18,002773.SZ,pca,3,cn_a,INDUSTRY_C27,-0.10242704698782007,-0.08432007127177636,-0.10242704698782007,0.21474096179008484,0,value_factor,0.38003459572792053,volatility_factor,0.3313739597797394,quality_factor,0.2800620198249817
2022-11-18,600276.SH,pca,3,cn_a,INDUSTRY_C27,-0.10429912954949404,-0.08586120849743288,-0.10429912954949404,0.21474096179008484,0,momentum_factor,0.40336737036705017,quality_factor,0.26480916142463684,volatility_factor,0.1980508267879486
2022-11-18,002603.SZ,pca,3,cn_a,INDUSTRY_C27,-0.14629796394323838,-0.12043552078658018,-0.14629796394323838,0.21474096179008484,0,value_factor,0.47867169976234436,momentum_factor,0.2350681722164154,volatility_factor,0.2079811543226242
2022-11-18,300558.SZ,pca,3,cn_a,INDUSTRY_C27,-0.16435643106256856,-0.13530162577877056,-0.16435643106256856,0.21474096179008484,1,quality_factor,0.44979435205459595,value_factor,0.3059088885784149,volatility_factor,0.22055821120738983
2022-11-18,688278.SH,pca,3,cn_a,INDUSTRY_C27,-0.1833849341983468,-0.15096628455581054,-0.1833849341983468,0.21474096179008484,0,quality_factor,0.43887463212013245,value_factor,0.3262057900428772,volatility_factor,0.22729235887527466
2022-11-18,600085.SH,pca,3,cn_a,INDUSTRY_C27,-0.20695970491116672,-0.17037352517417123,-0.20695970491116672,0.21474096179008484,0,volatility_factor,0.29905861616134644,quality_factor,0.26543736457824707,momentum_factor,0.2512107491493225
2022-11-18,603658.SH,pca,3,cn_a,INDUSTRY_C27,-0.2969934523740211,-0.2444911750155822,-0.2969934523740211,0.21474096179008484,0,momentum_factor,0.39424097537994385,volatility_factor,0.3615137040615082,quality_factor,0.12242946028709412
2022-11-21,688520.SH,pca,3,cn_a,INDUSTRY_C27,1.1365278817011597,0.6870110198812858,1.1365278817011597,0.6543080806732178,1,quality_factor,0.8009998798370361,momentum_factor,0.083023801445961,value_factor,0.05944829061627388
2022-11-21,688578.SH,pca,3,cn_a,INDUSTRY_C27,1.1052521831987911,0.6681054128376201,1.1052521831987911,0.6543080806732178,1,quality_factor,0.6042394042015076,volatility_factor,0.14701397716999054,momentum_factor,0.1456812173128128
2022-11-21,688266.SH,pca,3,cn_a,INDUSTRY_C27,1.0263194166441545,0.6203919503472991,1.0263194166441545,0.6543080806732178,1,quality_factor,0.6273534297943115,momentum_factor,0.16977985203266144,value_factor,0.1582133173942566
2022-11-21,688235.SH,pca,3,cn_a,INDUSTRY_C27,1.018531488620108,0.6156842854842481,1.018531488620108,0.6543080806732178,1,quality_factor,0.4862813949584961,value_factor,0.24773412942886353,momentum_factor,0.13333706557750702
2022-11-21,688180.SH,pca,3,cn_a,INDUSTRY_C27,1.0142604142868685,0.6131024965278034,1.0142604142868685,0.6543080806732178,1,quality_factor,0.3661951422691345,value_factor,0.3132975101470947,momentum_factor,0.16585443913936615
2022-11-21,688192.SH,pca,3,cn_a,INDUSTRY_C27,1.0096669021687061,0.6103257996284609,1.0096669021687061,0.6543080806732178,1,quality_factor,0.8015158176422119,momentum_factor,0.09016934782266617,value_factor,0.06858868896961212
2022-11-21,600535.SH,pca,3,cn_a,INDUSTRY_C27,0.002445874477778283,0.001478487898567804,0.002445874477778283,0.6543080806732178,0,volatility_factor,0.3766835927963257,momentum_factor,0.339791476726532,value_factor,0.16133081912994385
2022-11-21,600332.SH,pca,3,cn_a,INDUSTRY_C27,-0.04699062055716552,-0.028404999713259438,-0.04699062055716552,0.6543080806732178,0,volatility_factor,0.3689408600330353,value_factor,0.25476744771003723,momentum_factor,0.218073308467865
2022-11-21,603858.SH,pca,3,cn_a,INDUSTRY_C27,-0.048580690262051404,-0.029366168750310145,-0.048580690262051404,0.6543080806732178,0,momentum_factor,0.46480536460876465,volatility_factor,0.3171798586845398,quality_factor,0.18632134795188904
2022-11-21,600380.SH,pca,3,cn_a,INDUSTRY_C27,-0.049034896165308615,-0.02964072819214783,-0.049034896165308615,0.6543080806732178,0,volatility_factor,0.3625379204750061,momentum_factor,0.2941134572029114,value_factor,0.17963369190692902
2022-11-21,002007.SZ,pca,3,cn_a,INDUSTRY_C27,-0.05357604833327534,-0.032385774426896746,-0.05357604833327534,0.6543080806732178,1,momentum_factor,0.47404173016548157,volatility_factor,0.32854533195495605,quality_factor,0.17514128983020782
2022-11-21,002773.SZ,pca,3,cn_a,INDUSTRY_C27,-0.05761361030394366,-0.034826409286774385,-0.05761361030394366,0.6543080806732178,0,volatility_factor,0.3685372471809387,value_factor,0.2473742812871933,momentum_factor,0.22762282192707062
2022-11-21,688336.SH,pca,3,cn_a,INDUSTRY_C27,-0.06554724542483953,-0.039622151514949494,-0.06554724542483953,0.6543080806732178,0,momentum_factor,0.45424461364746094,volatility_factor,0.2825562357902527,quality_factor,0.1965598613023758
2022-11-21,600161.SH,pca,3,cn_a,INDUSTRY_C27,-0.08240492139474706,-0.04981231873159474,-0.08240492139474706,0.6543080806732178,1,momentum_factor,0.4583891034126282,volatility_factor,0.24389246106147766,quality_factor,0.1817227154970169
2022-11-21,300142.SZ,pca,3,cn_a,INDUSTRY_C27,-0.08644487755023707,-0.052254400833887285,-0.08644487755023707,0.6543080806732178,0,momentum_factor,0.46913543343544006,value_factor,0.3600883185863495,quality_factor,0.11810220777988434
2022-11-21,603087.SH,pca,3,cn_a,INDUSTRY_C27,-0.0904662573737615,-0.05468525387178573,-0.0904662573737615,0.6543080806732178,0,momentum_factor,0.3373531699180603,volatility_factor,0.33041098713874817,quality_factor,0.23973490297794342
2022-11-21,002294.SZ,pca,3,cn_a,INDUSTRY_C27,-0.09421846363051928,-0.05695339624538208,-0.09421846363051928,0.6543080806732178,0,momentum_factor,0.458009272813797,value_factor,0.29315024614334106,quality_factor,0.14825649559497833
2022-11-21,600566.SH,pca,3,cn_a,INDUSTRY_C27,-0.09471166328716814,-0.05725152672205131,-0.09471166328716814,0.6543080806732178,1,momentum_factor,0.44871780276298523,value_factor,0.28304043412208557,quality_factor,0.1643647998571396
2022-11-21,600062.SH,pca,3,cn_a,INDUSTRY_C27,-0.09473163064897101,-0.05726359663939992,-0.09473163064897101,0.6543080806732178,1,momentum_factor,0.4444301426410675,value_factor,0.3536001145839691,quality_factor,0.15714208781719208
2022-11-21,002262.SZ,pca,3,cn_a,INDUSTRY_C27,-0.10036238563672839,-0.06066728852336023,-0.10036238563672839,0.6543080806732178,1,momentum_factor,0.35305991768836975,volatility_factor,0.3349379897117615,quality_factor,0.22465546429157257
2022-11-21,688166.SH,pca,3,cn_a,INDUSTRY_C27,-0.10088695157775163,-0.06098437936463193,-0.10088695157775163,0.6543080806732178,1,momentum_factor,0.4592563509941101,value_factor,0.415553480386734,quality_factor,0.12273050099611282
2022-11-21,300601.SZ,pca,3,cn_a,INDUSTRY_C27,-0.10837991776890499,-0.06551374501223495,-0.10837991776890499,0.6543080806732178,1,momentum_factor,0.4497207701206207,value_factor,0.41546741127967834,quality_factor,0.13146288692951202
2022-11-21,603707.SH,pca,3,cn_a,INDUSTRY_C27,-0.113140196285906,-0.06839124925259617,-0.113140196285906,0.6543080806732178,1,momentum_factor,0.42761439085006714,volatility_factor,0.27761125564575195,quality_factor,0.24222120642662048
2022-11-21,600521.SH,pca,3,cn_a,INDUSTRY_C27,-0.1328841453924548,-0.08032611757441083,-0.1328841453924548,0.6543080806732178,1,momentum_factor,0.422960489988327,value_factor,0.33399391174316406,quality_factor,0.19527308642864227
2022-11-21,600276.SH,pca,3,cn_a,INDUSTRY_C27,-0.13527199318106142,-0.08176952936481621,-0.13527199318106142,0.6543080806732178,0,momentum_factor,0.4208354949951172,value_factor,0.2305227369070053,quality_factor,0.218774676322937
2022-11-21,600329.SH,pca,3,cn_a,INDUSTRY_C27,-0.13853909594651,-0.08374443525061655,-0.13853909594651,0.6543080806732178,0,value_factor,0.4445360600948334,momentum_factor,0.3337450325489044,quality_factor,0.1129661425948143
2022-11-21,002821.SZ,pca,3,cn_a,INDUSTRY_C27,-0.15155599173752443,-0.09161291872300412,-0.15155599173752443,0.6543080806732178,1,value_factor,0.3818032145500183,momentum_factor,0.3643147349357605,quality_factor,0.22573548555374146
2022-11-21,300558.SZ,pca,3,cn_a,INDUSTRY_C27,-0.16971900426358952,-0.10259213882006951,-0.16971900426358952,0.6543080806732178,1,quality_factor,0.416781485080719,momentum_factor,0.3097535967826843,volatility_factor,0.16918084025382996
2022-11-21,688278.SH,pca,3,cn_a,INDUSTRY_C27,-0.1872025169966845,-0.11316061330033687,-0.1872025169966845,0.6543080806732178,0,value_factor,0.4177844524383545,momentum_factor,0.308132529258728,quality_factor,0.17304837703704834
2022-11-21,002603.SZ,pca,3,cn_a,INDUSTRY_C27,-0.19908625908232586,-0.1203441253828054,-0.19908625908232586,0.6543080806732178,0,value_factor,0.47862377762794495,momentum_factor,0.23512336611747742,volatility_factor,0.2078968584537506
2022-11-21,600085.SH,pca,3,cn_a,INDUSTRY_C27,-0.27877464358802523,-0.16851434557133904,-0.27877464358802523,0.6543080806732178,0,quality_factor,0.30796894431114197,momentum_factor,0.3049880266189575,volatility_factor,0.2755087912082672
2022-11-21,603658.SH,pca,3,cn_a,INDUSTRY_C27,-0.38590892427031415,-0.2332751249774886,-0.38590892427031415,0.6543080806732178,0,momentum_factor,0.446818083524704,volatility_factor,0.34554988145828247,quality_factor,0.14953449368476868
2022-11-22,688520.SH,pca,3,cn_a,INDUSTRY_C27,0.930729760800194,0.6870110198812858,0.930729760800194,0.3547523319721222,1,quality_factor,0.8009998798370361,momentum_factor,0.083023801445961,value_factor,0.05944829061627388
2022-11-22,688578.SH,pca,3,cn_a,INDUSTRY_C27,0.8849122735179967,0.6531911937707746,0.8849122735179967,0.3547523319721222,1,quality_factor,0.630050539970398,value_factor,0.16026946902275085,volatility_factor,0.13865278661251068
2022-11-22,688180.SH,pca,3,cn_a,INDUSTRY_C27,0.8787863290356657,0.6486693749316262,0.8787863290356657,0.3547523319721222,1,quality_factor,0.504658579826355,momentum_factor,0.24663037061691284,value_factor,0.21784667670726776
2022-11-22,688192.SH,pca,3,cn_a,INDUSTRY_C27,0.8422256730957595,0.6216824077337482,0.8422256730957595,0.3547523319721222,1,quality_factor,0.7847100496292114,momentum_factor,0.1386493593454361,value_factor,0.07037811726331711
2022-11-22,688235.SH,pca,3,cn_a,INDUSTRY_C27,0.8346361028904243,0.6160802248157494,0.8346361028904243,0.3547523319721222,1,quality_factor,0.5928226709365845,value_factor,0.18787376582622528,momentum_factor,0.11461013555526733
2022-11-22,688266.SH,pca,3,cn_a,INDUSTRY_C27,0.8193613232874501,0.6048052636449806,0.8193613232874501,0.3547523319721222,1,quality_factor,0.6330038905143738,value_factor,0.16418154537677765,momentum_factor,0.11437510699033737
2022-11-22,600535.SH,pca,3,cn_a,INDUSTRY_C27,-0.013884001629341525,-0.010248369098251109,-0.013884001629341525,0.3547523319721222,0,volatility_factor,0.3778148889541626,momentum_factor,0.25611916184425354,value_factor,0.23545148968696594
2022-11-22,002007.SZ,pca,3,cn_a,INDUSTRY_C27,-0.04325173704127188,-0.03192593728905202,-0.04325173704127188,0.3547523319721222,1,momentum_factor,0.4572334587574005,volatility_factor,0.3481582999229431,quality_factor,0.17753814160823822
2022-11-22,600332.SH,pca,3,cn_a,INDUSTRY_C27,-0.050516208820371326,-0.03728815130224433,-0.050516208820371326,0.3547523319721222,0,volatility_factor,0.36117392778396606,value_factor,0.2614632248878479,momentum_factor,0.1960054337978363
2022-11-22,603858.SH,pca,3,cn_a,INDUSTRY_C27,-0.05939448799034936,-0.04384158483821869,-0.05939448799034936,0.3547523319721222,0,momentum_factor,0.43317267298698425,volatility_factor,0.2460794299840927,quality_factor,0.2224094718694687
2022-11-22,688336.SH,pca,3,cn_a,INDUSTRY_C27,-0.06809297375919138,-0.05026230525693312,-0.06809297375919138,0.3547523319721222,0,momentum_factor,0.4357306659221649,quality_factor,0.20799300074577332,volatility_factor,0.19938835501670837
2022-11-22,600062.SH,pca,3,cn_a,INDUSTRY_C27,-0.07111778340574654,-0.05249504525059141,-0.07111778340574654,0.3547523319721222,1,momentum_factor,0.4483429789543152,value_factor,0.3110085725784302,quality_factor,0.1591326892375946
2022-11-22,600380.SH,pca,3,cn_a,INDUSTRY_C27,-0.08109682397561703,-0.05986099735407768,-0.08109682397561703,0.3547523319721222,0,volatility_factor,0.33066681027412415,quality_factor,0.2565605938434601,momentum_factor,0.21072766184806824
2022-11-22,600161.SH,pca,3,cn_a,INDUSTRY_C27,-0.08380899720869324,-0.061862967181870065,-0.08380899720869324,0.3547523319721222,1,momentum_factor,0.44733336567878723,value_factor,0.24653548002243042,quality_factor,0.1738761067390442
2022-11-22,002773.SZ,pca,3,cn_a,INDUSTRY_C27,-0.08411932601378276,-0.06209203400433827,-0.08411932601378276,0.3547523319721222,0,value_factor,0.3852953016757965,volatility_factor,0.3651658594608307,quality_factor,0.18680843710899353
2022-11-22,002262.SZ,pca,3,cn_a,INDUSTRY_C27,-0.09313135122833252,-0.06874419115521811,-0.09313135122833252,0.3547523319721222,1,momentum_factor,0.33865678310394287,volatility_factor,0.3249521553516388,quality_factor,0.2519623935222626
2022-11-22,603087.SH,pca,3,cn_a,INDUSTRY_C27,-0.09324346022279928,-0.06882694354787852,-0.09324346022279928,0.3547523319721222,0,value_factor,0.3898317515850067,volatility_factor,0.3543778359889984,quality_factor,0.2179301381111145
2022-11-22,002294.SZ,pca,3,cn_a,INDUSTRY_C27,-0.09558001208765389,-0.07055165134952783,-0.09558001208765389,0.3547523319721222,0,momentum_factor,0.4442252814769745,value_factor,0.3786621689796448,quality_factor,0.15337051451206207
2022-11-22,300142.SZ,pca,3,cn_a,INDUSTRY_C27,-0.10119646868134059,-0.07469739561930414,-0.10119646868134059,0.3547523319721222,0,value_factor,0.42660248279571533,momentum_factor,0.4180147647857666,quality_factor,0.11987169831991196
2022-11-22,300558.SZ,pca,3,cn_a,INDUSTRY_C27,-0.11573143663482768,-0.08542627050677071,-0.11573143663482768,0.3547523319721222,1,volatility_factor,0.3061625063419342,quality_factor,0.30512452125549316,momentum_factor,0.29416710138320923
2022-11-22,600276.SH,pca,3,cn_a,INDUSTRY_C27,-0.11634599008458196,-0.08587989841260264,-0.11634599008458196,0.3547523319721222,0,momentum_factor,0.4139963388442993,value_factor,0.25897249579429626,quality_factor,0.22400429844856262
2022-11-22,600329.SH,pca,3,cn_a,INDUSTRY_C27,-0.1229754616677547,-0.09077339191141777,-0.1229754616677547,0.3547523319721222,0,value_factor,0.4531135559082031,momentum_factor,0.30168411135673523,volatility_factor,0.13848263025283813
2022-11-22,603707.SH,pca,3,cn_a,INDUSTRY_C27,-0.12323781661068227,-0.09096704719623062,-0.12323781661068227,0.3547523319721222,1,momentum_factor,0.3942983150482178,value_factor,0.38404521346092224,quality_factor,0.21115370094776154
2022-11-22,688166.SH,pca,3,cn_a,INDUSTRY_C27,-0.12434563923365234,-0.09178477795128877,-0.12434563923365234,0.3547523319721222,1,value_factor,0.4442360997200012,momentum_factor,0.32597818970680237,quality_factor,0.11588578671216965
2022-11-22,600566.SH,pca,3,cn_a,INDUSTRY_C27,-0.1251109320064351,-0.09234967292991848,-0.1251109320064351,0.3547523319721222,1,value_factor,0.4301474690437317,momentum_factor,0.2936243414878845,quality_factor,0.1546000987291336
2022-11-22,600521.SH,pca,3,cn_a,INDUSTRY_C27,-0.1280205162702874,-0.09449736019289065,-0.1280205162702874,0.3547523319721222,1,value_factor,0.37926217913627625,momentum_factor,0.37648653984069824,quality_factor,0.2264096885919571
2022-11-22,300601.SZ,pca,3,cn_a,INDUSTRY_C27,-0.1488813647914327,-0.10989563520429615,-0.1488813647914327,0.3547523319721222,1,value_factor,0.4722052812576294,momentum_factor,0.24251337349414825,volatility_factor,0.1966084986925125
2022-11-22,002821.SZ,pca,3,cn_a,INDUSTRY_C27,-0.14932799969774097,-0.11022531532780871,-0.14932799969774097,0.3547523319721222,1,value_factor,0.3823826313018799,quality_factor,0.2712232172489166,momentum_factor,0.22299616038799286
2022-11-22,002603.SZ,pca,3,cn_a,INDUSTRY_C27,-0.16169991585351604,-0.1193575501547656,-0.16169991585351604,0.3547523319721222,0,value_factor,0.4780985713005066,momentum_factor,0.23572804033756256,volatility_factor,0.20697316527366638
2022-11-22,688278.SH,pca,3,cn_a,INDUSTRY_C27,-0.17139368373765243,-0.12651293041771894,-0.17139368373765243,0.3547523319721222,0,value_factor,0.42870473861694336,momentum_factor,0.24020524322986603,quality_factor,0.1740463227033615
2022-11-22,600085.SH,pca,3,cn_a,INDUSTRY_C27,-0.21303051192961256,-0.15724683515091165,-0.21303051192961256,0.3547523319721222,0,quality_factor,0.4349645972251892,momentum_factor,0.35378164052963257,volatility_factor,0.20845267176628113
2022-11-22,603658.SH,pca,3,cn_a,INDUSTRY_C27,-0.3292061287186481,-0.2430009738247978,-0.3292061287186481,0.3547523319721222,0,momentum_factor,0.42890629172325134,volatility_factor,0.355814129114151,quality_factor,0.13040228188037872
2022-11-23,688520.SH,pca,3,cn_a,INDUSTRY_C27,1.3713308683413656,0.6870110198812858,1.3713308683413656,0.9960828423500061,1,quality_factor,0.8009998798370361,momentum_factor,0.083023801445961,value_factor,0.05944829061627388
2022-11-23,688180.SH,pca,3,cn_a,INDUSTRY_C27,1.2867288303923117,0.644626987174639,1.2867288303923117,0.9960828423500061,1,quality_factor,0.6672878265380859,momentum_factor,0.21455049514770508,volatility_factor,0.07717491686344147
2022-11-23,688578.SH,pca,3,cn_a,INDUSTRY_C27,1.2400359648377646,0.621234738136587,1.2400359648377646,0.9960828423500061,1,quality_factor,0.6596922278404236,value_factor,0.20101438462734222,volatility_factor,0.07374491542577744
2022-11-23,688266.SH,pca,3,cn_a,INDUSTRY_C27,1.2151212204795736,0.6087529189587653,1.2151212204795736,0.9960828423500061,1,quality_factor,0.7803704738616943,momentum_factor,0.1090056523680687,value_factor,0.07794281095266342
2022-11-23,688235.SH,pca,3,cn_a,INDUSTRY_C27,1.2127437935724465,0.6075618727117468,1.2127437935724465,0.9960828423500061,1,quality_factor,0.726269006729126,value_factor,0.11840514093637466,volatility_factor,0.09694463759660721
2022-11-23,688192.SH,pca,3,cn_a,INDUSTRY_C27,1.193532964732782,0.5979376081242618,1.193532964732782,0.9960828423500061,1,quality_factor,0.942837655544281,volatility_factor,0.056178122758865356,momentum_factor,0.0009800941916182637
2022-11-23,600535.SH,pca,3,cn_a,INDUSTRY_C27,-0.029645559121416944,-0.014851868558599157,-0.029645559121416944,0.9960828423500061,0,volatility_factor,0.38793137669563293,value_factor,0.36945098638534546,quality_factor,0.12251614779233932
2022-11-23,603858.SH,pca,3,cn_a,INDUSTRY_C27,-0.034935373242563204,-0.017501966123125406,-0.034935373242563204,0.9960828423500061,0,volatility_factor,0.37509703636169434,value_factor,0.24609936773777008,momentum_factor,0.23920825123786926
2022-11-23,600332.SH,pca,3,cn_a,INDUSTRY_C27,-0.05602616374560115,-0.02806805620984526,-0.05602616374560115,0.9960828423500061,0,value_factor,0.4200737476348877,volatility_factor,0.3865825831890106,quality_factor,0.13379782438278198
2022-11-23,600062.SH,pca,3,cn_a,INDUSTRY_C27,-0.06614573928021819,-0.03313777356931211,-0.06614573928021819,0.9960828423500061,1,momentum_factor,0.43950316309928894,volatility_factor,0.34485986828804016,quality_factor,0.18940097093582153
2022-11-23,688336.SH,pca,3,cn_a,INDUSTRY_C27,-0.1019275163882295,-0.05106377213876921,-0.1019275163882295,0.9960828423500061,0,volatility_factor,0.3403431475162506,momentum_factor,0.2801283299922943,quality_factor,0.22232194244861603
2022-11-23,600380.SH,pca,3,cn_a,INDUSTRY_C27,-0.10303575024051076,-0.05161897649294786,-0.10303575024051076,0.9960828423500061,0,value_factor,0.4074825048446655,volatility_factor,0.37172865867614746,quality_factor,0.17269288003444672
2022-11-23,600566.SH,pca,3,cn_a,INDUSTRY_C27,-0.10702770355675033,-0.05361887016005777,-0.10702770355675033,0.9960828423500061,1,momentum_factor,0.4034583270549774,volatility_factor,0.33173292875289917,quality_factor,0.2267240434885025
2022-11-23,600329.SH,pca,3,cn_a,INDUSTRY_C27,-0.1330612582224587,-0.06666119229757077,-0.1330612582224587,0.9960828423500061,0,momentum_factor,0.42492374777793884,value_factor,0.42111143469810486,quality_factor,0.1287938356399536
2022-11-23,002294.SZ,pca,3,cn_a,INDUSTRY_C27,-0.1350076149398672,-0.06763628047238661,-0.1350076149398672,0.9960828423500061,0,momentum_factor,0.438034325838089,value_factor,0.21044477820396423,quality_factor,0.19546283781528473
2022-11-23,600161.SH,pca,3,cn_a,INDUSTRY_C27,-0.15150436950838247,-0.07590084480364448,-0.15150436950838247,0.9960828423500061,1,momentum_factor,0.41114869713783264,quality_factor,0.25548526644706726,volatility_factor,0.21649126708507538
2022-11-23,002007.SZ,pca,3,cn_a,INDUSTRY_C27,-0.15681152675374516,-0.07855963094780598,-0.15681152675374516,0.9960828423500061,1,volatility_factor,0.311445027589798,momentum_factor,0.3038571774959564,quality_factor,0.2908684313297272
2022-11-23,600521.SH,pca,3,cn_a,INDUSTRY_C27,-0.15917872522725124,-0.0797455529416074,-0.15917872522725124,0.9960828423500061,1,momentum_factor,0.39888995885849,quality_factor,0.28580909967422485,volatility_factor,0.2558523416519165
2022-11-23,603087.SH,pca,3,cn_a,INDUSTRY_C27,-0.16915064667807206,-0.08474129837712771,-0.16915064667807206,0.9960828423500061,0,value_factor,0.4420497715473175,volatility_factor,0.2706228792667389,quality_factor,0.1543584018945694
2022-11-23,600276.SH,pca,3,cn_a,INDUSTRY_C27,-0.18250907616383533,-0.09143362076036596,-0.18250907616383533,0.9960828423500061,0,momentum_factor,0.38642609119415283,quality_factor,0.2936542332172394,volatility_factor,0.1980382204055786
2022-11-23,300142.SZ,pca,3,cn_a,INDUSTRY_C27,-0.18981672244882541,-0.09509461435650296,-0.18981672244882541,0.9960828423500061,0,value_factor,0.40346720814704895,momentum_factor,0.3816673159599304,quality_factor,0.1770164519548416
2022-11-23,688166.SH,pca,3,cn_a,INDUSTRY_C27,-0.19787586567313062,-0.09913209381074727,-0.19787586567313062,0.9960828423500061,1,momentum_factor,0.35179150104522705,quality_factor,0.3255082070827484,value_factor,0.2364974468946457
2022-11-23,300601.SZ,pca,3,cn_a,INDUSTRY_C27,-0.21131008452684374,-0.1058623852444703,-0.21131008452684374,0.9960828423500061,1,value_factor,0.39412039518356323,momentum_factor,0.29144373536109924,quality_factor,0.2253793478012085
2022-11-23,603707.SH,pca,3,cn_a,INDUSTRY_C27,-0.22123477497312044,-0.11083446883342171,-0.22123477497312044,0.9960828423500061,1,value_factor,0.38362058997154236,momentum_factor,0.2722179889678955,quality_factor,0.25216636061668396
2022-11-23,002821.SZ,pca,3,cn_a,INDUSTRY_C27,-0.2323648579278894,-0.11641043143927163,-0.2323648579278894,0.9960828423500061,1,quality_factor,0.42202621698379517,value_factor,0.28336039185523987,volatility_factor,0.18112492561340332
2022-11-23,002603.SZ,pca,3,cn_a,INDUSTRY_C27,-0.23568509350884784,-0.11807380713173257,-0.23568509350884784,0.9960828423500061,0,value_factor,0.47739291191101074,momentum_factor,0.2365405261516571,volatility_factor,0.2057320922613144
2022-11-23,002773.SZ,pca,3,cn_a,INDUSTRY_C27,-0.23901178278872226,-0.11974041600618966,-0.23901178278872226,0.9960828423500061,0,value_factor,0.384572833776474,momentum_factor,0.28018826246261597,quality_factor,0.2082718163728714
2022-11-23,688278.SH,pca,3,cn_a,INDUSTRY_C27,-0.2618069180719204,-0.13116035083065936,-0.2618069180719204,0.9960828423500061,0,value_factor,0.3734557628631592,quality_factor,0.28973203897476196,momentum_factor,0.21634358167648315
2022-11-23,300558.SZ,pca,3,cn_a,INDUSTRY_C27,-0.2747583305650303,-0.13764876534185355,-0.2747583305650303,0.9960828423500061,1,quality_factor,0.4395564794540405,momentum_factor,0.2789650857448578,value_factor,0.24516505002975464
2022-11-23,002262.SZ,pca,3,cn_a,INDUSTRY_C27,-0.27943631082597553,-0.13999234562889518,-0.27943631082597553,0.9960828423500061,1,quality_factor,0.41853201389312744,momentum_factor,0.3404161334037781,value_factor,0.18680442869663239
2022-11-23,600085.SH,pca,3,cn_a,INDUSTRY_C27,-0.36480162781299863,-0.18275876680387965,-0.36480162781299863,0.9960828423500061,0,momentum_factor,0.32736843824386597,volatility_factor,0.3079025149345398,quality_factor,0.23927859961986542
2022-11-23,603658.SH,pca,3,cn_a,INDUSTRY_C27,-0.44226808426168646,-0.22156800714116787,-0.44226808426168646,0.9960828423500061,0,momentum_factor,0.41456839442253113,volatility_factor,0.34400054812431335,quality_factor,0.15608592331409454
2022-11-24,688520.SH,pca,3,cn_a,INDUSTRY_C27,0.73343962355997,0.6870110198812858,0.73343962355997,0.06758061796426773,1,quality_factor,0.8009998798370361,momentum_factor,0.083023801445961,value_factor,0.05944829061627388
2022-11-24,688180.SH,pca,3,cn_a,INDUSTRY_C27,0.6675952284528606,0.6253347433577515,0.6675952284528606,0.06758061796426773,1,quality_factor,0.7584791779518127,momentum_factor,0.16212347149848938,value_factor,0.05723794922232628
2022-11-24,688235.SH,pca,3,cn_a,INDUSTRY_C27,0.6625601567967977,0.6206184046128974,0.6625601567967977,0.06758061796426773,1,quality_factor,0.7825259566307068,momentum_factor,0.10315937548875809,value_factor,0.07761271297931671
2022-11-24,688266.SH,pca,3,cn_a,INDUSTRY_C27,0.6555857374937151,0.614085483886262,0.6555857374937151,0.06758061796426773,1,quality_factor,0.8297915458679199,momentum_factor,0.12510307133197784,value_factor,0.03722592443227768
2022-11-24,688192.SH,pca,3,cn_a,INDUSTRY_C27,0.6442655630467886,0.6034819054290899,0.6442655630467886,0.06758061796426773,1,quality_factor,0.8639337420463562,volatility_factor,0.04992985725402832,momentum_factor,0.047245822846889496
2022-11-24,688578.SH,pca,3,cn_a,INDUSTRY_C27,0.6213892152263707,0.582053688923714,0.6213892152263707,0.06758061796426773,1,quality_factor,0.6016961932182312,momentum_factor,0.19281964004039764,value_factor,0.1661912351846695
2022-11-24,600062.SH,pca,3,cn_a,INDUSTRY_C27,-0.025008691951734142,-0.023425577800478548,-0.025008691951734142,0.06758061796426773,1,momentum_factor,0.45622679591178894,volatility_factor,0.35166123509407043,quality_factor,0.169734925031662
2022-11-24,600332.SH,pca,3,cn_a,INDUSTRY_C27,-0.03534715344063133,-0.03310958824024163,-0.03534715344063133,0.06758061796426773,0,value_factor,0.469226211309433,volatility_factor,0.389254629611969,quality_factor,0.1336851865053177
2022-11-24,603858.SH,pca,3,cn_a,INDUSTRY_C27,-0.03958535849711727,-0.037079504078970996,-0.03958535849711727,0.06758061796426773,0,volatility_factor,0.3606572151184082,value_factor,0.24894356727600098,momentum_factor,0.20969773828983307
2022-11-24,600535.SH,pca,3,cn_a,INDUSTRY_C27,-0.051813528540826194,-0.04853359968977808,-0.051813528540826194,0.06758061796426773,0,value_factor,0.46311742067337036,volatility_factor,0.33974191546440125,quality_factor,0.14001330733299255
2022-11-24,600329.SH,pca,3,cn_a,INDUSTRY_C27,-0.05384295815647447,-0.05043456122122145,-0.05384295815647447,0.06758061796426773,0,momentum_factor,0.46432918310165405,value_factor,0.3487486243247986,quality_factor,0.12747390568256378
2022-11-24,600380.SH,pca,3,cn_a,INDUSTRY_C27,-0.06038649189512559,-0.0565638725414882,-0.06038649189512559,0.06758061796426773,0,value_factor,0.41280800104141235,volatility_factor,0.36775362491607666,quality_factor,0.1846022605895996
2022-11-24,600566.SH,pca,3,cn_a,INDUSTRY_C27,-0.06484142627197059,-0.06073679818039082,-0.06484142627197059,0.06758061796426773,1,momentum_factor,0.41402667760849,volatility_factor,0.321144700050354,quality_factor,0.25216424465179443
2022-11-24,688336.SH,pca,3,cn_a,INDUSTRY_C27,-0.06658196851731213,-0.06236715965079313,-0.06658196851731213,0.06758061796426773,0,volatility_factor,0.32777121663093567,quality_factor,0.2624030113220215,momentum_factor,0.22012551128864288
2022-11-24,002294.SZ,pca,3,cn_a,INDUSTRY_C27,-0.07971267128723265,-0.07466665535834066,-0.07971267128723265,0.06758061796426773,0,momentum_factor,0.42818206548690796,value_factor,0.2504069209098816,quality_factor,0.203205406665802
2022-11-24,600521.SH,pca,3,cn_a,INDUSTRY_C27,-0.08257355959865877,-0.07734644212396335,-0.08257355959865877,0.06758061796426773,1,momentum_factor,0.4018051028251648,volatility_factor,0.2958093285560608,quality_factor,0.2903907597064972
2022-11-24,600161.SH,pca,3,cn_a,INDUSTRY_C27,-0.08291039445206895,-0.07766195446981901,-0.08291039445206895,0.06758061796426773,1,momentum_factor,0.4121503531932831,quality_factor,0.2417292445898056,value_factor,0.18018566071987152
2022-11-24,603087.SH,pca,3,cn_a,INDUSTRY_C27,-0.09430226251781541,-0.08833268815640938,-0.09430226251781541,0.06758061796426773,0,value_factor,0.44046926498413086,volatility_factor,0.2564152479171753,quality_factor,0.15189769864082336
2022-11-24,600276.SH,pca,3,cn_a,INDUSTRY_C27,-0.0978049228739031,-0.09161362115516601,-0.0978049228739031,0.06758061796426773,0,momentum_factor,0.3845173418521881,quality_factor,0.299032062292099,volatility_factor,0.20695294439792633
2022-11-24,300142.SZ,pca,3,cn_a,INDUSTRY_C27,-0.09784392377383289,-0.0916501531983995,-0.09784392377383289,0.06758061796426773,0,value_factor,0.4121990203857422,momentum_factor,0.38544997572898865,quality_factor,0.1587073653936386
2022-11-24,002007.SZ,pca,3,cn_a,INDUSTRY_C27,-0.10288230904479562,-0.09636959579785695,-0.10288230904479562,0.06758061796426773,1,quality_factor,0.4024479389190674,volatility_factor,0.27183791995048523,momentum_factor,0.21964411437511444
2022-11-24,603707.SH,pca,3,cn_a,INDUSTRY_C27,-0.10488313524365317,-0.09824376458193537,-0.10488313524365317,0.06758061796426773,1,momentum_factor,0.373119592666626,value_factor,0.3440459370613098,quality_factor,0.27141180634498596
2022-11-24,300558.SZ,pca,3,cn_a,INDUSTRY_C27,-0.10819568165528055,-0.10134661833506389,-0.10819568165528055,0.06758061796426773,1,quality_factor,0.3949979245662689,momentum_factor,0.3184012174606323,value_factor,0.14667271077632904
2022-11-24,300601.SZ,pca,3,cn_a,INDUSTRY_C27,-0.10822812340515812,-0.10137700643921614,-0.10822812340515812,0.06758061796426773,1,value_factor,0.41553995013237,momentum_factor,0.30613812804222107,quality_factor,0.17861483991146088
2022-11-24,688166.SH,pca,3,cn_a,INDUSTRY_C27,-0.11350506186216953,-0.10631990119803163,-0.11350506186216953,0.06758061796426773,1,value_factor,0.341890811920166,momentum_factor,0.3230615556240082,quality_factor,0.31708839535713196
2022-11-24,688278.SH,pca,3,cn_a,INDUSTRY_C27,-0.11374292485899691,-0.106542706858911,-0.11374292485899691,0.06758061796426773,0,value_factor,0.3835966885089874,momentum_factor,0.3658607006072998,quality_factor,0.22084370255470276
2022-11-24,002773.SZ,pca,3,cn_a,INDUSTRY_C27,-0.1150522184961571,-0.10776911886079264,-0.1150522184961571,0.06758061796426773,0,value_factor,0.39392995834350586,quality_factor,0.21370966732501984,momentum_factor,0.20499366521835327
2022-11-24,002821.SZ,pca,3,cn_a,INDUSTRY_C27,-0.11571020550466878,-0.10838545360910104,-0.11571020550466878,0.06758061796426773,1,quality_factor,0.37378621101379395,value_factor,0.32456648349761963,volatility_factor,0.2591908276081085
2022-11-24,002262.SZ,pca,3,cn_a,INDUSTRY_C27,-0.12042104734409159,-0.11279808711380926,-0.12042104734409159,0.06758061796426773,1,quality_factor,0.3899931013584137,value_factor,0.31178298592567444,volatility_factor,0.2377292662858963
2022-11-24,002603.SZ,pca,3,cn_a,INDUSTRY_C27,-0.1277401538100377,-0.11965387542448566,-0.1277401538100377,0.06758061796426773,0,value_factor,0.4782578945159912,momentum_factor,0.23554466664791107,volatility_factor,0.20725330710411072
2022-11-24,603658.SH,pca,3,cn_a,INDUSTRY_C27,-0.23915740833763466,-0.2240181328310375,-0.23915740833763466,0.06758061796426773,0,momentum_factor,0.3958597183227539,volatility_factor,0.34885722398757935,quality_factor,0.14813901484012604
2022-11-24,600085.SH,pca,3,cn_a,INDUSTRY_C27,-0.25102483659453995,-0.23513432253261263,-0.25102483659453995,0.06758061796426773,0,momentum_factor,0.3762817978858948,volatility_factor,0.3567335903644562,quality_factor,0.13416588306427002
2022-11-25,688520.SH,pca,3,cn_a,INDUSTRY_C27,0.8807389994536658,0.6870110198812858,0.8807389994536658,0.2819867432117462,1,quality_factor,0.8009998798370361,momentum_factor,0.083023801445961,value_factor,0.05944829061627388
2022-11-25,688235.SH,pca,3,cn_a,INDUSTRY_C27,0.7986867629373413,0.623007051932111,0.7986867629373413,0.2819867432117462,1,quality_factor,0.8232823014259338,momentum_factor,0.10725291818380356,value_factor,0.052821993827819824
2022-11-25,688192.SH,pca,3,cn_a,INDUSTRY_C27,0.7919271128917197,0.6177342593400221,0.7919271128917197,0.2819867432117462,1,quality_factor,0.8723188042640686,momentum_factor,0.10566411912441254,volatility_factor,0.018175477162003517
2022-11-25,688266.SH,pca,3,cn_a,INDUSTRY_C27,0.7847660593912633,0.6121483562838106,0.7847660593912633,0.2819867432117462,1,quality_factor,0.8077511787414551,momentum_factor,0.12082602083683014,value_factor,0.05976579710841179
2022-11-25,688180.SH,pca,3,cn_a,INDUSTRY_C27,0.7652264919305225,0.5969067260419685,0.7652264919305225,0.2819867432117462,1,quality_factor,0.902991771697998,volatility_factor,0.05577053502202034,momentum_factor,0.02102867141366005
2022-11-25,688578.SH,pca,3,cn_a,INDUSTRY_C27,0.7489659927925345,0.5842228979118442,0.7489659927925345,0.2819867432117462,1,quality_factor,0.5850987434387207,momentum_factor,0.19921106100082397,value_factor,0.19875411689281464
2022-11-25,600332.SH,pca,3,cn_a,INDUSTRY_C27,-0.050648577864109125,-0.039507880490750186,-0.050648577864109125,0.2819867432117462,0,value_factor,0.4411868155002594,volatility_factor,0.38124072551727295,quality_factor,0.15209130942821503
2022-11-25,603858.SH,pca,3,cn_a,INDUSTRY_C27,-0.06568817579285476,-0.051239357713901784,-0.06568817579285476,0.2819867432117462,0,volatility_factor,0.3523184359073639,value_factor,0.3263048231601715,quality_factor,0.21610623598098755
2022-11-25,600380.SH,pca,3,cn_a,INDUSTRY_C27,-0.08086018330119452,-0.06307411961091867,-0.08086018330119452,0.2819867432117462,0,value_factor,0.35998964309692383,volatility_factor,0.3501041531562805,quality_factor,0.22610178589820862
2022-11-25,600566.SH,pca,3,cn_a,INDUSTRY_C27,-0.0850843535343944,-0.06636913834162438,-0.0850843535343944,0.2819867432117462,1,momentum_factor,0.35709893703460693,volatility_factor,0.31899213790893555,quality_factor,0.2652033567428589
2022-11-25,600535.SH,pca,3,cn_a,INDUSTRY_C27,-0.08626918346733636,-0.06729335223600313,-0.08626918346733636,0.2819867432117462,0,value_factor,0.4349988102912903,volatility_factor,0.26269450783729553,quality_factor,0.16329795122146606
2022-11-25,600329.SH,pca,3,cn_a,INDUSTRY_C27,-0.0896178499538228,-0.06990544364963465,-0.0896178499538228,0.2819867432117462,0,value_factor,0.4265364706516266,momentum_factor,0.40762555599212646,quality_factor,0.12383028119802475
2022-11-25,688336.SH,pca,3,cn_a,INDUSTRY_C27,-0.09213132770759365,-0.07186605504090741,-0.09213132770759365,0.2819867432117462,0,quality_factor,0.40340644121170044,momentum_factor,0.32882919907569885,volatility_factor,0.26289811730384827
2022-11-25,002773.SZ,pca,3,cn_a,INDUSTRY_C27,-0.09852504928005588,-0.07685340904823423,-0.09852504928005588,0.2819867432117462,0,value_factor,0.4394821524620056,volatility_factor,0.32281383872032166,quality_factor,0.1793554574251175
2022-11-25,002294.SZ,pca,3,cn_a,INDUSTRY_C27,-0.10404123597431986,-0.08115625137613462,-0.10404123597431986,0.2819867432117462,0,momentum_factor,0.4260190725326538,value_factor,0.3867620825767517,quality_factor,0.18032234907150269
2022-11-25,600062.SH,pca,3,cn_a,INDUSTRY_C27,-0.11283515198832192,-0.0880158513407979,-0.11283515198832192,0.2819867432117462,1,value_factor,0.4033828675746918,momentum_factor,0.25202521681785583,quality_factor,0.22177575528621674
2022-11-25,600276.SH,pca,3,cn_a,INDUSTRY_C27,-0.1131036491363266,-0.08822528966429706,-0.1131036491363266,0.2819867432117462,0,momentum_factor,0.40137630701065063,quality_factor,0.2584179639816284,value_factor,0.1830788403749466
2022-11-25,603087.SH,pca,3,cn_a,INDUSTRY_C27,-0.11707684680933288,-0.09132453993845913,-0.11707684680933288,0.2819867432117462,0,value_factor,0.43098774552345276,volatility_factor,0.2413908839225769,quality_factor,0.16400046646595
2022-11-25,002007.SZ,pca,3,cn_a,INDUSTRY_C27,-0.11903534871410457,-0.09285224836498648,-0.11903534871410457,0.2819867432117462,1,quality_factor,0.35328415036201477,momentum_factor,0.3443044126033783,volatility_factor,0.15124598145484924
2022-11-25,600521.SH,pca,3,cn_a,INDUSTRY_C27,-0.12180010469254592,-0.09500886664310305,-0.12180010469254592,0.2819867432117462,1,momentum_factor,0.36216917634010315,quality_factor,0.31546974182128906,value_factor,0.2039894461631775
2022-11-25,300558.SZ,pca,3,cn_a,INDUSTRY_C27,-0.12517113284381956,-0.09763840103375866,-0.12517113284381956,0.2819867432117462,1,momentum_factor,0.36788037419319153,value_factor,0.3404558598995209,quality_factor,0.2802041471004486
2022-11-25,002262.SZ,pca,3,cn_a,INDUSTRY_C27,-0.1309187453553458,-0.10212176459081189,-0.1309187453553458,0.2819867432117462,1,quality_factor,0.3732994496822357,volatility_factor,0.29186078906059265,value_factor,0.2805919647216797
2022-11-25,603707.SH,pca,3,cn_a,INDUSTRY_C27,-0.13211223300180547,-0.10305273184185743,-0.13211223300180547,0.2819867432117462,1,value_factor,0.39893221855163574,momentum_factor,0.3140357732772827,quality_factor,0.2084544599056244
2022-11-25,002821.SZ,pca,3,cn_a,INDUSTRY_C27,-0.13517894143479278,-0.10544488489688514,-0.13517894143479278,0.2819867432117462,1,value_factor,0.3563928008079529,quality_factor,0.3204851746559143,volatility_factor,0.2777908742427826
2022-11-25,688278.SH,pca,3,cn_a,INDUSTRY_C27,-0.13647744891709496,-0.10645777174564883,-0.13647744891709496,0.2819867432117462,0,momentum_factor,0.3698905408382416,quality_factor,0.292619913816452,value_factor,0.26314929127693176
2022-11-25,688166.SH,pca,3,cn_a,INDUSTRY_C27,-0.13776064194277973,-0.10745871271661422,-0.13776064194277973,0.2819867432117462,1,value_factor,0.37560611963272095,momentum_factor,0.29790234565734863,quality_factor,0.25940635800361633
2022-11-25,002603.SZ,pca,3,cn_a,INDUSTRY_C27,-0.15217443254705362,-0.11870203564149903,-0.15217443254705362,0.2819867432117462,0,value_factor,0.4777414798736572,momentum_factor,0.2361392229795456,volatility_factor,0.2063451111316681
2022-11-25,300601.SZ,pca,3,cn_a,INDUSTRY_C27,-0.15350765723216658,-0.11974200327233919,-0.15350765723216658,0.2819867432117462,1,value_factor,0.43252891302108765,momentum_factor,0.19745095074176788,volatility_factor,0.18885347247123718
2022-11-25,300142.SZ,pca,3,cn_a,INDUSTRY_C27,-0.16361624799997299,-0.1276271011926778,-0.16361624799997299,0.2819867432117462,0,value_factor,0.4625949263572693,momentum_factor,0.2131269872188568,volatility_factor,0.20738616585731506
2022-11-25,600161.SH,pca,3,cn_a,INDUSTRY_C27,-0.16473809951285034,-0.12850218944526492,-0.16473809951285034,0.2819867432117462,1,value_factor,0.4394815266132355,volatility_factor,0.23539172112941742,quality_factor,0.1871902495622635
2022-11-25,600085.SH,pca,3,cn_a,INDUSTRY_C27,-0.1942467526536815,-0.15152009815849438,-0.1942467526536815,0.2819867432117462,0,quality_factor,0.37293994426727295,volatility_factor,0.2514011859893799,value_factor,0.21848401427268982
2022-11-25,603658.SH,pca,3,cn_a,INDUSTRY_C27,-0.2718028165787489,-0.2120168748519191,-0.2718028165787489,0.2819867432117462,0,momentum_factor,0.43892937898635864,volatility_factor,0.3305436670780182,quality_factor,0.18104541301727295
2022-11-28,688520.SH,pca,3,cn_a,INDUSTRY_C27,0.7350675939041798,0.6870110198812858,0.7350675939041798,0.06995019316673279,1,quality_factor,0.8009998798370361,momentum_factor,0.083023801445961,value_factor,0.05944829061627388
2022-11-28,688578.SH,pca,3,cn_a,INDUSTRY_C27,0.6928348297859303,0.6475393106263863,0.6928348297859303,0.06995019316673279,1,quality_factor,0.7472044229507446,momentum_factor,0.10535226762294769,volatility_factor,0.08108121901750565
2022-11-28,688235.SH,pca,3,cn_a,INDUSTRY_C27,0.6771407009400615,0.6328712181217477,0.6771407009400615,0.06995019316673279,1,quality_factor,0.7418200969696045,momentum_factor,0.08854776620864868,value_factor,0.08507072925567627
2022-11-28,688266.SH,pca,3,cn_a,INDUSTRY_C27,0.6512640332813662,0.6086862914745165,0.6512640332813662,0.06995019316673279,1,quality_factor,0.8951960802078247,momentum_factor,0.0920388251543045,value_factor,0.011646980419754982
2022-11-28,688180.SH,pca,3,cn_a,INDUSTRY_C27,0.6460106222932478,0.6037763331649229,0.6460106222932478,0.06995019316673279,1,quality_factor,0.9258113503456116,momentum_factor,0.03685230761766434,value_factor,0.03514377772808075
2022-11-28,688192.SH,pca,3,cn_a,INDUSTRY_C27,0.6232662870153788,0.5825189561490514,0.6232662870153788,0.06995019316673279,1,quality_factor,0.7679355144500732,volatility_factor,0.1263369470834732,value_factor,0.06524016708135605
2022-11-28,600332.SH,pca,3,cn_a,INDUSTRY_C27,-0.04769674451549218,-0.0445784705601876,-0.04769674451549218,0.06995019316673279,0,value_factor,0.4475630521774292,volatility_factor,0.3774563670158386,quality_factor,0.16376201808452606
2022-11-28,600329.SH,pca,3,cn_a,INDUSTRY_C27,-0.06059891868668049,-0.056637138238563756,-0.06059891868668049,0.06995019316673279,0,momentum_factor,0.4535445272922516,value_factor,0.28700926899909973,quality_factor,0.15621711313724518
2022-11-28,600535.SH,pca,3,cn_a,INDUSTRY_C27,-0.061795638416342356,-0.05775561992488093,-0.061795638416342356,0.06995019316673279,0,value_factor,0.447090744972229,volatility_factor,0.3083864152431488,quality_factor,0.1580086648464203
2022-11-28,600380.SH,pca,3,cn_a,INDUSTRY_C27,-0.06941980681184323,-0.06488134244152681,-0.06941980681184323,0.06995019316673279,0,value_factor,0.417815625667572,volatility_factor,0.3564165532588959,quality_factor,0.21723558008670807
2022-11-28,688336.SH,pca,3,cn_a,INDUSTRY_C27,-0.07767083619082579,-0.07259294360002407,-0.07767083619082579,0.06995019316673279,0,value_factor,0.34661775827407837,volatility_factor,0.33177271485328674,quality_factor,0.2751437723636627
2022-11-28,603858.SH,pca,3,cn_a,INDUSTRY_C27,-0.08608245866524111,-0.08045463874605947,-0.08608245866524111,0.06995019316673279,0,quality_factor,0.6337029337882996,value_factor,0.1543653905391693,volatility_factor,0.11611922085285187
2022-11-28,002294.SZ,pca,3,cn_a,INDUSTRY_C27,-0.0921070754718592,-0.0860853836884738,-0.0921070754718592,0.06995019316673279,0,momentum_factor,0.4028181731700897,value_factor,0.3984799385070801,quality_factor,0.1800891011953354
2022-11-28,600566.SH,pca,3,cn_a,INDUSTRY_C27,-0.09291521630953788,-0.08684069063671306,-0.09291521630953788,0.06995019316673279,1,volatility_factor,0.31675705313682556,quality_factor,0.30224913358688354,value_factor,0.26322829723358154
2022-11-28,603087.SH,pca,3,cn_a,INDUSTRY_C27,-0.09628278336645629,-0.08998809598756535,-0.09628278336645629,0.06995019316673279,0,value_factor,0.4293655455112457,volatility_factor,0.2433386743068695,quality_factor,0.1677626669406891
2022-11-28,002773.SZ,pca,3,cn_a,INDUSTRY_C27,-0.09757552857956724,-0.0911963252914704,-0.09757552857956724,0.06995019316673279,0,value_factor,0.43451395630836487,volatility_factor,0.2595773935317993,quality_factor,0.16451768577098846
2022-11-28,300558.SZ,pca,3,cn_a,INDUSTRY_C27,-0.10423173862261485,-0.0974173717477971,-0.10423173862261485,0.06995019316673279,1,value_factor,0.40415623784065247,momentum_factor,0.33198779821395874,quality_factor,0.1924118846654892
2022-11-28,600276.SH,pca,3,cn_a,INDUSTRY_C27,-0.10461304116796291,-0.09777374584554716,-0.10461304116796291,0.06995019316673279,0,momentum_factor,0.3604344129562378,quality_factor,0.34163886308670044,volatility_factor,0.2135825753211975
2022-11-28,603707.SH,pca,3,cn_a,INDUSTRY_C27,-0.10897312483671798,-0.10184877996877587,-0.10897312483671798,0.06995019316673279,1,value_factor,0.3744611144065857,momentum_factor,0.3364604115486145,quality_factor,0.24896223843097687
2022-11-28,002007.SZ,pca,3,cn_a,INDUSTRY_C27,-0.11088198056196678,-0.10363284027763008,-0.11088198056196678,0.06995019316673279,1,value_factor,0.4324973523616791,momentum_factor,0.2586241066455841,quality_factor,0.16130727529525757
2022-11-28,600161.SH,pca,3,cn_a,INDUSTRY_C27,-0.1121771737393034,-0.10484335750500401,-0.1121771737393034,0.06995019316673279,1,value_factor,0.36095836758613586,momentum_factor,0.30704671144485474,quality_factor,0.28520965576171875
2022-11-28,002262.SZ,pca,3,cn_a,INDUSTRY_C27,-0.11454074998078849,-0.10705241002982735,-0.11454074998078849,0.06995019316673279,1,quality_factor,0.416142076253891,value_factor,0.3047109842300415,volatility_factor,0.27772608399391174
2022-11-28,600085.SH,pca,3,cn_a,INDUSTRY_C27,-0.11866207361862312,-0.11090429355614521,-0.11866207361862312,0.06995019316673279,0,quality_factor,0.4480421841144562,momentum_factor,0.28640803694725037,value_factor,0.13348080217838287
2022-11-28,688278.SH,pca,3,cn_a,INDUSTRY_C27,-0.1193849985532502,-0.11157995576837505,-0.1193849985532502,0.06995019316673279,0,momentum_factor,0.351377934217453,quality_factor,0.3203621208667755,value_factor,0.26995229721069336
2022-11-28,002821.SZ,pca,3,cn_a,INDUSTRY_C27,-0.11997826376124021,-0.11213443502848841,-0.11997826376124021,0.06995019316673279,1,quality_factor,0.36829236149787903,value_factor,0.3189336061477661,volatility_factor,0.2173350602388382
2022-11-28,300601.SZ,pca,3,cn_a,INDUSTRY_C27,-0.12057301420330892,-0.11269030242241102,-0.12057301420330892,0.06995019316673279,1,value_factor,0.4278896450996399,momentum_factor,0.23655250668525696,quality_factor,0.1773880124092102
2022-11-28,300142.SZ,pca,3,cn_a,INDUSTRY_C27,-0.12371894464080528,-0.1156305611091811,-0.12371894464080528,0.06995019316673279,0,value_factor,0.4536896347999573,momentum_factor,0.25988510251045227,volatility_factor,0.16750237345695496
2022-11-28,600521.SH,pca,3,cn_a,INDUSTRY_C27,-0.12693623736967588,-0.11863751662898349,-0.12693623736967588,0.06995019316673279,1,quality_factor,0.38105839490890503,value_factor,0.33178287744522095,momentum_factor,0.18915513157844543
2022-11-28,600062.SH,pca,3,cn_a,INDUSTRY_C27,-0.12756759538255433,-0.11922759829757407,-0.12756759538255433,0.06995019316673279,1,value_factor,0.3938913941383362,volatility_factor,0.32885947823524475,quality_factor,0.22337248921394348
2022-11-28,688166.SH,pca,3,cn_a,INDUSTRY_C27,-0.12783125272065138,-0.11947401848838016,-0.12783125272065138,0.06995019316673279,1,quality_factor,0.37230372428894043,value_factor,0.3351791799068451,momentum_factor,0.1952505260705948
2022-11-28,002603.SZ,pca,3,cn_a,INDUSTRY_C27,-0.12806585077039645,-0.1196932792022983,-0.12806585077039645,0.06995019316673279,0,value_factor,0.4782789647579193,momentum_factor,0.2355204075574875,volatility_factor,0.2072903960943222
2022-11-28,603658.SH,pca,3,cn_a,INDUSTRY_C27,-0.2420468766894729,-0.22622255829603516,-0.2420468766894729,0.06995019316673279,0,momentum_factor,0.4388964772224426,volatility_factor,0.34324729442596436,quality_factor,0.1550530195236206
2022-11-29,688520.SH,pca,3,cn_a,INDUSTRY_C27,1.046346776515408,0.6870110198812858,1.046346776515408,0.5230421423912048,1,quality_factor,0.8009998798370361,momentum_factor,0.083023801445961,value_factor,0.05944829061627388
2022-11-29,688578.SH,pca,3,cn_a,INDUSTRY_C27,1.01830002097309,0.6685960636144375,1.01830002097309,0.5230421423912048,1,quality_factor,0.597011923789978,volatility_factor,0.15090316534042358,momentum_factor,0.13710828125476837
2022-11-29,688235.SH,pca,3,cn_a,INDUSTRY_C27,0.9767467644549085,0.6413130005031668,0.9767467644549085,0.5230421423912048,1,quality_factor,0.7570844292640686,momentum_factor,0.16121149063110352,volatility_factor,0.07347456365823746
2022-11-29,688266.SH,pca,3,cn_a,INDUSTRY_C27,0.8956663152599836,0.5880771485427456,0.8956663152599836,0.5230421423912048,1,quality_factor,0.8245329260826111,volatility_factor,0.09924222528934479,value_factor,0.0689166858792305
2022-11-29,688192.SH,pca,3,cn_a,INDUSTRY_C27,0.8537283159515979,0.5605414707700427,0.8537283159515979,0.5230421423912048,1,quality_factor,0.608468770980835,volatility_factor,0.1893921047449112,value_factor,0.12151478230953217
2022-11-29,688180.SH,pca,3,cn_a,INDUSTRY_C27,0.8112792223823391,0.5326702184083996,0.8112792223823391,0.5230421423912048,1,quality_factor,0.5449503064155579,volatility_factor,0.21096636354923248,momentum_factor,0.16379676759243011
2022-11-29,600332.SH,pca,3,cn_a,INDUSTRY_C27,-0.03678217626034683,-0.02415046425643763,-0.03678217626034683,0.5230421423912048,0,value_factor,0.39795809984207153,volatility_factor,0.38660064339637756,quality_factor,0.1302703320980072
2022-11-29,600535.SH,pca,3,cn_a,INDUSTRY_C27,-0.03766634352646814,-0.024730991352116705,-0.03766634352646814,0.5230421423912048,0,value_factor,0.4320029020309448,volatility_factor,0.38946041464805603,quality_factor,0.1275920420885086
2022-11-29,600380.SH,pca,3,cn_a,INDUSTRY_C27,-0.05071879407544544,-0.03330097748373728,-0.05071879407544544,0.5230421423912048,0,volatility_factor,0.3804345726966858,value_factor,0.36795252561569214,quality_factor,0.14219769835472107
2022-11-29,603858.SH,pca,3,cn_a,INDUSTRY_C27,-0.05601211786040898,-0.03677647131971043,-0.05601211786040898,0.5230421423912048,0,volatility_factor,0.3491995930671692,momentum_factor,0.3159368336200714,quality_factor,0.19589218497276306
2022-11-29,688336.SH,pca,3,cn_a,INDUSTRY_C27,-0.08288463637960138,-0.054420446308701326,-0.08288463637960138,0.5230421423912048,0,volatility_factor,0.35910576581954956,value_factor,0.32388728857040405,quality_factor,0.19509445130825043
2022-11-29,600329.SH,pca,3,cn_a,INDUSTRY_C27,-0.09305558816566066,-0.06109849618330815,-0.09305558816566066,0.5230421423912048,0,momentum_factor,0.44503962993621826,value_factor,0.2506066858768463,quality_factor,0.17653436958789825
2022-11-29,603087.SH,pca,3,cn_a,INDUSTRY_C27,-0.10046565774832164,-0.06596380429686571,-0.10046565774832164,0.5230421423912048,0,value_factor,0.45130670070648193,volatility_factor,0.34197288751602173,quality_factor,0.164109006524086
2022-11-29,600566.SH,pca,3,cn_a,INDUSTRY_C27,-0.10200182226816233,-0.06697242015651007,-0.10200182226816233,0.5230421423912048,1,volatility_factor,0.3448903262615204,value_factor,0.24117952585220337,quality_factor,0.22079414129257202
2022-11-29,002007.SZ,pca,3,cn_a,INDUSTRY_C27,-0.10290568799035484,-0.06756588087677642,-0.10290568799035484,0.5230421423912048,1,momentum_factor,0.43769779801368713,value_factor,0.41277584433555603,quality_factor,0.14087679982185364
2022-11-29,002294.SZ,pca,3,cn_a,INDUSTRY_C27,-0.10755343076075256,-0.07061749872709414,-0.10755343076075256,0.5230421423912048,0,momentum_factor,0.4402247667312622,value_factor,0.31288841366767883,quality_factor,0.1723204106092453
2022-11-29,603707.SH,pca,3,cn_a,INDUSTRY_C27,-0.11146022525575393,-0.07318262429609135,-0.11146022525575393,0.5230421423912048,1,momentum_factor,0.4190612733364105,quality_factor,0.2492249757051468,volatility_factor,0.24609386920928955
2022-11-29,688166.SH,pca,3,cn_a,INDUSTRY_C27,-0.11282799727172632,-0.07408067690039871,-0.11282799727172632,0.5230421423912048,1,momentum_factor,0.41385218501091003,volatility_factor,0.2821197211742401,quality_factor,0.2666938900947571
2022-11-29,300142.SZ,pca,3,cn_a,INDUSTRY_C27,-0.112936324069647,-0.07415180217701857,-0.112936324069647,0.5230421423912048,0,momentum_factor,0.4444331228733063,value_factor,0.3552611470222473,quality_factor,0.15777486562728882
2022-11-29,300558.SZ,pca,3,cn_a,INDUSTRY_C27,-0.11332891974114259,-0.07440957288815259,-0.11332891974114259,0.5230421423912048,1,momentum_factor,0.43213438987731934,value_factor,0.33020535111427307,quality_factor,0.18157456815242767
2022-11-29,300601.SZ,pca,3,cn_a,INDUSTRY_C27,-0.12170308438566792,-0.07990788713942647,-0.12170308438566792,0.5230421423912048,1,momentum_factor,0.4027954638004303,quality_factor,0.2686269283294678,volatility_factor,0.21175426244735718
2022-11-29,600161.SH,pca,3,cn_a,INDUSTRY_C27,-0.12650023470761543,-0.08305760309323336,-0.12650023470761543,0.5230421423912048,1,momentum_factor,0.41386234760284424,value_factor,0.34452924132347107,quality_factor,0.2074020504951477
2022-11-29,600062.SH,pca,3,cn_a,INDUSTRY_C27,-0.12733467835538786,-0.08360548262452866,-0.12733467835538786,0.5230421423912048,1,quality_factor,0.3422872722148895,volatility_factor,0.3051248788833618,value_factor,0.30384087562561035
2022-11-29,600521.SH,pca,3,cn_a,INDUSTRY_C27,-0.13505923799141306,-0.08867727881369705,-0.13505923799141306,0.5230421423912048,1,quality_factor,0.3482269048690796,momentum_factor,0.34689146280288696,volatility_factor,0.286443829536438
2022-11-29,002773.SZ,pca,3,cn_a,INDUSTRY_C27,-0.13651222642032598,-0.08963128286362348,-0.13651222642032598,0.5230421423912048,0,value_factor,0.4234926402568817,volatility_factor,0.27084943652153015,quality_factor,0.18968676030635834
2022-11-29,002262.SZ,pca,3,cn_a,INDUSTRY_C27,-0.1442156224479921,-0.09468918343760058,-0.1442156224479921,0.5230421423912048,1,quality_factor,0.32290521264076233,volatility_factor,0.30864188075065613,value_factor,0.2550318241119385
2022-11-29,600085.SH,pca,3,cn_a,INDUSTRY_C27,-0.14482799181146078,-0.09509125329664073,-0.14482799181146078,0.5230421423912048,0,momentum_factor,0.3737119734287262,quality_factor,0.30240723490715027,value_factor,0.1792096495628357
2022-11-29,600276.SH,pca,3,cn_a,INDUSTRY_C27,-0.17448888979191832,-0.11456602421342085,-0.17448888979191832,0.5230421423912048,0,quality_factor,0.41879597306251526,momentum_factor,0.2961069941520691,value_factor,0.2074429839849472
2022-11-29,002603.SZ,pca,3,cn_a,INDUSTRY_C27,-0.1823576272469171,-0.11973248476499801,-0.1823576272469171,0.5230421423912048,0,value_factor,0.47829991579055786,momentum_factor,0.23549628257751465,volatility_factor,0.2073272317647934
2022-11-29,002821.SZ,pca,3,cn_a,INDUSTRY_C27,-0.1832362568343646,-0.12030937592815562,-0.1832362568343646,0.5230421423912048,1,value_factor,0.33387455344200134,quality_factor,0.3215268552303314,momentum_factor,0.17534156143665314
2022-11-29,688278.SH,pca,3,cn_a,INDUSTRY_C27,-0.2286882270609117,-0.15015225892048845,-0.2286882270609117,0.5230421423912048,0,value_factor,0.3857443630695343,quality_factor,0.3181368112564087,volatility_factor,0.23934625089168549
2022-11-29,603658.SH,pca,3,cn_a,INDUSTRY_C27,-0.2366707423256489,-0.15539342377742849,-0.2366707423256489,0.5230421423912048,0,quality_factor,0.36605411767959595,momentum_factor,0.2792900502681732,volatility_factor,0.2483435422182083
2022-11-30,688520.SH,pca,3,cn_a,INDUSTRY_C27,0.8973181261230528,0.673022692579029,0.8973181261230528,0.3332657814025879,1,quality_factor,0.8661620020866394,value_factor,0.08994949609041214,volatility_factor,0.029091091826558113
2022-11-30,688578.SH,pca,3,cn_a,INDUSTRY_C27,0.8061146737221051,0.6046166375574997,0.8061146737221051,0.3332657814025879,1,quality_factor,0.7401268482208252,value_factor,0.13489608466625214,momentum_factor,0.11021555215120316
2022-11-30,688235.SH,pca,3,cn_a,INDUSTRY_C27,0.8028306956301722,0.602153529197756,0.8028306956301722,0.3332657814025879,1,quality_factor,0.862032413482666,volatility_factor,0.08361946046352386,value_factor,0.046634893864393234
2022-11-30,688180.SH,pca,3,cn_a,INDUSTRY_C27,0.7884525307050732,0.5913693591352999,0.7884525307050732,0.3332657814025879,1,quality_factor,0.7057058215141296,value_factor,0.13325898349285126,volatility_factor,0.11851083487272263
2022-11-30,688266.SH,pca,3,cn_a,INDUSTRY_C27,0.7463814614882063,0.5598144585268042,0.7463814614882063,0.3332657814025879,1,quality_factor,0.6447181105613708,volatility_factor,0.17438346147537231,value_factor,0.09679806232452393
2022-11-30,688192.SH,pca,3,cn_a,INDUSTRY_C27,0.7257134796266677,0.5443126867496901,0.7257134796266677,0.3332657814025879,1,quality_factor,0.5442487001419067,volatility_factor,0.21376757323741913,value_factor,0.1258465200662613
2022-11-30,603858.SH,pca,3,cn_a,INDUSTRY_C27,-0.0038252941806908394,-0.0028691159962619395,-0.0038252941806908394,0.3332657814025879,0,volatility_factor,0.3810158669948578,momentum_factor,0.2630400061607361,value_factor,0.23501011729240417
2022-11-30,600332.SH,pca,3,cn_a,INDUSTRY_C27,-0.016682334435694873,-0.012512384753582406,-0.016682334435694873,0.3332657814025879,0,value_factor,0.41065987944602966,volatility_factor,0.3929390013217926,quality_factor,0.11430613696575165
2022-11-30,600535.SH,pca,3,cn_a,INDUSTRY_C27,-0.017345760918859098,-0.013009979826086482,-0.017345760918859098,0.3332657814025879,0,value_factor,0.40916526317596436,volatility_factor,0.3925052881240845,quality_factor,0.11552467197179794
2022-11-30,688336.SH,pca,3,cn_a,INDUSTRY_C27,-0.0610533614622383,-0.0457923411174706,-0.0610533614622383,0.3332657814025879,0,value_factor,0.3927746117115021,volatility_factor,0.3759832978248596,quality_factor,0.15830233693122864
2022-11-30,600566.SH,pca,3,cn_a,INDUSTRY_C27,-0.0666461907406719,-0.04998717560317231,-0.0666461907406719,0.3332657814025879,1,momentum_factor,0.3530007004737854,volatility_factor,0.343059241771698,quality_factor,0.20447324216365814
2022-11-30,600062.SH,pca,3,cn_a,INDUSTRY_C27,-0.06930920369483162,-0.05198453651298149,-0.06930920369483162,0.3332657814025879,1,volatility_factor,0.3679976463317871,value_factor,0.35258910059928894,quality_factor,0.17419013381004333
2022-11-30,002007.SZ,pca,3,cn_a,INDUSTRY_C27,-0.08433040371077533,-0.06325100732883149,-0.08433040371077533,0.3332657814025879,1,momentum_factor,0.4416864812374115,value_factor,0.2581220269203186,quality_factor,0.1803247630596161
2022-11-30,300558.SZ,pca,3,cn_a,INDUSTRY_C27,-0.08523474095897068,-0.06392929462969059,-0.08523474095897068,0.3332657814025879,1,momentum_factor,0.4364248216152191,volatility_factor,0.23661701381206512,quality_factor,0.21732249855995178
2022-11-30,002294.SZ,pca,3,cn_a,INDUSTRY_C27,-0.09042376588250439,-0.0678212605046978,-0.09042376588250439,0.3332657814025879,0,momentum_factor,0.4432736039161682,value_factor,0.29625341296195984,quality_factor,0.17073801159858704
2022-11-30,600380.SH,pca,3,cn_a,INDUSTRY_C27,-0.09178741466678736,-0.06884404891140875,-0.09178741466678736,0.3332657814025879,0,value_factor,0.4487378001213074,volatility_factor,0.3119528293609619,quality_factor,0.15723760426044464
2022-11-30,600161.SH,pca,3,cn_a,INDUSTRY_C27,-0.09259705062249807,-0.069451306644266,-0.09259705062249807,0.3332657814025879,1,momentum_factor,0.42641398310661316,quality_factor,0.22990140318870544,volatility_factor,0.21805550158023834
2022-11-30,603707.SH,pca,3,cn_a,INDUSTRY_C27,-0.09860876242563713,-0.0739603189409851,-0.09860876242563713,0.3332657814025879,1,momentum_factor,0.4192895293235779,quality_factor,0.24291163682937622,volatility_factor,0.22130104899406433
2022-11-30,300601.SZ,pca,3,cn_a,INDUSTRY_C27,-0.10482264452682408,-0.07862096664368845,-0.10482264452682408,0.3332657814025879,1,volatility_factor,0.31876611709594727,momentum_factor,0.30143308639526367,quality_factor,0.272240549325943
2022-11-30,600329.SH,pca,3,cn_a,INDUSTRY_C27,-0.10516577196828036,-0.07887832526358442,-0.10516577196828036,0.3332657814025879,0,momentum_factor,0.4123646020889282,value_factor,0.3160758316516876,quality_factor,0.2150118201971054
2022-11-30,002773.SZ,pca,3,cn_a,INDUSTRY_C27,-0.10737107618958905,-0.08053238723087552,-0.10737107618958905,0.3332657814025879,0,value_factor,0.4294319748878479,volatility_factor,0.3103659749031067,quality_factor,0.19354398548603058
2022-11-30,603087.SH,pca,3,cn_a,INDUSTRY_C27,-0.11720401453739511,-0.08790746464226898,-0.11720401453739511,0.3332657814025879,0,value_factor,0.4280584156513214,volatility_factor,0.2568058669567108,quality_factor,0.17543183267116547
2022-11-30,300142.SZ,pca,3,cn_a,INDUSTRY_C27,-0.11998798063463988,-0.08999554500559762,-0.11998798063463988,0.3332657814025879,0,momentum_factor,0.3923438787460327,quality_factor,0.2871728837490082,volatility_factor,0.21279166638851166
2022-11-30,688166.SH,pca,3,cn_a,INDUSTRY_C27,-0.12312288875565061,-0.09234684522250773,-0.12312288875565061,0.3332657814025879,1,quality_factor,0.359338641166687,momentum_factor,0.33070799708366394,volatility_factor,0.28283223509788513
2022-11-30,600521.SH,pca,3,cn_a,INDUSTRY_C27,-0.13750852519582044,-0.10313661920518373,-0.13750852519582044,0.3332657814025879,1,quality_factor,0.39374080300331116,volatility_factor,0.27831536531448364,value_factor,0.171261265873909
2022-11-30,002262.SZ,pca,3,cn_a,INDUSTRY_C27,-0.13993544661312296,-0.10495690249089845,-0.13993544661312296,0.3332657814025879,1,quality_factor,0.38310202956199646,value_factor,0.31885507702827454,volatility_factor,0.2904163599014282
2022-11-30,600085.SH,pca,3,cn_a,INDUSTRY_C27,-0.1598091730379697,-0.11986295250887741,-0.1598091730379697,0.3332657814025879,0,quality_factor,0.35889551043510437,value_factor,0.3341434895992279,momentum_factor,0.24110974371433258
2022-11-30,002603.SZ,pca,3,cn_a,INDUSTRY_C27,-0.15995727336612556,-0.11997403338278992,-0.15995727336612556,0.3332657814025879,0,value_factor,0.4784284830093384,momentum_factor,0.23534823954105377,volatility_factor,0.20755335688591003
2022-11-30,600276.SH,pca,3,cn_a,INDUSTRY_C27,-0.17734753054965519,-0.1330173870982323,-0.17734753054965519,0.3332657814025879,0,quality_factor,0.46129950881004333,value_factor,0.3029176890850067,volatility_factor,0.1210901141166687
2022-11-30,002821.SZ,pca,3,cn_a,INDUSTRY_C27,-0.20457018855381331,-0.15343541505925898,-0.20457018855381331,0.3332657814025879,1,momentum_factor,0.4075607657432556,quality_factor,0.29233577847480774,value_factor,0.19393956661224365
2022-11-30,603658.SH,pca,3,cn_a,INDUSTRY_C27,-0.2172778162462966,-0.1629666187170285,-0.2172778162462966,0.3332657814025879,0,quality_factor,0.32446202635765076,momentum_factor,0.32399341464042664,volatility_factor,0.26636454463005066
2022-11-30,688278.SH,pca,3,cn_a,INDUSTRY_C27,-0.26591098051124845,-0.19944333997045333,-0.26591098051124845,0.3332657814025879,0,volatility_factor,0.3387162983417511,value_factor,0.25022488832473755,momentum_factor,0.22352908551692963
2022-12-01,688520.SH,pca,3,cn_a,INDUSTRY_C27,0.8287956726022215,0.6550309348235134,0.8287956726022215,0.2652772068977356,1,quality_factor,0.7991798520088196,value_factor,0.11361821740865707,momentum_factor,0.07581697404384613
2022-12-01,688180.SH,pca,3,cn_a,INDUSTRY_C27,0.7672330511823724,0.6063754907956536,0.7672330511823724,0.2652772068977356,1,quality_factor,0.8490128517150879,momentum_factor,0.07535888999700546,value_factor,0.042997803539037704
2022-12-01,688578.SH,pca,3,cn_a,INDUSTRY_C27,0.7341687591441217,0.5802434357680355,0.7341687591441217,0.2652772068977356,1,quality_factor,0.6506618857383728,momentum_factor,0.17277802526950836,volatility_factor,0.09676183760166168
2022-12-01,688235.SH,pca,3,cn_a,INDUSTRY_C27,0.7213802387936492,0.5701361479079552,0.7213802387936492,0.2652772068977356,1,quality_factor,0.6613644361495972,volatility_factor,0.1667351871728897,momentum_factor,0.10071607679128647
2022-12-01,688266.SH,pca,3,cn_a,INDUSTRY_C27,0.6429317700833372,0.5081351318632545,0.6429317700833372,0.2652772068977356,1,quality_factor,0.4651206135749817,volatility_factor,0.24251271784305573,momentum_factor,0.1842086911201477
2022-12-01,688192.SH,pca,3,cn_a,INDUSTRY_C27,0.6255038067438867,0.4943611034800378,0.6255038067438867,0.2652772068977356,1,quality_factor,0.4271628260612488,volatility_factor,0.25657492876052856,momentum_factor,0.211929053068161
2022-12-01,600332.SH,pca,3,cn_a,INDUSTRY_C27,0.023661459871830853,0.018700614266567384,0.023661459871830853,0.2652772068977356,0,volatility_factor,0.388354629278183,momentum_factor,0.266940712928772,value_factor,0.2432081699371338
2022-12-01,603858.SH,pca,3,cn_a,INDUSTRY_C27,-0.02141697123224034,-0.01692670359063972,-0.02141697123224034,0.2652772068977356,0,volatility_factor,0.3789626955986023,value_factor,0.28103193640708923,momentum_factor,0.20621001720428467
2022-12-01,600535.SH,pca,3,cn_a,INDUSTRY_C27,-0.036192768307553795,-0.02860461708723966,-0.036192768307553795,0.2652772068977356,0,value_factor,0.4480547308921814,volatility_factor,0.38885021209716797,quality_factor,0.13185645639896393
2022-12-01,600062.SH,pca,3,cn_a,INDUSTRY_C27,-0.04868541689109201,-0.038478065454077504,-0.04868541689109201,0.2652772068977356,1,momentum_factor,0.37771594524383545,volatility_factor,0.34760376811027527,quality_factor,0.19031615555286407
2022-12-01,688336.SH,pca,3,cn_a,INDUSTRY_C27,-0.05349266536863687,-0.042277429481025586,-0.05349266536863687,0.2652772068977356,0,volatility_factor,0.37605226039886475,value_factor,0.37244874238967896,quality_factor,0.1550009697675705
2022-12-01,600380.SH,pca,3,cn_a,INDUSTRY_C27,-0.05621256377883147,-0.044427075837962876,-0.05621256377883147,0.2652772068977356,0,value_factor,0.45179417729377747,volatility_factor,0.38300859928131104,quality_factor,0.14783991873264313
2022-12-01,002007.SZ,pca,3,cn_a,INDUSTRY_C27,-0.08245942090079872,-0.06517103472327054,-0.08245942090079872,0.2652772068977356,1,momentum_factor,0.44085586071014404,value_factor,0.29700517654418945,quality_factor,0.17414095997810364
2022-12-01,002773.SZ,pca,3,cn_a,INDUSTRY_C27,-0.08326600835092254,-0.06580851359645609,-0.08326600835092254,0.2652772068977356,0,value_factor,0.42806440591812134,volatility_factor,0.3667263388633728,quality_factor,0.18904516100883484
2022-12-01,600161.SH,pca,3,cn_a,INDUSTRY_C27,-0.0885853478980774,-0.070012604027185,-0.0885853478980774,0.2652772068977356,1,momentum_factor,0.4264489710330963,quality_factor,0.22687648236751556,volatility_factor,0.2055981308221817
2022-12-01,300558.SZ,pca,3,cn_a,INDUSTRY_C27,-0.08999218908581949,-0.07112448784706736,-0.08999218908581949,0.2652772068977356,1,momentum_factor,0.42372196912765503,quality_factor,0.232986718416214,volatility_factor,0.21173255145549774
2022-12-01,603707.SH,pca,3,cn_a,INDUSTRY_C27,-0.09533402824370904,-0.07534636063542663,-0.09533402824370904,0.2652772068977356,1,momentum_factor,0.4159183204174042,quality_factor,0.24971257150173187,volatility_factor,0.22571809589862823
2022-12-01,002294.SZ,pca,3,cn_a,INDUSTRY_C27,-0.099340215252303,-0.07851261319690275,-0.099340215252303,0.2652772068977356,0,momentum_factor,0.4253987967967987,value_factor,0.3145999312400818,quality_factor,0.1951972097158432
2022-12-01,603087.SH,pca,3,cn_a,INDUSTRY_C27,-0.09954102165890044,-0.07867131866868579,-0.09954102165890044,0.2652772068977356,0,value_factor,0.4292578101158142,volatility_factor,0.30311211943626404,quality_factor,0.19088122248649597
2022-12-01,300601.SZ,pca,3,cn_a,INDUSTRY_C27,-0.10510259777872331,-0.08306685851679038,-0.10510259777872331,0.2652772068977356,1,volatility_factor,0.31523504853248596,quality_factor,0.2851649522781372,momentum_factor,0.27116143703460693
2022-12-01,600521.SH,pca,3,cn_a,INDUSTRY_C27,-0.11207016327433421,-0.08857360896313897,-0.11207016327433421,0.2652772068977356,1,quality_factor,0.3320016860961914,momentum_factor,0.3052431344985962,volatility_factor,0.29500094056129456
2022-12-01,600566.SH,pca,3,cn_a,INDUSTRY_C27,-0.11518435005979964,-0.09103487746239848,-0.11518435005979964,0.2652772068977356,1,quality_factor,0.3295256793498993,volatility_factor,0.30799421668052673,value_factor,0.28201964497566223
2022-12-01,688166.SH,pca,3,cn_a,INDUSTRY_C27,-0.11675409468776778,-0.09227551049787724,-0.11675409468776778,0.2652772068977356,1,momentum_factor,0.3716002404689789,quality_factor,0.315141499042511,volatility_factor,0.1835501790046692
2022-12-01,600085.SH,pca,3,cn_a,INDUSTRY_C27,-0.11863903285799372,-0.0937652538116315,-0.11863903285799372,0.2652772068977356,0,momentum_factor,0.37937164306640625,quality_factor,0.29400667548179626,value_factor,0.17689357697963715
2022-12-01,002262.SZ,pca,3,cn_a,INDUSTRY_C27,-0.12065209376281036,-0.09535625773446639,-0.12065209376281036,0.2652772068977356,1,quality_factor,0.3302910029888153,volatility_factor,0.30574169754981995,value_factor,0.25062283873558044
2022-12-01,600329.SH,pca,3,cn_a,INDUSTRY_C27,-0.12382899199586174,-0.0978670896418062,-0.12382899199586174,0.2652772068977356,0,value_factor,0.422062486410141,momentum_factor,0.2943987548351288,quality_factor,0.16995404660701752
2022-12-01,300142.SZ,pca,3,cn_a,INDUSTRY_C27,-0.14646876575267778,-0.1157602238102776,-0.14646876575267778,0.2652772068977356,0,quality_factor,0.38065627217292786,momentum_factor,0.3100458085536957,value_factor,0.2921614646911621
2022-12-01,002603.SZ,pca,3,cn_a,INDUSTRY_C27,-0.15067509517614433,-0.11908465706386595,-0.15067509517614433,0.2652772068977356,0,value_factor,0.47795069217681885,momentum_factor,0.23589828610420227,volatility_factor,0.20671312510967255
2022-12-01,600276.SH,pca,3,cn_a,INDUSTRY_C27,-0.16571218273575922,-0.13096907905930383,-0.16571218273575922,0.2652772068977356,0,quality_factor,0.39808472990989685,value_factor,0.32891860604286194,momentum_factor,0.15239456295967102
2022-12-01,002821.SZ,pca,3,cn_a,INDUSTRY_C27,-0.19398839738666535,-0.15331692175242423,-0.19398839738666535,0.2652772068977356,1,momentum_factor,0.40359875559806824,quality_factor,0.3118906617164612,volatility_factor,0.14407244324684143
2022-12-01,603658.SH,pca,3,cn_a,INDUSTRY_C27,-0.25362889918792203,-0.20045323645537325,-0.25362889918792203,0.2652772068977356,0,momentum_factor,0.4333937168121338,volatility_factor,0.31955674290657043,quality_factor,0.20408743619918823
2022-12-01,688278.SH,pca,3,cn_a,INDUSTRY_C27,-0.2979731079185958,-0.23550026850328692,-0.2979731079185958,0.2652772068977356,0,volatility_factor,0.36339476704597473,momentum_factor,0.28089195489883423,value_factor,0.224857896566391
2022-12-02,688520.SH,pca,3,cn_a,INDUSTRY_C27,0.771989039154776,0.6605585700986422,0.771989039154776,0.16869127750396729,1,quality_factor,0.7188333868980408,value_factor,0.16878663003444672,momentum_factor,0.07356327772140503
2022-12-02,688235.SH,pca,3,cn_a,INDUSTRY_C27,0.6758735601949857,0.5783165949851896,0.6758735601949857,0.16869127750396729,1,quality_factor,0.6834117770195007,volatility_factor,0.15975302457809448,value_factor,0.09465287625789642
2022-12-02,688578.SH,pca,3,cn_a,INDUSTRY_C27,0.6641661802818221,0.568299082115437,0.6641661802818221,0.16869127750396729,1,quality_factor,0.6248664855957031,momentum_factor,0.19374331831932068,volatility_factor,0.14150188863277435
2022-12-02,688266.SH,pca,3,cn_a,INDUSTRY_C27,0.607675197002985,0.5199621223329634,0.607675197002985,0.16869127750396729,1,quality_factor,0.46094995737075806,volatility_factor,0.24748475849628448,value_factor,0.16946959495544434
2022-12-02,688180.SH,pca,3,cn_a,INDUSTRY_C27,0.6047046634615241,0.5174203616484776,0.6047046634615241,0.16869127750396729,1,quality_factor,0.49253958463668823,volatility_factor,0.23118843138217926,momentum_factor,0.18656760454177856
2022-12-02,688192.SH,pca,3,cn_a,INDUSTRY_C27,0.5784587534788919,0.4949628397281575,0.5784587534788919,0.16869127750396729,1,quality_factor,0.4237287640571594,volatility_factor,0.258390337228775,momentum_factor,0.20409882068634033
2022-12-02,603858.SH,pca,3,cn_a,INDUSTRY_C27,0.017718920751088104,0.01516133566850203,0.017718920751088104,0.16869127750396729,0,momentum_factor,0.38310736417770386,volatility_factor,0.3782261610031128,value_factor,0.12661133706569672
2022-12-02,600332.SH,pca,3,cn_a,INDUSTRY_C27,0.009528848764606133,0.008153435340903181,0.009528848764606133,0.16869127750396729,0,volatility_factor,0.3905620276927948,value_factor,0.30664992332458496,momentum_factor,0.19778764247894287
2022-12-02,600062.SH,pca,3,cn_a,INDUSTRY_C27,-0.023765389758760334,-0.02033504503389233,-0.023765389758760334,0.16869127750396729,1,volatility_factor,0.3741415739059448,momentum_factor,0.2518339157104492,value_factor,0.2348940223455429
2022-12-02,600535.SH,pca,3,cn_a,INDUSTRY_C27,-0.02677784383216118,-0.022912675355421463,-0.02677784383216118,0.16869127750396729,0,value_factor,0.46737992763519287,volatility_factor,0.39386019110679626,quality_factor,0.1206393763422966
2022-12-02,688336.SH,pca,3,cn_a,INDUSTRY_C27,-0.04520138602979248,-0.038676925976833976,-0.04520138602979248,0.16869127750396729,0,volatility_factor,0.37849944829940796,value_factor,0.3745523691177368,quality_factor,0.1484915316104889
2022-12-02,600380.SH,pca,3,cn_a,INDUSTRY_C27,-0.04775895052480079,-0.04086532640750257,-0.04775895052480079,0.16869127750396729,0,value_factor,0.44812607765197754,volatility_factor,0.38494163751602173,quality_factor,0.1418336182832718
2022-12-02,600161.SH,pca,3,cn_a,INDUSTRY_C27,-0.07300617890168548,-0.06246831845755574,-0.07300617890168548,0.16869127750396729,1,momentum_factor,0.41336360573768616,volatility_factor,0.32585152983665466,quality_factor,0.23965837061405182
2022-12-02,600566.SH,pca,3,cn_a,INDUSTRY_C27,-0.07443390003837745,-0.06368995941969352,-0.07443390003837745,0.16869127750396729,1,volatility_factor,0.34610334038734436,value_factor,0.2266014814376831,quality_factor,0.21525812149047852
2022-12-02,002007.SZ,pca,3,cn_a,INDUSTRY_C27,-0.07669035309076791,-0.06562071144619078,-0.07669035309076791,0.16869127750396729,1,momentum_factor,0.43684160709381104,value_factor,0.24486452341079712,quality_factor,0.19046230614185333
2022-12-02,603707.SH,pca,3,cn_a,INDUSTRY_C27,-0.08222069115632895,-0.07035278926007886,-0.08222069115632895,0.16869127750396729,1,momentum_factor,0.40039634704589844,volatility_factor,0.318291038274765,quality_factor,0.26038455963134766
2022-12-02,002294.SZ,pca,3,cn_a,INDUSTRY_C27,-0.08705433444031102,-0.07448873463506747,-0.08705433444031102,0.16869127750396729,0,momentum_factor,0.42547085881233215,quality_factor,0.2156396359205246,value_factor,0.20791079103946686
2022-12-02,300558.SZ,pca,3,cn_a,INDUSTRY_C27,-0.08830634266011252,-0.07556002544034796,-0.08830634266011252,0.16869127750396729,1,momentum_factor,0.4050161838531494,volatility_factor,0.29138457775115967,quality_factor,0.28380087018013
2022-12-02,002603.SZ,pca,3,cn_a,INDUSTRY_C27,-0.09768208854167322,-0.08358245707993797,-0.09768208854167322,0.16869127750396729,0,value_factor,0.446792870759964,momentum_factor,0.3600839674472809,quality_factor,0.09950292855501175
2022-12-02,688166.SH,pca,3,cn_a,INDUSTRY_C27,-0.09805019969202805,-0.08389743431767438,-0.09805019969202805,0.16869127750396729,1,momentum_factor,0.3960413932800293,quality_factor,0.2817354202270508,volatility_factor,0.21786844730377197
2022-12-02,600521.SH,pca,3,cn_a,INDUSTRY_C27,-0.10419732979021624,-0.0891572751469111,-0.10419732979021624,0.16869127750396729,1,quality_factor,0.3098432719707489,volatility_factor,0.30726733803749084,momentum_factor,0.23708117008209229
2022-12-02,002773.SZ,pca,3,cn_a,INDUSTRY_C27,-0.1080538533851156,-0.09245714027736363,-0.1080538533851156,0.16869127750396729,0,value_factor,0.4104433059692383,volatility_factor,0.25834518671035767,quality_factor,0.20955564081668854
2022-12-02,603087.SH,pca,3,cn_a,INDUSTRY_C27,-0.11125710201255953,-0.09519802547870206,-0.11125710201255953,0.16869127750396729,0,value_factor,0.4090687036514282,volatility_factor,0.22398288547992706,quality_factor,0.19875600934028625
2022-12-02,600329.SH,pca,3,cn_a,INDUSTRY_C27,-0.11746396778899303,-0.10050897961681268,-0.11746396778899303,0.16869127750396729,0,value_factor,0.37769415974617004,momentum_factor,0.29944977164268494,quality_factor,0.25523415207862854
2022-12-02,300142.SZ,pca,3,cn_a,INDUSTRY_C27,-0.12473024848865939,-0.10672643057202588,-0.12473024848865939,0.16869127750396729,0,quality_factor,0.42293989658355713,momentum_factor,0.316091924905777,volatility_factor,0.23732271790504456
2022-12-02,002262.SZ,pca,3,cn_a,INDUSTRY_C27,-0.1341984275261581,-0.11482795337770675,-0.1341984275261581,0.16869127750396729,1,quality_factor,0.5569221377372742,value_factor,0.21486932039260864,volatility_factor,0.19330473244190216
2022-12-02,600085.SH,pca,3,cn_a,INDUSTRY_C27,-0.13738997176878412,-0.11755882362895255,-0.13738997176878412,0.16869127750396729,0,quality_factor,0.45459526777267456,momentum_factor,0.26605749130249023,value_factor,0.26517486572265625
2022-12-02,300601.SZ,pca,3,cn_a,INDUSTRY_C27,-0.1408670620599803,-0.12053402363097736,-0.1408670620599803,0.16869127750396729,1,quality_factor,0.5840651988983154,value_factor,0.19762304425239563,volatility_factor,0.17707471549510956
2022-12-02,600276.SH,pca,3,cn_a,INDUSTRY_C27,-0.14117058935961202,-0.12079373918244443,-0.14117058935961202,0.16869127750396729,0,quality_factor,0.42226895689964294,value_factor,0.2977496087551117,momentum_factor,0.26410484313964844
2022-12-02,688278.SH,pca,3,cn_a,INDUSTRY_C27,-0.1982782513574212,-0.1696583650225353,-0.1982782513574212,0.16869127750396729,0,value_factor,0.33014994859695435,volatility_factor,0.3077484667301178,quality_factor,0.26434510946273804
2022-12-02,002821.SZ,pca,3,cn_a,INDUSTRY_C27,-0.213396455905613,-0.18259437715781923,-0.213396455905613,0.16869127750396729,1,momentum_factor,0.46395888924598694,volatility_factor,0.22355759143829346,quality_factor,0.20796070992946625
2022-12-02,603658.SH,pca,3,cn_a,INDUSTRY_C27,-0.21503067597381814,-0.18399271057543098,-0.21503067597381814,0.16869127750396729,0,momentum_factor,0.3985656201839447,volatility_factor,0.3023919463157654,quality_factor,0.24287046492099762
2022-12-05,688520.SH,pca,3,cn_a,INDUSTRY_C27,0.7632516309583367,0.6678753817688633,0.7632516309583367,0.14280541241168976,1,quality_factor,0.6778284311294556,value_factor,0.19320908188819885,volatility_factor,0.07290378212928772
2022-12-05,688578.SH,pca,3,cn_a,INDUSTRY_C27,0.649169550795563,0.5680490469780273,0.649169550795563,0.14280541241168976,1,quality_factor,0.5806415677070618,momentum_factor,0.21278387308120728,value_factor,0.1102052628993988
2022-12-05,688235.SH,pca,3,cn_a,INDUSTRY_C27,0.6444986753146859,0.5639618460885005,0.6444986753146859,0.14280541241168976,1,quality_factor,0.6138938665390015,volatility_factor,0.18620926141738892,value_factor,0.10064656287431717
2022-12-05,688180.SH,pca,3,cn_a,INDUSTRY_C27,0.6173801689402995,0.5402320798316587,0.6173801689402995,0.14280541241168976,1,quality_factor,0.5780976414680481,volatility_factor,0.19755887985229492,momentum_factor,0.16120612621307373
2022-12-05,688192.SH,pca,3,cn_a,INDUSTRY_C27,0.5732743071583418,0.5016377053409244,0.5732743071583418,0.14280541241168976,1,quality_factor,0.4337635040283203,volatility_factor,0.25507014989852905,momentum_factor,0.18925675749778748
2022-12-05,688266.SH,pca,3,cn_a,INDUSTRY_C27,0.5168299087041095,0.452246622980575,0.5168299087041095,0.14280541241168976,1,quality_factor,0.34157711267471313,volatility_factor,0.29165953397750854,momentum_factor,0.20972251892089844
2022-12-05,600332.SH,pca,3,cn_a,INDUSTRY_C27,0.030770699204034326,0.026925579513515763,0.030770699204034326,0.14280541241168976,0,volatility_factor,0.38962891697883606,momentum_factor,0.2782394289970398,value_factor,0.23544862866401672
2022-12-05,603858.SH,pca,3,cn_a,INDUSTRY_C27,-0.004873633617718186,-0.004264622283149472,-0.004873633617718186,0.14280541241168976,0,momentum_factor,0.4528188109397888,volatility_factor,0.3638010621070862,quality_factor,0.13968811929225922
2022-12-05,600062.SH,pca,3,cn_a,INDUSTRY_C27,-0.01687336451053118,-0.014764861687942277,-0.01687336451053118,0.14280541241168976,1,volatility_factor,0.3750287890434265,momentum_factor,0.2712090313434601,value_factor,0.2194395363330841
2022-12-05,600535.SH,pca,3,cn_a,INDUSTRY_C27,-0.0196334003750064,-0.01718000229415051,-0.0196334003750064,0.14280541241168976,0,value_factor,0.4285132586956024,volatility_factor,0.3926364779472351,quality_factor,0.11809608340263367
2022-12-05,600380.SH,pca,3,cn_a,INDUSTRY_C27,-0.037045946335751374,-0.03241666908842722,-0.037045946335751374,0.14280541241168976,0,value_factor,0.40000706911087036,volatility_factor,0.3841265141963959,quality_factor,0.1368171125650406
2022-12-05,688336.SH,pca,3,cn_a,INDUSTRY_C27,-0.04803278032725941,-0.042030583620514345,-0.04803278032725941,0.14280541241168976,0,value_factor,0.38573887944221497,volatility_factor,0.3778356909751892,quality_factor,0.15201804041862488
2022-12-05,002007.SZ,pca,3,cn_a,INDUSTRY_C27,-0.05834070546398725,-0.05105042603774301,-0.05834070546398725,0.14280541241168976,1,momentum_factor,0.45650163292884827,volatility_factor,0.19110214710235596,value_factor,0.18024589121341705
2022-12-05,600161.SH,pca,3,cn_a,INDUSTRY_C27,-0.06505842215556874,-0.05692869398768724,-0.06505842215556874,0.14280541241168976,1,momentum_factor,0.3974460959434509,volatility_factor,0.3347305953502655,quality_factor,0.2192155122756958
2022-12-05,600566.SH,pca,3,cn_a,INDUSTRY_C27,-0.07774177456192172,-0.06802712927025059,-0.07774177456192172,0.14280541241168976,1,volatility_factor,0.3400900065898895,quality_factor,0.23127131164073944,value_factor,0.22177444398403168
2022-12-05,300558.SZ,pca,3,cn_a,INDUSTRY_C27,-0.0833972237893476,-0.07297587115121967,-0.0833972237893476,0.14280541241168976,1,momentum_factor,0.3878363370895386,volatility_factor,0.3138684034347534,quality_factor,0.27338361740112305
2022-12-05,600521.SH,pca,3,cn_a,INDUSTRY_C27,-0.09354419708963416,-0.08185487434210481,-0.09354419708963416,0.14280541241168976,1,volatility_factor,0.31391385197639465,momentum_factor,0.2908259332180023,quality_factor,0.28595057129859924
2022-12-05,603707.SH,pca,3,cn_a,INDUSTRY_C27,-0.09583323103068418,-0.08385786962603381,-0.09583323103068418,0.14280541241168976,1,momentum_factor,0.3840809464454651,quality_factor,0.319671094417572,volatility_factor,0.29187631607055664
2022-12-05,002773.SZ,pca,3,cn_a,INDUSTRY_C27,-0.10281786377636179,-0.08996969968616424,-0.10281786377636179,0.14280541241168976,0,value_factor,0.39254245162010193,volatility_factor,0.278585284948349,quality_factor,0.2511638104915619
2022-12-05,600329.SH,pca,3,cn_a,INDUSTRY_C27,-0.1050602896866953,-0.09193191109876472,-0.1050602896866953,0.14280541241168976,0,value_factor,0.37310367822647095,momentum_factor,0.3631698787212372,quality_factor,0.2432265728712082
2022-12-05,603087.SH,pca,3,cn_a,INDUSTRY_C27,-0.10885687888974642,-0.09525407689646313,-0.10885687888974642,0.14280541241168976,0,value_factor,0.3986242115497589,volatility_factor,0.2224084585905075,quality_factor,0.2178857922554016
2022-12-05,600085.SH,pca,3,cn_a,INDUSTRY_C27,-0.11041099566217942,-0.09661399057447104,-0.11041099566217942,0.14280541241168976,0,momentum_factor,0.36621201038360596,quality_factor,0.3192649185657501,volatility_factor,0.16168220341205597
2022-12-05,688166.SH,pca,3,cn_a,INDUSTRY_C27,-0.11569643370190705,-0.10123895802349762,-0.11569643370190705,0.14280541241168976,1,quality_factor,0.35187771916389465,momentum_factor,0.3410528600215912,value_factor,0.18741822242736816
2022-12-05,002294.SZ,pca,3,cn_a,INDUSTRY_C27,-0.11970815889424531,-0.10474937632554635,-0.11970815889424531,0.14280541241168976,0,value_factor,0.34590694308280945,momentum_factor,0.3316710293292999,quality_factor,0.30641698837280273
2022-12-05,300601.SZ,pca,3,cn_a,INDUSTRY_C27,-0.1278940475932061,-0.11191235288292536,-0.1278940475932061,0.14280541241168976,1,quality_factor,0.5723428726196289,volatility_factor,0.20732782781124115,momentum_factor,0.16760879755020142
2022-12-05,002262.SZ,pca,3,cn_a,INDUSTRY_C27,-0.12809196189037425,-0.11208553572514574,-0.12809196189037425,0.14280541241168976,1,quality_factor,0.45583873987197876,value_factor,0.2746502161026001,volatility_factor,0.22594287991523743
2022-12-05,002603.SZ,pca,3,cn_a,INDUSTRY_C27,-0.137378486632972,-0.12021161237693218,-0.137378486632972,0.14280541241168976,0,value_factor,0.4785540997982025,momentum_factor,0.23520362377166748,volatility_factor,0.20777428150177002
2022-12-05,300142.SZ,pca,3,cn_a,INDUSTRY_C27,-0.13999995586449776,-0.12250550169571722,-0.13999995586449776,0.14280541241168976,0,quality_factor,0.6117717623710632,momentum_factor,0.19275076687335968,volatility_factor,0.14822649955749512
2022-12-05,600276.SH,pca,3,cn_a,INDUSTRY_C27,-0.15651035202777452,-0.1369527517158165,-0.15651035202777452,0.14280541241168976,0,quality_factor,0.42671215534210205,value_factor,0.3270164430141449,volatility_factor,0.16961733996868134
2022-12-05,688278.SH,pca,3,cn_a,INDUSTRY_C27,-0.19764406633650253,-0.17294637954864414,-0.19764406633650253,0.14280541241168976,0,volatility_factor,0.3000675439834595,quality_factor,0.27430179715156555,value_factor,0.27331528067588806
2022-12-05,603658.SH,pca,3,cn_a,INDUSTRY_C27,-0.21622720390982553,-0.18920736032855143,-0.21622720390982553,0.14280541241168976,0,momentum_factor,0.42095398902893066,volatility_factor,0.3072197139263153,quality_factor,0.23061466217041016
2022-12-05,002821.SZ,pca,3,cn_a,INDUSTRY_C27,-0.23200316598414097,-0.2030119514565456,-0.23200316598414097,0.14280541241168976,1,momentum_factor,0.4918448030948639,volatility_factor,0.3240484595298767,quality_factor,0.1788158267736435
2022-12-06,688520.SH,pca,3,cn_a,INDUSTRY_C27,0.7427797050379731,0.6211422420338325,0.7427797050379731,0.19582873582839966,1,quality_factor,0.5494464039802551,value_factor,0.23318706452846527,momentum_factor,0.21718716621398926
2022-12-06,688578.SH,pca,3,cn_a,INDUSTRY_C27,0.6999696145790258,0.5853427238335038,0.6999696145790258,0.19582873582839966,1,quality_factor,0.6053792834281921,momentum_factor,0.18915902078151703,value_factor,0.17735062539577484
2022-12-06,688235.SH,pca,3,cn_a,INDUSTRY_C27,0.6841237683534451,0.5720917903673325,0.6841237683534451,0.19582873582839966,1,quality_factor,0.7193872332572937,momentum_factor,0.13896913826465607,volatility_factor,0.13619087636470795
2022-12-06,688180.SH,pca,3,cn_a,INDUSTRY_C27,0.6399052258236301,0.5351144679389639,0.6399052258236301,0.19582873582839966,1,quality_factor,0.593865156173706,momentum_factor,0.20893032848834991,volatility_factor,0.1886047124862671
2022-12-06,688192.SH,pca,3,cn_a,INDUSTRY_C27,0.61592671402228,0.5150626726625113,0.61592671402228,0.19582873582839966,1,quality_factor,0.46651002764701843,volatility_factor,0.24252569675445557,momentum_factor,0.1733352541923523
2022-12-06,688266.SH,pca,3,cn_a,INDUSTRY_C27,0.5782481638742464,0.4835543547092934,0.5782481638742464,0.19582873582839966,1,quality_factor,0.3864063620567322,volatility_factor,0.2752208411693573,momentum_factor,0.17395412921905518
2022-12-06,600332.SH,pca,3,cn_a,INDUSTRY_C27,0.006642216710042793,0.005554488566888949,0.006642216710042793,0.19582873582839966,0,volatility_factor,0.38645684719085693,value_factor,0.2654435932636261,momentum_factor,0.23785348236560822
2022-12-06,603858.SH,pca,3,cn_a,INDUSTRY_C27,-0.027970152229964636,-0.02338976542884899,-0.027970152229964636,0.19582873582839966,0,momentum_factor,0.47380924224853516,volatility_factor,0.34466928243637085,quality_factor,0.17772723734378815
2022-12-06,600535.SH,pca,3,cn_a,INDUSTRY_C27,-0.03246349186911783,-0.027147276624635397,-0.03246349186911783,0.19582873582839966,0,value_factor,0.4716799855232239,volatility_factor,0.39223846793174744,quality_factor,0.1258695274591446
2022-12-06,600062.SH,pca,3,cn_a,INDUSTRY_C27,-0.04878877545986561,-0.040799134884382554,-0.04878877545986561,0.19582873582839966,1,volatility_factor,0.3742038309574127,value_factor,0.33686256408691406,quality_factor,0.15443946421146393
2022-12-06,600380.SH,pca,3,cn_a,INDUSTRY_C27,-0.0645871694789457,-0.05401038690835058,-0.0645871694789457,0.19582873582839966,0,value_factor,0.45166364312171936,volatility_factor,0.3752714991569519,quality_factor,0.16952672600746155
2022-12-06,603087.SH,pca,3,cn_a,INDUSTRY_C27,-0.0806389247004977,-0.06743350975253676,-0.0806389247004977,0.19582873582839966,0,value_factor,0.44106826186180115,volatility_factor,0.35218101739883423,quality_factor,0.1873265653848648
2022-12-06,603707.SH,pca,3,cn_a,INDUSTRY_C27,-0.08311176116413224,-0.0695013949879397,-0.08311176116413224,0.19582873582839966,1,momentum_factor,0.4250127077102661,volatility_factor,0.27435413002967834,quality_factor,0.24584975838661194
2022-12-06,688336.SH,pca,3,cn_a,INDUSTRY_C27,-0.08320273993314022,-0.06957747509106557,-0.08320273993314022,0.19582873582839966,0,value_factor,0.44632774591445923,volatility_factor,0.32254934310913086,quality_factor,0.16596929728984833
2022-12-06,600085.SH,pca,3,cn_a,INDUSTRY_C27,-0.08654237870677517,-0.07237021525530132,-0.08654237870677517,0.19582873582839966,0,momentum_factor,0.4222545921802521,volatility_factor,0.2868534326553345,quality_factor,0.25369665026664734
2022-12-06,600161.SH,pca,3,cn_a,INDUSTRY_C27,-0.09133055031943318,-0.07637427679677425,-0.09133055031943318,0.19582873582839966,1,momentum_factor,0.39800989627838135,volatility_factor,0.30538347363471985,quality_factor,0.2935929596424103
2022-12-06,600566.SH,pca,3,cn_a,INDUSTRY_C27,-0.09155009545177162,-0.07655786926006232,-0.09155009545177162,0.19582873582839966,1,volatility_factor,0.3307621479034424,quality_factor,0.26041603088378906,value_factor,0.24287569522857666
2022-12-06,688166.SH,pca,3,cn_a,INDUSTRY_C27,-0.09155461626442318,-0.07656164974529524,-0.09155461626442318,0.19582873582839966,1,momentum_factor,0.36389005184173584,volatility_factor,0.3148587942123413,quality_factor,0.27379804849624634
2022-12-06,002007.SZ,pca,3,cn_a,INDUSTRY_C27,-0.09938264965001442,-0.08310776587483226,-0.09938264965001442,0.19582873582839966,1,momentum_factor,0.40736159682273865,value_factor,0.3859347701072693,quality_factor,0.20347076654434204
2022-12-06,300601.SZ,pca,3,cn_a,INDUSTRY_C27,-0.09970881436702571,-0.08338051791991724,-0.09970881436702571,0.19582873582839966,1,volatility_factor,0.31712135672569275,quality_factor,0.2821595072746277,momentum_factor,0.25759267807006836
2022-12-06,002262.SZ,pca,3,cn_a,INDUSTRY_C27,-0.10388569506140749,-0.0868733934274454,-0.10388569506140749,0.19582873582839966,1,volatility_factor,0.3220706582069397,quality_factor,0.28417131304740906,value_factor,0.2445288747549057
2022-12-06,600521.SH,pca,3,cn_a,INDUSTRY_C27,-0.10733667681322917,-0.08975924306496987,-0.10733667681322917,0.19582873582839966,1,volatility_factor,0.30948081612586975,quality_factor,0.30696460604667664,momentum_factor,0.21637752652168274
2022-12-06,300558.SZ,pca,3,cn_a,INDUSTRY_C27,-0.11284961780340648,-0.0943693858887616,-0.11284961780340648,0.19582873582839966,1,quality_factor,0.38048094511032104,momentum_factor,0.2910844683647156,volatility_factor,0.2766449749469757
2022-12-06,600276.SH,pca,3,cn_a,INDUSTRY_C27,-0.11552687141045284,-0.09660821295511088,-0.11552687141045284,0.19582873582839966,0,momentum_factor,0.3676358163356781,quality_factor,0.32691100239753723,volatility_factor,0.20321640372276306
2022-12-06,600329.SH,pca,3,cn_a,INDUSTRY_C27,-0.12247037257211525,-0.1024146476892142,-0.12247037257211525,0.19582873582839966,0,quality_factor,0.37636956572532654,value_factor,0.31561988592147827,momentum_factor,0.30111968517303467
2022-12-06,002294.SZ,pca,3,cn_a,INDUSTRY_C27,-0.13891227069546053,-0.1161640237079147,-0.13891227069546053,0.19582873582839966,0,value_factor,0.36495134234428406,quality_factor,0.3034389913082123,momentum_factor,0.2275361269712448
2022-12-06,002603.SZ,pca,3,cn_a,INDUSTRY_C27,-0.1433647638001608,-0.11988737738994931,-0.1433647638001608,0.19582873582839966,0,value_factor,0.4783824384212494,momentum_factor,0.2354012429714203,volatility_factor,0.20747239887714386
2022-12-06,002773.SZ,pca,3,cn_a,INDUSTRY_C27,-0.14898802686356466,-0.12458977596527136,-0.14898802686356466,0.19582873582839966,0,value_factor,0.3533626198768616,momentum_factor,0.33114367723464966,quality_factor,0.24548736214637756
2022-12-06,300142.SZ,pca,3,cn_a,INDUSTRY_C27,-0.1707235171805723,-0.14276586652838197,-0.1707235171805723,0.19582873582839966,0,quality_factor,0.47995105385780334,value_factor,0.29766836762428284,volatility_factor,0.20658227801322937
2022-12-06,002821.SZ,pca,3,cn_a,INDUSTRY_C27,-0.1967962188197354,-0.16456890751373177,-0.1967962188197354,0.19582873582839966,1,momentum_factor,0.43400245904922485,quality_factor,0.26224029064178467,volatility_factor,0.1931339055299759
2022-12-06,603658.SH,pca,3,cn_a,INDUSTRY_C27,-0.21537153035044104,-0.18010232956659944,-0.21537153035044104,0.19582873582839966,0,momentum_factor,0.414909690618515,volatility_factor,0.29123735427856445,quality_factor,0.2639482915401459
2022-12-06,688278.SH,pca,3,cn_a,INDUSTRY_C27,-0.22890867671059806,-0.19142263541752222,-0.22890867671059806,0.19582873582839966,0,volatility_factor,0.314506471157074,momentum_factor,0.26335853338241577,quality_factor,0.23293069005012512
2022-12-07,688520.SH,pca,3,cn_a,INDUSTRY_C27,0.856433243336641,0.6731657546884977,0.856433243336641,0.27224716544151306,1,quality_factor,0.48673689365386963,value_factor,0.2883649468421936,volatility_factor,0.1393839716911316
2022-12-07,688192.SH,pca,3,cn_a,INDUSTRY_C27,0.7285266790716636,0.5726298173776175,0.7285266790716636,0.27224716544151306,1,quality_factor,0.5922412872314453,value_factor,0.20673473179340363,volatility_factor,0.19649536907672882
2022-12-07,688235.SH,pca,3,cn_a,INDUSTRY_C27,0.725361979876665,0.5701423297204786,0.725361979876665,0.27224716544151306,1,quality_factor,0.6939070224761963,volatility_factor,0.15200914442539215,momentum_factor,0.12787973880767822
2022-12-07,688180.SH,pca,3,cn_a,INDUSTRY_C27,0.7126432051914052,0.5601452358123077,0.7126432051914052,0.27224716544151306,1,quality_factor,0.6995883584022522,momentum_factor,0.15007229149341583,volatility_factor,0.1343507617712021
2022-12-07,688578.SH,pca,3,cn_a,INDUSTRY_C27,0.6859198286009911,0.5391403739503073,0.6859198286009911,0.27224716544151306,1,quality_factor,0.5099948048591614,momentum_factor,0.26175642013549805,volatility_factor,0.1580239087343216
2022-12-07,688266.SH,pca,3,cn_a,INDUSTRY_C27,0.628029311351191,0.493637803800247,0.628029311351191,0.27224716544151306,1,quality_factor,0.39735373854637146,volatility_factor,0.27197322249412537,value_factor,0.1800275444984436
2022-12-07,600332.SH,pca,3,cn_a,INDUSTRY_C27,0.041818160106969274,0.03286952430573409,0.041818160106969274,0.27224716544151306,0,volatility_factor,0.3882545232772827,momentum_factor,0.3161223232746124,value_factor,0.20047035813331604
2022-12-07,603858.SH,pca,3,cn_a,INDUSTRY_C27,-0.009849934314834424,-0.007742154474112722,-0.009849934314834424,0.27224716544151306,0,momentum_factor,0.43328455090522766,volatility_factor,0.36353811621665955,quality_factor,0.14313562214374542
2022-12-07,600535.SH,pca,3,cn_a,INDUSTRY_C27,-0.018450502606533116,-0.01450229379597645,-0.018450502606533116,0.27224716544151306,0,value_factor,0.42044466733932495,volatility_factor,0.3930016756057739,quality_factor,0.11578439921140671
2022-12-07,600380.SH,pca,3,cn_a,INDUSTRY_C27,-0.04456161601614259,-0.03502591020261753,-0.04456161601614259,0.27224716544151306,0,value_factor,0.3936294615268707,volatility_factor,0.38201987743377686,quality_factor,0.1417512148618698
2022-12-07,600062.SH,pca,3,cn_a,INDUSTRY_C27,-0.06788095404627385,-0.0533551610882223,-0.06788095404627385,0.27224716544151306,1,volatility_factor,0.3548908531665802,value_factor,0.2497449666261673,momentum_factor,0.20042456686496735
2022-12-07,002007.SZ,pca,3,cn_a,INDUSTRY_C27,-0.08004640858753925,-0.06291733940289629,-0.08004640858753925,0.27224716544151306,1,momentum_factor,0.44466647505760193,value_factor,0.2916852831840515,quality_factor,0.1692175567150116
2022-12-07,688336.SH,pca,3,cn_a,INDUSTRY_C27,-0.08272634044413713,-0.06502379471017974,-0.08272634044413713,0.27224716544151306,0,value_factor,0.44625476002693176,volatility_factor,0.34927308559417725,quality_factor,0.176329106092453
2022-12-07,603707.SH,pca,3,cn_a,INDUSTRY_C27,-0.08405809383665996,-0.06607056722223673,-0.08405809383665996,0.27224716544151306,1,momentum_factor,0.43099427223205566,volatility_factor,0.2871100604534149,quality_factor,0.23871272802352905
2022-12-07,600161.SH,pca,3,cn_a,INDUSTRY_C27,-0.09280122598141065,-0.072942763268285,-0.09280122598141065,0.27224716544151306,1,momentum_factor,0.4153817296028137,quality_factor,0.2563593089580536,volatility_factor,0.2503276765346527
2022-12-07,688166.SH,pca,3,cn_a,INDUSTRY_C27,-0.09349723034003442,-0.07348983019146291,-0.09349723034003442,0.27224716544151306,1,momentum_factor,0.4224289357662201,quality_factor,0.23865649104118347,volatility_factor,0.22549650073051453
2022-12-07,300558.SZ,pca,3,cn_a,INDUSTRY_C27,-0.0953310476918976,-0.07493123038375157,-0.0953310476918976,0.27224716544151306,1,momentum_factor,0.39452776312828064,volatility_factor,0.3092339336872101,quality_factor,0.28425830602645874
2022-12-07,600566.SH,pca,3,cn_a,INDUSTRY_C27,-0.09973207579700025,-0.07839048588186187,-0.09973207579700025,0.27224716544151306,1,volatility_factor,0.328229159116745,quality_factor,0.2672068476676941,value_factor,0.24162204563617706
2022-12-07,600329.SH,pca,3,cn_a,INDUSTRY_C27,-0.10234776305896327,-0.08044644424572504,-0.10234776305896327,0.27224716544151306,0,volatility_factor,0.31847813725471497,quality_factor,0.2823927104473114,momentum_factor,0.23302680253982544
2022-12-07,600085.SH,pca,3,cn_a,INDUSTRY_C27,-0.10691514581970253,-0.08403645629512389,-0.10691514581970253,0.27224716544151306,0,momentum_factor,0.4042298495769501,quality_factor,0.26065558195114136,volatility_factor,0.1873975247144699
2022-12-07,300601.SZ,pca,3,cn_a,INDUSTRY_C27,-0.11044585298404017,-0.0868116301587699,-0.11044585298404017,0.27224716544151306,1,quality_factor,0.3237071633338928,momentum_factor,0.317793607711792,volatility_factor,0.2976187765598297
2022-12-07,600521.SH,pca,3,cn_a,INDUSTRY_C27,-0.11413130831343632,-0.08970843774708595,-0.11413130831343632,0.27224716544151306,1,quality_factor,0.3212856352329254,volatility_factor,0.3017564117908478,momentum_factor,0.25637996196746826
2022-12-07,600276.SH,pca,3,cn_a,INDUSTRY_C27,-0.1186016314556615,-0.0932221598908148,-0.1186016314556615,0.27224716544151306,0,momentum_factor,0.38425496220588684,quality_factor,0.2926286458969116,volatility_factor,0.17816390097141266
2022-12-07,002294.SZ,pca,3,cn_a,INDUSTRY_C27,-0.1237158590115178,-0.09724199783974116,-0.1237158590115178,0.27224716544151306,0,quality_factor,0.366088330745697,momentum_factor,0.3421068489551544,volatility_factor,0.1871955543756485
2022-12-07,002773.SZ,pca,3,cn_a,INDUSTRY_C27,-0.12897724134475633,-0.10137750102882868,-0.12897724134475633,0.27224716544151306,0,quality_factor,0.39223530888557434,value_factor,0.3032635450363159,volatility_factor,0.20541486144065857
2022-12-07,002262.SZ,pca,3,cn_a,INDUSTRY_C27,-0.1304847985968575,-0.10256245726825841,-0.1304847985968575,0.27224716544151306,1,quality_factor,0.47846052050590515,momentum_factor,0.2741672396659851,volatility_factor,0.17593878507614136
2022-12-07,300142.SZ,pca,3,cn_a,INDUSTRY_C27,-0.1425321015621244,-0.11203176717147886,-0.1425321015621244,0.27224716544151306,0,quality_factor,0.47766727209091187,momentum_factor,0.2809727191925049,volatility_factor,0.21611428260803223
2022-12-07,002603.SZ,pca,3,cn_a,INDUSTRY_C27,-0.15432823916478514,-0.12130365839415902,-0.15432823916478514,0.27224716544151306,0,value_factor,0.47912096977233887,momentum_factor,0.23455095291137695,volatility_factor,0.2087712287902832
2022-12-07,603087.SH,pca,3,cn_a,INDUSTRY_C27,-0.16493742252257548,-0.12964259079460105,-0.16493742252257548,0.27224716544151306,0,momentum_factor,0.3743484616279602,value_factor,0.3743438124656677,quality_factor,0.19882294535636902
2022-12-07,603658.SH,pca,3,cn_a,INDUSTRY_C27,-0.20081829738583554,-0.15784534494284913,-0.20081829738583554,0.27224716544151306,0,quality_factor,0.3487706184387207,momentum_factor,0.292682945728302,volatility_factor,0.25609636306762695
2022-12-07,002821.SZ,pca,3,cn_a,INDUSTRY_C27,-0.21460672324829685,-0.16868319619849184,-0.21460672324829685,0.27224716544151306,1,momentum_factor,0.44279199838638306,volatility_factor,0.2669174373149872,quality_factor,0.2655099034309387
2022-12-07,688278.SH,pca,3,cn_a,INDUSTRY_C27,-0.2797115602471858,-0.21985629938337342,-0.2797115602471858,0.27224716544151306,0,volatility_factor,0.3571961224079132,momentum_factor,0.24874961376190186,value_factor,0.24708327651023865
2022-12-08,688520.SH,pca,3,cn_a,INDUSTRY_C27,0.8084427952807977,0.6798307768451536,0.8084427952807977,0.18918243050575256,1,quality_factor,0.44007498025894165,value_factor,0.31344959139823914,volatility_factor,0.16477102041244507
2022-12-08,688192.SH,pca,3,cn_a,INDUSTRY_C27,0.7212447337143169,0.6065047155824734,0.7212447337143169,0.18918243050575256,1,quality_factor,0.6164401173591614,value_factor,0.17499978840351105,momentum_factor,0.10822490602731705
2022-12-08,688235.SH,pca,3,cn_a,INDUSTRY_C27,0.7094175171621141,0.5965590448887206,0.7094175171621141,0.18918243050575256,1,quality_factor,0.861919641494751,volatility_factor,0.08856765180826187,momentum_factor,0.028766442090272903
2022-12-08,688578.SH,pca,3,cn_a,INDUSTRY_C27,0.6488737610465161,0.5456469593417221,0.6488737610465161,0.18918243050575256,1,quality_factor,0.5256285071372986,momentum_factor,0.2513998746871948,volatility_factor,0.1478479504585266
2022-12-08,688266.SH,pca,3,cn_a,INDUSTRY_C27,0.647285269254408,0.5443111745275772,0.647285269254408,0.18918243050575256,1,quality_factor,0.5230433940887451,volatility_factor,0.2248842716217041,value_factor,0.18272565305233002
2022-12-08,688180.SH,pca,3,cn_a,INDUSTRY_C27,0.6223353392455631,0.5233304317970369,0.6223353392455631,0.18918243050575256,1,quality_factor,0.5245495438575745,volatility_factor,0.21772180497646332,momentum_factor,0.193878635764122
2022-12-08,603858.SH,pca,3,cn_a,INDUSTRY_C27,0.014983625365381658,0.01259993871126791,0.014983625365381658,0.18918243050575256,0,momentum_factor,0.40923789143562317,volatility_factor,0.37503236532211304,quality_factor,0.1166597530245781
2022-12-08,600535.SH,pca,3,cn_a,INDUSTRY_C27,-0.018077074234839126,-0.015201262837514329,-0.018077074234839126,0.18918243050575256,0,value_factor,0.45551812648773193,volatility_factor,0.3960079252719879,quality_factor,0.11268386989831924
2022-12-08,600332.SH,pca,3,cn_a,INDUSTRY_C27,-0.02731473795425081,-0.02296934258200717,-0.02731473795425081,0.18918243050575256,0,volatility_factor,0.3744313716888428,value_factor,0.2652938663959503,momentum_factor,0.21634334325790405
2022-12-08,600062.SH,pca,3,cn_a,INDUSTRY_C27,-0.028659653009733693,-0.02410030033473487,-0.028659653009733693,0.18918243050575256,1,momentum_factor,0.41647017002105713,volatility_factor,0.3557393252849579,quality_factor,0.16431240737438202
2022-12-08,600380.SH,pca,3,cn_a,INDUSTRY_C27,-0.03499348823608147,-0.029426510361557634,-0.03499348823608147,0.18918243050575256,0,value_factor,0.3985801637172699,volatility_factor,0.3854082226753235,quality_factor,0.133030965924263
2022-12-08,600566.SH,pca,3,cn_a,INDUSTRY_C27,-0.07022987585075664,-0.05905727818475448,-0.07022987585075664,0.18918243050575256,1,volatility_factor,0.35524412989616394,value_factor,0.26334503293037415,quality_factor,0.1954595446586609
2022-12-08,688336.SH,pca,3,cn_a,INDUSTRY_C27,-0.0735450771871341,-0.06184507704085632,-0.0735450771871341,0.18918243050575256,0,value_factor,0.45079904794692993,volatility_factor,0.3586297035217285,quality_factor,0.17133009433746338
2022-12-08,002007.SZ,pca,3,cn_a,INDUSTRY_C27,-0.07877246627846785,-0.06624086114280872,-0.07877246627846785,0.18918243050575256,1,momentum_factor,0.4380826950073242,value_factor,0.2779392600059509,quality_factor,0.18216125667095184
2022-12-08,603707.SH,pca,3,cn_a,INDUSTRY_C27,-0.07914208781066179,-0.06655168102374145,-0.07914208781066179,0.18918243050575256,1,momentum_factor,0.4034939110279083,volatility_factor,0.3237495422363281,quality_factor,0.24611322581768036
2022-12-08,300558.SZ,pca,3,cn_a,INDUSTRY_C27,-0.0828333409481593,-0.06965570706324058,-0.0828333409481593,0.18918243050575256,1,momentum_factor,0.3387082517147064,volatility_factor,0.32724565267562866,quality_factor,0.24587081372737885
2022-12-08,002262.SZ,pca,3,cn_a,INDUSTRY_C27,-0.08588739161027642,-0.07222390068964353,-0.08588739161027642,0.18918243050575256,1,momentum_factor,0.40514710545539856,volatility_factor,0.30910953879356384,quality_factor,0.28340470790863037
2022-12-08,300601.SZ,pca,3,cn_a,INDUSTRY_C27,-0.08668656046940428,-0.07289593288475096,-0.08668656046940428,0.18918243050575256,1,momentum_factor,0.39942803978919983,volatility_factor,0.3131178319454193,quality_factor,0.2737056612968445
2022-12-08,600161.SH,pca,3,cn_a,INDUSTRY_C27,-0.08694897949038982,-0.07311660468483001,-0.08694897949038982,0.18918243050575256,1,momentum_factor,0.4199399948120117,quality_factor,0.23671230673789978,volatility_factor,0.20042917132377625
2022-12-08,002773.SZ,pca,3,cn_a,INDUSTRY_C27,-0.09551767577618622,-0.08032214042159151,-0.09551767577618622,0.18918243050575256,0,volatility_factor,0.32574114203453064,value_factor,0.30662623047828674,quality_factor,0.28465089201927185
2022-12-08,688166.SH,pca,3,cn_a,INDUSTRY_C27,-0.09932748138437682,-0.08352585888054029,-0.09932748138437682,0.18918243050575256,1,momentum_factor,0.3899083435535431,quality_factor,0.3044283986091614,volatility_factor,0.26934027671813965
2022-12-08,600085.SH,pca,3,cn_a,INDUSTRY_C27,-0.1015075455992773,-0.08535910516270097,-0.1015075455992773,0.18918243050575256,0,momentum_factor,0.4106607139110565,value_factor,0.25670504570007324,quality_factor,0.22957280278205872
2022-12-08,600329.SH,pca,3,cn_a,INDUSTRY_C27,-0.10214411003269407,-0.0858944010374467,-0.10214411003269407,0.18918243050575256,0,quality_factor,0.35546064376831055,momentum_factor,0.31594118475914,volatility_factor,0.2854425609111786
2022-12-08,002294.SZ,pca,3,cn_a,INDUSTRY_C27,-0.11366415370781068,-0.0955817657918378,-0.11366415370781068,0.18918243050575256,0,quality_factor,0.37948372960090637,momentum_factor,0.3409101963043213,volatility_factor,0.23488621413707733
2022-12-08,600276.SH,pca,3,cn_a,INDUSTRY_C27,-0.11567713267465686,-0.09727450776788409,-0.11567713267465686,0.18918243050575256,0,momentum_factor,0.35696032643318176,quality_factor,0.3552318513393402,volatility_factor,0.24575507640838623
2022-12-08,300142.SZ,pca,3,cn_a,INDUSTRY_C27,-0.11605176812853267,-0.09758954392520881,-0.11605176812853267,0.18918243050575256,0,momentum_factor,0.3645803928375244,quality_factor,0.33402183651924133,volatility_factor,0.21102792024612427
2022-12-08,603087.SH,pca,3,cn_a,INDUSTRY_C27,-0.14121595096283457,-0.11875045483291875,-0.14121595096283457,0.18918243050575256,0,value_factor,0.39484643936157227,momentum_factor,0.30071160197257996,quality_factor,0.18550017476081848
2022-12-08,002603.SZ,pca,3,cn_a,INDUSTRY_C27,-0.14511024186647978,-0.12202521815042297,-0.14511024186647978,0.18918243050575256,0,value_factor,0.47948628664016724,momentum_factor,0.23413032293319702,volatility_factor,0.20941372215747833
2022-12-08,600521.SH,pca,3,cn_a,INDUSTRY_C27,-0.15071130246106376,-0.12673522781022858,-0.15071130246106376,0.18918243050575256,1,quality_factor,0.6571218371391296,value_factor,0.13907189667224884,momentum_factor,0.1263131946325302
2022-12-08,002821.SZ,pca,3,cn_a,INDUSTRY_C27,-0.16955400567440196,-0.1425803186913182,-0.16955400567440196,0.18918243050575256,1,momentum_factor,0.369292676448822,quality_factor,0.3632974922657013,value_factor,0.1945890486240387
2022-12-08,603658.SH,pca,3,cn_a,INDUSTRY_C27,-0.19442093257610782,-0.16349126295604705,-0.19442093257610782,0.18918243050575256,0,momentum_factor,0.31410786509513855,quality_factor,0.31208252906799316,volatility_factor,0.27291712164878845
2022-12-08,688278.SH,pca,3,cn_a,INDUSTRY_C27,-0.24884500745474997,-0.2092572235407723,-0.24884500745474997,0.18918243050575256,0,volatility_factor,0.3470171093940735,momentum_factor,0.24437575042247772,value_factor,0.2403068095445633
2022-12-09,688520.SH,pca,3,cn_a,INDUSTRY_C27,0.8716459359757422,0.6844852612364645,0.8716459359757422,0.27343276143074036,1,quality_factor,0.3751175105571747,value_factor,0.3459753096103668,volatility_factor,0.1882583200931549
2022-12-09,688192.SH,pca,3,cn_a,INDUSTRY_C27,0.8472793584315641,0.6653506992458841,0.8472793584315641,0.27343276143074036,1,quality_factor,0.557833194732666,momentum_factor,0.2672952115535736,value_factor,0.10508883744478226
2022-12-09,688180.SH,pca,3,cn_a,INDUSTRY_C27,0.7675959708229484,0.6027770071854329,0.7675959708229484,0.27343276143074036,1,quality_factor,0.7233896255493164,value_factor,0.11585826426744461,momentum_factor,0.08384814113378525
2022-12-09,688235.SH,pca,3,cn_a,INDUSTRY_C27,0.7675310075068827,0.6027259928566411,0.7675310075068827,0.27343276143074036,1,quality_factor,0.8512529134750366,volatility_factor,0.07955260574817657,value_factor,0.05130253732204437
2022-12-09,688578.SH,pca,3,cn_a,INDUSTRY_C27,0.7384678700628081,0.5799033209382667,0.7384678700628081,0.27343276143074036,1,quality_factor,0.6232126951217651,momentum_factor,0.1857442408800125,value_factor,0.11400090157985687
2022-12-09,688266.SH,pca,3,cn_a,INDUSTRY_C27,0.737231973497456,0.5789327973019127,0.737231973497456,0.27343276143074036,1,quality_factor,0.7045307755470276,volatility_factor,0.150447279214859,value_factor,0.14031574130058289
2022-12-09,600535.SH,pca,3,cn_a,INDUSTRY_C27,-0.011897517097541336,-0.00934287049644722,-0.011897517097541336,0.27343276143074036,0,value_factor,0.42321786284446716,volatility_factor,0.39515429735183716,quality_factor,0.11016108840703964
2022-12-09,600332.SH,pca,3,cn_a,INDUSTRY_C27,-0.01758831749850657,-0.013811736624686322,-0.01758831749850657,0.27343276143074036,0,volatility_factor,0.37996745109558105,value_factor,0.2746005058288574,momentum_factor,0.21560731530189514
2022-12-09,600062.SH,pca,3,cn_a,INDUSTRY_C27,-0.023489666715500377,-0.01844594231959365,-0.023489666715500377,0.27343276143074036,1,momentum_factor,0.4407331049442291,volatility_factor,0.3569783866405487,quality_factor,0.1580047756433487
2022-12-09,600380.SH,pca,3,cn_a,INDUSTRY_C27,-0.039162642737020796,-0.030753601477591264,-0.039162642737020796,0.27343276143074036,0,value_factor,0.3957359194755554,volatility_factor,0.3844938278198242,quality_factor,0.13514572381973267
2022-12-09,688336.SH,pca,3,cn_a,INDUSTRY_C27,-0.04003356427288875,-0.03143751788262528,-0.04003356427288875,0.27343276143074036,0,volatility_factor,0.37827712297439575,value_factor,0.3330678641796112,momentum_factor,0.14593638479709625
2022-12-09,002773.SZ,pca,3,cn_a,INDUSTRY_C27,-0.05751034480887474,-0.04516166687134912,-0.05751034480887474,0.27343276143074036,0,volatility_factor,0.36210495233535767,value_factor,0.2513616979122162,momentum_factor,0.21148619055747986
2022-12-09,002262.SZ,pca,3,cn_a,INDUSTRY_C27,-0.0775710183766109,-0.06091489283255347,-0.0775710183766109,0.27343276143074036,1,momentum_factor,0.39957693219184875,volatility_factor,0.3277992606163025,quality_factor,0.23670928180217743
2022-12-09,603858.SH,pca,3,cn_a,INDUSTRY_C27,-0.08394401695213646,-0.06591947487072364,-0.08394401695213646,0.27343276143074036,0,momentum_factor,0.39463356137275696,value_factor,0.3853425979614258,quality_factor,0.2105807662010193
2022-12-09,002007.SZ,pca,3,cn_a,INDUSTRY_C27,-0.08586150511634418,-0.06742523808583725,-0.08586150511634418,0.27343276143074036,1,momentum_factor,0.4370924234390259,value_factor,0.29549339413642883,quality_factor,0.18033073842525482
2022-12-09,300601.SZ,pca,3,cn_a,INDUSTRY_C27,-0.08794705731480493,-0.06906297846007267,-0.08794705731480493,0.27343276143074036,1,momentum_factor,0.40316930413246155,volatility_factor,0.3184680640697479,quality_factor,0.2596745789051056
2022-12-09,300558.SZ,pca,3,cn_a,INDUSTRY_C27,-0.08958464982108903,-0.07034894548888464,-0.08958464982108903,0.27343276143074036,1,momentum_factor,0.3326825499534607,volatility_factor,0.32697218656539917,quality_factor,0.2473665475845337
2022-12-09,600566.SH,pca,3,cn_a,INDUSTRY_C27,-0.09173310975567836,-0.07203608598812558,-0.09173310975567836,0.27343276143074036,1,volatility_factor,0.33326131105422974,quality_factor,0.24944335222244263,value_factor,0.21611545979976654
2022-12-09,600329.SH,pca,3,cn_a,INDUSTRY_C27,-0.09281256610800205,-0.07288376040822889,-0.09281256610800205,0.27343276143074036,0,momentum_factor,0.35481926798820496,volatility_factor,0.31269749999046326,quality_factor,0.2811092436313629
2022-12-09,600085.SH,pca,3,cn_a,INDUSTRY_C27,-0.09631507217445406,-0.07563420491892804,-0.09631507217445406,0.27343276143074036,0,momentum_factor,0.4280581474304199,value_factor,0.21474196016788483,quality_factor,0.21039490401744843
2022-12-09,600161.SH,pca,3,cn_a,INDUSTRY_C27,-0.10005561404999141,-0.07857157395510327,-0.10005561404999141,0.27343276143074036,1,momentum_factor,0.408486545085907,quality_factor,0.24991300702095032,volatility_factor,0.1741631180047989
2022-12-09,603707.SH,pca,3,cn_a,INDUSTRY_C27,-0.10429893556107363,-0.08190376528778247,-0.10429893556107363,0.27343276143074036,1,volatility_factor,0.3125264346599579,momentum_factor,0.31141039729118347,quality_factor,0.2866503894329071
2022-12-09,300142.SZ,pca,3,cn_a,INDUSTRY_C27,-0.11106164007639288,-0.0872143752221379,-0.11106164007639288,0.27343276143074036,0,momentum_factor,0.3964138329029083,quality_factor,0.2860807478427887,volatility_factor,0.23736950755119324
2022-12-09,688166.SH,pca,3,cn_a,INDUSTRY_C27,-0.11318855569271966,-0.08888459742037444,-0.11318855569271966,0.27343276143074036,1,momentum_factor,0.3778722584247589,quality_factor,0.31258466839790344,volatility_factor,0.2177150994539261
2022-12-09,600276.SH,pca,3,cn_a,INDUSTRY_C27,-0.12663535700803563,-0.09944408829989715,-0.12663535700803563,0.27343276143074036,0,momentum_factor,0.3635232746601105,quality_factor,0.3212859034538269,value_factor,0.1647741198539734
2022-12-09,002294.SZ,pca,3,cn_a,INDUSTRY_C27,-0.13101509630424688,-0.1028834056563865,-0.13101509630424688,0.27343276143074036,0,quality_factor,0.3632148802280426,momentum_factor,0.3290884792804718,value_factor,0.22521495819091797
2022-12-09,603087.SH,pca,3,cn_a,INDUSTRY_C27,-0.13191513913110214,-0.10359019040009598,-0.13191513913110214,0.27343276143074036,0,value_factor,0.4110511839389801,momentum_factor,0.21808522939682007,volatility_factor,0.1891501545906067
2022-12-09,002603.SZ,pca,3,cn_a,INDUSTRY_C27,-0.1550952164070965,-0.12179301862986242,-0.1550952164070965,0.27343276143074036,0,value_factor,0.47936946153640747,momentum_factor,0.2342647761106491,volatility_factor,0.20920833945274353
2022-12-09,600521.SH,pca,3,cn_a,INDUSTRY_C27,-0.15774956617647837,-0.12387742379980617,-0.15774956617647837,0.27343276143074036,1,quality_factor,0.8516700267791748,volatility_factor,0.07783398032188416,value_factor,0.03683282062411308
2022-12-09,603658.SH,pca,3,cn_a,INDUSTRY_C27,-0.17668680125233371,-0.13874843708971832,-0.17668680125233371,0.27343276143074036,0,quality_factor,0.5217170119285583,volatility_factor,0.1791512668132782,value_factor,0.15371543169021606
2022-12-09,688278.SH,pca,3,cn_a,INDUSTRY_C27,-0.1988240259312706,-0.15613233506022883,-0.1988240259312706,0.27343276143074036,0,value_factor,0.4056522846221924,quality_factor,0.2906081974506378,volatility_factor,0.2814844846725464
2022-12-09,002821.SZ,pca,3,cn_a,INDUSTRY_C27,-0.24148563854549948,-0.18963360415331615,-0.24148563854549948,0.27343276143074036,1,momentum_factor,0.46235185861587524,volatility_factor,0.318618506193161,quality_factor,0.20256921648979187
2022-12-12,688192.SH,pca,3,cn_a,INDUSTRY_C27,0.97456970634678,0.6905681903988288,0.97456970634678,0.4112577736377716,1,quality_factor,0.4975165128707886,momentum_factor,0.3045578598976135,volatility_factor,0.12481886148452759
2022-12-12,688520.SH,pca,3,cn_a,INDUSTRY_C27,0.8991252700202732,0.6371091843058188,0.8991252700202732,0.4112577736377716,1,quality_factor,0.3624611794948578,value_factor,0.33647575974464417,momentum_factor,0.18663470447063446
2022-12-12,688266.SH,pca,3,cn_a,INDUSTRY_C27,0.8122741909154384,0.575567570462273,0.8122741909154384,0.4112577736377716,1,quality_factor,0.6251081228256226,value_factor,0.18515539169311523,volatility_factor,0.17238600552082062
2022-12-12,688578.SH,pca,3,cn_a,INDUSTRY_C27,0.8056041792969475,0.5708412816977817,0.8056041792969475,0.4112577736377716,1,quality_factor,0.6052038073539734,momentum_factor,0.20045727491378784,volatility_factor,0.10881838202476501
2022-12-12,688235.SH,pca,3,cn_a,INDUSTRY_C27,0.8053422276787771,0.5706556659806565,0.8053422276787771,0.4112577736377716,1,quality_factor,0.6904422044754028,volatility_factor,0.15405170619487762,momentum_factor,0.11592322587966919
2022-12-12,688180.SH,pca,3,cn_a,INDUSTRY_C27,0.7399426165427111,0.5243143003288189,0.7399426165427111,0.4112577736377716,1,quality_factor,0.47612184286117554,volatility_factor,0.2409026175737381,value_factor,0.15354427695274353
2022-12-12,600062.SH,pca,3,cn_a,INDUSTRY_C27,0.019891940337734507,0.014095185960626255,0.019891940337734507,0.4112577736377716,1,momentum_factor,0.431056410074234,volatility_factor,0.3726440370082855,quality_factor,0.1192062497138977
2022-12-12,600535.SH,pca,3,cn_a,INDUSTRY_C27,-0.005876510538089036,-0.004164023590841837,-0.005876510538089036,0.4112577736377716,0,value_factor,0.4134204685688019,volatility_factor,0.3959673047065735,quality_factor,0.10622914135456085
2022-12-12,600332.SH,pca,3,cn_a,INDUSTRY_C27,-0.006583565667916303,-0.004665034219776043,-0.006583565667916303,0.4112577736377716,0,volatility_factor,0.37726807594299316,momentum_factor,0.2960745394229889,value_factor,0.20073315501213074
2022-12-12,600161.SH,pca,3,cn_a,INDUSTRY_C27,-0.0717042396308615,-0.05080874839771446,-0.0717042396308615,0.4112577736377716,1,momentum_factor,0.45372048020362854,volatility_factor,0.31573960185050964,quality_factor,0.20681345462799072
2022-12-12,002007.SZ,pca,3,cn_a,INDUSTRY_C27,-0.07786102824917564,-0.05517137361285164,-0.07786102824917564,0.4112577736377716,1,momentum_factor,0.45286568999290466,value_factor,0.21328940987586975,quality_factor,0.1715083122253418
2022-12-12,002773.SZ,pca,3,cn_a,INDUSTRY_C27,-0.0833337140648823,-0.059049251937779906,-0.0833337140648823,0.4112577736377716,0,volatility_factor,0.35163629055023193,value_factor,0.26242581009864807,quality_factor,0.20582064986228943
2022-12-12,688336.SH,pca,3,cn_a,INDUSTRY_C27,-0.08559562581075122,-0.06065201497362452,-0.08559562581075122,0.4112577736377716,0,value_factor,0.43505603075027466,volatility_factor,0.36969947814941406,quality_factor,0.18217621743679047
2022-12-12,600380.SH,pca,3,cn_a,INDUSTRY_C27,-0.09065910137705846,-0.06423993191397445,-0.09065910137705846,0.4112577736377716,0,value_factor,0.45024511218070984,volatility_factor,0.3337215483188629,quality_factor,0.16270551085472107
2022-12-12,600085.SH,pca,3,cn_a,INDUSTRY_C27,-0.09524645742473,-0.06749047637880357,-0.09524645742473,0.4112577736377716,0,momentum_factor,0.435612291097641,volatility_factor,0.24674679338932037,quality_factor,0.22140420973300934
2022-12-12,688166.SH,pca,3,cn_a,INDUSTRY_C27,-0.09589935612139397,-0.06795311242067183,-0.09589935612139397,0.4112577736377716,1,momentum_factor,0.42345958948135376,volatility_factor,0.31957367062568665,quality_factor,0.2540264129638672
2022-12-12,600329.SH,pca,3,cn_a,INDUSTRY_C27,-0.09725715385207755,-0.06891523130831982,-0.09725715385207755,0.4112577736377716,0,volatility_factor,0.3384464383125305,momentum_factor,0.24280153214931488,quality_factor,0.23035572469234467
2022-12-12,300558.SZ,pca,3,cn_a,INDUSTRY_C27,-0.09728526140356332,-0.06893514797599343,-0.09728526140356332,0.4112577736377716,1,momentum_factor,0.36365967988967896,volatility_factor,0.3245815932750702,quality_factor,0.24935229122638702
2022-12-12,603858.SH,pca,3,cn_a,INDUSTRY_C27,-0.1054454595867262,-0.07471736473888288,-0.1054454595867262,0.4112577736377716,0,value_factor,0.41402849555015564,momentum_factor,0.31393638253211975,quality_factor,0.18067489564418793
2022-12-12,603707.SH,pca,3,cn_a,INDUSTRY_C27,-0.13367914337701667,-0.09472340822287348,-0.13367914337701667,0.4112577736377716,1,quality_factor,0.3657437860965729,momentum_factor,0.2948431968688965,volatility_factor,0.28216782212257385
2022-12-12,002294.SZ,pca,3,cn_a,INDUSTRY_C27,-0.13707197268847066,-0.0971275256325205,-0.13707197268847066,0.4112577736377716,0,quality_factor,0.4071052670478821,momentum_factor,0.328504741191864,volatility_factor,0.2621048092842102
2022-12-12,002262.SZ,pca,3,cn_a,INDUSTRY_C27,-0.15390055213784432,-0.10905205148393426,-0.15390055213784432,0.4112577736377716,1,quality_factor,0.442541241645813,value_factor,0.28541672229766846,momentum_factor,0.2708371877670288
2022-12-12,600276.SH,pca,3,cn_a,INDUSTRY_C27,-0.15616401503196042,-0.11065591364448091,-0.15616401503196042,0.4112577736377716,0,quality_factor,0.4383898973464966,momentum_factor,0.2976926863193512,volatility_factor,0.1711704581975937
2022-12-12,300601.SZ,pca,3,cn_a,INDUSTRY_C27,-0.1566163091224071,-0.1109764037125938,-0.1566163091224071,0.4112577736377716,1,quality_factor,0.5387515425682068,volatility_factor,0.2210918664932251,momentum_factor,0.15761838853359222
2022-12-12,600566.SH,pca,3,cn_a,INDUSTRY_C27,-0.15968680295889937,-0.11315211814172949,-0.15968680295889937,0.4112577736377716,1,quality_factor,0.3698790669441223,value_factor,0.30897849798202515,volatility_factor,0.17320547997951508
2022-12-12,603087.SH,pca,3,cn_a,INDUSTRY_C27,-0.16137068670346105,-0.11434529759595541,-0.16137068670346105,0.4112577736377716,0,value_factor,0.3950081169605255,momentum_factor,0.27461478114128113,quality_factor,0.19247297942638397
2022-12-12,002603.SZ,pca,3,cn_a,INDUSTRY_C27,-0.17220537351888165,-0.12202262433711794,-0.17220537351888165,0.4112577736377716,0,value_factor,0.47948500514030457,momentum_factor,0.2341318279504776,volatility_factor,0.20941145718097687
2022-12-12,300142.SZ,pca,3,cn_a,INDUSTRY_C27,-0.20386800618722586,-0.14445837911447917,-0.20386800618722586,0.4112577736377716,0,quality_factor,0.40610867738723755,value_factor,0.3490735590457916,volatility_factor,0.23674781620502472
2022-12-12,600521.SH,pca,3,cn_a,INDUSTRY_C27,-0.23578020875866915,-0.16707097607689783,-0.23578020875866915,0.4112577736377716,1,momentum_factor,0.3175871968269348,volatility_factor,0.2893252968788147,quality_factor,0.27807340025901794
2022-12-12,603658.SH,pca,3,cn_a,INDUSTRY_C27,-0.2505552493242729,-0.1775403893574577,-0.2505552493242729,0.4112577736377716,0,volatility_factor,0.32536444067955017,momentum_factor,0.2536593973636627,quality_factor,0.21120603382587433
2022-12-12,688278.SH,pca,3,cn_a,INDUSTRY_C27,-0.25116183620965876,-0.17797020941551261,-0.25116183620965876,0.4112577736377716,0,value_factor,0.3940446674823761,volatility_factor,0.34291958808898926,quality_factor,0.1954449713230133
2022-12-12,002821.SZ,pca,3,cn_a,INDUSTRY_C27,-0.27722721262767047,-0.19643981677948888,-0.27722721262767047,0.4112577736377716,1,momentum_factor,0.4796367883682251,volatility_factor,0.3234517574310303,quality_factor,0.19087602198123932
2022-12-13,688192.SH,pca,3,cn_a,INDUSTRY_C27,0.7095560826889199,0.6591449692993356,0.7095560826889199,0.07647953182458878,1,quality_factor,0.5837955474853516,momentum_factor,0.2539335787296295,value_factor,0.09687558561563492
2022-12-13,688235.SH,pca,3,cn_a,INDUSTRY_C27,0.6302485394168336,0.5854719088455599,0.6302485394168336,0.07647953182458878,1,quality_factor,0.714432954788208,volatility_factor,0.14868417382240295,value_factor,0.10526515543460846
2022-12-13,688266.SH,pca,3,cn_a,INDUSTRY_C27,0.6153222556395875,0.5716060776559774,0.6153222556395875,0.07647953182458878,1,quality_factor,0.6385301947593689,volatility_factor,0.18124958872795105,value_factor,0.17858241498470306
2022-12-13,688578.SH,pca,3,cn_a,INDUSTRY_C27,0.6049809487294111,0.5619994791190557,0.6049809487294111,0.07647953182458878,1,quality_factor,0.5652247667312622,momentum_factor,0.22453628480434418,volatility_factor,0.11752452701330185
2022-12-13,688520.SH,pca,3,cn_a,INDUSTRY_C27,0.5823558432820923,0.5409817966563076,0.5823558432820923,0.07647953182458878,1,quality_factor,0.36088332533836365,momentum_factor,0.335590124130249,value_factor,0.22777162492275238
2022-12-13,688180.SH,pca,3,cn_a,INDUSTRY_C27,0.5626240208056185,0.5226518410153278,0.5626240208056185,0.07647953182458878,1,quality_factor,0.45673319697380066,volatility_factor,0.24961397051811218,value_factor,0.17919325828552246
2022-12-13,600062.SH,pca,3,cn_a,INDUSTRY_C27,0.0221380190337167,0.02056520158495312,0.0221380190337167,0.07647953182458878,1,momentum_factor,0.40779557824134827,volatility_factor,0.3765086233615875,quality_factor,0.11243797093629837
2022-12-13,600332.SH,pca,3,cn_a,INDUSTRY_C27,0.013486284599546131,0.01252813817710191,0.013486284599546131,0.07647953182458878,0,volatility_factor,0.3823084533214569,momentum_factor,0.3161311745643616,value_factor,0.1912411004304886
2022-12-13,600535.SH,pca,3,cn_a,INDUSTRY_C27,-0.002499851460889964,-0.0023222470423999164,-0.002499851460889964,0.07647953182458878,0,value_factor,0.42502519488334656,volatility_factor,0.3975144922733307,quality_factor,0.10366591066122055
2022-12-13,002007.SZ,pca,3,cn_a,INDUSTRY_C27,-0.018365119747650125,-0.017060351658701234,-0.018365119747650125,0.07647953182458878,1,momentum_factor,0.4896823465824127,volatility_factor,0.2146407812833786,value_factor,0.17423401772975922
2022-12-13,603858.SH,pca,3,cn_a,INDUSTRY_C27,-0.02096720297358865,-0.019477567309331506,-0.02096720297358865,0.07647953182458878,0,momentum_factor,0.48067721724510193,volatility_factor,0.3306381106376648,quality_factor,0.16307304799556732
2022-12-13,600161.SH,pca,3,cn_a,INDUSTRY_C27,-0.03569823776120606,-0.03316202116678435,-0.03569823776120606,0.07647953182458878,1,momentum_factor,0.47483745217323303,volatility_factor,0.32073837518692017,quality_factor,0.17209957540035248
2022-12-13,002773.SZ,pca,3,cn_a,INDUSTRY_C27,-0.06148983380274202,-0.057121227768966804,-0.06148983380274202,0.07647953182458878,0,volatility_factor,0.3562152087688446,value_factor,0.2827233374118805,quality_factor,0.19615674018859863
2022-12-13,600329.SH,pca,3,cn_a,INDUSTRY_C27,-0.061753803752745653,-0.057366443712901394,-0.061753803752745653,0.07647953182458878,0,volatility_factor,0.34338662028312683,momentum_factor,0.3085844814777374,quality_factor,0.20918229222297668
2022-12-13,688336.SH,pca,3,cn_a,INDUSTRY_C27,-0.07523634572358678,-0.06989110516005476,-0.07523634572358678,0.07647953182458878,0,value_factor,0.4348365068435669,volatility_factor,0.34231656789779663,quality_factor,0.19525669515132904
2022-12-13,600085.SH,pca,3,cn_a,INDUSTRY_C27,-0.07674404155259319,-0.07129168524832223,-0.07674404155259319,0.07647953182458878,0,momentum_factor,0.4246656596660614,volatility_factor,0.2890144884586334,quality_factor,0.25011885166168213
2022-12-13,002262.SZ,pca,3,cn_a,INDUSTRY_C27,-0.092763372081815,-0.08617290660275753,-0.092763372081815,0.07647953182458878,1,momentum_factor,0.367080956697464,quality_factor,0.3355807065963745,volatility_factor,0.23892182111740112
2022-12-13,688166.SH,pca,3,cn_a,INDUSTRY_C27,-0.09301782406285707,-0.08640928079124527,-0.09301782406285707,0.07647953182458878,1,momentum_factor,0.38179248571395874,quality_factor,0.31719860434532166,volatility_factor,0.26486656069755554
2022-12-13,002603.SZ,pca,3,cn_a,INDUSTRY_C27,-0.10045594920151785,-0.09331895697580789,-0.10045594920151785,0.07647953182458878,0,value_factor,0.4562508165836334,momentum_factor,0.32667306065559387,volatility_factor,0.1251206248998642
2022-12-13,603707.SH,pca,3,cn_a,INDUSTRY_C27,-0.10974350732929715,-0.10194667135435517,-0.10974350732929715,0.07647953182458878,1,quality_factor,0.39607304334640503,volatility_factor,0.27461257576942444,momentum_factor,0.20951402187347412
2022-12-13,300558.SZ,pca,3,cn_a,INDUSTRY_C27,-0.11191730700470938,-0.10396603128272419,-0.11191730700470938,0.07647953182458878,1,quality_factor,0.4414066672325134,momentum_factor,0.29528748989105225,volatility_factor,0.1694817841053009
2022-12-13,600276.SH,pca,3,cn_a,INDUSTRY_C27,-0.11210368834473391,-0.10413917097618279,-0.11210368834473391,0.07647953182458878,0,quality_factor,0.41176965832710266,momentum_factor,0.3230562210083008,volatility_factor,0.2407042235136032
2022-12-13,600380.SH,pca,3,cn_a,INDUSTRY_C27,-0.11434235880021643,-0.1062187928759182,-0.11434235880021643,0.07647953182458878,0,value_factor,0.41835305094718933,momentum_factor,0.2609586715698242,volatility_factor,0.16301794350147247
2022-12-13,603658.SH,pca,3,cn_a,INDUSTRY_C27,-0.1280221863706777,-0.11892672357222242,-0.1280221863706777,0.07647953182458878,0,quality_factor,0.5733246803283691,value_factor,0.21324189007282257,momentum_factor,0.1964666247367859
2022-12-13,603087.SH,pca,3,cn_a,INDUSTRY_C27,-0.1287823147311728,-0.11963284786185346,-0.1287823147311728,0.07647953182458878,0,value_factor,0.37935686111450195,momentum_factor,0.31146031618118286,quality_factor,0.20801129937171936
2022-12-13,002294.SZ,pca,3,cn_a,INDUSTRY_C27,-0.12913053339846525,-0.1199563269896655,-0.12913053339846525,0.07647953182458878,0,quality_factor,0.734585165977478,momentum_factor,0.11533453315496445,volatility_factor,0.11464864015579224
2022-12-13,300142.SZ,pca,3,cn_a,INDUSTRY_C27,-0.1389822568085701,-0.1291081249702996,-0.1389822568085701,0.07647953182458878,0,value_factor,0.3767039179801941,quality_factor,0.29146647453308105,momentum_factor,0.19252824783325195
2022-12-13,300601.SZ,pca,3,cn_a,INDUSTRY_C27,-0.15284893817204442,-0.1419896342471613,-0.15284893817204442,0.07647953182458878,1,quality_factor,0.4587128162384033,volatility_factor,0.2075343281030655,momentum_factor,0.1910332441329956
2022-12-13,600521.SH,pca,3,cn_a,INDUSTRY_C27,-0.16714328885789284,-0.15526842865657833,-0.16714328885789284,0.07647953182458878,1,volatility_factor,0.2970515191555023,quality_factor,0.27881309390068054,value_factor,0.2628738582134247
2022-12-13,600566.SH,pca,3,cn_a,INDUSTRY_C27,-0.16798617806587127,-0.15605143396746263,-0.16798617806587127,0.07647953182458878,1,momentum_factor,0.4299262762069702,quality_factor,0.26292675733566284,volatility_factor,0.16524891555309296
2022-12-13,688278.SH,pca,3,cn_a,INDUSTRY_C27,-0.19910139323235967,-0.1849560379107268,-0.19910139323235967,0.07647953182458878,0,value_factor,0.3573917746543884,volatility_factor,0.34501948952674866,quality_factor,0.1865253895521164
2022-12-13,002821.SZ,pca,3,cn_a,INDUSTRY_C27,-0.22262308176734466,-0.2068066048292807,-0.22262308176734466,0.07647953182458878,1,momentum_factor,0.4876851737499237,volatility_factor,0.332399845123291,quality_factor,0.1717546284198761
2022-12-14,688192.SH,pca,3,cn_a,INDUSTRY_C27,0.7750760821069065,0.6411839769690312,0.7750760821069065,0.2088201344013214,1,quality_factor,0.5844178795814514,momentum_factor,0.2222791463136673,value_factor,0.1747695356607437
2022-12-14,688266.SH,pca,3,cn_a,INDUSTRY_C27,0.7398062452600864,0.6120069003199626,0.7398062452600864,0.2088201344013214,1,quality_factor,0.6537866592407227,value_factor,0.14778873324394226,momentum_factor,0.1388021856546402
2022-12-14,688235.SH,pca,3,cn_a,INDUSTRY_C27,0.7086951908390582,0.5862701887094715,0.7086951908390582,0.2088201344013214,1,quality_factor,0.7371451258659363,volatility_factor,0.13896474242210388,value_factor,0.08393252640962601
2022-12-14,688180.SH,pca,3,cn_a,INDUSTRY_C27,0.6922185319533275,0.5726398240066967,0.6922185319533275,0.2088201344013214,1,quality_factor,0.5612127780914307,value_factor,0.22210384905338287,volatility_factor,0.1943977177143097
2022-12-14,688578.SH,pca,3,cn_a,INDUSTRY_C27,0.6822105064631742,0.5643606553759986,0.6822105064631742,0.2088201344013214,1,quality_factor,0.5669491291046143,momentum_factor,0.22224892675876617,volatility_factor,0.10815258324146271
2022-12-14,688520.SH,pca,3,cn_a,INDUSTRY_C27,0.648694246390341,0.5366342302898179,0.648694246390341,0.2088201344013214,1,quality_factor,0.3536393344402313,momentum_factor,0.33998996019363403,value_factor,0.22878475487232208
2022-12-14,600535.SH,pca,3,cn_a,INDUSTRY_C27,-0.03583602679862806,-0.02964545895811016,-0.03583602679862806,0.2088201344013214,0,value_factor,0.4829557538032532,volatility_factor,0.36972397565841675,quality_factor,0.1142011508345604
2022-12-14,600062.SH,pca,3,cn_a,INDUSTRY_C27,-0.04282330054250126,-0.03542570178935517,-0.04282330054250126,0.2088201344013214,1,momentum_factor,0.46519380807876587,volatility_factor,0.30140334367752075,quality_factor,0.18299606442451477
2022-12-14,600332.SH,pca,3,cn_a,INDUSTRY_C27,-0.052995354283438774,-0.043840563274730515,-0.052995354283438774,0.2088201344013214,0,volatility_factor,0.3540511727333069,value_factor,0.23427096009254456,momentum_factor,0.215186208486557
2022-12-14,002007.SZ,pca,3,cn_a,INDUSTRY_C27,-0.05515066828187157,-0.04562355314248075,-0.05515066828187157,0.2088201344013214,1,momentum_factor,0.46467316150665283,value_factor,0.1979302018880844,volatility_factor,0.1813930720090866
2022-12-14,603858.SH,pca,3,cn_a,INDUSTRY_C27,-0.05786535341154097,-0.04786928442982556,-0.05786535341154097,0.2088201344013214,0,momentum_factor,0.39164024591445923,volatility_factor,0.323250949382782,quality_factor,0.25221768021583557
2022-12-14,600161.SH,pca,3,cn_a,INDUSTRY_C27,-0.0580457581755497,-0.04801852480341165,-0.0580457581755497,0.2088201344013214,1,momentum_factor,0.4571542739868164,volatility_factor,0.32712820172309875,quality_factor,0.20369310677051544
2022-12-14,002262.SZ,pca,3,cn_a,INDUSTRY_C27,-0.06845237023618418,-0.056627425351178984,-0.06845237023618418,0.2088201344013214,1,momentum_factor,0.37362369894981384,volatility_factor,0.33669283986091614,quality_factor,0.21752314269542694
2022-12-14,002773.SZ,pca,3,cn_a,INDUSTRY_C27,-0.07640287029423458,-0.06320449999429786,-0.07640287029423458,0.2088201344013214,0,volatility_factor,0.35313400626182556,value_factor,0.3112644851207733,quality_factor,0.20913828909397125
2022-12-14,688336.SH,pca,3,cn_a,INDUSTRY_C27,-0.08043562769195134,-0.06654061045637075,-0.08043562769195134,0.2088201344013214,0,value_factor,0.44773200154304504,volatility_factor,0.3370429277420044,quality_factor,0.16886192560195923
2022-12-14,600329.SH,pca,3,cn_a,INDUSTRY_C27,-0.09094146580358158,-0.07523159604774238,-0.09094146580358158,0.2088201344013214,0,volatility_factor,0.33860501646995544,value_factor,0.24554499983787537,quality_factor,0.23860643804073334
2022-12-14,600380.SH,pca,3,cn_a,INDUSTRY_C27,-0.09574334346772805,-0.0792039635206836,-0.09574334346772805,0.2088201344013214,0,value_factor,0.4465423822402954,volatility_factor,0.2651156783103943,momentum_factor,0.14488431811332703
2022-12-14,688166.SH,pca,3,cn_a,INDUSTRY_C27,-0.10341500960125172,-0.08555037197661226,-0.10341500960125172,0.2088201344013214,1,momentum_factor,0.38155898451805115,quality_factor,0.32313060760498047,volatility_factor,0.28808367252349854
2022-12-14,600085.SH,pca,3,cn_a,INDUSTRY_C27,-0.11168243586251972,-0.09238962475691787,-0.11168243586251972,0.2088201344013214,0,momentum_factor,0.3756413459777832,quality_factor,0.31062495708465576,volatility_factor,0.19293510913848877
2022-12-14,002294.SZ,pca,3,cn_a,INDUSTRY_C27,-0.11360573567130683,-0.09398068020137137,-0.11360573567130683,0.2088201344013214,0,quality_factor,0.3411257565021515,volatility_factor,0.29449599981307983,momentum_factor,0.24464945495128632
2022-12-14,600566.SH,pca,3,cn_a,INDUSTRY_C27,-0.11933686459363214,-0.09872177352081654,-0.11933686459363214,0.2088201344013214,1,value_factor,0.4073018431663513,volatility_factor,0.26446768641471863,quality_factor,0.2182925045490265
2022-12-14,600276.SH,pca,3,cn_a,INDUSTRY_C27,-0.12462519514456531,-0.10309656058037447,-0.12462519514456531,0.2088201344013214,0,quality_factor,0.4084571301937103,momentum_factor,0.31545162200927734,volatility_factor,0.26402196288108826
2022-12-14,600521.SH,pca,3,cn_a,INDUSTRY_C27,-0.1330007226821374,-0.11002524046062058,-0.1330007226821374,0.2088201344013214,1,quality_factor,0.47890692949295044,momentum_factor,0.2641996741294861,value_factor,0.15213796496391296
2022-12-14,603658.SH,pca,3,cn_a,INDUSTRY_C27,-0.1364839159529504,-0.1129067223763838,-0.1364839159529504,0.2088201344013214,0,quality_factor,0.5367133021354675,volatility_factor,0.22258760035037994,momentum_factor,0.1426813304424286
2022-12-14,603087.SH,pca,3,cn_a,INDUSTRY_C27,-0.13775391695838277,-0.1139573344572059,-0.13775391695838277,0.2088201344013214,0,value_factor,0.3994233310222626,momentum_factor,0.27336177229881287,quality_factor,0.18554633855819702
2022-12-14,002603.SZ,pca,3,cn_a,INDUSTRY_C27,-0.1407489854526124,-0.11643501371058265,-0.1407489854526124,0.2088201344013214,0,value_factor,0.46889230608940125,momentum_factor,0.250333696603775,volatility_factor,0.18840931355953217
2022-12-14,300558.SZ,pca,3,cn_a,INDUSTRY_C27,-0.16037278325155627,-0.13266885836975437,-0.16037278325155627,0.2088201344013214,1,quality_factor,0.7117139101028442,momentum_factor,0.20368152856826782,volatility_factor,0.07195351272821426
2022-12-14,300601.SZ,pca,3,cn_a,INDUSTRY_C27,-0.1716359224428791,-0.14198632351487547,-0.1716359224428791,0.2088201344013214,1,quality_factor,0.48864200711250305,momentum_factor,0.3120807707309723,value_factor,0.10855360329151154
2022-12-14,603707.SH,pca,3,cn_a,INDUSTRY_C27,-0.17222293378424897,-0.14247193037989747,-0.17222293378424897,0.2088201344013214,1,quality_factor,0.525245726108551,momentum_factor,0.2958446443080902,volatility_factor,0.09948404133319855
2022-12-14,300142.SZ,pca,3,cn_a,INDUSTRY_C27,-0.19750627183704103,-0.16338764642118492,-0.19750627183704103,0.2088201344013214,0,value_factor,0.33683204650878906,volatility_factor,0.3106510639190674,quality_factor,0.2585511803627014
2022-12-14,688278.SH,pca,3,cn_a,INDUSTRY_C27,-0.2150380997332432,-0.1778909028027604,-0.2150380997332432,0.2088201344013214,0,volatility_factor,0.3194452226161957,value_factor,0.3065837323665619,quality_factor,0.2361208200454712
2022-12-14,002821.SZ,pca,3,cn_a,INDUSTRY_C27,-0.22805825051848025,-0.188661860975694,-0.22805825051848025,0.2088201344013214,1,momentum_factor,0.47370192408561707,volatility_factor,0.27701249718666077,quality_factor,0.20319806039333344
2022-12-15,688192.SH,pca,3,cn_a,INDUSTRY_C27,0.8250427617689992,0.6457528061360324,0.8250427617689992,0.27764490246772766,1,quality_factor,0.6028120517730713,momentum_factor,0.23614759743213654,value_factor,0.15652072429656982
2022-12-15,688235.SH,pca,3,cn_a,INDUSTRY_C27,0.798721801903133,0.6251516512854237,0.798721801903133,0.27764490246772766,1,quality_factor,0.8060824275016785,momentum_factor,0.12751466035842896,value_factor,0.05959450080990791
2022-12-15,688266.SH,pca,3,cn_a,INDUSTRY_C27,0.7933198793515925,0.6209236199544084,0.7933198793515925,0.27764490246772766,1,quality_factor,0.6444644331932068,momentum_factor,0.17158523201942444,value_factor,0.1477925032377243
2022-12-15,688578.SH,pca,3,cn_a,INDUSTRY_C27,0.7273268316179585,0.5692715144706989,0.7273268316179585,0.27764490246772766,1,quality_factor,0.570953369140625,momentum_factor,0.21733365952968597,value_factor,0.1224660575389862
2022-12-15,688180.SH,pca,3,cn_a,INDUSTRY_C27,0.7176397043322774,0.561689495794827,0.7176397043322774,0.27764490246772766,1,quality_factor,0.5524922609329224,value_factor,0.2188214659690857,volatility_factor,0.2158256322145462
2022-12-15,688520.SH,pca,3,cn_a,INDUSTRY_C27,0.6571437653500813,0.5143399229389596,0.6571437653500813,0.27764490246772766,1,momentum_factor,0.35536912083625793,quality_factor,0.33489879965782166,value_factor,0.19860604405403137
2022-12-15,600332.SH,pca,3,cn_a,INDUSTRY_C27,-0.03968243879711009,-0.031059052203078252,-0.03968243879711009,0.27764490246772766,0,volatility_factor,0.3732408583164215,value_factor,0.3012962341308594,momentum_factor,0.17274007201194763
2022-12-15,002007.SZ,pca,3,cn_a,INDUSTRY_C27,-0.054632957200519264,-0.042760675027439146,-0.054632957200519264,0.27764490246772766,1,momentum_factor,0.46610569953918457,volatility_factor,0.22737158834934235,quality_factor,0.16453099250793457
2022-12-15,600161.SH,pca,3,cn_a,INDUSTRY_C27,-0.06235659877119696,-0.04880589286216089,-0.06235659877119696,0.27764490246772766,1,momentum_factor,0.4562714397907257,volatility_factor,0.3246656060218811,quality_factor,0.20461374521255493
2022-12-15,603858.SH,pca,3,cn_a,INDUSTRY_C27,-0.07387643028158658,-0.057822351000764854,-0.07387643028158658,0.27764490246772766,0,volatility_factor,0.321781188249588,quality_factor,0.27240511775016785,momentum_factor,0.26586535573005676
2022-12-15,002773.SZ,pca,3,cn_a,INDUSTRY_C27,-0.08093153353891919,-0.06334431051257688,-0.08093153353891919,0.27764490246772766,0,volatility_factor,0.3575725555419922,value_factor,0.3432055115699768,quality_factor,0.2016151249408722
2022-12-15,600062.SH,pca,3,cn_a,INDUSTRY_C27,-0.08444062044506251,-0.06609083811286594,-0.08444062044506251,0.27764490246772766,1,momentum_factor,0.4083622097969055,quality_factor,0.2487843781709671,volatility_factor,0.17355342209339142
2022-12-15,002262.SZ,pca,3,cn_a,INDUSTRY_C27,-0.08834950308444513,-0.06915028187772679,-0.08834950308444513,0.27764490246772766,1,volatility_factor,0.3344532251358032,momentum_factor,0.280332088470459,quality_factor,0.23541629314422607
2022-12-15,688336.SH,pca,3,cn_a,INDUSTRY_C27,-0.11472962413161049,-0.08979774159955975,-0.11472962413161049,0.27764490246772766,0,value_factor,0.4271978437900543,volatility_factor,0.2427937090396881,quality_factor,0.17162750661373138
2022-12-15,600085.SH,pca,3,cn_a,INDUSTRY_C27,-0.11738548649079875,-0.09187645878929623,-0.11738548649079875,0.27764490246772766,0,momentum_factor,0.37416163086891174,quality_factor,0.31874823570251465,volatility_factor,0.21640661358833313
2022-12-15,600535.SH,pca,3,cn_a,INDUSTRY_C27,-0.12029261436199987,-0.09415183900910357,-0.12029261436199987,0.27764490246772766,0,value_factor,0.4507618248462677,momentum_factor,0.2607314884662628,volatility_factor,0.18428805470466614
2022-12-15,600521.SH,pca,3,cn_a,INDUSTRY_C27,-0.12244234629786037,-0.09583441292447942,-0.12244234629786037,0.27764490246772766,1,momentum_factor,0.368783175945282,quality_factor,0.29667747020721436,value_factor,0.24810637533664703
2022-12-15,600380.SH,pca,3,cn_a,INDUSTRY_C27,-0.1302674493045668,-0.10195904362125652,-0.1302674493045668,0.27764490246772766,0,value_factor,0.4297003448009491,momentum_factor,0.2429720014333725,volatility_factor,0.1833331435918808
2022-12-15,688166.SH,pca,3,cn_a,INDUSTRY_C27,-0.13577008065929871,-0.10626589873605255,-0.13577008065929871,0.27764490246772766,1,quality_factor,0.4711512625217438,momentum_factor,0.2843369245529175,volatility_factor,0.21503768861293793
2022-12-15,603087.SH,pca,3,cn_a,INDUSTRY_C27,-0.1449939996171221,-0.11348536883698956,-0.1449939996171221,0.27764490246772766,0,value_factor,0.4014982283115387,momentum_factor,0.2717527449131012,quality_factor,0.1825706660747528
2022-12-15,600329.SH,pca,3,cn_a,INDUSTRY_C27,-0.14569258435500668,-0.1140321441990878,-0.14569258435500668,0.27764490246772766,0,quality_factor,0.3494936525821686,value_factor,0.326473593711853,volatility_factor,0.20561787486076355
2022-12-15,002294.SZ,pca,3,cn_a,INDUSTRY_C27,-0.1580253830588635,-0.12368490371600138,-0.1580253830588635,0.27764490246772766,0,quality_factor,0.7499514818191528,volatility_factor,0.1248822882771492,value_factor,0.09994878619909286
2022-12-15,600276.SH,pca,3,cn_a,INDUSTRY_C27,-0.15954347871472177,-0.12487310216483266,-0.15954347871472177,0.27764490246772766,0,quality_factor,0.5990754961967468,momentum_factor,0.1850622147321701,value_factor,0.17514386773109436
2022-12-15,603658.SH,pca,3,cn_a,INDUSTRY_C27,-0.1608916310688341,-0.12592828767291508,-0.1608916310688341,0.27764490246772766,0,quality_factor,0.8967623710632324,volatility_factor,0.06105981767177582,momentum_factor,0.03228073939681053
2022-12-15,603707.SH,pca,3,cn_a,INDUSTRY_C27,-0.1611181554199879,-0.12610558604118638,-0.1611181554199879,0.27764490246772766,1,quality_factor,0.5438894033432007,value_factor,0.21111956238746643,volatility_factor,0.13878270983695984
2022-12-15,300558.SZ,pca,3,cn_a,INDUSTRY_C27,-0.16320838884996006,-0.1277415910647197,-0.16320838884996006,0.27764490246772766,1,quality_factor,0.7313957214355469,momentum_factor,0.13584159314632416,value_factor,0.09248775243759155
2022-12-15,688278.SH,pca,3,cn_a,INDUSTRY_C27,-0.17465749308765882,-0.13670269166680937,-0.17465749308765882,0.27764490246772766,0,quality_factor,0.3886987864971161,value_factor,0.3327557444572449,momentum_factor,0.1569688767194748
2022-12-15,600566.SH,pca,3,cn_a,INDUSTRY_C27,-0.18550502106584402,-0.14519294448295791,-0.18550502106584402,0.27764490246772766,1,momentum_factor,0.4066134989261627,value_factor,0.34199175238609314,quality_factor,0.24366077780723572
2022-12-15,300601.SZ,pca,3,cn_a,INDUSTRY_C27,-0.18896899278402826,-0.1479041608720299,-0.18896899278402826,0.27764490246772766,1,quality_factor,0.3648897111415863,momentum_factor,0.36244532465934753,value_factor,0.24141369760036469
2022-12-15,002603.SZ,pca,3,cn_a,INDUSTRY_C27,-0.19232196720176797,-0.15052850077232222,-0.19232196720176797,0.27764490246772766,0,value_factor,0.4547778367996216,volatility_factor,0.2844352424144745,quality_factor,0.17354869842529297
2022-12-15,300142.SZ,pca,3,cn_a,INDUSTRY_C27,-0.21954925957204832,-0.17183903310630258,-0.21954925957204832,0.27764490246772766,0,volatility_factor,0.3023357391357422,quality_factor,0.2641091048717499,value_factor,0.23128606379032135
2022-12-15,002821.SZ,pca,3,cn_a,INDUSTRY_C27,-0.23075206119220346,-0.18060735508671644,-0.23075206119220346,0.27764490246772766,1,momentum_factor,0.4629145860671997,volatility_factor,0.26158973574638367,quality_factor,0.22142620384693146
2022-12-16,688235.SH,pca,3,cn_a,INDUSTRY_C27,0.7103056863851661,0.6559009709658868,0.7103056863851661,0.08294650167226791,1,quality_factor,0.6693176031112671,momentum_factor,0.19978369772434235,volatility_factor,0.11321979761123657
2022-12-16,688192.SH,pca,3,cn_a,INDUSTRY_C27,0.6947715552166595,0.6415566514541181,0.6947715552166595,0.08294650167226791,1,quality_factor,0.6328628659248352,momentum_factor,0.22170452773571014,value_factor,0.13862565159797668
2022-12-16,688266.SH,pca,3,cn_a,INDUSTRY_C27,0.6757224774867484,0.6239666070288251,0.6757224774867484,0.08294650167226791,1,quality_factor,0.6619764566421509,momentum_factor,0.18159081041812897,value_factor,0.13575589656829834
2022-12-16,688578.SH,pca,3,cn_a,INDUSTRY_C27,0.6154514429244089,0.5683119348950014,0.6154514429244089,0.08294650167226791,1,quality_factor,0.5658988952636719,momentum_factor,0.22024953365325928,value_factor,0.12442982941865921
2022-12-16,688180.SH,pca,3,cn_a,INDUSTRY_C27,0.5851370093080044,0.540319386300228,0.5851370093080044,0.08294650167226791,1,quality_factor,0.4989027976989746,volatility_factor,0.2345345914363861,value_factor,0.19306746125221252
2022-12-16,688520.SH,pca,3,cn_a,INDUSTRY_C27,0.5309245487166037,0.49025924146130845,0.5309245487166037,0.08294650167226791,1,momentum_factor,0.3691413104534149,quality_factor,0.32009023427963257,value_factor,0.16146595776081085
2022-12-16,600332.SH,pca,3,cn_a,INDUSTRY_C27,-0.02527206670109,-0.023336393619367984,-0.02527206670109,0.08294650167226791,0,volatility_factor,0.37871065735816956,value_factor,0.30899912118911743,momentum_factor,0.17379352450370789
2022-12-16,600062.SH,pca,3,cn_a,INDUSTRY_C27,-0.03181772449392596,-0.02938069733849022,-0.03181772449392596,0.08294650167226791,1,momentum_factor,0.373220831155777,volatility_factor,0.3567732572555542,quality_factor,0.1672622561454773
2022-12-16,002262.SZ,pca,3,cn_a,INDUSTRY_C27,-0.060085845389819356,-0.05548366722650484,-0.060085845389819356,0.08294650167226791,1,momentum_factor,0.4013105034828186,volatility_factor,0.3348604738712311,quality_factor,0.21848489344120026
2022-12-16,603858.SH,pca,3,cn_a,INDUSTRY_C27,-0.06145686462503215,-0.05674967546046027,-0.06145686462503215,0.08294650167226791,0,volatility_factor,0.3234565854072571,momentum_factor,0.28218433260917664,quality_factor,0.2658204734325409
2022-12-16,002773.SZ,pca,3,cn_a,INDUSTRY_C27,-0.06571590622446821,-0.060682502655848125,-0.06571590622446821,0.08294650167226791,0,value_factor,0.3784906268119812,volatility_factor,0.36569085717201233,quality_factor,0.1842966377735138
2022-12-16,002007.SZ,pca,3,cn_a,INDUSTRY_C27,-0.06640522112799928,-0.06131902059902859,-0.06640522112799928,0.08294650167226791,1,momentum_factor,0.4361080527305603,volatility_factor,0.2843751907348633,quality_factor,0.22916662693023682
2022-12-16,688336.SH,pca,3,cn_a,INDUSTRY_C27,-0.07850360886263495,-0.0724907518893316,-0.07850360886263495,0.08294650167226791,0,value_factor,0.4454888105392456,volatility_factor,0.3132726550102234,quality_factor,0.16406384110450745
2022-12-16,600085.SH,pca,3,cn_a,INDUSTRY_C27,-0.09921025878067286,-0.09161140944144802,-0.09921025878067286,0.08294650167226791,0,momentum_factor,0.3871624171733856,quality_factor,0.27767524123191833,value_factor,0.19813396036624908
2022-12-16,600380.SH,pca,3,cn_a,INDUSTRY_C27,-0.10798151802930701,-0.0997108482718631,-0.10798151802930701,0.08294650167226791,0,value_factor,0.4271012842655182,momentum_factor,0.22954566776752472,volatility_factor,0.19136139750480652
2022-12-16,688278.SH,pca,3,cn_a,INDUSTRY_C27,-0.11300072696562756,-0.10434561901622703,-0.11300072696562756,0.08294650167226791,0,momentum_factor,0.3707329034805298,quality_factor,0.3015872836112976,value_factor,0.20982590317726135
2022-12-16,688166.SH,pca,3,cn_a,INDUSTRY_C27,-0.11405931064623816,-0.10532312219164809,-0.11405931064623816,0.08294650167226791,1,quality_factor,0.4156552851200104,momentum_factor,0.30855825543403625,volatility_factor,0.15510305762290955
2022-12-16,600329.SH,pca,3,cn_a,INDUSTRY_C27,-0.11543446969004212,-0.10659295315225009,-0.11543446969004212,0.08294650167226791,0,quality_factor,0.3808669149875641,value_factor,0.32300934195518494,volatility_factor,0.2700587809085846
2022-12-16,600535.SH,pca,3,cn_a,INDUSTRY_C27,-0.11564280886696975,-0.10678533492682449,-0.11564280886696975,0.08294650167226791,0,value_factor,0.4409606456756592,momentum_factor,0.3024098575115204,volatility_factor,0.14783133566379547
2022-12-16,600521.SH,pca,3,cn_a,INDUSTRY_C27,-0.12205521996273284,-0.11270659776416403,-0.12205521996273284,0.08294650167226791,1,quality_factor,0.34753212332725525,value_factor,0.33485162258148193,momentum_factor,0.2722996175289154
2022-12-16,300558.SZ,pca,3,cn_a,INDUSTRY_C27,-0.13187345988371593,-0.12177282547539318,-0.13187345988371593,0.08294650167226791,1,quality_factor,0.798669159412384,value_factor,0.07212433218955994,momentum_factor,0.06981392949819565
2022-12-16,600276.SH,pca,3,cn_a,INDUSTRY_C27,-0.13230132797169852,-0.12216792169907867,-0.13230132797169852,0.08294650167226791,0,quality_factor,0.555456280708313,momentum_factor,0.21431034803390503,value_factor,0.16353781521320343
2022-12-16,600566.SH,pca,3,cn_a,INDUSTRY_C27,-0.13297205945329932,-0.12278727958748054,-0.13297205945329932,0.08294650167226791,1,value_factor,0.35065460205078125,quality_factor,0.27131208777427673,momentum_factor,0.2554214298725128
2022-12-16,002294.SZ,pca,3,cn_a,INDUSTRY_C27,-0.14168578292798095,-0.13083358950350837,-0.14168578292798095,0.08294650167226791,0,quality_factor,0.7419863343238831,momentum_factor,0.1004556342959404,value_factor,0.0838034600019455
2022-12-16,603087.SH,pca,3,cn_a,INDUSTRY_C27,-0.14422393538675013,-0.13317733627912326,-0.14422393538675013,0.08294650167226791,0,value_factor,0.3837454319000244,momentum_factor,0.3812907934188843,quality_factor,0.1814420223236084
2022-12-16,002603.SZ,pca,3,cn_a,INDUSTRY_C27,-0.1477789840316392,-0.13646009172189652,-0.1477789840316392,0.08294650167226791,0,value_factor,0.38171759247779846,quality_factor,0.3023322820663452,volatility_factor,0.1862832009792328
2022-12-16,603658.SH,pca,3,cn_a,INDUSTRY_C27,-0.14823167876382096,-0.13687811303311567,-0.14823167876382096,0.08294650167226791,0,quality_factor,0.6561675071716309,momentum_factor,0.23332037031650543,volatility_factor,0.09641405194997787
2022-12-16,603707.SH,pca,3,cn_a,INDUSTRY_C27,-0.14845875813448642,-0.13708779962659318,-0.14845875813448642,0.08294650167226791,1,quality_factor,0.6504936218261719,momentum_factor,0.22693008184432983,volatility_factor,0.11196859925985336
2022-12-16,600161.SH,pca,3,cn_a,INDUSTRY_C27,-0.15009327407688003,-0.13859712246354122,-0.15009327407688003,0.08294650167226791,1,value_factor,0.3808855414390564,quality_factor,0.3446941375732422,volatility_factor,0.2670597732067108
2022-12-16,300601.SZ,pca,3,cn_a,INDUSTRY_C27,-0.18692706106402074,-0.17260968510001118,-0.18692706106402074,0.08294650167226791,1,momentum_factor,0.43101420998573303,quality_factor,0.2717053294181824,volatility_factor,0.2052922397851944
2022-12-16,002821.SZ,pca,3,cn_a,INDUSTRY_C27,-0.19077937797514938,-0.1761669400268814,-0.19077937797514938,0.08294650167226791,1,momentum_factor,0.455287367105484,quality_factor,0.2184174656867981,volatility_factor,0.19691282510757446
2022-12-16,300142.SZ,pca,3,cn_a,INDUSTRY_C27,-0.22968375926396978,-0.21209150314283465,-0.22968375926396978,0.08294650167226791,0,volatility_factor,0.3465122580528259,momentum_factor,0.3030956983566284,value_factor,0.18743720650672913
2022-12-19,688235.SH,pca,3,cn_a,INDUSTRY_C27,1.0896718677772481,0.6429338802847084,1.0896718677772481,0.6948427557945251,1,quality_factor,0.7239019274711609,momentum_factor,0.15270254015922546,volatility_factor,0.08971642702817917
2022-12-19,688266.SH,pca,3,cn_a,INDUSTRY_C27,1.065247157815429,0.6285226854884131,1.065247157815429,0.6948427557945251,1,quality_factor,0.7207774519920349,momentum_factor,0.1822165846824646,value_factor,0.06344502419233322
2022-12-19,688192.SH,pca,3,cn_a,INDUSTRY_C27,1.0638321075100647,0.6276877701248718,1.0638321075100647,0.6948427557945251,1,quality_factor,0.6165934205055237,momentum_factor,0.17646050453186035,value_factor,0.16344113647937775
2022-12-19,688578.SH,pca,3,cn_a,INDUSTRY_C27,0.944888826203299,0.557508234756719,0.944888826203299,0.6948427557945251,1,quality_factor,0.5209758877754211,momentum_factor,0.2468450963497162,value_factor,0.1363084614276886
2022-12-19,688180.SH,pca,3,cn_a,INDUSTRY_C27,0.8422200056596594,0.4969310416324947,0.8422200056596594,0.6948427557945251,1,quality_factor,0.47227686643600464,momentum_factor,0.2612803280353546,volatility_factor,0.23553848266601562
2022-12-19,688520.SH,pca,3,cn_a,INDUSTRY_C27,0.8309123530737454,0.49025924146130845,0.8309123530737454,0.6948427557945251,1,momentum_factor,0.3691413104534149,quality_factor,0.32009023427963257,value_factor,0.16146595776081085
2022-12-19,002262.SZ,pca,3,cn_a,INDUSTRY_C27,-0.09621010450884568,-0.056766387794012774,-0.09621010450884568,0.6948427557945251,1,momentum_factor,0.3591531813144684,volatility_factor,0.3389257788658142,quality_factor,0.21370232105255127
2022-12-19,002007.SZ,pca,3,cn_a,INDUSTRY_C27,-0.10159273403915932,-0.059942274950867444,-0.10159273403915932,0.6948427557945251,1,momentum_factor,0.34309741854667664,volatility_factor,0.33729737997055054,quality_factor,0.2199621945619583
2022-12-19,600332.SH,pca,3,cn_a,INDUSTRY_C27,-0.12782970310148734,-0.0754227483162684,-0.12782970310148734,0.6948427557945251,0,value_factor,0.42093631625175476,volatility_factor,0.25999656319618225,quality_factor,0.18921725451946259
2022-12-19,600062.SH,pca,3,cn_a,INDUSTRY_C27,-0.13145213237997533,-0.07756007293751054,-0.13145213237997533,0.6948427557945251,1,value_factor,0.3546079695224762,volatility_factor,0.341777503490448,quality_factor,0.24715466797351837
2022-12-19,600161.SH,pca,3,cn_a,INDUSTRY_C27,-0.13876817474717826,-0.0818767224230735,-0.13876817474717826,0.6948427557945251,1,volatility_factor,0.31418225169181824,momentum_factor,0.2925433814525604,quality_factor,0.28501439094543457
2022-12-19,002773.SZ,pca,3,cn_a,INDUSTRY_C27,-0.14647435698049924,-0.08642356426781769,-0.14647435698049924,0.6948427557945251,0,value_factor,0.43592551350593567,volatility_factor,0.2809011936187744,quality_factor,0.17003700137138367
2022-12-19,600535.SH,pca,3,cn_a,INDUSTRY_C27,-0.148849557798339,-0.08782499264587076,-0.148849557798339,0.6948427557945251,0,value_factor,0.4601765275001526,momentum_factor,0.2408539354801178,volatility_factor,0.2046784907579422
2022-12-19,688336.SH,pca,3,cn_a,INDUSTRY_C27,-0.15935602468538895,-0.09402407305119759,-0.15935602468538895,0.6948427557945251,0,value_factor,0.4397371709346771,volatility_factor,0.22396086156368256,momentum_factor,0.195587620139122
2022-12-19,603858.SH,pca,3,cn_a,INDUSTRY_C27,-0.16167402864483904,-0.09539175384046544,-0.16167402864483904,0.6948427557945251,0,value_factor,0.4265163242816925,momentum_factor,0.2334185242652893,volatility_factor,0.18835514783859253
2022-12-19,600380.SH,pca,3,cn_a,INDUSTRY_C27,-0.17281416470620015,-0.10196471503789506,-0.17281416470620015,0.6948427557945251,0,value_factor,0.4382789134979248,momentum_factor,0.24384655058383942,volatility_factor,0.18821007013320923
2022-12-19,300558.SZ,pca,3,cn_a,INDUSTRY_C27,-0.19345312601709141,-0.11414222266477808,-0.19345312601709141,0.6948427557945251,1,quality_factor,0.5172945261001587,volatility_factor,0.23534011840820312,value_factor,0.20151212811470032
2022-12-19,600085.SH,pca,3,cn_a,INDUSTRY_C27,-0.19440735929203135,-0.11470524435992872,-0.19440735929203135,0.6948427557945251,0,quality_factor,0.4312329590320587,momentum_factor,0.28130877017974854,value_factor,0.2620193064212799
2022-12-19,688166.SH,pca,3,cn_a,INDUSTRY_C27,-0.19766705684832378,-0.1166285481180561,-0.19766705684832378,0.6948427557945251,1,quality_factor,0.554111659526825,volatility_factor,0.21821379661560059,value_factor,0.13447833061218262
2022-12-19,603658.SH,pca,3,cn_a,INDUSTRY_C27,-0.20270124744652274,-0.11959884751836557,-0.20270124744652274,0.6948427557945251,0,quality_factor,0.49304845929145813,value_factor,0.25345903635025024,volatility_factor,0.21607111394405365
2022-12-19,603087.SH,pca,3,cn_a,INDUSTRY_C27,-0.20664490612941652,-0.121925705588661,-0.20664490612941652,0.6948427557945251,0,value_factor,0.4147334396839142,momentum_factor,0.30621007084846497,quality_factor,0.15125861763954163
2022-12-19,600329.SH,pca,3,cn_a,INDUSTRY_C27,-0.20820288105911183,-0.12284495008469315,-0.20820288105911183,0.6948427557945251,0,value_factor,0.3546285331249237,quality_factor,0.27755963802337646,momentum_factor,0.21021206676959991
2022-12-19,688278.SH,pca,3,cn_a,INDUSTRY_C27,-0.21737090373423737,-0.12825431465338696,-0.21737090373423737,0.6948427557945251,0,quality_factor,0.536788284778595,momentum_factor,0.22405341267585754,value_factor,0.18372750282287598
2022-12-19,603707.SH,pca,3,cn_a,INDUSTRY_C27,-0.22114518463969735,-0.1304812355637907,-0.22114518463969735,0.6948427557945251,1,quality_factor,0.5251954197883606,value_factor,0.21014797687530518,momentum_factor,0.1790940761566162
2022-12-19,600276.SH,pca,3,cn_a,INDUSTRY_C27,-0.2393165652602119,-0.14120280835827714,-0.2393165652602119,0.6948427557945251,0,quality_factor,0.6174110770225525,volatility_factor,0.13425803184509277,value_factor,0.13297489285469055
2022-12-19,002294.SZ,pca,3,cn_a,INDUSTRY_C27,-0.2535620292764356,-0.14960799135624658,-0.2535620292764356,0.6948427557945251,0,quality_factor,0.4225238263607025,momentum_factor,0.3489020764827728,volatility_factor,0.13012264668941498
2022-12-19,600521.SH,pca,3,cn_a,INDUSTRY_C27,-0.27194046281639866,-0.16045173059446882,-0.27194046281639866,0.6948427557945251,1,momentum_factor,0.39446574449539185,quality_factor,0.35984495282173157,volatility_factor,0.24284693598747253
2022-12-19,600566.SH,pca,3,cn_a,INDUSTRY_C27,-0.2740692328494692,-0.16170775859525377,-0.2740692328494692,0.6948427557945251,1,momentum_factor,0.4438251852989197,value_factor,0.33937492966651917,quality_factor,0.19198159873485565
2022-12-19,002821.SZ,pca,3,cn_a,INDUSTRY_C27,-0.2867084876842563,-0.1691652376723387,-0.2867084876842563,0.6948427557945251,1,momentum_factor,0.44428861141204834,quality_factor,0.22792211174964905,value_factor,0.17733241617679596
2022-12-19,300601.SZ,pca,3,cn_a,INDUSTRY_C27,-0.2888050916256523,-0.17040228686790218,-0.2888050916256523,0.6948427557945251,1,momentum_factor,0.42889702320098877,quality_factor,0.2614237368106842,volatility_factor,0.1552172303199768
2022-12-19,002603.SZ,pca,3,cn_a,INDUSTRY_C27,-0.30840503029089805,-0.1819667449327815,-0.30840503029089805,0.6948427557945251,0,volatility_factor,0.3112412691116333,momentum_factor,0.27011746168136597,quality_factor,0.23864999413490295
2022-12-19,300142.SZ,pca,3,cn_a,INDUSTRY_C27,-0.3518009293919994,-0.2075714197184375,-0.3518009293919994,0.6948427557945251,0,volatility_factor,0.3393639922142029,momentum_factor,0.31600508093833923,quality_factor,0.17621861398220062
2022-12-20,688266.SH,pca,3,cn_a,INDUSTRY_C27,0.9014719170524418,0.6532355561258079,0.9014719170524418,0.3800105154514313,1,quality_factor,0.565564751625061,momentum_factor,0.2592185437679291,value_factor,0.1361905038356781
2022-12-20,688235.SH,pca,3,cn_a,INDUSTRY_C27,0.8998487571280701,0.6520593622191302,0.8998487571280701,0.3800105154514313,1,quality_factor,0.6793343424797058,momentum_factor,0.20753492414951324,volatility_factor,0.06904517114162445
2022-12-20,688192.SH,pca,3,cn_a,INDUSTRY_C27,0.8643651670262628,0.6263468111401309,0.8643651670262628,0.3800105154514313,1,quality_factor,0.5461820363998413,value_factor,0.2053104192018509,momentum_factor,0.17507591843605042
2022-12-20,688578.SH,pca,3,cn_a,INDUSTRY_C27,0.801894973279912,0.5810788987612138,0.801894973279912,0.3800105154514313,1,quality_factor,0.5924585461616516,momentum_factor,0.2000851333141327,value_factor,0.15382637083530426
2022-12-20,688180.SH,pca,3,cn_a,INDUSTRY_C27,0.7146853613140648,0.5178840079449843,0.7146853613140648,0.3800105154514313,1,quality_factor,0.5389360785484314,momentum_factor,0.2436387985944748,volatility_factor,0.20922543108463287
2022-12-20,688520.SH,pca,3,cn_a,INDUSTRY_C27,0.7145459769781747,0.517783005570481,0.7145459769781747,0.3800105154514313,1,momentum_factor,0.3541608452796936,quality_factor,0.33451005816459656,value_factor,0.21051470935344696
2022-12-20,600535.SH,pca,3,cn_a,INDUSTRY_C27,-0.06815356116217117,-0.049386263271843256,-0.06815356116217117,0.3800105154514313,0,value_factor,0.4780767560005188,volatility_factor,0.2922179400920868,momentum_factor,0.13577669858932495
2022-12-20,002262.SZ,pca,3,cn_a,INDUSTRY_C27,-0.07219331958342332,-0.052313602203874626,-0.07219331958342332,0.3800105154514313,1,momentum_factor,0.4492202401161194,volatility_factor,0.31511637568473816,quality_factor,0.21417032182216644
2022-12-20,600332.SH,pca,3,cn_a,INDUSTRY_C27,-0.11332293441758406,-0.08211744446585194,-0.11332293441758406,0.3800105154514313,0,value_factor,0.3904755711555481,quality_factor,0.22809000313282013,volatility_factor,0.21205610036849976
2022-12-20,603087.SH,pca,3,cn_a,INDUSTRY_C27,-0.11393442740907725,-0.08256055196239068,-0.11393442740907725,0.3800105154514313,0,value_factor,0.44506174325942993,volatility_factor,0.26931387186050415,quality_factor,0.14806653559207916
2022-12-20,688336.SH,pca,3,cn_a,INDUSTRY_C27,-0.11488161690655561,-0.08324691594826492,-0.11488161690655561,0.3800105154514313,0,value_factor,0.4508276879787445,volatility_factor,0.25544053316116333,momentum_factor,0.16195863485336304
2022-12-20,600380.SH,pca,3,cn_a,INDUSTRY_C27,-0.11825454508980017,-0.08569104823444681,-0.11825454508980017,0.3800105154514313,0,value_factor,0.44893911480903625,volatility_factor,0.2369362711906433,momentum_factor,0.18599814176559448
2022-12-20,603858.SH,pca,3,cn_a,INDUSTRY_C27,-0.118337944471231,-0.08575148210962248,-0.118337944471231,0.3800105154514313,0,value_factor,0.41085371375083923,volatility_factor,0.216887965798378,quality_factor,0.19195429980754852
2022-12-20,002773.SZ,pca,3,cn_a,INDUSTRY_C27,-0.12631883208526246,-0.0915346900613197,-0.12631883208526246,0.3800105154514313,0,value_factor,0.4243236780166626,volatility_factor,0.2559773623943329,quality_factor,0.1823531985282898
2022-12-20,688166.SH,pca,3,cn_a,INDUSTRY_C27,-0.1294692970768519,-0.093817618361033,-0.1294692970768519,0.3800105154514313,1,quality_factor,0.3576980531215668,momentum_factor,0.3007413148880005,volatility_factor,0.2850232422351837
2022-12-20,300558.SZ,pca,3,cn_a,INDUSTRY_C27,-0.13390961434749102,-0.09703521512338698,-0.13390961434749102,0.3800105154514313,1,quality_factor,0.33018189668655396,volatility_factor,0.3040817081928253,value_factor,0.22200816869735718
2022-12-20,600062.SH,pca,3,cn_a,INDUSTRY_C27,-0.1345324262655286,-0.0974865246782884,-0.1345324262655286,0.3800105154514313,1,value_factor,0.3875569701194763,quality_factor,0.24353936314582825,volatility_factor,0.23396842181682587
2022-12-20,603658.SH,pca,3,cn_a,INDUSTRY_C27,-0.1432731560467304,-0.10382033871238283,-0.1432731560467304,0.3800105154514313,0,quality_factor,0.36022743582725525,volatility_factor,0.2945767641067505,value_factor,0.2476874440908432
2022-12-20,603707.SH,pca,3,cn_a,INDUSTRY_C27,-0.14577023073374404,-0.10562979937444374,-0.14577023073374404,0.3800105154514313,1,quality_factor,0.4125165641307831,volatility_factor,0.2713907063007355,value_factor,0.16923312842845917
2022-12-20,600161.SH,pca,3,cn_a,INDUSTRY_C27,-0.1478515138220168,-0.1071379640658836,-0.1478515138220168,0.3800105154514313,1,quality_factor,0.5229728817939758,momentum_factor,0.2518351376056671,volatility_factor,0.20187361538410187
2022-12-20,600085.SH,pca,3,cn_a,INDUSTRY_C27,-0.15036765227274634,-0.10896123894451326,-0.15036765227274634,0.3800105154514313,0,quality_factor,0.3498239517211914,momentum_factor,0.32773059606552124,value_factor,0.3068973124027252
2022-12-20,688278.SH,pca,3,cn_a,INDUSTRY_C27,-0.15258535801397327,-0.1105682598797084,-0.15258535801397327,0.3800105154514313,0,quality_factor,0.36232513189315796,momentum_factor,0.33806851506233215,value_factor,0.1605813056230545
2022-12-20,002007.SZ,pca,3,cn_a,INDUSTRY_C27,-0.15283931123900146,-0.11075228255755692,-0.15283931123900146,0.3800105154514313,1,quality_factor,0.5059924125671387,value_factor,0.2542321979999542,momentum_factor,0.2340671420097351
2022-12-20,600521.SH,pca,3,cn_a,INDUSTRY_C27,-0.16872262852941686,-0.12226184531493295,-0.16872262852941686,0.3800105154514313,1,quality_factor,0.3454931676387787,value_factor,0.32630977034568787,volatility_factor,0.1931227743625641
2022-12-20,600329.SH,pca,3,cn_a,INDUSTRY_C27,-0.18259360795349475,-0.132313203307009,-0.18259360795349475,0.3800105154514313,0,value_factor,0.35662204027175903,momentum_factor,0.27642595767974854,quality_factor,0.2558925449848175
2022-12-20,600276.SH,pca,3,cn_a,INDUSTRY_C27,-0.18692188730721288,-0.13544961378992082,-0.18692188730721288,0.3800105154514313,0,quality_factor,0.798043966293335,value_factor,0.09417712688446045,momentum_factor,0.058829352259635925
2022-12-20,300601.SZ,pca,3,cn_a,INDUSTRY_C27,-0.19176866292449107,-0.13896174334812375,-0.19176866292449107,0.3800105154514313,1,value_factor,0.3215036988258362,quality_factor,0.3115531802177429,momentum_factor,0.285659521818161
2022-12-20,600566.SH,pca,3,cn_a,INDUSTRY_C27,-0.19191105833545047,-0.13906492764450423,-0.19191105833545047,0.3800105154514313,1,value_factor,0.3819420337677002,momentum_factor,0.33984145522117615,quality_factor,0.196316659450531
2022-12-20,300142.SZ,pca,3,cn_a,INDUSTRY_C27,-0.19838546686301137,-0.14375649237889504,-0.19838546686301137,0.3800105154514313,0,quality_factor,0.5994844436645508,volatility_factor,0.1427346169948578,value_factor,0.13545770943164825
2022-12-20,002294.SZ,pca,3,cn_a,INDUSTRY_C27,-0.2006976574559562,-0.14543198007771296,-0.2006976574559562,0.3800105154514313,0,quality_factor,0.49088385701179504,momentum_factor,0.3190736472606659,volatility_factor,0.1486179381608963
2022-12-20,002821.SZ,pca,3,cn_a,INDUSTRY_C27,-0.20080208971663188,-0.14550765505392632,-0.20080208971663188,0.3800105154514313,1,momentum_factor,0.3927546441555023,quality_factor,0.2984151840209961,value_factor,0.2880832552909851
2022-12-20,002603.SZ,pca,3,cn_a,INDUSTRY_C27,-0.2505550835148127,-0.18156027517208345,-0.2505550835148127,0.3800105154514313,0,volatility_factor,0.3300654888153076,value_factor,0.2567977011203766,quality_factor,0.20682474970817566
2022-12-21,688235.SH,pca,3,cn_a,INDUSTRY_C27,0.8496622675143705,0.6722168526606869,0.8496622675143705,0.2639704942703247,1,quality_factor,0.5589033961296082,momentum_factor,0.2661771774291992,value_factor,0.10953415185213089
2022-12-21,688266.SH,pca,3,cn_a,INDUSTRY_C27,0.8103235652503442,0.641093735117713,0.8103235652503442,0.2639704942703247,1,quality_factor,0.5499333143234253,momentum_factor,0.23569859564304352,value_factor,0.1929161548614502
2022-12-21,688192.SH,pca,3,cn_a,INDUSTRY_C27,0.8067271274873662,0.6382483856579898,0.8067271274873662,0.2639704942703247,1,quality_factor,0.5089707970619202,value_factor,0.22140005230903625,momentum_factor,0.21027825772762299
2022-12-21,688578.SH,pca,3,cn_a,INDUSTRY_C27,0.7476343742526649,0.5914966984132533,0.7476343742526649,0.2639704942703247,1,quality_factor,0.5998913645744324,value_factor,0.20100520551204681,momentum_factor,0.1896938532590866
2022-12-21,688180.SH,pca,3,cn_a,INDUSTRY_C27,0.7297075328659967,0.5773137396591272,0.7297075328659967,0.2639704942703247,1,quality_factor,0.739733099937439,momentum_factor,0.11620710045099258,value_factor,0.08826543390750885
2022-12-21,688520.SH,pca,3,cn_a,INDUSTRY_C27,0.663249421785707,0.5247348927781681,0.663249421785707,0.2639704942703247,1,momentum_factor,0.3501116633415222,quality_factor,0.3384077250957489,value_factor,0.2237725704908371
2022-12-21,600535.SH,pca,3,cn_a,INDUSTRY_C27,-0.04922047719668965,-0.038941159955718785,-0.04922047719668965,0.2639704942703247,0,value_factor,0.48182958364486694,volatility_factor,0.31904834508895874,momentum_factor,0.10207191109657288
2022-12-21,600332.SH,pca,3,cn_a,INDUSTRY_C27,-0.07033587166177298,-0.05564676705715116,-0.07033587166177298,0.2639704942703247,0,value_factor,0.4092991054058075,volatility_factor,0.3613361716270447,quality_factor,0.202943354845047
2022-12-21,603858.SH,pca,3,cn_a,INDUSTRY_C27,-0.07601728003634843,-0.060141657088468914,-0.07601728003634843,0.2639704942703247,0,value_factor,0.40989553928375244,volatility_factor,0.3563562035560608,quality_factor,0.2168177366256714
2022-12-21,603087.SH,pca,3,cn_a,INDUSTRY_C27,-0.08030619903518546,-0.063534868416011,-0.08030619903518546,0.2639704942703247,0,value_factor,0.45693957805633545,volatility_factor,0.3350866138935089,quality_factor,0.15074755251407623
2022-12-21,002262.SZ,pca,3,cn_a,INDUSTRY_C27,-0.08239835600879304,-0.06519009453330685,-0.08239835600879304,0.2639704942703247,1,momentum_factor,0.4298897385597229,volatility_factor,0.24684377014636993,quality_factor,0.23072940111160278
2022-12-21,600062.SH,pca,3,cn_a,INDUSTRY_C27,-0.09327333170550406,-0.07379391538672717,-0.09327333170550406,0.2639704942703247,1,volatility_factor,0.3108312785625458,quality_factor,0.30472850799560547,momentum_factor,0.22117099165916443
2022-12-21,600380.SH,pca,3,cn_a,INDUSTRY_C27,-0.09431931077210172,-0.07462144978831262,-0.09431931077210172,0.2639704942703247,0,value_factor,0.4544464349746704,volatility_factor,0.27074387669563293,momentum_factor,0.1441865861415863
2022-12-21,300558.SZ,pca,3,cn_a,INDUSTRY_C27,-0.10405075502142,-0.08232055692208802,-0.10405075502142,0.2639704942703247,1,volatility_factor,0.3178180158138275,quality_factor,0.2802371084690094,momentum_factor,0.25922173261642456
2022-12-21,688336.SH,pca,3,cn_a,INDUSTRY_C27,-0.1045338203910245,-0.0827027378130141,-0.1045338203910245,0.2639704942703247,0,value_factor,0.4495069682598114,volatility_factor,0.25571662187576294,momentum_factor,0.16043342649936676
2022-12-21,002773.SZ,pca,3,cn_a,INDUSTRY_C27,-0.10579331112733176,-0.0836991936179689,-0.10579331112733176,0.2639704942703247,0,value_factor,0.4294033646583557,volatility_factor,0.28816330432891846,quality_factor,0.1850324422121048
2022-12-21,002007.SZ,pca,3,cn_a,INDUSTRY_C27,-0.11534111937917811,-0.09125301571676575,-0.11534111937917811,0.2639704942703247,1,momentum_factor,0.3594023585319519,quality_factor,0.32359424233436584,value_factor,0.1829334795475006
2022-12-21,600085.SH,pca,3,cn_a,INDUSTRY_C27,-0.11576999924199219,-0.09159232732629953,-0.11576999924199219,0.2639704942703247,0,momentum_factor,0.3668372631072998,quality_factor,0.34174033999443054,volatility_factor,0.260661244392395
2022-12-21,600161.SH,pca,3,cn_a,INDUSTRY_C27,-0.12278424156775158,-0.09714169921239615,-0.12278424156775158,0.2639704942703247,1,quality_factor,0.3642362654209137,momentum_factor,0.3392527997493744,volatility_factor,0.15969543159008026
2022-12-21,688166.SH,pca,3,cn_a,INDUSTRY_C27,-0.13173106516490224,-0.10422004766887302,-0.13173106516490224,0.2639704942703247,1,quality_factor,0.4441371560096741,momentum_factor,0.29721716046333313,volatility_factor,0.1941365748643875
2022-12-21,600521.SH,pca,3,cn_a,INDUSTRY_C27,-0.14318383818829625,-0.11328099733131397,-0.14318383818829625,0.2639704942703247,1,quality_factor,0.3556998074054718,value_factor,0.3341434597969055,volatility_factor,0.25841623544692993
2022-12-21,002821.SZ,pca,3,cn_a,INDUSTRY_C27,-0.14701384208901566,-0.11631113444138189,-0.14701384208901566,0.2639704942703247,1,value_factor,0.3642595410346985,quality_factor,0.2721931040287018,volatility_factor,0.1914292573928833
2022-12-21,603707.SH,pca,3,cn_a,INDUSTRY_C27,-0.14970646027139986,-0.11844142007272379,-0.14970646027139986,0.2639704942703247,1,quality_factor,0.4819899797439575,value_factor,0.26003625988960266,volatility_factor,0.2200765311717987
2022-12-21,603658.SH,pca,3,cn_a,INDUSTRY_C27,-0.1502002788162042,-0.11883210842110128,-0.1502002788162042,0.2639704942703247,0,quality_factor,0.5346925854682922,value_factor,0.23118151724338531,volatility_factor,0.21435461938381195
2022-12-21,688278.SH,pca,3,cn_a,INDUSTRY_C27,-0.15582425139024494,-0.1232815576760757,-0.15582425139024494,0.2639704942703247,0,quality_factor,0.4937855899333954,momentum_factor,0.25646939873695374,value_factor,0.1428297460079193
2022-12-21,600276.SH,pca,3,cn_a,INDUSTRY_C27,-0.16337540140034967,-0.12925570821545512,-0.16337540140034967,0.2639704942703247,0,quality_factor,0.8470688462257385,volatility_factor,0.10540666431188583,momentum_factor,0.03216426074504852
2022-12-21,002294.SZ,pca,3,cn_a,INDUSTRY_C27,-0.16610236645827775,-0.1314131676421503,-0.16610236645827775,0.2639704942703247,0,quality_factor,0.6890767216682434,momentum_factor,0.19120670855045319,value_factor,0.10886058956384659
2022-12-21,300142.SZ,pca,3,cn_a,INDUSTRY_C27,-0.17061672462747152,-0.1349847369071432,-0.17061672462747152,0.2639704942703247,0,quality_factor,0.6273081302642822,value_factor,0.22736504673957825,volatility_factor,0.08673883229494095
2022-12-21,300601.SZ,pca,3,cn_a,INDUSTRY_C27,-0.1740697472414074,-0.13771662236616988,-0.1740697472414074,0.2639704942703247,1,quality_factor,0.3342800736427307,value_factor,0.3076229989528656,momentum_factor,0.28623467683792114
2022-12-21,600329.SH,pca,3,cn_a,INDUSTRY_C27,-0.1948563501835684,-0.154162103519716,-0.1948563501835684,0.2639704942703247,0,momentum_factor,0.41458645462989807,quality_factor,0.26789867877960205,value_factor,0.2440049648284912
2022-12-21,600566.SH,pca,3,cn_a,INDUSTRY_C27,-0.2088638492608437,-0.16524424439307686,-0.2088638492608437,0.2639704942703247,1,momentum_factor,0.45385944843292236,value_factor,0.26039761304855347,quality_factor,0.1914561539888382
2022-12-21,002603.SZ,pca,3,cn_a,INDUSTRY_C27,-0.2156015186229837,-0.17057480344701237,-0.2156015186229837,0.2639704942703247,0,volatility_factor,0.33009102940559387,value_factor,0.3239770829677582,quality_factor,0.2146805226802826
2022-12-22,688235.SH,pca,3,cn_a,INDUSTRY_C27,0.8727140068288117,0.6616838626573756,0.8727140068288117,0.3189290165901184,1,quality_factor,0.5844632387161255,momentum_factor,0.24946467578411102,value_factor,0.1306571215391159
2022-12-22,688192.SH,pca,3,cn_a,INDUSTRY_C27,0.8372634476232768,0.634805569465178,0.8372634476232768,0.3189290165901184,1,quality_factor,0.5913375616073608,momentum_factor,0.20032426714897156,value_factor,0.1743658483028412
2022-12-22,688266.SH,pca,3,cn_a,INDUSTRY_C27,0.8261587377452393,0.6263860789238388,0.8261587377452393,0.3189290165901184,1,quality_factor,0.6053162813186646,momentum_factor,0.19003872573375702,value_factor,0.16783954203128815
2022-12-22,688578.SH,pca,3,cn_a,INDUSTRY_C27,0.795142372903965,0.6028697517729322,0.795142372903965,0.3189290165901184,1,quality_factor,0.6243906617164612,value_factor,0.20461834967136383,momentum_factor,0.15425720810890198
2022-12-22,688180.SH,pca,3,cn_a,INDUSTRY_C27,0.7653545839421805,0.5802849197362872,0.7653545839421805,0.3189290165901184,1,quality_factor,0.7744850516319275,momentum_factor,0.09691180288791656,value_factor,0.06860378384590149
2022-12-22,688520.SH,pca,3,cn_a,INDUSTRY_C27,0.6893360778666794,0.5226483763327304,0.6893360778666794,0.3189290165901184,1,momentum_factor,0.3513389825820923,quality_factor,0.33722636103630066,value_factor,0.2197541892528534
2022-12-22,002262.SZ,pca,3,cn_a,INDUSTRY_C27,-0.06182486883846046,-0.046875056090789416,-0.06182486883846046,0.3189290165901184,1,momentum_factor,0.4600445628166199,volatility_factor,0.25956207513809204,quality_factor,0.18253964185714722
2022-12-22,600332.SH,pca,3,cn_a,INDUSTRY_C27,-0.07722401390676853,-0.05855054853240216,-0.07722401390676853,0.3189290165901184,0,value_factor,0.43949341773986816,volatility_factor,0.342290997505188,quality_factor,0.18553246557712555
2022-12-22,603087.SH,pca,3,cn_a,INDUSTRY_C27,-0.08119449613171924,-0.06156093222586931,-0.08119449613171924,0.3189290165901184,0,value_factor,0.4575740694999695,volatility_factor,0.3429257273674011,quality_factor,0.1525334119796753
2022-12-22,600535.SH,pca,3,cn_a,INDUSTRY_C27,-0.09389622833646698,-0.07119127064362507,-0.09389622833646698,0.3189290165901184,0,value_factor,0.46691256761550903,volatility_factor,0.24153360724449158,momentum_factor,0.19594454765319824
2022-12-22,603858.SH,pca,3,cn_a,INDUSTRY_C27,-0.09875673623280783,-0.07487646374716414,-0.09875673623280783,0.3189290165901184,0,value_factor,0.4203256666660309,volatility_factor,0.2638329863548279,quality_factor,0.1918295919895172
2022-12-22,002773.SZ,pca,3,cn_a,INDUSTRY_C27,-0.10807270229856052,-0.08193974491664058,-0.10807270229856052,0.3189290165901184,0,value_factor,0.43800991773605347,volatility_factor,0.2908230423927307,quality_factor,0.16978903114795685
2022-12-22,600380.SH,pca,3,cn_a,INDUSTRY_C27,-0.11343165965323594,-0.08600285788894485,-0.11343165965323594,0.3189290165901184,0,value_factor,0.4470115005970001,volatility_factor,0.23419931530952454,momentum_factor,0.18809883296489716
2022-12-22,300558.SZ,pca,3,cn_a,INDUSTRY_C27,-0.11468340930275635,-0.08695192314594048,-0.11468340930275635,0.3189290165901184,1,volatility_factor,0.31603947281837463,quality_factor,0.2904917299747467,momentum_factor,0.21537497639656067
2022-12-22,688336.SH,pca,3,cn_a,INDUSTRY_C27,-0.11801962339227606,-0.08948141047871155,-0.11801962339227606,0.3189290165901184,0,value_factor,0.44886893033981323,volatility_factor,0.23239164054393768,momentum_factor,0.19212190806865692
2022-12-22,002007.SZ,pca,3,cn_a,INDUSTRY_C27,-0.11904287345759143,-0.09025722941869002,-0.11904287345759143,0.3189290165901184,1,momentum_factor,0.35854870080947876,quality_factor,0.3325344920158386,volatility_factor,0.165486678481102
2022-12-22,600062.SH,pca,3,cn_a,INDUSTRY_C27,-0.12238709548369642,-0.09279278829651502,-0.12238709548369642,0.3189290165901184,1,value_factor,0.40760740637779236,volatility_factor,0.25044921040534973,quality_factor,0.21181637048721313
2022-12-22,600085.SH,pca,3,cn_a,INDUSTRY_C27,-0.13285552727709068,-0.1007298585518537,-0.13285552727709068,0.3189290165901184,0,quality_factor,0.37538033723831177,volatility_factor,0.281231164932251,momentum_factor,0.23772519826889038
2022-12-22,688166.SH,pca,3,cn_a,INDUSTRY_C27,-0.13989430703848935,-0.10606659767197008,-0.13989430703848935,0.3189290165901184,1,quality_factor,0.46562033891677856,volatility_factor,0.24653226137161255,momentum_factor,0.22223684191703796
2022-12-22,600161.SH,pca,3,cn_a,INDUSTRY_C27,-0.14237279591495397,-0.10794576550988715,-0.14237279591495397,0.3189290165901184,1,quality_factor,0.5023869276046753,momentum_factor,0.2562600076198578,volatility_factor,0.14728429913520813
2022-12-22,002821.SZ,pca,3,cn_a,INDUSTRY_C27,-0.1424322875439297,-0.10799087152462786,-0.1424322875439297,0.3189290165901184,1,value_factor,0.3471032977104187,quality_factor,0.3256409466266632,volatility_factor,0.24569466710090637
2022-12-22,688278.SH,pca,3,cn_a,INDUSTRY_C27,-0.1594518512205613,-0.12089495069165994,-0.1594518512205613,0.3189290165901184,0,quality_factor,0.39721766114234924,momentum_factor,0.302154004573822,value_factor,0.27188998460769653
2022-12-22,603707.SH,pca,3,cn_a,INDUSTRY_C27,-0.16720504385125323,-0.12677335118444502,-0.16720504385125323,0.3189290165901184,1,quality_factor,0.5838831663131714,value_factor,0.18387046456336975,momentum_factor,0.12393627315759659
2022-12-22,600276.SH,pca,3,cn_a,INDUSTRY_C27,-0.16776296223637213,-0.12719635985535485,-0.16776296223637213,0.3189290165901184,0,quality_factor,0.7004006505012512,momentum_factor,0.1266368180513382,value_factor,0.12440649420022964
2022-12-22,600521.SH,pca,3,cn_a,INDUSTRY_C27,-0.17584915851311145,-0.133327240699173,-0.17584915851311145,0.3189290165901184,1,quality_factor,0.436034232378006,value_factor,0.2532740533351898,momentum_factor,0.24317306280136108
2022-12-22,002294.SZ,pca,3,cn_a,INDUSTRY_C27,-0.18610634560715816,-0.1411041471350514,-0.18610634560715816,0.3189290165901184,0,quality_factor,0.5647866725921631,momentum_factor,0.27585741877555847,volatility_factor,0.15130795538425446
2022-12-22,603658.SH,pca,3,cn_a,INDUSTRY_C27,-0.1879869516346165,-0.1425300056071837,-0.1879869516346165,0.3189290165901184,0,quality_factor,0.46051454544067383,momentum_factor,0.31902462244033813,value_factor,0.17510710656642914
2022-12-22,002603.SZ,pca,3,cn_a,INDUSTRY_C27,-0.21068075165674918,-0.15973623942435708,-0.21068075165674918,0.3189290165901184,0,quality_factor,0.3725496828556061,momentum_factor,0.36399316787719727,value_factor,0.19290012121200562
2022-12-22,300142.SZ,pca,3,cn_a,INDUSTRY_C27,-0.22776695758223905,-0.17269084614141778,-0.22776695758223905,0.3189290165901184,0,volatility_factor,0.2951886057853699,quality_factor,0.27521857619285583,momentum_factor,0.23550912737846375
2022-12-22,300601.SZ,pca,3,cn_a,INDUSTRY_C27,-0.22831566608619602,-0.17310687196377222,-0.22831566608619602,0.3189290165901184,1,momentum_factor,0.4374900162220001,quality_factor,0.248090460896492,volatility_factor,0.17119812965393066
2022-12-22,600329.SH,pca,3,cn_a,INDUSTRY_C27,-0.26229036048107385,-0.19886617781185212,-0.26229036048107385,0.3189290165901184,0,momentum_factor,0.484072744846344,volatility_factor,0.2507634460926056,quality_factor,0.1735694259405136
2022-12-22,600566.SH,pca,3,cn_a,INDUSTRY_C27,-0.2624318864904417,-0.19897348155146466,-0.2624318864904417,0.3189290165901184,1,momentum_factor,0.48766812682151794,value_factor,0.20751291513442993,volatility_factor,0.1641908437013626
2022-12-23,688235.SH,pca,3,cn_a,INDUSTRY_C27,0.889800786937211,0.6920842926555428,0.889800786937211,0.2856826186180115,1,quality_factor,0.46774765849113464,momentum_factor,0.30907535552978516,value_factor,0.17128713428974152
2022-12-23,688192.SH,pca,3,cn_a,INDUSTRY_C27,0.8401486737937075,0.6534650330322094,0.8401486737937075,0.2856826186180115,1,quality_factor,0.5572514533996582,momentum_factor,0.2574096620082855,value_factor,0.18493026494979858
2022-12-23,688578.SH,pca,3,cn_a,INDUSTRY_C27,0.8109964742656026,0.6307905426451994,0.8109964742656026,0.2856826186180115,1,quality_factor,0.6327382326126099,value_factor,0.2167024463415146,volatility_factor,0.0942477211356163
2022-12-23,688266.SH,pca,3,cn_a,INDUSTRY_C27,0.8045397600632934,0.6257685303620169,0.8045397600632934,0.2856826186180115,1,quality_factor,0.5795406699180603,momentum_factor,0.18835313618183136,value_factor,0.18336419761180878
2022-12-23,688180.SH,pca,3,cn_a,INDUSTRY_C27,0.720183539937135,0.5601565239509376,0.720183539937135,0.2856826186180115,1,quality_factor,0.7000800967216492,volatility_factor,0.14863820374011993,momentum_factor,0.1435575783252716
2022-12-23,688520.SH,pca,3,cn_a,INDUSTRY_C27,0.6808101443410697,0.5295320189599428,0.6808101443410697,0.2856826186180115,1,momentum_factor,0.3472500145435333,quality_factor,0.34116223454475403,value_factor,0.23314204812049866
2022-12-23,600535.SH,pca,3,cn_a,INDUSTRY_C27,-0.062119800794987606,-0.04831658841422892,-0.062119800794987606,0.2856826186180115,0,value_factor,0.4784705340862274,volatility_factor,0.2948012948036194,momentum_factor,0.13255932927131653
2022-12-23,603087.SH,pca,3,cn_a,INDUSTRY_C27,-0.07430566485008672,-0.057794715685839215,-0.07430566485008672,0.2856826186180115,0,value_factor,0.45693013072013855,volatility_factor,0.3650941550731659,quality_factor,0.1622050255537033
2022-12-23,002262.SZ,pca,3,cn_a,INDUSTRY_C27,-0.07470071251985441,-0.05810198253827422,-0.07470071251985441,0.2856826186180115,1,momentum_factor,0.4564736783504486,value_factor,0.3435206413269043,quality_factor,0.1408466100692749
2022-12-23,600332.SH,pca,3,cn_a,INDUSTRY_C27,-0.08186931214544453,-0.06367769709600637,-0.08186931214544453,0.2856826186180115,0,value_factor,0.4370412230491638,volatility_factor,0.30912062525749207,quality_factor,0.17749910056591034
2022-12-23,600380.SH,pca,3,cn_a,INDUSTRY_C27,-0.09574342522913278,-0.07446893922650469,-0.09574342522913278,0.2856826186180115,0,value_factor,0.456283301115036,volatility_factor,0.27027463912963867,momentum_factor,0.14645227789878845
2022-12-23,688336.SH,pca,3,cn_a,INDUSTRY_C27,-0.09669548916183064,-0.07520945160084422,-0.09669548916183064,0.2856826186180115,0,value_factor,0.4564039409160614,volatility_factor,0.2760983109474182,momentum_factor,0.13839954137802124
2022-12-23,002773.SZ,pca,3,cn_a,INDUSTRY_C27,-0.10559271252216647,-0.08212968433870413,-0.10559271252216647,0.2856826186180115,0,value_factor,0.4241873621940613,volatility_factor,0.2991119623184204,quality_factor,0.19906674325466156
2022-12-23,603858.SH,pca,3,cn_a,INDUSTRY_C27,-0.11035156878949491,-0.08583110798540608,-0.11035156878949491,0.2856826186180115,0,value_factor,0.3912298083305359,quality_factor,0.2187119871377945,momentum_factor,0.19904105365276337
2022-12-23,300558.SZ,pca,3,cn_a,INDUSTRY_C27,-0.11543015509915758,-0.08978121666749812,-0.11543015509915758,0.2856826186180115,1,volatility_factor,0.3126133680343628,quality_factor,0.3013094365596771,momentum_factor,0.19905632734298706
2022-12-23,688278.SH,pca,3,cn_a,INDUSTRY_C27,-0.12475615876637822,-0.09703495339833207,-0.12475615876637822,0.2856826186180115,0,momentum_factor,0.39349162578582764,quality_factor,0.2641245424747467,value_factor,0.2188422679901123
2022-12-23,603658.SH,pca,3,cn_a,INDUSTRY_C27,-0.1343707564041543,-0.10451315762448483,-0.1343707564041543,0.2856826186180115,0,quality_factor,0.44580596685409546,volatility_factor,0.25419881939888,momentum_factor,0.2252863198518753
2022-12-23,002821.SZ,pca,3,cn_a,INDUSTRY_C27,-0.14009381275825183,-0.10896453310852665,-0.14009381275825183,0.2856826186180115,1,quality_factor,0.41225191950798035,value_factor,0.2995325028896332,volatility_factor,0.2360934168100357
2022-12-23,600085.SH,pca,3,cn_a,INDUSTRY_C27,-0.14093977125587104,-0.10962251700451306,-0.14093977125587104,0.2856826186180115,0,quality_factor,0.4402865469455719,volatility_factor,0.2594410479068756,momentum_factor,0.16357429325580597
2022-12-23,002007.SZ,pca,3,cn_a,INDUSTRY_C27,-0.14206290372987546,-0.11049608595976806,-0.14206290372987546,0.2856826186180115,1,quality_factor,0.44460347294807434,value_factor,0.29166126251220703,momentum_factor,0.23584258556365967
2022-12-23,688166.SH,pca,3,cn_a,INDUSTRY_C27,-0.14280005053932282,-0.11106943646213807,-0.14280005053932282,0.2856826186180115,1,quality_factor,0.5468123555183411,momentum_factor,0.23507827520370483,volatility_factor,0.1814221888780594
2022-12-23,603707.SH,pca,3,cn_a,INDUSTRY_C27,-0.14338149257058888,-0.11152168027090577,-0.14338149257058888,0.2856826186180115,1,quality_factor,0.46191129088401794,volatility_factor,0.25566282868385315,value_factor,0.2079717218875885
2022-12-23,600161.SH,pca,3,cn_a,INDUSTRY_C27,-0.15199045410270223,-0.11821770385272339,-0.15199045410270223,0.2856826186180115,1,quality_factor,0.42823082208633423,value_factor,0.3087446391582489,momentum_factor,0.18298554420471191
2022-12-23,600062.SH,pca,3,cn_a,INDUSTRY_C27,-0.15326514594530574,-0.11920915521486328,-0.15326514594530574,0.2856826186180115,1,quality_factor,0.40630602836608887,momentum_factor,0.3557058572769165,value_factor,0.1244589239358902
2022-12-23,600276.SH,pca,3,cn_a,INDUSTRY_C27,-0.16883453604040266,-0.1313189785474917,-0.16883453604040266,0.2856826186180115,0,quality_factor,0.7436894178390503,value_factor,0.16695819795131683,momentum_factor,0.06429284065961838
2022-12-23,002294.SZ,pca,3,cn_a,INDUSTRY_C27,-0.17266952929297116,-0.13430182440637037,-0.17266952929297116,0.2856826186180115,0,quality_factor,0.6427237391471863,momentum_factor,0.23005737364292145,value_factor,0.09996064007282257
2022-12-23,600521.SH,pca,3,cn_a,INDUSTRY_C27,-0.17358443004027943,-0.13501343137036326,-0.17358443004027943,0.2856826186180115,1,quality_factor,0.5399471521377563,momentum_factor,0.27590155601501465,value_factor,0.17841778695583344
2022-12-23,300142.SZ,pca,3,cn_a,INDUSTRY_C27,-0.19054982770458612,-0.14820906506106513,-0.19054982770458612,0.2856826186180115,0,quality_factor,0.4296082556247711,value_factor,0.26540613174438477,volatility_factor,0.22801150381565094
2022-12-23,300601.SZ,pca,3,cn_a,INDUSTRY_C27,-0.1924853165814717,-0.14971448230722514,-0.1924853165814717,0.2856826186180115,1,momentum_factor,0.37712472677230835,quality_factor,0.3421645760536194,value_factor,0.22207236289978027
2022-12-23,600566.SH,pca,3,cn_a,INDUSTRY_C27,-0.2074291854935049,-0.1613377772035146,-0.2074291854935049,0.2856826186180115,1,momentum_factor,0.4475677013397217,value_factor,0.3481999337673187,quality_factor,0.18308281898498535
2022-12-23,002603.SZ,pca,3,cn_a,INDUSTRY_C27,-0.22124035172529022,-0.1720800594678118,-0.22124035172529022,0.2856826186180115,0,momentum_factor,0.3417869508266449,quality_factor,0.31537961959838867,volatility_factor,0.2700245976448059
2022-12-23,600329.SH,pca,3,cn_a,INDUSTRY_C27,-0.23410738784215596,-0.18208800025663324,-0.23410738784215596,0.2856826186180115,0,momentum_factor,0.46300795674324036,quality_factor,0.19913776218891144,volatility_factor,0.18685463070869446
2022-12-26,688235.SH,pca,3,cn_a,INDUSTRY_C27,0.7407521657268398,0.6895566259623761,0.7407521657268398,0.07424408942461014,1,quality_factor,0.510139524936676,momentum_factor,0.29468104243278503,volatility_factor,0.0982092022895813
2022-12-26,688192.SH,pca,3,cn_a,INDUSTRY_C27,0.7109544960102654,0.6618183599916773,0.7109544960102654,0.07424408942461014,1,quality_factor,0.5502676367759705,momentum_factor,0.2666066586971283,value_factor,0.1450996845960617
2022-12-26,688266.SH,pca,3,cn_a,INDUSTRY_C27,0.7015743903458204,0.6530865407511642,0.7015743903458204,0.07424408942461014,1,quality_factor,0.5459542870521545,momentum_factor,0.26518890261650085,value_factor,0.17624005675315857
2022-12-26,688578.SH,pca,3,cn_a,INDUSTRY_C27,0.6087619619523275,0.5666886496189876,0.6087619619523275,0.07424408942461014,1,quality_factor,0.5633789300918579,momentum_factor,0.22348785400390625,value_factor,0.11073526740074158
2022-12-26,688180.SH,pca,3,cn_a,INDUSTRY_C27,0.556196281884448,0.5177559368088152,0.556196281884448,0.07424408942461014,1,quality_factor,0.47955626249313354,volatility_factor,0.23729310929775238,momentum_factor,0.17140817642211914
2022-12-26,688520.SH,pca,3,cn_a,INDUSTRY_C27,0.5493570288710535,0.5113893644918894,0.5493570288710535,0.07424408942461014,1,momentum_factor,0.3577864468097687,quality_factor,0.33102014660835266,value_factor,0.19864387810230255
2022-12-26,600332.SH,pca,3,cn_a,INDUSTRY_C27,-0.04558572651034539,-0.04243516417353144,-0.04558572651034539,0.07424408942461014,0,value_factor,0.4592461884021759,volatility_factor,0.3822821080684662,quality_factor,0.15165963768959045
2022-12-26,603087.SH,pca,3,cn_a,INDUSTRY_C27,-0.054655121490305075,-0.05087774684997182,-0.054655121490305075,0.07424408942461014,0,value_factor,0.44297561049461365,volatility_factor,0.3786175847053528,quality_factor,0.15855734050273895
2022-12-26,603858.SH,pca,3,cn_a,INDUSTRY_C27,-0.0551024192243357,-0.05129413053475812,-0.0551024192243357,0.07424408942461014,0,value_factor,0.4640047550201416,volatility_factor,0.34098920226097107,quality_factor,0.13912445306777954
2022-12-26,002262.SZ,pca,3,cn_a,INDUSTRY_C27,-0.060210269367168,-0.056048962276568665,-0.060210269367168,0.07424408942461014,1,momentum_factor,0.4584720730781555,value_factor,0.334881991147995,quality_factor,0.13937532901763916
2022-12-26,002773.SZ,pca,3,cn_a,INDUSTRY_C27,-0.06054441299901203,-0.05636001226875478,-0.06054441299901203,0.07424408942461014,0,value_factor,0.3917110860347748,volatility_factor,0.36947405338287354,quality_factor,0.17600147426128387
2022-12-26,600521.SH,pca,3,cn_a,INDUSTRY_C27,-0.07641579362967717,-0.0711344755554161,-0.07641579362967717,0.07424408942461014,1,momentum_factor,0.3687804043292999,volatility_factor,0.3204769790172577,quality_factor,0.2590867578983307
2022-12-26,600535.SH,pca,3,cn_a,INDUSTRY_C27,-0.07902359167148072,-0.07356204107880934,-0.07902359167148072,0.07424408942461014,0,value_factor,0.46453574299812317,volatility_factor,0.23499256372451782,momentum_factor,0.2029048502445221
2022-12-26,600380.SH,pca,3,cn_a,INDUSTRY_C27,-0.08581718248931937,-0.07988610704751456,-0.08581718248931937,0.07424408942461014,0,value_factor,0.4457545280456543,volatility_factor,0.25564059615135193,momentum_factor,0.15737347304821014
2022-12-26,600161.SH,pca,3,cn_a,INDUSTRY_C27,-0.0895522588642161,-0.08336304141497389,-0.0895522588642161,0.07424408942461014,1,momentum_factor,0.3880172669887543,quality_factor,0.2976585030555725,volatility_factor,0.22830362617969513
2022-12-26,688336.SH,pca,3,cn_a,INDUSTRY_C27,-0.0898531482055136,-0.08364313541749302,-0.0898531482055136,0.07424408942461014,0,value_factor,0.4463529586791992,volatility_factor,0.24960827827453613,momentum_factor,0.1661304235458374
2022-12-26,002821.SZ,pca,3,cn_a,INDUSTRY_C27,-0.09142129251180431,-0.0851029007032373,-0.09142129251180431,0.07424408942461014,1,volatility_factor,0.31457582116127014,quality_factor,0.2993223965167999,value_factor,0.20565275847911835
2022-12-26,300558.SZ,pca,3,cn_a,INDUSTRY_C27,-0.09660970903807645,-0.0899327306510622,-0.09660970903807645,0.07424408942461014,1,quality_factor,0.32551780343055725,volatility_factor,0.3001624047756195,momentum_factor,0.25526541471481323
2022-12-26,002007.SZ,pca,3,cn_a,INDUSTRY_C27,-0.10550137891502245,-0.09820987132401862,-0.10550137891502245,0.07424408942461014,1,quality_factor,0.4030078053474426,momentum_factor,0.3132881224155426,value_factor,0.14500415325164795
2022-12-26,688278.SH,pca,3,cn_a,INDUSTRY_C27,-0.1102253816957299,-0.10260738451293415,-0.1102253816957299,0.07424408942461014,0,momentum_factor,0.3847455382347107,value_factor,0.2812213599681854,quality_factor,0.2658235430717468
2022-12-26,600062.SH,pca,3,cn_a,INDUSTRY_C27,-0.11054700821876515,-0.10290678249015987,-0.11054700821876515,0.07424408942461014,1,quality_factor,0.3830142617225647,value_factor,0.2937464118003845,momentum_factor,0.1873091608285904
2022-12-26,600085.SH,pca,3,cn_a,INDUSTRY_C27,-0.11395950447697632,-0.10608343119237787,-0.11395950447697632,0.07424408942461014,0,quality_factor,0.46327492594718933,momentum_factor,0.2921214997768402,volatility_factor,0.23691891133785248
2022-12-26,688166.SH,pca,3,cn_a,INDUSTRY_C27,-0.11592363294934284,-0.10791181302509617,-0.11592363294934284,0.07424408942461014,1,quality_factor,0.4596692621707916,volatility_factor,0.25202253460884094,momentum_factor,0.16175954043865204
2022-12-26,603707.SH,pca,3,cn_a,INDUSTRY_C27,-0.11665740063291143,-0.10859486788680597,-0.11665740063291143,0.07424408942461014,1,quality_factor,0.513086199760437,volatility_factor,0.22855140268802643,momentum_factor,0.20847059786319733
2022-12-26,603658.SH,pca,3,cn_a,INDUSTRY_C27,-0.12119008981473907,-0.11281428971689997,-0.12119008981473907,0.07424408942461014,0,quality_factor,0.5793514847755432,volatility_factor,0.20419244468212128,momentum_factor,0.17380724847316742
2022-12-26,600276.SH,pca,3,cn_a,INDUSTRY_C27,-0.13243445450224992,-0.12328152360936179,-0.13243445450224992,0.07424408942461014,0,quality_factor,0.4921187162399292,value_factor,0.26879262924194336,momentum_factor,0.22403135895729065
2022-12-26,300601.SZ,pca,3,cn_a,INDUSTRY_C27,-0.16854923167910843,-0.15690030334390648,-0.16854923167910843,0.07424408942461014,1,momentum_factor,0.39733096957206726,quality_factor,0.3346635699272156,volatility_factor,0.17735914885997772
2022-12-26,002294.SZ,pca,3,cn_a,INDUSTRY_C27,-0.1763651479530734,-0.1641760388787347,-0.1763651479530734,0.07424408942461014,0,momentum_factor,0.3585900366306305,quality_factor,0.31884774565696716,volatility_factor,0.267275869846344
2022-12-26,300142.SZ,pca,3,cn_a,INDUSTRY_C27,-0.1786370977467444,-0.16629096760465004,-0.1786370977467444,0.07424408942461014,0,volatility_factor,0.2982008159160614,quality_factor,0.27682194113731384,value_factor,0.2628730535507202
2022-12-26,600566.SH,pca,3,cn_a,INDUSTRY_C27,-0.19671675216833295,-0.18312108444849828,-0.19671675216833295,0.07424408942461014,1,momentum_factor,0.4754370152950287,value_factor,0.236229807138443,quality_factor,0.15685729682445526
2022-12-26,600329.SH,pca,3,cn_a,INDUSTRY_C27,-0.20258068026514536,-0.1885797393946588,-0.20258068026514536,0.07424408942461014,0,momentum_factor,0.4768063426017761,volatility_factor,0.2940855622291565,quality_factor,0.2017587423324585
2022-12-26,002603.SZ,pca,3,cn_a,INDUSTRY_C27,-0.2175631564480966,-0.20252673300910243,-0.2175631564480966,0.07424408942461014,0,momentum_factor,0.46226388216018677,volatility_factor,0.26831135153770447,quality_factor,0.22403113543987274
2022-12-27,688235.SH,pca,3,cn_a,INDUSTRY_C27,1.0677345342797049,0.696235385980578,1.0677345342797049,0.5335826277732849,1,quality_factor,0.5195083618164062,momentum_factor,0.29715973138809204,volatility_factor,0.14924733340740204
2022-12-27,688192.SH,pca,3,cn_a,INDUSTRY_C27,1.0216505123049335,0.6661854758230994,1.0216505123049335,0.5335826277732849,1,quality_factor,0.5504953861236572,momentum_factor,0.27006635069847107,value_factor,0.11566584557294846
2022-12-27,688266.SH,pca,3,cn_a,INDUSTRY_C27,0.9575345771258204,0.624377534388434,0.9575345771258204,0.5335826277732849,1,quality_factor,0.5207086801528931,value_factor,0.21862976253032684,momentum_factor,0.1855117678642273
2022-12-27,688578.SH,pca,3,cn_a,INDUSTRY_C27,0.8284886719345962,0.5402308455575483,0.8284886719345962,0.5335826277732849,1,quality_factor,0.5070571899414062,momentum_factor,0.26378655433654785,volatility_factor,0.16058768332004547
2022-12-27,688520.SH,pca,3,cn_a,INDUSTRY_C27,0.7645323279596933,0.49852696841985483,0.7645323279596933,0.5335826277732849,1,momentum_factor,0.3648088276386261,quality_factor,0.32426056265830994,value_factor,0.17565128207206726
2022-12-27,688180.SH,pca,3,cn_a,INDUSTRY_C27,0.7419066751141514,0.48377350710879474,0.7419066751141514,0.5335826277732849,1,quality_factor,0.41421347856521606,volatility_factor,0.260804682970047,momentum_factor,0.23207546770572662
2022-12-27,600332.SH,pca,3,cn_a,INDUSTRY_C27,-0.06619660013101054,-0.04316467620287978,-0.06619660013101054,0.5335826277732849,0,value_factor,0.4704349637031555,volatility_factor,0.36232033371925354,quality_factor,0.13508154451847076
2022-12-27,002262.SZ,pca,3,cn_a,INDUSTRY_C27,-0.06947369847690653,-0.04530156674870295,-0.06947369847690653,0.5335826277732849,1,momentum_factor,0.4675289988517761,value_factor,0.2523097097873688,quality_factor,0.14110633730888367
2022-12-27,603858.SH,pca,3,cn_a,INDUSTRY_C27,-0.08910637037025342,-0.058103401338342325,-0.08910637037025342,0.5335826277732849,0,value_factor,0.4687533378601074,volatility_factor,0.29937031865119934,momentum_factor,0.1174711138010025
2022-12-27,002007.SZ,pca,3,cn_a,INDUSTRY_C27,-0.109781201937009,-0.07158479476884899,-0.109781201937009,0.5335826277732849,1,volatility_factor,0.3332890570163727,momentum_factor,0.26025813817977905,quality_factor,0.24105188250541687
2022-12-27,600161.SH,pca,3,cn_a,INDUSTRY_C27,-0.11248532874663264,-0.07334806898410964,-0.11248532874663264,0.5335826277732849,1,momentum_factor,0.3345755934715271,volatility_factor,0.32199132442474365,quality_factor,0.25974926352500916
2022-12-27,603087.SH,pca,3,cn_a,INDUSTRY_C27,-0.1203307965720929,-0.07846384649648766,-0.1203307965720929,0.5335826277732849,0,value_factor,0.43736979365348816,volatility_factor,0.2888299822807312,quality_factor,0.17000044882297516
2022-12-27,002773.SZ,pca,3,cn_a,INDUSTRY_C27,-0.1219104628847487,-0.07949389614797184,-0.1219104628847487,0.5335826277732849,0,value_factor,0.432017058134079,volatility_factor,0.3050888478755951,quality_factor,0.1865358054637909
2022-12-27,600535.SH,pca,3,cn_a,INDUSTRY_C27,-0.14187814132131904,-0.09251417774146742,-0.14187814132131904,0.5335826277732849,0,value_factor,0.4544324278831482,momentum_factor,0.26117828488349915,volatility_factor,0.18634705245494843
2022-12-27,002821.SZ,pca,3,cn_a,INDUSTRY_C27,-0.14727951614290538,-0.09603624072903376,-0.14727951614290538,0.5335826277732849,1,quality_factor,0.4173780381679535,volatility_factor,0.26684892177581787,momentum_factor,0.20452238619327545
2022-12-27,600062.SH,pca,3,cn_a,INDUSTRY_C27,-0.1554473781146203,-0.10136224110641157,-0.1554473781146203,0.5335826277732849,1,value_factor,0.4301905632019043,momentum_factor,0.21327249705791473,volatility_factor,0.20495761930942535
2022-12-27,603658.SH,pca,3,cn_a,INDUSTRY_C27,-0.1700703512679307,-0.11089741209762319,-0.1700703512679307,0.5335826277732849,0,quality_factor,0.41491764783859253,momentum_factor,0.29058924317359924,value_factor,0.27015209197998047
2022-12-27,688336.SH,pca,3,cn_a,INDUSTRY_C27,-0.1784970068578372,-0.11639216347898765,-0.1784970068578372,0.5335826277732849,0,value_factor,0.42459484934806824,momentum_factor,0.30328163504600525,volatility_factor,0.1364211142063141
2022-12-27,600380.SH,pca,3,cn_a,INDUSTRY_C27,-0.1836675333595472,-0.11976369769378137,-0.1836675333595472,0.5335826277732849,0,value_factor,0.4164341986179352,momentum_factor,0.3323293626308441,quality_factor,0.14100739359855652
2022-12-27,600085.SH,pca,3,cn_a,INDUSTRY_C27,-0.18451089045323688,-0.12031362375947766,-0.18451089045323688,0.5335826277732849,0,quality_factor,0.6117230653762817,momentum_factor,0.18450720608234406,value_factor,0.11250900477170944
2022-12-27,688166.SH,pca,3,cn_a,INDUSTRY_C27,-0.1874425141085283,-0.1222252413588546,-0.1874425141085283,0.5335826277732849,1,quality_factor,0.5019252300262451,value_factor,0.2430058866739273,volatility_factor,0.18744465708732605
2022-12-27,688278.SH,pca,3,cn_a,INDUSTRY_C27,-0.18953986987750485,-0.1235928596726493,-0.18953986987750485,0.5335826277732849,0,value_factor,0.3744029402732849,momentum_factor,0.2710689306259155,quality_factor,0.2699145972728729
2022-12-27,603707.SH,pca,3,cn_a,INDUSTRY_C27,-0.19227687223467896,-0.12537757097625285,-0.19227687223467896,0.5335826277732849,1,quality_factor,0.9112107157707214,volatility_factor,0.0405331514775753,value_factor,0.0307803712785244
2022-12-27,600521.SH,pca,3,cn_a,INDUSTRY_C27,-0.1923308583140087,-0.1254127735641368,-0.1923308583140087,0.5335826277732849,1,quality_factor,0.6668469309806824,value_factor,0.211610347032547,volatility_factor,0.08599778264760971
2022-12-27,300558.SZ,pca,3,cn_a,INDUSTRY_C27,-0.20683788303435346,-0.1348723383073646,-0.20683788303435346,0.5335826277732849,1,quality_factor,0.5567985773086548,momentum_factor,0.27054959535598755,value_factor,0.1481741964817047
2022-12-27,600276.SH,pca,3,cn_a,INDUSTRY_C27,-0.24188713355471358,-0.1577268285209221,-0.24188713355471358,0.5335826277732849,0,quality_factor,0.3193933367729187,volatility_factor,0.27842891216278076,value_factor,0.2605852782726288
2022-12-27,002294.SZ,pca,3,cn_a,INDUSTRY_C27,-0.2732545833636871,-0.1781805347782642,-0.2732545833636871,0.5335826277732849,0,momentum_factor,0.38895729184150696,volatility_factor,0.29661718010902405,quality_factor,0.2556384801864624
2022-12-27,300601.SZ,pca,3,cn_a,INDUSTRY_C27,-0.2927850345035535,-0.19091571449867364,-0.2927850345035535,0.5335826277732849,1,momentum_factor,0.45879843831062317,volatility_factor,0.3116055727005005,quality_factor,0.21746335923671722
2022-12-27,600566.SH,pca,3,cn_a,INDUSTRY_C27,-0.2985707045387601,-0.1946883640485318,-0.2985707045387601,0.5335826277732849,1,momentum_factor,0.48651766777038574,value_factor,0.20708025991916656,volatility_factor,0.16349031031131744
2022-12-27,600329.SH,pca,3,cn_a,INDUSTRY_C27,-0.3068452801674831,-0.20008394897318335,-0.3068452801674831,0.5335826277732849,0,momentum_factor,0.48991528153419495,volatility_factor,0.3060973584651947,quality_factor,0.17763760685920715
2022-12-27,300142.SZ,pca,3,cn_a,INDUSTRY_C27,-0.30895379934951916,-0.20145884658997973,-0.30895379934951916,0.5335826277732849,0,volatility_factor,0.33460259437561035,momentum_factor,0.3046572804450989,quality_factor,0.18716782331466675
2022-12-27,002603.SZ,pca,3,cn_a,INDUSTRY_C27,-0.34221399131048486,-0.22314674919523989,-0.34221399131048486,0.5335826277732849,0,momentum_factor,0.4867880344390869,volatility_factor,0.2948678731918335,quality_factor,0.1802818924188614
2022-12-28,688235.SH,pca,3,cn_a,INDUSTRY_C27,0.8907894469796027,0.6729283874059471,0.8907894469796027,0.3237507939338684,1,quality_factor,0.5502577424049377,momentum_factor,0.2700081765651703,value_factor,0.11733269691467285
2022-12-28,688192.SH,pca,3,cn_a,INDUSTRY_C27,0.884121395736044,0.6678911465790798,0.884121395736044,0.3237507939338684,1,quality_factor,0.5183046460151672,momentum_factor,0.28174683451652527,value_factor,0.16595295071601868
2022-12-28,688266.SH,pca,3,cn_a,INDUSTRY_C27,0.815627989997227,0.6161492257154632,0.815627989997227,0.3237507939338684,1,quality_factor,0.5433875918388367,value_factor,0.2095308154821396,momentum_factor,0.1598512828350067
2022-12-28,688578.SH,pca,3,cn_a,INDUSTRY_C27,0.7577383940026393,0.5724177326984476,0.7577383940026393,0.3237507939338684,1,quality_factor,0.6092599034309387,momentum_factor,0.199671670794487,volatility_factor,0.11994019150733948
2022-12-28,688520.SH,pca,3,cn_a,INDUSTRY_C27,0.6976658118915415,0.5270371481569494,0.6976658118915415,0.3237507939338684,1,momentum_factor,0.3483565151691437,quality_factor,0.3408565819263458,value_factor,0.2256273776292801
2022-12-28,688180.SH,pca,3,cn_a,INDUSTRY_C27,0.6438083625553646,0.48635165659159973,0.6438083625553646,0.3237507939338684,1,quality_factor,0.40197667479515076,volatility_factor,0.2675297260284424,momentum_factor,0.1992887407541275
2022-12-28,002262.SZ,pca,3,cn_a,INDUSTRY_C27,-0.048738187042838464,-0.03681825118498255,-0.048738187042838464,0.3237507939338684,1,momentum_factor,0.47696757316589355,value_factor,0.29123902320861816,quality_factor,0.11885874718427658
2022-12-28,600332.SH,pca,3,cn_a,INDUSTRY_C27,-0.054567979417822134,-0.041222246758921,-0.054567979417822134,0.3237507939338684,0,value_factor,0.4712468683719635,volatility_factor,0.37175604701042175,quality_factor,0.13714401423931122
2022-12-28,603858.SH,pca,3,cn_a,INDUSTRY_C27,-0.06859680183856061,-0.05182002929979129,-0.06859680183856061,0.3237507939338684,0,value_factor,0.47234612703323364,volatility_factor,0.31634777784347534,quality_factor,0.11411190778017044
2022-12-28,600161.SH,pca,3,cn_a,INDUSTRY_C27,-0.08594817291407482,-0.06492776221773114,-0.08594817291407482,0.3237507939338684,1,momentum_factor,0.36872154474258423,volatility_factor,0.32921403646469116,quality_factor,0.2369571030139923
2022-12-28,002007.SZ,pca,3,cn_a,INDUSTRY_C27,-0.09289329884032321,-0.07017431335922505,-0.09289329884032321,0.3237507939338684,1,momentum_factor,0.32810354232788086,volatility_factor,0.32438868284225464,quality_factor,0.25477004051208496
2022-12-28,600521.SH,pca,3,cn_a,INDUSTRY_C27,-0.09954204370600181,-0.07519696958388632,-0.09954204370600181,0.3237507939338684,1,momentum_factor,0.4247731566429138,value_factor,0.23049557209014893,quality_factor,0.2123556286096573
2022-12-28,002773.SZ,pca,3,cn_a,INDUSTRY_C27,-0.10205106721631146,-0.07709235928622407,-0.10205106721631146,0.3237507939338684,0,value_factor,0.43367820978164673,volatility_factor,0.3150522708892822,quality_factor,0.18719233572483063
2022-12-28,603087.SH,pca,3,cn_a,INDUSTRY_C27,-0.10797674149123657,-0.08156878685015498,-0.10797674149123657,0.3237507939338684,0,value_factor,0.4354492723941803,volatility_factor,0.2735525965690613,quality_factor,0.16776326298713684
2022-12-28,002821.SZ,pca,3,cn_a,INDUSTRY_C27,-0.11180145745932442,-0.08445808909483016,-0.11180145745932442,0.3237507939338684,1,momentum_factor,0.3626481294631958,quality_factor,0.34476736187934875,volatility_factor,0.24688567221164703
2022-12-28,600535.SH,pca,3,cn_a,INDUSTRY_C27,-0.11504241336403986,-0.0869064019234215,-0.11504241336403986,0.3237507939338684,0,value_factor,0.4573811888694763,momentum_factor,0.24376170337200165,volatility_factor,0.20084181427955627
2022-12-28,688166.SH,pca,3,cn_a,INDUSTRY_C27,-0.11917553373853267,-0.09002868187183426,-0.11917553373853267,0.3237507939338684,1,quality_factor,0.34988123178482056,momentum_factor,0.3474986255168915,volatility_factor,0.28570738434791565
2022-12-28,600380.SH,pca,3,cn_a,INDUSTRY_C27,-0.12882374046486894,-0.09731721926496006,-0.12882374046486894,0.3237507939338684,0,value_factor,0.43314188718795776,momentum_factor,0.2346375435590744,volatility_factor,0.19165244698524475
2022-12-28,300558.SZ,pca,3,cn_a,INDUSTRY_C27,-0.14209717101762698,-0.10734435670748167,-0.14209717101762698,0.3237507939338684,1,quality_factor,0.4839770495891571,volatility_factor,0.24224764108657837,momentum_factor,0.16701804101467133
2022-12-28,603658.SH,pca,3,cn_a,INDUSTRY_C27,-0.14604472937857224,-0.11032645768659508,-0.14604472937857224,0.3237507939338684,0,quality_factor,0.4298100471496582,momentum_factor,0.28558915853500366,value_factor,0.23342454433441162
2022-12-28,600062.SH,pca,3,cn_a,INDUSTRY_C27,-0.1528428501489281,-0.11546195683613898,-0.1528428501489281,0.3237507939338684,1,value_factor,0.41404014825820923,momentum_factor,0.28205636143684387,quality_factor,0.15906718373298645
2022-12-28,688336.SH,pca,3,cn_a,INDUSTRY_C27,-0.15464570322474366,-0.11682388474980251,-0.15464570322474366,0.3237507939338684,0,value_factor,0.4248480200767517,momentum_factor,0.30618804693222046,volatility_factor,0.13449081778526306
2022-12-28,603707.SH,pca,3,cn_a,INDUSTRY_C27,-0.15556543768789502,-0.11751867904853233,-0.15556543768789502,0.3237507939338684,1,quality_factor,0.4004264771938324,value_factor,0.31617096066474915,momentum_factor,0.2226567268371582
2022-12-28,688278.SH,pca,3,cn_a,INDUSTRY_C27,-0.15757769244852787,-0.11903879511604296,-0.15757769244852787,0.3237507939338684,0,value_factor,0.3842465877532959,momentum_factor,0.29630881547927856,quality_factor,0.24241173267364502
2022-12-28,300142.SZ,pca,3,cn_a,INDUSTRY_C27,-0.18810578162799474,-0.14210060606562191,-0.18810578162799474,0.3237507939338684,0,quality_factor,0.5211499333381653,value_factor,0.26185154914855957,volatility_factor,0.1856648027896881
2022-12-28,600276.SH,pca,3,cn_a,INDUSTRY_C27,-0.20503937795243363,-0.15489273972439532,-0.20503937795243363,0.3237507939338684,0,quality_factor,0.31479066610336304,value_factor,0.30805066227912903,volatility_factor,0.2831365466117859
2022-12-28,600085.SH,pca,3,cn_a,INDUSTRY_C27,-0.2092027130204961,-0.158037844735553,-0.2092027130204961,0.3237507939338684,0,quality_factor,0.36763671040534973,momentum_factor,0.27525603771209717,volatility_factor,0.24786052107810974
2022-12-28,002294.SZ,pca,3,cn_a,INDUSTRY_C27,-0.20923301717322168,-0.1580607373783593,-0.20923301717322168,0.3237507939338684,0,quality_factor,0.33058270812034607,momentum_factor,0.2852769196033478,volatility_factor,0.2653370499610901
2022-12-28,600329.SH,pca,3,cn_a,INDUSTRY_C27,-0.2119540684493515,-0.16011629905289815,-0.2119540684493515,0.3237507939338684,0,momentum_factor,0.42775633931159973,quality_factor,0.2818252742290497,volatility_factor,0.21440668404102325
2022-12-28,300601.SZ,pca,3,cn_a,INDUSTRY_C27,-0.2356978956006455,-0.17805308015189075,-0.2356978956006455,0.3237507939338684,1,momentum_factor,0.41038522124290466,volatility_factor,0.3009667694568634,quality_factor,0.2443181276321411
2022-12-28,600566.SH,pca,3,cn_a,INDUSTRY_C27,-0.2823574760181744,-0.21330109113121795,-0.2823574760181744,0.3237507939338684,1,momentum_factor,0.5025756359100342,volatility_factor,0.23051831126213074,value_factor,0.1381116509437561
2022-12-28,002603.SZ,pca,3,cn_a,INDUSTRY_C27,-0.3220457532995263,-0.24328277593947067,-0.3220457532995263,0.3237507939338684,0,momentum_factor,0.47903361916542053,volatility_factor,0.3448135554790497,quality_factor,0.14767132699489594
2022-12-29,688192.SH,pca,3,cn_a,INDUSTRY_C27,0.943209116296941,0.6927076034920083,0.943209116296941,0.36162662506103516,1,quality_factor,0.45719999074935913,momentum_factor,0.3172592222690582,value_factor,0.15191137790679932
2022-12-29,688235.SH,pca,3,cn_a,INDUSTRY_C27,0.9211875484362819,0.6765346178472307,0.9211875484362819,0.36162662506103516,1,quality_factor,0.5449283123016357,momentum_factor,0.27471843361854553,value_factor,0.1028633862733841
2022-12-29,688266.SH,pca,3,cn_a,INDUSTRY_C27,0.8974468395959905,0.6590990680398617,0.8974468395959905,0.36162662506103516,1,quality_factor,0.5251456499099731,momentum_factor,0.2767331302165985,value_factor,0.17596682906150818
2022-12-29,688578.SH,pca,3,cn_a,INDUSTRY_C27,0.8056035852436353,0.5916479381471583,0.8056035852436353,0.36162662506103516,1,quality_factor,0.7357465028762817,momentum_factor,0.1265464574098587,volatility_factor,0.11445223540067673
2022-12-29,688180.SH,pca,3,cn_a,INDUSTRY_C27,0.7982868398076307,0.5862744052701285,0.7982868398076307,0.36162662506103516,1,quality_factor,0.5776530504226685,value_factor,0.20649509131908417,volatility_factor,0.15853866934776306
2022-12-29,688520.SH,pca,3,cn_a,INDUSTRY_C27,0.7672844045193875,0.5635057293955263,0.7672844045193875,0.36162662506103516,1,quality_factor,0.3845970928668976,momentum_factor,0.3168596923351288,value_factor,0.2599676549434662
2022-12-29,002007.SZ,pca,3,cn_a,INDUSTRY_C27,-0.055956007901043985,-0.04109497190431022,-0.055956007901043985,0.36162662506103516,1,momentum_factor,0.4644823968410492,volatility_factor,0.3266042470932007,quality_factor,0.19096648693084717
2022-12-29,603858.SH,pca,3,cn_a,INDUSTRY_C27,-0.0578731858953874,-0.04250297756390686,-0.0578731858953874,0.36162662506103516,0,value_factor,0.4764690399169922,volatility_factor,0.3451785445213318,quality_factor,0.11731640994548798
2022-12-29,002262.SZ,pca,3,cn_a,INDUSTRY_C27,-0.06647104728508364,-0.048817382138149706,-0.06647104728508364,0.36162662506103516,1,momentum_factor,0.4681606888771057,value_factor,0.3506094515323639,quality_factor,0.12123619765043259
2022-12-29,600161.SH,pca,3,cn_a,INDUSTRY_C27,-0.08234830941537721,-0.06047789305800769,-0.08234830941537721,0.36162662506103516,1,momentum_factor,0.4391278326511383,volatility_factor,0.2992075979709625,quality_factor,0.2276904582977295
2022-12-29,002821.SZ,pca,3,cn_a,INDUSTRY_C27,-0.08517745349596517,-0.06255566094864448,-0.08517745349596517,0.36162662506103516,1,momentum_factor,0.4335483908653259,volatility_factor,0.2435363233089447,quality_factor,0.2236347645521164
2022-12-29,600332.SH,pca,3,cn_a,INDUSTRY_C27,-0.09419929593482015,-0.06918144387092728,-0.09419929593482015,0.36162662506103516,0,value_factor,0.45909398794174194,volatility_factor,0.271514356136322,momentum_factor,0.14743128418922424
2022-12-29,600521.SH,pca,3,cn_a,INDUSTRY_C27,-0.09445265130406885,-0.069367512037182,-0.09445265130406885,0.36162662506103516,1,momentum_factor,0.43588900566101074,value_factor,0.22802044451236725,quality_factor,0.19542889297008514
2022-12-29,600380.SH,pca,3,cn_a,INDUSTRY_C27,-0.10484248123364244,-0.07699796647920487,-0.10484248123364244,0.36162662506103516,0,value_factor,0.4446569085121155,volatility_factor,0.26672127842903137,quality_factor,0.1475108414888382
2022-12-29,600535.SH,pca,3,cn_a,INDUSTRY_C27,-0.11092134963606626,-0.08146238300172354,-0.11092134963606626,0.36162662506103516,0,value_factor,0.4574590027332306,momentum_factor,0.2288404107093811,volatility_factor,0.21173088252544403
2022-12-29,002773.SZ,pca,3,cn_a,INDUSTRY_C27,-0.11721349387347434,-0.08608343265043031,-0.11721349387347434,0.36162662506103516,0,value_factor,0.41968005895614624,volatility_factor,0.2790691554546356,quality_factor,0.19990181922912598
2022-12-29,603658.SH,pca,3,cn_a,INDUSTRY_C27,-0.1286487118600255,-0.0944816365163679,-0.1286487118600255,0.36162662506103516,0,momentum_factor,0.37298092246055603,quality_factor,0.2927442491054535,value_factor,0.2344570755958557
2022-12-29,300558.SZ,pca,3,cn_a,INDUSTRY_C27,-0.1308229609138588,-0.09607843920354793,-0.1308229609138588,0.36162662506103516,1,quality_factor,0.40544214844703674,momentum_factor,0.3093545734882355,volatility_factor,0.26585015654563904
2022-12-29,603087.SH,pca,3,cn_a,INDUSTRY_C27,-0.13093292220713654,-0.09615919650606675,-0.13093292220713654,0.36162662506103516,0,value_factor,0.4211711585521698,volatility_factor,0.21323052048683167,momentum_factor,0.19391970336437225
2022-12-29,688278.SH,pca,3,cn_a,INDUSTRY_C27,-0.1481611514864635,-0.10881187893914908,-0.1481611514864635,0.36162662506103516,0,momentum_factor,0.3749176561832428,value_factor,0.35663288831710815,quality_factor,0.2667081654071808
2022-12-29,300142.SZ,pca,3,cn_a,INDUSTRY_C27,-0.1503303968799648,-0.11040500685951717,-0.1503303968799648,0.36162662506103516,0,quality_factor,0.3696667551994324,momentum_factor,0.32590678334236145,value_factor,0.22004131972789764
2022-12-29,603707.SH,pca,3,cn_a,INDUSTRY_C27,-0.1543657465447091,-0.1133686310942911,-0.1543657465447091,0.36162662506103516,1,quality_factor,0.4006614685058594,value_factor,0.3075362741947174,momentum_factor,0.2731998860836029
2022-12-29,688166.SH,pca,3,cn_a,INDUSTRY_C27,-0.17725804161870107,-0.13018109249351337,-0.17725804161870107,0.36162662506103516,1,quality_factor,0.3906885087490082,value_factor,0.34284213185310364,volatility_factor,0.17302057147026062
2022-12-29,002294.SZ,pca,3,cn_a,INDUSTRY_C27,-0.1822258992534647,-0.13382956524171696,-0.1822258992534647,0.36162662506103516,0,quality_factor,0.5560483336448669,value_factor,0.21491274237632751,volatility_factor,0.16662952303886414
2022-12-29,688336.SH,pca,3,cn_a,INDUSTRY_C27,-0.18413823926230377,-0.13523401780869976,-0.18413823926230377,0.36162662506103516,0,value_factor,0.406720906496048,momentum_factor,0.3925705850124359,quality_factor,0.14034906029701233
2022-12-29,600062.SH,pca,3,cn_a,INDUSTRY_C27,-0.19650612149252006,-0.14431718495788934,-0.19650612149252006,0.36162662506103516,1,value_factor,0.4073338806629181,momentum_factor,0.3862587511539459,quality_factor,0.14131049811840057
2022-12-29,600276.SH,pca,3,cn_a,INDUSTRY_C27,-0.21140077407279867,-0.15525605197630635,-0.21140077407279867,0.36162662506103516,0,value_factor,0.32307177782058716,quality_factor,0.30590811371803284,volatility_factor,0.2880534827709198
2022-12-29,600329.SH,pca,3,cn_a,INDUSTRY_C27,-0.21667845303625602,-0.15913206237909996,-0.21667845303625602,0.36162662506103516,0,momentum_factor,0.40227845311164856,quality_factor,0.29988494515419006,volatility_factor,0.27404481172561646
2022-12-29,600085.SH,pca,3,cn_a,INDUSTRY_C27,-0.2272990344765675,-0.16693198435832493,-0.2272990344765675,0.36162662506103516,0,volatility_factor,0.2914539575576782,quality_factor,0.2808993458747864,momentum_factor,0.2518155872821808
2022-12-29,300601.SZ,pca,3,cn_a,INDUSTRY_C27,-0.2322628879731603,-0.17057751640450558,-0.2322628879731603,0.36162662506103516,1,volatility_factor,0.3093172311782837,momentum_factor,0.3090771436691284,quality_factor,0.2379656732082367
2022-12-29,600566.SH,pca,3,cn_a,INDUSTRY_C27,-0.23964618891829198,-0.17599992869377815,-0.23964618891829198,0.36162662506103516,1,momentum_factor,0.4725019335746765,volatility_factor,0.18782582879066467,quality_factor,0.17981356382369995
2022-12-29,002603.SZ,pca,3,cn_a,INDUSTRY_C27,-0.3190451541702244,-0.23431177703059614,-0.3190451541702244,0.36162662506103516,0,momentum_factor,0.4995201528072357,volatility_factor,0.3325335681438446,quality_factor,0.16462324559688568
2022-12-30,688192.SH,pca,3,cn_a,INDUSTRY_C27,0.7382007597512429,0.6700779867498119,0.7382007597512429,0.10166392475366592,1,quality_factor,0.5067333579063416,momentum_factor,0.28705209493637085,value_factor,0.1749451458454132
2022-12-30,688266.SH,pca,3,cn_a,INDUSTRY_C27,0.7050157370731998,0.6399553502005848,0.7050157370731998,0.10166392475366592,1,quality_factor,0.6365452408790588,momentum_factor,0.2237234115600586,value_factor,0.10522987693548203
2022-12-30,688235.SH,pca,3,cn_a,INDUSTRY_C27,0.7033726970028854,0.6384639334444757,0.7033726970028854,0.10166392475366592,1,quality_factor,0.6037905812263489,momentum_factor,0.19209088385105133,value_factor,0.16837243735790253
2022-12-30,688578.SH,pca,3,cn_a,INDUSTRY_C27,0.6567455049995666,0.5961396002157897,0.6567455049995666,0.10166392475366592,1,quality_factor,0.7359374761581421,momentum_factor,0.1225307360291481,volatility_factor,0.08630379289388657
2022-12-30,688180.SH,pca,3,cn_a,INDUSTRY_C27,0.6530608293986013,0.5927949544999643,0.6530608293986013,0.10166392475366592,1,quality_factor,0.5392332673072815,value_factor,0.22425368428230286,volatility_factor,0.14968112111091614
2022-12-30,688520.SH,pca,3,cn_a,INDUSTRY_C27,0.6123245517685727,0.5558179092430491,0.6123245517685727,0.10166392475366592,1,quality_factor,0.3716449439525604,momentum_factor,0.3252001106739044,value_factor,0.25789332389831543
2022-12-30,002821.SZ,pca,3,cn_a,INDUSTRY_C27,-0.024842812663892298,-0.022550263834235584,-0.024842812663892298,0.10166392475366592,1,momentum_factor,0.4829384684562683,volatility_factor,0.34816572070121765,quality_factor,0.16464827954769135
2022-12-30,002007.SZ,pca,3,cn_a,INDUSTRY_C27,-0.02807914461160096,-0.02548794002506677,-0.02807914461160096,0.10166392475366592,1,momentum_factor,0.4809749722480774,volatility_factor,0.33841079473495483,quality_factor,0.16576062142848969
2022-12-30,600161.SH,pca,3,cn_a,INDUSTRY_C27,-0.05525633355535125,-0.05015715881466011,-0.05525633355535125,0.10166392475366592,1,momentum_factor,0.4555017948150635,volatility_factor,0.3012039065361023,quality_factor,0.2003265768289566
2022-12-30,600332.SH,pca,3,cn_a,INDUSTRY_C27,-0.05755032924652121,-0.05223945958995313,-0.05755032924652121,0.10166392475366592,0,value_factor,0.46967947483062744,volatility_factor,0.3201715350151062,quality_factor,0.12054982036352158
2022-12-30,600521.SH,pca,3,cn_a,INDUSTRY_C27,-0.06001769930810407,-0.05447913537136162,-0.06001769930810407,0.10166392475366592,1,momentum_factor,0.45463988184928894,volatility_factor,0.20747588574886322,quality_factor,0.17945444583892822
2022-12-30,603658.SH,pca,3,cn_a,INDUSTRY_C27,-0.06947190607580875,-0.06306088735893038,-0.06947190607580875,0.10166392475366592,0,momentum_factor,0.4355628192424774,volatility_factor,0.30332809686660767,quality_factor,0.23480750620365143
2022-12-30,002262.SZ,pca,3,cn_a,INDUSTRY_C27,-0.07510160172166415,-0.06817106243604647,-0.07510160172166415,0.10166392475366592,1,value_factor,0.4265792965888977,momentum_factor,0.4210050106048584,quality_factor,0.11919707804918289
2022-12-30,002773.SZ,pca,3,cn_a,INDUSTRY_C27,-0.08405854455872412,-0.0763014390909185,-0.08405854455872412,0.10166392475366592,0,value_factor,0.42828038334846497,volatility_factor,0.32896214723587036,quality_factor,0.20275110006332397
2022-12-30,600535.SH,pca,3,cn_a,INDUSTRY_C27,-0.08412304013083845,-0.07635998287124623,-0.08412304013083845,0.10166392475366592,0,value_factor,0.4605858325958252,volatility_factor,0.22585619986057281,momentum_factor,0.21208536624908447
2022-12-30,688278.SH,pca,3,cn_a,INDUSTRY_C27,-0.09488125252805246,-0.08612540401031585,-0.09488125252805246,0.10166392475366592,0,momentum_factor,0.41646602749824524,quality_factor,0.23413333296775818,value_factor,0.18742334842681885
2022-12-30,600380.SH,pca,3,cn_a,INDUSTRY_C27,-0.09723344831831224,-0.08826053405286657,-0.09723344831831224,0.10166392475366592,0,value_factor,0.43932485580444336,volatility_factor,0.22370845079421997,momentum_factor,0.19582827389240265
2022-12-30,603087.SH,pca,3,cn_a,INDUSTRY_C27,-0.10068828312049254,-0.09139654917912879,-0.10068828312049254,0.10166392475366592,0,value_factor,0.4256412386894226,volatility_factor,0.2340238392353058,quality_factor,0.1711898297071457
2022-12-30,300558.SZ,pca,3,cn_a,INDUSTRY_C27,-0.10244777486241603,-0.09299367119310276,-0.10244777486241603,0.10166392475366592,1,quality_factor,0.3671349883079529,momentum_factor,0.2927388548851013,volatility_factor,0.2818168103694916
2022-12-30,603707.SH,pca,3,cn_a,INDUSTRY_C27,-0.10960604530327142,-0.09949136085578397,-0.10960604530327142,0.10166392475366592,1,momentum_factor,0.3579826056957245,quality_factor,0.3101643919944763,value_factor,0.2660616636276245
2022-12-30,300142.SZ,pca,3,cn_a,INDUSTRY_C27,-0.1124361734289974,-0.10206031859753639,-0.1124361734289974,0.10166392475366592,0,momentum_factor,0.35563328862190247,quality_factor,0.33521178364753723,value_factor,0.15698206424713135
2022-12-30,688166.SH,pca,3,cn_a,INDUSTRY_C27,-0.13728745635858441,-0.1246182710429106,-0.13728745635858441,0.10166392475366592,1,quality_factor,0.38011106848716736,value_factor,0.3370871841907501,momentum_factor,0.15975143015384674
2022-12-30,600062.SH,pca,3,cn_a,INDUSTRY_C27,-0.13738046591002842,-0.12470269747048716,-0.13738046591002842,0.10166392475366592,1,value_factor,0.4257411062717438,momentum_factor,0.30327337980270386,volatility_factor,0.1369837075471878
2022-12-30,603858.SH,pca,3,cn_a,INDUSTRY_C27,-0.1386738311356768,-0.12587670813775703,-0.1386738311356768,0.10166392475366592,0,value_factor,0.431438148021698,momentum_factor,0.3500272333621979,quality_factor,0.11139284819364548
2022-12-30,688336.SH,pca,3,cn_a,INDUSTRY_C27,-0.13898759289983342,-0.1261615152833308,-0.13898759289983342,0.10166392475366592,0,value_factor,0.41580432653427124,momentum_factor,0.3490104079246521,quality_factor,0.13747847080230713
2022-12-30,002294.SZ,pca,3,cn_a,INDUSTRY_C27,-0.14827183876222158,-0.13458899072789104,-0.14827183876222158,0.10166392475366592,0,quality_factor,0.5061459541320801,value_factor,0.2614758312702179,volatility_factor,0.1921798586845398
2022-12-30,600329.SH,pca,3,cn_a,INDUSTRY_C27,-0.14942854009660073,-0.13563894914526356,-0.14942854009660073,0.10166392475366592,0,quality_factor,0.5010437369346619,momentum_factor,0.30214571952819824,volatility_factor,0.18070827424526215
2022-12-30,300601.SZ,pca,3,cn_a,INDUSTRY_C27,-0.16073827672235116,-0.14590499865652012,-0.16073827672235116,0.10166392475366592,1,quality_factor,0.39277151226997375,momentum_factor,0.245519757270813,volatility_factor,0.23686583340168
2022-12-30,600276.SH,pca,3,cn_a,INDUSTRY_C27,-0.16567451810208603,-0.15038571293668215,-0.16567451810208603,0.10166392475366592,0,value_factor,0.3586650490760803,quality_factor,0.32624635100364685,volatility_factor,0.2806321680545807
2022-12-30,600085.SH,pca,3,cn_a,INDUSTRY_C27,-0.1770079903302432,-0.16067330767728843,-0.1770079903302432,0.10166392475366592,0,quality_factor,0.304025799036026,volatility_factor,0.2821541130542755,momentum_factor,0.21306581795215607
2022-12-30,600566.SH,pca,3,cn_a,INDUSTRY_C27,-0.2166239492789728,-0.19663341969948855,-0.2166239492789728,0.10166392475366592,1,momentum_factor,0.49480435252189636,volatility_factor,0.2543843388557434,quality_factor,0.1523420512676239
2022-12-30,002603.SZ,pca,3,cn_a,INDUSTRY_C27,-0.26044066374899855,-0.23640663237941056,-0.26044066374899855,0.10166392475366592,0,momentum_factor,0.5020003318786621,volatility_factor,0.3369688391685486,quality_factor,0.16072937846183777
