trade_date,stock_code,model,rank,market_id,universe_id,total_score,stock_score,selection_signal,time_regime_score,cluster_label,top_factor_1,top_factor_1_score,top_factor_2,top_factor_2_score,top_factor_3,top_factor_3_score
2019-10-24,601717.SH,tucker,"(3, 2, 2)",cn_a,INDUSTRY_C35,1.0162994979102513,1.0162994979102513,1.0162994979102513,0.0,0,value_factor,0.4313146471977234,quality_factor,0.4004868268966675,volatility_factor,0.10921787470579147
2019-10-24,600582.SH,tucker,"(3, 2, 2)",cn_a,INDUSTRY_C35,0.6974109051283659,0.6974109051283659,0.6974109051283659,0.0,0,value_factor,0.39304494857788086,quality_factor,0.3515646755695343,momentum_factor,0.1324390321969986
2019-10-24,600499.SH,tucker,"(3, 2, 2)",cn_a,INDUSTRY_C35,0.5265249861188935,0.5265249861188935,0.5265249861188935,0.0,0,value_factor,0.37969157099723816,quality_factor,0.33449435234069824,momentum_factor,0.15807078778743744
2019-10-24,600528.SH,tucker,"(3, 2, 2)",cn_a,INDUSTRY_C35,0.3360183049006865,0.3360183049006865,0.3360183049006865,0.0,0,value_factor,0.3761047124862671,quality_factor,0.329909086227417,momentum_factor,0.164955735206604
2019-10-24,600031.SH,tucker,"(3, 2, 2)",cn_a,INDUSTRY_C35,0.2683781440366947,0.2683781440366947,0.2683781440366947,0.0,2,value_factor,0.4113074839115143,quality_factor,0.3749106228351593,volatility_factor,0.11639764159917831
2019-10-24,002430.SZ,tucker,"(3, 2, 2)",cn_a,INDUSTRY_C35,0.26182259767881666,0.26182259767881666,0.26182259767881666,0.0,2,value_factor,0.4014226794242859,quality_factor,0.3622744083404541,volatility_factor,0.11994487792253494
2019-10-24,002353.SZ,tucker,"(3, 2, 2)",cn_a,INDUSTRY_C35,-0.07831774958740739,-0.07831774958740739,-0.07831774958740739,0.0,2,momentum_factor,0.3849583566188812,quality_factor,0.30351680517196655,value_factor,0.250080406665802
2019-10-24,002595.SZ,tucker,"(3, 2, 2)",cn_a,INDUSTRY_C35,-0.11072485371737115,-0.11072485371737115,-0.11072485371737115,0.0,1,momentum_factor,0.535232663154602,volatility_factor,0.19825568795204163,value_factor,0.18320122361183167
2019-10-24,002432.SZ,tucker,"(3, 2, 2)",cn_a,INDUSTRY_C35,-0.24949135637417172,-0.24949135637417172,-0.24949135637417172,0.0,1,momentum_factor,0.5875295400619507,volatility_factor,0.20803284645080566,value_factor,0.15595607459545135
2019-10-24,002837.SZ,tucker,"(3, 2, 2)",cn_a,INDUSTRY_C35,-0.272906674070429,-0.272906674070429,-0.272906674070429,0.0,1,quality_factor,0.3365597724914551,momentum_factor,0.33276599645614624,value_factor,0.2941262423992157
2019-10-24,300724.SZ,tucker,"(3, 2, 2)",cn_a,INDUSTRY_C35,-0.2879666916318072,-0.2879666916318072,-0.2879666916318072,0.0,1,momentum_factor,0.3424738049507141,quality_factor,0.3304137885570526,value_factor,0.2859337329864502
2019-10-24,002223.SZ,tucker,"(3, 2, 2)",cn_a,INDUSTRY_C35,-0.297160330969823,-0.297160330969823,-0.297160330969823,0.0,2,momentum_factor,0.4318450689315796,quality_factor,0.2738327383995056,value_factor,0.2105119675397873
2019-10-24,002008.SZ,tucker,"(3, 2, 2)",cn_a,INDUSTRY_C35,-0.30543000826095723,-0.30543000826095723,-0.30543000826095723,0.0,1,momentum_factor,0.5022435784339905,quality_factor,0.22926346957683563,value_factor,0.15110169351100922
2019-10-24,688037.SH,tucker,"(3, 2, 2)",cn_a,INDUSTRY_C35,-0.33297840430765085,-0.33297840430765085,-0.33297840430765085,0.0,1,momentum_factor,0.4839099645614624,quality_factor,0.24087052047252655,value_factor,0.16657373309135437
2019-10-24,300751.SZ,tucker,"(3, 2, 2)",cn_a,INDUSTRY_C35,-0.38554386111299954,-0.38554386111299954,-0.38554386111299954,0.0,2,value_factor,0.4254840910434723,quality_factor,0.4204005002975464,momentum_factor,0.09068866819143295
2019-10-24,603338.SH,tucker,"(3, 2, 2)",cn_a,INDUSTRY_C35,-0.40069137860147486,-0.40069137860147486,-0.40069137860147486,0.0,2,quality_factor,0.40439215302467346,value_factor,0.39526551961898804,momentum_factor,0.16565163433551788
2019-10-24,300003.SZ,tucker,"(3, 2, 2)",cn_a,INDUSTRY_C35,-0.4009474838476445,-0.4009474838476445,-0.4009474838476445,0.0,1,momentum_factor,0.3544051945209503,quality_factor,0.3228600323200226,value_factor,0.2758646607398987
2019-10-24,300450.SZ,tucker,"(3, 2, 2)",cn_a,INDUSTRY_C35,-0.493537952059586,-0.493537952059586,-0.493537952059586,0.0,1,quality_factor,0.3558045029640198,value_factor,0.3197791874408722,momentum_factor,0.30236849188804626
2019-10-24,300529.SZ,tucker,"(3, 2, 2)",cn_a,INDUSTRY_C35,-0.5173937881775161,-0.5173937881775161,-0.5173937881775161,0.0,2,quality_factor,0.4101773798465729,value_factor,0.40618619322776794,momentum_factor,0.13856084644794464
2019-10-24,601106.SH,tucker,"(3, 2, 2)",cn_a,INDUSTRY_C35,-0.5196457021046428,-0.5196457021046428,-0.5196457021046428,0.0,2,momentum_factor,0.5459394454956055,quality_factor,0.20159964263439178,volatility_factor,0.13823479413986206
2019-10-24,300757.SZ,tucker,"(3, 2, 2)",cn_a,INDUSTRY_C35,-0.538093001436148,-0.538093001436148,-0.538093001436148,0.0,2,quality_factor,0.36404183506965637,value_factor,0.3307594358921051,momentum_factor,0.28935739398002625
2019-10-24,601608.SH,tucker,"(3, 2, 2)",cn_a,INDUSTRY_C35,-0.5505901131275016,-0.5505901131275016,-0.5505901131275016,0.0,1,momentum_factor,0.4519588351249695,quality_factor,0.26109880208969116,value_factor,0.19353775680065155
2019-10-24,688012.SH,tucker,"(3, 2, 2)",cn_a,INDUSTRY_C35,-0.5617609765012828,-0.5617609765012828,-0.5617609765012828,0.0,2,momentum_factor,0.38024452328681946,quality_factor,0.3065011501312256,value_factor,0.25405851006507874
2019-10-24,300604.SZ,tucker,"(3, 2, 2)",cn_a,INDUSTRY_C35,-0.87009815222116,-0.87009815222116,-0.87009815222116,0.0,0,quality_factor,0.3679453134536743,value_factor,0.33596271276474,momentum_factor,0.2831917703151703
2019-10-25,601717.SH,tucker,"(3, 2, 2)",cn_a,INDUSTRY_C35,1.0750190849190797,1.0149836676900494,1.0750190849190797,0.05914920195937157,0,value_factor,0.4319314956665039,quality_factor,0.4012753963470459,volatility_factor,0.10899651050567627
2019-10-25,600582.SH,tucker,"(3, 2, 2)",cn_a,INDUSTRY_C35,0.7395416822887386,0.6982413053211936,0.7395416822887386,0.05914920195937157,0,value_factor,0.39387696981430054,quality_factor,0.35262826085090637,momentum_factor,0.13084201514720917
2019-10-25,600499.SH,tucker,"(3, 2, 2)",cn_a,INDUSTRY_C35,0.5609833274353595,0.5296547039778079,0.5609833274353595,0.05914920195937157,0,value_factor,0.3811062276363373,quality_factor,0.336302787065506,momentum_factor,0.15535537898540497
2019-10-25,600528.SH,tucker,"(3, 2, 2)",cn_a,INDUSTRY_C35,0.3575750199725909,0.3376059181995287,0.3575750199725909,0.05914920195937157,0,value_factor,0.37726470828056335,quality_factor,0.33139193058013916,momentum_factor,0.1627291887998581
2019-10-25,600031.SH,tucker,"(3, 2, 2)",cn_a,INDUSTRY_C35,0.2882449822817271,0.27214767943546136,0.2882449822817271,0.05914920195937157,2,value_factor,0.4153810739517212,quality_factor,0.38011813163757324,volatility_factor,0.11493578553199768
2019-10-25,002430.SZ,tucker,"(3, 2, 2)",cn_a,INDUSTRY_C35,0.27993385759095407,0.2643006970519764,0.27993385759095407,0.05914920195937157,2,value_factor,0.4040711522102356,quality_factor,0.36566007137298584,volatility_factor,0.11899444460868835
2019-10-25,002353.SZ,tucker,"(3, 2, 2)",cn_a,INDUSTRY_C35,-0.07833130504122593,-0.07395682216346527,-0.07833130504122593,0.05914920195937157,2,momentum_factor,0.3562944531440735,quality_factor,0.32166391611099243,value_factor,0.27427026629447937
2019-10-25,002595.SZ,tucker,"(3, 2, 2)",cn_a,INDUSTRY_C35,-0.11359207924586226,-0.1072484264055485,-0.11359207924586226,0.05914920195937157,1,momentum_factor,0.5331279039382935,volatility_factor,0.1978621780872345,value_factor,0.18429771065711975
2019-10-25,002432.SZ,tucker,"(3, 2, 2)",cn_a,INDUSTRY_C35,-0.257538650705364,-0.24315617083630958,-0.257538650705364,0.05914920195937157,1,momentum_factor,0.5863247513771057,volatility_factor,0.20780761539936066,value_factor,0.15658369660377502
2019-10-25,002837.SZ,tucker,"(3, 2, 2)",cn_a,INDUSTRY_C35,-0.28463575636027616,-0.2687400140138265,-0.28463575636027616,0.05914920195937157,1,quality_factor,0.3407302796840668,momentum_factor,0.32617858052253723,value_factor,0.29968544840812683
2019-10-25,300724.SZ,tucker,"(3, 2, 2)",cn_a,INDUSTRY_C35,-0.300207546904287,-0.2834421837711672,-0.300207546904287,0.05914920195937157,1,momentum_factor,0.3357517123222351,quality_factor,0.3346695899963379,value_factor,0.291606605052948
2019-10-25,002223.SZ,tucker,"(3, 2, 2)",cn_a,INDUSTRY_C35,-0.31070286284657767,-0.29335137926184435,-0.31070286284657767,0.05914920195937157,2,momentum_factor,0.4277304410934448,quality_factor,0.27643775939941406,value_factor,0.213984414935112
2019-10-25,002008.SZ,tucker,"(3, 2, 2)",cn_a,INDUSTRY_C35,-0.3155642727891706,-0.2979412993506112,-0.3155642727891706,0.05914920195937157,1,momentum_factor,0.4939176142215729,quality_factor,0.23453468084335327,value_factor,0.15812812745571136
2019-10-25,688037.SH,tucker,"(3, 2, 2)",cn_a,INDUSTRY_C35,-0.3470561122995404,-0.32767444847972416,-0.3470561122995404,0.05914920195937157,1,momentum_factor,0.4789726138114929,quality_factor,0.24399632215499878,value_factor,0.17074041068553925
2019-10-25,300751.SZ,tucker,"(3, 2, 2)",cn_a,INDUSTRY_C35,-0.40359503284038,-0.3810559016490856,-0.40359503284038,0.05914920195937157,2,value_factor,0.4279678165912628,quality_factor,0.42171627283096313,momentum_factor,0.08452725410461426
2019-10-25,300003.SZ,tucker,"(3, 2, 2)",cn_a,INDUSTRY_C35,-0.4176271816472484,-0.39430441236053954,-0.4176271816472484,0.05914920195937157,1,momentum_factor,0.34735164046287537,quality_factor,0.3273256719112396,value_factor,0.2818172574043274
2019-10-25,603338.SH,tucker,"(3, 2, 2)",cn_a,INDUSTRY_C35,-0.4188282563511572,-0.3954384119566815,-0.4188282563511572,0.05914920195937157,2,quality_factor,0.4059825539588928,value_factor,0.3982677161693573,momentum_factor,0.15820418298244476
2019-10-25,300450.SZ,tucker,"(3, 2, 2)",cn_a,INDUSTRY_C35,-0.5157589178070306,-0.4869558925821632,-0.5157589178070306,0.05914920195937157,1,quality_factor,0.3594597280025482,value_factor,0.3246515691280365,momentum_factor,0.29659488797187805
2019-10-25,300529.SZ,tucker,"(3, 2, 2)",cn_a,INDUSTRY_C35,-0.540940612519622,-0.5107312926811866,-0.540940612519622,0.05914920195937157,2,quality_factor,0.41171795129776,value_factor,0.4090942442417145,momentum_factor,0.1313469260931015
2019-10-25,601106.SH,tucker,"(3, 2, 2)",cn_a,INDUSTRY_C35,-0.5422754774325867,-0.511991610850639,-0.5422754774325867,0.05914920195937157,2,momentum_factor,0.5422891974449158,quality_factor,0.20391055941581726,volatility_factor,0.13649357855319977
2019-10-25,300757.SZ,tucker,"(3, 2, 2)",cn_a,INDUSTRY_C35,-0.5650843818575733,-0.5335267312908564,-0.5650843818575733,0.05914920195937157,2,quality_factor,0.3658443093299866,value_factor,0.3331621289253235,momentum_factor,0.28651028871536255
2019-10-25,601608.SH,tucker,"(3, 2, 2)",cn_a,INDUSTRY_C35,-0.5748229200295738,-0.5427214119532008,-0.5748229200295738,0.05914920195937157,1,momentum_factor,0.4473603367805481,quality_factor,0.2640100419521332,value_factor,0.1974184215068817
2019-10-25,688012.SH,tucker,"(3, 2, 2)",cn_a,INDUSTRY_C35,-0.5885438513610386,-0.5556760854118415,-0.5885438513610386,0.05914920195937157,2,momentum_factor,0.3766712546348572,quality_factor,0.3087633550167084,value_factor,0.2570739984512329
2019-10-25,300604.SZ,tucker,"(3, 2, 2)",cn_a,INDUSTRY_C35,-0.911626320196414,-0.8607157203217365,-0.911626320196414,0.05914920195937157,0,quality_factor,0.37069734930992126,value_factor,0.33963119983673096,momentum_factor,0.2788447439670563
2019-10-28,601717.SH,tucker,"(3, 2, 2)",cn_a,INDUSTRY_C35,1.5815819314666828,1.0350055043629243,1.5815819314666828,0.5280903577804565,0,value_factor,0.43828368186950684,quality_factor,0.4093957245349884,volatility_factor,0.10671696066856384
2019-10-28,600582.SH,tucker,"(3, 2, 2)",cn_a,INDUSTRY_C35,1.1145668328950609,0.7293854235910261,1.1145668328950609,0.5280903577804565,0,value_factor,0.4025431275367737,quality_factor,0.3637067377567291,volatility_factor,0.11954279243946075
2019-10-28,600499.SH,tucker,"(3, 2, 2)",cn_a,INDUSTRY_C35,0.8836917447974334,0.5782980962467371,0.8836917447974334,0.5280903577804565,0,value_factor,0.39627009630203247,quality_factor,0.35568752884864807,momentum_factor,0.12624843418598175
2019-10-28,600528.SH,tucker,"(3, 2, 2)",cn_a,INDUSTRY_C35,0.557042851263327,0.36453528315722694,0.557042851263327,0.5280903577804565,0,value_factor,0.3895578682422638,quality_factor,0.34710693359375,momentum_factor,0.139132559299469
2019-10-28,600031.SH,tucker,"(3, 2, 2)",cn_a,INDUSTRY_C35,0.48711516522051057,0.3187737968113632,0.48711516522051057,0.5280903577804565,2,value_factor,0.4604303240776062,quality_factor,0.4389133155345917,volatility_factor,0.09665867686271667
2019-10-28,002430.SZ,tucker,"(3, 2, 2)",cn_a,INDUSTRY_C35,0.45498148528231014,0.2977451450862948,0.45498148528231014,0.5280903577804565,2,value_factor,0.43392568826675415,quality_factor,0.40382468700408936,volatility_factor,0.10828088223934174
2019-10-28,002353.SZ,tucker,"(3, 2, 2)",cn_a,INDUSTRY_C35,-0.05001419562411567,-0.03272986794888297,-0.05001419562411567,0.5280903577804565,2,value_factor,0.3845515549182892,quality_factor,0.34070712327957153,momentum_factor,0.14874203503131866
2019-10-28,002595.SZ,tucker,"(3, 2, 2)",cn_a,INDUSTRY_C35,-0.1160775265142295,-0.0759624755978642,-0.1160775265142295,0.5280903577804565,1,momentum_factor,0.5068532228469849,value_factor,0.19798605144023895,volatility_factor,0.19294999539852142
2019-10-28,002432.SZ,tucker,"(3, 2, 2)",cn_a,INDUSTRY_C35,-0.2868275569762696,-0.18770326997736259,-0.2868275569762696,0.5280903577804565,1,momentum_factor,0.5713403820991516,volatility_factor,0.2050062119960785,value_factor,0.16439013183116913
2019-10-28,002008.SZ,tucker,"(3, 2, 2)",cn_a,INDUSTRY_C35,-0.35564031639859345,-0.23273513545047111,-0.35564031639859345,0.5280903577804565,1,momentum_factor,0.38456082344055176,quality_factor,0.30376845598220825,value_factor,0.2504158914089203
2019-10-28,002837.SZ,tucker,"(3, 2, 2)",cn_a,INDUSTRY_C35,-0.36036490560365214,-0.2358269612584169,-0.36036490560365214,0.5280903577804565,1,quality_factor,0.38672149181365967,value_factor,0.3619089722633362,momentum_factor,0.2483990639448166
2019-10-28,300724.SZ,tucker,"(3, 2, 2)",cn_a,INDUSTRY_C35,-0.3780930492322931,-0.24742846344601724,-0.3780930492322931,0.5280903577804565,1,quality_factor,0.38424086570739746,value_factor,0.357684463262558,momentum_factor,0.25745242834091187
2019-10-28,002223.SZ,tucker,"(3, 2, 2)",cn_a,INDUSTRY_C35,-0.4046737673966865,-0.2648231927753756,-0.4046737673966865,0.5280903577804565,2,momentum_factor,0.38152095675468445,quality_factor,0.30569303035736084,value_factor,0.2529812753200531
2019-10-28,688037.SH,tucker,"(3, 2, 2)",cn_a,INDUSTRY_C35,-0.4359736989546146,-0.2853062299194559,-0.4359736989546146,0.5280903577804565,1,momentum_factor,0.4213019013404846,quality_factor,0.2805076837539673,value_factor,0.2194095402956009
2019-10-28,300003.SZ,tucker,"(3, 2, 2)",cn_a,INDUSTRY_C35,-0.5206399570978363,-0.34071280827533207,-0.5206399570978363,0.5280903577804565,1,quality_factor,0.37992027401924133,value_factor,0.35192519426345825,momentum_factor,0.264276921749115
2019-10-28,300751.SZ,tucker,"(3, 2, 2)",cn_a,INDUSTRY_C35,-0.5326923608096785,-0.34860004063072,-0.5326923608096785,0.5280903577804565,2,value_factor,0.4537665545940399,quality_factor,0.4353831708431244,volatility_factor,0.09032183140516281
2019-10-28,603338.SH,tucker,"(3, 2, 2)",cn_a,INDUSTRY_C35,-0.5436891422208138,-0.3557964615459779,-0.5436891422208138,0.5280903577804565,2,value_factor,0.42972272634506226,quality_factor,0.4226458966732025,momentum_factor,0.08017383515834808
2019-10-28,300450.SZ,tucker,"(3, 2, 2)",cn_a,INDUSTRY_C35,-0.6677826932173095,-0.43700471625726406,-0.6677826932173095,0.5280903577804565,1,quality_factor,0.3915075361728668,value_factor,0.37094351649284363,momentum_factor,0.22598722577095032
2019-10-28,601106.SH,tucker,"(3, 2, 2)",cn_a,INDUSTRY_C35,-0.690895379699368,-0.4521299255515819,-0.690895379699368,0.5280903577804565,2,momentum_factor,0.5003017783164978,quality_factor,0.23049284517765045,value_factor,0.15274043381214142
2019-10-28,300529.SZ,tucker,"(3, 2, 2)",cn_a,INDUSTRY_C35,-0.7040715600328094,-0.46075257032278494,-0.7040715600328094,0.5280903577804565,2,value_factor,0.4395005404949188,quality_factor,0.4278257489204407,volatility_factor,0.07675565779209137
2019-10-28,601608.SH,tucker,"(3, 2, 2)",cn_a,INDUSTRY_C35,-0.7361067144075732,-0.4817167457798533,-0.7361067144075732,0.5280903577804565,1,momentum_factor,0.3947576582431793,quality_factor,0.2973128855228424,value_factor,0.2418106645345688
2019-10-28,300757.SZ,tucker,"(3, 2, 2)",cn_a,INDUSTRY_C35,-0.7721029103770968,-0.505273072659507,-0.7721029103770968,0.5280903577804565,2,quality_factor,0.38505589962005615,value_factor,0.3587709069252014,momentum_factor,0.256165087223053
2019-10-28,688012.SH,tucker,"(3, 2, 2)",cn_a,INDUSTRY_C35,-0.7838307969985265,-0.512947937278419,-0.7838307969985265,0.5280903577804565,2,momentum_factor,0.33750608563423157,quality_factor,0.3335588872432709,value_factor,0.29012608528137207
2019-10-28,300604.SZ,tucker,"(3, 2, 2)",cn_a,INDUSTRY_C35,-1.2147706375344378,-0.794959952040327,-1.2147706375344378,0.5280903577804565,0,quality_factor,0.39153537154197693,value_factor,0.37099605798721313,momentum_factor,0.2258569300174713
2019-10-29,601717.SH,tucker,"(3, 2, 2)",cn_a,INDUSTRY_C35,1.5471796925966343,1.0327413761929187,1.5471796925966343,0.49812886118888855,0,value_factor,0.43261364102363586,quality_factor,0.40214741230010986,volatility_factor,0.10875171422958374
2019-10-29,600582.SH,tucker,"(3, 2, 2)",cn_a,INDUSTRY_C35,1.067252841584177,0.7123905346208548,1.067252841584177,0.49812886118888855,0,value_factor,0.3947989344596863,quality_factor,0.35380691289901733,momentum_factor,0.12907221913337708
2019-10-29,600499.SH,tucker,"(3, 2, 2)",cn_a,INDUSTRY_C35,0.8137416005858763,0.543171956351151,0.8137416005858763,0.49812886118888855,0,value_factor,0.3826821446418762,quality_factor,0.3383173644542694,momentum_factor,0.1523304283618927
2019-10-29,600528.SH,tucker,"(3, 2, 2)",cn_a,INDUSTRY_C35,0.5180054453577875,0.3457682769972203,0.5180054453577875,0.49812886118888855,0,value_factor,0.37855419516563416,quality_factor,0.33304041624069214,momentum_factor,0.16025392711162567
2019-10-29,600031.SH,tucker,"(3, 2, 2)",cn_a,INDUSTRY_C35,0.42172403990280893,0.28150050535623977,0.42172403990280893,0.49812886118888855,2,value_factor,0.42000624537467957,quality_factor,0.3860307037830353,volatility_factor,0.11327598243951797
2019-10-29,002430.SZ,tucker,"(3, 2, 2)",cn_a,INDUSTRY_C35,0.40759070013289556,0.27206651082152233,0.40759070013289556,0.49812886118888855,2,value_factor,0.40704792737960815,quality_factor,0.3694654405117035,volatility_factor,0.1179262027144432
2019-10-29,002353.SZ,tucker,"(3, 2, 2)",cn_a,INDUSTRY_C35,-0.10561861084285895,-0.07050034978831377,-0.10561861084285895,0.49812886118888855,2,quality_factor,0.34411728382110596,momentum_factor,0.32082873582839966,value_factor,0.30420029163360596
2019-10-29,002595.SZ,tucker,"(3, 2, 2)",cn_a,INDUSTRY_C35,-0.15791421788512092,-0.1054076313691806,-0.15791421788512092,0.49812886118888855,1,momentum_factor,0.5307219624519348,volatility_factor,0.1974123865365982,value_factor,0.18555118143558502
2019-10-29,002432.SZ,tucker,"(3, 2, 2)",cn_a,INDUSTRY_C35,-0.3606076091514115,-0.24070533004194436,-0.3606076091514115,0.49812886118888855,1,momentum_factor,0.5849484205245972,volatility_factor,0.2075503170490265,value_factor,0.15730074048042297
2019-10-29,002837.SZ,tucker,"(3, 2, 2)",cn_a,INDUSTRY_C35,-0.40327983280068735,-0.26918900985472904,-0.40327983280068735,0.49812886118888855,1,quality_factor,0.34543949365615845,momentum_factor,0.31874021887779236,value_factor,0.30596280097961426
2019-10-29,300724.SZ,tucker,"(3, 2, 2)",cn_a,INDUSTRY_C35,-0.4251256268611048,-0.2837710623014738,-0.4251256268611048,0.49812886118888855,1,quality_factor,0.3394797146320343,momentum_factor,0.32815393805503845,value_factor,0.2980184555053711
2019-10-29,002223.SZ,tucker,"(3, 2, 2)",cn_a,INDUSTRY_C35,-0.4414460229043939,-0.2946649153881004,-0.4414460229043939,0.49812886118888855,2,momentum_factor,0.4231087267398834,quality_factor,0.2793637812137604,value_factor,0.21788474917411804
2019-10-29,002008.SZ,tucker,"(3, 2, 2)",cn_a,INDUSTRY_C35,-0.44231247713412564,-0.2952432729879986,-0.44231247713412564,0.49812886118888855,1,momentum_factor,0.48432421684265137,quality_factor,0.24060827493667603,value_factor,0.1662241518497467
2019-10-29,688037.SH,tucker,"(3, 2, 2)",cn_a,INDUSTRY_C35,-0.4913457049717529,-0.32797291870305134,-0.4913457049717529,0.49812886118888855,1,momentum_factor,0.47338956594467163,quality_factor,0.2475309669971466,value_factor,0.17545205354690552
2019-10-29,300751.SZ,tucker,"(3, 2, 2)",cn_a,INDUSTRY_C35,-0.5741942145229288,-0.3832742416061566,-0.5741942145229288,0.49812886118888855,2,value_factor,0.43071886897087097,quality_factor,0.42317360639572144,momentum_factor,0.07770278304815292
2019-10-29,300003.SZ,tucker,"(3, 2, 2)",cn_a,INDUSTRY_C35,-0.5908220652656995,-0.3943733204923325,-0.5908220652656995,0.49812886118888855,1,momentum_factor,0.3393644392490387,quality_factor,0.33238235116004944,value_factor,0.2885577976703644
2019-10-29,603338.SH,tucker,"(3, 2, 2)",cn_a,INDUSTRY_C35,-0.594872658311428,-0.39707708855266843,-0.594872658311428,0.49812886118888855,2,quality_factor,0.40774691104888916,value_factor,0.4015982747077942,momentum_factor,0.1499420702457428
2019-10-29,300450.SZ,tucker,"(3, 2, 2)",cn_a,INDUSTRY_C35,-0.7323566039791171,-0.48884752732761605,-0.7323566039791171,0.49812886118888855,1,quality_factor,0.3635699450969696,value_factor,0.3301304280757904,momentum_factor,0.29010269045829773
2019-10-29,300529.SZ,tucker,"(3, 2, 2)",cn_a,INDUSTRY_C35,-0.7685155999797842,-0.5129836321835495,-0.7685155999797842,0.49812886118888855,2,quality_factor,0.41342630982398987,value_factor,0.412319153547287,momentum_factor,0.12334688007831573
2019-10-29,601106.SH,tucker,"(3, 2, 2)",cn_a,INDUSTRY_C35,-0.7687848947578068,-0.5131633862618814,-0.7687848947578068,0.49812886118888855,2,momentum_factor,0.5381723046302795,quality_factor,0.20651699602603912,volatility_factor,0.1345297396183014
2019-10-29,300757.SZ,tucker,"(3, 2, 2)",cn_a,INDUSTRY_C35,-0.8068106760085522,-0.5385455689828796,-0.8068106760085522,0.49812886118888855,2,quality_factor,0.36785024404525757,value_factor,0.3358359932899475,momentum_factor,0.2833419144153595
2019-10-29,601608.SH,tucker,"(3, 2, 2)",cn_a,INDUSTRY_C35,-0.8153359189816759,-0.5442361627791739,-0.8153359189816759,0.49812886118888855,1,momentum_factor,0.4421788156032562,quality_factor,0.26729050278663635,value_factor,0.2017912119626999
2019-10-29,688012.SH,tucker,"(3, 2, 2)",cn_a,INDUSTRY_C35,-0.8380877420433358,-0.5594229889584664,-0.8380877420433358,0.49812886118888855,2,momentum_factor,0.3726747930049896,quality_factor,0.3112935423851013,value_factor,0.260446697473526
2019-10-29,300604.SZ,tucker,"(3, 2, 2)",cn_a,INDUSTRY_C35,-1.2982292627638685,-0.8665671362261211,-1.2982292627638685,0.49812886118888855,0,quality_factor,0.37377506494522095,value_factor,0.3437337577342987,momentum_factor,0.273983359336853
2019-10-30,601717.SH,tucker,"(3, 2, 2)",cn_a,INDUSTRY_C35,1.331475907918635,1.0465787260912203,1.331475907918635,0.27221766114234924,0,value_factor,0.4358735978603363,quality_factor,0.40631479024887085,volatility_factor,0.10758184641599655
2019-10-30,600582.SH,tucker,"(3, 2, 2)",cn_a,INDUSTRY_C35,0.9300572120878335,0.7310519750525736,0.9300572120878335,0.27221766114234924,0,value_factor,0.3992338180541992,quality_factor,0.3594762086868286,volatility_factor,0.12073038518428802
2019-10-30,600499.SH,tucker,"(3, 2, 2)",cn_a,INDUSTRY_C35,0.7257943261718118,0.5704954154796084,0.7257943261718118,0.27221766114234924,0,value_factor,0.3903854191303253,quality_factor,0.3481648564338684,momentum_factor,0.13754405081272125
2019-10-30,600528.SH,tucker,"(3, 2, 2)",cn_a,INDUSTRY_C35,0.45932024535941907,0.3610390502728822,0.45932024535941907,0.27221766114234924,0,value_factor,0.38481757044792175,quality_factor,0.34104716777801514,momentum_factor,0.14823153614997864
2019-10-30,600031.SH,tucker,"(3, 2, 2)",cn_a,INDUSTRY_C35,0.3904755456722199,0.30692511725445276,0.3904755456722199,0.27221766114234924,2,value_factor,0.44403231143951416,quality_factor,0.4167444705963135,volatility_factor,0.10465402901172638
2019-10-30,002430.SZ,tucker,"(3, 2, 2)",cn_a,INDUSTRY_C35,0.3696147703509529,0.2905279421113176,0.3696147703509529,0.27221766114234924,2,value_factor,0.4220114052295685,quality_factor,0.38859400153160095,volatility_factor,0.11255643516778946
2019-10-30,002353.SZ,tucker,"(3, 2, 2)",cn_a,INDUSTRY_C35,-0.062392778498871225,-0.049042535618023866,-0.062392778498871225,0.27221766114234924,2,value_factor,0.44016921520233154,quality_factor,0.4281799793243408,volatility_factor,0.07739150524139404
2019-10-30,002595.SZ,tucker,"(3, 2, 2)",cn_a,INDUSTRY_C35,-0.11359645798466286,-0.08929011451052735,-0.11359645798466286,0.27221766114234924,1,momentum_factor,0.5179373025894165,volatility_factor,0.19502222537994385,value_factor,0.1922115832567215
2019-10-30,002432.SZ,tucker,"(3, 2, 2)",cn_a,INDUSTRY_C35,-0.2701048823422997,-0.21231028063791113,-0.2701048823422997,0.27221766114234924,1,momentum_factor,0.5776491761207581,volatility_factor,0.20618568360805511,value_factor,0.16110342741012573
2019-10-30,002837.SZ,tucker,"(3, 2, 2)",cn_a,INDUSTRY_C35,-0.321540441580203,-0.25274012374873667,-0.321540441580203,0.27221766114234924,1,quality_factor,0.3694669008255005,value_factor,0.33799099922180176,momentum_factor,0.2807883024215698
2019-10-30,002008.SZ,tucker,"(3, 2, 2)",cn_a,INDUSTRY_C35,-0.33318497545015696,-0.2618930654963595,-0.33318497545015696,0.27221766114234924,1,momentum_factor,0.4319547414779663,quality_factor,0.27376335859298706,value_factor,0.21041949093341827
2019-10-30,300724.SZ,tucker,"(3, 2, 2)",cn_a,INDUSTRY_C35,-0.33807663636004326,-0.265738053012162,-0.33807663636004326,0.27221766114234924,1,quality_factor,0.3640984892845154,value_factor,0.33083492517471313,momentum_factor,0.2892679274082184
2019-10-30,002223.SZ,tucker,"(3, 2, 2)",cn_a,INDUSTRY_C35,-0.3569891606583194,-0.28060384627927437,-0.3569891606583194,0.27221766114234924,2,momentum_factor,0.39992430806159973,quality_factor,0.2940419018268585,value_factor,0.23745045065879822
2019-10-30,688037.SH,tucker,"(3, 2, 2)",cn_a,INDUSTRY_C35,-0.3902390892856541,-0.3067392556685567,-0.3902390892856541,0.27221766114234924,1,momentum_factor,0.4447711408138275,quality_factor,0.26564928889274597,value_factor,0.19960351288318634
2019-10-30,300751.SZ,tucker,"(3, 2, 2)",cn_a,INDUSTRY_C35,-0.4674523357318272,-0.3674311094395537,-0.4674523357318272,0.27221766114234924,2,value_factor,0.44393035769462585,quality_factor,0.4301724433898926,volatility_factor,0.08096814900636673
2019-10-30,300003.SZ,tucker,"(3, 2, 2)",cn_a,INDUSTRY_C35,-0.46747543064445907,-0.3674492627114963,-0.46747543064445907,0.27221766114234924,1,quality_factor,0.35841989517211914,value_factor,0.3232654929161072,momentum_factor,0.2982373535633087
2019-10-30,603338.SH,tucker,"(3, 2, 2)",cn_a,INDUSTRY_C35,-0.4802603587909658,-0.37749858747446186,-0.4802603587909658,0.27221766114234924,2,value_factor,0.4176712930202484,quality_factor,0.4162616431713104,momentum_factor,0.11006990820169449
2019-10-30,300450.SZ,tucker,"(3, 2, 2)",cn_a,INDUSTRY_C35,-0.5904879459173303,-0.46414067166744843,-0.5904879459173303,0.27221766114234924,1,quality_factor,0.3842621445655823,value_factor,0.3577128052711487,momentum_factor,0.2574189007282257
2019-10-30,601106.SH,tucker,"(3, 2, 2)",cn_a,INDUSTRY_C35,-0.6148906422117322,-0.48332189954329424,-0.6148906422117322,0.27221766114234924,2,momentum_factor,0.5172457695007324,quality_factor,0.2197655737400055,value_factor,0.13844114542007446
2019-10-30,300529.SZ,tucker,"(3, 2, 2)",cn_a,INDUSTRY_C35,-0.6212742114371802,-0.48833957031611963,-0.6212742114371802,0.27221766114234924,2,value_factor,0.42786431312561035,quality_factor,0.4216614365577698,momentum_factor,0.08478403836488724
2019-10-30,601608.SH,tucker,"(3, 2, 2)",cn_a,INDUSTRY_C35,-0.6537837494890808,-0.5138930112141665,-0.6537837494890808,0.27221766114234924,1,momentum_factor,0.4159209132194519,quality_factor,0.28391438722610474,value_factor,0.22395066916942596
2019-10-30,300757.SZ,tucker,"(3, 2, 2)",cn_a,INDUSTRY_C35,-0.6684355791451431,-0.5254097747734244,-0.6684355791451431,0.27221766114234924,2,quality_factor,0.37762415409088135,value_factor,0.34886446595191956,momentum_factor,0.26790374517440796
2019-10-30,688012.SH,tucker,"(3, 2, 2)",cn_a,INDUSTRY_C35,-0.6853959295245623,-0.5387411026544529,-0.6853959295245623,0.27221766114234924,2,momentum_factor,0.3528951108455658,quality_factor,0.3238160312175751,value_factor,0.27713897824287415
2019-10-30,300604.SZ,tucker,"(3, 2, 2)",cn_a,INDUSTRY_C35,-1.0619928179695972,-0.8347571923295861,-1.0619928179695972,0.27221766114234924,0,quality_factor,0.3867090046405792,value_factor,0.3618854582309723,momentum_factor,0.2484574317932129
2019-10-31,601717.SH,tucker,"(3, 2, 2)",cn_a,INDUSTRY_C35,1.4996750235366483,1.063757440153723,1.4996750235366483,0.40979042649269104,0,value_factor,0.44084712862968445,quality_factor,0.41267266869544983,volatility_factor,0.10579705238342285
2019-10-31,600582.SH,tucker,"(3, 2, 2)",cn_a,INDUSTRY_C35,1.0664190078718478,0.7564379856575691,1.0664190078718478,0.40979042649269104,0,value_factor,0.40609210729599,quality_factor,0.3682435154914856,volatility_factor,0.11826922744512558
2019-10-31,600499.SH,tucker,"(3, 2, 2)",cn_a,INDUSTRY_C35,0.8589776257117134,0.6092945644460721,0.8589776257117134,0.40979042649269104,0,value_factor,0.4027148485183716,quality_factor,0.3639262318611145,volatility_factor,0.11948118358850479
2019-10-31,600528.SH,tucker,"(3, 2, 2)",cn_a,INDUSTRY_C35,0.5393659071311908,0.38258588538935223,0.5393659071311908,0.40979042649269104,0,value_factor,0.3947058320045471,quality_factor,0.3536878526210785,momentum_factor,0.12925110757350922
2019-10-31,600031.SH,tucker,"(3, 2, 2)",cn_a,INDUSTRY_C35,0.48462670031266125,0.3437579809384242,0.48462670031266125,0.40979042649269104,2,value_factor,0.443670392036438,quality_factor,0.43003472685813904,volatility_factor,0.0807209312915802
2019-10-31,002430.SZ,tucker,"(3, 2, 2)",cn_a,INDUSTRY_C35,0.44697768562319146,0.31705258219414645,0.44697768562319146,0.40979042649269104,2,value_factor,0.4474848806858063,quality_factor,0.4211580753326416,volatility_factor,0.10341504961252213
2019-10-31,002353.SZ,tucker,"(3, 2, 2)",cn_a,INDUSTRY_C35,-0.023898711838646496,-0.01695196101119091,-0.023898711838646496,0.40979042649269104,2,value_factor,0.3238731622695923,momentum_factor,0.26521387696266174,quality_factor,0.2631387710571289
2019-10-31,002595.SZ,tucker,"(3, 2, 2)",cn_a,INDUSTRY_C35,-0.09165758326577167,-0.06501504300280914,-0.09165758326577167,0.40979042649269104,1,momentum_factor,0.49312666058540344,value_factor,0.2051372081041336,volatility_factor,0.19038376212120056
2019-10-31,002432.SZ,tucker,"(3, 2, 2)",cn_a,INDUSTRY_C35,-0.2387681958161678,-0.16936432279344593,-0.2387681958161678,0.40979042649269104,1,momentum_factor,0.5635524988174438,volatility_factor,0.20355021953582764,value_factor,0.16844739019870758
2019-10-31,002008.SZ,tucker,"(3, 2, 2)",cn_a,INDUSTRY_C35,-0.29804638256619476,-0.211411840558632,-0.29804638256619476,0.40979042649269104,1,quality_factor,0.34266412258148193,momentum_factor,0.3231240510940552,value_factor,0.3022632598876953
2019-10-31,002837.SZ,tucker,"(3, 2, 2)",cn_a,INDUSTRY_C35,-0.32064138899642247,-0.22743905033624992,-0.32064138899642247,0.40979042649269104,1,quality_factor,0.3958471119403839,value_factor,0.37913528084754944,momentum_factor,0.20566591620445251
2019-10-31,300724.SZ,tucker,"(3, 2, 2)",cn_a,INDUSTRY_C35,-0.3355827270689978,-0.23803731948863716,-0.3355827270689978,0.40979042649269104,1,quality_factor,0.39428141713142395,value_factor,0.37617969512939453,momentum_factor,0.21299785375595093
2019-10-31,002223.SZ,tucker,"(3, 2, 2)",cn_a,INDUSTRY_C35,-0.36480463900027305,-0.25876516101733305,-0.36480463900027305,0.40979042649269104,2,momentum_factor,0.3606378734111786,quality_factor,0.31891411542892456,value_factor,0.27060481905937195
2019-10-31,688037.SH,tucker,"(3, 2, 2)",cn_a,INDUSTRY_C35,-0.3864828365787894,-0.27414205507861206,-0.3864828365787894,0.40979042649269104,1,momentum_factor,0.3938227593898773,quality_factor,0.29790475964546204,value_factor,0.24259959161281586
2019-10-31,300003.SZ,tucker,"(3, 2, 2)",cn_a,INDUSTRY_C35,-0.4598545030871016,-0.3261864346406802,-0.4598545030871016,0.40979042649269104,1,quality_factor,0.39329424500465393,value_factor,0.3743162751197815,momentum_factor,0.217620387673378
2019-10-31,300751.SZ,tucker,"(3, 2, 2)",cn_a,INDUSTRY_C35,-0.483075263656392,-0.3426575076624596,-0.483075263656392,0.40979042649269104,2,value_factor,0.4591638445854187,quality_factor,0.4360879361629486,volatility_factor,0.09922393411397934
2019-10-31,603338.SH,tucker,"(3, 2, 2)",cn_a,INDUSTRY_C35,-0.4893857293274267,-0.34713368063529954,-0.4893857293274267,0.40979042649269104,2,value_factor,0.4427017271518707,quality_factor,0.4295215308666229,volatility_factor,0.07979977875947952
2019-10-31,300450.SZ,tucker,"(3, 2, 2)",cn_a,INDUSTRY_C35,-0.6003760787459571,-0.42586194384314374,-0.6003760787459571,0.40979042649269104,1,quality_factor,0.39884746074676514,value_factor,0.38479888439178467,momentum_factor,0.1916162222623825
2019-10-31,601106.SH,tucker,"(3, 2, 2)",cn_a,INDUSTRY_C35,-0.6165576700706055,-0.4373399560090915,-0.6165576700706055,0.40979042649269104,2,momentum_factor,0.4807067811489105,quality_factor,0.24289841949939728,value_factor,0.16927692294120789
2019-10-31,300529.SZ,tucker,"(3, 2, 2)",cn_a,INDUSTRY_C35,-0.6345119588729302,-0.4500753873501436,-0.6345119588729302,0.40979042649269104,2,value_factor,0.4520137310028076,quality_factor,0.4344545900821686,volatility_factor,0.08865498006343842
2019-10-31,601608.SH,tucker,"(3, 2, 2)",cn_a,INDUSTRY_C35,-0.6584635885594804,-0.46706488432982163,-0.6584635885594804,0.40979042649269104,1,momentum_factor,0.3703913390636444,quality_factor,0.31273916363716125,value_factor,0.262373685836792
2019-10-31,300757.SZ,tucker,"(3, 2, 2)",cn_a,INDUSTRY_C35,-0.7107455626746816,-0.5041498114494407,-0.7107455626746816,0.40979042649269104,2,quality_factor,0.3884231150150299,value_factor,0.36512112617492676,momentum_factor,0.24043086171150208
2019-10-31,688012.SH,tucker,"(3, 2, 2)",cn_a,INDUSTRY_C35,-0.7136479934944427,-0.506208579069489,-0.7136479934944427,0.40979042649269104,2,quality_factor,0.3444092571735382,momentum_factor,0.3203675150871277,value_factor,0.30458950996398926
2019-10-31,300604.SZ,tucker,"(3, 2, 2)",cn_a,INDUSTRY_C35,-1.106262882343221,-0.7847002539812227,-1.106262882343221,0.40979042649269104,0,quality_factor,0.39671382308006287,value_factor,0.38077133893966675,momentum_factor,0.20160740613937378
2019-11-01,601717.SH,tucker,"(3, 2, 2)",cn_a,INDUSTRY_C35,1.1040511642134763,1.05551772872371,1.1040511642134763,0.04598065838217735,0,value_factor,0.4402296543121338,quality_factor,0.41188332438468933,volatility_factor,0.10601864755153656
2019-11-01,600582.SH,tucker,"(3, 2, 2)",cn_a,INDUSTRY_C35,0.7834145506892719,0.7489761108867935,0.7834145506892719,0.04598065838217735,0,value_factor,0.4052344560623169,quality_factor,0.36714714765548706,volatility_factor,0.11857699602842331
2019-11-01,600499.SH,tucker,"(3, 2, 2)",cn_a,INDUSTRY_C35,0.628687862182464,0.6010511159958245,0.628687862182464,0.04598065838217735,0,value_factor,0.40114450454711914,quality_factor,0.36191874742507935,volatility_factor,0.12004472315311432
2019-11-01,600528.SH,tucker,"(3, 2, 2)",cn_a,INDUSTRY_C35,0.39512164155115126,0.37775232813305915,0.39512164155115126,0.04598065838217735,0,value_factor,0.3934555649757385,quality_factor,0.35208961367607117,momentum_factor,0.1316508799791336
2019-11-01,600031.SH,tucker,"(3, 2, 2)",cn_a,INDUSTRY_C35,0.3527975745748968,0.33728880208175355,0.3527975745748968,0.04598065838217735,2,value_factor,0.44762855768203735,quality_factor,0.4321315586566925,volatility_factor,0.08448488265275955
2019-11-01,002430.SZ,tucker,"(3, 2, 2)",cn_a,INDUSTRY_C35,0.3263377484262344,0.3119921342241939,0.3263377484262344,0.04598065838217735,2,value_factor,0.4441300630569458,quality_factor,0.41686946153640747,volatility_factor,0.10461894422769547
2019-11-01,002353.SZ,tucker,"(3, 2, 2)",cn_a,INDUSTRY_C35,-0.021713407384444466,-0.020758898851946615,-0.021713407384444466,0.04598065838217735,2,value_factor,0.3355861306190491,quality_factor,0.2781120538711548,momentum_factor,0.24273088574409485
2019-11-01,002595.SZ,tucker,"(3, 2, 2)",cn_a,INDUSTRY_C35,-0.07070109046788114,-0.06759311239177129,-0.07070109046788114,0.04598065838217735,1,momentum_factor,0.49664148688316345,value_factor,0.20330609381198883,volatility_factor,0.19104087352752686
2019-11-01,002432.SZ,tucker,"(3, 2, 2)",cn_a,INDUSTRY_C35,-0.18159389625395073,-0.17361113609314327,-0.18159389625395073,0.04598065838217735,1,momentum_factor,0.5655440092086792,volatility_factor,0.20392252504825592,value_factor,0.16740985214710236
2019-11-01,002008.SZ,tucker,"(3, 2, 2)",cn_a,INDUSTRY_C35,-0.22627963299889176,-0.21633251430840666,-0.22627963299889176,0.04598065838217735,1,momentum_factor,0.3391560912132263,quality_factor,0.332514226436615,value_factor,0.288733571767807
2019-11-01,002837.SZ,tucker,"(3, 2, 2)",cn_a,INDUSTRY_C35,-0.2397419487567144,-0.22920303463631314,-0.2397419487567144,0.04598065838217735,1,quality_factor,0.3936264216899872,value_factor,0.3749433159828186,momentum_factor,0.21606490015983582
2019-11-01,300724.SZ,tucker,"(3, 2, 2)",cn_a,INDUSTRY_C35,-0.25106887903114833,-0.2400320397623569,-0.25106887903114833,0.04598065838217735,1,quality_factor,0.39195263385772705,value_factor,0.3717837333679199,momentum_factor,0.22390292584896088
2019-11-01,002223.SZ,tucker,"(3, 2, 2)",cn_a,INDUSTRY_C35,-0.2718783480844718,-0.25992673687701284,-0.2718783480844718,0.04598065838217735,2,momentum_factor,0.3657987117767334,quality_factor,0.315646767616272,value_factor,0.26624947786331177
2019-11-01,688037.SH,tucker,"(3, 2, 2)",cn_a,INDUSTRY_C35,-0.28923864760449036,-0.27652388790885596,-0.28923864760449036,0.04598065838217735,1,momentum_factor,0.40069982409477234,quality_factor,0.29355087876319885,value_factor,0.23679593205451965
2019-11-01,300003.SZ,tucker,"(3, 2, 2)",cn_a,INDUSTRY_C35,-0.34446433426951306,-0.3293218860862311,-0.34446433426951306,0.04598065838217735,1,quality_factor,0.39075636863708496,value_factor,0.36952561140060425,momentum_factor,0.22950461506843567
2019-11-01,300751.SZ,tucker,"(3, 2, 2)",cn_a,INDUSTRY_C35,-0.35949441850109987,-0.3436912567140429,-0.35949441850109987,0.04598065838217735,2,value_factor,0.46175169944763184,quality_factor,0.43961334228515625,volatility_factor,0.09791523218154907
2019-11-01,603338.SH,tucker,"(3, 2, 2)",cn_a,INDUSTRY_C35,-0.3648610041986904,-0.3488219304818273,-0.3648610041986904,0.04598065838217735,2,value_factor,0.43956005573272705,quality_factor,0.42785724997520447,volatility_factor,0.07681220769882202
2019-11-01,300450.SZ,tucker,"(3, 2, 2)",cn_a,INDUSTRY_C35,-0.4477404823673317,-0.42805807586164013,-0.4477404823673317,0.04598065838217735,1,quality_factor,0.39706698060035706,value_factor,0.3814379572868347,momentum_factor,0.19995363056659698
2019-11-01,601106.SH,tucker,"(3, 2, 2)",cn_a,INDUSTRY_C35,-0.460657323357981,-0.44040710017017226,-0.460657323357981,0.04598065838217735,2,momentum_factor,0.4855863153934479,quality_factor,0.23980922996997833,value_factor,0.16515904664993286
2019-11-01,300529.SZ,tucker,"(3, 2, 2)",cn_a,INDUSTRY_C35,-0.4729190174266456,-0.45212977742750937,-0.4729190174266456,0.04598065838217735,2,value_factor,0.44898661971092224,quality_factor,0.43285098671913147,volatility_factor,0.08577632158994675
2019-11-01,601608.SH,tucker,"(3, 2, 2)",cn_a,INDUSTRY_C35,-0.4916769929711782,-0.47006316347336796,-0.4916769929711782,0.04598065838217735,1,momentum_factor,0.3764481842517853,quality_factor,0.30890458822250366,value_factor,0.257262259721756
2019-11-01,300757.SZ,tucker,"(3, 2, 2)",cn_a,INDUSTRY_C35,-0.526988561583727,-0.5038224564370609,-0.526988561583727,0.04598065838217735,2,quality_factor,0.3876130282878876,value_factor,0.36359190940856934,momentum_factor,0.24422432482242584
2019-11-01,688012.SH,tucker,"(3, 2, 2)",cn_a,INDUSTRY_C35,-0.5305643144375214,-0.5072410213125421,-0.5305643144375214,0.04598065838217735,2,quality_factor,0.3417477607727051,momentum_factor,0.3245714604854584,value_factor,0.30104178190231323
2019-11-01,300604.SZ,tucker,"(3, 2, 2)",cn_a,INDUSTRY_C35,-0.8224078177631293,-0.786255257027304,-0.8224078177631293,0.04598065838217735,0,quality_factor,0.39546215534210205,value_factor,0.3784085810184479,momentum_factor,0.2074686884880066
2019-11-04,601717.SH,tucker,"(3, 2, 2)",cn_a,INDUSTRY_C35,1.5188540947959404,1.0776196968961482,1.5188540947959404,0.4094528257846832,0,value_factor,0.44541221857070923,quality_factor,0.41850849986076355,volatility_factor,0.10415881127119064
2019-11-04,600582.SH,tucker,"(3, 2, 2)",cn_a,INDUSTRY_C35,1.0965534682163915,0.7779994273963006,1.0965534682163915,0.4094528257846832,0,value_factor,0.4124875068664551,quality_factor,0.3764190971851349,volatility_factor,0.11597416549921036
2019-11-04,600499.SH,tucker,"(3, 2, 2)",cn_a,INDUSTRY_C35,0.906235958344154,0.6429700667715696,0.906235958344154,0.4094528257846832,0,value_factor,0.4146936535835266,quality_factor,0.37923935055732727,volatility_factor,0.11518245935440063
2019-11-04,600528.SH,tucker,"(3, 2, 2)",cn_a,INDUSTRY_C35,0.5655133067894914,0.40122897936098656,0.5655133067894914,0.4094528257846832,0,value_factor,0.404155433177948,quality_factor,0.36576777696609497,volatility_factor,0.11896423250436783
2019-11-04,600031.SH,tucker,"(3, 2, 2)",cn_a,INDUSTRY_C35,0.530005783222179,0.3760365616592185,0.530005783222179,0.4094528257846832,2,value_factor,0.4158574044704437,quality_factor,0.41530075669288635,momentum_factor,0.11456950008869171
2019-11-04,002430.SZ,tucker,"(3, 2, 2)",cn_a,INDUSTRY_C35,0.47950400993337794,0.3402057956819853,0.47950400993337794,0.4094528257846832,2,value_factor,0.4530394971370697,quality_factor,0.4349980056285858,volatility_factor,0.08963040262460709
2019-11-04,002353.SZ,tucker,"(3, 2, 2)",cn_a,INDUSTRY_C35,0.01633324141631512,0.011588356462077308,0.01633324141631512,0.4094528257846832,2,momentum_factor,0.37392449378967285,value_factor,0.267238050699234,quality_factor,0.19073916971683502
2019-11-04,002595.SZ,tucker,"(3, 2, 2)",cn_a,INDUSTRY_C35,-0.06110921882470705,-0.043356697719071274,-0.06110921882470705,0.4094528257846832,1,momentum_factor,0.46190115809440613,value_factor,0.2214047908782959,volatility_factor,0.18454597890377045
2019-11-04,002432.SZ,tucker,"(3, 2, 2)",cn_a,INDUSTRY_C35,-0.1846044781674821,-0.1309759920259099,-0.1846044781674821,0.4094528257846832,1,momentum_factor,0.5459387302398682,volatility_factor,0.20025722682476044,value_factor,0.1776236593723297
2019-11-04,002008.SZ,tucker,"(3, 2, 2)",cn_a,INDUSTRY_C35,-0.23435203654651812,-0.16627164614135187,-0.23435203654651812,0.4094528257846832,1,quality_factor,0.40604138374328613,value_factor,0.39837872982025146,momentum_factor,0.15792879462242126
2019-11-04,002837.SZ,tucker,"(3, 2, 2)",cn_a,INDUSTRY_C35,-0.28845093986492654,-0.20465455862527268,-0.28845093986492654,0.4094528257846832,1,quality_factor,0.4127254784107208,value_factor,0.4109961688518524,momentum_factor,0.1266288310289383
2019-11-04,300724.SZ,tucker,"(3, 2, 2)",cn_a,INDUSTRY_C35,-0.3003633170810148,-0.21310633313666066,-0.3003633170810148,0.4094528257846832,1,quality_factor,0.412022203207016,value_factor,0.40966856479644775,momentum_factor,0.12992218136787415
2019-11-04,002223.SZ,tucker,"(3, 2, 2)",cn_a,INDUSTRY_C35,-0.3368821171651286,-0.23901624667772461,-0.3368821171651286,0.4094528257846832,2,quality_factor,0.3448631763458252,momentum_factor,0.3196506202220917,value_factor,0.30519455671310425
2019-11-04,688037.SH,tucker,"(3, 2, 2)",cn_a,INDUSTRY_C35,-0.3450510592647032,-0.24481207192484186,-0.3450510592647032,0.4094528257846832,1,momentum_factor,0.33709341287612915,quality_factor,0.333820104598999,value_factor,0.2904742956161499
2019-11-04,300003.SZ,tucker,"(3, 2, 2)",cn_a,INDUSTRY_C35,-0.40745430572443586,-0.28908687604571265,-0.40745430572443586,0.4094528257846832,1,quality_factor,0.4127093255519867,value_factor,0.41096559166908264,momentum_factor,0.1267046183347702
2019-11-04,603338.SH,tucker,"(3, 2, 2)",cn_a,INDUSTRY_C35,-0.45058956517356796,-0.3196911357783472,-0.45058956517356796,0.4094528257846832,2,value_factor,0.45673221349716187,quality_factor,0.4329794645309448,volatility_factor,0.10009653121232986
2019-11-04,300751.SZ,tucker,"(3, 2, 2)",cn_a,INDUSTRY_C35,-0.4512922649049483,-0.32018969786810525,-0.4512922649049483,0.4094528257846832,2,value_factor,0.4372861385345459,quality_factor,0.4081205129623413,volatility_factor,0.10707493871450424
2019-11-04,300450.SZ,tucker,"(3, 2, 2)",cn_a,INDUSTRY_C35,-0.551494515358271,-0.39128271406485104,-0.551494515358271,0.4094528257846832,1,quality_factor,0.41226136684417725,value_factor,0.41012006998062134,momentum_factor,0.12880215048789978
2019-11-04,601106.SH,tucker,"(3, 2, 2)",cn_a,INDUSTRY_C35,-0.5580023021211972,-0.3958999575663551,-0.5580023021211972,0.4094528257846832,2,momentum_factor,0.4410654902458191,quality_factor,0.2679953873157501,value_factor,0.20273080468177795
2019-11-04,300529.SZ,tucker,"(3, 2, 2)",cn_a,INDUSTRY_C35,-0.5855953969110357,-0.4154771260025684,-0.5855953969110357,0.4094528257846832,2,value_factor,0.44670209288597107,quality_factor,0.42015740275382996,volatility_factor,0.10369595140218735
2019-11-04,601608.SH,tucker,"(3, 2, 2)",cn_a,INDUSTRY_C35,-0.5987830131883786,-0.4248336765127622,-0.5987830131883786,0.4094528257846832,1,quality_factor,0.3437248468399048,momentum_factor,0.3214486837387085,value_factor,0.30367714166641235
2019-11-04,688012.SH,tucker,"(3, 2, 2)",cn_a,INDUSTRY_C35,-0.6717871882541668,-0.47662978864499284,-0.6717871882541668,0.4094528257846832,2,quality_factor,0.36509472131729126,value_factor,0.33216291666030884,momentum_factor,0.2876943349838257
2019-11-04,300757.SZ,tucker,"(3, 2, 2)",cn_a,INDUSTRY_C35,-0.6830086035097818,-0.48459132895879514,-0.6830086035097818,0.4094528257846832,2,quality_factor,0.3944222927093506,value_factor,0.37644559144973755,momentum_factor,0.21233825385570526
2019-11-04,300604.SZ,tucker,"(3, 2, 2)",cn_a,INDUSTRY_C35,-1.04183999214691,-0.7391804784925542,-1.04183999214691,0.4094528257846832,0,quality_factor,0.40605297684669495,value_factor,0.3984006345272064,momentum_factor,0.1578744500875473
2019-11-05,601717.SH,tucker,"(3, 2, 2)",cn_a,INDUSTRY_C35,1.2306022857391863,1.0718784119949014,1.2306022857391863,0.14808008074760437,0,value_factor,0.4472009539604187,quality_factor,0.42079514265060425,volatility_factor,0.10351692885160446
2019-11-05,600582.SH,tucker,"(3, 2, 2)",cn_a,INDUSTRY_C35,0.8934777949708276,0.7782364547216609,0.8934777949708276,0.14808008074760437,0,value_factor,0.41502007842063904,quality_factor,0.379656583070755,volatility_factor,0.11506535112857819
2019-11-05,600499.SH,tucker,"(3, 2, 2)",cn_a,INDUSTRY_C35,0.7453105912866006,0.6491799521982827,0.7453105912866006,0.14808008074760437,0,value_factor,0.4195720851421356,quality_factor,0.38547569513320923,volatility_factor,0.11343179643154144
2019-11-05,600528.SH,tucker,"(3, 2, 2)",cn_a,INDUSTRY_C35,0.46405941126881245,0.4042047301442488,0.46405941126881245,0.14808008074760437,0,value_factor,0.4079602062702179,quality_factor,0.3706316649913788,volatility_factor,0.11759883910417557
2019-11-05,600031.SH,tucker,"(3, 2, 2)",cn_a,INDUSTRY_C35,0.4413692293402054,0.3844411424641708,0.4413692293402054,0.14808008074760437,2,quality_factor,0.4098724126815796,value_factor,0.4056105315685272,momentum_factor,0.13998885452747345
2019-11-05,002430.SZ,tucker,"(3, 2, 2)",cn_a,INDUSTRY_C35,0.3966789025314655,0.345515002730478,0.3966789025314655,0.14808008074760437,2,value_factor,0.44524437189102173,quality_factor,0.4308685064315796,volatility_factor,0.08221764117479324
2019-11-05,002353.SZ,tucker,"(3, 2, 2)",cn_a,INDUSTRY_C35,0.02559634429788599,0.02229491135912582,0.02559634429788599,0.14808008074760437,2,momentum_factor,0.40037932991981506,value_factor,0.25345590710639954,quality_factor,0.1731206774711609
2019-11-05,002595.SZ,tucker,"(3, 2, 2)",cn_a,INDUSTRY_C35,-0.03983785408928308,-0.03469954206436071,-0.03983785408928308,0.14808008074760437,1,momentum_factor,0.4464152455329895,value_factor,0.22947248816490173,volatility_factor,0.1816508024930954
2019-11-05,002432.SZ,tucker,"(3, 2, 2)",cn_a,INDUSTRY_C35,-0.13212007487961036,-0.11507914270575184,-0.13212007487961036,0.14808008074760437,1,momentum_factor,0.5372557640075684,volatility_factor,0.19863390922546387,value_factor,0.18214726448059082
2019-11-05,002008.SZ,tucker,"(3, 2, 2)",cn_a,INDUSTRY_C35,-0.16928863874162547,-0.14745368131195719,-0.16928863874162547,0.14808008074760437,1,value_factor,0.4314902126789093,quality_factor,0.4235822558403015,momentum_factor,0.07578925788402557
2019-11-05,002837.SZ,tucker,"(3, 2, 2)",cn_a,INDUSTRY_C35,-0.22264022897581473,-0.19392394914773914,-0.22264022897581473,0.14808008074760437,1,value_factor,0.42391327023506165,quality_factor,0.41956835985183716,momentum_factor,0.09458529949188232
2019-11-05,300724.SZ,tucker,"(3, 2, 2)",cn_a,INDUSTRY_C35,-0.2313098206630556,-0.20147533132706125,-0.2313098206630556,0.14808008074760437,1,value_factor,0.4232848882675171,quality_factor,0.4192354381084442,momentum_factor,0.09614429622888565
2019-11-05,002223.SZ,tucker,"(3, 2, 2)",cn_a,INDUSTRY_C35,-0.2630093747841994,-0.22908625658380122,-0.2630093747841994,0.14808008074760437,2,quality_factor,0.3559802174568176,value_factor,0.32001346349716187,momentum_factor,0.3020908534526825
2019-11-05,688037.SH,tucker,"(3, 2, 2)",cn_a,INDUSTRY_C35,-0.26542348862904436,-0.23118899647334484,-0.26542348862904436,0.14808008074760437,1,quality_factor,0.34997302293777466,value_factor,0.3120059370994568,momentum_factor,0.3115794062614441
2019-11-05,300003.SZ,tucker,"(3, 2, 2)",cn_a,INDUSTRY_C35,-0.3123524579898922,-0.27206503720395986,-0.3123524579898922,0.14808008074760437,1,value_factor,0.4259449541568756,quality_factor,0.420644611120224,momentum_factor,0.08954533189535141
2019-11-05,603338.SH,tucker,"(3, 2, 2)",cn_a,INDUSTRY_C35,-0.3513350855161101,-0.30601966037702866,-0.3513350855161101,0.14808008074760437,2,value_factor,0.44561609625816345,quality_factor,0.41876915097236633,volatility_factor,0.10408565402030945
2019-11-05,300751.SZ,tucker,"(3, 2, 2)",cn_a,INDUSTRY_C35,-0.35406786271375557,-0.308399962215318,-0.35406786271375557,0.14808008074760437,2,value_factor,0.42963582277297974,quality_factor,0.39834070205688477,volatility_factor,0.10982032865285873
2019-11-05,300450.SZ,tucker,"(3, 2, 2)",cn_a,INDUSTRY_C35,-0.4295813874131757,-0.37417370396514193,-0.4295813874131757,0.14808008074760437,1,value_factor,0.4202747344970703,quality_factor,0.4176408350467682,momentum_factor,0.1036115288734436
2019-11-05,601106.SH,tucker,"(3, 2, 2)",cn_a,INDUSTRY_C35,-0.4318407505742794,-0.3761416530135942,-0.4318407505742794,0.14808008074760437,2,momentum_factor,0.423583984375,quality_factor,0.2790628969669342,value_factor,0.21748366951942444
2019-11-05,300529.SZ,tucker,"(3, 2, 2)",cn_a,INDUSTRY_C35,-0.45706670923715437,-0.398113951314966,-0.45706670923715437,0.14808008074760437,2,value_factor,0.43681809306144714,quality_factor,0.40752217173576355,volatility_factor,0.10724290460348129
2019-11-05,601608.SH,tucker,"(3, 2, 2)",cn_a,INDUSTRY_C35,-0.46437539853264537,-0.40447996116770196,-0.46437539853264537,0.14808008074760437,1,quality_factor,0.35729554295539856,value_factor,0.32176676392555237,momentum_factor,0.30001330375671387
2019-11-05,688012.SH,tucker,"(3, 2, 2)",cn_a,INDUSTRY_C35,-0.5287439782874526,-0.4605462401349204,-0.5287439782874526,0.14808008074760437,2,quality_factor,0.37371817231178284,value_factor,0.343657910823822,momentum_factor,0.2740733027458191
2019-11-05,300757.SZ,tucker,"(3, 2, 2)",cn_a,INDUSTRY_C35,-0.5421544762244626,-0.4722270434288529,-0.5421544762244626,0.14808008074760437,2,quality_factor,0.3967776894569397,value_factor,0.380891889333725,momentum_factor,0.20130828022956848
2019-11-05,300604.SZ,tucker,"(3, 2, 2)",cn_a,INDUSTRY_C35,-0.8201551476220039,-0.7143710095536384,-0.8201551476220039,0.14808008074760437,0,quality_factor,0.40975379943847656,value_factor,0.4053865671157837,momentum_factor,0.14054454863071442
2019-11-06,601717.SH,tucker,"(3, 2, 2)",cn_a,INDUSTRY_C35,1.3492571017337265,1.0634807924341882,1.3492571017337265,0.268717885017395,0,value_factor,0.44377222657203674,quality_factor,0.41641199588775635,volatility_factor,0.10474734753370285
2019-11-06,600582.SH,tucker,"(3, 2, 2)",cn_a,INDUSTRY_C35,0.9689439910084875,0.7637190288329565,0.9689439910084875,0.268717885017395,0,value_factor,0.4101787507534027,quality_factor,0.37346774339675903,volatility_factor,0.11680267006158829
2019-11-06,600499.SH,tucker,"(3, 2, 2)",cn_a,INDUSTRY_C35,0.79368293010654,0.625578735414184,0.79368293010654,0.268717885017395,0,value_factor,0.4103139340877533,quality_factor,0.3736405074596405,volatility_factor,0.11675417423248291
2019-11-06,600528.SH,tucker,"(3, 2, 2)",cn_a,INDUSTRY_C35,0.4963379689269438,0.39121224252319786,0.4963379689269438,0.268717885017395,0,value_factor,0.40071815252304077,quality_factor,0.3613737225532532,volatility_factor,0.12019770592451096
2019-11-06,600031.SH,tucker,"(3, 2, 2)",cn_a,INDUSTRY_C35,0.45855210501255395,0.3614295269481969,0.45855210501255395,0.268717885017395,2,value_factor,0.425565242767334,quality_factor,0.42044344544410706,momentum_factor,0.09048739075660706
2019-11-06,002430.SZ,tucker,"(3, 2, 2)",cn_a,INDUSTRY_C35,0.417564430671195,0.32912315306839857,0.417564430671195,0.268717885017395,2,value_factor,0.4603830873966217,quality_factor,0.438888281583786,volatility_factor,0.09661375731229782
2019-11-06,002353.SZ,tucker,"(3, 2, 2)",cn_a,INDUSTRY_C35,0.0018119969889886284,0.0014282111180010555,0.0018119969889886284,0.268717885017395,2,momentum_factor,0.3434346318244934,value_factor,0.2831224203109741,quality_factor,0.21104493737220764
2019-11-06,002595.SZ,tucker,"(3, 2, 2)",cn_a,INDUSTRY_C35,-0.06422141893447608,-0.050619148427623495,-0.06422141893447608,0.268717885017395,1,momentum_factor,0.4743189215660095,value_factor,0.21493549644947052,volatility_factor,0.18686753511428833
2019-11-06,002432.SZ,tucker,"(3, 2, 2)",cn_a,INDUSTRY_C35,-0.18191331083073958,-0.14338357879162822,-0.18191331083073958,0.268717885017395,1,momentum_factor,0.5529264807701111,volatility_factor,0.20156364142894745,value_factor,0.17398329079151154
2019-11-06,002008.SZ,tucker,"(3, 2, 2)",cn_a,INDUSTRY_C35,-0.22932870362082267,-0.18075626293995092,-0.22932870362082267,0.268717885017395,1,quality_factor,0.39093342423439026,value_factor,0.3698597848415375,momentum_factor,0.22867552936077118
2019-11-06,002837.SZ,tucker,"(3, 2, 2)",cn_a,INDUSTRY_C35,-0.26760951023991414,-0.21092909101399246,-0.26760951023991414,0.268717885017395,1,quality_factor,0.406566858291626,value_factor,0.3993707001209259,momentum_factor,0.1554679274559021
2019-11-06,300724.SZ,tucker,"(3, 2, 2)",cn_a,INDUSTRY_C35,-0.27920034118896675,-0.22006495256834716,-0.27920034118896675,0.268717885017395,1,quality_factor,0.40554049611091614,value_factor,0.39743325114250183,momentum_factor,0.16027429699897766
2019-11-06,002223.SZ,tucker,"(3, 2, 2)",cn_a,INDUSTRY_C35,-0.30947288693149916,-0.24392569111395168,-0.30947288693149916,0.268717885017395,2,quality_factor,0.3351595103740692,momentum_factor,0.3349778652191162,value_factor,0.29225966334342957
2019-11-06,688037.SH,tucker,"(3, 2, 2)",cn_a,INDUSTRY_C35,-0.32104797377485167,-0.2530491432068445,-0.32104797377485167,0.268717885017395,1,momentum_factor,0.35875776410102844,quality_factor,0.3201043903827667,value_factor,0.2721914052963257
2019-11-06,300003.SZ,tucker,"(3, 2, 2)",cn_a,INDUSTRY_C35,-0.38021271639125204,-0.2996826330591525,-0.38021271639125204,0.268717885017395,1,quality_factor,0.4055992066860199,value_factor,0.3975440263748169,momentum_factor,0.15999945998191833
2019-11-06,300751.SZ,tucker,"(3, 2, 2)",cn_a,INDUSTRY_C35,-0.4127908390459108,-0.3253606210810618,-0.4127908390459108,0.268717885017395,2,value_factor,0.44473251700401306,quality_factor,0.4176395833492279,volatility_factor,0.10440273582935333
2019-11-06,603338.SH,tucker,"(3, 2, 2)",cn_a,INDUSTRY_C35,-0.4143885927813977,-0.32661996624704015,-0.4143885927813977,0.268717885017395,2,value_factor,0.45771849155426025,quality_factor,0.4374767541885376,volatility_factor,0.09407984465360641
2019-11-06,300450.SZ,tucker,"(3, 2, 2)",cn_a,INDUSTRY_C35,-0.5076300018482197,-0.40011259228150614,-0.5076300018482197,0.268717885017395,1,quality_factor,0.4073909521102905,value_factor,0.4009263217449188,momentum_factor,0.15160900354385376
2019-11-06,601106.SH,tucker,"(3, 2, 2)",cn_a,INDUSTRY_C35,-0.5165060358815207,-0.40710865826128,-0.5165060358815207,0.268717885017395,2,momentum_factor,0.456076979637146,quality_factor,0.2584916055202484,value_factor,0.19006238877773285
2019-11-06,300529.SZ,tucker,"(3, 2, 2)",cn_a,INDUSTRY_C35,-0.5380708437719215,-0.42410598142119216,-0.5380708437719215,0.268717885017395,2,value_factor,0.4564450979232788,quality_factor,0.43261244893074036,volatility_factor,0.10019955784082413
2019-11-06,601608.SH,tucker,"(3, 2, 2)",cn_a,INDUSTRY_C35,-0.5532534376319986,-0.4360728607718911,-0.5532534376319986,0.268717885017395,1,momentum_factor,0.33992743492126465,quality_factor,0.3320259153842926,value_factor,0.28808262944221497
2019-11-06,688012.SH,tucker,"(3, 2, 2)",cn_a,INDUSTRY_C35,-0.6127453122789406,-0.4829641952044677,-0.6127453122789406,0.268717885017395,2,quality_factor,0.35745200514793396,value_factor,0.3219752907752991,momentum_factor,0.2997661530971527
2019-11-06,300757.SZ,tucker,"(3, 2, 2)",cn_a,INDUSTRY_C35,-0.6182781389777031,-0.48732515421994393,-0.6182781389777031,0.268717885017395,2,quality_factor,0.39226505160331726,value_factor,0.37237346172332764,momentum_factor,0.2224399298429489
2019-11-06,300604.SZ,tucker,"(3, 2, 2)",cn_a,INDUSTRY_C35,-0.9501173792124118,-0.7488799444167882,-0.9501173792124118,0.268717885017395,0,quality_factor,0.40268051624298096,value_factor,0.39203450083732605,momentum_factor,0.173666849732399
2019-11-07,601717.SH,tucker,"(3, 2, 2)",cn_a,INDUSTRY_C35,1.3510810121804306,1.0383300317695985,1.3510810121804306,0.3012057840824127,0,value_factor,0.43985164165496826,quality_factor,0.4114001393318176,volatility_factor,0.10615427792072296
2019-11-07,600582.SH,tucker,"(3, 2, 2)",cn_a,INDUSTRY_C35,0.9574386096850573,0.7358087731596094,0.9574386096850573,0.3012057840824127,0,value_factor,0.4047103524208069,quality_factor,0.3664771616458893,volatility_factor,0.11876507103443146
2019-11-07,600499.SH,tucker,"(3, 2, 2)",cn_a,INDUSTRY_C35,0.7665769050569186,0.5891281240767626,0.7665769050569186,0.3012057840824127,0,value_factor,0.4001888930797577,quality_factor,0.3606971502304077,volatility_factor,0.12038765102624893
2019-11-07,600528.SH,tucker,"(3, 2, 2)",cn_a,INDUSTRY_C35,0.48205478659644835,0.3704677642339137,0.48205478659644835,0.3012057840824127,0,value_factor,0.39269348978996277,quality_factor,0.3511154055595398,momentum_factor,0.13311369717121124
2019-11-07,600031.SH,tucker,"(3, 2, 2)",cn_a,INDUSTRY_C35,0.4287337575988791,0.32948959546838297,0.4287337575988791,0.3012057840824127,2,value_factor,0.45007574558258057,quality_factor,0.43342795968055725,volatility_factor,0.08681204169988632
2019-11-07,002430.SZ,tucker,"(3, 2, 2)",cn_a,INDUSTRY_C35,0.39730137373817154,0.30533324374820636,0.39730137373817154,0.3012057840824127,2,value_factor,0.44210484623908997,quality_factor,0.414280503988266,volatility_factor,0.1053456962108612
2019-11-07,002353.SZ,tucker,"(3, 2, 2)",cn_a,INDUSTRY_C35,-0.02967742363073673,-0.022807633253325233,-0.02967742363073673,0.3012057840824127,2,value_factor,0.34351372718811035,quality_factor,0.2882463335990906,momentum_factor,0.22751390933990479
2019-11-07,002595.SZ,tucker,"(3, 2, 2)",cn_a,INDUSTRY_C35,-0.08895053776016648,-0.06836008637955922,-0.08895053776016648,0.3012057840824127,1,momentum_factor,0.49872446060180664,value_factor,0.20222090184688568,volatility_factor,0.19143028557300568
2019-11-07,002432.SZ,tucker,"(3, 2, 2)",cn_a,INDUSTRY_C35,-0.22660880756158946,-0.17415293992990666,-0.22660880756158946,0.3012057840824127,1,momentum_factor,0.5667251348495483,volatility_factor,0.20414336025714874,value_factor,0.166794553399086
2019-11-07,002008.SZ,tucker,"(3, 2, 2)",cn_a,INDUSTRY_C35,-0.2820811548216953,-0.21678443543139764,-0.2820811548216953,0.3012057840824127,1,momentum_factor,0.34855812788009644,quality_factor,0.3265618085861206,value_factor,0.28079909086227417
2019-11-07,002837.SZ,tucker,"(3, 2, 2)",cn_a,INDUSTRY_C35,-0.29616420034632135,-0.2276075089371075,-0.29616420034632135,0.3012057840824127,1,quality_factor,0.3922742009162903,value_factor,0.3723907470703125,momentum_factor,0.22239714860916138
2019-11-07,300724.SZ,tucker,"(3, 2, 2)",cn_a,INDUSTRY_C35,-0.31027220933817723,-0.23844976731588427,-0.31027220933817723,0.3012057840824127,1,quality_factor,0.3905351758003235,value_factor,0.36910802125930786,momentum_factor,0.2305404394865036
2019-11-07,002223.SZ,tucker,"(3, 2, 2)",cn_a,INDUSTRY_C35,-0.3352073674988956,-0.25761288435459895,-0.3352073674988956,0.3012057840824127,2,momentum_factor,0.3689160943031311,quality_factor,0.3136731684207916,value_factor,0.26361870765686035
2019-11-07,688037.SH,tucker,"(3, 2, 2)",cn_a,INDUSTRY_C35,-0.3575082221376887,-0.27475149180806147,-0.3575082221376887,0.3012057840824127,1,momentum_factor,0.40482622385025024,quality_factor,0.29093846678733826,value_factor,0.2333136349916458
2019-11-07,300003.SZ,tucker,"(3, 2, 2)",cn_a,INDUSTRY_C35,-0.42600277867964687,-0.3273907891034025,-0.42600277867964687,0.3012057840824127,1,quality_factor,0.38921284675598145,value_factor,0.36661195755004883,momentum_factor,0.23673240840435028
2019-11-07,300751.SZ,tucker,"(3, 2, 2)",cn_a,INDUSTRY_C35,-0.44283904531173984,-0.34032976249536073,-0.44283904531173984,0.3012057840824127,2,value_factor,0.46019768714904785,quality_factor,0.43879008293151855,volatility_factor,0.09643743187189102
2019-11-07,603338.SH,tucker,"(3, 2, 2)",cn_a,INDUSTRY_C35,-0.4499498734836566,-0.345794561700657,-0.4499498734836566,0.3012057840824127,2,value_factor,0.4376417398452759,quality_factor,0.42684105038642883,volatility_factor,0.0749880000948906
2019-11-07,300450.SZ,tucker,"(3, 2, 2)",cn_a,INDUSTRY_C35,-0.5522549251594073,-0.42441783195536964,-0.5522549251594073,0.3012057840824127,1,quality_factor,0.3959810137748718,value_factor,0.3793880343437195,momentum_factor,0.2050388902425766
2019-11-07,601106.SH,tucker,"(3, 2, 2)",cn_a,INDUSTRY_C35,-0.5688188761740973,-0.4371475259028531,-0.5688188761740973,0.3012057840824127,2,momentum_factor,0.48852187395095825,quality_factor,0.23795069754123688,value_factor,0.16268165409564972
2019-11-07,300529.SZ,tucker,"(3, 2, 2)",cn_a,INDUSTRY_C35,-0.583103247889151,-0.44812532220299073,-0.583103247889151,0.3012057840824127,2,value_factor,0.44713762402534485,quality_factor,0.4318714737892151,volatility_factor,0.08401808142662048
2019-11-07,601608.SH,tucker,"(3, 2, 2)",cn_a,INDUSTRY_C35,-0.6069064150391222,-0.4664184838122711,-0.6069064150391222,0.3012057840824127,1,momentum_factor,0.38009554147720337,quality_factor,0.30659547448158264,value_factor,0.25418421626091003
2019-11-07,300757.SZ,tucker,"(3, 2, 2)",cn_a,INDUSTRY_C35,-0.6477228508997173,-0.4977866480909306,-0.6477228508997173,0.3012057840824127,2,quality_factor,0.38711726665496826,value_factor,0.3626561164855957,momentum_factor,0.24654562771320343
2019-11-07,688012.SH,tucker,"(3, 2, 2)",cn_a,INDUSTRY_C35,-0.6531835755488535,-0.5019833130927369,-0.6531835755488535,0.3012057840824127,2,quality_factor,0.34013378620147705,momentum_factor,0.32712075114250183,value_factor,0.2988903522491455
2019-11-07,300604.SZ,tucker,"(3, 2, 2)",cn_a,INDUSTRY_C35,-1.0124398460268076,-0.7780782114562302,-1.0124398460268076,0.3012057840824127,0,quality_factor,0.39469730854034424,value_factor,0.3769647777080536,momentum_factor,0.21105022728443146
2019-11-08,601717.SH,tucker,"(3, 2, 2)",cn_a,INDUSTRY_C35,1.0666798757197224,1.0447493271974624,1.0666798757197224,0.020991245284676552,0,value_factor,0.4401337206363678,quality_factor,0.41176071763038635,volatility_factor,0.10605307668447495
2019-11-08,600582.SH,tucker,"(3, 2, 2)",cn_a,INDUSTRY_C35,0.7566438005512359,0.7410874804595496,0.7566438005512359,0.020991245284676552,0,value_factor,0.40510138869285583,quality_factor,0.3669770359992981,volatility_factor,0.118624746799469
2019-11-08,600499.SH,tucker,"(3, 2, 2)",cn_a,INDUSTRY_C35,0.606851458940621,0.5943748146642659,0.606851458940621,0.020991245284676552,0,value_factor,0.40090155601501465,quality_factor,0.36160820722579956,volatility_factor,0.12013190239667892
2019-11-08,600528.SH,tucker,"(3, 2, 2)",cn_a,INDUSTRY_C35,0.3814521214750856,0.3736096052250401,0.3814521214750856,0.020991245284676552,0,value_factor,0.39326193928718567,quality_factor,0.35184210538864136,momentum_factor,0.13202257454395294
2019-11-08,600031.SH,tucker,"(3, 2, 2)",cn_a,INDUSTRY_C35,0.34025528457400883,0.33325976023895854,0.34025528457400883,0.020991245284676552,2,value_factor,0.4482478201389313,quality_factor,0.43245959281921387,volatility_factor,0.0850738063454628
2019-11-08,002430.SZ,tucker,"(3, 2, 2)",cn_a,INDUSTRY_C35,0.31488066418132404,0.30840683277066705,0.31488066418132404,0.020991245284676552,2,value_factor,0.44361406564712524,quality_factor,0.4162098169326782,volatility_factor,0.10480411350727081
2019-11-08,002353.SZ,tucker,"(3, 2, 2)",cn_a,INDUSTRY_C35,-0.02159956901918326,-0.021155489771775043,-0.02159956901918326,0.020991245284676552,2,value_factor,0.33753958344459534,quality_factor,0.28060927987098694,momentum_factor,0.2389812171459198
2019-11-08,002595.SZ,tucker,"(3, 2, 2)",cn_a,INDUSTRY_C35,-0.06879395601520419,-0.06737957741411574,-0.06879395601520419,0.020991245284676552,1,momentum_factor,0.4971749186515808,value_factor,0.20302815735340118,volatility_factor,0.1911405771970749
2019-11-08,002432.SZ,tucker,"(3, 2, 2)",cn_a,INDUSTRY_C35,-0.17632380279050058,-0.17269864982685496,-0.17632380279050058,0.020991245284676552,1,momentum_factor,0.5658465027809143,volatility_factor,0.20397910475730896,value_factor,0.1672523319721222
2019-11-08,002008.SZ,tucker,"(3, 2, 2)",cn_a,INDUSTRY_C35,-0.21965461218569513,-0.21513859361224416,-0.21965461218569513,0.020991245284676552,1,momentum_factor,0.3415709435939789,quality_factor,0.3309853672981262,value_factor,0.28669559955596924
2019-11-08,002837.SZ,tucker,"(3, 2, 2)",cn_a,INDUSTRY_C35,-0.23218294288416136,-0.22740934640890528,-0.23218294288416136,0.020991245284676552,1,quality_factor,0.3932827115058899,value_factor,0.3742945194244385,momentum_factor,0.2176743447780609
2019-11-08,300724.SZ,tucker,"(3, 2, 2)",cn_a,INDUSTRY_C35,-0.24317580485923795,-0.23817619915813026,-0.24317580485923795,0.020991245284676552,1,quality_factor,0.3915922939777374,value_factor,0.37110355496406555,momentum_factor,0.22559016942977905
2019-11-08,002223.SZ,tucker,"(3, 2, 2)",cn_a,INDUSTRY_C35,-0.2631748078023784,-0.25776402990760255,-0.2631748078023784,0.020991245284676552,2,momentum_factor,0.3665928542613983,quality_factor,0.31514397263526917,value_factor,0.2655792832374573
2019-11-08,688037.SH,tucker,"(3, 2, 2)",cn_a,INDUSTRY_C35,-0.2801587202690185,-0.2743987593391768,-0.2801587202690185,0.020991245284676552,1,momentum_factor,0.40175294876098633,quality_factor,0.29288411140441895,value_factor,0.235907182097435
2019-11-08,300003.SZ,tucker,"(3, 2, 2)",cn_a,INDUSTRY_C35,-0.33369750287184835,-0.32683680413264105,-0.33369750287184835,0.020991245284676552,1,quality_factor,0.3903639316558838,value_factor,0.3687847852706909,momentum_factor,0.23134230077266693
2019-11-08,300751.SZ,tucker,"(3, 2, 2)",cn_a,INDUSTRY_C35,-0.34790747012696777,-0.3407546196527539,-0.34790747012696777,0.020991245284676552,2,value_factor,0.4613571763038635,quality_factor,0.43940433859825134,volatility_factor,0.09754004329442978
2019-11-08,603338.SH,tucker,"(3, 2, 2)",cn_a,INDUSTRY_C35,-0.35320109797056554,-0.345939412441969,-0.35320109797056554,0.020991245284676552,2,value_factor,0.439072847366333,quality_factor,0.4275991916656494,volatility_factor,0.0763489156961441
2019-11-08,300450.SZ,tucker,"(3, 2, 2)",cn_a,INDUSTRY_C35,-0.4334514538392471,-0.4245398503142889,-0.4334514538392471,0.020991245284676552,1,quality_factor,0.39679110050201416,value_factor,0.38091719150543213,momentum_factor,0.20124554634094238
2019-11-08,601106.SH,tucker,"(3, 2, 2)",cn_a,INDUSTRY_C35,-0.4460824690171394,-0.43691117643499594,-0.4460824690171394,0.020991245284676552,2,momentum_factor,0.4863349497318268,quality_factor,0.23933523893356323,value_factor,0.16452722251415253
2019-11-08,300529.SZ,tucker,"(3, 2, 2)",cn_a,INDUSTRY_C35,-0.4577849402179342,-0.44837304910352144,-0.4577849402179342,0.020991245284676552,2,value_factor,0.4485170543193817,quality_factor,0.43260225653648376,volatility_factor,0.0853298157453537
2019-11-08,601608.SH,tucker,"(3, 2, 2)",cn_a,INDUSTRY_C35,-0.47607759951892714,-0.46628961801269847,-0.47607759951892714,0.020991245284676552,1,momentum_factor,0.3773781657218933,quality_factor,0.30831587314605713,value_factor,0.2564774751663208
2019-11-08,300757.SZ,tucker,"(3, 2, 2)",cn_a,INDUSTRY_C35,-0.5097146823043386,-0.49923513466569835,-0.5097146823043386,0.020991245284676552,2,quality_factor,0.3874872028827667,value_factor,0.3633543848991394,momentum_factor,0.24481350183486938
2019-11-08,688012.SH,tucker,"(3, 2, 2)",cn_a,INDUSTRY_C35,-0.5133863823683807,-0.5028313459179174,-0.5133863823683807,0.020991245284676552,2,quality_factor,0.34133708477020264,momentum_factor,0.32522016763687134,value_factor,0.30049434304237366
2019-11-08,300604.SZ,tucker,"(3, 2, 2)",cn_a,INDUSTRY_C35,-0.79577385364503,-0.7794130339583053,-0.79577385364503,0.020991245284676552,0,quality_factor,0.39526796340942383,value_factor,0.37804198265075684,momentum_factor,0.20837809145450592
2019-11-11,601717.SH,tucker,"(3, 2, 2)",cn_a,INDUSTRY_C35,1.9644635320260897,0.9822317660130448,1.9644635320260897,1.0,0,value_factor,0.4276933968067169,quality_factor,0.395857572555542,volatility_factor,0.11051739007234573
2019-11-11,600582.SH,tucker,"(3, 2, 2)",cn_a,INDUSTRY_C35,1.3277830501145926,0.6638915250572963,1.3277830501145926,1.0,0,value_factor,0.38819432258605957,quality_factor,0.34536388516426086,momentum_factor,0.14174984395503998
2019-11-11,600499.SH,tucker,"(3, 2, 2)",cn_a,INDUSTRY_C35,0.9731518739060376,0.4865759369530188,0.9731518739060376,1.0,0,value_factor,0.3715815544128418,quality_factor,0.3241268992424011,momentum_factor,0.17363795638084412
2019-11-11,600528.SH,tucker,"(3, 2, 2)",cn_a,INDUSTRY_C35,0.6258413144810469,0.3129206572405234,0.6258413144810469,1.0,0,value_factor,0.36941078305244446,quality_factor,0.3213518559932709,momentum_factor,0.17780473828315735
2019-11-11,002430.SZ,tucker,"(3, 2, 2)",cn_a,INDUSTRY_C35,0.47312843611549377,0.23656421805774688,0.47312843611549377,1.0,2,value_factor,0.38665711879730225,quality_factor,0.343398779630661,momentum_factor,0.14470051229000092
2019-11-11,600031.SH,tucker,"(3, 2, 2)",cn_a,INDUSTRY_C35,0.4705892896146899,0.23529464480734494,0.4705892896146899,1.0,2,value_factor,0.3892873525619507,quality_factor,0.34676113724708557,momentum_factor,0.13965170085430145
2019-11-11,002353.SZ,tucker,"(3, 2, 2)",cn_a,INDUSTRY_C35,-0.20122667910190375,-0.10061333955095188,-0.20122667910190375,1.0,2,momentum_factor,0.5082290768623352,quality_factor,0.22547407448291779,value_factor,0.14605048298835754
2019-11-11,002595.SZ,tucker,"(3, 2, 2)",cn_a,INDUSTRY_C35,-0.2530275013296016,-0.1265137506648008,-0.2530275013296016,1.0,1,momentum_factor,0.5463824272155762,volatility_factor,0.20034019649028778,value_factor,0.17739252746105194
2019-11-11,002432.SZ,tucker,"(3, 2, 2)",cn_a,INDUSTRY_C35,-0.5526059804981938,-0.2763029902490969,-0.5526059804981938,1.0,1,momentum_factor,0.5939226150512695,volatility_factor,0.20922806859016418,value_factor,0.15262547135353088
2019-11-11,002837.SZ,tucker,"(3, 2, 2)",cn_a,INDUSTRY_C35,-0.5721375807832753,-0.28606879039163763,-0.5721375807832753,1.0,1,momentum_factor,0.3689720034599304,quality_factor,0.3136378228664398,value_factor,0.263571560382843
2019-11-11,300724.SZ,tucker,"(3, 2, 2)",cn_a,INDUSTRY_C35,-0.6052070616944232,-0.3026035308472116,-0.6052070616944232,1.0,1,momentum_factor,0.3793119490146637,quality_factor,0.30709150433540344,value_factor,0.25484544038772583
2019-11-11,002223.SZ,tucker,"(3, 2, 2)",cn_a,INDUSTRY_C35,-0.614465786317535,-0.3072328931587675,-0.614465786317535,1.0,2,momentum_factor,0.45483094453811646,quality_factor,0.2592804729938507,value_factor,0.19111394882202148
2019-11-11,002008.SZ,tucker,"(3, 2, 2)",cn_a,INDUSTRY_C35,-0.673383209950977,-0.3366916049754885,-0.673383209950977,1.0,1,momentum_factor,0.5453495383262634,quality_factor,0.2019730806350708,volatility_factor,0.13795338571071625
2019-11-11,688037.SH,tucker,"(3, 2, 2)",cn_a,INDUSTRY_C35,-0.700651375068045,-0.3503256875340225,-0.700651375068045,1.0,1,momentum_factor,0.5109285712242126,quality_factor,0.22376498579978943,value_factor,0.14377230405807495
2019-11-11,300751.SZ,tucker,"(3, 2, 2)",cn_a,INDUSTRY_C35,-0.7919136144253672,-0.3959568072126836,-0.7919136144253672,1.0,2,quality_factor,0.41271647810935974,value_factor,0.41097918152809143,momentum_factor,0.1266709566116333
2019-11-11,603338.SH,tucker,"(3, 2, 2)",cn_a,INDUSTRY_C35,-0.8299151788376179,-0.41495758941880895,-0.8299151788376179,1.0,2,quality_factor,0.39515221118927,value_factor,0.37782353162765503,momentum_factor,0.2089199423789978
2019-11-11,300003.SZ,tucker,"(3, 2, 2)",cn_a,INDUSTRY_C35,-0.8466723099267218,-0.4233361549633609,-0.8466723099267218,1.0,1,momentum_factor,0.39284297823905945,quality_factor,0.29852500557899475,value_factor,0.24342641234397888
2019-11-11,300450.SZ,tucker,"(3, 2, 2)",cn_a,INDUSTRY_C35,-1.0235290752475161,-0.5117645376237581,-1.0235290752475161,1.0,1,quality_factor,0.3354558050632477,momentum_factor,0.33450981974601746,value_factor,0.2926546633243561
2019-11-11,300529.SZ,tucker,"(3, 2, 2)",cn_a,INDUSTRY_C35,-1.070221175913093,-0.5351105879565465,-1.070221175913093,1.0,2,quality_factor,0.4012162983417511,value_factor,0.38927051424980164,momentum_factor,0.18052352964878082
2019-11-11,300757.SZ,tucker,"(3, 2, 2)",cn_a,INDUSTRY_C35,-1.0853898133137447,-0.5426949066568724,-1.0853898133137447,1.0,2,quality_factor,0.3536743223667145,value_factor,0.31693968176841736,momentum_factor,0.3057331442832947
2019-11-11,601106.SH,tucker,"(3, 2, 2)",cn_a,INDUSTRY_C35,-1.0861428273753369,-0.5430714136876684,-1.0861428273753369,1.0,2,momentum_factor,0.5660731792449951,quality_factor,0.18885298073291779,volatility_factor,0.14783886075019836
2019-11-11,601608.SH,tucker,"(3, 2, 2)",cn_a,INDUSTRY_C35,-1.1479994522091344,-0.5739997261045672,-1.1479994522091344,1.0,1,momentum_factor,0.47739657759666443,quality_factor,0.24499408900737762,value_factor,0.17207041382789612
2019-11-11,688012.SH,tucker,"(3, 2, 2)",cn_a,INDUSTRY_C35,-1.1485502005154262,-0.5742751002577131,-1.1485502005154262,1.0,2,momentum_factor,0.40047311782836914,quality_factor,0.2936943769454956,value_factor,0.23698724806308746
2019-11-11,300604.SZ,tucker,"(3, 2, 2)",cn_a,INDUSTRY_C35,-1.7784668729950506,-0.8892334364975253,-1.7784668729950506,1.0,0,quality_factor,0.35236024856567383,value_factor,0.31518808007240295,momentum_factor,0.30780869722366333
2019-11-12,601717.SH,tucker,"(3, 2, 2)",cn_a,INDUSTRY_C35,1.5271434142986693,1.0188808893520092,1.5271434142986693,0.49884387850761414,0,value_factor,0.4339192509651184,quality_factor,0.40381643176078796,volatility_factor,0.10828317701816559
2019-11-12,600582.SH,tucker,"(3, 2, 2)",cn_a,INDUSTRY_C35,1.0588295963440988,0.7064308634633021,1.0588295963440988,0.49884387850761414,0,value_factor,0.3965694308280945,quality_factor,0.35607022047042847,momentum_factor,0.1256738156080246
2019-11-12,600499.SH,tucker,"(3, 2, 2)",cn_a,INDUSTRY_C35,0.8150727325115729,0.5438009441761223,0.8150727325115729,0.49884387850761414,0,value_factor,0.3857327699661255,quality_factor,0.3422171473503113,momentum_factor,0.1464747041463852
2019-11-12,600528.SH,tucker,"(3, 2, 2)",cn_a,INDUSTRY_C35,0.5175960029367612,0.3453301575081231,0.5175960029367612,0.49884387850761414,0,value_factor,0.38104256987571716,quality_factor,0.3362213969230652,momentum_factor,0.1554775834083557
2019-11-12,600031.SH,tucker,"(3, 2, 2)",cn_a,INDUSTRY_C35,0.42908351398861694,0.28627631710659057,0.42908351398861694,0.49884387850761414,2,value_factor,0.42923104763031006,quality_factor,0.3978232741355896,volatility_factor,0.10996560007333755
2019-11-12,002430.SZ,tucker,"(3, 2, 2)",cn_a,INDUSTRY_C35,0.41108508107343233,0.27426810676834446,0.41108508107343233,0.49884387850761414,2,value_factor,0.4128907322883606,quality_factor,0.3769345283508301,volatility_factor,0.1158294826745987
2019-11-12,002353.SZ,tucker,"(3, 2, 2)",cn_a,INDUSTRY_C35,-0.09098613573241673,-0.06070421024362083,-0.09098613573241673,0.49884387850761414,2,quality_factor,0.3895699083805084,value_factor,0.36728590726852417,momentum_factor,0.23506063222885132
2019-11-12,002595.SZ,tucker,"(3, 2, 2)",cn_a,INDUSTRY_C35,-0.14548961040165467,-0.09706788651908761,-0.14548961040165467,0.49884387850761414,1,momentum_factor,0.525870680809021,volatility_factor,0.19650541245937347,value_factor,0.18807852268218994
2019-11-12,002432.SZ,tucker,"(3, 2, 2)",cn_a,INDUSTRY_C35,-0.3372150551118478,-0.2249834377297394,-0.3372150551118478,0.49884387850761414,1,momentum_factor,0.5821758508682251,volatility_factor,0.2070319503545761,value_factor,0.1587451994419098
2019-11-12,002837.SZ,tucker,"(3, 2, 2)",cn_a,INDUSTRY_C35,-0.38618213012812386,-0.2576533340043223,-0.38618213012812386,0.49884387850761414,1,quality_factor,0.3547504246234894,value_factor,0.3183740973472595,momentum_factor,0.30403342843055725
2019-11-12,300724.SZ,tucker,"(3, 2, 2)",cn_a,INDUSTRY_C35,-0.40669135577132026,-0.2713366972481454,-0.40669135577132026,0.49884387850761414,1,quality_factor,0.34900450706481934,momentum_factor,0.3131091892719269,value_factor,0.3107149302959442
2019-11-12,002008.SZ,tucker,"(3, 2, 2)",cn_a,INDUSTRY_C35,-0.4144951563073429,-0.27654324376893824,-0.4144951563073429,0.49884387850761414,1,momentum_factor,0.464731901884079,quality_factor,0.25301212072372437,value_factor,0.18275833129882812
2019-11-12,002223.SZ,tucker,"(3, 2, 2)",cn_a,INDUSTRY_C35,-0.42506579782537046,-0.2835957736951177,-0.42506579782537046,0.49884387850761414,2,momentum_factor,0.4140464663505554,quality_factor,0.28510111570358276,value_factor,0.22553254663944244
2019-11-12,688037.SH,tucker,"(3, 2, 2)",cn_a,INDUSTRY_C35,-0.46980805834070516,-0.31344695450672405,-0.46980805834070516,0.49884387850761414,1,momentum_factor,0.46232596039772034,quality_factor,0.25453534722328186,value_factor,0.1847887933254242
2019-11-12,300751.SZ,tucker,"(3, 2, 2)",cn_a,INDUSTRY_C35,-0.55433671760923,-0.36984285991080146,-0.55433671760923,0.49884387850761414,2,value_factor,0.43599727749824524,quality_factor,0.4259698688983917,volatility_factor,0.07342424988746643
2019-11-12,300003.SZ,tucker,"(3, 2, 2)",cn_a,INDUSTRY_C35,-0.5641000562384046,-0.3763567727839462,-0.5641000562384046,0.49884387850761414,1,quality_factor,0.3424248695373535,momentum_factor,0.3235018849372864,value_factor,0.3019443154335022
2019-11-12,603338.SH,tucker,"(3, 2, 2)",cn_a,INDUSTRY_C35,-0.5724261186650458,-0.3819117624533037,-0.5724261186650458,0.49884387850761414,2,quality_factor,0.4111405909061432,value_factor,0.40800437331199646,momentum_factor,0.13405045866966248
2019-11-12,300450.SZ,tucker,"(3, 2, 2)",cn_a,INDUSTRY_C35,-0.7043650131617504,-0.4699388703897639,-0.7043650131617504,0.49884387850761414,1,quality_factor,0.37164342403411865,value_factor,0.3408922851085663,momentum_factor,0.2773504853248596
2019-11-12,601106.SH,tucker,"(3, 2, 2)",cn_a,INDUSTRY_C35,-0.7370883761488287,-0.4917712725536266,-0.7370883761488287,0.49884387850761414,2,momentum_factor,0.5300474166870117,quality_factor,0.21166084706783295,volatility_factor,0.13065406680107117
2019-11-12,300529.SZ,tucker,"(3, 2, 2)",cn_a,INDUSTRY_C35,-0.7399014407150938,-0.4936480954507067,-0.7399014407150938,0.49884387850761414,2,value_factor,0.41851842403411865,quality_factor,0.41671040654182434,momentum_factor,0.1079682782292366
2019-11-12,601608.SH,tucker,"(3, 2, 2)",cn_a,INDUSTRY_C35,-0.7824929997586476,-0.5220643693584941,-0.7824929997586476,0.49884387850761414,1,momentum_factor,0.43196815252304077,quality_factor,0.27375489473342896,value_factor,0.21040816605091095
2019-11-12,300757.SZ,tucker,"(3, 2, 2)",cn_a,INDUSTRY_C35,-0.7843119503335656,-0.5232779384065006,-0.7843119503335656,0.49884387850761414,2,quality_factor,0.3717270791530609,value_factor,0.34100377559661865,momentum_factor,0.2772183120250702
2019-11-12,688012.SH,tucker,"(3, 2, 2)",cn_a,INDUSTRY_C35,-0.8105502271610698,-0.5407836150697163,-0.8105502271610698,0.49884387850761414,2,momentum_factor,0.3648904860019684,quality_factor,0.31622183322906494,value_factor,0.2670159935951233
2019-11-12,300604.SZ,tucker,"(3, 2, 2)",cn_a,INDUSTRY_C35,-1.255707073441563,-0.8377837521836885,-1.255707073441563,0.49884387850761414,0,quality_factor,0.37976890802383423,value_factor,0.35172346234321594,momentum_factor,0.2645159959793091
2019-11-13,601717.SH,tucker,"(3, 2, 2)",cn_a,INDUSTRY_C35,1.568194724532457,1.056595646235633,1.568194724532457,0.4841957092285156,0,value_factor,0.4400603175163269,quality_factor,0.4116668701171875,volatility_factor,0.10607939958572388
2019-11-13,600582.SH,tucker,"(3, 2, 2)",cn_a,INDUSTRY_C35,1.112106145592326,0.7492988550481651,1.112106145592326,0.4841957092285156,0,value_factor,0.40499958395957947,quality_factor,0.3668469190597534,volatility_factor,0.11866126954555511
2019-11-13,600499.SH,tucker,"(3, 2, 2)",cn_a,INDUSTRY_C35,0.8915455938839013,0.6006927444543863,0.8915455938839013,0.4841957092285156,0,value_factor,0.4007159173488617,quality_factor,0.36137086153030396,volatility_factor,0.12019851803779602
2019-11-13,600528.SH,tucker,"(3, 2, 2)",cn_a,INDUSTRY_C35,0.5604652145133642,0.3776221767981621,0.5604652145133642,0.4841957092285156,0,value_factor,0.393113911151886,quality_factor,0.3516528308391571,momentum_factor,0.13230670988559723
2019-11-13,600031.SH,tucker,"(3, 2, 2)",cn_a,INDUSTRY_C35,0.49955522935651997,0.3365831246178367,0.49955522935651997,0.4841957092285156,2,value_factor,0.4487224519252777,quality_factor,0.43271103501319885,volatility_factor,0.08552512526512146
2019-11-13,002430.SZ,tucker,"(3, 2, 2)",cn_a,INDUSTRY_C35,0.4624637975382377,0.31159219411746325,0.4624637975382377,0.4841957092285156,2,value_factor,0.44322025775909424,quality_factor,0.4157063961029053,volatility_factor,0.10494544357061386
2019-11-13,002353.SZ,tucker,"(3, 2, 2)",cn_a,INDUSTRY_C35,-0.03245427491041449,-0.021866573733247224,-0.03245427491041449,0.4841957092285156,2,value_factor,0.3390602469444275,quality_factor,0.28255322575569153,momentum_factor,0.23606224358081818
2019-11-13,002595.SZ,tucker,"(3, 2, 2)",cn_a,INDUSTRY_C35,-0.10168566777669547,-0.06851230410142584,-0.10168566777669547,0.4841957092285156,1,momentum_factor,0.4975808262825012,value_factor,0.20281672477722168,volatility_factor,0.19121646881103516
2019-11-13,002432.SZ,tucker,"(3, 2, 2)",cn_a,INDUSTRY_C35,-0.2602120869674764,-0.17532195070334392,-0.2602120869674764,0.4841957092285156,1,momentum_factor,0.5660765171051025,volatility_factor,0.2040221095085144,value_factor,0.1671324223279953
2019-11-13,002008.SZ,tucker,"(3, 2, 2)",cn_a,INDUSTRY_C35,-0.32409300027884713,-0.21836271204914787,-0.32409300027884713,0.4841957092285156,1,momentum_factor,0.3434050381183624,quality_factor,0.32982420921325684,value_factor,0.2851478159427643
2019-11-13,002837.SZ,tucker,"(3, 2, 2)",cn_a,INDUSTRY_C35,-0.34197318222787865,-0.2304097634170066,-0.34197318222787865,0.4841957092285156,1,quality_factor,0.39302000403404236,value_factor,0.3737986087799072,momentum_factor,0.2189044952392578
2019-11-13,300724.SZ,tucker,"(3, 2, 2)",cn_a,INDUSTRY_C35,-0.3581900484975771,-0.24133612991225,-0.3581900484975771,0.4841957092285156,1,quality_factor,0.3913169205188751,value_factor,0.37058374285697937,momentum_factor,0.22687968611717224
2019-11-13,002223.SZ,tucker,"(3, 2, 2)",cn_a,INDUSTRY_C35,-0.38747243032417067,-0.2610655912255525,-0.38747243032417067,0.4841957092285156,2,momentum_factor,0.36719903349876404,quality_factor,0.3147602677345276,value_factor,0.2650677561759949
2019-11-13,688037.SH,tucker,"(3, 2, 2)",cn_a,INDUSTRY_C35,-0.41267941891979676,-0.2780491928078052,-0.41267941891979676,0.4841957092285156,1,momentum_factor,0.402555912733078,quality_factor,0.292375773191452,value_factor,0.23522956669330597
2019-11-13,300003.SZ,tucker,"(3, 2, 2)",cn_a,INDUSTRY_C35,-0.49159564493943936,-0.3312202305145934,-0.49159564493943936,0.4841957092285156,1,quality_factor,0.3900640606880188,value_factor,0.36821871995925903,momentum_factor,0.2327466458082199
2019-11-13,300751.SZ,tucker,"(3, 2, 2)",cn_a,INDUSTRY_C35,-0.5121360654838452,-0.3450596591133209,-0.5121360654838452,0.4841957092285156,2,value_factor,0.4610553979873657,quality_factor,0.43924444913864136,volatility_factor,0.09725308418273926
2019-11-13,603338.SH,tucker,"(3, 2, 2)",cn_a,INDUSTRY_C35,-0.5200409525558743,-0.35038570002751956,-0.5200409525558743,0.4841957092285156,2,value_factor,0.43870028853416443,quality_factor,0.4274018108844757,volatility_factor,0.07599463313817978
2019-11-13,300450.SZ,tucker,"(3, 2, 2)",cn_a,INDUSTRY_C35,-0.6382206472785078,-0.4300111119511689,-0.6382206472785078,0.4841957092285156,1,quality_factor,0.39658015966415405,value_factor,0.3805190324783325,momentum_factor,0.20223326981067657
2019-11-13,601106.SH,tucker,"(3, 2, 2)",cn_a,INDUSTRY_C35,-0.6569607791422011,-0.4426375679819807,-0.6569607791422011,0.4841957092285156,2,momentum_factor,0.4869060218334198,quality_factor,0.2389737069606781,value_factor,0.1640453040599823
2019-11-13,300529.SZ,tucker,"(3, 2, 2)",cn_a,INDUSTRY_C35,-0.6740030067610946,-0.4541200345549046,-0.6740030067610946,0.4841957092285156,2,value_factor,0.44815799593925476,quality_factor,0.4324120283126831,volatility_factor,0.08498837053775787
2019-11-13,601608.SH,tucker,"(3, 2, 2)",cn_a,INDUSTRY_C35,-0.7010872086962572,-0.47236843789333016,-0.7010872086962572,0.4841957092285156,1,momentum_factor,0.37808758020401,quality_factor,0.3078666925430298,value_factor,0.255878746509552
2019-11-13,300757.SZ,tucker,"(3, 2, 2)",cn_a,INDUSTRY_C35,-0.7499996892764248,-0.5053239843054622,-0.7499996892764248,0.4841957092285156,2,quality_factor,0.38739097118377686,value_factor,0.363172709941864,momentum_factor,0.2452642321586609
2019-11-13,688012.SH,tucker,"(3, 2, 2)",cn_a,INDUSTRY_C35,-0.7556419982051469,-0.5091255779185141,-0.7556419982051469,0.4841957092285156,2,quality_factor,0.34102338552474976,momentum_factor,0.3257156312465668,value_factor,0.3000761866569519
2019-11-13,300604.SZ,tucker,"(3, 2, 2)",cn_a,INDUSTRY_C35,-1.1712738584956162,-0.7891640241329385,-1.1712738584956162,0.4841957092285156,0,quality_factor,0.39511942863464355,value_factor,0.3777616322040558,momentum_factor,0.20907360315322876
2019-11-14,601717.SH,tucker,"(3, 2, 2)",cn_a,INDUSTRY_C35,1.1947445902998421,1.0537048386337937,1.1947445902998421,0.13385127484798431,0,value_factor,0.44160783290863037,quality_factor,0.4136451780796051,volatility_factor,0.10552404075860977
2019-11-14,600582.SH,tucker,"(3, 2, 2)",cn_a,INDUSTRY_C35,0.8517981392473888,0.7512432599832748,0.8517981392473888,0.13385127484798431,0,value_factor,0.40715113282203674,quality_factor,0.36959731578826904,volatility_factor,0.1178891733288765
2019-11-14,600499.SH,tucker,"(3, 2, 2)",cn_a,INDUSTRY_C35,0.6891917350952254,0.6078325626350021,0.6891917350952254,0.13385127484798431,0,value_factor,0.4046655595302582,quality_factor,0.3664199411869049,volatility_factor,0.11878114193677902
2019-11-14,600528.SH,tucker,"(3, 2, 2)",cn_a,INDUSTRY_C35,0.432281004634959,0.38125017675871525,0.432281004634959,0.13385127484798431,0,value_factor,0.39625510573387146,quality_factor,0.35566839575767517,momentum_factor,0.1262771636247635
2019-11-14,600031.SH,tucker,"(3, 2, 2)",cn_a,INDUSTRY_C35,0.3913484934248122,0.3451497537312804,0.3913484934248122,0.13385127484798431,2,value_factor,0.4388604760169983,quality_factor,0.4274866580963135,volatility_factor,0.07614699006080627
2019-11-14,002430.SZ,tucker,"(3, 2, 2)",cn_a,INDUSTRY_C35,0.3596934239804955,0.3172315692828417,0.3596934239804955,0.13385127484798431,2,value_factor,0.4516991376876831,quality_factor,0.4265454113483429,volatility_factor,0.10190270841121674
2019-11-14,002353.SZ,tucker,"(3, 2, 2)",cn_a,INDUSTRY_C35,-0.01359580343772476,-0.011990817103301712,-0.01359580343772476,0.13385127484798431,2,value_factor,0.31122204661369324,momentum_factor,0.28949758410453796,quality_factor,0.2469661831855774
2019-11-14,002595.SZ,tucker,"(3, 2, 2)",cn_a,INDUSTRY_C35,-0.06876118381237599,-0.06064391727030516,-0.06876118381237599,0.13385127484798431,1,momentum_factor,0.4885939657688141,value_factor,0.20749859511852264,volatility_factor,0.18953631818294525
2019-11-14,002432.SZ,tucker,"(3, 2, 2)",cn_a,INDUSTRY_C35,-0.1825358392007146,-0.16098746004081277,-0.1825358392007146,0.13385127484798431,1,momentum_factor,0.5609868764877319,volatility_factor,0.20307056605815887,value_factor,0.16978399455547333
2019-11-14,002008.SZ,tucker,"(3, 2, 2)",cn_a,INDUSTRY_C35,-0.22837931876872655,-0.20141911098346366,-0.22837931876872655,0.13385127484798431,1,quality_factor,0.355953574180603,value_factor,0.31997793912887573,momentum_factor,0.3021329343318939
2019-11-14,002837.SZ,tucker,"(3, 2, 2)",cn_a,INDUSTRY_C35,-0.25057173327791493,-0.22099170812192812,-0.25057173327791493,0.13385127484798431,1,quality_factor,0.3986031413078308,value_factor,0.38433772325515747,momentum_factor,0.19276028871536255
2019-11-14,300724.SZ,tucker,"(3, 2, 2)",cn_a,INDUSTRY_C35,-0.2620426330258918,-0.23110846668778443,-0.2620426330258918,0.13385127484798431,1,quality_factor,0.3971732556819916,value_factor,0.38163861632347107,momentum_factor,0.19945597648620605
2019-11-14,002223.SZ,tucker,"(3, 2, 2)",cn_a,INDUSTRY_C35,-0.2862524973582786,-0.252460353439832,-0.2862524973582786,0.13385127484798431,2,momentum_factor,0.35416045784950256,quality_factor,0.3230149745941162,value_factor,0.2760711908340454
2019-11-14,688037.SH,tucker,"(3, 2, 2)",cn_a,INDUSTRY_C35,-0.301671536367936,-0.2660591729226485,-0.301671536367936,0.13385127484798431,1,momentum_factor,0.38510945439338684,quality_factor,0.30342110991477966,value_factor,0.24995283782482147
2019-11-14,300003.SZ,tucker,"(3, 2, 2)",cn_a,INDUSTRY_C35,-0.3585255782508156,-0.3162015878908919,-0.3585255782508156,0.13385127484798431,1,quality_factor,0.3964492380619049,value_factor,0.3802718222141266,momentum_factor,0.20284651219844818
2019-11-14,300751.SZ,tucker,"(3, 2, 2)",cn_a,INDUSTRY_C35,-0.37975352508619376,-0.33492357288777336,-0.37975352508619376,0.13385127484798431,2,value_factor,0.45525866746902466,quality_factor,0.43109577894210815,volatility_factor,0.10062532126903534
2019-11-14,603338.SH,tucker,"(3, 2, 2)",cn_a,INDUSTRY_C35,-0.3838282826618501,-0.338517304810553,-0.3838282826618501,0.13385127484798431,2,value_factor,0.44658589363098145,quality_factor,0.43157920241355896,volatility_factor,0.08349341154098511
2019-11-14,300450.SZ,tucker,"(3, 2, 2)",cn_a,INDUSTRY_C35,-0.47070593459496207,-0.41513903882324954,-0.47070593459496207,0.13385127484798431,1,quality_factor,0.40105199813842773,value_factor,0.3889603912830353,momentum_factor,0.1812928318977356
2019-11-14,601106.SH,tucker,"(3, 2, 2)",cn_a,INDUSTRY_C35,-0.48227047795784705,-0.4253383863632991,-0.48227047795784705,0.13385127484798431,2,momentum_factor,0.4745476543903351,quality_factor,0.24679777026176453,value_factor,0.17447467148303986
2019-11-14,300529.SZ,tucker,"(3, 2, 2)",cn_a,INDUSTRY_C35,-0.4978376092728006,-0.43906781583583393,-0.4978376092728006,0.13385127484798431,2,value_factor,0.4557547867298126,quality_factor,0.4364364445209503,volatility_factor,0.0922125056385994
2019-11-14,601608.SH,tucker,"(3, 2, 2)",cn_a,INDUSTRY_C35,-0.5154325596359796,-0.4545856800586384,-0.5154325596359796,0.13385127484798431,1,momentum_factor,0.36275631189346313,quality_factor,0.3175729215145111,value_factor,0.2688170075416565
2019-11-14,300757.SZ,tucker,"(3, 2, 2)",cn_a,INDUSTRY_C35,-0.5612837256395798,-0.4950241100521735,-0.5612837256395798,0.13385127484798431,2,quality_factor,0.38942161202430725,value_factor,0.36700597405433655,momentum_factor,0.2357550859451294
2019-11-14,688012.SH,tucker,"(3, 2, 2)",cn_a,INDUSTRY_C35,-0.5616944079435968,-0.4953863112576842,-0.5616944079435968,0.13385127484798431,2,quality_factor,0.34773141145706177,momentum_factor,0.31512004137039185,value_factor,0.3090178966522217
2019-11-14,300604.SZ,tucker,"(3, 2, 2)",cn_a,INDUSTRY_C35,-0.870774531643671,-0.7679794868305191,-0.870774531643671,0.13385127484798431,0,quality_factor,0.398259699344635,value_factor,0.38368943333625793,momentum_factor,0.19436845183372498
2019-11-15,601717.SH,tucker,"(3, 2, 2)",cn_a,INDUSTRY_C35,1.164790057404201,1.064121999896249,1.164790057404201,0.09460193663835526,0,value_factor,0.4406631886959076,quality_factor,0.4124375879764557,volatility_factor,0.1058630496263504
2019-11-15,600582.SH,tucker,"(3, 2, 2)",cn_a,INDUSTRY_C35,0.8277570231932705,0.7562173572391038,0.8277570231932705,0.09460193663835526,0,value_factor,0.40583646297454834,quality_factor,0.3679167330265045,volatility_factor,0.1183609589934349
2019-11-15,600499.SH,tucker,"(3, 2, 2)",cn_a,INDUSTRY_C35,0.666008622103858,0.6084482112430731,0.666008622103858,0.09460193663835526,0,value_factor,0.4022458791732788,quality_factor,0.3633267283439636,volatility_factor,0.11964945495128632
2019-11-15,600528.SH,tucker,"(3, 2, 2)",cn_a,INDUSTRY_C35,0.41830985759771944,0.38215704144590934,0.41830985759771944,0.09460193663835526,0,value_factor,0.39433273673057556,quality_factor,0.3532109260559082,momentum_factor,0.12996715307235718
2019-11-15,600031.SH,tucker,"(3, 2, 2)",cn_a,INDUSTRY_C35,0.37515953580979733,0.34273602610906884,0.37515953580979733,0.09460193663835526,2,value_factor,0.44484418630599976,quality_factor,0.4306565225124359,volatility_factor,0.08183711022138596
2019-11-15,002430.SZ,tucker,"(3, 2, 2)",cn_a,INDUSTRY_C35,0.3463116541870769,0.3163813493241802,0.3463116541870769,0.09460193663835526,2,value_factor,0.44647955894470215,quality_factor,0.4198729395866394,volatility_factor,0.10377579182386398
2019-11-15,002353.SZ,tucker,"(3, 2, 2)",cn_a,INDUSTRY_C35,-0.019852784139354044,-0.018136988917091153,-0.019852784139354044,0.09460193663835526,2,value_factor,0.3272138833999634,quality_factor,0.26740938425064087,momentum_factor,0.25880134105682373
2019-11-15,002595.SZ,tucker,"(3, 2, 2)",cn_a,INDUSTRY_C35,-0.07220001228909936,-0.06596005948130192,-0.07220001228909936,0.09460193663835526,1,momentum_factor,0.49418845772743225,value_factor,0.20458409190177917,volatility_factor,0.1905822455883026
2019-11-15,002432.SZ,tucker,"(3, 2, 2)",cn_a,INDUSTRY_C35,-0.18727193815408116,-0.17108678777450628,-0.18727193815408116,0.09460193663835526,1,momentum_factor,0.5641539096832275,volatility_factor,0.20366264879703522,value_factor,0.16813407838344574
2019-11-15,002008.SZ,tucker,"(3, 2, 2)",cn_a,INDUSTRY_C35,-0.23364061575853007,-0.21344800955120294,-0.23364061575853007,0.09460193663835526,1,quality_factor,0.3395839333534241,momentum_factor,0.3279893696308136,value_factor,0.29815736413002014
2019-11-15,002837.SZ,tucker,"(3, 2, 2)",cn_a,INDUSTRY_C35,-0.25019611571959044,-0.22857268512330253,-0.25019611571959044,0.09460193663835526,1,quality_factor,0.3951842188835144,value_factor,0.3778839111328125,momentum_factor,0.20877023041248322
2019-11-15,300724.SZ,tucker,"(3, 2, 2)",cn_a,INDUSTRY_C35,-0.26190350870710505,-0.23926825584890515,-0.26190350870710505,0.09460193663835526,1,quality_factor,0.39358609914779663,value_factor,0.37486717104911804,momentum_factor,0.216253861784935
2019-11-15,002223.SZ,tucker,"(3, 2, 2)",cn_a,INDUSTRY_C35,-0.28437957715791423,-0.25980180930572383,-0.28437957715791423,0.09460193663835526,2,momentum_factor,0.36218392848968506,quality_factor,0.3179353177547455,value_factor,0.26930007338523865
2019-11-15,688037.SH,tucker,"(3, 2, 2)",cn_a,INDUSTRY_C35,-0.30165590596531316,-0.2755850154247429,-0.30165590596531316,0.09460193663835526,1,momentum_factor,0.39588895440101624,quality_factor,0.2965966463088989,value_factor,0.2408558875322342
2019-11-15,300003.SZ,tucker,"(3, 2, 2)",cn_a,INDUSTRY_C35,-0.3590224389061275,-0.3279935927233297,-0.3590224389061275,0.09460193663835526,1,quality_factor,0.3925362527370453,value_factor,0.37288540601730347,momentum_factor,0.22116996347904205
2019-11-15,300751.SZ,tucker,"(3, 2, 2)",cn_a,INDUSTRY_C35,-0.3764108617901184,-0.34387920508474523,-0.3764108617901184,0.09460193663835526,2,value_factor,0.4601248502731323,quality_factor,0.4373164474964142,volatility_factor,0.09887905418872833
2019-11-15,603338.SH,tucker,"(3, 2, 2)",cn_a,INDUSTRY_C35,-0.3815380476841038,-0.3485632691979868,-0.3815380476841038,0.09460193663835526,2,value_factor,0.4417649805545807,quality_factor,0.4290253221988678,volatility_factor,0.07890898734331131
2019-11-15,300450.SZ,tucker,"(3, 2, 2)",cn_a,INDUSTRY_C35,-0.4681100248896632,-0.42765318324159896,-0.4681100248896632,0.09460193663835526,1,quality_factor,0.39831632375717163,value_factor,0.3837963342666626,momentum_factor,0.19410333037376404
2019-11-15,601106.SH,tucker,"(3, 2, 2)",cn_a,INDUSTRY_C35,-0.4809928027036353,-0.4394225550734413,-0.4809928027036353,0.09460193663835526,2,momentum_factor,0.4821711480617523,quality_factor,0.24197137355804443,value_factor,0.1680411547422409
2019-11-15,300529.SZ,tucker,"(3, 2, 2)",cn_a,INDUSTRY_C35,-0.49463820652866064,-0.45188864225831765,-0.49463820652866064,0.09460193663835526,2,value_factor,0.4511112570762634,quality_factor,0.43397653102874756,volatility_factor,0.08779677748680115
2019-11-15,601608.SH,tucker,"(3, 2, 2)",cn_a,INDUSTRY_C35,-0.5135938119825616,-0.46920599198724794,-0.5135938119825616,0.09460193663835526,1,momentum_factor,0.37220823764801025,quality_factor,0.3115888833999634,value_factor,0.26084038615226746
2019-11-15,300757.SZ,tucker,"(3, 2, 2)",cn_a,INDUSTRY_C35,-0.5532051182816868,-0.5053938545205738,-0.5532051182816868,0.09460193663835526,2,quality_factor,0.38818174600601196,value_factor,0.36466553807258606,momentum_factor,0.24156083166599274
2019-11-15,688012.SH,tucker,"(3, 2, 2)",cn_a,INDUSTRY_C35,-0.5559103270470461,-0.5078652631175413,-0.5559103270470461,0.09460193663835526,2,quality_factor,0.34361332654953003,momentum_factor,0.321624755859375,value_factor,0.3035285472869873
2019-11-15,300604.SZ,tucker,"(3, 2, 2)",cn_a,INDUSTRY_C35,-0.8617306263306966,-0.7872547603182872,-0.8617306263306966,0.09460193663835526,0,quality_factor,0.3963407576084137,value_factor,0.3800670802593231,momentum_factor,0.20335446298122406
2019-11-18,601717.SH,tucker,"(3, 2, 2)",cn_a,INDUSTRY_C35,1.5934752691066751,1.0842962526979898,1.5934752691066751,0.46959394216537476,0,value_factor,0.44655802845954895,quality_factor,0.4199732542037964,volatility_factor,0.1037476435303688
2019-11-18,600582.SH,tucker,"(3, 2, 2)",cn_a,INDUSTRY_C35,1.1546166448147261,0.7856704936357075,1.1546166448147261,0.46959394216537476,0,value_factor,0.4141080379486084,quality_factor,0.37849071621894836,volatility_factor,0.11539263278245926
2019-11-18,600499.SH,tucker,"(3, 2, 2)",cn_a,INDUSTRY_C35,0.9599716276310316,0.653222336560176,0.9599716276310316,0.46959394216537476,0,value_factor,0.4178062379360199,quality_factor,0.38321834802627563,volatility_factor,0.1140654981136322
2019-11-18,600528.SH,tucker,"(3, 2, 2)",cn_a,INDUSTRY_C35,0.5981857954526024,0.40704153305751856,0.5981857954526024,0.46959394216537476,0,value_factor,0.4065858721733093,quality_factor,0.368874728679657,volatility_factor,0.11809203028678894
2019-11-18,600031.SH,tucker,"(3, 2, 2)",cn_a,INDUSTRY_C35,0.5659959144256244,0.38513760517797657,0.5659959144256244,0.46959394216537476,2,quality_factor,0.41180238127708435,value_factor,0.40925365686416626,momentum_factor,0.130951389670372
2019-11-18,002430.SZ,tucker,"(3, 2, 2)",cn_a,INDUSTRY_C35,0.5098710227924866,0.34694685891367544,0.5098710227924866,0.46959394216537476,2,value_factor,0.44802090525627136,quality_factor,0.4323394000530243,volatility_factor,0.08485805988311768
2019-11-18,002353.SZ,tucker,"(3, 2, 2)",cn_a,INDUSTRY_C35,0.027431149830477147,0.01866580143729378,0.027431149830477147,0.46959394216537476,2,momentum_factor,0.3915463387966156,value_factor,0.2580576241016388,quality_factor,0.17900332808494568
2019-11-18,002595.SZ,tucker,"(3, 2, 2)",cn_a,INDUSTRY_C35,-0.05605534124933335,-0.038143420007035106,-0.05605534124933335,0.46959394216537476,1,momentum_factor,0.45224106311798096,value_factor,0.22643738985061646,volatility_factor,0.1827399581670761
2019-11-18,002432.SZ,tucker,"(3, 2, 2)",cn_a,INDUSTRY_C35,-0.17914243004951189,-0.12189926594266702,-0.17914243004951189,0.46959394216537476,1,momentum_factor,0.5405182242393494,volatility_factor,0.19924384355545044,value_factor,0.18044757843017578
2019-11-18,002008.SZ,tucker,"(3, 2, 2)",cn_a,INDUSTRY_C35,-0.22872102199074812,-0.15563551682659987,-0.22872102199074812,0.46959394216537476,1,value_factor,0.4193355143070221,quality_factor,0.4171432554721832,momentum_factor,0.10594147443771362
2019-11-18,002837.SZ,tucker,"(3, 2, 2)",cn_a,INDUSTRY_C35,-0.29340555358036335,-0.19965075607751365,-0.29340555358036335,0.46959394216537476,1,value_factor,0.4192415177822113,quality_factor,0.4170934557914734,momentum_factor,0.106174536049366
2019-11-18,300724.SZ,tucker,"(3, 2, 2)",cn_a,INDUSTRY_C35,-0.3050853805814339,-0.20759841167967524,-0.3050853805814339,0.46959394216537476,1,value_factor,0.41835761070251465,quality_factor,0.4166252017021179,momentum_factor,0.10836727172136307
2019-11-18,002223.SZ,tucker,"(3, 2, 2)",cn_a,INDUSTRY_C35,-0.34515664638408117,-0.23486530699524152,-0.34515664638408117,0.46959394216537476,2,quality_factor,0.3519177734851837,value_factor,0.3145982325077057,momentum_factor,0.30850765109062195
2019-11-18,688037.SH,tucker,"(3, 2, 2)",cn_a,INDUSTRY_C35,-0.35022552918318234,-0.23831447921083038,-0.35022552918318234,0.46959394216537476,1,quality_factor,0.3440147340297699,momentum_factor,0.32099083065986633,value_factor,0.3040635585784912
2019-11-18,300003.SZ,tucker,"(3, 2, 2)",cn_a,INDUSTRY_C35,-0.4126706458306507,-0.2808058860703152,-0.4126706458306507,0.46959394216537476,1,value_factor,0.42051926255226135,quality_factor,0.4177703559398651,momentum_factor,0.10300492495298386
2019-11-18,603338.SH,tucker,"(3, 2, 2)",cn_a,INDUSTRY_C35,-0.4612842776710614,-0.3138855201609954,-0.4612842776710614,0.46959394216537476,2,value_factor,0.4495098888874054,quality_factor,0.4237467348575592,volatility_factor,0.10268834233283997
2019-11-18,300751.SZ,tucker,"(3, 2, 2)",cn_a,INDUSTRY_C35,-0.4638231528932308,-0.3156131233079268,-0.4638231528932308,0.46959394216537476,2,value_factor,0.4323316514492035,quality_factor,0.4017869532108307,volatility_factor,0.10885290056467056
2019-11-18,300450.SZ,tucker,"(3, 2, 2)",cn_a,INDUSTRY_C35,-0.5642247609792896,-0.3839324060248761,-0.5642247609792896,0.46959394216537476,1,value_factor,0.41660940647125244,quality_factor,0.4156991243362427,momentum_factor,0.1127040833234787
2019-11-18,601106.SH,tucker,"(3, 2, 2)",cn_a,INDUSTRY_C35,-0.5685428304766108,-0.3868706797876435,-0.5685428304766108,0.46959394216537476,2,momentum_factor,0.4300077557563782,quality_factor,0.2749960124492645,value_factor,0.2120625525712967
2019-11-18,300529.SZ,tucker,"(3, 2, 2)",cn_a,INDUSTRY_C35,-0.5998812534043995,-0.4081952244510293,-0.5998812534043995,0.46959394216537476,2,value_factor,0.44028663635253906,quality_factor,0.41195619106292725,volatility_factor,0.10599818825721741
2019-11-18,601608.SH,tucker,"(3, 2, 2)",cn_a,INDUSTRY_C35,-0.6109052109416319,-0.4156965870885706,-0.6109052109416319,0.46959394216537476,1,quality_factor,0.3523154556751251,value_factor,0.3151283264160156,momentum_factor,0.3078795075416565
2019-11-18,688012.SH,tucker,"(3, 2, 2)",cn_a,INDUSTRY_C35,-0.6918425775969348,-0.47077123121328784,-0.6918425775969348,0.46959394216537476,2,quality_factor,0.3705831468105316,value_factor,0.33947890996932983,momentum_factor,0.27902522683143616
2019-11-18,300757.SZ,tucker,"(3, 2, 2)",cn_a,INDUSTRY_C35,-0.7072118042788909,-0.4812293758868813,-0.7072118042788909,0.46959394216537476,2,quality_factor,0.3959307372570038,value_factor,0.37929314374923706,momentum_factor,0.20527423918247223
2019-11-18,300604.SZ,tucker,"(3, 2, 2)",cn_a,INDUSTRY_C35,-1.0730706624498365,-0.7301817108380959,-1.0730706624498365,0.46959394216537476,0,quality_factor,0.4084208905696869,value_factor,0.40287044644355774,momentum_factor,0.1467861533164978
2019-11-19,601717.SH,tucker,"(3, 2, 2)",cn_a,INDUSTRY_C35,1.3228808761881343,1.090309757656622,1.3228808761881343,0.21330738067626953,0,value_factor,0.44929343461990356,quality_factor,0.42347007989883423,volatility_factor,0.1027660220861435
2019-11-19,600582.SH,tucker,"(3, 2, 2)",cn_a,INDUSTRY_C35,0.966653076392089,0.7967091371794828,0.966653076392089,0.21330738067626953,0,value_factor,0.41800200939178467,quality_factor,0.3834685981273651,volatility_factor,0.11399523913860321
2019-11-19,600499.SH,tucker,"(3, 2, 2)",cn_a,INDUSTRY_C35,0.8147801233902578,0.671536443581278,0.8147801233902578,0.21330738067626953,0,value_factor,0.42541807889938354,quality_factor,0.3929489254951477,volatility_factor,0.11133391410112381
2019-11-19,600528.SH,tucker,"(3, 2, 2)",cn_a,INDUSTRY_C35,0.5060649950343702,0.41709545585414737,0.5060649950343702,0.21330738067626953,0,value_factor,0.4124869108200073,quality_factor,0.3764183521270752,volatility_factor,0.11597438901662827
2019-11-19,600031.SH,tucker,"(3, 2, 2)",cn_a,INDUSTRY_C35,0.48913615859362775,0.4031428196876166,0.48913615859362775,0.21330738067626953,2,quality_factor,0.4037494957447052,value_factor,0.3940524160861969,momentum_factor,0.16866105794906616
2019-11-19,002430.SZ,tucker,"(3, 2, 2)",cn_a,INDUSTRY_C35,0.4364626300779642,0.3597296423225333,0.4364626300779642,0.21330738067626953,2,value_factor,0.4363972246646881,quality_factor,0.42618173360824585,volatility_factor,0.07380453497171402
2019-11-19,002353.SZ,tucker,"(3, 2, 2)",cn_a,INDUSTRY_C35,0.042693736156143726,0.035187897837023974,0.042693736156143726,0.21330738067626953,2,momentum_factor,0.424958199262619,value_factor,0.2406509667634964,volatility_factor,0.17763929069042206
2019-11-19,002595.SZ,tucker,"(3, 2, 2)",cn_a,INDUSTRY_C35,-0.030948402970316806,-0.025507471118379647,-0.030948402970316806,0.21330738067626953,1,momentum_factor,0.4250771701335907,value_factor,0.2405889928340912,volatility_factor,0.17766155302524567
2019-11-19,002432.SZ,tucker,"(3, 2, 2)",cn_a,INDUSTRY_C35,-0.12060410962587415,-0.09940111759532214,-0.12060410962587415,0.21330738067626953,1,momentum_factor,0.5253476500511169,volatility_factor,0.19640763103961945,value_factor,0.18835102021694183
2019-11-19,002008.SZ,tucker,"(3, 2, 2)",cn_a,INDUSTRY_C35,-0.15670752868050075,-0.12915731922207183,-0.15670752868050075,0.21330738067626953,1,value_factor,0.44841381907463074,quality_factor,0.4223456084728241,volatility_factor,0.10308168828487396
2019-11-19,002837.SZ,tucker,"(3, 2, 2)",cn_a,INDUSTRY_C35,-0.22574720822892086,-0.1860593711241537,-0.22574720822892086,0.21330738067626953,1,value_factor,0.43934816122055054,quality_factor,0.4277450144290924,volatility_factor,0.07661072164773941
2019-11-19,300724.SZ,tucker,"(3, 2, 2)",cn_a,INDUSTRY_C35,-0.2338612598391713,-0.1927469193411009,-0.2338612598391713,0.21330738067626953,1,value_factor,0.4395848512649536,quality_factor,0.42787039279937744,volatility_factor,0.07683580368757248
2019-11-19,688037.SH,tucker,"(3, 2, 2)",cn_a,INDUSTRY_C35,-0.26796324156425955,-0.22085354942364485,-0.26796324156425955,0.21330738067626953,1,quality_factor,0.3706628978252411,value_factor,0.33958521485328674,momentum_factor,0.27889928221702576
2019-11-19,002223.SZ,tucker,"(3, 2, 2)",cn_a,INDUSTRY_C35,-0.2705300158467665,-0.22296906798339866,-0.2705300158467665,0.21330738067626953,2,quality_factor,0.3697507381439209,value_factor,0.3383693993091583,momentum_factor,0.28033989667892456
2019-11-19,300003.SZ,tucker,"(3, 2, 2)",cn_a,INDUSTRY_C35,-0.31395314491978504,-0.2587581266873979,-0.31395314491978504,0.21330738067626953,1,value_factor,0.44393643736839294,quality_factor,0.43017563223838806,volatility_factor,0.08097395300865173
2019-11-19,603338.SH,tucker,"(3, 2, 2)",cn_a,INDUSTRY_C35,-0.36081113543496507,-0.29737817570503633,-0.36081113543496507,0.21330738067626953,2,value_factor,0.4336692988872528,quality_factor,0.4034968912601471,volatility_factor,0.10837288945913315
2019-11-19,300751.SZ,tucker,"(3, 2, 2)",cn_a,INDUSTRY_C35,-0.3664049076207341,-0.30198852611982663,-0.3664049076207341,0.21330738067626953,2,value_factor,0.42125412821769714,quality_factor,0.38762596249580383,volatility_factor,0.11282818019390106
2019-11-19,601106.SH,tucker,"(3, 2, 2)",cn_a,INDUSTRY_C35,-0.4393464895007589,-0.36210650037905256,-0.4393464895007589,0.21330738067626953,2,momentum_factor,0.4014986455440521,quality_factor,0.29304513335227966,value_factor,0.23612181842327118
2019-11-19,300450.SZ,tucker,"(3, 2, 2)",cn_a,INDUSTRY_C35,-0.44061723632789607,-0.36315384159478714,-0.44061723632789607,0.21330738067626953,1,value_factor,0.4323257803916931,quality_factor,0.42402487993240356,momentum_factor,0.07371650636196136
2019-11-19,300529.SZ,tucker,"(3, 2, 2)",cn_a,INDUSTRY_C35,-0.46998702775833784,-0.38736023141669007,-0.46998702775833784,0.21330738067626953,2,value_factor,0.4261328876018524,quality_factor,0.39386269450187683,volatility_factor,0.11107741296291351
2019-11-19,601608.SH,tucker,"(3, 2, 2)",cn_a,INDUSTRY_C35,-0.47369883867896706,-0.3904194816773786,-0.47369883867896706,0.21330738067626953,1,quality_factor,0.37435901165008545,value_factor,0.34451210498809814,momentum_factor,0.27306103706359863
2019-11-19,688012.SH,tucker,"(3, 2, 2)",cn_a,INDUSTRY_C35,-0.5493019975692126,-0.4527311102838955,-0.5493019975692126,0.21330738067626953,2,quality_factor,0.3842088282108307,value_factor,0.3576417565345764,momentum_factor,0.25750306248664856
2019-11-19,300757.SZ,tucker,"(3, 2, 2)",cn_a,INDUSTRY_C35,-0.5690202249508939,-0.4689827442026563,-0.5690202249508939,0.21330738067626953,2,quality_factor,0.3995366394519806,value_factor,0.38609984517097473,momentum_factor,0.18838898837566376
2019-11-19,300604.SZ,tucker,"(3, 2, 2)",cn_a,INDUSTRY_C35,-0.8522374392918076,-0.702408518125712,-0.8522374392918076,0.21330738067626953,0,quality_factor,0.41411319375038147,value_factor,0.4136156737804413,momentum_factor,0.12013066560029984
2019-11-20,601717.SH,tucker,"(3, 2, 2)",cn_a,INDUSTRY_C35,1.1652908667306112,1.1063560887509052,1.1652908667306112,0.05326926335692406,0,value_factor,0.4499123990535736,quality_factor,0.42426130175590515,volatility_factor,0.1025438904762268
2019-11-20,600582.SH,tucker,"(3, 2, 2)",cn_a,INDUSTRY_C35,0.8530820520246319,0.8099372863957717,0.8530820520246319,0.05326926335692406,0,value_factor,0.4188880920410156,quality_factor,0.384601354598999,volatility_factor,0.1136772483587265
2019-11-20,600499.SH,tucker,"(3, 2, 2)",cn_a,INDUSTRY_C35,0.72119881164733,0.6847240626750727,0.72119881164733,0.05326926335692406,0,value_factor,0.42717695236206055,quality_factor,0.39519739151000977,volatility_factor,0.11070272326469421
2019-11-20,600528.SH,tucker,"(3, 2, 2)",cn_a,INDUSTRY_C35,0.4476263503217837,0.4249875737491196,0.4476263503217837,0.05326926335692406,0,value_factor,0.4138419032096863,quality_factor,0.3781505227088928,volatility_factor,0.11548813432455063
2019-11-20,600031.SH,tucker,"(3, 2, 2)",cn_a,INDUSTRY_C35,0.4346266884571364,0.41264537192957995,0.4346266884571364,0.05326926335692406,2,quality_factor,0.40198326110839844,value_factor,0.39071834087371826,momentum_factor,0.17693182826042175
2019-11-20,002430.SZ,tucker,"(3, 2, 2)",cn_a,INDUSTRY_C35,0.3870409097379982,0.36746625182578996,0.3870409097379982,0.05326926335692406,2,value_factor,0.43383434414863586,quality_factor,0.424824059009552,volatility_factor,0.07136742025613785
2019-11-20,002353.SZ,tucker,"(3, 2, 2)",cn_a,INDUSTRY_C35,0.04149747706399487,0.039398735310061724,0.04149747706399487,0.05326926335692406,2,momentum_factor,0.43121689558029175,value_factor,0.23739038407802582,volatility_factor,0.17880938947200775
2019-11-20,002595.SZ,tucker,"(3, 2, 2)",cn_a,INDUSTRY_C35,-0.0242179587470838,-0.022993131484955246,-0.0242179587470838,0.05326926335692406,1,momentum_factor,0.4179578125476837,value_factor,0.24429795145988464,volatility_factor,0.1763305366039276
2019-11-20,002432.SZ,tucker,"(3, 2, 2)",cn_a,INDUSTRY_C35,-0.10074682616268736,-0.09565153879575168,-0.10074682616268736,0.05326926335692406,1,momentum_factor,0.5213890075683594,volatility_factor,0.19566752016544342,value_factor,0.19041334092617035
2019-11-20,002008.SZ,tucker,"(3, 2, 2)",cn_a,INDUSTRY_C35,-0.13156214455250556,-0.12490836737025604,-0.13156214455250556,0.05326926335692406,1,value_factor,0.43420255184173584,quality_factor,0.40417858958244324,volatility_factor,0.10818152874708176
2019-11-20,002837.SZ,tucker,"(3, 2, 2)",cn_a,INDUSTRY_C35,-0.19537253414164535,-0.18549153597054047,-0.19537253414164535,0.05326926335692406,1,value_factor,0.44398266077041626,quality_factor,0.43020015954971313,volatility_factor,0.0810178592801094
2019-11-20,300724.SZ,tucker,"(3, 2, 2)",cn_a,INDUSTRY_C35,-0.2022110163509137,-0.19198416081301065,-0.2022110163509137,0.05326926335692406,1,value_factor,0.4444854259490967,quality_factor,0.43046650290489197,volatility_factor,0.0814959704875946
2019-11-20,688037.SH,tucker,"(3, 2, 2)",cn_a,INDUSTRY_C35,-0.23159199841747174,-0.21987919486061916,-0.23159199841747174,0.05326926335692406,1,quality_factor,0.3771952986717224,value_factor,0.34829282760620117,momentum_factor,0.2685810923576355
2019-11-20,002223.SZ,tucker,"(3, 2, 2)",cn_a,INDUSTRY_C35,-0.23517585348275472,-0.22328179586426472,-0.23517585348275472,0.05326926335692406,2,quality_factor,0.3739933967590332,value_factor,0.34402474761009216,momentum_factor,0.27363860607147217
2019-11-20,300003.SZ,tucker,"(3, 2, 2)",cn_a,INDUSTRY_C35,-0.2709608056202664,-0.25725691813916396,-0.2709608056202664,0.05326926335692406,1,value_factor,0.44935837388038635,quality_factor,0.43304792046546936,volatility_factor,0.08612988889217377
2019-11-20,603338.SH,tucker,"(3, 2, 2)",cn_a,INDUSTRY_C35,-0.31350587866676116,-0.29765026709194775,-0.31350587866676116,0.05326926335692406,2,value_factor,0.4303334057331085,quality_factor,0.3992324769496918,volatility_factor,0.10957001149654388
2019-11-20,300751.SZ,tucker,"(3, 2, 2)",cn_a,INDUSTRY_C35,-0.3191139608817,-0.3029747196229463,-0.3191139608817,0.05326926335692406,2,value_factor,0.4188835024833679,quality_factor,0.38459542393684387,volatility_factor,0.11367889493703842
2019-11-20,601106.SH,tucker,"(3, 2, 2)",cn_a,INDUSTRY_C35,-0.3806335959561649,-0.36138298899634946,-0.3806335959561649,0.05326926335692406,2,momentum_factor,0.39459583163261414,quality_factor,0.2974153161048889,value_factor,0.24194717407226562
2019-11-20,300450.SZ,tucker,"(3, 2, 2)",cn_a,INDUSTRY_C35,-0.3827010477527628,-0.36334587907698873,-0.3827010477527628,0.05326926335692406,1,value_factor,0.43592679500579834,quality_factor,0.42593252658843994,volatility_factor,0.07335717231035233
2019-11-20,300529.SZ,tucker,"(3, 2, 2)",cn_a,INDUSTRY_C35,-0.40852687517534253,-0.3878655610137103,-0.40852687517534253,0.05326926335692406,2,value_factor,0.42313751578330994,quality_factor,0.3900336027145386,volatility_factor,0.11215229332447052
2019-11-20,601608.SH,tucker,"(3, 2, 2)",cn_a,INDUSTRY_C35,-0.4107342837971936,-0.3899613295800581,-0.4107342837971936,0.05326926335692406,1,quality_factor,0.37967371940612793,value_factor,0.3515965938568115,momentum_factor,0.2646663188934326
2019-11-20,688012.SH,tucker,"(3, 2, 2)",cn_a,INDUSTRY_C35,-0.47897324914427786,-0.454749097988151,-0.47897324914427786,0.05326926335692406,2,quality_factor,0.3860422670841217,value_factor,0.36062687635421753,momentum_factor,0.25157955288887024
2019-11-20,300757.SZ,tucker,"(3, 2, 2)",cn_a,INDUSTRY_C35,-0.4977012982728082,-0.47252997293992005,-0.4977012982728082,0.05326926335692406,2,quality_factor,0.40035346150398254,value_factor,0.3876417577266693,momentum_factor,0.18456393480300903
2019-11-20,300604.SZ,tucker,"(3, 2, 2)",cn_a,INDUSTRY_C35,-0.7431744092656396,-0.7055882408155655,-0.7431744092656396,0.05326926335692406,0,value_factor,0.41606175899505615,quality_factor,0.41540899872779846,momentum_factor,0.1140626072883606
2019-11-21,601717.SH,tucker,"(3, 2, 2)",cn_a,INDUSTRY_C35,1.12928551201413,1.0996299037040311,1.12928551201413,0.026968752965331078,0,value_factor,0.45015573501586914,quality_factor,0.4245724081993103,volatility_factor,0.10245656967163086
2019-11-21,600582.SH,tucker,"(3, 2, 2)",cn_a,INDUSTRY_C35,0.8273232842502334,0.8055973566592641,0.8273232842502334,0.026968752965331078,0,value_factor,0.4192369878292084,quality_factor,0.3850473165512085,volatility_factor,0.1135520413517952
2019-11-21,600499.SH,tucker,"(3, 2, 2)",cn_a,INDUSTRY_C35,0.7002342031493283,0.6818456990615587,0.7002342031493283,0.026968752965331078,0,value_factor,0.4278722107410431,quality_factor,0.396086186170578,volatility_factor,0.11045322567224503
2019-11-21,600528.SH,tucker,"(3, 2, 2)",cn_a,INDUSTRY_C35,0.43449554972909515,0.42308547699003574,0.43449554972909515,0.026968752965331078,0,value_factor,0.4143766760826111,quality_factor,0.3788341283798218,volatility_factor,0.11529622972011566
2019-11-21,600031.SH,tucker,"(3, 2, 2)",cn_a,INDUSTRY_C35,0.4226223964295368,0.41152411869706473,0.4226223964295368,0.026968752965331078,2,quality_factor,0.40129438042640686,value_factor,0.38941794633865356,momentum_factor,0.1801578253507614
2019-11-21,002430.SZ,tucker,"(3, 2, 2)",cn_a,INDUSTRY_C35,0.37605703412669944,0.3661815863434117,0.37605703412669944,0.026968752965331078,2,value_factor,0.43283340334892273,quality_factor,0.4242938160896301,momentum_factor,0.07245717942714691
2019-11-21,002353.SZ,tucker,"(3, 2, 2)",cn_a,INDUSTRY_C35,0.04168948196076134,0.040594695093732265,0.04168948196076134,0.026968752965331078,2,momentum_factor,0.43356990814208984,value_factor,0.23616452515125275,volatility_factor,0.17924930155277252
2019-11-21,002595.SZ,tucker,"(3, 2, 2)",cn_a,INDUSTRY_C35,-0.02231610978685024,-0.021730077464817123,-0.02231610978685024,0.026968752965331078,1,momentum_factor,0.41504374146461487,value_factor,0.2458161562681198,volatility_factor,0.17578573524951935
2019-11-21,002432.SZ,tucker,"(3, 2, 2)",cn_a,INDUSTRY_C35,-0.09555315450122955,-0.09304388036945677,-0.09555315450122955,0.026968752965331078,1,momentum_factor,0.5197707414627075,volatility_factor,0.19536499679088593,value_factor,0.19125643372535706
2019-11-21,002008.SZ,tucker,"(3, 2, 2)",cn_a,INDUSTRY_C35,-0.12504217334788797,-0.12175850267683266,-0.12504217334788797,0.026968752965331078,1,value_factor,0.4289671778678894,quality_factor,0.3974858820438385,volatility_factor,0.11006029695272446
2019-11-21,002837.SZ,tucker,"(3, 2, 2)",cn_a,INDUSTRY_C35,-0.18801610944086566,-0.18307871137965928,-0.18801610944086566,0.026968752965331078,1,value_factor,0.4458134174346924,quality_factor,0.43116995692253113,volatility_factor,0.08275879919528961
2019-11-21,300724.SZ,tucker,"(3, 2, 2)",cn_a,INDUSTRY_C35,-0.19452619411370212,-0.18941783793865358,-0.19452619411370212,0.026968752965331078,1,value_factor,0.44642210006713867,quality_factor,0.4314924478530884,volatility_factor,0.08333764970302582
2019-11-21,688037.SH,tucker,"(3, 2, 2)",cn_a,INDUSTRY_C35,-0.22274976427500973,-0.21690024288274032,-0.22274976427500973,0.026968752965331078,1,quality_factor,0.3798188269138336,value_factor,0.35179001092910767,momentum_factor,0.26443710923194885
2019-11-21,002223.SZ,tucker,"(3, 2, 2)",cn_a,INDUSTRY_C35,-0.22672424815966824,-0.2207703548118001,-0.22672424815966824,0.026968752965331078,2,quality_factor,0.3756834864616394,value_factor,0.3462775945663452,momentum_factor,0.27096909284591675
2019-11-21,300003.SZ,tucker,"(3, 2, 2)",cn_a,INDUSTRY_C35,-0.2604691430467716,-0.2536290917037897,-0.2604691430467716,0.026968752965331078,1,value_factor,0.4515027403831482,quality_factor,0.43418392539024353,volatility_factor,0.08816904574632645
2019-11-21,603338.SH,tucker,"(3, 2, 2)",cn_a,INDUSTRY_C35,-0.30218064474576906,-0.2942452282863028,-0.30218064474576906,0.026968752965331078,2,value_factor,0.4290451407432556,quality_factor,0.39758560061454773,volatility_factor,0.11003229767084122
2019-11-21,300751.SZ,tucker,"(3, 2, 2)",cn_a,INDUSTRY_C35,-0.3078734250428824,-0.2997885132955633,-0.3078734250428824,0.026968752965331078,2,value_factor,0.41796445846557617,quality_factor,0.38342058658599854,volatility_factor,0.11400870978832245
2019-11-21,601106.SH,tucker,"(3, 2, 2)",cn_a,INDUSTRY_C35,-0.3664565245495661,-0.356833191000073,-0.3664565245495661,0.026968752965331078,2,momentum_factor,0.39183294773101807,quality_factor,0.2991645038127899,value_factor,0.24427883327007294
2019-11-21,300450.SZ,tucker,"(3, 2, 2)",cn_a,INDUSTRY_C35,-0.36881942183173555,-0.35913403740535477,-0.36881942183173555,0.026968752965331078,1,value_factor,0.43734708428382874,quality_factor,0.4266849458217621,volatility_factor,0.07470778375864029
2019-11-21,300529.SZ,tucker,"(3, 2, 2)",cn_a,INDUSTRY_C35,-0.3938301297226576,-0.3834879514661243,-0.3938301297226576,0.026968752965331078,2,value_factor,0.42197951674461365,quality_factor,0.3885532319545746,volatility_factor,0.11256790161132812
2019-11-21,601608.SH,tucker,"(3, 2, 2)",cn_a,INDUSTRY_C35,-0.39556674696435074,-0.38517896426132775,-0.39556674696435074,0.026968752965331078,1,quality_factor,0.38179853558540344,value_factor,0.35442888736724854,momentum_factor,0.2613101303577423
2019-11-21,688012.SH,tucker,"(3, 2, 2)",cn_a,INDUSTRY_C35,-0.4623196265347373,-0.4501788794758891,-0.4623196265347373,0.026968752965331078,2,quality_factor,0.38656872510910034,value_factor,0.36162069439888,momentum_factor,0.2491142600774765
2019-11-21,300757.SZ,tucker,"(3, 2, 2)",cn_a,INDUSTRY_C35,-0.48098399471163067,-0.4683531119110937,-0.48098399471163067,0.026968752965331078,2,quality_factor,0.4006747007369995,value_factor,0.38824811577796936,momentum_factor,0.1830597072839737
2019-11-21,300604.SZ,tucker,"(3, 2, 2)",cn_a,INDUSTRY_C35,-0.7173543575538892,-0.6985162695585704,-0.7173543575538892,0.026968752965331078,0,value_factor,0.4170249104499817,quality_factor,0.4159192442893982,momentum_factor,0.1116732656955719
2019-11-22,601717.SH,tucker,"(3, 2, 2)",cn_a,INDUSTRY_C35,1.25885581596112,1.0835037982092082,1.25885581596112,0.16183793544769287,0,value_factor,0.44802427291870117,quality_factor,0.4218476414680481,volatility_factor,0.10322147607803345
2019-11-22,600582.SH,tucker,"(3, 2, 2)",cn_a,INDUSTRY_C35,0.9163219504073156,0.78868310497559,0.9163219504073156,0.16183793544769287,0,value_factor,0.41619083285331726,quality_factor,0.38115325570106506,volatility_factor,0.11464518308639526
2019-11-22,600499.SH,tucker,"(3, 2, 2)",cn_a,INDUSTRY_C35,0.7675471662471044,0.6606318685500179,0.7675471662471044,0.16183793544769287,0,value_factor,0.42185407876968384,quality_factor,0.38839292526245117,volatility_factor,0.11261288076639175
2019-11-22,600528.SH,tucker,"(3, 2, 2)",cn_a,INDUSTRY_C35,0.4774335131357442,0.4109295268894573,0.4774335131357442,0.16183793544769287,0,value_factor,0.4097314774990082,quality_factor,0.37289589643478394,volatility_factor,0.1169632077217102
2019-11-22,600031.SH,tucker,"(3, 2, 2)",cn_a,INDUSTRY_C35,0.4570384808572748,0.39337541572109486,0.4570384808572748,0.16183793544769287,2,quality_factor,0.40743473172187805,value_factor,0.4010089337825775,momentum_factor,0.15140396356582642
2019-11-22,002430.SZ,tucker,"(3, 2, 2)",cn_a,INDUSTRY_C35,0.4095742033407966,0.3525226633118798,0.4095742033407966,0.16183793544769287,2,value_factor,0.44172900915145874,quality_factor,0.4290062487125397,volatility_factor,0.07887477427721024
2019-11-22,002353.SZ,tucker,"(3, 2, 2)",cn_a,INDUSTRY_C35,0.031911450402277615,0.027466352602767377,0.031911450402277615,0.16183793544769287,2,momentum_factor,0.41074803471565247,value_factor,0.24805407226085663,volatility_factor,0.17498262226581573
2019-11-22,002595.SZ,tucker,"(3, 2, 2)",cn_a,INDUSTRY_C35,-0.03627079145079201,-0.03121846028965798,-0.03627079145079201,0.16183793544769287,1,momentum_factor,0.438480943441391,value_factor,0.2336060255765915,volatility_factor,0.18016743659973145
2019-11-22,002432.SZ,tucker,"(3, 2, 2)",cn_a,INDUSTRY_C35,-0.12706937246261776,-0.1093692748237334,-0.12706937246261776,0.16183793544769287,1,momentum_factor,0.5328202247619629,volatility_factor,0.19780465960502625,value_factor,0.18445800244808197
2019-11-22,002008.SZ,tucker,"(3, 2, 2)",cn_a,INDUSTRY_C35,-0.16363762947630256,-0.14084376528233072,-0.16363762947630256,0.16183793544769287,1,value_factor,0.44749170541763306,quality_factor,0.432059109210968,volatility_factor,0.08435478061437607
2019-11-22,002837.SZ,tucker,"(3, 2, 2)",cn_a,INDUSTRY_C35,-0.22262439081389263,-0.19161397990340917,-0.22262439081389263,0.16183793544769287,1,value_factor,0.42994409799575806,quality_factor,0.4227631986141205,momentum_factor,0.0796247124671936
2019-11-22,300724.SZ,tucker,"(3, 2, 2)",cn_a,INDUSTRY_C35,-0.23103807818978206,-0.19885568472228943,-0.23103807818978206,0.16183793544769287,1,value_factor,0.42964985966682434,quality_factor,0.42260730266571045,momentum_factor,0.080354705452919
2019-11-22,002223.SZ,tucker,"(3, 2, 2)",cn_a,INDUSTRY_C35,-0.26444358075108715,-0.2276079758483602,-0.26444358075108715,0.16183793544769287,2,quality_factor,0.3612961769104004,value_factor,0.3270995318889618,momentum_factor,0.2936941981315613
2019-11-22,688037.SH,tucker,"(3, 2, 2)",cn_a,INDUSTRY_C35,-0.26496526727648173,-0.228056994174822,-0.26496526727648173,0.16183793544769287,1,quality_factor,0.35786867141723633,value_factor,0.32253074645996094,momentum_factor,0.29910799860954285
2019-11-22,300003.SZ,tucker,"(3, 2, 2)",cn_a,INDUSTRY_C35,-0.31128941319655135,-0.2679284293438066,-0.31128941319655135,0.16183793544769287,1,value_factor,0.43296268582344055,quality_factor,0.42436230182647705,momentum_factor,0.07213648408651352
2019-11-22,603338.SH,tucker,"(3, 2, 2)",cn_a,INDUSTRY_C35,-0.3530357611179934,-0.30385972978404907,-0.3530357611179934,0.16183793544769287,2,value_factor,0.44078707695007324,quality_factor,0.4125959575176239,volatility_factor,0.10581860691308975
2019-11-22,300751.SZ,tucker,"(3, 2, 2)",cn_a,INDUSTRY_C35,-0.3568335523147211,-0.3071285085705364,-0.3568335523147211,0.16183793544769287,2,value_factor,0.4262680411338806,quality_factor,0.3940355181694031,volatility_factor,0.11102889478206635
2019-11-22,300450.SZ,tucker,"(3, 2, 2)",cn_a,INDUSTRY_C35,-0.4314530440029258,-0.371353896132401,-0.4314530440029258,0.16183793544769287,1,value_factor,0.4249940514564514,quality_factor,0.4201408922672272,momentum_factor,0.09190423786640167
2019-11-22,601106.SH,tucker,"(3, 2, 2)",cn_a,INDUSTRY_C35,-0.4323682582822601,-0.372141625859079,-0.4323682582822601,0.16183793544769287,2,momentum_factor,0.4151155352592468,quality_factor,0.2844242751598358,value_factor,0.22463031113147736
2019-11-22,300529.SZ,tucker,"(3, 2, 2)",cn_a,INDUSTRY_C35,-0.45950277950547935,-0.39549645048250076,-0.45950277950547935,0.16183793544769287,2,value_factor,0.43250685930252075,quality_factor,0.40201088786125183,volatility_factor,0.10879004001617432
2019-11-22,601608.SH,tucker,"(3, 2, 2)",cn_a,INDUSTRY_C35,-0.46541517589719794,-0.40058528104253954,-0.46541517589719794,0.16183793544769287,1,quality_factor,0.36384907364845276,value_factor,0.3305025100708008,momentum_factor,0.28966185450553894
2019-11-22,688012.SH,tucker,"(3, 2, 2)",cn_a,INDUSTRY_C35,-0.5336795913454501,-0.45934082117899383,-0.5336795913454501,0.16183793544769287,2,quality_factor,0.37779268622398376,value_factor,0.3490891754627228,momentum_factor,0.2676374614238739
2019-11-22,300757.SZ,tucker,"(3, 2, 2)",cn_a,INDUSTRY_C35,-0.5493987434342827,-0.4728703777627833,-0.5493987434342827,0.16183793544769287,2,quality_factor,0.3978627920150757,value_factor,0.3829402029514313,momentum_factor,0.1962270736694336
2019-11-22,300604.SZ,tucker,"(3, 2, 2)",cn_a,INDUSTRY_C35,-0.8278841566858115,-0.7125642324347083,-0.8278841566858115,0.16183793544769287,0,quality_factor,0.4114651679992676,value_factor,0.4086170494556427,momentum_factor,0.1325305849313736
2019-11-25,601717.SH,tucker,"(3, 2, 2)",cn_a,INDUSTRY_C35,1.5376872105571808,1.0584746030759926,1.5376872105571808,0.4527389109134674,0,value_factor,0.44219857454299927,quality_factor,0.4144003093242645,volatility_factor,0.10531208664178848
2019-11-25,600582.SH,tucker,"(3, 2, 2)",cn_a,INDUSTRY_C35,1.0984950257854253,0.7561544886478346,1.0984950257854253,0.4527389109134674,0,value_factor,0.4079752564430237,quality_factor,0.37065088748931885,volatility_factor,0.1175934448838234
2019-11-25,600499.SH,tucker,"(3, 2, 2)",cn_a,INDUSTRY_C35,0.8918445880608595,0.6139056369020159,0.8918445880608595,0.4527389109134674,0,value_factor,0.40619248151779175,quality_factor,0.368371844291687,volatility_factor,0.11823319643735886
2019-11-25,600528.SH,tucker,"(3, 2, 2)",cn_a,INDUSTRY_C35,0.5589248713999693,0.3847387019561759,0.5589248713999693,0.4527389109134674,0,value_factor,0.39746496081352234,quality_factor,0.3572150468826294,momentum_factor,0.12395484000444412
2019-11-25,600031.SH,tucker,"(3, 2, 2)",cn_a,INDUSTRY_C35,0.5088945305509402,0.3503000691780935,0.5088945305509402,0.4527389109134674,2,value_factor,0.43517574667930603,quality_factor,0.4255346953868866,volatility_factor,0.07264299690723419
2019-11-25,002430.SZ,tucker,"(3, 2, 2)",cn_a,INDUSTRY_C35,0.46650733969256497,0.32112263653035233,0.46650733969256497,0.4527389109134674,2,value_factor,0.45503467321395874,quality_factor,0.4308093786239624,volatility_factor,0.10070572793483734
2019-11-25,002353.SZ,tucker,"(3, 2, 2)",cn_a,INDUSTRY_C35,-0.012105607499704608,-0.008332954846259424,-0.012105607499704608,0.4527389109134674,2,momentum_factor,0.3061864674091339,value_factor,0.30252763628959656,quality_factor,0.23585163056850433
2019-11-25,002595.SZ,tucker,"(3, 2, 2)",cn_a,INDUSTRY_C35,-0.08427874527661869,-0.058013691498472915,-0.08427874527661869,0.4527389109134674,1,momentum_factor,0.4849102199077606,value_factor,0.20941776037216187,volatility_factor,0.1888476461172104
2019-11-25,002432.SZ,tucker,"(3, 2, 2)",cn_a,INDUSTRY_C35,-0.22731971200966525,-0.1564766490147197,-0.22731971200966525,0.4527389109134674,1,momentum_factor,0.5589039921760559,volatility_factor,0.20268116891384125,value_factor,0.1708691269159317
2019-11-25,002008.SZ,tucker,"(3, 2, 2)",cn_a,INDUSTRY_C35,-0.28495350082850107,-0.1961491528405648,-0.28495350082850107,0.4527389109134674,1,quality_factor,0.3669240474700928,value_factor,0.33460140228271484,momentum_factor,0.2848048210144043
2019-11-25,002837.SZ,tucker,"(3, 2, 2)",cn_a,INDUSTRY_C35,-0.31766864950930085,-0.21866878737789966,-0.31766864950930085,0.4527389109134674,1,quality_factor,0.4007583260536194,value_factor,0.38840606808662415,momentum_factor,0.18266792595386505
2019-11-25,300724.SZ,tucker,"(3, 2, 2)",cn_a,INDUSTRY_C35,-0.3320038196866281,-0.22853647272983493,-0.3320038196866281,0.4527389109134674,1,quality_factor,0.3994360566139221,value_factor,0.3859100341796875,momentum_factor,0.18885979056358337
2019-11-25,002223.SZ,tucker,"(3, 2, 2)",cn_a,INDUSTRY_C35,-0.36408394633302815,-0.250618986706375,-0.36408394633302815,0.4527389109134674,2,momentum_factor,0.34903809428215027,quality_factor,0.3262579143047333,value_factor,0.2803940176963806
2019-11-25,688037.SH,tucker,"(3, 2, 2)",cn_a,INDUSTRY_C35,-0.3820948705704028,-0.2630168955608546,-0.3820948705704028,0.4527389109134674,1,momentum_factor,0.37815365195274353,quality_factor,0.3078248202800751,value_factor,0.25582295656204224
2019-11-25,300003.SZ,tucker,"(3, 2, 2)",cn_a,INDUSTRY_C35,-0.4536844735560095,-0.31229595315092235,-0.4536844735560095,0.4527389109134674,1,quality_factor,0.39892053604125977,value_factor,0.3849368989467621,momentum_factor,0.19127385318279266
2019-11-25,300751.SZ,tucker,"(3, 2, 2)",cn_a,INDUSTRY_C35,-0.48370897425868875,-0.3329634668335703,-0.48370897425868875,0.4527389109134674,2,value_factor,0.45230236649513245,quality_factor,0.4273165762424469,volatility_factor,0.10168622434139252
2019-11-25,603338.SH,tucker,"(3, 2, 2)",cn_a,INDUSTRY_C35,-0.48800965386015044,-0.33592386092598436,-0.48800965386015044,0.4527389109134674,2,value_factor,0.4496120512485504,quality_factor,0.4331822991371155,volatility_factor,0.08637107163667679
2019-11-25,300450.SZ,tucker,"(3, 2, 2)",cn_a,INDUSTRY_C35,-0.5982943909336123,-0.41183890560979514,-0.5982943909336123,0.4527389109134674,1,quality_factor,0.40277206897735596,value_factor,0.3922073543071747,momentum_factor,0.17323806881904602
2019-11-25,601106.SH,tucker,"(3, 2, 2)",cn_a,INDUSTRY_C35,-0.6118640017231417,-0.42117961436755247,-0.6118640017231417,0.4527389109134674,2,momentum_factor,0.46964940428733826,quality_factor,0.24989888072013855,value_factor,0.17860843241214752
2019-11-25,300529.SZ,tucker,"(3, 2, 2)",cn_a,INDUSTRY_C35,-0.6331512809015786,-0.4358328183639617,-0.6331512809015786,0.4527389109134674,2,value_factor,0.45866817235946655,quality_factor,0.4379797875881195,volatility_factor,0.09498296678066254
2019-11-25,601608.SH,tucker,"(3, 2, 2)",cn_a,INDUSTRY_C35,-0.6543240312808619,-0.45040718589454576,-0.6543240312808619,0.4527389109134674,1,momentum_factor,0.356692373752594,quality_factor,0.32141202688217163,value_factor,0.2739344835281372
2019-11-25,688012.SH,tucker,"(3, 2, 2)",cn_a,INDUSTRY_C35,-0.7161417042482435,-0.4929596870846424,-0.7161417042482435,0.4527389109134674,2,quality_factor,0.35034430027008057,value_factor,0.31250080466270447,momentum_factor,0.3109930455684662
2019-11-25,300757.SZ,tucker,"(3, 2, 2)",cn_a,INDUSTRY_C35,-0.7174969911361593,-0.4938926055227303,-0.7174969911361593,0.4527389109134674,2,quality_factor,0.39019715785980225,value_factor,0.36847004294395447,momentum_factor,0.23212303221225739
2019-11-25,300604.SZ,tucker,"(3, 2, 2)",cn_a,INDUSTRY_C35,-1.1102715709370803,-0.7642609317979261,-1.1102715709370803,0.4527389109134674,0,quality_factor,0.39946284890174866,value_factor,0.38596054911613464,momentum_factor,0.18873447179794312
2019-11-26,601717.SH,tucker,"(3, 2, 2)",cn_a,INDUSTRY_C35,1.2150774456237285,1.0879997742386072,1.2150774456237285,0.11679939925670624,0,value_factor,0.4437314569950104,quality_factor,0.41635987162590027,volatility_factor,0.1047619953751564
2019-11-26,600582.SH,tucker,"(3, 2, 2)",cn_a,INDUSTRY_C35,0.872468386907674,0.7812221446498833,0.872468386907674,0.11679939925670624,0,value_factor,0.41012153029441833,quality_factor,0.37339454889297485,volatility_factor,0.1168232262134552
2019-11-26,600499.SH,tucker,"(3, 2, 2)",cn_a,INDUSTRY_C35,0.7144962922369475,0.6397714050638782,0.7144962922369475,0.11679939925670624,0,value_factor,0.4102061092853546,quality_factor,0.3735027015209198,volatility_factor,0.11679287254810333
2019-11-26,600528.SH,tucker,"(3, 2, 2)",cn_a,INDUSTRY_C35,0.44684212268672835,0.4001095817838185,0.44684212268672835,0.11679939925670624,0,value_factor,0.4006332755088806,quality_factor,0.36126524209976196,volatility_factor,0.12022817134857178
2019-11-26,600031.SH,tucker,"(3, 2, 2)",cn_a,INDUSTRY_C35,0.41267262184873277,0.36951366435363237,0.41267262184873277,0.11679939925670624,2,value_factor,0.4258106052875519,quality_factor,0.42057347297668457,momentum_factor,0.08987860381603241
2019-11-26,002430.SZ,tucker,"(3, 2, 2)",cn_a,INDUSTRY_C35,0.37584877243255227,0.3365410007627656,0.37584877243255227,0.11679939925670624,2,value_factor,0.46056821942329407,quality_factor,0.4389863908290863,volatility_factor,0.09678979963064194
2019-11-26,002353.SZ,tucker,"(3, 2, 2)",cn_a,INDUSTRY_C35,0.0013443589648040153,0.0012037605137601715,0.0013443589648040153,0.11679939925670624,2,momentum_factor,0.3425804078578949,value_factor,0.2835674285888672,quality_factor,0.21161383390426636
2019-11-26,002595.SZ,tucker,"(3, 2, 2)",cn_a,INDUSTRY_C35,-0.058059708666313464,-0.05198759153074577,-0.058059708666313464,0.11679939925670624,1,momentum_factor,0.47460877895355225,value_factor,0.2147844433784485,volatility_factor,0.18692173063755035
2019-11-26,002432.SZ,tucker,"(3, 2, 2)",cn_a,INDUSTRY_C35,-0.16422827741234322,-0.147052625650955,-0.16422827741234322,0.11679939925670624,1,momentum_factor,0.5530898571014404,volatility_factor,0.20159418880939484,value_factor,0.1738981455564499
2019-11-26,002008.SZ,tucker,"(3, 2, 2)",cn_a,INDUSTRY_C35,-0.20700130300749314,-0.18535227672145668,-0.20700130300749314,0.11679939925670624,1,quality_factor,0.3905687928199768,value_factor,0.36917150020599365,momentum_factor,0.2303829789161682
2019-11-26,002837.SZ,tucker,"(3, 2, 2)",cn_a,INDUSTRY_C35,-0.24125385983064526,-0.21602256380884036,-0.24125385983064526,0.11679939925670624,1,quality_factor,0.40641507506370544,value_factor,0.3990841805934906,momentum_factor,0.1561788022518158
2019-11-26,300724.SZ,tucker,"(3, 2, 2)",cn_a,INDUSTRY_C35,-0.25171484906994934,-0.2253895008478477,-0.25171484906994934,0.11679939925670624,1,quality_factor,0.40538084506988525,value_factor,0.39713186025619507,momentum_factor,0.1610218733549118
2019-11-26,002223.SZ,tucker,"(3, 2, 2)",cn_a,INDUSTRY_C35,-0.27892778883207253,-0.24975640225334658,-0.27892778883207253,0.11679939925670624,2,momentum_factor,0.3353501558303833,quality_factor,0.33492380380630493,value_factor,0.2919454872608185
2019-11-26,688037.SH,tucker,"(3, 2, 2)",cn_a,INDUSTRY_C35,-0.28944952329914775,-0.25917773154063334,-0.28944952329914775,0.11679939925670624,1,momentum_factor,0.3592771291732788,quality_factor,0.3197755813598633,value_factor,0.27175313234329224
2019-11-26,300003.SZ,tucker,"(3, 2, 2)",cn_a,INDUSTRY_C35,-0.3428149333713768,-0.30696197304709266,-0.3428149333713768,0.11679939925670624,1,quality_factor,0.4054243266582489,value_factor,0.3972139358520508,momentum_factor,0.16081838309764862
2019-11-26,300751.SZ,tucker,"(3, 2, 2)",cn_a,INDUSTRY_C35,-0.37200917255448374,-0.33310296163567055,-0.37200917255448374,0.11679939925670624,2,value_factor,0.4449233114719391,quality_factor,0.4178835153579712,volatility_factor,0.1043342649936676
2019-11-26,603338.SH,tucker,"(3, 2, 2)",cn_a,INDUSTRY_C35,-0.3734983349318101,-0.3344363814404502,-0.3734983349318101,0.11679939925670624,2,value_factor,0.45750752091407776,quality_factor,0.43736496567726135,volatility_factor,0.09387923777103424
2019-11-26,300450.SZ,tucker,"(3, 2, 2)",cn_a,INDUSTRY_C35,-0.4575487371422024,-0.40969645556900014,-0.4575487371422024,0.11679939925670624,1,quality_factor,0.40727055072784424,value_factor,0.40069904923439026,momentum_factor,0.15217278897762299
2019-11-26,601106.SH,tucker,"(3, 2, 2)",cn_a,INDUSTRY_C35,-0.46561213716641,-0.41691655288669005,-0.46561213716641,0.11679939925670624,2,momentum_factor,0.45643875002861023,quality_factor,0.2582625448703766,value_factor,0.1897570788860321
2019-11-26,300529.SZ,tucker,"(3, 2, 2)",cn_a,INDUSTRY_C35,-0.48496567040614635,-0.4342460160179423,-0.48496567040614635,0.11679939925670624,2,value_factor,0.45669645071029663,quality_factor,0.4329336881637573,volatility_factor,0.10010939091444016
2019-11-26,601608.SH,tucker,"(3, 2, 2)",cn_a,INDUSTRY_C35,-0.4987168963587019,-0.4465590836217974,-0.4987168963587019,0.11679939925670624,1,momentum_factor,0.34037360548973083,quality_factor,0.33174341917037964,value_factor,0.2877061367034912
2019-11-26,688012.SH,tucker,"(3, 2, 2)",cn_a,INDUSTRY_C35,-0.5521711282132329,-0.4944228575724149,-0.5521711282132329,0.11679939925670624,2,quality_factor,0.35726502537727356,value_factor,0.32172608375549316,momentum_factor,0.30006152391433716
2019-11-26,300757.SZ,tucker,"(3, 2, 2)",cn_a,INDUSTRY_C35,-0.5570533202681354,-0.4987944504059867,-0.5570533202681354,0.11679939925670624,2,quality_factor,0.3922114372253418,value_factor,0.372272253036499,momentum_factor,0.22269107401371002
2019-11-26,300604.SZ,tucker,"(3, 2, 2)",cn_a,INDUSTRY_C35,-0.8561881181195516,-0.7666445316509617,-0.8561881181195516,0.11679939925670624,0,quality_factor,0.4025968909263611,value_factor,0.3918766379356384,momentum_factor,0.17405849695205688
2019-11-27,601717.SH,tucker,"(3, 2, 2)",cn_a,INDUSTRY_C35,1.2071525397371217,1.0956328293174207,1.2071525397371217,0.10178563743829727,0,value_factor,0.4450230300426483,quality_factor,0.41801097989082336,volatility_factor,0.10429849475622177
2019-11-27,600582.SH,tucker,"(3, 2, 2)",cn_a,INDUSTRY_C35,0.8704285878741845,0.7900162614569308,0.8704285878741845,0.10178563743829727,0,value_factor,0.4119383990764618,quality_factor,0.3757171928882599,volatility_factor,0.11617118865251541
2019-11-27,600499.SH,tucker,"(3, 2, 2)",cn_a,INDUSTRY_C35,0.7178633541567563,0.6515453779762893,0.7178633541567563,0.10178563743829727,0,value_factor,0.41364625096321106,quality_factor,0.3779004216194153,volatility_factor,0.11555831879377365
2019-11-27,600528.SH,tucker,"(3, 2, 2)",cn_a,INDUSTRY_C35,0.4481876203504752,0.40678294944942717,0.4481876203504752,0.10178563743829727,0,value_factor,0.4033352732658386,quality_factor,0.36471936106681824,volatility_factor,0.11925853788852692
2019-11-27,600031.SH,tucker,"(3, 2, 2)",cn_a,INDUSTRY_C35,0.4186518082069913,0.37997572802569546,0.4186518082069913,0.10178563743829727,2,value_factor,0.4181336760520935,quality_factor,0.4165065884590149,momentum_factor,0.10892283916473389
2019-11-27,002430.SZ,tucker,"(3, 2, 2)",cn_a,INDUSTRY_C35,0.37933040512597427,0.3442869325402738,0.37933040512597427,0.10178563743829727,2,value_factor,0.4547649919986725,quality_factor,0.4359121024608612,volatility_factor,0.09127125889062881
2019-11-27,002353.SZ,tucker,"(3, 2, 2)",cn_a,INDUSTRY_C35,0.010306433111955261,0.009354299559425468,0.010306433111955261,0.10178563743829727,2,momentum_factor,0.3673088252544403,value_factor,0.2706846296787262,quality_factor,0.19514508545398712
2019-11-27,002595.SZ,tucker,"(3, 2, 2)",cn_a,INDUSTRY_C35,-0.05066137475197737,-0.04598115277851013,-0.05066137475197737,0.10178563743829727,1,momentum_factor,0.46498948335647583,value_factor,0.21979586780071259,volatility_factor,0.18512335419654846
2019-11-27,002432.SZ,tucker,"(3, 2, 2)",cn_a,INDUSTRY_C35,-0.15049515157938206,-0.13659204060439584,-0.15049515157938206,0.10178563743829727,1,momentum_factor,0.5476744771003723,volatility_factor,0.20058174431324005,value_factor,0.17671936750411987
2019-11-27,002008.SZ,tucker,"(3, 2, 2)",cn_a,INDUSTRY_C35,-0.19071234241444254,-0.1730938687755162,-0.19071234241444254,0.10178563743829727,1,quality_factor,0.40237483382225037,value_factor,0.3914574980735779,momentum_factor,0.17509825527668
2019-11-27,002837.SZ,tucker,"(3, 2, 2)",cn_a,INDUSTRY_C35,-0.23164926675314082,-0.21024893970510097,-0.23164926675314082,0.10178563743829727,1,quality_factor,0.41125398874282837,value_factor,0.40821850299835205,momentum_factor,0.1335192620754242
2019-11-27,300724.SZ,tucker,"(3, 2, 2)",cn_a,INDUSTRY_C35,-0.24132944248759436,-0.2190348370785504,-0.24132944248759436,0.10178563743829727,1,quality_factor,0.4104726314544678,value_factor,0.40674349665641785,momentum_factor,0.1371782273054123
2019-11-27,002223.SZ,tucker,"(3, 2, 2)",cn_a,INDUSTRY_C35,-0.2698969725604334,-0.2449632287026372,-0.2698969725604334,0.10178563743829727,2,quality_factor,0.34251919388771057,momentum_factor,0.3233529329299927,value_factor,0.30207011103630066
2019-11-27,688037.SH,tucker,"(3, 2, 2)",cn_a,INDUSTRY_C35,-0.2772991746327332,-0.25168159720428424,-0.2772991746327332,0.10178563743829727,1,momentum_factor,0.34237730503082275,quality_factor,0.3304748833179474,value_factor,0.2860151529312134
2019-11-27,300003.SZ,tucker,"(3, 2, 2)",cn_a,INDUSTRY_C35,-0.32768159978840167,-0.2974095704339137,-0.32768159978840167,0.10178563743829727,1,quality_factor,0.4110077917575836,value_factor,0.40775367617607117,momentum_factor,0.1346724033355713
2019-11-27,603338.SH,tucker,"(3, 2, 2)",cn_a,INDUSTRY_C35,-0.36109183296876224,-0.32773328438271143,-0.36109183296876224,0.10178563743829727,2,value_factor,0.45927220582962036,quality_factor,0.4362264573574066,volatility_factor,0.0991850420832634
2019-11-27,300751.SZ,tucker,"(3, 2, 2)",cn_a,INDUSTRY_C35,-0.3611822341781854,-0.32781533410682967,-0.3611822341781854,0.10178563743829727,2,value_factor,0.4390144944190979,quality_factor,0.4103299677371979,volatility_factor,0.10645470768213272
2019-11-27,300450.SZ,tucker,"(3, 2, 2)",cn_a,INDUSTRY_C35,-0.44204806258734325,-0.4012105790808548,-0.44204806258734325,0.10178563743829727,1,quality_factor,0.41110020875930786,value_factor,0.40792810916900635,momentum_factor,0.13423961400985718
2019-11-27,601106.SH,tucker,"(3, 2, 2)",cn_a,INDUSTRY_C35,-0.4478722932420674,-0.4064967530321785,-0.4478722932420674,0.10178563743829727,2,momentum_factor,0.44471243023872375,quality_factor,0.2656864523887634,value_factor,0.19965305924415588
2019-11-27,300529.SZ,tucker,"(3, 2, 2)",cn_a,INDUSTRY_C35,-0.46918182485460663,-0.4258376578834906,-0.46918182485460663,0.10178563743829727,2,value_factor,0.4489526152610779,quality_factor,0.4230343997478485,volatility_factor,0.10288830101490021
2019-11-27,601608.SH,tucker,"(3, 2, 2)",cn_a,INDUSTRY_C35,-0.4803935346321292,-0.4360136024312342,-0.4803935346321292,0.10178563743829727,1,quality_factor,0.34088650345802307,momentum_factor,0.3259318470954895,value_factor,0.29989370703697205
2019-11-27,688012.SH,tucker,"(3, 2, 2)",cn_a,INDUSTRY_C35,-0.5372864112767708,-0.4876505756838026,-0.5372864112767708,0.10178563743829727,2,quality_factor,0.36325857043266296,value_factor,0.329715371131897,momentum_factor,0.29059457778930664
2019-11-27,300757.SZ,tucker,"(3, 2, 2)",cn_a,INDUSTRY_C35,-0.5452705383578873,-0.49489710953562094,-0.5452705383578873,0.10178563743829727,2,quality_factor,0.39391008019447327,value_factor,0.3754788041114807,momentum_factor,0.21473659574985504
2019-11-27,300604.SZ,tucker,"(3, 2, 2)",cn_a,INDUSTRY_C35,-0.8332164910927153,-0.7562419093850764,-0.8332164910927153,0.10178563743829727,0,quality_factor,0.4052508473396301,value_factor,0.3968864381313324,momentum_factor,0.16163071990013123
2019-11-28,601717.SH,tucker,"(3, 2, 2)",cn_a,INDUSTRY_C35,1.2129875167799131,1.0917518473344452,1.2129875167799131,0.11104691028594971,0,value_factor,0.44365212321281433,quality_factor,0.41625848412513733,volatility_factor,0.10479044914245605
2019-11-28,600582.SH,tucker,"(3, 2, 2)",cn_a,INDUSTRY_C35,0.8707405362022532,0.7837117660298889,0.8707405362022532,0.11104691028594971,0,value_factor,0.4100102186203003,quality_factor,0.3732522428035736,volatility_factor,0.1168631836771965
2019-11-28,600499.SH,tucker,"(3, 2, 2)",cn_a,INDUSTRY_C35,0.7127677601696832,0.6415280521199942,0.7127677601696832,0.11104691028594971,0,value_factor,0.4099965989589691,quality_factor,0.3732348382472992,volatility_factor,0.1168680489063263
2019-11-28,600528.SH,tucker,"(3, 2, 2)",cn_a,INDUSTRY_C35,0.4458084251136504,0.4012507671695994,0.4458084251136504,0.11104691028594971,0,value_factor,0.4004683494567871,quality_factor,0.361054390668869,volatility_factor,0.12028737366199493
2019-11-28,600031.SH,tucker,"(3, 2, 2)",cn_a,INDUSTRY_C35,0.41142316898370995,0.37030224842425613,0.41142316898370995,0.11104691028594971,2,value_factor,0.42628833651542664,quality_factor,0.4208265244960785,momentum_factor,0.08869357407093048
2019-11-28,002430.SZ,tucker,"(3, 2, 2)",cn_a,INDUSTRY_C35,0.37483305030314557,0.3373692387179898,0.37483305030314557,0.11104691028594971,2,value_factor,0.4609285295009613,quality_factor,0.4391772449016571,volatility_factor,0.09713239967823029
2019-11-28,002353.SZ,tucker,"(3, 2, 2)",cn_a,INDUSTRY_C35,0.0007837083126725287,0.0007053782386837529,0.0007837083126725287,0.11104691028594971,2,momentum_factor,0.34090444445610046,value_factor,0.2844405472278595,quality_factor,0.21273000538349152
2019-11-28,002595.SZ,tucker,"(3, 2, 2)",cn_a,INDUSTRY_C35,-0.05839674446569568,-0.052560106981141,-0.05839674446569568,0.11104691028594971,1,momentum_factor,0.4751700162887573,value_factor,0.2144920825958252,volatility_factor,0.18702664971351624
2019-11-28,002432.SZ,tucker,"(3, 2, 2)",cn_a,INDUSTRY_C35,-0.1647338789283993,-0.14826905813184954,-0.1647338789283993,0.11104691028594971,1,momentum_factor,0.5534061193466187,volatility_factor,0.20165331661701202,value_factor,0.17373332381248474
2019-11-28,002008.SZ,tucker,"(3, 2, 2)",cn_a,INDUSTRY_C35,-0.2075750452893222,-0.186828335840382,-0.2075750452893222,0.11104691028594971,1,quality_factor,0.3898613452911377,value_factor,0.3678360879421234,momentum_factor,0.23369579017162323
2019-11-28,002837.SZ,tucker,"(3, 2, 2)",cn_a,INDUSTRY_C35,-0.2413387536719341,-0.21721742928912052,-0.2413387536719341,0.11104691028594971,1,quality_factor,0.40612009167671204,value_factor,0.3985273838043213,momentum_factor,0.15756002068519592
2019-11-28,300724.SZ,tucker,"(3, 2, 2)",cn_a,INDUSTRY_C35,-0.2518261008214458,-0.22665658712523074,-0.2518261008214458,0.11104691028594971,1,quality_factor,0.4050706624984741,value_factor,0.396546334028244,momentum_factor,0.1624743640422821
2019-11-28,002223.SZ,tucker,"(3, 2, 2)",cn_a,INDUSTRY_C35,-0.27889687912872435,-0.25102169543583425,-0.27889687912872435,0.11104691028594971,2,momentum_factor,0.336072713136673,quality_factor,0.33446627855300903,value_factor,0.29133567214012146
2019-11-28,688037.SH,tucker,"(3, 2, 2)",cn_a,INDUSTRY_C35,-0.2895904024407588,-0.26064642254054515,-0.2895904024407588,0.11104691028594971,1,momentum_factor,0.36028435826301575,quality_factor,0.31913796067237854,value_factor,0.27090319991111755
2019-11-28,300003.SZ,tucker,"(3, 2, 2)",cn_a,INDUSTRY_C35,-0.34302802011567735,-0.30874305750725894,-0.34302802011567735,0.11104691028594971,1,quality_factor,0.4050845503807068,value_factor,0.3965725302696228,momentum_factor,0.16240930557250977
2019-11-28,300751.SZ,tucker,"(3, 2, 2)",cn_a,INDUSTRY_C35,-0.3718921676622675,-0.3347222913986177,-0.3718921676622675,0.11104691028594971,2,value_factor,0.44529515504837036,quality_factor,0.41835883259773254,volatility_factor,0.10420084744691849
2019-11-28,603338.SH,tucker,"(3, 2, 2)",cn_a,INDUSTRY_C35,-0.37347647501487113,-0.33614825040893154,-0.37347647501487113,0.11104691028594971,2,value_factor,0.45709750056266785,quality_factor,0.43714773654937744,volatility_factor,0.09348932653665543
2019-11-28,300450.SZ,tucker,"(3, 2, 2)",cn_a,INDUSTRY_C35,-0.45754077093538503,-0.4118104885577045,-0.45754077093538503,0.11104691028594971,1,quality_factor,0.40703657269477844,value_factor,0.40025731921195984,momentum_factor,0.153268501162529
2019-11-28,601106.SH,tucker,"(3, 2, 2)",cn_a,INDUSTRY_C35,-0.4657263929288357,-0.4191779740505933,-0.4657263929288357,0.11104691028594971,2,momentum_factor,0.45714059472084045,quality_factor,0.25781819224357605,value_factor,0.18916475772857666
2019-11-28,300529.SZ,tucker,"(3, 2, 2)",cn_a,INDUSTRY_C35,-0.48491704207973835,-0.436450556309036,-0.48491704207973835,0.11104691028594971,2,value_factor,0.4571862816810608,quality_factor,0.4335598647594452,volatility_factor,0.09993360936641693
2019-11-28,601608.SH,tucker,"(3, 2, 2)",cn_a,INDUSTRY_C35,-0.49879709144033707,-0.4489433225748874,-0.49879709144033707,0.11104691028594971,1,momentum_factor,0.3412392735481262,quality_factor,0.3311953544616699,value_factor,0.28697553277015686
2019-11-28,688012.SH,tucker,"(3, 2, 2)",cn_a,INDUSTRY_C35,-0.5519236647476834,-0.4967600014347144,-0.5519236647476834,0.11104691028594971,2,quality_factor,0.3569018840789795,value_factor,0.32124197483062744,momentum_factor,0.30063512921333313
2019-11-28,300757.SZ,tucker,"(3, 2, 2)",cn_a,INDUSTRY_C35,-0.5566024155433629,-0.5009711204724113,-0.5566024155433629,0.11104691028594971,2,quality_factor,0.3921070992946625,value_factor,0.3720753788948059,momentum_factor,0.22317928075790405
2019-11-28,300604.SZ,tucker,"(3, 2, 2)",cn_a,INDUSTRY_C35,-0.8557976590805122,-0.7702623995059361,-0.8557976590805122,0.11104691028594971,0,quality_factor,0.4024343192577362,value_factor,0.39156976342201233,momentum_factor,0.17481979727745056
2019-11-29,601717.SH,tucker,"(3, 2, 2)",cn_a,INDUSTRY_C35,1.3420754484429689,1.0702863177198152,1.3420754484429689,0.25394052267074585,0,value_factor,0.44043174386024475,quality_factor,0.41214171051979065,volatility_factor,0.1059461161494255
2019-11-29,600582.SH,tucker,"(3, 2, 2)",cn_a,INDUSTRY_C35,0.9529809843929672,0.7599889483309452,0.9529809843929672,0.25394052267074585,0,value_factor,0.40551501512527466,quality_factor,0.3675057590007782,volatility_factor,0.11847633123397827
2019-11-29,600499.SH,tucker,"(3, 2, 2)",cn_a,INDUSTRY_C35,0.765698243462731,0.610633593238765,0.765698243462731,0.25394052267074585,0,value_factor,0.4016571640968323,quality_factor,0.36257416009902954,volatility_factor,0.11986071616411209
2019-11-29,600528.SH,tucker,"(3, 2, 2)",cn_a,INDUSTRY_C35,0.481086959124225,0.38366009197281775,0.481086959124225,0.25394052267074585,0,value_factor,0.3938640356063843,quality_factor,0.352611780166626,momentum_factor,0.13086678087711334
2019-11-29,600031.SH,tucker,"(3, 2, 2)",cn_a,INDUSTRY_C35,0.43044619449421284,0.34327479354175505,0.43044619449421284,0.25394052267074585,2,value_factor,0.4463276267051697,quality_factor,0.43144237995147705,volatility_factor,0.08324777334928513
2019-11-29,002430.SZ,tucker,"(3, 2, 2)",cn_a,INDUSTRY_C35,0.3977803250606681,0.3172242215327772,0.3977803250606681,0.25394052267074585,2,value_factor,0.4452217221260071,quality_factor,0.4182649552822113,volatility_factor,0.10422717779874802
2019-11-29,002353.SZ,tucker,"(3, 2, 2)",cn_a,INDUSTRY_C35,-0.02475126847775194,-0.019738788924781814,-0.02475126847775194,0.25394052267074585,2,value_factor,0.3315931260585785,quality_factor,0.2730075716972351,momentum_factor,0.25039544701576233
2019-11-29,002595.SZ,tucker,"(3, 2, 2)",cn_a,INDUSTRY_C35,-0.08465772742832259,-0.06751334841935122,-0.08465772742832259,0.25394052267074585,1,momentum_factor,0.4955066442489624,value_factor,0.20389732718467712,volatility_factor,0.19082869589328766
2019-11-29,002432.SZ,tucker,"(3, 2, 2)",cn_a,INDUSTRY_C35,-0.21842448146982008,-0.17419045571798047,-0.21842448146982008,0.25394052267074585,1,momentum_factor,0.564900815486908,volatility_factor,0.20380228757858276,value_factor,0.1677449643611908
2019-11-29,002008.SZ,tucker,"(3, 2, 2)",cn_a,INDUSTRY_C35,-0.27232699403207866,-0.21717695230655687,-0.27232699403207866,0.25394052267074585,1,quality_factor,0.33577677607536316,momentum_factor,0.334002822637558,value_factor,0.29308250546455383
2019-11-29,002837.SZ,tucker,"(3, 2, 2)",cn_a,INDUSTRY_C35,-0.289957108279528,-0.23123672076500956,-0.289957108279528,0.25394052267074585,1,quality_factor,0.39435169100761414,value_factor,0.37631237506866455,momentum_factor,0.21266868710517883
2019-11-29,300724.SZ,tucker,"(3, 2, 2)",cn_a,INDUSTRY_C35,-0.3035954922655309,-0.24211314041262538,-0.3035954922655309,0.25394052267074585,1,quality_factor,0.3927130699157715,value_factor,0.37321916222572327,momentum_factor,0.22034205496311188
2019-11-29,002223.SZ,tucker,"(3, 2, 2)",cn_a,INDUSTRY_C35,-0.3291719717990143,-0.2625100235624414,-0.3291719717990143,0.25394052267074585,2,momentum_factor,0.36411893367767334,quality_factor,0.3167102634906769,value_factor,0.26766708493232727
2019-11-29,688037.SH,tucker,"(3, 2, 2)",cn_a,INDUSTRY_C35,-0.3497161118436982,-0.27889368666026115,-0.3497161118436982,0.25394052267074585,1,momentum_factor,0.39846765995025635,quality_factor,0.2949639856815338,value_factor,0.2386796474456787
2019-11-29,300003.SZ,tucker,"(3, 2, 2)",cn_a,INDUSTRY_C35,-0.4163653062135731,-0.3320454829351164,-0.4163653062135731,0.25394052267074585,1,quality_factor,0.3915847837924957,value_factor,0.3710893988609314,momentum_factor,0.22562527656555176
2019-11-29,300751.SZ,tucker,"(3, 2, 2)",cn_a,INDUSTRY_C35,-0.4354595221655525,-0.34727285193639007,-0.4354595221655525,0.25394052267074585,2,value_factor,0.46134400367736816,quality_factor,0.43887490034103394,volatility_factor,0.09844155609607697
2019-11-29,603338.SH,tucker,"(3, 2, 2)",cn_a,INDUSTRY_C35,-0.44169551807788915,-0.3522459710781447,-0.44169551807788915,0.25394052267074585,2,value_factor,0.44058725237846375,quality_factor,0.4284014403820038,volatility_factor,0.07778903096914291
2019-11-29,300450.SZ,tucker,"(3, 2, 2)",cn_a,INDUSTRY_C35,-0.541976725985644,-0.4322188257135575,-0.541976725985644,0.25394052267074585,1,quality_factor,0.3976488709449768,value_factor,0.382536381483078,momentum_factor,0.1972288340330124
2019-11-29,601106.SH,tucker,"(3, 2, 2)",cn_a,INDUSTRY_C35,-0.5572777712637633,-0.44442119438588673,-0.5572777712637633,0.25394052267074585,2,momentum_factor,0.48400071263313293,quality_factor,0.2408130168914795,value_factor,0.1664971113204956
2019-11-29,300529.SZ,tucker,"(3, 2, 2)",cn_a,INDUSTRY_C35,-0.5725644280021334,-0.45661208839988454,-0.5725644280021334,0.25394052267074585,2,value_factor,0.44997653365135193,quality_factor,0.43337541818618774,volatility_factor,0.08671766519546509
2019-11-29,601608.SH,tucker,"(3, 2, 2)",cn_a,INDUSTRY_C35,-0.5949176832521491,-0.4744384954609382,-0.5949176832521491,0.25394052267074585,1,momentum_factor,0.3744792938232422,quality_factor,0.3101511001586914,value_factor,0.25892379879951477
2019-11-29,300757.SZ,tucker,"(3, 2, 2)",cn_a,INDUSTRY_C35,-0.6391100029733255,-0.5096812496598536,-0.6391100029733255,0.25394052267074585,2,quality_factor,0.3878781199455261,value_factor,0.3640923500061035,momentum_factor,0.242982879281044
2019-11-29,688012.SH,tucker,"(3, 2, 2)",cn_a,INDUSTRY_C35,-0.6428825814724117,-0.5126898280186786,-0.6428825814724117,0.25394052267074585,2,quality_factor,0.3426155149936676,momentum_factor,0.32320085167884827,value_factor,0.3021984398365021
2019-11-29,300604.SZ,tucker,"(3, 2, 2)",cn_a,INDUSTRY_C35,-0.9965269212302732,-0.794716221259849,-0.9965269212302732,0.25394052267074585,0,quality_factor,0.3958715498447418,value_factor,0.3791813552379608,momentum_factor,0.2055516391992569
2019-12-02,601717.SH,tucker,"(3, 2, 2)",cn_a,INDUSTRY_C35,1.085171589101198,1.0711937032416798,1.085171589101198,0.013048875145614147,0,value_factor,0.44059517979621887,quality_factor,0.4123506247997284,volatility_factor,0.10588746517896652
2019-12-02,600582.SH,tucker,"(3, 2, 2)",cn_a,INDUSTRY_C35,0.7709949214133737,0.7610638845911598,0.7709949214133737,0.013048875145614147,0,value_factor,0.4057419002056122,quality_factor,0.3677959144115448,volatility_factor,0.1183948665857315
2019-12-02,600499.SH,tucker,"(3, 2, 2)",cn_a,INDUSTRY_C35,0.6200853631029338,0.6120981631838965,0.6200853631029338,0.013048875145614147,0,value_factor,0.4020727276802063,quality_factor,0.3631053566932678,volatility_factor,0.11971160769462585
2019-12-02,600528.SH,tucker,"(3, 2, 2)",cn_a,INDUSTRY_C35,0.3895049896150636,0.3844878509973252,0.3895049896150636,0.013048875145614147,0,value_factor,0.3941948711872101,quality_factor,0.35303470492362976,momentum_factor,0.13023173809051514
2019-12-02,600031.SH,tucker,"(3, 2, 2)",cn_a,INDUSTRY_C35,0.34908511305656115,0.34458861506991273,0.34908511305656115,0.013048875145614147,2,value_factor,0.44527941942214966,quality_factor,0.4308870732784271,volatility_factor,0.08225101977586746
2019-12-02,002430.SZ,tucker,"(3, 2, 2)",cn_a,INDUSTRY_C35,0.32234508065216017,0.31819301586352616,0.32234508065216017,0.013048875145614147,2,value_factor,0.4461090862751007,quality_factor,0.41939932107925415,volatility_factor,0.10390877723693848
2019-12-02,002353.SZ,tucker,"(3, 2, 2)",cn_a,INDUSTRY_C35,-0.018941303181780233,-0.018697323910147494,-0.018941303181780233,0.013048875145614147,2,value_factor,0.32848024368286133,quality_factor,0.2690282464027405,momentum_factor,0.25637054443359375
2019-12-02,002595.SZ,tucker,"(3, 2, 2)",cn_a,INDUSTRY_C35,-0.06761346370253984,-0.06674254772234582,-0.06761346370253984,0.013048875145614147,1,momentum_factor,0.49457794427871704,value_factor,0.20438113808631897,volatility_factor,0.19065506756305695
2019-12-02,002432.SZ,tucker,"(3, 2, 2)",cn_a,INDUSTRY_C35,-0.1750999538474084,-0.17284452512676418,-0.1750999538474084,0.013048875145614147,1,momentum_factor,0.564374566078186,volatility_factor,0.20370391011238098,value_factor,0.1680191159248352
2019-12-02,002008.SZ,tucker,"(3, 2, 2)",cn_a,INDUSTRY_C35,-0.21841221260499144,-0.21559888703622493,-0.21841221260499144,0.013048875145614147,1,quality_factor,0.33845701813697815,momentum_factor,0.3297692835330963,value_factor,0.29665523767471313
2019-12-02,002837.SZ,tucker,"(3, 2, 2)",cn_a,INDUSTRY_C35,-0.23349299296072226,-0.2304854147699723,-0.23349299296072226,0.013048875145614147,1,quality_factor,0.3949393033981323,value_factor,0.37742161750793457,momentum_factor,0.20991699397563934
2019-12-02,300724.SZ,tucker,"(3, 2, 2)",cn_a,INDUSTRY_C35,-0.24443552576016536,-0.24128699891574548,-0.24443552576016536,0.013048875145614147,1,quality_factor,0.3933292627334595,value_factor,0.374382346868515,momentum_factor,0.21745651960372925
2019-12-02,002223.SZ,tucker,"(3, 2, 2)",cn_a,INDUSTRY_C35,-0.265299165458653,-0.26188189809683615,-0.265299165458653,0.013048875145614147,2,momentum_factor,0.36275389790534973,quality_factor,0.31757450103759766,value_factor,0.26881909370422363
2019-12-02,688037.SH,tucker,"(3, 2, 2)",cn_a,INDUSTRY_C35,-0.28154610753321224,-0.2779195664453181,-0.28154610753321224,0.013048875145614147,1,momentum_factor,0.3966493010520935,quality_factor,0.2961151897907257,value_factor,0.24021418392658234
2019-12-02,300003.SZ,tucker,"(3, 2, 2)",cn_a,INDUSTRY_C35,-0.3351222539222706,-0.33080560883005083,-0.3351222539222706,0.013048875145614147,1,quality_factor,0.39225631952285767,value_factor,0.37235698103904724,momentum_factor,0.22248077392578125
2019-12-02,300751.SZ,tucker,"(3, 2, 2)",cn_a,INDUSTRY_C35,-0.3510987654935692,-0.3465763300384062,-0.3510987654935692,0.013048875145614147,2,value_factor,0.46048206090927124,quality_factor,0.43777307868003845,volatility_factor,0.09875087440013885
2019-12-02,603338.SH,tucker,"(3, 2, 2)",cn_a,INDUSTRY_C35,-0.35595345368546905,-0.35136848592839964,-0.35595345368546905,0.013048875145614147,2,value_factor,0.44141870737075806,quality_factor,0.42884185910224915,volatility_factor,0.07857969403266907
2019-12-02,300450.SZ,tucker,"(3, 2, 2)",cn_a,INDUSTRY_C35,-0.43673430767960547,-0.4311088173285934,-0.43673430767960547,0.013048875145614147,1,quality_factor,0.39812004566192627,value_factor,0.383425772190094,momentum_factor,0.19502244889736176
2019-12-02,601106.SH,tucker,"(3, 2, 2)",cn_a,INDUSTRY_C35,-0.44884508955581953,-0.44306360256018884,-0.44884508955581953,0.013048875145614147,2,momentum_factor,0.48271042108535767,quality_factor,0.241629958152771,value_factor,0.1675860583782196
2019-12-02,300529.SZ,tucker,"(3, 2, 2)",cn_a,INDUSTRY_C35,-0.4614543554925978,-0.4555104509753449,-0.4614543554925978,0.013048875145614147,2,value_factor,0.45077764987945557,quality_factor,0.4337998032569885,volatility_factor,0.08747950941324234
2019-12-02,601608.SH,tucker,"(3, 2, 2)",cn_a,INDUSTRY_C35,-0.4792359353147522,-0.4730629896986978,-0.4792359353147522,0.013048875145614147,1,momentum_factor,0.3728775084018707,quality_factor,0.3111651837825775,value_factor,0.26027557253837585
2019-12-02,300757.SZ,tucker,"(3, 2, 2)",cn_a,INDUSTRY_C35,-0.5157958972415796,-0.5091520298100501,-0.5157958972415796,0.013048875145614147,2,quality_factor,0.3880925476551056,value_factor,0.3644970953464508,momentum_factor,0.24197882413864136
2019-12-02,688012.SH,tucker,"(3, 2, 2)",cn_a,INDUSTRY_C35,-0.5184718344839969,-0.5117934988211597,-0.5184718344839969,0.013048875145614147,2,quality_factor,0.3433195948600769,momentum_factor,0.32208871841430664,value_factor,0.30313703417778015
2019-12-02,300604.SZ,tucker,"(3, 2, 2)",cn_a,INDUSTRY_C35,-0.8036911485951008,-0.7933389579791708,-0.8036911485951008,0.013048875145614147,0,quality_factor,0.39620280265808105,value_factor,0.37980666756629944,momentum_factor,0.20400039851665497
2019-12-03,601717.SH,tucker,"(3, 2, 2)",cn_a,INDUSTRY_C35,1.2161636969264376,1.0543330425864876,1.2161636969264376,0.15349102020263672,0,value_factor,0.43861010670661926,quality_factor,0.4098129868507385,volatility_factor,0.1065998300909996
2019-12-03,600582.SH,tucker,"(3, 2, 2)",cn_a,INDUSTRY_C35,0.8580536062627719,0.7438754105879692,0.8580536062627719,0.15349102020263672,0,value_factor,0.4029933512210846,quality_factor,0.3642822802066803,volatility_factor,0.11938121914863586
2019-12-03,600499.SH,tucker,"(3, 2, 2)",cn_a,INDUSTRY_C35,0.6817237823242644,0.5910091802921051,0.6817237823242644,0.15349102020263672,0,value_factor,0.3970799148082733,quality_factor,0.35672277212142944,momentum_factor,0.12469395250082016
2019-12-03,600528.SH,tucker,"(3, 2, 2)",cn_a,INDUSTRY_C35,0.4295107407603334,0.3723572470333407,0.4295107407603334,0.15349102020263672,0,value_factor,0.3902072012424469,quality_factor,0.34793704748153687,momentum_factor,0.13788609206676483
2019-12-03,600031.SH,tucker,"(3, 2, 2)",cn_a,INDUSTRY_C35,0.3769514800204485,0.32679186349819045,0.3769514800204485,0.15349102020263672,2,value_factor,0.45824742317199707,quality_factor,0.43775689601898193,volatility_factor,0.09458283334970474
2019-12-03,002430.SZ,tucker,"(3, 2, 2)",cn_a,INDUSTRY_C35,0.3514899480125293,0.3047184086017264,0.3514899480125293,0.15349102020263672,2,value_factor,0.43559956550598145,quality_factor,0.4059644639492035,volatility_factor,0.10768019407987595
2019-12-03,002353.SZ,tucker,"(3, 2, 2)",cn_a,INDUSTRY_C35,-0.035993803850266785,-0.031204234120473396,-0.035993803850266785,0.15349102020263672,2,value_factor,0.37471139430999756,quality_factor,0.3281279504299164,momentum_factor,0.1676301658153534
2019-12-03,002595.SZ,tucker,"(3, 2, 2)",cn_a,INDUSTRY_C35,-0.08732956679982995,-0.07570892644182747,-0.08732956679982995,0.15349102020263672,1,momentum_factor,0.5052257180213928,value_factor,0.19883397221565247,volatility_factor,0.19264572858810425
2019-12-03,002432.SZ,tucker,"(3, 2, 2)",cn_a,INDUSTRY_C35,-0.21707820044564796,-0.18819236270041642,-0.21707820044564796,0.15349102020263672,1,momentum_factor,0.5704155564308167,volatility_factor,0.20483332872390747,value_factor,0.1648719757795334
2019-12-03,002008.SZ,tucker,"(3, 2, 2)",cn_a,INDUSTRY_C35,-0.2693664584174443,-0.23352280485904778,-0.2693664584174443,0.15349102020263672,1,momentum_factor,0.37743860483169556,quality_factor,0.30827757716178894,value_factor,0.25642645359039307
2019-12-03,002837.SZ,tucker,"(3, 2, 2)",cn_a,INDUSTRY_C35,-0.27489741401800527,-0.2383177755208821,-0.27489741401800527,0.15349102020263672,1,quality_factor,0.3878698945045471,value_factor,0.3640768826007843,momentum_factor,0.2430211752653122
2019-12-03,300724.SZ,tucker,"(3, 2, 2)",cn_a,INDUSTRY_C35,-0.28833375183374993,-0.24996618680490257,-0.28833375183374993,0.15349102020263672,1,quality_factor,0.38592177629470825,value_factor,0.360399454832077,momentum_factor,0.2521437406539917
2019-12-03,002223.SZ,tucker,"(3, 2, 2)",cn_a,INDUSTRY_C35,-0.30919405076201417,-0.2680506786326757,-0.30919405076201417,0.15349102020263672,2,momentum_factor,0.3789394199848175,quality_factor,0.30732735991477966,value_factor,0.25515979528427124
2019-12-03,688037.SH,tucker,"(3, 2, 2)",cn_a,INDUSTRY_C35,-0.33242399597771527,-0.28818949619505274,-0.33242399597771527,0.15349102020263672,1,momentum_factor,0.4179546535015106,quality_factor,0.28262680768966675,value_factor,0.2222343236207962
2019-12-03,300003.SZ,tucker,"(3, 2, 2)",cn_a,INDUSTRY_C35,-0.3968044834068962,-0.3440030970827918,-0.3968044834068962,0.15349102020263672,1,quality_factor,0.38299760222435,value_factor,0.3560272753238678,momentum_factor,0.2594161033630371
2019-12-03,300751.SZ,tucker,"(3, 2, 2)",cn_a,INDUSTRY_C35,-0.40730775968760996,-0.3531087390832546,-0.40730775968760996,0.15349102020263672,2,value_factor,0.4551033079624176,quality_factor,0.4360913336277008,volatility_factor,0.09159298241138458
2019-12-03,603338.SH,tucker,"(3, 2, 2)",cn_a,INDUSTRY_C35,-0.415332449304108,-0.3600656112876765,-0.415332449304108,0.15349102020263672,2,value_factor,0.4313661456108093,quality_factor,0.42351651191711426,momentum_factor,0.07609705626964569
2019-12-03,300450.SZ,tucker,"(3, 2, 2)",cn_a,INDUSTRY_C35,-0.5100551480094395,-0.44218389140111103,-0.5100551480094395,0.15349102020263672,1,quality_factor,0.39243465662002563,value_factor,0.37269362807273865,momentum_factor,0.22164572775363922
2019-12-03,601106.SH,tucker,"(3, 2, 2)",cn_a,INDUSTRY_C35,-0.527226960038177,-0.4570707103949173,-0.527226960038177,0.15349102020263672,2,momentum_factor,0.49790090322494507,quality_factor,0.23201283812522888,value_factor,0.15476657450199127
2019-12-03,300529.SZ,tucker,"(3, 2, 2)",cn_a,INDUSTRY_C35,-0.5379309439626777,-0.4663503525742039,-0.5379309439626777,0.15349102020263672,2,value_factor,0.441086083650589,quality_factor,0.4286656677722931,volatility_factor,0.07826337218284607
2019-12-03,601608.SH,tucker,"(3, 2, 2)",cn_a,INDUSTRY_C35,-0.561891393023402,-0.48712246838704737,-0.561891393023402,0.15349102020263672,1,momentum_factor,0.3917659521102905,quality_factor,0.2992069125175476,value_factor,0.2443353682756424
2019-12-03,300757.SZ,tucker,"(3, 2, 2)",cn_a,INDUSTRY_C35,-0.5914724263488849,-0.5127672569527064,-0.5914724263488849,0.15349102020263672,2,quality_factor,0.385489821434021,value_factor,0.3595840036869049,momentum_factor,0.2541666626930237
2019-12-03,688012.SH,tucker,"(3, 2, 2)",cn_a,INDUSTRY_C35,-0.5996296010380708,-0.5198389849040458,-0.5996296010380708,0.15349102020263672,2,momentum_factor,0.3353689908981323,quality_factor,0.33491185307502747,value_factor,0.29192957282066345
2019-12-03,300604.SZ,tucker,"(3, 2, 2)",cn_a,INDUSTRY_C35,-0.9293253587007702,-0.8056632799252422,-0.9293253587007702,0.15349102020263672,0,quality_factor,0.39219215512275696,value_factor,0.37223586440086365,momentum_factor,0.22278127074241638
2019-12-04,601717.SH,tucker,"(3, 2, 2)",cn_a,INDUSTRY_C35,1.390808481864893,1.0695050487008526,1.390808481864893,0.3004225194454193,0,value_factor,0.44233956933021545,quality_factor,0.4145805835723877,volatility_factor,0.10526148974895477
2019-12-04,600582.SH,tucker,"(3, 2, 2)",cn_a,INDUSTRY_C35,0.9940391501113692,0.7643970420894295,0.9940391501113692,0.3004225194454193,0,value_factor,0.4081721901893616,quality_factor,0.3709026277065277,volatility_factor,0.11752276122570038
2019-12-04,600499.SH,tucker,"(3, 2, 2)",cn_a,INDUSTRY_C35,0.80769312770639,0.6211005247283801,0.80769312770639,0.3004225194454193,0,value_factor,0.4065585136413574,quality_factor,0.3688398003578186,volatility_factor,0.1181018278002739
2019-12-04,600528.SH,tucker,"(3, 2, 2)",cn_a,INDUSTRY_C35,0.506087035960001,0.38917122457831754,0.506087035960001,0.3004225194454193,0,value_factor,0.39775460958480835,quality_factor,0.3575853407382965,momentum_factor,0.1233988106250763
2019-12-04,600031.SH,tucker,"(3, 2, 2)",cn_a,INDUSTRY_C35,0.46140530497864085,0.35481183038970754,0.46140530497864085,0.3004225194454193,2,value_factor,0.43430259823799133,quality_factor,0.4250721037387848,volatility_factor,0.07181268185377121
2019-12-04,002430.SZ,tucker,"(3, 2, 2)",cn_a,INDUSTRY_C35,0.4227132735662606,0.3250584002951875,0.4227132735662606,0.3004225194454193,2,value_factor,0.4558391571044922,quality_factor,0.431837797164917,volatility_factor,0.10041702538728714
2019-12-04,002353.SZ,tucker,"(3, 2, 2)",cn_a,INDUSTRY_C35,-0.009790520620346351,-0.007528722587907981,-0.009790520620346351,0.3004225194454193,2,momentum_factor,0.30992504954338074,value_factor,0.3005799353122711,quality_factor,0.23336182534694672
2019-12-04,002595.SZ,tucker,"(3, 2, 2)",cn_a,INDUSTRY_C35,-0.07532176960201371,-0.057920996252783574,-0.07532176960201371,0.3004225194454193,1,momentum_factor,0.4840085506439209,value_factor,0.20988745987415314,volatility_factor,0.1886790692806244
2019-12-04,002432.SZ,tucker,"(3, 2, 2)",cn_a,INDUSTRY_C35,-0.20397074581152172,-0.15684959164197293,-0.20397074581152172,0.3004225194454193,1,momentum_factor,0.5583944916725159,volatility_factor,0.20258592069149017,value_factor,0.1711345613002777
2019-12-04,002008.SZ,tucker,"(3, 2, 2)",cn_a,INDUSTRY_C35,-0.2558052947813145,-0.19670936568217057,-0.2558052947813145,0.3004225194454193,1,quality_factor,0.36963266134262085,value_factor,0.33821195363998413,momentum_factor,0.28052645921707153
2019-12-04,002837.SZ,tucker,"(3, 2, 2)",cn_a,INDUSTRY_C35,-0.2862877969068556,-0.22014982520294277,-0.2862877969068556,0.3004225194454193,1,quality_factor,0.40127477049827576,value_factor,0.38938090205192566,momentum_factor,0.18024972081184387
2019-12-04,300724.SZ,tucker,"(3, 2, 2)",cn_a,INDUSTRY_C35,-0.2991616373510784,-0.2300495616014465,-0.2991616373510784,0.3004225194454193,1,quality_factor,0.3999783992767334,value_factor,0.386933833360672,momentum_factor,0.1863200068473816
2019-12-04,002223.SZ,tucker,"(3, 2, 2)",cn_a,INDUSTRY_C35,-0.32837539353795475,-0.2525143798282418,-0.32837539353795475,0.3004225194454193,2,momentum_factor,0.3478032350540161,quality_factor,0.3270397186279297,value_factor,0.28143611550331116
2019-12-04,688037.SH,tucker,"(3, 2, 2)",cn_a,INDUSTRY_C35,-0.34427184041930087,-0.26473844260732987,-0.34427184041930087,0.3004225194454193,1,momentum_factor,0.37646806240081787,quality_factor,0.30889201164245605,value_factor,0.2572454810142517
2019-12-04,300003.SZ,tucker,"(3, 2, 2)",cn_a,INDUSTRY_C35,-0.40868290319824735,-0.31426931456599166,-0.40868290319824735,0.3004225194454193,1,quality_factor,0.39951324462890625,value_factor,0.38605573773384094,momentum_factor,0.18849840760231018
2019-12-04,300751.SZ,tucker,"(3, 2, 2)",cn_a,INDUSTRY_C35,-0.43642034063652846,-0.3355988719889435,-0.43642034063652846,0.3004225194454193,2,value_factor,0.45160627365112305,quality_factor,0.4264267086982727,volatility_factor,0.10193601995706558
2019-12-04,603338.SH,tucker,"(3, 2, 2)",cn_a,INDUSTRY_C35,-0.44010744407553887,-0.3384341838198121,-0.44010744407553887,0.3004225194454193,2,value_factor,0.45033565163612366,quality_factor,0.4335656464099884,volatility_factor,0.08705918490886688
2019-12-04,300450.SZ,tucker,"(3, 2, 2)",cn_a,INDUSTRY_C35,-0.5395289997282476,-0.41488745334379984,-0.5395289997282476,0.3004225194454193,1,quality_factor,0.4031836986541748,value_factor,0.39298439025878906,momentum_factor,0.1713104397058487
2019-12-04,601106.SH,tucker,"(3, 2, 2)",cn_a,INDUSTRY_C35,-0.5515200099687729,-0.42410831024716694,-0.5515200099687729,0.3004225194454193,2,momentum_factor,0.46846485137939453,quality_factor,0.2506488263607025,value_factor,0.1796080768108368
2019-12-04,300529.SZ,tucker,"(3, 2, 2)",cn_a,INDUSTRY_C35,-0.5710429062702873,-0.4391210430798972,-0.5710429062702873,0.3004225194454193,2,value_factor,0.4593646824359894,quality_factor,0.43834879994392395,volatility_factor,0.09564530849456787
2019-12-04,601608.SH,tucker,"(3, 2, 2)",cn_a,INDUSTRY_C35,-0.5898768057718884,-0.4536039505875346,-0.5898768057718884,0.3004225194454193,1,momentum_factor,0.355226993560791,quality_factor,0.3223397135734558,value_factor,0.27517110109329224
2019-12-04,688012.SH,tucker,"(3, 2, 2)",cn_a,INDUSTRY_C35,-0.6462789060170478,-0.4969760839589426,-0.6462789060170478,0.3004225194454193,2,quality_factor,0.35097232460975647,value_factor,0.31333795189857483,momentum_factor,0.31000107526779175
2019-12-04,300757.SZ,tucker,"(3, 2, 2)",cn_a,INDUSTRY_C35,-0.6479095285620532,-0.4982300014228843,-0.6479095285620532,0.3004225194454193,2,quality_factor,0.39038240909576416,value_factor,0.36881959438323975,momentum_factor,0.23125596344470978
2019-12-04,300604.SZ,tucker,"(3, 2, 2)",cn_a,INDUSTRY_C35,-1.001973317846089,-0.7704982649106652,-1.001973317846089,0.3004225194454193,0,quality_factor,0.39975038170814514,value_factor,0.38650333881378174,momentum_factor,0.18738800287246704
2019-12-05,601717.SH,tucker,"(3, 2, 2)",cn_a,INDUSTRY_C35,1.3279152961971938,1.080396685164638,1.3279152961971938,0.22909975051879883,0,value_factor,0.4452281594276428,quality_factor,0.4182731807231903,volatility_factor,0.10422489047050476
2019-12-05,600582.SH,tucker,"(3, 2, 2)",cn_a,INDUSTRY_C35,0.9581374970880059,0.7795441311281524,0.9581374970880059,0.22909975051879883,0,value_factor,0.41222772002220154,quality_factor,0.3760870099067688,volatility_factor,0.11606738716363907
2019-12-05,600499.SH,tucker,"(3, 2, 2)",cn_a,INDUSTRY_C35,0.7910671796051012,0.6436151168944542,0.7910671796051012,0.22909975051879883,0,value_factor,0.4141976535320282,quality_factor,0.37860530614852905,volatility_factor,0.11536045372486115
2019-12-05,600528.SH,tucker,"(3, 2, 2)",cn_a,INDUSTRY_C35,0.49376126847605667,0.40172595289165236,0.49376126847605667,0.22909975051879883,0,value_factor,0.4037671685218811,quality_factor,0.3652714192867279,volatility_factor,0.11910353600978851
2019-12-05,600031.SH,tucker,"(3, 2, 2)",cn_a,INDUSTRY_C35,0.462034089814206,0.37591260564423923,0.462034089814206,0.22909975051879883,2,value_factor,0.4169318675994873,quality_factor,0.41586995124816895,momentum_factor,0.1119040697813034
2019-12-05,002430.SZ,tucker,"(3, 2, 2)",cn_a,INDUSTRY_C35,0.4183051845947019,0.34033461028540335,0.4183051845947019,0.22909975051879883,2,value_factor,0.4538542628288269,quality_factor,0.4354296326637268,volatility_factor,0.09040521085262299
2019-12-05,002353.SZ,tucker,"(3, 2, 2)",cn_a,INDUSTRY_C35,0.012890054546522945,0.010487394974315223,0.012890054546522945,0.22909975051879883,2,momentum_factor,0.37083888053894043,value_factor,0.2688455581665039,quality_factor,0.19279411435127258
2019-12-05,002595.SZ,tucker,"(3, 2, 2)",cn_a,INDUSTRY_C35,-0.05451462187601415,-0.0443532934190278,-0.05451462187601415,0.22909975051879883,1,momentum_factor,0.4633733928203583,value_factor,0.22063779830932617,volatility_factor,0.1848212033510208
2019-12-05,002432.SZ,tucker,"(3, 2, 2)",cn_a,INDUSTRY_C35,-0.16335919116783362,-0.13290962844869203,-0.16335919116783362,0.22909975051879883,1,momentum_factor,0.5467660427093506,volatility_factor,0.20041191577911377,value_factor,0.17719267308712006
2019-12-05,002008.SZ,tucker,"(3, 2, 2)",cn_a,INDUSTRY_C35,-0.20720562979493487,-0.16858324941281136,-0.20720562979493487,0.22909975051879883,1,quality_factor,0.4043007791042328,value_factor,0.39509305357933044,momentum_factor,0.166079580783844
2019-12-05,002837.SZ,tucker,"(3, 2, 2)",cn_a,INDUSTRY_C35,-0.25343337623699025,-0.20619431102318334,-0.25343337623699025,0.22909975051879883,1,quality_factor,0.4120287597179413,value_factor,0.40968096256256104,momentum_factor,0.12989136576652527
2019-12-05,300724.SZ,tucker,"(3, 2, 2)",cn_a,INDUSTRY_C35,-0.2639586241846543,-0.21475769080030999,-0.2639586241846543,0.22909975051879883,1,quality_factor,0.41128844022750854,value_factor,0.4082835018634796,momentum_factor,0.1333581805229187
2019-12-05,002223.SZ,tucker,"(3, 2, 2)",cn_a,INDUSTRY_C35,-0.2956491860780382,-0.24054124651253544,-0.2956491860780382,0.22909975051879883,2,quality_factor,0.34375131130218506,momentum_factor,0.3214068114757538,value_factor,0.3037124574184418
2019-12-05,688037.SH,tucker,"(3, 2, 2)",cn_a,INDUSTRY_C35,-0.3032638827434236,-0.24673659124527275,-0.3032638827434236,0.22909975051879883,1,momentum_factor,0.3396039307117462,quality_factor,0.33223071694374084,value_factor,0.28835564851760864
2019-12-05,300003.SZ,tucker,"(3, 2, 2)",cn_a,INDUSTRY_C35,-0.35823050924425537,-0.29145763726096885,-0.35823050924425537,0.22909975051879883,1,quality_factor,0.41190341114997864,value_factor,0.4094443619251251,momentum_factor,0.13047827780246735
2019-12-05,603338.SH,tucker,"(3, 2, 2)",cn_a,INDUSTRY_C35,-0.3954896446078625,-0.32177180447797477,-0.3954896446078625,0.22909975051879883,2,value_factor,0.4579279124736786,quality_factor,0.43450796604156494,volatility_factor,0.09966745227575302
2019-12-05,300751.SZ,tucker,"(3, 2, 2)",cn_a,INDUSTRY_C35,-0.3958607816742532,-0.322073762936785,-0.3958607816742532,0.22909975051879883,2,value_factor,0.438100665807724,quality_factor,0.4091617465019226,volatility_factor,0.10678264498710632
2019-12-05,300450.SZ,tucker,"(3, 2, 2)",cn_a,INDUSTRY_C35,-0.48410405257827993,-0.3938688071280962,-0.48410405257827993,0.22909975051879883,1,quality_factor,0.41171178221702576,value_factor,0.4090825915336609,momentum_factor,0.13137581944465637
2019-12-05,601106.SH,tucker,"(3, 2, 2)",cn_a,INDUSTRY_C35,-0.4901325070124313,-0.3987735794475168,-0.4901325070124313,0.22909975051879883,2,momentum_factor,0.44279709458351135,quality_factor,0.26689907908439636,value_factor,0.2012694776058197
2019-12-05,300529.SZ,tucker,"(3, 2, 2)",cn_a,INDUSTRY_C35,-0.513934198408083,-0.4181387216059177,-0.513934198408083,0.22909975051879883,2,value_factor,0.4477618932723999,quality_factor,0.4215122163295746,volatility_factor,0.10331562906503677
2019-12-05,601608.SH,tucker,"(3, 2, 2)",cn_a,INDUSTRY_C35,-0.5258435315268508,-0.42782819808147715,-0.5258435315268508,0.22909975051879883,1,quality_factor,0.34237751364707947,momentum_factor,0.32357683777809143,value_factor,0.30188116431236267
2019-12-05,688012.SH,tucker,"(3, 2, 2)",cn_a,INDUSTRY_C35,-0.5890833946172546,-0.4792803792927339,-0.5890833946172546,0.22909975051879883,2,quality_factor,0.36422449350357056,value_factor,0.33100295066833496,momentum_factor,0.2890688478946686
2019-12-05,300757.SZ,tucker,"(3, 2, 2)",cn_a,INDUSTRY_C35,-0.5984086075565844,-0.48686740624916586,-0.5984086075565844,0.22909975051879883,2,quality_factor,0.394180029630661,value_factor,0.37598830461502075,momentum_factor,0.2134726494550705
2019-12-05,300604.SZ,tucker,"(3, 2, 2)",cn_a,INDUSTRY_C35,-0.9135617039331011,-0.7432771046837247,-0.9135617039331011,0.22909975051879883,0,quality_factor,0.40567347407341003,value_factor,0.3976842164993286,momentum_factor,0.15965169668197632
2019-12-06,601717.SH,tucker,"(3, 2, 2)",cn_a,INDUSTRY_C35,1.289839959009153,1.0807796543074968,1.289839959009153,0.1934346854686737,0,value_factor,0.4476415812969208,quality_factor,0.4213584065437317,volatility_factor,0.10335881263017654
2019-12-06,600582.SH,tucker,"(3, 2, 2)",cn_a,INDUSTRY_C35,0.9377683286073066,0.785772624683844,0.9377683286073066,0.1934346854686737,0,value_factor,0.4156462550163269,quality_factor,0.3804570734500885,volatility_factor,0.11484063416719437
2019-12-06,600499.SH,tucker,"(3, 2, 2)",cn_a,INDUSTRY_C35,0.7840046128801192,0.6569312948987691,0.7840046128801192,0.1934346854686737,0,value_factor,0.42079049348831177,quality_factor,0.38703325390815735,volatility_factor,0.11299458146095276
2019-12-06,600528.SH,tucker,"(3, 2, 2)",cn_a,INDUSTRY_C35,0.4878927911232059,0.4088139760643873,0.4878927911232059,0.1934346854686737,0,value_factor,0.40890657901763916,quality_factor,0.3718414306640625,volatility_factor,0.11725921928882599
2019-12-06,600031.SH,tucker,"(3, 2, 2)",cn_a,INDUSTRY_C35,0.4656582336380494,0.39018324813210353,0.4656582336380494,0.1934346854686737,2,quality_factor,0.40856316685676575,value_factor,0.40313905477523804,momentum_factor,0.14611990749835968
2019-12-06,002430.SZ,tucker,"(3, 2, 2)",cn_a,INDUSTRY_C35,0.41785591015131796,0.35012883805414896,0.41785591015131796,0.1934346854686737,2,value_factor,0.4433573782444,quality_factor,0.4298688769340515,volatility_factor,0.0804232805967331
2019-12-06,002353.SZ,tucker,"(3, 2, 2)",cn_a,INDUSTRY_C35,0.029976560148487198,0.025117888532076384,0.029976560148487198,0.1934346854686737,2,momentum_factor,0.4060518741607666,value_factor,0.2505006492137909,volatility_factor,0.17410466074943542
2019-12-06,002595.SZ,tucker,"(3, 2, 2)",cn_a,INDUSTRY_C35,-0.03929216929833585,-0.032923601765190554,-0.03929216929833585,0.1934346854686737,1,momentum_factor,0.4422381818294525,value_factor,0.23164859414100647,volatility_factor,0.18086987733840942
2019-12-06,002432.SZ,tucker,"(3, 2, 2)",cn_a,INDUSTRY_C35,-0.13403655943946743,-0.11231159754644093,-0.13403655943946743,0.1934346854686737,1,momentum_factor,0.5349195003509521,volatility_factor,0.1981971263885498,value_factor,0.18336433172225952
2019-12-06,002008.SZ,tucker,"(3, 2, 2)",cn_a,INDUSTRY_C35,-0.17219530643309405,-0.14428548476905437,-0.17219530643309405,0.1934346854686737,1,value_factor,0.4399917721748352,quality_factor,0.42808595299720764,volatility_factor,0.07722274214029312
2019-12-06,002837.SZ,tucker,"(3, 2, 2)",cn_a,INDUSTRY_C35,-0.23053918884780036,-0.19317285302485213,-0.23053918884780036,0.1934346854686737,1,value_factor,0.42713412642478943,quality_factor,0.4212745726108551,momentum_factor,0.08659545332193375
2019-12-06,300724.SZ,tucker,"(3, 2, 2)",cn_a,INDUSTRY_C35,-0.23937604675472463,-0.2005774121463937,-0.23937604675472463,0.1934346854686737,1,value_factor,0.4266834855079651,quality_factor,0.42103588581085205,momentum_factor,0.08771322667598724
2019-12-06,002223.SZ,tucker,"(3, 2, 2)",cn_a,INDUSTRY_C35,-0.2731391688084771,-0.2288681276934824,-0.2731391688084771,0.1934346854686737,2,quality_factor,0.35880911350250244,value_factor,0.3237842917442322,momentum_factor,0.29762259125709534
2019-12-06,688037.SH,tucker,"(3, 2, 2)",cn_a,INDUSTRY_C35,-0.2745988552348666,-0.23009122469888332,-0.2745988552348666,0.1934346854686737,1,quality_factor,0.3541606366634369,value_factor,0.3175879716873169,momentum_factor,0.3049650192260742
2019-12-06,300003.SZ,tucker,"(3, 2, 2)",cn_a,INDUSTRY_C35,-0.3228621921844296,-0.27053192608957793,-0.3228621921844296,0.1934346854686737,1,value_factor,0.4296909272670746,quality_factor,0.42262905836105347,momentum_factor,0.08025272190570831
2019-12-06,603338.SH,tucker,"(3, 2, 2)",cn_a,INDUSTRY_C35,-0.36474846904595976,-0.3056291763417787,-0.36474846904595976,0.1934346854686737,2,value_factor,0.44301027059555054,quality_factor,0.4154379665851593,volatility_factor,0.10502080619335175
2019-12-06,300751.SZ,tucker,"(3, 2, 2)",cn_a,INDUSTRY_C35,-0.3681636922470341,-0.3084908521061701,-0.3681636922470341,0.1934346854686737,2,value_factor,0.4278218746185303,quality_factor,0.39602184295654297,volatility_factor,0.11047130078077316
2019-12-06,300450.SZ,tucker,"(3, 2, 2)",cn_a,INDUSTRY_C35,-0.44586787793245236,-0.37360055998639863,-0.44586787793245236,0.1934346854686737,1,value_factor,0.4227968454360962,quality_factor,0.41897690296173096,momentum_factor,0.09735489636659622
2019-12-06,601106.SH,tucker,"(3, 2, 2)",cn_a,INDUSTRY_C35,-0.44746867809067753,-0.37494189867693745,-0.44746867809067753,0.1934346854686737,2,momentum_factor,0.41908639669418335,quality_factor,0.28191033005714417,value_factor,0.22127926349639893
2019-12-06,300529.SZ,tucker,"(3, 2, 2)",cn_a,INDUSTRY_C35,-0.47463964425603333,-0.39770893052013806,-0.47463964425603333,0.1934346854686737,2,value_factor,0.4344930052757263,quality_factor,0.40454986691474915,volatility_factor,0.10807731002569199
2019-12-06,601608.SH,tucker,"(3, 2, 2)",cn_a,INDUSTRY_C35,-0.4814404499991707,-0.40340744561787684,-0.4814404499991707,0.1934346854686737,1,quality_factor,0.3607777953147888,value_factor,0.3264085352420807,momentum_factor,0.2945130169391632
2019-12-06,688012.SH,tucker,"(3, 2, 2)",cn_a,INDUSTRY_C35,-0.5502365955807242,-0.4610529495581002,-0.5502365955807242,0.1934346854686737,2,quality_factor,0.3758903741836548,value_factor,0.34655338525772095,momentum_factor,0.2706422805786133
2019-12-06,300757.SZ,tucker,"(3, 2, 2)",cn_a,INDUSTRY_C35,-0.5653923532403559,-0.47375222624722363,-0.5653923532403559,0.1934346854686737,2,quality_factor,0.39735832810401917,value_factor,0.381987988948822,momentum_factor,0.1985892355442047
2019-12-06,300604.SZ,tucker,"(3, 2, 2)",cn_a,INDUSTRY_C35,-0.853533402613902,-0.7151906942979182,-0.853533402613902,0.1934346854686737,0,quality_factor,0.4106690287590027,value_factor,0.40711426734924316,momentum_factor,0.1362585425376892
2019-12-09,601717.SH,tucker,"(3, 2, 2)",cn_a,INDUSTRY_C35,1.806732805853839,1.098452196447894,1.806732805853839,0.644798755645752,0,value_factor,0.45623207092285156,quality_factor,0.4323400557041168,volatility_factor,0.10027605295181274
2019-12-09,600582.SH,tucker,"(3, 2, 2)",cn_a,INDUSTRY_C35,1.346703461991763,0.8187648837702605,1.346703461991763,0.644798755645752,0,value_factor,0.4280420243740082,quality_factor,0.39630326628685,volatility_factor,0.11039229482412338
2019-12-09,600499.SH,tucker,"(3, 2, 2)",cn_a,INDUSTRY_C35,1.1710412522395222,0.7119662805069235,1.1710412522395222,0.644798755645752,0,value_factor,0.44595277309417725,quality_factor,0.41919952630996704,volatility_factor,0.10396484285593033
2019-12-09,600031.SH,tucker,"(3, 2, 2)",cn_a,INDUSTRY_C35,0.7309612947150187,0.4444077381539856,0.7309612947150187,0.644798755645752,2,quality_factor,0.3849904537200928,value_factor,0.35868367552757263,momentum_factor,0.2562684118747711
2019-12-09,600528.SH,tucker,"(3, 2, 2)",cn_a,INDUSTRY_C35,0.7220739354343073,0.43900442711048826,0.7220739354343073,0.644798755645752,0,value_factor,0.4281105101108551,quality_factor,0.3963908553123474,volatility_factor,0.11036772280931473
2019-12-09,002430.SZ,tucker,"(3, 2, 2)",cn_a,INDUSTRY_C35,0.639155283942469,0.38859178470835787,0.639155283942469,0.644798755645752,2,quality_factor,0.4116639494895935,value_factor,0.40899229049682617,momentum_factor,0.13159972429275513
2019-12-09,002353.SZ,tucker,"(3, 2, 2)",cn_a,INDUSTRY_C35,0.12340784601590199,0.07502914602306576,0.12340784601590199,0.644798755645752,2,momentum_factor,0.4779309034347534,value_factor,0.21305373311042786,volatility_factor,0.18754281103610992
2019-12-09,002595.SZ,tucker,"(3, 2, 2)",cn_a,INDUSTRY_C35,0.008671515541046929,0.005272082989655759,0.008671515541046929,0.644798755645752,1,momentum_factor,0.3113788962364197,value_factor,0.29982247948646545,quality_factor,0.2323935329914093
2019-12-09,002432.SZ,tucker,"(3, 2, 2)",cn_a,INDUSTRY_C35,-0.07283157935737204,-0.04427993340059294,-0.07283157935737204,0.644798755645752,1,momentum_factor,0.4629758596420288,value_factor,0.22084493935108185,volatility_factor,0.1847469061613083
2019-12-09,002008.SZ,tucker,"(3, 2, 2)",cn_a,INDUSTRY_C35,-0.10561756249487232,-0.06421306079685513,-0.10561756249487232,0.644798755645752,1,value_factor,0.34002047777175903,quality_factor,0.2837807238101959,momentum_factor,0.2342192381620407
2019-12-09,002837.SZ,tucker,"(3, 2, 2)",cn_a,INDUSTRY_C35,-0.2500364538167091,-0.1520164414998868,-0.2500364538167091,0.644798755645752,1,value_factor,0.4271787405014038,quality_factor,0.3951996862888336,volatility_factor,0.11070208996534348
2019-12-09,300724.SZ,tucker,"(3, 2, 2)",cn_a,INDUSTRY_C35,-0.25594725951965275,-0.155610076090535,-0.25594725951965275,0.644798755645752,1,value_factor,0.4238271415233612,quality_factor,0.3909151554107666,volatility_factor,0.11190485209226608
2019-12-09,688037.SH,tucker,"(3, 2, 2)",cn_a,INDUSTRY_C35,-0.2915005682400358,-0.17722567410722045,-0.2915005682400358,0.644798755645752,1,quality_factor,0.4124852418899536,value_factor,0.41054263710975647,momentum_factor,0.12775373458862305
2019-12-09,002223.SZ,tucker,"(3, 2, 2)",cn_a,INDUSTRY_C35,-0.3171456470459294,-0.19281729509906959,-0.3171456470459294,0.644798755645752,2,quality_factor,0.39990365505218506,value_factor,0.3867926597595215,momentum_factor,0.1866702288389206
2019-12-09,300003.SZ,tucker,"(3, 2, 2)",cn_a,INDUSTRY_C35,-0.3351907117313157,-0.2037882814421993,-0.3351907117313157,0.644798755645752,1,value_factor,0.41411125659942627,quality_factor,0.37849482893943787,volatility_factor,0.11539147794246674
2019-12-09,603338.SH,tucker,"(3, 2, 2)",cn_a,INDUSTRY_C35,-0.42042729182406463,-0.2556101713847685,-0.42042729182406463,0.644798755645752,2,value_factor,0.40059617161750793,quality_factor,0.36121779680252075,volatility_factor,0.12024148553609848
2019-12-09,300751.SZ,tucker,"(3, 2, 2)",cn_a,INDUSTRY_C35,-0.4394589415332887,-0.26718097884306585,-0.4394589415332887,0.644798755645752,2,value_factor,0.3971456289291382,quality_factor,0.35680678486824036,momentum_factor,0.12456782907247543
2019-12-09,601106.SH,tucker,"(3, 2, 2)",cn_a,INDUSTRY_C35,-0.4933447063625864,-0.2999422906110469,-0.4933447063625864,0.644798755645752,2,quality_factor,0.3494751751422882,momentum_factor,0.3123658299446106,value_factor,0.3113422691822052
2019-12-09,300450.SZ,tucker,"(3, 2, 2)",cn_a,INDUSTRY_C35,-0.5109475580282684,-0.31064442155883637,-0.5109475580282684,0.644798755645752,1,value_factor,0.44783541560173035,quality_factor,0.4216061532497406,volatility_factor,0.10328924655914307
2019-12-09,601608.SH,tucker,"(3, 2, 2)",cn_a,INDUSTRY_C35,-0.5375940543255803,-0.32684488146668106,-0.5375940543255803,0.644798755645752,1,quality_factor,0.40718838572502136,value_factor,0.4005439281463623,momentum_factor,0.1525576263666153
2019-12-09,300529.SZ,tucker,"(3, 2, 2)",cn_a,INDUSTRY_C35,-0.55030227001884,-0.3345711857635678,-0.55030227001884,0.644798755645752,2,value_factor,0.3962087333202362,quality_factor,0.35560908913612366,momentum_factor,0.1263662427663803
2019-12-09,688012.SH,tucker,"(3, 2, 2)",cn_a,INDUSTRY_C35,-0.668332657870098,-0.4063309602928955,-0.668332657870098,0.644798755645752,2,quality_factor,0.39993035793304443,value_factor,0.38684311509132385,momentum_factor,0.18654504418373108
2019-12-09,300757.SZ,tucker,"(3, 2, 2)",cn_a,INDUSTRY_C35,-0.7180037967255742,-0.4365298759261793,-0.7180037967255742,0.644798755645752,2,quality_factor,0.4087119400501251,value_factor,0.4034199118614197,momentum_factor,0.14542317390441895
2019-12-09,300604.SZ,tucker,"(3, 2, 2)",cn_a,INDUSTRY_C35,-1.0377733011108712,-0.6309424162370787,-1.0377733011108712,0.644798755645752,0,value_factor,0.4413503408432007,quality_factor,0.4288056492805481,volatility_factor,0.07851468026638031
2019-12-10,601717.SH,tucker,"(3, 2, 2)",cn_a,INDUSTRY_C35,1.485371397949539,1.1147772276478143,1.485371397949539,0.3324378728866577,0,value_factor,0.4608667194843292,quality_factor,0.43826478719711304,volatility_factor,0.09861283749341965
2019-12-10,600582.SH,tucker,"(3, 2, 2)",cn_a,INDUSTRY_C35,1.1207533800600145,0.8411299339848096,1.1207533800600145,0.3324378728866577,0,value_factor,0.43488144874572754,quality_factor,0.4050464332103729,volatility_factor,0.10793791711330414
2019-12-10,600499.SH,tucker,"(3, 2, 2)",cn_a,INDUSTRY_C35,0.9926243732761795,0.7449685973918695,0.9926243732761795,0.3324378728866577,0,value_factor,0.4607442319393158,quality_factor,0.4381082057952881,volatility_factor,0.09865681827068329
2019-12-10,600031.SH,tucker,"(3, 2, 2)",cn_a,INDUSTRY_C35,0.6332161819346047,0.47523129957479715,0.6332161819346047,0.3324378728866577,2,quality_factor,0.35913392901420593,value_factor,0.3242172598838806,momentum_factor,0.29710954427719116
2019-12-10,600528.SH,tucker,"(3, 2, 2)",cn_a,INDUSTRY_C35,0.6094936288585139,0.4574274277704802,0.6094936288585139,0.3324378728866577,0,value_factor,0.43910443782806396,quality_factor,0.4104449152946472,volatility_factor,0.10642245411872864
2019-12-10,002430.SZ,tucker,"(3, 2, 2)",cn_a,INDUSTRY_C35,0.5475504912810815,0.41093885307751093,0.5475504912810815,0.3324378728866577,2,quality_factor,0.40275827050209045,value_factor,0.39218130707740784,momentum_factor,0.17330273985862732
2019-12-10,002353.SZ,tucker,"(3, 2, 2)",cn_a,INDUSTRY_C35,0.13484461026098457,0.10120142410006007,0.13484461026098457,0.3324378728866577,2,momentum_factor,0.49985891580581665,value_factor,0.20162992179393768,volatility_factor,0.1916423738002777
2019-12-10,002595.SZ,tucker,"(3, 2, 2)",cn_a,INDUSTRY_C35,0.03325449607148643,0.024957633483835374,0.03325449607148643,0.3324378728866577,1,value_factor,0.38407832384109497,quality_factor,0.3401021957397461,momentum_factor,0.14965039491653442
2019-12-10,002432.SZ,tucker,"(3, 2, 2)",cn_a,INDUSTRY_C35,-0.012752379646566381,-0.009570712380712363,-0.012752379646566381,0.3324378728866577,1,momentum_factor,0.3772727847099304,value_factor,0.2654937207698822,quality_factor,0.1885092705488205
2019-12-10,002008.SZ,tucker,"(3, 2, 2)",cn_a,INDUSTRY_C35,-0.031232859575203588,-0.023440387136054015,-0.031232859575203588,0.3324378728866577,1,momentum_factor,0.30730149149894714,value_factor,0.3019467294216156,quality_factor,0.23510904610157013
2019-12-10,002837.SZ,tucker,"(3, 2, 2)",cn_a,INDUSTRY_C35,-0.1756730713418895,-0.1318433488844796,-0.1756730713418895,0.3324378728866577,1,value_factor,0.395207017660141,quality_factor,0.35432854294776917,momentum_factor,0.12828902900218964
2019-12-10,300724.SZ,tucker,"(3, 2, 2)",cn_a,INDUSTRY_C35,-0.1778804690356491,-0.13350000976051535,-0.1778804690356491,0.3324378728866577,1,value_factor,0.3909543752670288,quality_factor,0.3488921821117401,momentum_factor,0.13645195960998535
2019-12-10,688037.SH,tucker,"(3, 2, 2)",cn_a,INDUSTRY_C35,-0.2014572534452909,-0.15119448159248444,-0.2014572534452909,0.3324378728866577,1,value_factor,0.45749804377555847,quality_factor,0.43735992908477783,volatility_factor,0.09387025237083435
2019-12-10,300003.SZ,tucker,"(3, 2, 2)",cn_a,INDUSTRY_C35,-0.22756975727753523,-0.17079202108276698,-0.22756975727753523,0.3324378728866577,1,value_factor,0.38066285848617554,quality_factor,0.3357360064983368,momentum_factor,0.1562063992023468
2019-12-10,002223.SZ,tucker,"(3, 2, 2)",cn_a,INDUSTRY_C35,-0.2338955692013018,-0.17553956845626068,-0.2338955692013018,0.3324378728866577,2,value_factor,0.4153488576412201,quality_factor,0.4150313436985016,momentum_factor,0.11583102494478226
2019-12-10,603338.SH,tucker,"(3, 2, 2)",cn_a,INDUSTRY_C35,-0.30853877611644764,-0.23155959643207555,-0.30853877611644764,0.3324378728866577,2,value_factor,0.3828147053718567,quality_factor,0.33848685026168823,momentum_factor,0.1520759016275406
2019-12-10,300751.SZ,tucker,"(3, 2, 2)",cn_a,INDUSTRY_C35,-0.3300278714110731,-0.2476872491593809,-0.3300278714110731,0.3324378728866577,2,value_factor,0.3836039900779724,quality_factor,0.33949580788612366,momentum_factor,0.1505609154701233
2019-12-10,601106.SH,tucker,"(3, 2, 2)",cn_a,INDUSTRY_C35,-0.3508730740630147,-0.26333165786023954,-0.3508730740630147,0.3324378728866577,2,quality_factor,0.39078211784362793,value_factor,0.3695741891860962,momentum_factor,0.22938399016857147
2019-12-10,300450.SZ,tucker,"(3, 2, 2)",cn_a,INDUSTRY_C35,-0.3734828119283,-0.2803003573586278,-0.3734828119283,0.3324378728866577,1,value_factor,0.4184695780277252,quality_factor,0.38406628370285034,volatility_factor,0.11382744461297989
2019-12-10,601608.SH,tucker,"(3, 2, 2)",cn_a,INDUSTRY_C35,-0.38588371598688087,-0.2896072858923499,-0.38588371598688087,0.3324378728866577,1,value_factor,0.43683886528015137,quality_factor,0.42641571164131165,volatility_factor,0.07422450184822083
2019-12-10,300529.SZ,tucker,"(3, 2, 2)",cn_a,INDUSTRY_C35,-0.4054491698386685,-0.3042912379548953,-0.4054491698386685,0.3324378728866577,2,value_factor,0.3799082934856415,quality_factor,0.33477139472961426,momentum_factor,0.15765482187271118
2019-12-10,688012.SH,tucker,"(3, 2, 2)",cn_a,INDUSTRY_C35,-0.5074632864783085,-0.3808532441208051,-0.5074632864783085,0.3324378728866577,2,quality_factor,0.41040971875190735,value_factor,0.4066246747970581,momentum_factor,0.13747306168079376
2019-12-10,300757.SZ,tucker,"(3, 2, 2)",cn_a,INDUSTRY_C35,-0.5599625935531012,-0.4202541859156038,-0.5599625935531012,0.3324378728866577,2,value_factor,0.4150325059890747,quality_factor,0.4148637354373932,momentum_factor,0.11661574989557266
2019-12-10,300604.SZ,tucker,"(3, 2, 2)",cn_a,INDUSTRY_C35,-0.7884741882016257,-0.5917530597456204,-0.7884741882016257,0.3324378728866577,0,value_factor,0.4602682888507843,quality_factor,0.4388274848461151,volatility_factor,0.09650459885597229
2019-12-11,601717.SH,tucker,"(3, 2, 2)",cn_a,INDUSTRY_C35,1.5153484695898871,1.105899868422061,1.5153484695898871,0.37024015188217163,0,value_factor,0.45570507645606995,quality_factor,0.43166640400886536,volatility_factor,0.10046514123678207
2019-12-11,600582.SH,tucker,"(3, 2, 2)",cn_a,INDUSTRY_C35,1.1278875673828326,0.8231312713841521,1.1278875673828326,0.37024015188217163,0,value_factor,0.4272712469100952,quality_factor,0.395317941904068,volatility_factor,0.11066888272762299
2019-12-11,600499.SH,tucker,"(3, 2, 2)",cn_a,INDUSTRY_C35,0.9786090388352358,0.7141879435674782,0.9786090388352358,0.37024015188217163,0,value_factor,0.4443279504776001,quality_factor,0.41712239384651184,volatility_factor,0.10454794019460678
2019-12-11,600031.SH,tucker,"(3, 2, 2)",cn_a,INDUSTRY_C35,0.6092175771726037,0.44460640701206366,0.6092175771726037,0.37024015188217163,2,quality_factor,0.38637661933898926,value_factor,0.36125800013542175,momentum_factor,0.2500140070915222
2019-12-11,600528.SH,tucker,"(3, 2, 2)",cn_a,INDUSTRY_C35,0.6037253756885258,0.4405982036050724,0.6037253756885258,0.37024015188217163,0,value_factor,0.42688965797424316,quality_factor,0.39483019709587097,volatility_factor,0.11080580949783325
2019-12-11,002430.SZ,tucker,"(3, 2, 2)",cn_a,INDUSTRY_C35,0.5334354328293329,0.389300670318611,0.5334354328293329,0.37024015188217163,2,quality_factor,0.4127146899700165,value_factor,0.41097578406333923,momentum_factor,0.12667928636074066
2019-12-11,002353.SZ,tucker,"(3, 2, 2)",cn_a,INDUSTRY_C35,0.09951499065820472,0.07262594530795682,0.09951499065820472,0.37024015188217163,2,momentum_factor,0.47492873668670654,value_factor,0.21461783349514008,volatility_factor,0.18698154389858246
2019-12-11,002595.SZ,tucker,"(3, 2, 2)",cn_a,INDUSTRY_C35,0.004150823309055059,0.0030292668936865424,0.004150823309055059,0.37024015188217163,1,momentum_factor,0.32360637187957764,value_factor,0.29345235228538513,quality_factor,0.22425024211406708
2019-12-11,002432.SZ,tucker,"(3, 2, 2)",cn_a,INDUSTRY_C35,-0.0667172820847282,-0.0486902088593173,-0.0667172820847282,0.37024015188217163,1,momentum_factor,0.46959763765335083,value_factor,0.21739517152309418,volatility_factor,0.18598486483097076
2019-12-11,002008.SZ,tucker,"(3, 2, 2)",cn_a,INDUSTRY_C35,-0.09522833637458969,-0.06949754909853331,-0.09522833637458969,0.37024015188217163,1,value_factor,0.34550994634628296,quality_factor,0.2907981872558594,momentum_factor,0.22368216514587402
2019-12-11,002837.SZ,tucker,"(3, 2, 2)",cn_a,INDUSTRY_C35,-0.21328338148983247,-0.1556540084737431,-0.21328338148983247,0.37024015188217163,1,value_factor,0.4313647747039795,quality_factor,0.4005509316921234,volatility_factor,0.1091998741030693
2019-12-11,300724.SZ,tucker,"(3, 2, 2)",cn_a,INDUSTRY_C35,-0.2185578514855914,-0.1595033116481374,-0.2185578514855914,0.37024015188217163,1,value_factor,0.4281543493270874,quality_factor,0.3964468538761139,volatility_factor,0.11035197973251343
2019-12-11,688037.SH,tucker,"(3, 2, 2)",cn_a,INDUSTRY_C35,-0.249052771156717,-0.18175847495124633,-0.249052771156717,0.37024015188217163,1,quality_factor,0.4097875952720642,value_factor,0.40545040369033813,momentum_factor,0.1403861939907074
2019-12-11,002223.SZ,tucker,"(3, 2, 2)",cn_a,INDUSTRY_C35,-0.26920491929374796,-0.1964654934492397,-0.26920491929374796,0.37024015188217163,2,quality_factor,0.39822670817375183,value_factor,0.38362714648246765,momentum_factor,0.1945229023694992
2019-12-11,300003.SZ,tucker,"(3, 2, 2)",cn_a,INDUSTRY_C35,-0.2868686549922348,-0.2093564709219562,-0.2868686549922348,0.37024015188217163,1,value_factor,0.418547123670578,quality_factor,0.3841654062271118,volatility_factor,0.11379962414503098
2019-12-11,603338.SH,tucker,"(3, 2, 2)",cn_a,INDUSTRY_C35,-0.3570567017593262,-0.2605796405375464,-0.3570567017593262,0.37024015188217163,2,value_factor,0.4028104245662689,quality_factor,0.36404842138290405,volatility_factor,0.11944686621427536
2019-12-11,300751.SZ,tucker,"(3, 2, 2)",cn_a,INDUSTRY_C35,-0.37232075311841245,-0.2717193306671505,-0.37232075311841245,0.37024015188217163,2,value_factor,0.3988027572631836,quality_factor,0.3589251935482025,momentum_factor,0.12138693034648895
2019-12-11,601106.SH,tucker,"(3, 2, 2)",cn_a,INDUSTRY_C35,-0.4203191494477846,-0.30674851454819435,-0.4203191494477846,0.37024015188217163,2,quality_factor,0.3445375859737396,momentum_factor,0.32016485929489136,value_factor,0.30476057529449463
2019-12-11,300450.SZ,tucker,"(3, 2, 2)",cn_a,INDUSTRY_C35,-0.4341105292402507,-0.3168134503724768,-0.4341105292402507,0.37024015188217163,1,value_factor,0.45160821080207825,quality_factor,0.4264291524887085,volatility_factor,0.10193533450365067
2019-12-11,601608.SH,tucker,"(3, 2, 2)",cn_a,INDUSTRY_C35,-0.45759559943735834,-0.3339528322124132,-0.45759559943735834,0.37024015188217163,1,quality_factor,0.40507635474205017,value_factor,0.3965570330619812,momentum_factor,0.1624477356672287
2019-12-11,300529.SZ,tucker,"(3, 2, 2)",cn_a,INDUSTRY_C35,-0.4671646478680044,-0.3409363146342747,-0.4671646478680044,0.37024015188217163,2,value_factor,0.3982280492782593,quality_factor,0.3581905663013458,momentum_factor,0.1224900409579277
2019-12-11,688012.SH,tucker,"(3, 2, 2)",cn_a,INDUSTRY_C35,-0.5655645894399436,-0.412748498182127,-0.5655645894399436,0.37024015188217163,2,quality_factor,0.39875495433807373,value_factor,0.38462433218955994,momentum_factor,0.19204926490783691
2019-12-11,300757.SZ,tucker,"(3, 2, 2)",cn_a,INDUSTRY_C35,-0.605831089971645,-0.4421349518813723,-0.605831089971645,0.37024015188217163,2,quality_factor,0.4080136716365814,value_factor,0.4021018445491791,momentum_factor,0.14869284629821777
2019-12-11,300604.SZ,tucker,"(3, 2, 2)",cn_a,INDUSTRY_C35,-0.8781379201083512,-0.6408642169065406,-0.8781379201083512,0.37024015188217163,0,value_factor,0.4392196238040924,quality_factor,0.4276769161224365,volatility_factor,0.07648850977420807
2019-12-12,601717.SH,tucker,"(3, 2, 2)",cn_a,INDUSTRY_C35,1.3428696501584323,1.0810146386452344,1.3428696501584323,0.24223075807094574,0,value_factor,0.45243915915489197,quality_factor,0.4274914264678955,volatility_factor,0.10163713991641998
2019-12-12,600582.SH,tucker,"(3, 2, 2)",cn_a,INDUSTRY_C35,0.9903889999583317,0.7972665156159112,0.9903889999583317,0.24223075807094574,0,value_factor,0.42252466082572937,quality_factor,0.38925015926361084,volatility_factor,0.11237224191427231
2019-12-12,600499.SH,tucker,"(3, 2, 2)",cn_a,INDUSTRY_C35,0.8471666285919724,0.6819720192288254,0.8471666285919724,0.24223075807094574,0,value_factor,0.4345017075538635,quality_factor,0.40456104278564453,volatility_factor,0.10807417333126068
2019-12-12,600528.SH,tucker,"(3, 2, 2)",cn_a,INDUSTRY_C35,0.5243652337183804,0.4221157977465066,0.5243652337183804,0.24223075807094574,0,value_factor,0.4194507300853729,quality_factor,0.3853205740451813,volatility_factor,0.11347535997629166
2019-12-12,600031.SH,tucker,"(3, 2, 2)",cn_a,INDUSTRY_C35,0.5182117346767692,0.41716221007544235,0.5182117346767692,0.24223075807094574,2,quality_factor,0.3949764668941498,value_factor,0.3774917423725128,momentum_factor,0.20974312722682953
2019-12-12,002430.SZ,tucker,"(3, 2, 2)",cn_a,INDUSTRY_C35,0.4578954795319521,0.3686074194059864,0.4578954795319521,0.24223075807094574,2,value_factor,0.42361921072006226,quality_factor,0.4194125533103943,momentum_factor,0.09531483799219131
2019-12-12,002353.SZ,tucker,"(3, 2, 2)",cn_a,INDUSTRY_C35,0.06577419606658094,0.05294845168680895,0.06577419606658094,0.24223075807094574,2,momentum_factor,0.4531137943267822,value_factor,0.22598272562026978,volatility_factor,0.18290312588214874
2019-12-12,002595.SZ,tucker,"(3, 2, 2)",cn_a,INDUSTRY_C35,-0.013860427517623942,-0.011157691323699936,-0.013860427517623942,0.24223075807094574,1,momentum_factor,0.3839995563030243,value_factor,0.2619892358779907,quality_factor,0.18402932584285736
2019-12-12,002432.SZ,tucker,"(3, 2, 2)",cn_a,INDUSTRY_C35,-0.09075978160949141,-0.07306193308377278,-0.09075978160949141,0.24223075807094574,1,momentum_factor,0.5026054978370667,value_factor,0.20019900798797607,volatility_factor,0.1921558678150177
2019-12-12,002008.SZ,tucker,"(3, 2, 2)",cn_a,INDUSTRY_C35,-0.12171447279532292,-0.09798056483829828,-0.12171447279532292,0.24223075807094574,1,value_factor,0.38760870695114136,quality_factor,0.34461522102355957,momentum_factor,0.14287392795085907
2019-12-12,002837.SZ,tucker,"(3, 2, 2)",cn_a,INDUSTRY_C35,-0.20907311606480364,-0.1683045699830672,-0.20907311606480364,0.24223075807094574,1,value_factor,0.46050745248794556,quality_factor,0.43780553340911865,volatility_factor,0.09874175488948822
2019-12-12,300724.SZ,tucker,"(3, 2, 2)",cn_a,INDUSTRY_C35,-0.2155276522394187,-0.173500493570737,-0.2155276522394187,0.24223075807094574,1,value_factor,0.4584302008152008,quality_factor,0.43515005707740784,volatility_factor,0.09948721528053284
2019-12-12,688037.SH,tucker,"(3, 2, 2)",cn_a,INDUSTRY_C35,-0.24634644107730164,-0.19830972347263942,-0.24634644107730164,0.24223075807094574,1,quality_factor,0.3936178684234619,value_factor,0.37492719292640686,momentum_factor,0.2161049246788025
2019-12-12,002223.SZ,tucker,"(3, 2, 2)",cn_a,INDUSTRY_C35,-0.25658207574837627,-0.20654944421839527,-0.25658207574837627,0.24223075807094574,2,quality_factor,0.3880208134651184,value_factor,0.3643617033958435,momentum_factor,0.2423146516084671
2019-12-12,300003.SZ,tucker,"(3, 2, 2)",cn_a,INDUSTRY_C35,-0.2864415095157084,-0.23058639002347445,-0.2864415095157084,0.24223075807094574,1,value_factor,0.44979968667030334,quality_factor,0.42411723732948303,volatility_factor,0.1025843545794487
2019-12-12,603338.SH,tucker,"(3, 2, 2)",cn_a,INDUSTRY_C35,-0.3413276004503692,-0.2747698800229556,-0.3413276004503692,0.24223075807094574,2,value_factor,0.41755738854408264,quality_factor,0.382900208234787,volatility_factor,0.11415477842092514
2019-12-12,300751.SZ,tucker,"(3, 2, 2)",cn_a,INDUSTRY_C35,-0.3509319661701216,-0.28250142711446213,-0.3509319661701216,0.24223075807094574,2,value_factor,0.4096795320510864,quality_factor,0.37282949686050415,volatility_factor,0.11698184907436371
2019-12-12,601106.SH,tucker,"(3, 2, 2)",cn_a,INDUSTRY_C35,-0.4092138667737549,-0.32941855545462595,-0.4092138667737549,0.24223075807094574,2,momentum_factor,0.36446478962898254,quality_factor,0.3164913058280945,value_factor,0.26737526059150696
2019-12-12,300450.SZ,tucker,"(3, 2, 2)",cn_a,INDUSTRY_C35,-0.4159722724873983,-0.3348590950553908,-0.4159722724873983,0.24223075807094574,1,value_factor,0.4508011043071747,quality_factor,0.4338122308254242,volatility_factor,0.08750183135271072
2019-12-12,601608.SH,tucker,"(3, 2, 2)",cn_a,INDUSTRY_C35,-0.44316593322750797,-0.35675008450097284,-0.44316593322750797,0.24223075807094574,1,quality_factor,0.39230450987815857,value_factor,0.3724479079246521,momentum_factor,0.22225522994995117
2019-12-12,300529.SZ,tucker,"(3, 2, 2)",cn_a,INDUSTRY_C35,-0.4455248617060985,-0.358649029954519,-0.4455248617060985,0.24223075807094574,2,value_factor,0.41161853075027466,quality_factor,0.37530824542045593,volatility_factor,0.1162860095500946
2019-12-12,688012.SH,tucker,"(3, 2, 2)",cn_a,INDUSTRY_C35,-0.5293831435482941,-0.4261552322373363,-0.5293831435482941,0.24223075807094574,2,quality_factor,0.39154085516929626,value_factor,0.37100648880004883,momentum_factor,0.22583098709583282
2019-12-12,300757.SZ,tucker,"(3, 2, 2)",cn_a,INDUSTRY_C35,-0.5572366395729664,-0.44857739133264785,-0.5572366395729664,0.24223075807094574,2,quality_factor,0.4036913216114044,value_factor,0.39394259452819824,momentum_factor,0.16893348097801208
2019-12-12,300604.SZ,tucker,"(3, 2, 2)",cn_a,INDUSTRY_C35,-0.8216301645375312,-0.661415078755242,-0.8216301645375312,0.24223075807094574,0,value_factor,0.426103800535202,quality_factor,0.42072880268096924,momentum_factor,0.0891513079404831
2019-12-13,601717.SH,tucker,"(3, 2, 2)",cn_a,INDUSTRY_C35,1.8960516993534065,1.1046361847789545,1.8960516993534065,0.7164490222930908,0,value_factor,0.461696982383728,quality_factor,0.439584344625473,volatility_factor,0.09786318987607956
2019-12-13,600582.SH,tucker,"(3, 2, 2)",cn_a,INDUSTRY_C35,1.4364761022591384,0.836888298808943,1.4364761022591384,0.7164490222930908,0,value_factor,0.43730008602142334,quality_factor,0.40813836455345154,volatility_factor,0.1070699393749237
2019-12-13,600499.SH,tucker,"(3, 2, 2)",cn_a,INDUSTRY_C35,1.2799387814613965,0.7456899475822835,1.2799387814613965,0.7164490222930908,0,value_factor,0.45891910791397095,quality_factor,0.438112735748291,volatility_factor,0.09522157162427902
2019-12-13,600031.SH,tucker,"(3, 2, 2)",cn_a,INDUSTRY_C35,0.8221921558589677,0.4790076169932269,0.8221921558589677,0.7164490222930908,2,quality_factor,0.3509921431541443,value_factor,0.3133643865585327,momentum_factor,0.3099697232246399
2019-12-13,600528.SH,tucker,"(3, 2, 2)",cn_a,INDUSTRY_C35,0.7848385325379291,0.45724546569371677,0.7848385325379291,0.7164490222930908,0,value_factor,0.443062961101532,quality_factor,0.4155053198337555,volatility_factor,0.10500187426805496
2019-12-13,002430.SZ,tucker,"(3, 2, 2)",cn_a,INDUSTRY_C35,0.7084517597411315,0.41274267428850003,0.7084517597411315,0.7164490222930908,2,quality_factor,0.3997783362865448,value_factor,0.38655608892440796,momentum_factor,0.18725715577602386
2019-12-13,002353.SZ,tucker,"(3, 2, 2)",cn_a,INDUSTRY_C35,0.18651044174526918,0.10866063560460448,0.18651044174526918,0.7164490222930908,2,momentum_factor,0.5060336589813232,value_factor,0.19841304421424866,volatility_factor,0.19279678165912628
2019-12-13,002595.SZ,tucker,"(3, 2, 2)",cn_a,INDUSTRY_C35,0.05370390177578275,0.03128779304149505,0.05370390177578275,0.7164490222930908,1,value_factor,0.4349420666694641,quality_factor,0.4051239490509033,volatility_factor,0.10791615396738052
2019-12-13,002432.SZ,tucker,"(3, 2, 2)",cn_a,INDUSTRY_C35,0.004023649025994649,0.0023441704202897054,0.004023649025994649,0.7164490222930908,1,momentum_factor,0.3271723687648773,value_factor,0.29159456491470337,quality_factor,0.2218753546476364
2019-12-13,002008.SZ,tucker,"(3, 2, 2)",cn_a,INDUSTRY_C35,-0.01591572582085601,-0.009272472187722411,-0.01591572582085601,0.7164490222930908,1,momentum_factor,0.32672590017318726,value_factor,0.29182717204093933,quality_factor,0.22217269241809845
2019-12-13,002837.SZ,tucker,"(3, 2, 2)",cn_a,INDUSTRY_C35,-0.21136692524348152,-0.12314197654475388,-0.21136692524348152,0.7164490222930908,1,value_factor,0.3857349455356598,quality_factor,0.34221991896629333,momentum_factor,0.14647051692008972
2019-12-13,300724.SZ,tucker,"(3, 2, 2)",cn_a,INDUSTRY_C35,-0.21304209508536837,-0.1241179273712159,-0.21304209508536837,0.7164490222930908,1,value_factor,0.3812751770019531,quality_factor,0.3365187644958496,momentum_factor,0.15503111481666565
2019-12-13,688037.SH,tucker,"(3, 2, 2)",cn_a,INDUSTRY_C35,-0.2407022207712766,-0.14023266502241374,-0.2407022207712766,0.7164490222930908,1,value_factor,0.4464161694049835,quality_factor,0.41979190707206726,volatility_factor,0.10379855334758759
2019-12-13,300003.SZ,tucker,"(3, 2, 2)",cn_a,INDUSTRY_C35,-0.26980963626383414,-0.15719059101643568,-0.26980963626383414,0.7164490222930908,1,value_factor,0.37089744210243225,quality_factor,0.3232523500919342,momentum_factor,0.17495106160640717
2019-12-13,002223.SZ,tucker,"(3, 2, 2)",cn_a,INDUSTRY_C35,-0.28700091406564554,-0.16720619740994494,-0.28700091406564554,0.7164490222930908,2,value_factor,0.4256528317928314,quality_factor,0.4204898774623871,momentum_factor,0.09027010202407837
2019-12-13,603338.SH,tucker,"(3, 2, 2)",cn_a,INDUSTRY_C35,-0.3778582132740301,-0.22013949052167608,-0.3778582132740301,0.7164490222930908,2,value_factor,0.37723207473754883,quality_factor,0.3313502371311188,momentum_factor,0.16279178857803345
2019-12-13,300751.SZ,tucker,"(3, 2, 2)",cn_a,INDUSTRY_C35,-0.407805731395668,-0.23758685874099528,-0.407805731395668,0.7164490222930908,2,value_factor,0.37926462292671204,quality_factor,0.3339485824108124,momentum_factor,0.1588902771472931
2019-12-13,601106.SH,tucker,"(3, 2, 2)",cn_a,INDUSTRY_C35,-0.42430919814478396,-0.2472017476976554,-0.42430919814478396,0.7164490222930908,2,quality_factor,0.398749977350235,value_factor,0.3846149444580078,momentum_factor,0.19207262992858887
2019-12-13,300450.SZ,tucker,"(3, 2, 2)",cn_a,INDUSTRY_C35,-0.45667603880874513,-0.26605860871920833,-0.45667603880874513,0.7164490222930908,1,value_factor,0.4095781743526459,quality_factor,0.3726999759674072,volatility_factor,0.1170182079076767
2019-12-13,601608.SH,tucker,"(3, 2, 2)",cn_a,INDUSTRY_C35,-0.46841029175527227,-0.2728949626068704,-0.46841029175527227,0.7164490222930908,1,value_factor,0.4500826299190521,quality_factor,0.43343159556388855,volatility_factor,0.08681856095790863
2019-12-13,300529.SZ,tucker,"(3, 2, 2)",cn_a,INDUSTRY_C35,-0.497313241374363,-0.28973376716424537,-0.497313241374363,0.7164490222930908,2,value_factor,0.3747595548629761,quality_factor,0.328189492225647,momentum_factor,0.16753773391246796
2019-12-13,688012.SH,tucker,"(3, 2, 2)",cn_a,INDUSTRY_C35,-0.6296769789042348,-0.3668486338516582,-0.6296769789042348,0.7164490222930908,2,quality_factor,0.4141368567943573,value_factor,0.4136604070663452,momentum_factor,0.12001954019069672
2019-12-13,300757.SZ,tucker,"(3, 2, 2)",cn_a,INDUSTRY_C35,-0.7017160612433775,-0.4088184689026882,-0.7017160612433775,0.7164490222930908,2,value_factor,0.41910383105278015,quality_factor,0.4170205593109131,momentum_factor,0.10651613771915436
2019-12-13,300604.SZ,tucker,"(3, 2, 2)",cn_a,INDUSTRY_C35,-0.9785956213669973,-0.5701279843776788,-0.9785956213669973,0.7164490222930908,0,value_factor,0.4558331072330475,quality_factor,0.4318300485610962,volatility_factor,0.10041920095682144
2019-12-16,601717.SH,tucker,"(3, 2, 2)",cn_a,INDUSTRY_C35,1.3074270160444565,1.113032153909859,1.3074270160444565,0.17465341091156006,0,value_factor,0.45975789427757263,quality_factor,0.43855711817741394,volatility_factor,0.09601926058530807
2019-12-16,600582.SH,tucker,"(3, 2, 2)",cn_a,INDUSTRY_C35,0.9966985488103502,0.8485043669493009,0.9966985488103502,0.17465341091156006,0,value_factor,0.44111448526382446,quality_factor,0.4130144715309143,volatility_factor,0.10570111870765686
2019-12-16,600499.SH,tucker,"(3, 2, 2)",cn_a,INDUSTRY_C35,0.8961584694500601,0.7629130951525684,0.8961584694500601,0.17465341091156006,0,value_factor,0.4526052176952362,quality_factor,0.4347679615020752,volatility_factor,0.08921745419502258
2019-12-16,600031.SH,tucker,"(3, 2, 2)",cn_a,INDUSTRY_C35,0.5816064695174862,0.49513027767581685,0.5816064695174862,0.17465341091156006,2,quality_factor,0.3390588164329529,momentum_factor,0.328818678855896,value_factor,0.2974574565887451
2019-12-16,600528.SH,tucker,"(3, 2, 2)",cn_a,INDUSTRY_C35,0.5483906053305692,0.46685311619280495,0.5483906053305692,0.17465341091156006,0,value_factor,0.44938263297080994,quality_factor,0.42358407378196716,volatility_factor,0.10273399204015732
2019-12-16,002430.SZ,tucker,"(3, 2, 2)",cn_a,INDUSTRY_C35,0.4985470954479504,0.424420591484143,0.4985470954479504,0.17465341091156006,2,quality_factor,0.39524537324905396,value_factor,0.3779993951320648,momentum_factor,0.20848363637924194
2019-12-16,002353.SZ,tucker,"(3, 2, 2)",cn_a,INDUSTRY_C35,0.14377815221187723,0.12240048926457536,0.14377815221187723,0.17465341091156006,2,momentum_factor,0.5145391821861267,volatility_factor,0.19438692927360535,value_factor,0.19398193061351776
2019-12-16,002595.SZ,tucker,"(3, 2, 2)",cn_a,INDUSTRY_C35,0.04890169202325833,0.041630741092650816,0.04890169202325833,0.17465341091156006,1,quality_factor,0.40867942571640015,value_factor,0.40335848927497864,momentum_factor,0.14557555317878723
2019-12-16,002432.SZ,tucker,"(3, 2, 2)",cn_a,INDUSTRY_C35,0.024185592949436147,0.020589556651155107,0.024185592949436147,0.17465341091156006,1,value_factor,0.3575144112110138,quality_factor,0.306144118309021,momentum_factor,0.20063968002796173
2019-12-16,002008.SZ,tucker,"(3, 2, 2)",cn_a,INDUSTRY_C35,0.01428645685666759,0.01216227418569444,0.01428645685666759,0.17465341091156006,1,momentum_factor,0.35271093249320984,value_factor,0.27828970551490784,quality_factor,0.20486703515052795
2019-12-16,300724.SZ,tucker,"(3, 2, 2)",cn_a,INDUSTRY_C35,-0.13211837475467053,-0.11247434649863522,-0.13211837475467053,0.17465341091156006,1,value_factor,0.3676200807094574,quality_factor,0.319062739610672,momentum_factor,0.18124188482761383
2019-12-16,002837.SZ,tucker,"(3, 2, 2)",cn_a,INDUSTRY_C35,-0.13216821821556307,-0.1125167789816379,-0.13216821821556307,0.17465341091156006,1,value_factor,0.3723268508911133,quality_factor,0.32507961988449097,momentum_factor,0.17220737040042877
2019-12-16,688037.SH,tucker,"(3, 2, 2)",cn_a,INDUSTRY_C35,-0.14862318251965437,-0.12652513595846038,-0.14862318251965437,0.17465341091156006,1,value_factor,0.4178140461444855,quality_factor,0.3832283020019531,volatility_factor,0.11406268924474716
2019-12-16,300003.SZ,tucker,"(3, 2, 2)",cn_a,INDUSTRY_C35,-0.16423868560758528,-0.13981884705900782,-0.16423868560758528,0.17465341091156006,1,value_factor,0.35718441009521484,quality_factor,0.30572229623794556,momentum_factor,0.20127305388450623
2019-12-16,002223.SZ,tucker,"(3, 2, 2)",cn_a,INDUSTRY_C35,-0.18570755311470238,-0.15809561474868467,-0.18570755311470238,0.17465341091156006,2,value_factor,0.44212663173675537,quality_factor,0.4292168915271759,volatility_factor,0.07925289124250412
2019-12-16,603338.SH,tucker,"(3, 2, 2)",cn_a,INDUSTRY_C35,-0.24369323287703165,-0.20745969033361056,-0.24369323287703165,0.17465341091156006,2,value_factor,0.36906376481056213,quality_factor,0.3209082782268524,momentum_factor,0.17847074568271637
2019-12-16,300751.SZ,tucker,"(3, 2, 2)",cn_a,INDUSTRY_C35,-0.26699818766114886,-0.22729954655641926,-0.26699818766114886,0.17465341091156006,2,value_factor,0.37283772230148315,quality_factor,0.3257327377796173,momentum_factor,0.1712266504764557
2019-12-16,601106.SH,tucker,"(3, 2, 2)",cn_a,INDUSTRY_C35,-0.2677209982005195,-0.22791488596858656,-0.2677209982005195,0.17465341091156006,2,quality_factor,0.41172873973846436,value_factor,0.40911462903022766,momentum_factor,0.13129638135433197
2019-12-16,300450.SZ,tucker,"(3, 2, 2)",cn_a,INDUSTRY_C35,-0.2937370708677585,-0.2500627573539426,-0.2937370708677585,0.17465341091156006,1,value_factor,0.3968380093574524,quality_factor,0.3564135730266571,momentum_factor,0.12515829503536224
2019-12-16,601608.SH,tucker,"(3, 2, 2)",cn_a,INDUSTRY_C35,-0.29750940622294236,-0.2532742028068243,-0.29750940622294236,0.17465341091156006,1,value_factor,0.4504587650299072,quality_factor,0.42495977878570557,volatility_factor,0.10234783589839935
2019-12-16,300529.SZ,tucker,"(3, 2, 2)",cn_a,INDUSTRY_C35,-0.3215820924201906,-0.2737676402528257,-0.3215820924201906,0.17465341091156006,2,value_factor,0.36719927191734314,quality_factor,0.3185247778892517,momentum_factor,0.18204966187477112
2019-12-16,688012.SH,tucker,"(3, 2, 2)",cn_a,INDUSTRY_C35,-0.4151154181583011,-0.35339395799835227,-0.4151154181583011,0.17465341091156006,2,value_factor,0.4247989356517792,quality_factor,0.42003753781318665,momentum_factor,0.09238827973604202
2019-12-16,300757.SZ,tucker,"(3, 2, 2)",cn_a,INDUSTRY_C35,-0.4700892653822081,-0.40019401554149253,-0.4700892653822081,0.17465341091156006,2,value_factor,0.4254871606826782,quality_factor,0.4204021096229553,momentum_factor,0.09068094938993454
2019-12-16,300604.SZ,tucker,"(3, 2, 2)",cn_a,INDUSTRY_C35,-0.6453913097757583,-0.5494312652401176,-0.6453913097757583,0.17465341091156006,0,value_factor,0.44345754384994507,quality_factor,0.4160097539424896,volatility_factor,0.10486026853322983
2019-12-17,601717.SH,tucker,"(3, 2, 2)",cn_a,INDUSTRY_C35,1.4216808607072826,1.0945268936855688,1.4216808607072826,0.29889988899230957,0,value_factor,0.46073079109191895,quality_factor,0.4380910396575928,volatility_factor,0.0986616238951683
2019-12-17,600582.SH,tucker,"(3, 2, 2)",cn_a,INDUSTRY_C35,1.072325490631979,0.8255643870012895,1.072325490631979,0.29889988899230957,0,value_factor,0.4346792697906494,quality_factor,0.4047880172729492,volatility_factor,0.10801046341657639
2019-12-17,600499.SH,tucker,"(3, 2, 2)",cn_a,INDUSTRY_C35,0.9492449246041375,0.7308068409649064,0.9492449246041375,0.29889988899230957,0,value_factor,0.4602971374988556,quality_factor,0.43753665685653687,volatility_factor,0.09881725162267685
2019-12-17,600031.SH,tucker,"(3, 2, 2)",cn_a,INDUSTRY_C35,0.6051821082764806,0.46591897759417217,0.6051821082764806,0.29889988899230957,2,quality_factor,0.359836220741272,value_factor,0.3251534402370453,momentum_factor,0.296000212430954
2019-12-17,600528.SH,tucker,"(3, 2, 2)",cn_a,INDUSTRY_C35,0.5829257759768278,0.4487842218764553,0.5829257759768278,0.29889988899230957,0,value_factor,0.4387752413749695,quality_factor,0.41002410650253296,volatility_factor,0.10654057562351227
2019-12-17,002430.SZ,tucker,"(3, 2, 2)",cn_a,INDUSTRY_C35,0.5234683428118414,0.40300899803598395,0.5234683428118414,0.29889988899230957,2,quality_factor,0.40301117300987244,value_factor,0.3926587402820587,momentum_factor,0.17211833596229553
2019-12-17,002353.SZ,tucker,"(3, 2, 2)",cn_a,INDUSTRY_C35,0.128149419720263,0.09865996664275775,0.128149419720263,0.29889988899230957,2,momentum_factor,0.4993111789226532,value_factor,0.20191523432731628,volatility_factor,0.1915399730205536
2019-12-17,002595.SZ,tucker,"(3, 2, 2)",cn_a,INDUSTRY_C35,0.031113974753676193,0.023954097630891714,0.031113974753676193,0.29889988899230957,1,value_factor,0.38053596019744873,quality_factor,0.33557379245758057,momentum_factor,0.15644995868206024
2019-12-17,002432.SZ,tucker,"(3, 2, 2)",cn_a,INDUSTRY_C35,-0.013494597631499733,-0.010389251508804796,-0.013494597631499733,0.29889988899230957,1,momentum_factor,0.3808070421218872,value_factor,0.263652503490448,quality_factor,0.1861555129289627
2019-12-17,002008.SZ,tucker,"(3, 2, 2)",cn_a,INDUSTRY_C35,-0.03141445168876365,-0.024185429496906864,-0.03141445168876365,0.29889988899230957,1,momentum_factor,0.3055551052093506,value_factor,0.30285653471946716,quality_factor,0.23627211153507233
2019-12-17,002837.SZ,tucker,"(3, 2, 2)",cn_a,INDUSTRY_C35,-0.16895805339785203,-0.1300778103298863,-0.16895805339785203,0.29889988899230957,1,value_factor,0.396036833524704,quality_factor,0.3553893566131592,momentum_factor,0.12669618427753448
2019-12-17,300724.SZ,tucker,"(3, 2, 2)",cn_a,INDUSTRY_C35,-0.17114334396456954,-0.1317602268003449,-0.17114334396456954,0.29889988899230957,1,value_factor,0.39180365204811096,quality_factor,0.3499778211116791,momentum_factor,0.13482177257537842
2019-12-17,688037.SH,tucker,"(3, 2, 2)",cn_a,INDUSTRY_C35,-0.19386381109525436,-0.1492523116971351,-0.19386381109525436,0.29889988899230957,1,value_factor,0.45606282353401184,quality_factor,0.43659964203834534,volatility_factor,0.09250540286302567
2019-12-17,300003.SZ,tucker,"(3, 2, 2)",cn_a,INDUSTRY_C35,-0.21912489096679963,-0.16870036930775117,-0.21912489096679963,0.29889988899230957,1,value_factor,0.3815215229988098,quality_factor,0.336833655834198,momentum_factor,0.15455825626850128
2019-12-17,002223.SZ,tucker,"(3, 2, 2)",cn_a,INDUSTRY_C35,-0.22460063021416882,-0.17291604389035298,-0.22460063021416882,0.29889988899230957,2,quality_factor,0.4145776927471161,value_factor,0.41449257731437683,momentum_factor,0.1179552972316742
2019-12-17,603338.SH,tucker,"(3, 2, 2)",cn_a,INDUSTRY_C35,-0.29632410702956125,-0.22813467730715598,-0.29632410702956125,0.29889988899230957,2,value_factor,0.3832966983318329,quality_factor,0.33910295367240906,momentum_factor,0.15115085244178772
2019-12-17,300751.SZ,tucker,"(3, 2, 2)",cn_a,INDUSTRY_C35,-0.31673196713885243,-0.24384632705186698,-0.31673196713885243,0.29889988899230957,2,value_factor,0.38397660851478577,quality_factor,0.3399721682071686,momentum_factor,0.14984570443630219
2019-12-17,601106.SH,tucker,"(3, 2, 2)",cn_a,INDUSTRY_C35,-0.3373249583929043,-0.25970050598326094,-0.3373249583929043,0.29889988899230957,2,quality_factor,0.390125036239624,value_factor,0.3683338463306427,momentum_factor,0.23246091604232788
2019-12-17,300450.SZ,tucker,"(3, 2, 2)",cn_a,INDUSTRY_C35,-0.35874262527834666,-0.27618958806491256,-0.35874262527834666,0.29889988899230957,1,value_factor,0.41924428939819336,quality_factor,0.38505667448043823,volatility_factor,0.11354944109916687
2019-12-17,601608.SH,tucker,"(3, 2, 2)",cn_a,INDUSTRY_C35,-0.37087181849091383,-0.2855276389149877,-0.37087181849091383,0.29889988899230957,1,value_factor,0.43574175238609314,quality_factor,0.4258345067501068,volatility_factor,0.07318123430013657
2019-12-17,300529.SZ,tucker,"(3, 2, 2)",cn_a,INDUSTRY_C35,-0.3893489363222327,-0.29975284440457595,-0.3893489363222327,0.29889988899230957,2,value_factor,0.38035205006599426,quality_factor,0.33533868193626404,momentum_factor,0.15680301189422607
2019-12-17,688012.SH,tucker,"(3, 2, 2)",cn_a,INDUSTRY_C35,-0.4868526822450153,-0.37481925002142935,-0.4868526822450153,0.29889988899230957,2,quality_factor,0.410098671913147,value_factor,0.4060375988483429,momentum_factor,0.138929545879364
2019-12-17,300757.SZ,tucker,"(3, 2, 2)",cn_a,INDUSTRY_C35,-0.5367818706544055,-0.41325884712396316,-0.5367818706544055,0.29889988899230957,2,value_factor,0.41469138860702515,quality_factor,0.4146830141544342,momentum_factor,0.11746198683977127
2019-12-17,300604.SZ,tucker,"(3, 2, 2)",cn_a,INDUSTRY_C35,-0.7564356586726868,-0.5823664048963249,-0.7564356586726868,0.29889988899230957,0,value_factor,0.4597088396549225,quality_factor,0.43853113055229187,volatility_factor,0.09597256779670715
2019-12-18,601717.SH,tucker,"(3, 2, 2)",cn_a,INDUSTRY_C35,1.488723165597399,1.1122120488779985,1.488723165597399,0.33852460980415344,0,value_factor,0.459295392036438,quality_factor,0.4383120834827423,volatility_factor,0.09557940810918808
2019-12-18,600582.SH,tucker,"(3, 2, 2)",cn_a,INDUSTRY_C35,1.1365743764742107,0.8491247702546156,1.1365743764742107,0.33852460980415344,0,value_factor,0.44204041361808777,quality_factor,0.414198100566864,volatility_factor,0.10536885261535645
2019-12-18,600499.SH,tucker,"(3, 2, 2)",cn_a,INDUSTRY_C35,1.0240916011975978,0.7650898732066592,1.0240916011975978,0.33852460980415344,0,value_factor,0.4511086046695709,quality_factor,0.43397510051727295,volatility_factor,0.0877942368388176
2019-12-18,600031.SH,tucker,"(3, 2, 2)",cn_a,INDUSTRY_C35,0.6662157553356458,0.49772396061246366,0.6662157553356458,0.33852460980415344,2,quality_factor,0.3363160490989685,momentum_factor,0.3331510126590729,value_factor,0.29380136728286743
2019-12-18,600528.SH,tucker,"(3, 2, 2)",cn_a,INDUSTRY_C35,0.6263794780516605,0.46796262646951436,0.6263794780516605,0.33852460980415344,0,value_factor,0.4509311020374298,quality_factor,0.42556360363960266,volatility_factor,0.10217832028865814
2019-12-18,002430.SZ,tucker,"(3, 2, 2)",cn_a,INDUSTRY_C35,0.5703884818089617,0.4261322431659652,0.5703884818089617,0.33852460980415344,2,quality_factor,0.39417460560798645,value_factor,0.3759780526161194,momentum_factor,0.2134981006383896
2019-12-18,002353.SZ,tucker,"(3, 2, 2)",cn_a,INDUSTRY_C35,0.1678124590272556,0.12537121957597974,0.1678124590272556,0.33852460980415344,2,momentum_factor,0.5164087414741516,volatility_factor,0.19473643600940704,value_factor,0.19300790131092072
2019-12-18,002595.SZ,tucker,"(3, 2, 2)",cn_a,INDUSTRY_C35,0.058888692160407693,0.043995226565303074,0.058888692160407693,0.33852460980415344,1,quality_factor,0.3994522988796234,value_factor,0.38594067096710205,momentum_factor,0.18878382444381714
2019-12-18,002432.SZ,tucker,"(3, 2, 2)",cn_a,INDUSTRY_C35,0.03332224230763004,0.024894755617849363,0.03332224230763004,0.33852460980415344,1,value_factor,0.3815537393093109,quality_factor,0.3368748724460602,momentum_factor,0.15449628233909607
2019-12-18,002008.SZ,tucker,"(3, 2, 2)",cn_a,INDUSTRY_C35,0.023090305292842724,0.017250565016005262,0.023090305292842724,0.33852460980415344,1,momentum_factor,0.3583068549633026,value_factor,0.2753743827342987,quality_factor,0.20114023983478546
2019-12-18,300724.SZ,tucker,"(3, 2, 2)",cn_a,INDUSTRY_C35,-0.146445381075866,-0.10940806262643729,-0.146445381075866,0.33852460980415344,1,value_factor,0.3645671010017395,quality_factor,0.31515994668006897,momentum_factor,0.18710210919380188
2019-12-18,002837.SZ,tucker,"(3, 2, 2)",cn_a,INDUSTRY_C35,-0.14682758422974734,-0.10969360325795921,-0.14682758422974734,0.33852460980415344,1,value_factor,0.3693217933177948,quality_factor,0.32123810052871704,momentum_factor,0.1779756098985672
2019-12-18,688037.SH,tucker,"(3, 2, 2)",cn_a,INDUSTRY_C35,-0.16454517832971433,-0.12293026275952977,-0.16454517832971433,0.33852460980415344,1,value_factor,0.41170448064804077,quality_factor,0.37541815638542175,volatility_factor,0.11625515669584274
2019-12-18,300003.SZ,tucker,"(3, 2, 2)",cn_a,INDUSTRY_C35,-0.18112261663834964,-0.13531512184714745,-0.18112261663834964,0.33852460980415344,1,value_factor,0.3541286289691925,quality_factor,0.30181586742401123,momentum_factor,0.20713864266872406
2019-12-18,002223.SZ,tucker,"(3, 2, 2)",cn_a,INDUSTRY_C35,-0.20816529758979718,-0.1555184721295984,-0.20816529758979718,0.33852460980415344,2,value_factor,0.44616761803627014,quality_factor,0.43135762214660645,volatility_factor,0.08309562504291534
2019-12-18,603338.SH,tucker,"(3, 2, 2)",cn_a,INDUSTRY_C35,-0.2729316188036586,-0.20390482392432813,-0.2729316188036586,0.33852460980415344,2,value_factor,0.3671887218952179,quality_factor,0.31851130723953247,momentum_factor,0.18206992745399475
2019-12-18,601106.SH,tucker,"(3, 2, 2)",cn_a,INDUSTRY_C35,-0.29812979712185217,-0.22273016243111826,-0.29812979712185217,0.33852460980415344,2,value_factor,0.41521120071411133,quality_factor,0.4149583876132965,momentum_factor,0.11617256700992584
2019-12-18,300751.SZ,tucker,"(3, 2, 2)",cn_a,INDUSTRY_C35,-0.30018516058597183,-0.2242657064882299,-0.30018516058597183,0.33852460980415344,2,value_factor,0.3713492155075073,quality_factor,0.32382985949516296,momentum_factor,0.1740839183330536
2019-12-18,300450.SZ,tucker,"(3, 2, 2)",cn_a,INDUSTRY_C35,-0.32875206609139357,-0.24560779159613477,-0.32875206609139357,0.33852460980415344,1,value_factor,0.3939575254917145,quality_factor,0.35273128747940063,momentum_factor,0.13068734109401703
2019-12-18,601608.SH,tucker,"(3, 2, 2)",cn_a,INDUSTRY_C35,-0.33188096533284445,-0.2479453648377458,-0.33188096533284445,0.33852460980415344,1,value_factor,0.44439661502838135,quality_factor,0.41721025109291077,volatility_factor,0.10452326387166977
2019-12-18,300529.SZ,tucker,"(3, 2, 2)",cn_a,INDUSTRY_C35,-0.36041059558102995,-0.26925960192717335,-0.36041059558102995,0.33852460980415344,2,value_factor,0.36545923352241516,quality_factor,0.3163004219532013,momentum_factor,0.1853896677494049
2019-12-18,688012.SH,tucker,"(3, 2, 2)",cn_a,INDUSTRY_C35,-0.4675246811314688,-0.3492835978632751,-0.4675246811314688,0.33852460980415344,2,value_factor,0.42751067876815796,quality_factor,0.4214740991592407,momentum_factor,0.08566121757030487
2019-12-18,300757.SZ,tucker,"(3, 2, 2)",cn_a,INDUSTRY_C35,-0.5315527932492814,-0.3971184401025749,-0.5315527932492814,0.33852460980415344,2,value_factor,0.42702987790107727,quality_factor,0.4212193787097931,momentum_factor,0.0868539810180664
2019-12-18,300604.SZ,tucker,"(3, 2, 2)",cn_a,INDUSTRY_C35,-0.7269442768436671,-0.5430937075826225,-0.7269442768436671,0.33852460980415344,0,value_factor,0.44063204526901245,quality_factor,0.4123977720737457,volatility_factor,0.10587424039840698
2019-12-19,601717.SH,tucker,"(3, 2, 2)",cn_a,INDUSTRY_C35,1.1964312459948965,1.1257414697914405,1.1964312459948965,0.0627940222620964,0,value_factor,0.4587474465370178,quality_factor,0.43802180886268616,volatility_factor,0.09505832940340042
2019-12-19,600582.SH,tucker,"(3, 2, 2)",cn_a,INDUSTRY_C35,0.9150059884983963,0.8609439028012048,0.9150059884983963,0.0627940222620964,0,value_factor,0.44314539432525635,quality_factor,0.41561073064804077,volatility_factor,0.10497228801250458
2019-12-19,600499.SH,tucker,"(3, 2, 2)",cn_a,INDUSTRY_C35,0.8265062861628271,0.7776731044859178,0.8265062861628271,0.0627940222620964,0,value_factor,0.44934025406837463,quality_factor,0.4330383539199829,volatility_factor,0.08611267060041428
2019-12-19,600031.SH,tucker,"(3, 2, 2)",cn_a,INDUSTRY_C35,0.539174008251459,0.5073175266478529,0.539174008251459,0.0627940222620964,2,momentum_factor,0.3382052183151245,quality_factor,0.33311620354652405,value_factor,0.2895360291004181
2019-12-19,600528.SH,tucker,"(3, 2, 2)",cn_a,INDUSTRY_C35,0.505245700089732,0.475393833894611,0.505245700089732,0.0627940222620964,0,value_factor,0.4527865946292877,quality_factor,0.4279356002807617,volatility_factor,0.10151245445013046
2019-12-19,002430.SZ,tucker,"(3, 2, 2)",cn_a,INDUSTRY_C35,0.46097360474697613,0.4337375048337153,0.46097360474697613,0.0627940222620964,2,quality_factor,0.3929111957550049,value_factor,0.37359312176704407,momentum_factor,0.2194143384695053
2019-12-19,002353.SZ,tucker,"(3, 2, 2)",cn_a,INDUSTRY_C35,0.13875608154944127,0.13055783665703036,0.13875608154944127,0.0627940222620964,2,momentum_factor,0.5185517072677612,volatility_factor,0.19513709843158722,value_factor,0.19189147651195526
2019-12-19,002595.SZ,tucker,"(3, 2, 2)",cn_a,INDUSTRY_C35,0.050371710070517745,0.04739555500620454,0.050371710070517745,0.0627940222620964,1,quality_factor,0.3890170156955719,value_factor,0.36624225974082947,momentum_factor,0.23764954507350922
2019-12-19,002432.SZ,tucker,"(3, 2, 2)",cn_a,INDUSTRY_C35,0.032272507695784776,0.03036572337016957,0.032272507695784776,0.0627940222620964,1,value_factor,0.41723740100860596,quality_factor,0.38249117136001587,volatility_factor,0.11426963657140732
2019-12-19,002008.SZ,tucker,"(3, 2, 2)",cn_a,INDUSTRY_C35,0.02503716468307224,0.02355787235086329,0.02503716468307224,0.0627940222620964,1,momentum_factor,0.3646707832813263,value_factor,0.27205896377563477,quality_factor,0.19690197706222534
2019-12-19,300724.SZ,tucker,"(3, 2, 2)",cn_a,INDUSTRY_C35,-0.11389975373324114,-0.10717011663291928,-0.11389975373324114,0.0627940222620964,1,value_factor,0.36104443669319153,quality_factor,0.31065675616264343,momentum_factor,0.19386379420757294
2019-12-19,002837.SZ,tucker,"(3, 2, 2)",cn_a,INDUSTRY_C35,-0.11451602935987462,-0.10774998031672513,-0.11451602935987462,0.0627940222620964,1,value_factor,0.3658510744571686,quality_factor,0.3168013095855713,momentum_factor,0.18463751673698425
2019-12-19,688037.SH,tucker,"(3, 2, 2)",cn_a,INDUSTRY_C35,-0.12778702982504828,-0.12023687884873756,-0.12778702982504828,0.0627940222620964,1,value_factor,0.40477776527404785,quality_factor,0.3665633499622345,volatility_factor,0.11874087899923325
2019-12-19,300003.SZ,tucker,"(3, 2, 2)",cn_a,INDUSTRY_C35,-0.1399666899389299,-0.13169691762995456,-0.1399666899389299,0.0627940222620964,1,value_factor,0.35060733556747437,quality_factor,0.29731443524360657,momentum_factor,0.21389776468276978
2019-12-19,002223.SZ,tucker,"(3, 2, 2)",cn_a,INDUSTRY_C35,-0.1641663484253347,-0.15446676688299926,-0.1641663484253347,0.0627940222620964,2,value_factor,0.45101213455200195,quality_factor,0.4339240491390228,volatility_factor,0.08770250529050827
2019-12-19,603338.SH,tucker,"(3, 2, 2)",cn_a,INDUSTRY_C35,-0.21501984461192156,-0.20231564222185505,-0.21501984461192156,0.0627940222620964,2,value_factor,0.3650023341178894,quality_factor,0.31571632623672485,momentum_factor,0.1862666755914688
2019-12-19,601106.SH,tucker,"(3, 2, 2)",cn_a,INDUSTRY_C35,-0.23321773655876207,-0.21943833246913855,-0.23321773655876207,0.0627940222620964,2,value_factor,0.42256608605384827,quality_factor,0.418854683637619,momentum_factor,0.0979272797703743
2019-12-19,300751.SZ,tucker,"(3, 2, 2)",cn_a,INDUSTRY_C35,-0.23760348636917075,-0.2235649552518806,-0.23760348636917075,0.0627940222620964,2,value_factor,0.36960721015930176,quality_factor,0.3216029703617096,momentum_factor,0.17742764949798584
2019-12-19,300450.SZ,tucker,"(3, 2, 2)",cn_a,INDUSTRY_C35,-0.25877622959444024,-0.24348673108122343,-0.25877622959444024,0.0627940222620964,1,value_factor,0.3906192481517792,quality_factor,0.3484638035297394,momentum_factor,0.13709519803524017
2019-12-19,601608.SH,tucker,"(3, 2, 2)",cn_a,INDUSTRY_C35,-0.2601828274907579,-0.24481022174439934,-0.2601828274907579,0.0627940222620964,1,value_factor,0.43748989701271057,quality_factor,0.40838098526000977,volatility_factor,0.10700183361768723
2019-12-19,300529.SZ,tucker,"(3, 2, 2)",cn_a,INDUSTRY_C35,-0.2841737403914261,-0.2673836589066647,-0.2841737403914261,0.0627940222620964,2,value_factor,0.36342817544937134,quality_factor,0.3137039840221405,momentum_factor,0.18928831815719604
2019-12-19,688012.SH,tucker,"(3, 2, 2)",cn_a,INDUSTRY_C35,-0.37083750800180787,-0.3489269966069835,-0.37083750800180787,0.0627940222620964,2,value_factor,0.43075117468833923,quality_factor,0.423190712928772,momentum_factor,0.07762255519628525
2019-12-19,300757.SZ,tucker,"(3, 2, 2)",cn_a,INDUSTRY_C35,-0.4236539167157492,-0.39862280802429195,-0.4236539167157492,0.0627940222620964,2,value_factor,0.4288675785064697,quality_factor,0.42219290137290955,momentum_factor,0.08229521661996841
2019-12-19,300604.SZ,tucker,"(3, 2, 2)",cn_a,INDUSTRY_C35,-0.5766754645247687,-0.5426032521299966,-0.5766754645247687,0.0627940222620964,0,value_factor,0.43734458088874817,quality_factor,0.4081951975822449,volatility_factor,0.1070539802312851
2019-12-20,601717.SH,tucker,"(3, 2, 2)",cn_a,INDUSTRY_C35,1.2563160453950692,1.1382133911043133,1.2563160453950692,0.10376144200563431,0,value_factor,0.4577011168003082,quality_factor,0.4374675154685974,volatility_factor,0.09406339377164841
2019-12-20,600582.SH,tucker,"(3, 2, 2)",cn_a,INDUSTRY_C35,0.9639676856736151,0.8733478589621207,0.9639676856736151,0.10376144200563431,0,value_factor,0.44528019428253174,quality_factor,0.4183397591114044,volatility_factor,0.10420620441436768
2019-12-20,600499.SH,tucker,"(3, 2, 2)",cn_a,INDUSTRY_C35,0.8748303843945822,0.7925900987356405,0.8748303843945822,0.10376144200563431,0,value_factor,0.4459781348705292,quality_factor,0.4312572479248047,volatility_factor,0.08291543275117874
2019-12-20,600031.SH,tucker,"(3, 2, 2)",cn_a,INDUSTRY_C35,0.5736739435321537,0.5197445078006482,0.5736739435321537,0.10376144200563431,2,momentum_factor,0.3476272225379944,quality_factor,0.3271511495113373,value_factor,0.2815846800804138
2019-12-20,600528.SH,tucker,"(3, 2, 2)",cn_a,INDUSTRY_C35,0.5342256560231463,0.4840046402223705,0.5342256560231463,0.10376144200563431,0,value_factor,0.45639434456825256,quality_factor,0.43254753947257996,volatility_factor,0.1002177894115448
2019-12-20,002430.SZ,tucker,"(3, 2, 2)",cn_a,INDUSTRY_C35,0.4891872815062236,0.44320019362102814,0.4891872815062236,0.10376144200563431,2,quality_factor,0.3905142843723297,value_factor,0.3690686523914337,momentum_factor,0.23063810169696808
2019-12-20,002353.SZ,tucker,"(3, 2, 2)",cn_a,INDUSTRY_C35,0.15347401935616867,0.1390463686729885,0.15347401935616867,0.10376144200563431,2,momentum_factor,0.5224406123161316,volatility_factor,0.19586415588855743,value_factor,0.18986549973487854
2019-12-20,002595.SZ,tucker,"(3, 2, 2)",cn_a,INDUSTRY_C35,0.05897515325426999,0.053431068895828875,0.05897515325426999,0.10376144200563431,1,quality_factor,0.3519889712333679,value_factor,0.3146931529045105,momentum_factor,0.308395117521286
2019-12-20,002432.SZ,tucker,"(3, 2, 2)",cn_a,INDUSTRY_C35,0.044858852987822356,0.04064180137432123,0.044858852987822356,0.10376144200563431,1,value_factor,0.4242193400859833,quality_factor,0.4197304844856262,momentum_factor,0.09382613003253937
2019-12-20,002008.SZ,tucker,"(3, 2, 2)",cn_a,INDUSTRY_C35,0.039234151851311565,0.03554586219723066,0.039234151851311565,0.10376144200563431,1,momentum_factor,0.37608474493026733,value_factor,0.26611262559890747,quality_factor,0.18930043280124664
2019-12-20,300724.SZ,tucker,"(3, 2, 2)",cn_a,INDUSTRY_C35,-0.1120247807998956,-0.10149365369433733,-0.1120247807998956,0.10376144200563431,1,value_factor,0.35458746552467346,quality_factor,0.3024024963378906,momentum_factor,0.20625783503055573
2019-12-20,002837.SZ,tucker,"(3, 2, 2)",cn_a,INDUSTRY_C35,-0.11328932353101832,-0.10263932040413,-0.11328932353101832,0.10376144200563431,1,value_factor,0.3594801723957062,quality_factor,0.30865705013275146,momentum_factor,0.1968664675951004
2019-12-20,688037.SH,tucker,"(3, 2, 2)",cn_a,INDUSTRY_C35,-0.12529116108837648,-0.11351289976794997,-0.12529116108837648,0.10376144200563431,1,value_factor,0.3924107849597931,quality_factor,0.3507539629936218,momentum_factor,0.13365639746189117
2019-12-20,300003.SZ,tucker,"(3, 2, 2)",cn_a,INDUSTRY_C35,-0.1357974104340694,-0.12303148686184329,-0.1357974104340694,0.10376144200563431,1,value_factor,0.3441656231880188,quality_factor,0.2890796363353729,momentum_factor,0.226262629032135
2019-12-20,002223.SZ,tucker,"(3, 2, 2)",cn_a,INDUSTRY_C35,-0.16613483242416532,-0.15051697515698878,-0.16613483242416532,0.10376144200563431,2,value_factor,0.46043890714645386,quality_factor,0.438917875289917,volatility_factor,0.0966668501496315
2019-12-20,603338.SH,tucker,"(3, 2, 2)",cn_a,INDUSTRY_C35,-0.21714325267150988,-0.19673024067836206,-0.21714325267150988,0.10376144200563431,2,value_factor,0.3609297275543213,quality_factor,0.3105100989341736,momentum_factor,0.19408400356769562
2019-12-20,601106.SH,tucker,"(3, 2, 2)",cn_a,INDUSTRY_C35,-0.2321514648809757,-0.2103275740690833,-0.2321514648809757,0.10376144200563431,2,value_factor,0.43702325224876404,quality_factor,0.4265133738517761,volatility_factor,0.07439985871315002
2019-12-20,300751.SZ,tucker,"(3, 2, 2)",cn_a,INDUSTRY_C35,-0.24221746999142046,-0.21944730302074988,-0.24221746999142046,0.10376144200563431,2,value_factor,0.3663441836833954,quality_factor,0.3174316883087158,momentum_factor,0.18369102478027344
2019-12-20,601608.SH,tucker,"(3, 2, 2)",cn_a,INDUSTRY_C35,-0.26014772463069497,-0.2356919860454857,-0.26014772463069497,0.10376144200563431,1,value_factor,0.42506831884384155,quality_factor,0.3925018012523651,volatility_factor,0.11145944148302078
2019-12-20,300450.SZ,tucker,"(3, 2, 2)",cn_a,INDUSTRY_C35,-0.26088379790849014,-0.2363588631937092,-0.26088379790849014,0.10376144200563431,1,value_factor,0.3844588100910187,quality_factor,0.34058859944343567,momentum_factor,0.14892005920410156
2019-12-20,300529.SZ,tucker,"(3, 2, 2)",cn_a,INDUSTRY_C35,-0.2874621090270002,-0.26043862380721916,-0.2874621090270002,0.10376144200563431,2,value_factor,0.35963869094848633,quality_factor,0.3088596761226654,momentum_factor,0.19656220078468323
2019-12-20,688012.SH,tucker,"(3, 2, 2)",cn_a,INDUSTRY_C35,-0.37962248296573936,-0.3439352663365812,-0.37962248296573936,0.10376144200563431,2,value_factor,0.4370240569114685,quality_factor,0.42651379108428955,volatility_factor,0.0744006335735321
2019-12-20,300757.SZ,tucker,"(3, 2, 2)",cn_a,INDUSTRY_C35,-0.4377977698475895,-0.39664166199471695,-0.4377977698475895,0.10376144200563431,2,value_factor,0.4324071705341339,quality_factor,0.42406800389289856,momentum_factor,0.07351464033126831
2019-12-20,300604.SZ,tucker,"(3, 2, 2)",cn_a,INDUSTRY_C35,-0.5904743374208294,-0.5349655450308973,-0.5904743374208294,0.10376144200563431,0,value_factor,0.431241512298584,quality_factor,0.4003933370113373,volatility_factor,0.10924411565065384
2019-12-23,601717.SH,tucker,"(3, 2, 2)",cn_a,INDUSTRY_C35,1.3901528615766308,1.154526967614748,1.3901528615766308,0.20408862829208374,0,value_factor,0.4600280225276947,quality_factor,0.43870019912719727,volatility_factor,0.09627609699964523
2019-12-23,600582.SH,tucker,"(3, 2, 2)",cn_a,INDUSTRY_C35,1.0588527816616913,0.8793810558184616,1.0588527816616913,0.20408862829208374,0,value_factor,0.4405767321586609,quality_factor,0.41232699155807495,volatility_factor,0.10589410364627838
2019-12-23,600499.SH,tucker,"(3, 2, 2)",cn_a,INDUSTRY_C35,0.9508594033156577,0.7896921654306002,0.9508594033156577,0.20408862829208374,0,value_factor,0.4534808397293091,quality_factor,0.4352318048477173,volatility_factor,0.0900501012802124
2019-12-23,600031.SH,tucker,"(3, 2, 2)",cn_a,INDUSTRY_C35,0.6162439643877157,0.5117928360112368,0.6162439643877157,0.20408862829208374,2,quality_factor,0.34067845344543457,momentum_factor,0.326260507106781,value_factor,0.29961633682250977
2019-12-23,600528.SH,tucker,"(3, 2, 2)",cn_a,INDUSTRY_C35,0.5820267081435908,0.4833752812346907,0.5820267081435908,0.20408862829208374,0,value_factor,0.44848594069480896,quality_factor,0.42243778705596924,volatility_factor,0.10305580496788025
2019-12-23,002430.SZ,tucker,"(3, 2, 2)",cn_a,INDUSTRY_C35,0.5286120473419733,0.4390142127033345,0.5286120473419733,0.20408862829208374,2,quality_factor,0.3958725333213806,value_factor,0.37918323278427124,momentum_factor,0.20554697513580322
2019-12-23,002353.SZ,tucker,"(3, 2, 2)",cn_a,INDUSTRY_C35,0.15063772273759954,0.12510517227823947,0.15063772273759954,0.20408862829208374,2,momentum_factor,0.5134207010269165,value_factor,0.19456464052200317,volatility_factor,0.19417783617973328
2019-12-23,002595.SZ,tucker,"(3, 2, 2)",cn_a,INDUSTRY_C35,0.0502448015053618,0.04172848894804264,0.0502448015053618,0.20408862829208374,1,quality_factor,0.4142552316188812,value_factor,0.4138838052749634,momentum_factor,0.11946546286344528
2019-12-23,002432.SZ,tucker,"(3, 2, 2)",cn_a,INDUSTRY_C35,0.02255731345869279,0.018733930220784095,0.02255731345869279,0.20408862829208374,1,value_factor,0.34542715549468994,quality_factor,0.29069235920906067,momentum_factor,0.22384104132652283
2019-12-23,002008.SZ,tucker,"(3, 2, 2)",cn_a,INDUSTRY_C35,0.011463848084527963,0.009520767199094546,0.011463848084527963,0.20408862829208374,1,momentum_factor,0.34934356808662415,value_factor,0.2800440490245819,quality_factor,0.20710968971252441
2019-12-23,002837.SZ,tucker,"(3, 2, 2)",cn_a,INDUSTRY_C35,-0.14253439433078716,-0.11837532879721893,-0.14253439433078716,0.20408862829208374,1,value_factor,0.3741144835948944,quality_factor,0.32736489176750183,momentum_factor,0.16877591609954834
2019-12-23,300724.SZ,tucker,"(3, 2, 2)",cn_a,INDUSTRY_C35,-0.1426591546770794,-0.11847894271498621,-0.1426591546770794,0.20408862829208374,1,value_factor,0.369437575340271,quality_factor,0.3213861286640167,momentum_factor,0.1777532696723938
2019-12-23,688037.SH,tucker,"(3, 2, 2)",cn_a,INDUSTRY_C35,-0.1605871631293192,-0.13336821842403385,-0.1605871631293192,0.20408862829208374,1,value_factor,0.42149901390075684,quality_factor,0.3879390060901642,volatility_factor,0.11274029314517975
2019-12-23,300003.SZ,tucker,"(3, 2, 2)",cn_a,INDUSTRY_C35,-0.17784801255927968,-0.14770341615777494,-0.17784801255927968,0.20408862829208374,1,value_factor,0.3590053617954254,quality_factor,0.30805009603500366,momentum_factor,0.19777783751487732
2019-12-23,002223.SZ,tucker,"(3, 2, 2)",cn_a,INDUSTRY_C35,-0.19925693940415778,-0.16548360715207344,-0.19925693940415778,0.20408862829208374,2,value_factor,0.43978726863861084,quality_factor,0.42797762155532837,volatility_factor,0.07702828198671341
2019-12-23,603338.SH,tucker,"(3, 2, 2)",cn_a,INDUSTRY_C35,-0.26159980776503666,-0.21725958427696265,-0.26159980776503666,0.20408862829208374,2,value_factor,0.3701713979244232,quality_factor,0.3223242163658142,momentum_factor,0.17634469270706177
2019-12-23,300751.SZ,tucker,"(3, 2, 2)",cn_a,INDUSTRY_C35,-0.2859877487813107,-0.237513857289754,-0.2859877487813107,0.20408862829208374,2,value_factor,0.3737146854400635,quality_factor,0.32685378193855286,momentum_factor,0.16954335570335388
2019-12-23,601106.SH,tucker,"(3, 2, 2)",cn_a,INDUSTRY_C35,-0.2883284592483932,-0.2394578257786293,-0.2883284592483932,0.20408862829208374,2,quality_factor,0.40986740589141846,value_factor,0.40560099482536316,momentum_factor,0.14001262187957764
2019-12-23,300450.SZ,tucker,"(3, 2, 2)",cn_a,INDUSTRY_C35,-0.3154452153721989,-0.2619783895845833,-0.3154452153721989,0.20408862829208374,1,value_factor,0.3985471725463867,quality_factor,0.3585984706878662,momentum_factor,0.12187756597995758
2019-12-23,601608.SH,tucker,"(3, 2, 2)",cn_a,INDUSTRY_C35,-0.32009339277794085,-0.2658387176920264,-0.32009339277794085,0.20408862829208374,1,value_factor,0.45410168170928955,quality_factor,0.4296167194843292,volatility_factor,0.10104053467512131
2019-12-23,300529.SZ,tucker,"(3, 2, 2)",cn_a,INDUSTRY_C35,-0.3450781281528749,-0.28658863057309225,-0.3450781281528749,0.20408862829208374,2,value_factor,0.3682263195514679,quality_factor,0.3198377192020416,momentum_factor,0.18007825314998627
2019-12-23,688012.SH,tucker,"(3, 2, 2)",cn_a,INDUSTRY_C35,-0.44419602736792224,-0.36890640351736265,-0.44419602736792224,0.20408862829208374,2,value_factor,0.42322537302970886,quality_factor,0.4192039370536804,momentum_factor,0.09629178047180176
2019-12-23,300757.SZ,tucker,"(3, 2, 2)",cn_a,INDUSTRY_C35,-0.5018665429382007,-0.416801974790452,-0.5018665429382007,0.20408862829208374,2,value_factor,0.42458999156951904,quality_factor,0.41992682218551636,momentum_factor,0.0929066613316536
2019-12-23,300604.SZ,tucker,"(3, 2, 2)",cn_a,INDUSTRY_C35,-0.6905650312755114,-0.5735167502335503,-0.6905650312755114,0.20408862829208374,0,value_factor,0.4451293349266052,quality_factor,0.41814684867858887,volatility_factor,0.10426037013530731
2019-12-24,601717.SH,tucker,"(3, 2, 2)",cn_a,INDUSTRY_C35,2.057928180406673,1.1445028876902,2.057928180406673,0.7980979084968567,0,value_factor,0.4509666860103607,quality_factor,0.43389996886253357,volatility_factor,0.08765926212072372
2019-12-24,600582.SH,tucker,"(3, 2, 2)",cn_a,INDUSTRY_C35,1.61179503478987,0.8963889455642688,1.61179503478987,0.7980979084968567,0,value_factor,0.45985594391822815,quality_factor,0.4369726777076721,volatility_factor,0.09897558391094208
2019-12-24,600499.SH,tucker,"(3, 2, 2)",cn_a,INDUSTRY_C35,1.5050484245992926,0.8370225377481744,1.5050484245992926,0.7980979084968567,0,value_factor,0.4247690439224243,quality_factor,0.4200216829776764,momentum_factor,0.09246248006820679
2019-12-24,600031.SH,tucker,"(3, 2, 2)",cn_a,INDUSTRY_C35,1.0175086385194851,0.5658805715975695,1.0175086385194851,0.7980979084968567,2,momentum_factor,0.40191301703453064,quality_factor,0.2927827835083008,value_factor,0.23577210307121277
2019-12-24,600528.SH,tucker,"(3, 2, 2)",cn_a,INDUSTRY_C35,0.9133160012548343,0.5079345386111874,0.9133160012548343,0.7980979084968567,0,value_factor,0.44778332114219666,quality_factor,0.43221354484558105,volatility_factor,0.08463205397129059
2019-12-24,002430.SZ,tucker,"(3, 2, 2)",cn_a,INDUSTRY_C35,0.8545512141940375,0.4752528983450578,0.8545512141940375,0.7980979084968567,2,quality_factor,0.3631533086299896,value_factor,0.3295750617980957,momentum_factor,0.2907608151435852
2019-12-24,002353.SZ,tucker,"(3, 2, 2)",cn_a,INDUSTRY_C35,0.3318864740098756,0.18457642570138613,0.3318864740098756,0.7980979084968567,2,momentum_factor,0.5424673557281494,volatility_factor,0.1996082365512848,value_factor,0.17943216860294342
2019-12-24,002008.SZ,tucker,"(3, 2, 2)",cn_a,INDUSTRY_C35,0.19829890965449687,0.11028260212683455,0.19829890965449687,0.7980979084968567,1,momentum_factor,0.4322468936443329,value_factor,0.23685380816459656,volatility_factor,0.17900195717811584
2019-12-24,002432.SZ,tucker,"(3, 2, 2)",cn_a,INDUSTRY_C35,0.18708463676371748,0.10404585983959563,0.18708463676371748,0.7980979084968567,1,momentum_factor,0.5772498846054077,quality_factor,0.18177689611911774,volatility_factor,0.1531703621149063
2019-12-24,002595.SZ,tucker,"(3, 2, 2)",cn_a,INDUSTRY_C35,0.1595852184698052,0.08875224369359203,0.1595852184698052,0.7980979084968567,1,momentum_factor,0.5394606590270996,quality_factor,0.20570135116577148,volatility_factor,0.13514432311058044
2019-12-24,300724.SZ,tucker,"(3, 2, 2)",cn_a,INDUSTRY_C35,-0.10505602105398254,-0.05842619806186097,-0.10505602105398254,0.7980979084968567,1,value_factor,0.3199632465839386,momentum_factor,0.2727189064025879,quality_factor,0.258140504360199
2019-12-24,300003.SZ,tucker,"(3, 2, 2)",cn_a,INDUSTRY_C35,-0.10672982550238351,-0.05935707312487948,-0.10672982550238351,0.7980979084968567,1,value_factor,0.3099014163017273,momentum_factor,0.29203248023986816,quality_factor,0.24527797102928162
2019-12-24,688037.SH,tucker,"(3, 2, 2)",cn_a,INDUSTRY_C35,-0.11316034453302927,-0.06293336294392772,-0.11316034453302927,0.7980979084968567,1,value_factor,0.3325956463813782,quality_factor,0.27428919076919556,momentum_factor,0.24847108125686646
2019-12-24,002837.SZ,tucker,"(3, 2, 2)",cn_a,INDUSTRY_C35,-0.1135207065533269,-0.06313377585278006,-0.1135207065533269,0.7980979084968567,1,value_factor,0.32511162757873535,quality_factor,0.26472198963165283,momentum_factor,0.2628365457057953
2019-12-24,002223.SZ,tucker,"(3, 2, 2)",cn_a,INDUSTRY_C35,-0.20743755714092516,-0.11536499933456076,-0.20743755714092516,0.7980979084968567,2,value_factor,0.3983418941497803,quality_factor,0.35833609104156494,momentum_factor,0.1222715675830841
2019-12-24,601106.SH,tucker,"(3, 2, 2)",cn_a,INDUSTRY_C35,-0.24836425299548714,-0.13812610539993783,-0.24836425299548714,0.7980979084968567,2,value_factor,0.3858374059200287,quality_factor,0.34235090017318726,momentum_factor,0.1462738960981369
2019-12-24,603338.SH,tucker,"(3, 2, 2)",cn_a,INDUSTRY_C35,-0.2662401347975723,-0.14806765658587484,-0.2662401347975723,0.7980979084968567,2,value_factor,0.33754613995552063,quality_factor,0.2806176245212555,momentum_factor,0.23896871507167816
2019-12-24,601608.SH,tucker,"(3, 2, 2)",cn_a,INDUSTRY_C35,-0.2909258408200475,-0.1617964456157287,-0.2909258408200475,0.7980979084968567,1,value_factor,0.36330559849739075,quality_factor,0.313547283411026,momentum_factor,0.1895235776901245
2019-12-24,300450.SZ,tucker,"(3, 2, 2)",cn_a,INDUSTRY_C35,-0.3150475773862171,-0.17521158683344978,-0.3150475773862171,0.7980979084968567,1,value_factor,0.35048338770866394,quality_factor,0.2971560060977936,momentum_factor,0.21413569152355194
2019-12-24,300751.SZ,tucker,"(3, 2, 2)",cn_a,INDUSTRY_C35,-0.3213979752459414,-0.17874331780328367,-0.3213979752459414,0.7980979084968567,2,value_factor,0.3471375107765198,quality_factor,0.29287877678871155,momentum_factor,0.22055809199810028
2019-12-24,300529.SZ,tucker,"(3, 2, 2)",cn_a,INDUSTRY_C35,-0.35764833824706865,-0.19890371286935904,-0.35764833824706865,0.7980979084968567,2,value_factor,0.3377240002155304,quality_factor,0.2808450162410736,momentum_factor,0.23862726986408234
2019-12-24,688012.SH,tucker,"(3, 2, 2)",cn_a,INDUSTRY_C35,-0.5206126362146324,-0.2895352088516073,-0.5206126362146324,0.7980979084968567,2,value_factor,0.44040238857269287,quality_factor,0.41210415959358215,volatility_factor,0.10595666617155075
2019-12-24,300757.SZ,tucker,"(3, 2, 2)",cn_a,INDUSTRY_C35,-0.6440236716004818,-0.3581694244266282,-0.6440236716004818,0.7980979084968567,2,value_factor,0.45620542764663696,quality_factor,0.43667519092559814,volatility_factor,0.09264104068279266
2019-12-24,300604.SZ,tucker,"(3, 2, 2)",cn_a,INDUSTRY_C35,-0.8112364191202689,-0.4511636669940196,-0.8112364191202689,0.7980979084968567,0,value_factor,0.39670857787132263,quality_factor,0.35624808073043823,momentum_factor,0.12540677189826965
2019-12-25,601717.SH,tucker,"(3, 2, 2)",cn_a,INDUSTRY_C35,1.1606203734881788,1.133761578390444,1.1606203734881788,0.02368995174765587,0,value_factor,0.4508138597011566,quality_factor,0.4338189661502838,volatility_factor,0.08751396834850311
2019-12-25,600582.SH,tucker,"(3, 2, 2)",cn_a,INDUSTRY_C35,0.9094247491520068,0.8883790622484833,0.9094247491520068,0.02368995174765587,0,value_factor,0.4602043628692627,quality_factor,0.4374180734157562,volatility_factor,0.09885053336620331
2019-12-25,600499.SH,tucker,"(3, 2, 2)",cn_a,INDUSTRY_C35,0.8497167111629534,0.8300527731884239,0.8497167111629534,0.02368995174765587,0,value_factor,0.42429643869400024,quality_factor,0.41977134346961975,momentum_factor,0.09363491833209991
2019-12-25,600031.SH,tucker,"(3, 2, 2)",cn_a,INDUSTRY_C35,0.5748290858514873,0.5615265306096715,0.5748290858514873,0.02368995174765587,2,momentum_factor,0.4030303955078125,quality_factor,0.29207533597946167,value_factor,0.2348291128873825
2019-12-25,600528.SH,tucker,"(3, 2, 2)",cn_a,INDUSTRY_C35,0.5155687550463618,0.5036375880025106,0.5155687550463618,0.02368995174765587,0,value_factor,0.44736477732658386,quality_factor,0.431991845369339,volatility_factor,0.0842340737581253
2019-12-25,002430.SZ,tucker,"(3, 2, 2)",cn_a,INDUSTRY_C35,0.4826158781789652,0.4714472986166711,0.4826158781789652,0.02368995174765587,2,quality_factor,0.3624184727668762,value_factor,0.32859548926353455,momentum_factor,0.29192155599594116
2019-12-25,002353.SZ,tucker,"(3, 2, 2)",cn_a,INDUSTRY_C35,0.18818912262076645,0.1838340956028428,0.18818912262076645,0.02368995174765587,2,momentum_factor,0.5428415536880493,volatility_factor,0.1996781975030899,value_factor,0.1792372167110443
2019-12-25,002008.SZ,tucker,"(3, 2, 2)",cn_a,INDUSTRY_C35,0.11352323576745697,0.11089610858792447,0.11352323576745697,0.02368995174765587,1,momentum_factor,0.43325650691986084,value_factor,0.23632784187793732,volatility_factor,0.1791907101869583
2019-12-25,002432.SZ,tucker,"(3, 2, 2)",cn_a,INDUSTRY_C35,0.10694145748326614,0.10446664421993906,0.10694145748326614,0.02368995174765587,1,momentum_factor,0.5813169479370117,quality_factor,0.1792021244764328,volatility_factor,0.15511037409305573
2019-12-25,002595.SZ,tucker,"(3, 2, 2)",cn_a,INDUSTRY_C35,0.09079507835764786,0.08869392068266958,0.09079507835764786,0.02368995174765587,1,momentum_factor,0.5425561666488647,quality_factor,0.20374158024787903,volatility_factor,0.1366209089756012
2019-12-25,300724.SZ,tucker,"(3, 2, 2)",cn_a,INDUSTRY_C35,-0.05826125136984698,-0.056912983625780636,-0.05826125136984698,0.02368995174765587,1,value_factor,0.31929343938827515,momentum_factor,0.2740045487880707,quality_factor,0.2572842836380005
2019-12-25,300003.SZ,tucker,"(3, 2, 2)",cn_a,INDUSTRY_C35,-0.058736004046330954,-0.0573767496910082,-0.058736004046330954,0.02368995174765587,1,value_factor,0.30924317240715027,momentum_factor,0.2932959198951721,quality_factor,0.24443650245666504
2019-12-25,688037.SH,tucker,"(3, 2, 2)",cn_a,INDUSTRY_C35,-0.06266031298700529,-0.06121024322627913,-0.06266031298700529,0.02368995174765587,1,value_factor,0.33153587579727173,quality_factor,0.2729344069957733,momentum_factor,0.25050535798072815
2019-12-25,002837.SZ,tucker,"(3, 2, 2)",cn_a,INDUSTRY_C35,-0.06311562128625603,-0.06165501489133386,-0.06311562128625603,0.02368995174765587,1,value_factor,0.32444337010383606,momentum_factor,0.26411929726600647,quality_factor,0.26386770606040955
2019-12-25,002223.SZ,tucker,"(3, 2, 2)",cn_a,INDUSTRY_C35,-0.11617496631425307,-0.1134864734297599,-0.11617496631425307,0.02368995174765587,2,value_factor,0.3971300721168518,quality_factor,0.35678690671920776,momentum_factor,0.1245976909995079
2019-12-25,601106.SH,tucker,"(3, 2, 2)",cn_a,INDUSTRY_C35,-0.13841033128292815,-0.13520727297699395,-0.13841033128292815,0.02368995174765587,2,value_factor,0.38403284549713135,quality_factor,0.3400440514087677,momentum_factor,0.14973771572113037
2019-12-25,603338.SH,tucker,"(3, 2, 2)",cn_a,INDUSTRY_C35,-0.1490265008265615,-0.1455777657007053,-0.1490265008265615,0.02368995174765587,2,value_factor,0.3370662331581116,quality_factor,0.2800041735172272,momentum_factor,0.23988978564739227
2019-12-25,601608.SH,tucker,"(3, 2, 2)",cn_a,INDUSTRY_C35,-0.1623724830044624,-0.15861489839699924,-0.1623724830044624,0.02368995174765587,1,value_factor,0.36218541860580444,quality_factor,0.31211531162261963,momentum_factor,0.19167374074459076
2019-12-25,300450.SZ,tucker,"(3, 2, 2)",cn_a,INDUSTRY_C35,-0.17626507771247704,-0.17218599404885226,-0.17626507771247704,0.02368995174765587,1,value_factor,0.34981003403663635,quality_factor,0.29629525542259216,momentum_factor,0.21542811393737793
2019-12-25,300751.SZ,tucker,"(3, 2, 2)",cn_a,INDUSTRY_C35,-0.1803114916709542,-0.17613876687722868,-0.1803114916709542,0.02368995174765587,2,value_factor,0.3467347323894501,quality_factor,0.2923639118671417,momentum_factor,0.22133122384548187
2019-12-25,300529.SZ,tucker,"(3, 2, 2)",cn_a,INDUSTRY_C35,-0.20027906021816064,-0.19564425079757514,-0.20027906021816064,0.02368995174765587,2,value_factor,0.33727145195007324,quality_factor,0.28026649355888367,momentum_factor,0.2394959032535553
2019-12-25,688012.SH,tucker,"(3, 2, 2)",cn_a,INDUSTRY_C35,-0.2923379620552181,-0.28557274786331815,-0.2923379620552181,0.02368995174765587,2,value_factor,0.43927299976348877,quality_factor,0.41066041588783264,volatility_factor,0.10636194795370102
2019-12-25,300757.SZ,tucker,"(3, 2, 2)",cn_a,INDUSTRY_C35,-0.3622927290863571,-0.35390863864799577,-0.3622927290863571,0.02368995174765587,2,value_factor,0.45676663517951965,quality_factor,0.4369724690914154,volatility_factor,0.09317468851804733
2019-12-25,300604.SZ,tucker,"(3, 2, 2)",cn_a,INDUSTRY_C35,-0.4555530072624389,-0.445010710092999,-0.4555530072624389,0.02368995174765587,0,value_factor,0.39600884914398193,quality_factor,0.35535359382629395,momentum_factor,0.12674987316131592
2019-12-26,601717.SH,tucker,"(3, 2, 2)",cn_a,INDUSTRY_C35,1.3255072476679541,1.1466019250182657,1.3255072476679541,0.15603093802928925,0,value_factor,0.449210524559021,quality_factor,0.4329695999622345,volatility_factor,0.08598928898572922
2019-12-26,600582.SH,tucker,"(3, 2, 2)",cn_a,INDUSTRY_C35,1.043547558299471,0.9026986772795238,1.043547558299471,0.15603093802928925,0,value_factor,0.46060511469841003,quality_factor,0.43900594115257263,volatility_factor,0.09682486206293106
2019-12-26,600499.SH,tucker,"(3, 2, 2)",cn_a,INDUSTRY_C35,0.981258673817137,0.848816999166983,0.981258673817137,0.15603093802928925,0,value_factor,0.41935867071151733,quality_factor,0.41715553402900696,momentum_factor,0.10588392615318298
2019-12-26,600031.SH,tucker,"(3, 2, 2)",cn_a,INDUSTRY_C35,0.6681862218729114,0.5780003161944874,0.6681862218729114,0.15603093802928925,2,momentum_factor,0.41448572278022766,quality_factor,0.2848230302333832,value_factor,0.2251618206501007
2019-12-26,600528.SH,tucker,"(3, 2, 2)",cn_a,INDUSTRY_C35,0.5945589197674522,0.5143105804525303,0.5945589197674522,0.15603093802928925,0,value_factor,0.4429892301559448,quality_factor,0.42967385053634644,volatility_factor,0.08007318526506424
2019-12-26,002430.SZ,tucker,"(3, 2, 2)",cn_a,INDUSTRY_C35,0.5591806728857214,0.4837073785087219,0.5591806728857214,0.15603093802928925,2,quality_factor,0.3548579514026642,value_factor,0.3185174763202667,momentum_factor,0.3038635551929474
2019-12-26,002353.SZ,tucker,"(3, 2, 2)",cn_a,INDUSTRY_C35,0.22702188605603157,0.19638046644489604,0.22702188605603157,0.15603093802928925,2,momentum_factor,0.5465992093086243,volatility_factor,0.20038071274757385,value_factor,0.17727957665920258
2019-12-26,002008.SZ,tucker,"(3, 2, 2)",cn_a,INDUSTRY_C35,0.14979622804905468,0.12957804926657562,0.14979622804905468,0.15603093802928925,1,momentum_factor,0.4433170258998871,value_factor,0.23108655214309692,volatility_factor,0.18107156455516815
2019-12-26,002432.SZ,tucker,"(3, 2, 2)",cn_a,INDUSTRY_C35,0.1392090524924545,0.12041983764980667,0.1392090524924545,0.15603093802928925,1,momentum_factor,0.6181133389472961,volatility_factor,0.17266279458999634,quality_factor,0.1559062898159027
2019-12-26,002595.SZ,tucker,"(3, 2, 2)",cn_a,INDUSTRY_C35,0.11316011790558331,0.0978867593927624,0.11316011790558331,0.15603093802928925,1,momentum_factor,0.57194584608078,quality_factor,0.18513496220111847,volatility_factor,0.15064023435115814
2019-12-26,300003.SZ,tucker,"(3, 2, 2)",cn_a,INDUSTRY_C35,-0.049688364249665704,-0.042981865395237295,-0.049688364249665704,0.15603093802928925,1,momentum_factor,0.3060554265975952,value_factor,0.30259591341018677,quality_factor,0.2359389066696167
2019-12-26,300724.SZ,tucker,"(3, 2, 2)",cn_a,INDUSTRY_C35,-0.05474748744072079,-0.047358152586404315,-0.05474748744072079,0.15603093802928925,1,value_factor,0.31251955032348633,momentum_factor,0.28700706362724304,quality_factor,0.24862483143806458
2019-12-26,688037.SH,tucker,"(3, 2, 2)",cn_a,INDUSTRY_C35,-0.057723378401582634,-0.04993238393094948,-0.057723378401582634,0.15603093802928925,1,value_factor,0.32100459933280945,momentum_factor,0.2707200050354004,quality_factor,0.25947174429893494
2019-12-26,002837.SZ,tucker,"(3, 2, 2)",cn_a,INDUSTRY_C35,-0.061252425176530595,-0.052985110977711344,-0.061252425176530595,0.15603093802928925,1,value_factor,0.31767737865448,momentum_factor,0.2771066129207611,quality_factor,0.25521835684776306
2019-12-26,002223.SZ,tucker,"(3, 2, 2)",cn_a,INDUSTRY_C35,-0.1229548787587804,-0.10635950948079713,-0.1229548787587804,0.15603093802928925,2,value_factor,0.38499635457992554,quality_factor,0.34127572178840637,momentum_factor,0.14788824319839478
2019-12-26,601106.SH,tucker,"(3, 2, 2)",cn_a,INDUSTRY_C35,-0.13824699882750732,-0.11958763353614374,-0.13824699882750732,0.15603093802928925,2,value_factor,0.36643531918525696,quality_factor,0.3175482153892517,momentum_factor,0.1835160106420517
2019-12-26,603338.SH,tucker,"(3, 2, 2)",cn_a,INDUSTRY_C35,-0.15675322133068106,-0.13559604871779418,-0.15675322133068106,0.15603093802928925,2,value_factor,0.33215007185935974,quality_factor,0.27371954917907715,momentum_factor,0.24932636320590973
2019-12-26,601608.SH,tucker,"(3, 2, 2)",cn_a,INDUSTRY_C35,-0.1651176906507677,-0.14283155545760348,-0.1651176906507677,0.15603093802928925,1,value_factor,0.3510039150714874,quality_factor,0.29782140254974365,momentum_factor,0.21313656866550446
2019-12-26,300450.SZ,tucker,"(3, 2, 2)",cn_a,INDUSTRY_C35,-0.18442827881355733,-0.15953577008913003,-0.18442827881355733,0.15603093802928925,1,value_factor,0.34296494722366333,quality_factor,0.28754478693008423,momentum_factor,0.22856731712818146
2019-12-26,300751.SZ,tucker,"(3, 2, 2)",cn_a,INDUSTRY_C35,-0.19459974042897485,-0.16833437718011793,-0.19459974042897485,0.15603093802928925,2,value_factor,0.3425878584384918,quality_factor,0.28706273436546326,momentum_factor,0.22929108142852783
2019-12-26,300529.SZ,tucker,"(3, 2, 2)",cn_a,INDUSTRY_C35,-0.2117131561713092,-0.18313797442058655,-0.2117131561713092,0.15603093802928925,2,value_factor,0.33262866735458374,quality_factor,0.2743314206600189,momentum_factor,0.24840761721134186
2019-12-26,688012.SH,tucker,"(3, 2, 2)",cn_a,INDUSTRY_C35,-0.3186542180184633,-0.27564507130230864,-0.3186542180184633,0.15603093802928925,2,value_factor,0.42785802483558655,quality_factor,0.3960680365562439,volatility_factor,0.11045832931995392
2019-12-26,300757.SZ,tucker,"(3, 2, 2)",cn_a,INDUSTRY_C35,-0.40277319284705615,-0.34841040596096085,-0.40277319284705615,0.15603093802928925,2,value_factor,0.4611738324165344,quality_factor,0.43865740299224854,volatility_factor,0.09850263595581055
2019-12-26,300604.SZ,tucker,"(3, 2, 2)",cn_a,INDUSTRY_C35,-0.49682557379383285,-0.42976842285287603,-0.49682557379383285,0.15603093802928925,0,value_factor,0.38886067271232605,quality_factor,0.34621569514274597,momentum_factor,0.14047077298164368
2019-12-27,601717.SH,tucker,"(3, 2, 2)",cn_a,INDUSTRY_C35,1.242705263791045,1.1665146293697348,1.242705263791045,0.06531475484371185,0,value_factor,0.4500505328178406,quality_factor,0.4334145784378052,volatility_factor,0.08678808808326721
2019-12-27,600582.SH,tucker,"(3, 2, 2)",cn_a,INDUSTRY_C35,0.9759453187302664,0.9161098169736168,0.9759453187302664,0.06531475484371185,0,value_factor,0.4619578719139099,quality_factor,0.43965965509414673,volatility_factor,0.09822127223014832
2019-12-27,600499.SH,tucker,"(3, 2, 2)",cn_a,INDUSTRY_C35,0.9146537298068524,0.8585760338476283,0.9146537298068524,0.06531475484371185,0,value_factor,0.42194056510925293,quality_factor,0.41852328181266785,momentum_factor,0.09947903454303741
2019-12-27,600031.SH,tucker,"(3, 2, 2)",cn_a,INDUSTRY_C35,0.6207127933005694,0.5826567047870939,0.6207127933005694,0.06531475484371185,2,momentum_factor,0.4085451364517212,quality_factor,0.28858402371406555,value_factor,0.2301751971244812
2019-12-27,600528.SH,tucker,"(3, 2, 2)",cn_a,INDUSTRY_C35,0.554601297905505,0.5205985251085214,0.554601297905505,0.06531475484371185,0,value_factor,0.4452779293060303,quality_factor,0.43088626861572266,volatility_factor,0.08224956691265106
2019-12-27,002430.SZ,tucker,"(3, 2, 2)",cn_a,INDUSTRY_C35,0.5203268049818386,0.4884254116803891,0.5203268049818386,0.06531475484371185,2,quality_factor,0.35878488421440125,value_factor,0.3237520158290863,momentum_factor,0.2976609170436859
2019-12-27,002353.SZ,tucker,"(3, 2, 2)",cn_a,INDUSTRY_C35,0.2069087192996236,0.1942230833326146,0.2069087192996236,0.06531475484371185,2,momentum_factor,0.5446682572364807,volatility_factor,0.2000197321176529,value_factor,0.17828556895256042
2019-12-27,002008.SZ,tucker,"(3, 2, 2)",cn_a,INDUSTRY_C35,0.13056113995590948,0.12255639709864995,0.13056113995590948,0.06531475484371185,1,momentum_factor,0.43816474080085754,value_factor,0.23377081751823425,volatility_factor,0.18010833859443665
2019-12-27,002432.SZ,tucker,"(3, 2, 2)",cn_a,INDUSTRY_C35,0.1221407897865107,0.114652301137026,0.1221407897865107,0.06531475484371185,1,momentum_factor,0.6000720262527466,quality_factor,0.16732820868492126,volatility_factor,0.16405683755874634
2019-12-27,002595.SZ,tucker,"(3, 2, 2)",cn_a,INDUSTRY_C35,0.10144980843618072,0.09522989009199265,0.10144980843618072,0.06531475484371185,1,momentum_factor,0.5572165250778198,quality_factor,0.19446007907390594,volatility_factor,0.14361411333084106
2019-12-27,300003.SZ,tucker,"(3, 2, 2)",cn_a,INDUSTRY_C35,-0.05511222851225193,-0.05173328116482463,-0.05511222851225193,0.06531475484371185,1,value_factor,0.3060203492641449,momentum_factor,0.2994821071624756,quality_factor,0.24031661450862885
2019-12-27,300724.SZ,tucker,"(3, 2, 2)",cn_a,INDUSTRY_C35,-0.057108847766027114,-0.05360748709013377,-0.057108847766027114,0.06531475484371185,1,value_factor,0.3160114884376526,momentum_factor,0.2803042232990265,quality_factor,0.2530887722969055
2019-12-27,688037.SH,tucker,"(3, 2, 2)",cn_a,INDUSTRY_C35,-0.060903093051016474,-0.05716910605266634,-0.060903093051016474,0.06531475484371185,1,value_factor,0.3263913691043854,quality_factor,0.2663579285144806,momentum_factor,0.26038017868995667
2019-12-27,002837.SZ,tucker,"(3, 2, 2)",cn_a,INDUSTRY_C35,-0.06273627186723604,-0.05888989212292667,-0.06273627186723604,0.06531475484371185,1,value_factor,0.3211669325828552,momentum_factor,0.27040842175483704,quality_factor,0.25967925786972046
2019-12-27,002223.SZ,tucker,"(3, 2, 2)",cn_a,INDUSTRY_C35,-0.12004243883020854,-0.11268260071054578,-0.12004243883020854,0.06531475484371185,2,value_factor,0.39122363924980164,quality_factor,0.3492364287376404,momentum_factor,0.13593502342700958
2019-12-27,601106.SH,tucker,"(3, 2, 2)",cn_a,INDUSTRY_C35,-0.1393326400765808,-0.13079011390215578,-0.1393326400765808,0.06531475484371185,2,value_factor,0.3753613829612732,quality_factor,0.3289588391780853,momentum_factor,0.16638261079788208
2019-12-27,603338.SH,tucker,"(3, 2, 2)",cn_a,INDUSTRY_C35,-0.153553637892169,-0.1441392180537803,-0.153553637892169,0.06531475484371185,2,value_factor,0.33469876646995544,quality_factor,0.27697768807411194,momentum_factor,0.24443410336971283
2019-12-27,601608.SH,tucker,"(3, 2, 2)",cn_a,INDUSTRY_C35,-0.16476782959755573,-0.15466586428442664,-0.16476782959755573,0.06531475484371185,1,value_factor,0.3567346930503845,quality_factor,0.3051474094390869,momentum_factor,0.2021363228559494
2019-12-27,300450.SZ,tucker,"(3, 2, 2)",cn_a,INDUSTRY_C35,-0.18118329295780886,-0.1700748906365013,-0.18118329295780886,0.06531475484371185,1,value_factor,0.3465016782283783,quality_factor,0.29206597805023193,momentum_factor,0.22177858650684357
2019-12-27,300751.SZ,tucker,"(3, 2, 2)",cn_a,INDUSTRY_C35,-0.18799796792427384,-0.17647175582602365,-0.18799796792427384,0.06531475484371185,2,value_factor,0.34474244713783264,quality_factor,0.28981703519821167,momentum_factor,0.22515547275543213
2019-12-27,300529.SZ,tucker,"(3, 2, 2)",cn_a,INDUSTRY_C35,-0.20683273344430173,-0.19415175619299363,-0.20683273344430173,0.06531475484371185,2,value_factor,0.3350371718406677,quality_factor,0.2774102985858917,momentum_factor,0.2437845915555954
2019-12-27,688012.SH,tucker,"(3, 2, 2)",cn_a,INDUSTRY_C35,-0.30620906050528834,-0.28743529067809775,-0.30620906050528834,0.06531475484371185,2,value_factor,0.43374085426330566,quality_factor,0.4035883843898773,volatility_factor,0.10834720730781555
2019-12-27,300757.SZ,tucker,"(3, 2, 2)",cn_a,INDUSTRY_C35,-0.38300122199066006,-0.3595193015885653,-0.38300122199066006,0.06531475484371185,2,value_factor,0.45958518981933594,quality_factor,0.43846559524536133,volatility_factor,0.09585500508546829
2019-12-27,300604.SZ,tucker,"(3, 2, 2)",cn_a,INDUSTRY_C35,-0.47728639772772097,-0.44802382477248853,-0.47728639772772097,0.06531475484371185,0,value_factor,0.3925618827342987,quality_factor,0.35094714164733887,momentum_factor,0.13336627185344696
2019-12-30,601717.SH,tucker,"(3, 2, 2)",cn_a,INDUSTRY_C35,1.34121320384731,1.1486207929556942,1.34121320384731,0.1676727682352066,0,value_factor,0.4516754448413849,quality_factor,0.434275358915329,volatility_factor,0.08833324164152145
2019-12-30,600582.SH,tucker,"(3, 2, 2)",cn_a,INDUSTRY_C35,1.0482396781829766,0.8977169974977555,1.0482396781829766,0.1676727682352066,0,value_factor,0.4582502543926239,quality_factor,0.43491998314857483,volatility_factor,0.09955181181430817
2019-12-30,600499.SH,tucker,"(3, 2, 2)",cn_a,INDUSTRY_C35,0.9760139428277492,0.8358625651244713,0.9760139428277492,0.1676727682352066,0,value_factor,0.42696651816368103,quality_factor,0.42118582129478455,momentum_factor,0.08701121062040329
2019-12-30,600031.SH,tucker,"(3, 2, 2)",cn_a,INDUSTRY_C35,0.6578791725705563,0.5634105708916474,0.6578791725705563,0.1676727682352066,2,momentum_factor,0.3966684341430664,quality_factor,0.2961031198501587,value_factor,0.2401980757713318
2019-12-30,600528.SH,tucker,"(3, 2, 2)",cn_a,INDUSTRY_C35,0.5926503112184462,0.507548291699243,0.5926503112184462,0.1676727682352066,0,value_factor,0.44972842931747437,quality_factor,0.43324393033981323,volatility_factor,0.08648176491260529
2019-12-30,002430.SZ,tucker,"(3, 2, 2)",cn_a,INDUSTRY_C35,0.5533362679586132,0.47387957488832144,0.5533362679586132,0.1676727682352066,2,quality_factor,0.3665962517261505,value_factor,0.33416444063186646,momentum_factor,0.2853226065635681
2019-12-30,002353.SZ,tucker,"(3, 2, 2)",cn_a,INDUSTRY_C35,0.21085661309520012,0.1805785161066259,0.21085661309520012,0.1676727682352066,2,momentum_factor,0.5406920909881592,volatility_factor,0.19927635788917542,value_factor,0.18035700917243958
2019-12-30,002008.SZ,tucker,"(3, 2, 2)",cn_a,INDUSTRY_C35,0.12017208048752676,0.10291588987102808,0.12017208048752676,0.1676727682352066,1,momentum_factor,0.42743822932243347,value_factor,0.23935899138450623,volatility_factor,0.17810295522212982
2019-12-30,002432.SZ,tucker,"(3, 2, 2)",cn_a,INDUSTRY_C35,0.11424505509243524,0.09783995966869345,0.11424505509243524,0.1676727682352066,1,momentum_factor,0.5567998290061951,quality_factor,0.19472388923168182,volatility_factor,0.14341537654399872
2019-12-30,002595.SZ,tucker,"(3, 2, 2)",cn_a,INDUSTRY_C35,0.09974676372946566,0.08542356019240804,0.09974676372946566,0.1676727682352066,1,momentum_factor,0.5243245959281921,quality_factor,0.21528394520282745,value_factor,0.13246718049049377
2019-12-30,300724.SZ,tucker,"(3, 2, 2)",cn_a,INDUSTRY_C35,-0.07377400646889577,-0.0631803784564207,-0.07377400646889577,0.1676727682352066,1,value_factor,0.3231288492679596,momentum_factor,0.26664257049560547,quality_factor,0.26218727231025696
2019-12-30,300003.SZ,tucker,"(3, 2, 2)",cn_a,INDUSTRY_C35,-0.07738546789481092,-0.06627324965308379,-0.07738546789481092,0.1676727682352066,1,value_factor,0.3130147457122803,momentum_factor,0.2860564887523651,quality_factor,0.2492578774690628
2019-12-30,002837.SZ,tucker,"(3, 2, 2)",cn_a,INDUSTRY_C35,-0.07885828197302927,-0.06753457400445967,-0.07885828197302927,0.1676727682352066,1,value_factor,0.3282683491706848,quality_factor,0.26875734329223633,momentum_factor,0.2567773163318634
2019-12-30,688037.SH,tucker,"(3, 2, 2)",cn_a,INDUSTRY_C35,-0.0799774963061891,-0.06849307400367961,-0.0799774963061891,0.1676727682352066,1,value_factor,0.33765071630477905,quality_factor,0.2807513475418091,momentum_factor,0.23876789212226868
2019-12-30,002223.SZ,tucker,"(3, 2, 2)",cn_a,INDUSTRY_C35,-0.13956941043408075,-0.11952784719483217,-0.13956941043408075,0.1676727682352066,2,value_factor,0.40409931540489197,quality_factor,0.3656960725784302,volatility_factor,0.11898434162139893
2019-12-30,601106.SH,tucker,"(3, 2, 2)",cn_a,INDUSTRY_C35,-0.1707885345906213,-0.14626404024840894,-0.1707885345906213,0.1676727682352066,2,value_factor,0.39453190565109253,quality_factor,0.3534654974937439,momentum_factor,0.1295848786830902
2019-12-30,603338.SH,tucker,"(3, 2, 2)",cn_a,INDUSTRY_C35,-0.17956695638089132,-0.15378191866528992,-0.17956695638089132,0.1676727682352066,2,value_factor,0.3397991955280304,quality_factor,0.2834978401660919,momentum_factor,0.23464390635490417
2019-12-30,601608.SH,tucker,"(3, 2, 2)",cn_a,INDUSTRY_C35,-0.19875026160018885,-0.17021058428630714,-0.19875026160018885,0.1676727682352066,1,value_factor,0.36863601207733154,quality_factor,0.3203614354133606,momentum_factor,0.17929190397262573
2019-12-30,300450.SZ,tucker,"(3, 2, 2)",cn_a,INDUSTRY_C35,-0.21292118257852224,-0.18234662234823099,-0.21292118257852224,0.1676727682352066,1,value_factor,0.3536573052406311,quality_factor,0.3012133836746216,momentum_factor,0.2080433964729309
2019-12-30,300751.SZ,tucker,"(3, 2, 2)",cn_a,INDUSTRY_C35,-0.2145623465623544,-0.1837521222874444,-0.2145623465623544,0.1676727682352066,2,value_factor,0.34902384877204895,quality_factor,0.2952902317047119,momentum_factor,0.21693718433380127
2019-12-30,300529.SZ,tucker,"(3, 2, 2)",cn_a,INDUSTRY_C35,-0.24074869389793788,-0.2061782234881565,-0.24074869389793788,0.1676727682352066,2,value_factor,0.33984723687171936,quality_factor,0.28355926275253296,momentum_factor,0.23455169796943665
2019-12-30,688012.SH,tucker,"(3, 2, 2)",cn_a,INDUSTRY_C35,-0.3461457942509003,-0.29644075642131185,-0.3461457942509003,0.1676727682352066,2,value_factor,0.44574180245399475,quality_factor,0.4189298450946808,volatility_factor,0.10404054820537567
2019-12-30,300757.SZ,tucker,"(3, 2, 2)",cn_a,INDUSTRY_C35,-0.42467480317085593,-0.36369333955792477,-0.42467480317085593,0.1676727682352066,2,value_factor,0.4536148011684418,quality_factor,0.4353027641773224,volatility_factor,0.0901774913072586
2019-12-30,300604.SZ,tucker,"(3, 2, 2)",cn_a,INDUSTRY_C35,-0.5392580696277393,-0.4618229449030138,-0.5392580696277393,0.1676727682352066,0,value_factor,0.3999987244606018,quality_factor,0.3604540228843689,volatility_factor,0.12045589834451675
2019-12-31,601717.SH,tucker,"(3, 2, 2)",cn_a,INDUSTRY_C35,1.722395281432747,1.1671073866501025,1.722395281432747,0.47578132152557373,0,value_factor,0.4464958608150482,quality_factor,0.43153151869773865,volatility_factor,0.08340781182050705
2019-12-31,600582.SH,tucker,"(3, 2, 2)",cn_a,INDUSTRY_C35,1.3667340129787418,0.9261087622154579,1.3667340129787418,0.47578132152557373,0,value_factor,0.45576930046081543,quality_factor,0.43644410371780396,volatility_factor,0.0922263041138649
2019-12-31,600499.SH,tucker,"(3, 2, 2)",cn_a,INDUSTRY_C35,1.2986507766398858,0.8799750733377076,1.2986507766398858,0.47578132152557373,0,quality_factor,0.41277530789375305,value_factor,0.411090224981308,momentum_factor,0.12639546394348145
2019-12-31,600031.SH,tucker,"(3, 2, 2)",cn_a,INDUSTRY_C35,0.8937276566074462,0.6055962652268593,0.8937276566074462,0.47578132152557373,2,momentum_factor,0.43281611800193787,quality_factor,0.2732180655002594,value_factor,0.2096925526857376
2019-12-31,600528.SH,tucker,"(3, 2, 2)",cn_a,INDUSTRY_C35,0.785097488078671,0.5319876845080845,0.785097488078671,0.47578132152557373,0,value_factor,0.435649037361145,quality_factor,0.4257853627204895,volatility_factor,0.07309304177761078
2019-12-31,002430.SZ,tucker,"(3, 2, 2)",cn_a,INDUSTRY_C35,0.744041028797292,0.5041675334582411,0.744041028797292,0.47578132152557373,2,quality_factor,0.342657208442688,momentum_factor,0.32313498854637146,value_factor,0.3022540211677551
2019-12-31,002353.SZ,tucker,"(3, 2, 2)",cn_a,INDUSTRY_C35,0.32135004931364985,0.21774909644571025,0.32135004931364985,0.47578132152557373,2,momentum_factor,0.5523281693458557,volatility_factor,0.20145176351070404,value_factor,0.17429494857788086
2019-12-31,002008.SZ,tucker,"(3, 2, 2)",cn_a,INDUSTRY_C35,0.2385327073751564,0.16163147201820907,0.2385327073751564,0.47578132152557373,1,momentum_factor,0.45838940143585205,value_factor,0.22323428094387054,volatility_factor,0.18388943374156952
2019-12-31,002432.SZ,tucker,"(3, 2, 2)",cn_a,INDUSTRY_C35,0.21808703888506334,0.14777734052062544,0.21808703888506334,0.47578132152557373,1,momentum_factor,0.6630036234855652,volatility_factor,0.19407613575458527,quality_factor,0.1274862438440323
2019-12-31,002595.SZ,tucker,"(3, 2, 2)",cn_a,INDUSTRY_C35,0.16766365820493137,0.11361009640073964,0.16766365820493137,0.47578132152557373,1,momentum_factor,0.6115416288375854,volatility_factor,0.16952797770500183,quality_factor,0.16006682813167572
2019-12-31,300003.SZ,tucker,"(3, 2, 2)",cn_a,INDUSTRY_C35,-0.0266790827877258,-0.018077937698890628,-0.0266790827877258,0.47578132152557373,1,momentum_factor,0.32576581835746765,value_factor,0.29232731461524963,quality_factor,0.22281205654144287
2019-12-31,688037.SH,tucker,"(3, 2, 2)",cn_a,INDUSTRY_C35,-0.04486025398877534,-0.03039762960436545,-0.04486025398877534,0.47578132152557373,1,value_factor,0.305326372385025,momentum_factor,0.30081430077552795,quality_factor,0.23942942917346954
2019-12-31,300724.SZ,tucker,"(3, 2, 2)",cn_a,INDUSTRY_C35,-0.0454549837085129,-0.030800622724730164,-0.0454549837085129,0.47578132152557373,1,momentum_factor,0.3071609437465668,value_factor,0.3020198941230774,quality_factor,0.2352026253938675
2019-12-31,002837.SZ,tucker,"(3, 2, 2)",cn_a,INDUSTRY_C35,-0.056000922102025875,-0.03794662616012479,-0.056000922102025875,0.47578132152557373,1,value_factor,0.30716344714164734,momentum_factor,0.29728806018829346,quality_factor,0.24177786707878113
2019-12-31,601106.SH,tucker,"(3, 2, 2)",cn_a,INDUSTRY_C35,-0.13645015050467513,-0.09245959988409475,-0.13645015050467513,0.47578132152557373,2,value_factor,0.3413148522377014,quality_factor,0.28543537855148315,momentum_factor,0.23173464834690094
2019-12-31,002223.SZ,tucker,"(3, 2, 2)",cn_a,INDUSTRY_C35,-0.13858585414864796,-0.09390676797927369,-0.13858585414864796,0.47578132152557373,2,value_factor,0.36661869287490845,quality_factor,0.3177826404571533,momentum_factor,0.18316403031349182
2019-12-31,601608.SH,tucker,"(3, 2, 2)",cn_a,INDUSTRY_C35,-0.17028669715812744,-0.11538748639405147,-0.17028669715812744,0.47578132152557373,1,value_factor,0.3341863751411438,quality_factor,0.27632269263267517,momentum_factor,0.24541769921779633
2019-12-31,603338.SH,tucker,"(3, 2, 2)",cn_a,INDUSTRY_C35,-0.1743998035252451,-0.11817455674595548,-0.1743998035252451,0.47578132152557373,2,value_factor,0.3242960572242737,momentum_factor,0.2644020617008209,quality_factor,0.2636793851852417
2019-12-31,300450.SZ,tucker,"(3, 2, 2)",cn_a,INDUSTRY_C35,-0.20288241862720438,-0.13747458086640965,-0.20288241862720438,0.47578132152557373,1,value_factor,0.33222630620002747,quality_factor,0.2738170027732849,momentum_factor,0.24918010830879211
2019-12-31,300751.SZ,tucker,"(3, 2, 2)",cn_a,INDUSTRY_C35,-0.22819000693203015,-0.1546231840745491,-0.22819000693203015,0.47578132152557373,2,value_factor,0.3358844220638275,quality_factor,0.27849340438842773,momentum_factor,0.24215823411941528
2019-12-31,300529.SZ,tucker,"(3, 2, 2)",cn_a,INDUSTRY_C35,-0.2380304829041112,-0.16129116111731895,-0.2380304829041112,0.47578132152557373,2,value_factor,0.3251866102218628,quality_factor,0.26481783390045166,momentum_factor,0.2626926898956299
2019-12-31,688012.SH,tucker,"(3, 2, 2)",cn_a,INDUSTRY_C35,-0.38092107139297804,-0.25811484793641704,-0.38092107139297804,0.47578132152557373,2,value_factor,0.41019004583358765,quality_factor,0.3734821081161499,volatility_factor,0.11679865419864655
2019-12-31,300757.SZ,tucker,"(3, 2, 2)",cn_a,INDUSTRY_C35,-0.4994329339966148,-0.3384193353798049,-0.4994329339966148,0.47578132152557373,2,value_factor,0.4485591650009155,quality_factor,0.4225314259529114,volatility_factor,0.1030295267701149
2019-12-31,300604.SZ,tucker,"(3, 2, 2)",cn_a,INDUSTRY_C35,-0.594509994091571,-0.40284423269228153,-0.594509994091571,0.47578132152557373,0,value_factor,0.3775174617767334,quality_factor,0.33171507716178894,momentum_factor,0.16224396228790283
