trade_date,stock_code,market_id,universe_id,model_count,models,total_score,stock_score,selection_signal,time_regime_score,cluster_label,top_factor_1,top_factor_1_score,top_factor_2,top_factor_2_score,top_factor_3,top_factor_3_score
2018-10-24,600808.SH,cn_a,ALL_A_ACTIVE,3,"cp,pca,tucker",0.919669188955406,0.919669188955406,0.919669188955406,0.0,0,quality_factor,0.40112030506134033,value_factor,0.32466158270835876,momentum_factor,0.2526702582836151
2018-10-24,600153.SH,cn_a,ALL_A_ACTIVE,3,"cp,pca,tucker",0.8854135231808739,0.8854135231808739,0.8854135231808739,0.0,0,quality_factor,0.44566845893859863,value_factor,0.4044044017791748,volatility_factor,0.08996493369340897
2018-10-24,600166.SH,cn_a,ALL_A_ACTIVE,3,"cp,pca,tucker",0.8852198536365105,0.8852198536365105,0.8852198536365105,0.0,0,quality_factor,0.37598365545272827,value_factor,0.3400098383426666,volatility_factor,0.15505991876125336
2018-10-24,601997.SH,cn_a,ALL_A_ACTIVE,3,"cp,pca,tucker",0.8440233764718915,0.8440233764718915,0.8440233764718915,0.0,0,quality_factor,0.4758063554763794,value_factor,0.43805453181266785,momentum_factor,0.04516906291246414
2018-10-24,601288.SH,cn_a,ALL_A_ACTIVE,3,"cp,pca,tucker",0.8440114753589475,0.8440114753589475,0.8440114753589475,0.0,0,quality_factor,0.406167209148407,value_factor,0.3686749041080475,momentum_factor,0.13289499282836914
2018-10-24,002244.SZ,cn_a,ALL_A_ACTIVE,3,"cp,pca,tucker",0.8304954421310754,0.8304954421310754,0.8304954421310754,0.0,0,quality_factor,0.34205514192581177,volatility_factor,0.30504223704338074,value_factor,0.2743377089500427
2018-10-24,002261.SZ,cn_a,ALL_A_ACTIVE,3,"cp,pca,tucker",0.8209733065971815,0.8209733065971815,0.8209733065971815,0.0,0,quality_factor,0.38719865679740906,value_factor,0.36225426197052,momentum_factor,0.1468498855829239
2018-10-24,600016.SH,cn_a,ALL_A_ACTIVE,3,"cp,pca,tucker",0.8141345785269052,0.8141345785269052,0.8141345785269052,0.0,0,quality_factor,0.395596981048584,value_factor,0.37147870659828186,volatility_factor,0.13313540816307068
2018-10-24,600177.SH,cn_a,ALL_A_ACTIVE,3,"cp,pca,tucker",0.8136515351682981,0.8136515351682981,0.8136515351682981,0.0,2,quality_factor,0.4696179926395416,value_factor,0.39960187673568726,volatility_factor,0.088984914124012
2018-10-24,601166.SH,cn_a,ALL_A_ACTIVE,3,"cp,pca,tucker",0.8091563991068914,0.8091563991068914,0.8091563991068914,0.0,0,quality_factor,0.38270390033721924,value_factor,0.35818764567375183,volatility_factor,0.14152489602565765
2018-10-24,600606.SH,cn_a,ALL_A_ACTIVE,3,"cp,pca,tucker",0.8074459440954267,0.8074459440954267,0.8074459440954267,0.0,0,quality_factor,0.39499616622924805,value_factor,0.3465100824832916,volatility_factor,0.17546199262142181
2018-10-24,600704.SH,cn_a,ALL_A_ACTIVE,3,"cp,pca,tucker",0.8048455864951604,0.8048455864951604,0.8048455864951604,0.0,0,quality_factor,0.33961057662963867,value_factor,0.2957472503185272,volatility_factor,0.22575563192367554
2018-10-24,601668.SH,cn_a,ALL_A_ACTIVE,3,"cp,pca,tucker",0.8014610266626073,0.8014610266626073,0.8014610266626073,0.0,0,quality_factor,0.4901149570941925,value_factor,0.459995299577713,volatility_factor,0.04946770519018173
2018-10-24,601398.SH,cn_a,ALL_A_ACTIVE,3,"cp,pca,tucker",0.7990783276284311,0.7990783276284311,0.7990783276284311,0.0,0,quality_factor,0.3795146644115448,value_factor,0.361615389585495,volatility_factor,0.1602630615234375
2018-10-24,600126.SH,cn_a,ALL_A_ACTIVE,3,"cp,pca,tucker",0.7914975938322847,0.7914975938322847,0.7914975938322847,0.0,0,quality_factor,0.4493110775947571,value_factor,0.43412017822265625,volatility_factor,0.10753737390041351
2018-10-24,600000.SH,cn_a,ALL_A_ACTIVE,3,"cp,pca,tucker",0.7912699914409517,0.7912699914409517,0.7912699914409517,0.0,0,quality_factor,0.3749294579029083,value_factor,0.3573422431945801,volatility_factor,0.16437233984470367
2018-10-24,600015.SH,cn_a,ALL_A_ACTIVE,3,"cp,pca,tucker",0.7849492436475313,0.7849492436475313,0.7849492436475313,0.0,0,quality_factor,0.37711408734321594,value_factor,0.3606114089488983,volatility_factor,0.16547439992427826
2018-10-24,601328.SH,cn_a,ALL_A_ACTIVE,3,"cp,pca,tucker",0.7832775208427881,0.7832775208427881,0.7832775208427881,0.0,0,quality_factor,0.37772393226623535,value_factor,0.3612588346004486,volatility_factor,0.16512411832809448
2018-10-24,600150.SH,cn_a,ALL_A_ACTIVE,3,"cp,pca,tucker",0.7795585327839678,0.7795585327839678,0.7795585327839678,0.0,0,quality_factor,0.4213247299194336,value_factor,0.4091356694698334,volatility_factor,0.14402203261852264
2018-10-24,601988.SH,cn_a,ALL_A_ACTIVE,3,"cp,pca,tucker",0.7786853365187651,0.7786853365187651,0.7786853365187651,0.0,0,quality_factor,0.37930071353912354,value_factor,0.36388349533081055,volatility_factor,0.16657745838165283
2018-10-25,600166.SH,cn_a,ALL_A_ACTIVE,3,"cp,pca,tucker",1.4888286451443857,0.9524157238176204,1.4888286451443857,0.5346201161543528,0,quality_factor,0.362678587436676,value_factor,0.31061357259750366,volatility_factor,0.22636298835277557
2018-10-25,600153.SH,cn_a,ALL_A_ACTIVE,3,"cp,pca,tucker",1.4814775128948694,0.9462467154316777,1.4814775128948694,0.5346201161543528,0,quality_factor,0.3920804262161255,value_factor,0.34323909878730774,volatility_factor,0.18011510372161865
2018-10-25,002261.SZ,cn_a,ALL_A_ACTIVE,3,"cp,pca,tucker",1.4524313032904426,0.9263288444513599,1.4524313032904426,0.5346201161543528,0,quality_factor,0.3242798149585724,value_factor,0.27854347229003906,volatility_factor,0.2504841983318329
2018-10-25,601997.SH,cn_a,ALL_A_ACTIVE,3,"cp,pca,tucker",1.408575256395986,0.8996847881863917,1.408575256395986,0.5346201161543528,0,quality_factor,0.48209336400032043,value_factor,0.4290178716182709,momentum_factor,0.046797893941402435
2018-10-25,600606.SH,cn_a,ALL_A_ACTIVE,3,"cp,pca,tucker",1.3913743610620133,0.8768411516981653,1.3913743610620133,0.5346201161543528,0,quality_factor,0.37325039505958557,value_factor,0.30449309945106506,volatility_factor,0.2712627649307251
2018-10-25,600208.SH,cn_a,ALL_A_ACTIVE,3,"cp,pca,tucker",1.3724970982092737,0.8727594896591852,1.3724970982092737,0.5346201161543528,0,quality_factor,0.45211881399154663,value_factor,0.4071277976036072,volatility_factor,0.0950842946767807
2018-10-25,600704.SH,cn_a,ALL_A_ACTIVE,3,"cp,pca,tucker",1.3519931757302235,0.8512835336764811,1.3519931757302235,0.5346201161543528,0,quality_factor,0.3284960091114044,value_factor,0.27777567505836487,volatility_factor,0.26264721155166626
2018-10-25,601668.SH,cn_a,ALL_A_ACTIVE,3,"cp,pca,tucker",1.350240737484274,0.8644997222129055,1.350240737484274,0.5346201161543528,0,quality_factor,0.49648818373680115,value_factor,0.447637140750885,volatility_factor,0.04269539564847946
2018-10-25,002244.SZ,cn_a,ALL_A_ACTIVE,3,"cp,pca,tucker",1.3318027157705992,0.8391818812889457,1.3318027157705992,0.5346201161543528,0,quality_factor,0.3230014145374298,volatility_factor,0.3206436336040497,value_factor,0.25736966729164124
2018-10-25,600015.SH,cn_a,ALL_A_ACTIVE,3,"cp,pca,tucker",1.3137188813259681,0.8418073558621314,1.3137188813259681,0.5346201161543528,0,quality_factor,0.40948933362960815,value_factor,0.3801996409893036,volatility_factor,0.11019960790872574
2018-10-25,600150.SH,cn_a,ALL_A_ACTIVE,3,"cp,pca,tucker",1.3108254488557074,0.8424640018806446,1.3108254488557074,0.5346201161543528,0,quality_factor,0.46783673763275146,value_factor,0.4424084424972534,volatility_factor,0.07734449952840805
2018-10-25,600808.SH,cn_a,ALL_A_ACTIVE,3,"cp,pca,tucker",1.295353817705013,0.8286908958153876,1.295353817705013,0.5346201161543528,0,quality_factor,0.3326796889305115,value_factor,0.2977629601955414,momentum_factor,0.2175278216600418
2018-10-25,600126.SH,cn_a,ALL_A_ACTIVE,3,"cp,pca,tucker",1.2907371782149977,0.8335745665221198,1.2907371782149977,0.5346201161543528,0,quality_factor,0.47873231768608093,value_factor,0.4525969922542572,volatility_factor,0.04264289513230324
2018-10-25,600177.SH,cn_a,ALL_A_ACTIVE,3,"cp,pca,tucker",1.287300339855918,0.8372199995914696,1.287300339855918,0.5346201161543528,0,quality_factor,0.46003472805023193,value_factor,0.43255946040153503,volatility_factor,0.07791408896446228
2018-10-25,600016.SH,cn_a,ALL_A_ACTIVE,3,"cp,pca,tucker",1.2856434177596718,0.8274628354321988,1.2856434177596718,0.5346201161543528,0,quality_factor,0.3729817271232605,value_factor,0.35442763566970825,volatility_factor,0.16338978707790375
2018-10-25,601288.SH,cn_a,ALL_A_ACTIVE,3,"cp,pca,tucker",1.282184331733953,0.8238176828831322,1.282184331733953,0.5346201161543528,0,quality_factor,0.3720250725746155,value_factor,0.34944137930870056,volatility_factor,0.15408708155155182
2018-10-25,600000.SH,cn_a,ALL_A_ACTIVE,3,"cp,pca,tucker",1.2813063048021007,0.8239343437761225,1.2813063048021007,0.5346201161543528,0,quality_factor,0.37000730633735657,value_factor,0.34997662901878357,volatility_factor,0.16188931465148926
2018-10-25,601166.SH,cn_a,ALL_A_ACTIVE,3,"cp,pca,tucker",1.2780442384419686,0.8212782328452474,1.2780442384419686,0.5346201161543528,0,quality_factor,0.36925870180130005,value_factor,0.3488564193248749,volatility_factor,0.16151165962219238
2018-10-25,601398.SH,cn_a,ALL_A_ACTIVE,3,"cp,pca,tucker",1.2775464972361104,0.8242806972208708,1.2775464972361104,0.5346201161543528,0,quality_factor,0.39333799481391907,value_factor,0.37132352590560913,volatility_factor,0.13999848067760468
2018-10-25,601328.SH,cn_a,ALL_A_ACTIVE,3,"cp,pca,tucker",1.2691988010755237,0.8166929428636922,1.2691988010755237,0.5346201161543528,0,quality_factor,0.3740861415863037,value_factor,0.3536921739578247,volatility_factor,0.1580212414264679
2018-10-26,600166.SH,cn_a,ALL_A_ACTIVE,3,"cp,pca,tucker",1.210535625160074,0.9232740437302698,1.210535625160074,0.27548007915417355,0,quality_factor,0.36451008915901184,value_factor,0.31634414196014404,volatility_factor,0.21075017750263214
2018-10-26,002261.SZ,cn_a,ALL_A_ACTIVE,3,"cp,pca,tucker",1.165884612920381,0.8874377092756468,1.165884612920381,0.27548007915417355,0,quality_factor,0.2922036647796631,volatility_factor,0.2590581178665161,value_factor,0.2551160752773285
2018-10-26,600153.SH,cn_a,ALL_A_ACTIVE,3,"cp,pca,tucker",1.1575758805918959,0.8849731109627169,1.1575758805918959,0.27548007915417355,0,quality_factor,0.41795462369918823,value_factor,0.3775770962238312,volatility_factor,0.12004454433917999
2018-10-26,601288.SH,cn_a,ALL_A_ACTIVE,3,"cp,pca,tucker",1.105841818348422,0.8393651703535498,1.105841818348422,0.27548007915417355,0,quality_factor,0.4012782573699951,value_factor,0.3650195002555847,momentum_factor,0.1348230242729187
2018-10-26,601997.SH,cn_a,ALL_A_ACTIVE,3,"cp,pca,tucker",1.1047679412750961,0.8443198130785562,1.1047679412750961,0.27548007915417355,0,quality_factor,0.4740961492061615,value_factor,0.4348966181278229,momentum_factor,0.05238541215658188
2018-10-26,002244.SZ,cn_a,ALL_A_ACTIVE,3,"cp,pca,tucker",1.0928486123052719,0.8161913753442751,1.0928486123052719,0.27548007915417355,0,quality_factor,0.35665926337242126,volatility_factor,0.305827796459198,value_factor,0.28365254402160645
2018-10-26,600606.SH,cn_a,ALL_A_ACTIVE,3,"cp,pca,tucker",1.0897344942229077,0.8194169003395069,1.0897344942229077,0.27548007915417355,0,quality_factor,0.41447713971138,value_factor,0.35178259015083313,volatility_factor,0.20112313330173492
2018-10-26,600126.SH,cn_a,ALL_A_ACTIVE,3,"cp,pca,tucker",1.08407163875732,0.8315509526015546,1.08407163875732,0.27548007915417355,0,quality_factor,0.4904017448425293,value_factor,0.45646578073501587,volatility_factor,0.039822984486818314
2018-10-26,600000.SH,cn_a,ALL_A_ACTIVE,3,"cp,pca,tucker",1.0812731022176172,0.8238943087067018,1.0812731022176172,0.27548007915417355,0,quality_factor,0.37871280312538147,value_factor,0.35111555457115173,volatility_factor,0.13678289949893951
2018-10-26,600208.SH,cn_a,ALL_A_ACTIVE,3,"cp,pca,tucker",1.0696320613829389,0.8126237215503856,1.0696320613829389,0.27548007915417355,0,quality_factor,0.508877158164978,value_factor,0.4718489348888397,momentum_factor,0.01453013438731432
2018-10-26,600808.SH,cn_a,ALL_A_ACTIVE,3,"cp,pca,tucker",1.0690587761510886,0.8127586426241652,1.0690587761510886,0.27548007915417355,0,quality_factor,0.3988173007965088,value_factor,0.3564978539943695,momentum_factor,0.15912848711013794
2018-10-26,600016.SH,cn_a,ALL_A_ACTIVE,3,"cp,pca,tucker",1.0635803728431032,0.8133336241899661,1.0635803728431032,0.27548007915417355,0,quality_factor,0.39919111132621765,value_factor,0.3749955892562866,volatility_factor,0.13032960891723633
2018-10-26,601166.SH,cn_a,ALL_A_ACTIVE,3,"cp,pca,tucker",1.0612127631290307,0.809855140519658,1.0612127631290307,0.27548007915417355,0,quality_factor,0.3907688558101654,value_factor,0.3651959002017975,volatility_factor,0.13303743302822113
2018-10-26,601668.SH,cn_a,ALL_A_ACTIVE,3,"cp,pca,tucker",1.0581093601150513,0.8110506639832119,1.0581093601150513,0.27548007915417355,0,quality_factor,0.4738214910030365,value_factor,0.4387127161026001,volatility_factor,0.048931751400232315
2018-10-26,601328.SH,cn_a,ALL_A_ACTIVE,3,"cp,pca,tucker",1.0475220545618114,0.8017212346560031,1.0475220545618114,0.27548007915417355,0,quality_factor,0.38482096791267395,value_factor,0.3618999123573303,volatility_factor,0.1439434140920639
2018-10-26,600177.SH,cn_a,ALL_A_ACTIVE,3,"cp,pca,tucker",1.043498251788655,0.8127117559288258,1.043498251788655,0.27548007915417355,0,quality_factor,0.4291501045227051,value_factor,0.40574151277542114,volatility_factor,0.11045803874731064
2018-10-26,600150.SH,cn_a,ALL_A_ACTIVE,3,"cp,pca,tucker",1.0310881059376271,0.7923743962620323,1.0310881059376271,0.27548007915417355,0,quality_factor,0.4337749779224396,value_factor,0.4166146218776703,volatility_factor,0.12263291329145432
2018-10-26,601988.SH,cn_a,ALL_A_ACTIVE,3,"cp,pca,tucker",1.0253260825854227,0.7872659997035888,1.0253260825854227,0.27548007915417355,0,quality_factor,0.38566264510154724,value_factor,0.366580069065094,volatility_factor,0.15285558998584747
2018-10-26,600704.SH,cn_a,ALL_A_ACTIVE,3,"cp,pca,tucker",1.0238971603761224,0.7719467872276914,1.0238971603761224,0.27548007915417355,0,quality_factor,0.3570253252983093,value_factor,0.31915950775146484,volatility_factor,0.18429504334926605
2018-10-26,002432.SZ,cn_a,ALL_A_ACTIVE,3,"cp,pca,tucker",1.0200277334742494,0.7694139652138636,1.0200277334742494,0.27548007915417355,0,volatility_factor,0.3194439709186554,quality_factor,0.27529412508010864,value_factor,0.22658322751522064
2018-10-29,002261.SZ,cn_a,ALL_A_ACTIVE,3,"cp,pca,tucker",1.6953054602686752,0.870935339385869,1.6953054602686752,0.9652288754781088,0,quality_factor,0.30489304661750793,value_factor,0.27152112126350403,volatility_factor,0.2311002016067505
2018-10-29,600166.SH,cn_a,ALL_A_ACTIVE,3,"cp,pca,tucker",1.670328082463026,0.8571725072215797,1.670328082463026,0.9652288754781088,0,value_factor,0.43901941180229187,quality_factor,0.42318880558013916,volatility_factor,0.09380689263343811
2018-10-29,600808.SH,cn_a,ALL_A_ACTIVE,3,"cp,pca,tucker",1.5680961607429185,0.8075701355972892,1.5680961607429185,0.9652288754781088,0,quality_factor,0.4661211669445038,value_factor,0.40902426838874817,momentum_factor,0.12335827201604843
2018-10-29,600153.SH,cn_a,ALL_A_ACTIVE,3,"cp,pca,tucker",1.5600633324899784,0.8004374457757759,1.5600633324899784,0.9652288754781088,0,quality_factor,0.51597660779953,value_factor,0.3602442741394043,volatility_factor,0.08417026698589325
2018-10-29,600177.SH,cn_a,ALL_A_ACTIVE,3,"cp,pca,tucker",1.4937177345380104,0.7641385901469802,1.4937177345380104,0.9652288754781088,2,quality_factor,0.4721169173717499,value_factor,0.3974803388118744,volatility_factor,0.08872537314891815
2018-10-29,600606.SH,cn_a,ALL_A_ACTIVE,3,"cp,pca,tucker",1.4786089944470657,0.7607964127276813,1.4786089944470657,0.9652288754781088,0,quality_factor,0.4069317877292633,value_factor,0.364522784948349,volatility_factor,0.1402990221977234
2018-10-29,601997.SH,cn_a,ALL_A_ACTIVE,3,"cp,pca,tucker",1.4768545612352717,0.7580038427579395,1.4768545612352717,0.9652288754781088,0,quality_factor,0.5580300092697144,value_factor,0.32454171776771545,volatility_factor,0.0798027440905571
2018-10-29,600208.SH,cn_a,ALL_A_ACTIVE,3,"cp,pca,tucker",1.4640952691874534,0.7533942429273256,1.4640952691874534,0.9652288754781088,0,quality_factor,0.4934638738632202,value_factor,0.4608158767223358,volatility_factor,0.040791675448417664
2018-10-29,600126.SH,cn_a,ALL_A_ACTIVE,3,"cp,pca,tucker",1.4603451073300615,0.748969107002912,1.4603451073300615,0.9652288754781088,0,quality_factor,0.4484397768974304,value_factor,0.41758185625076294,volatility_factor,0.09118441492319107
2018-10-29,600000.SH,cn_a,ALL_A_ACTIVE,3,"cp,pca,tucker",1.4357563043487078,0.7379891682474664,1.4357563043487078,0.9652288754781088,0,quality_factor,0.39188146591186523,value_factor,0.3745580315589905,volatility_factor,0.15269745886325836
2018-10-29,002432.SZ,cn_a,ALL_A_ACTIVE,3,"cp,pca,tucker",1.4225849569809208,0.7319066272193285,1.4225849569809208,0.9652288754781088,0,volatility_factor,0.3048926889896393,quality_factor,0.26383543014526367,value_factor,0.22332720458507538
2018-10-29,601328.SH,cn_a,ALL_A_ACTIVE,3,"cp,pca,tucker",1.4206205451455967,0.7298815950335924,1.4206205451455967,0.9652288754781088,0,quality_factor,0.38992950320243835,value_factor,0.375919371843338,volatility_factor,0.16233836114406586
2018-10-29,601398.SH,cn_a,ALL_A_ACTIVE,3,"cp,pca,tucker",1.4150173787974907,0.7257653124805588,1.4150173787974907,0.9652288754781088,0,quality_factor,0.5074812173843384,value_factor,0.3674567639827728,volatility_factor,0.08505257219076157
2018-10-29,601668.SH,cn_a,ALL_A_ACTIVE,3,"cp,pca,tucker",1.4095014812371964,0.7229216740157951,1.4095014812371964,0.9652288754781088,0,quality_factor,0.5520403385162354,value_factor,0.32962682843208313,volatility_factor,0.08042480796575546
2018-10-29,600016.SH,cn_a,ALL_A_ACTIVE,3,"cp,pca,tucker",1.4085871756855217,0.7235947833747969,1.4085871756855217,0.9652288754781088,0,quality_factor,0.40492069721221924,value_factor,0.39178597927093506,volatility_factor,0.15360742807388306
2018-10-29,601988.SH,cn_a,ALL_A_ACTIVE,3,"cp,pca,tucker",1.3886112053085642,0.7129177686932496,1.3886112053085642,0.9652288754781088,0,quality_factor,0.3937548100948334,value_factor,0.38533803820610046,volatility_factor,0.17343498766422272
2018-10-29,601166.SH,cn_a,ALL_A_ACTIVE,3,"cp,pca,tucker",1.3814391124543597,0.7095054788913716,1.3814391124543597,0.9652288754781088,0,quality_factor,0.39645183086395264,value_factor,0.3868682086467743,volatility_factor,0.16857819259166718
2018-10-29,002244.SZ,cn_a,ALL_A_ACTIVE,3,"cp,pca,tucker",1.3806989858310246,0.7100535465926034,1.3806989858310246,0.9652288754781088,0,quality_factor,0.3528113067150116,value_factor,0.3095332086086273,volatility_factor,0.20809106528759003
2018-10-29,600704.SH,cn_a,ALL_A_ACTIVE,3,"cp,pca,tucker",1.3784856996904613,0.709010719641146,1.3784856996904613,0.9652288754781088,0,quality_factor,0.36644333600997925,value_factor,0.33929041028022766,momentum_factor,0.15810289978981018
2018-10-29,601699.SH,cn_a,ALL_A_ACTIVE,3,"cp,pca,tucker",1.3709635515443486,0.7041334132311271,1.3709635515443486,0.9652288754781088,0,quality_factor,0.42164352536201477,value_factor,0.40062424540519714,volatility_factor,0.1217983216047287
2018-10-30,600166.SH,cn_a,ALL_A_ACTIVE,3,"cp,pca,tucker",1.3470787694688429,0.9363103944307364,1.3470787694688429,0.4447024365266164,0,quality_factor,0.43004366755485535,value_factor,0.3688068091869354,volatility_factor,0.17740432918071747
2018-10-30,002261.SZ,cn_a,ALL_A_ACTIVE,3,"cp,pca,tucker",1.298091368364092,0.902165312590672,1.298091368364092,0.4447024365266164,0,quality_factor,0.3115704655647278,value_factor,0.2678321897983551,volatility_factor,0.2588115930557251
2018-10-30,600153.SH,cn_a,ALL_A_ACTIVE,3,"cp,pca,tucker",1.2083458552558979,0.8387196604438643,1.2083458552558979,0.4447024365266164,0,quality_factor,0.4332210123538971,value_factor,0.40050968527793884,momentum_factor,0.09086786955595016
2018-10-30,601997.SH,cn_a,ALL_A_ACTIVE,3,"cp,pca,tucker",1.1827358398309549,0.821765999225882,1.1827358398309549,0.4447024365266164,0,quality_factor,0.5156960487365723,value_factor,0.4730317294597626,volatility_factor,0.005987869575619698
2018-10-30,600808.SH,cn_a,ALL_A_ACTIVE,3,"cp,pca,tucker",1.1461823891026388,0.7971761469673279,1.1461823891026388,0.4447024365266164,0,quality_factor,0.43904638290405273,value_factor,0.3926042914390564,momentum_factor,0.12227266281843185
2018-10-30,600177.SH,cn_a,ALL_A_ACTIVE,3,"cp,pca,tucker",1.1440380429543409,0.7917426358837414,1.1440380429543409,0.4447024365266164,2,quality_factor,0.471203088760376,value_factor,0.39825621247291565,volatility_factor,0.08882029354572296
2018-10-30,600126.SH,cn_a,ALL_A_ACTIVE,3,"cp,pca,tucker",1.1199340413573908,0.776774705990208,1.1199340413573908,0.4447024365266164,0,quality_factor,0.46006011962890625,value_factor,0.44053012132644653,volatility_factor,0.0534546859562397
2018-10-30,600000.SH,cn_a,ALL_A_ACTIVE,3,"cp,pca,tucker",1.1152312031932048,0.7751088430327564,1.1152312031932048,0.4447024365266164,0,quality_factor,0.37580981850624084,value_factor,0.35351860523223877,volatility_factor,0.15206004679203033
2018-10-30,601398.SH,cn_a,ALL_A_ACTIVE,3,"cp,pca,tucker",1.114900940931911,0.7737219700166511,1.114900940931911,0.4447024365266164,0,quality_factor,0.44461628794670105,value_factor,0.4224819242954254,volatility_factor,0.10240606218576431
2018-10-30,600606.SH,cn_a,ALL_A_ACTIVE,3,"cp,pca,tucker",1.0959207034266438,0.7619266137395089,1.0959207034266438,0.4447024365266164,0,quality_factor,0.45620647072792053,value_factor,0.40972134470939636,volatility_factor,0.09542492777109146
2018-10-30,601668.SH,cn_a,ALL_A_ACTIVE,3,"cp,pca,tucker",1.094990918477819,0.7597061182832915,1.094990918477819,0.4447024365266164,0,quality_factor,0.4679965674877167,value_factor,0.4460182785987854,volatility_factor,0.08010552078485489
2018-10-30,601328.SH,cn_a,ALL_A_ACTIVE,3,"cp,pca,tucker",1.0872506934115018,0.755070521587446,1.0872506934115018,0.4447024365266164,0,quality_factor,0.3763369917869568,value_factor,0.35944852232933044,volatility_factor,0.1650823950767517
2018-10-30,600016.SH,cn_a,ALL_A_ACTIVE,3,"cp,pca,tucker",1.0846562999695175,0.7532224891500632,1.0846562999695175,0.4447024365266164,0,quality_factor,0.38045692443847656,value_factor,0.3656136989593506,volatility_factor,0.16716071963310242
2018-10-30,600015.SH,cn_a,ALL_A_ACTIVE,3,"cp,pca,tucker",1.0738704600268172,0.7457290696777606,1.0738704600268172,0.4447024365266164,0,quality_factor,0.4052102267742157,value_factor,0.389303058385849,volatility_factor,0.14651772379875183
2018-10-30,601988.SH,cn_a,ALL_A_ACTIVE,3,"cp,pca,tucker",1.0724829741161006,0.7444696063016457,1.0724829741161006,0.4447024365266164,0,quality_factor,0.38857942819595337,value_factor,0.3742053508758545,volatility_factor,0.1624174416065216
2018-10-30,601166.SH,cn_a,ALL_A_ACTIVE,3,"cp,pca,tucker",1.0722186096281323,0.7446153438984114,1.0722186096281323,0.4447024365266164,0,quality_factor,0.38094082474708557,value_factor,0.3663378357887268,volatility_factor,0.16740484535694122
2018-10-30,600704.SH,cn_a,ALL_A_ACTIVE,3,"cp,pca,tucker",1.0682927252519923,0.7433107226200134,1.0682927252519923,0.4447024365266164,0,quality_factor,0.3809352219104767,value_factor,0.34386640787124634,volatility_factor,0.15298207104206085
2018-10-30,002432.SZ,cn_a,ALL_A_ACTIVE,3,"cp,pca,tucker",1.0642755180666634,0.7402160773647407,1.0642755180666634,0.4447024365266164,0,volatility_factor,0.3077768385410309,quality_factor,0.2644619047641754,value_factor,0.22289863228797913
2018-10-30,600150.SH,cn_a,ALL_A_ACTIVE,3,"cp,pca,tucker",1.057024046276533,0.7334406435913863,1.057024046276533,0.4447024365266164,0,quality_factor,0.43142738938331604,value_factor,0.42285749316215515,volatility_factor,0.14417482912540436
2018-10-30,600019.SH,cn_a,ALL_A_ACTIVE,3,"cp,pca,tucker",1.0477034721429563,0.727312751693376,1.0477034721429563,0.4447024365266164,0,quality_factor,0.4608374834060669,value_factor,0.44129249453544617,volatility_factor,0.0752611830830574
2018-10-31,600166.SH,cn_a,ALL_A_ACTIVE,3,"cp,pca,tucker",1.3002973434642753,0.9862569768445412,1.3002973434642753,0.2847167452176412,0,quality_factor,0.415940523147583,value_factor,0.3405989408493042,volatility_factor,0.22693189978599548
2018-10-31,002261.SZ,cn_a,ALL_A_ACTIVE,3,"cp,pca,tucker",1.1629343860179517,0.8766269334823221,1.1629343860179517,0.2847167452176412,2,quality_factor,0.5426346659660339,value_factor,0.3376120328903198,volatility_factor,0.08140164613723755
2018-10-31,600153.SH,cn_a,ALL_A_ACTIVE,3,"cp,pca,tucker",1.116782115865161,0.8423722019289558,1.116782115865161,0.2847167452176412,0,quality_factor,0.5149614214897156,value_factor,0.36110609769821167,volatility_factor,0.08427568525075912
2018-10-31,600000.SH,cn_a,ALL_A_ACTIVE,3,"cp,pca,tucker",1.0794187640954525,0.8197409926623914,1.0794187640954525,0.2847167452176412,0,quality_factor,0.4047623574733734,value_factor,0.37132927775382996,momentum_factor,0.12055166810750961
2018-10-31,600177.SH,cn_a,ALL_A_ACTIVE,3,"cp,pca,tucker",1.0782418575446457,0.7988388616458333,1.0782418575446457,0.2847167452176412,2,quality_factor,0.4693468511104584,value_factor,0.3998320996761322,volatility_factor,0.08901306986808777
2018-10-31,600808.SH,cn_a,ALL_A_ACTIVE,3,"cp,pca,tucker",1.0743325129194243,0.8157756151535741,1.0743325129194243,0.2847167452176412,0,quality_factor,0.4659816026687622,value_factor,0.41195377707481384,momentum_factor,0.1144058033823967
2018-10-31,600126.SH,cn_a,ALL_A_ACTIVE,3,"cp,pca,tucker",1.0571316807243345,0.7942605157494057,1.0571316807243345,0.2847167452176412,0,quality_factor,0.4463014006614685,value_factor,0.419397234916687,volatility_factor,0.09140649437904358
2018-10-31,601997.SH,cn_a,ALL_A_ACTIVE,3,"cp,pca,tucker",1.0451147009065032,0.7833177077851105,1.0451147009065032,0.2847167452176412,0,quality_factor,0.5566600561141968,value_factor,0.32570478320121765,volatility_factor,0.07994502037763596
2018-10-31,601668.SH,cn_a,ALL_A_ACTIVE,3,"cp,pca,tucker",1.023745609547369,0.7694442546852821,1.023745609547369,0.2847167452176412,0,quality_factor,0.5509844422340393,value_factor,0.3305232524871826,volatility_factor,0.08053446561098099
2018-10-31,600606.SH,cn_a,ALL_A_ACTIVE,3,"cp,pca,tucker",1.022592781612538,0.7725890530146237,1.022592781612538,0.2847167452176412,0,quality_factor,0.46475300192832947,value_factor,0.41161948442459106,volatility_factor,0.10810625553131104
2018-10-31,601328.SH,cn_a,ALL_A_ACTIVE,3,"cp,pca,tucker",1.0198593133066376,0.7671044386764546,1.0198593133066376,0.2847167452176412,0,quality_factor,0.5038368701934814,value_factor,0.37055066227912903,volatility_factor,0.0854310467839241
2018-10-31,600016.SH,cn_a,ALL_A_ACTIVE,3,"cp,pca,tucker",1.0132355008726905,0.7640405269636291,1.0132355008726905,0.2847167452176412,0,quality_factor,0.5066920518875122,value_factor,0.36812669038772583,volatility_factor,0.08513452857732773
2018-10-31,601166.SH,cn_a,ALL_A_ACTIVE,3,"cp,pca,tucker",1.0076191034009279,0.7591257448225104,1.0076191034009279,0.2847167452176412,0,quality_factor,0.5086435079574585,value_factor,0.3664698600769043,volatility_factor,0.08493184298276901
2018-10-31,600150.SH,cn_a,ALL_A_ACTIVE,3,"cp,pca,tucker",1.00535954884408,0.7602893422897545,1.00535954884408,0.2847167452176412,0,quality_factor,0.5632015466690063,value_factor,0.32015112042427063,volatility_factor,0.07926563173532486
2018-10-31,601398.SH,cn_a,ALL_A_ACTIVE,3,"cp,pca,tucker",1.0025996320779784,0.7469266726523364,1.0025996320779784,0.2847167452176412,0,quality_factor,0.5059284567832947,value_factor,0.368774950504303,volatility_factor,0.08521383255720139
2018-10-31,601988.SH,cn_a,ALL_A_ACTIVE,3,"cp,pca,tucker",0.9916719723189935,0.7422634284107713,0.9916719723189935,0.2847167452176412,0,quality_factor,0.5045456886291504,value_factor,0.3699488639831543,volatility_factor,0.0853574275970459
2018-10-31,600704.SH,cn_a,ALL_A_ACTIVE,3,"cp,pca,tucker",0.991008311525634,0.7563476777080719,0.991008311525634,0.2847167452176412,0,quality_factor,0.3849678933620453,value_factor,0.33922380208969116,volatility_factor,0.17805854976177216
2018-10-31,601288.SH,cn_a,ALL_A_ACTIVE,3,"cp,pca,tucker",0.9846890300407662,0.7372734826865766,0.9846890300407662,0.2847167452176412,0,quality_factor,0.5110898017883301,value_factor,0.364393025636673,volatility_factor,0.08467777818441391
2018-10-31,600015.SH,cn_a,ALL_A_ACTIVE,3,"cp,pca,tucker",0.9808683777709223,0.7360588726325604,0.9808683777709223,0.2847167452176412,0,quality_factor,0.50764000415802,value_factor,0.3673218786716461,volatility_factor,0.08503607660531998
2018-10-31,002432.SZ,cn_a,ALL_A_ACTIVE,3,"cp,pca,tucker",0.9785234147096586,0.7452291161873695,0.9785234147096586,0.2847167452176412,0,volatility_factor,0.3138201832771301,quality_factor,0.26834315061569214,value_factor,0.22367888689041138
2018-11-01,002261.SZ,cn_a,ALL_A_ACTIVE,3,"cp,pca,tucker",1.086599938016845,0.9086025342400618,1.086599938016845,0.1573860744635264,0,quality_factor,0.32225993275642395,value_factor,0.27192842960357666,volatility_factor,0.2687409818172455
2018-11-01,600166.SH,cn_a,ALL_A_ACTIVE,3,"cp,pca,tucker",1.0827877035527615,0.9069421966048229,1.0827877035527615,0.1573860744635264,0,quality_factor,0.47346633672714233,value_factor,0.4168502390384674,volatility_factor,0.10713603347539902
2018-11-01,600153.SH,cn_a,ALL_A_ACTIVE,3,"cp,pca,tucker",0.9859083344712666,0.83138890895418,0.9859083344712666,0.1573860744635264,0,quality_factor,0.4370177090167999,value_factor,0.4110301733016968,momentum_factor,0.10423742234706879
2018-11-01,600000.SH,cn_a,ALL_A_ACTIVE,3,"cp,pca,tucker",0.9788133918685968,0.8220190916623248,0.9788133918685968,0.1573860744635264,0,quality_factor,0.4155716001987457,value_factor,0.3841308057308197,volatility_factor,0.10043859481811523
2018-11-01,600808.SH,cn_a,ALL_A_ACTIVE,3,"cp,pca,tucker",0.9447934994861659,0.7928893446020383,0.9447934994861659,0.1573860744635264,0,quality_factor,0.46044984459877014,value_factor,0.41893595457077026,momentum_factor,0.07787984609603882
2018-11-01,600126.SH,cn_a,ALL_A_ACTIVE,3,"cp,pca,tucker",0.9445952089195037,0.7958168337072049,0.9445952089195037,0.1573860744635264,0,quality_factor,0.4658469557762146,value_factor,0.4438289403915405,momentum_factor,0.07954274117946625
2018-11-01,600177.SH,cn_a,ALL_A_ACTIVE,3,"cp,pca,tucker",0.9437288180850486,0.7951841697572687,0.9437288180850486,0.1573860744635264,0,quality_factor,0.39852848649024963,value_factor,0.3859361410140991,volatility_factor,0.1596023440361023
2018-11-01,601328.SH,cn_a,ALL_A_ACTIVE,3,"cp,pca,tucker",0.9320993063979061,0.7837850463702355,0.9320993063979061,0.1573860744635264,0,quality_factor,0.4133371412754059,value_factor,0.3929796814918518,volatility_factor,0.12956444919109344
2018-11-01,601166.SH,cn_a,ALL_A_ACTIVE,3,"cp,pca,tucker",0.9305733263889321,0.7829583264056209,0.9305733263889321,0.1573860744635264,0,quality_factor,0.4078526794910431,value_factor,0.38834530115127563,volatility_factor,0.13566261529922485
2018-11-01,600150.SH,cn_a,ALL_A_ACTIVE,3,"cp,pca,tucker",0.9198585909308075,0.7769875947160513,0.9198585909308075,0.1573860744635264,0,quality_factor,0.4226298928260803,value_factor,0.40997740626335144,volatility_factor,0.14192400872707367
2018-11-01,601668.SH,cn_a,ALL_A_ACTIVE,3,"cp,pca,tucker",0.9159726539297965,0.7720357485619589,0.9159726539297965,0.1573860744635264,0,quality_factor,0.44347018003463745,value_factor,0.42677944898605347,volatility_factor,0.11673368513584137
2018-11-01,601997.SH,cn_a,ALL_A_ACTIVE,3,"cp,pca,tucker",0.9146802027880777,0.7711902593821205,0.9146802027880777,0.1573860744635264,0,quality_factor,0.4333670437335968,value_factor,0.4214094877243042,volatility_factor,0.13583919405937195
2018-11-01,600016.SH,cn_a,ALL_A_ACTIVE,3,"cp,pca,tucker",0.9084853773085948,0.7665169739888539,0.9084853773085948,0.1573860744635264,0,quality_factor,0.40224096179008484,value_factor,0.3915214240550995,volatility_factor,0.16154927015304565
2018-11-01,600704.SH,cn_a,ALL_A_ACTIVE,3,"cp,pca,tucker",0.9018976076751382,0.7556436123776028,0.9018976076751382,0.1573860744635264,0,quality_factor,0.4082646071910858,value_factor,0.36210840940475464,volatility_factor,0.15163622796535492
2018-11-01,601288.SH,cn_a,ALL_A_ACTIVE,3,"cp,pca,tucker",0.8861034807606378,0.7467823391043011,0.8861034807606378,0.1573860744635264,0,quality_factor,0.405393123626709,value_factor,0.3971231281757355,volatility_factor,0.16533467173576355
2018-11-01,601988.SH,cn_a,ALL_A_ACTIVE,3,"cp,pca,tucker",0.8849364168900601,0.74572116311225,0.8849364168900601,0.1573860744635264,0,quality_factor,0.4011874794960022,value_factor,0.3934188783168793,volatility_factor,0.1696375012397766
2018-11-01,002432.SZ,cn_a,ALL_A_ACTIVE,3,"cp,pca,tucker",0.8803121128030506,0.7380864775493453,0.8803121128030506,0.1573860744635264,0,volatility_factor,0.3106696605682373,quality_factor,0.2620769441127777,value_factor,0.22050438821315765
2018-11-01,600348.SH,cn_a,ALL_A_ACTIVE,3,"cp,pca,tucker",0.8762028942758614,0.7351229516890255,0.8762028942758614,0.1573860744635264,0,quality_factor,0.48786428570747375,value_factor,0.4586692452430725,volatility_factor,0.05139419063925743
2018-11-01,601398.SH,cn_a,ALL_A_ACTIVE,3,"cp,pca,tucker",0.8755828384031058,0.7388878005465127,0.8755828384031058,0.1573860744635264,0,quality_factor,0.40907129645347595,value_factor,0.40647685527801514,volatility_factor,0.1767420619726181
2018-11-01,600208.SH,cn_a,ALL_A_ACTIVE,3,"cp,pca,tucker",0.8736139864592704,0.737772437608788,0.8736139864592704,0.1573860744635264,0,quality_factor,0.4342036545276642,value_factor,0.41198551654815674,volatility_factor,0.1096523329615593
2018-11-02,600166.SH,cn_a,ALL_A_ACTIVE,3,"cp,pca,tucker",1.4335508190725277,0.9339312715503935,1.4335508190725277,0.46299460033575696,0,quality_factor,0.4355480372905731,value_factor,0.3725244104862213,volatility_factor,0.17697511613368988
2018-11-02,002261.SZ,cn_a,ALL_A_ACTIVE,3,"cp,pca,tucker",1.3794509440116756,0.9048904277263049,1.3794509440116756,0.46299460033575696,0,quality_factor,0.33425256609916687,value_factor,0.2775719463825226,volatility_factor,0.27627503871917725
2018-11-02,600153.SH,cn_a,ALL_A_ACTIVE,3,"cp,pca,tucker",1.299701189730337,0.8517002333354126,1.299701189730337,0.46299460033575696,0,quality_factor,0.5137999057769775,value_factor,0.3620922565460205,volatility_factor,0.08439632505178452
2018-11-02,600000.SH,cn_a,ALL_A_ACTIVE,3,"cp,pca,tucker",1.2947060131830508,0.8487698420588,1.2947060131830508,0.46299460033575696,0,quality_factor,0.40121138095855713,value_factor,0.3701232671737671,momentum_factor,0.11690748482942581
2018-11-02,600150.SH,cn_a,ALL_A_ACTIVE,3,"cp,pca,tucker",1.2571203538263878,0.829076260008569,1.2571203538263878,0.46299460033575696,0,quality_factor,0.5602405667304993,value_factor,0.32266491651535034,volatility_factor,0.0795731469988823
2018-11-02,601997.SH,cn_a,ALL_A_ACTIVE,3,"cp,pca,tucker",1.237689562016616,0.8043965736686635,1.237689562016616,0.46299460033575696,0,quality_factor,0.5551731586456299,value_factor,0.32696712017059326,volatility_factor,0.0800994411110878
2018-11-02,600177.SH,cn_a,ALL_A_ACTIVE,3,"cp,pca,tucker",1.226976718572198,0.7894373984602968,1.226976718572198,0.46299460033575696,2,quality_factor,0.46603620052337646,value_factor,0.40264272689819336,volatility_factor,0.08935689926147461
2018-11-02,601328.SH,cn_a,ALL_A_ACTIVE,3,"cp,pca,tucker",1.2185882937346968,0.7921567573817637,1.2185882937346968,0.46299460033575696,0,quality_factor,0.5020869970321655,value_factor,0.3720362186431885,volatility_factor,0.08561278134584427
2018-11-02,600016.SH,cn_a,ALL_A_ACTIVE,3,"cp,pca,tucker",1.215671250075624,0.7939761258776693,1.215671250075624,0.46299460033575696,0,quality_factor,0.5048302412033081,value_factor,0.369707316160202,volatility_factor,0.0853278860449791
2018-11-02,600126.SH,cn_a,ALL_A_ACTIVE,3,"cp,pca,tucker",1.2141884205931615,0.7899282049549653,1.2141884205931615,0.46299460033575696,0,quality_factor,0.4439297318458557,value_factor,0.42141076922416687,volatility_factor,0.09165281057357788
2018-11-02,601166.SH,cn_a,ALL_A_ACTIVE,3,"cp,pca,tucker",1.2135604651398142,0.7911581032151992,1.2135604651398142,0.46299460033575696,0,quality_factor,0.5067123770713806,value_factor,0.36810943484306335,volatility_factor,0.0851324126124382
2018-11-02,600808.SH,cn_a,ALL_A_ACTIVE,3,"cp,pca,tucker",1.2125747487029959,0.7918773912877218,1.2125747487029959,0.46299460033575696,0,quality_factor,0.5609442591667175,value_factor,0.3220675587654114,volatility_factor,0.07950007170438766
2018-11-02,601668.SH,cn_a,ALL_A_ACTIVE,3,"cp,pca,tucker",1.2070931108000182,0.7874558151586811,1.2070931108000182,0.46299460033575696,0,quality_factor,0.5498237609863281,value_factor,0.331508606672287,volatility_factor,0.08065500110387802
2018-11-02,600015.SH,cn_a,ALL_A_ACTIVE,3,"cp,pca,tucker",1.1955358280323432,0.7782096979724762,1.1955358280323432,0.46299460033575696,0,quality_factor,0.505745530128479,value_factor,0.36893028020858765,volatility_factor,0.08523283153772354
2018-11-02,601398.SH,cn_a,ALL_A_ACTIVE,3,"cp,pca,tucker",1.178197873733254,0.7603849743471992,1.178197873733254,0.46299460033575696,0,quality_factor,0.5042680501937866,value_factor,0.37018463015556335,volatility_factor,0.08538627624511719
2018-11-02,601988.SH,cn_a,ALL_A_ACTIVE,3,"cp,pca,tucker",1.1765547166356278,0.7614295640762788,1.1765547166356278,0.46299460033575696,0,quality_factor,0.5027881860733032,value_factor,0.3714410066604614,volatility_factor,0.08553997427225113
2018-11-02,600704.SH,cn_a,ALL_A_ACTIVE,3,"cp,pca,tucker",1.1747392407023456,0.7768269508551167,1.1747392407023456,0.46299460033575696,0,quality_factor,0.40001097321510315,value_factor,0.34124401211738586,volatility_factor,0.2049638330936432
2018-11-02,601288.SH,cn_a,ALL_A_ACTIVE,3,"cp,pca,tucker",1.1731275459983834,0.7601714705337707,1.1731275459983834,0.46299460033575696,0,quality_factor,0.5091567635536194,value_factor,0.3660341501235962,volatility_factor,0.08487854152917862
2018-11-02,600208.SH,cn_a,ALL_A_ACTIVE,3,"cp,pca,tucker",1.1395093585400118,0.7466848838764264,1.1395093585400118,0.46299460033575696,0,quality_factor,0.5033937692642212,value_factor,0.3709268867969513,volatility_factor,0.0854770839214325
2018-11-02,002432.SZ,cn_a,ALL_A_ACTIVE,3,"cp,pca,tucker",1.131600449024832,0.7467295144985964,1.131600449024832,0.46299460033575696,0,volatility_factor,0.31240329146385193,quality_factor,0.28242674469947815,value_factor,0.23329195380210876
2018-11-05,600166.SH,cn_a,ALL_A_ACTIVE,3,"cp,pca,tucker",1.2996099937833017,0.9545790251926919,1.2996099937833017,0.2490754717340072,0,quality_factor,0.43628668785095215,value_factor,0.3675391674041748,volatility_factor,0.18641911447048187
2018-11-05,600000.SH,cn_a,ALL_A_ACTIVE,3,"cp,pca,tucker",1.276681790659543,0.9381650406434953,1.276681790659543,0.2490754717340072,0,quality_factor,0.42605218291282654,value_factor,0.3660094141960144,momentum_factor,0.18609200417995453
2018-11-05,002261.SZ,cn_a,ALL_A_ACTIVE,3,"cp,pca,tucker",1.1508934804857311,0.8530469504192006,1.1508934804857311,0.2490754717340072,0,quality_factor,0.42783358693122864,value_factor,0.374276727437973,volatility_factor,0.15366262197494507
2018-11-05,601166.SH,cn_a,ALL_A_ACTIVE,3,"cp,pca,tucker",1.1468344869289393,0.8574357782405645,1.1468344869289393,0.2490754717340072,0,quality_factor,0.4008003771305084,value_factor,0.36743882298469543,momentum_factor,0.12534508109092712
2018-11-05,601328.SH,cn_a,ALL_A_ACTIVE,3,"cp,pca,tucker",1.1396215079922598,0.8520045837974098,1.1396215079922598,0.2490754717340072,0,quality_factor,0.4231627881526947,value_factor,0.38801348209381104,momentum_factor,0.10310821235179901
2018-11-05,600150.SH,cn_a,ALL_A_ACTIVE,3,"cp,pca,tucker",1.1372980961221486,0.8583139497445796,1.1372980961221486,0.2490754717340072,0,quality_factor,0.4540913999080658,value_factor,0.41952821612358093,volatility_factor,0.06465331465005875
2018-11-05,600016.SH,cn_a,ALL_A_ACTIVE,3,"cp,pca,tucker",1.1328128115347946,0.8531309776486445,1.1328128115347946,0.2490754717340072,0,quality_factor,0.40898942947387695,value_factor,0.3802102506160736,volatility_factor,0.11182994395494461
2018-11-05,601099.SH,cn_a,ALL_A_ACTIVE,3,"cp,pca,tucker",1.121077510313681,0.6918072928933415,1.121077510313681,0.2490754717340072,2,volatility_factor,0.3051069974899292,quality_factor,0.27775824069976807,momentum_factor,0.25635743141174316
2018-11-05,600153.SH,cn_a,ALL_A_ACTIVE,3,"cp,pca,tucker",1.1186816079095767,0.849401030163431,1.1186816079095767,0.2490754717340072,0,quality_factor,0.48786860704421997,value_factor,0.45848548412323,volatility_factor,0.03593648225069046
2018-11-05,002432.SZ,cn_a,ALL_A_ACTIVE,3,"cp,pca,tucker",1.0707475511666729,0.783307138206395,1.0707475511666729,0.2490754717340072,0,volatility_factor,0.33684679865837097,quality_factor,0.2950727343559265,value_factor,0.23444893956184387
2018-11-05,600015.SH,cn_a,ALL_A_ACTIVE,3,"cp,pca,tucker",1.0704048697197783,0.8112981930832815,1.0704048697197783,0.2490754717340072,0,quality_factor,0.4021624028682709,value_factor,0.3835356533527374,volatility_factor,0.14198631048202515
2018-11-05,601668.SH,cn_a,ALL_A_ACTIVE,3,"cp,pca,tucker",1.067960619580354,0.8081286516632807,1.067960619580354,0.2490754717340072,0,quality_factor,0.41592952609062195,value_factor,0.39304205775260925,volatility_factor,0.1213809922337532
2018-11-05,601988.SH,cn_a,ALL_A_ACTIVE,3,"cp,pca,tucker",1.0628214762952348,0.8042487397627242,1.0628214762952348,0.2490754717340072,0,quality_factor,0.41013583540916443,value_factor,0.3905714452266693,volatility_factor,0.13386061787605286
2018-11-05,601997.SH,cn_a,ALL_A_ACTIVE,3,"cp,pca,tucker",1.0619802674603058,0.8071153312843077,1.0619802674603058,0.2490754717340072,0,quality_factor,0.42583009600639343,value_factor,0.4075143039226532,volatility_factor,0.12554432451725006
2018-11-05,600177.SH,cn_a,ALL_A_ACTIVE,3,"cp,pca,tucker",1.0575070340943102,0.8041846536082223,1.0575070340943102,0.2490754717340072,0,quality_factor,0.37316033244132996,value_factor,0.35547757148742676,volatility_factor,0.16540637612342834
2018-11-05,600126.SH,cn_a,ALL_A_ACTIVE,3,"cp,pca,tucker",1.0481329534950623,0.7990498526942899,1.0481329534950623,0.2490754717340072,0,quality_factor,0.45269036293029785,value_factor,0.4358658492565155,volatility_factor,0.0665035992860794
2018-11-05,600704.SH,cn_a,ALL_A_ACTIVE,3,"cp,pca,tucker",1.029768323970732,0.7609171587661739,1.029768323970732,0.2490754717340072,0,quality_factor,0.45074155926704407,value_factor,0.3876040577888489,volatility_factor,0.10392898321151733
2018-11-05,600808.SH,cn_a,ALL_A_ACTIVE,3,"cp,pca,tucker",1.029036475173678,0.7766200594274081,1.029036475173678,0.2490754717340072,0,quality_factor,0.4141073524951935,value_factor,0.3889094889163971,volatility_factor,0.11693476140499115
2018-11-05,600707.SH,cn_a,ALL_A_ACTIVE,3,"cp,pca,tucker",1.021837632700827,0.7224368794056536,1.021837632700827,0.2490754717340072,0,quality_factor,0.3939374089241028,value_factor,0.35376912355422974,volatility_factor,0.14803656935691833
2018-11-05,601288.SH,cn_a,ALL_A_ACTIVE,3,"cp,pca,tucker",1.020544396573874,0.7785869250311808,1.020544396573874,0.2490754717340072,0,quality_factor,0.3957606256008148,value_factor,0.3855205178260803,volatility_factor,0.1674518883228302
2018-11-06,600000.SH,cn_a,ALL_A_ACTIVE,3,"cp,pca,tucker",1.1311327466897956,0.9429133746678208,1.1311327466897956,0.19427314400672913,0,quality_factor,0.4363004267215729,value_factor,0.37014657258987427,momentum_factor,0.17359034717082977
2018-11-06,601328.SH,cn_a,ALL_A_ACTIVE,3,"cp,pca,tucker",1.0353773935544732,0.8641750603077503,1.0353773935544732,0.19427314400672913,0,quality_factor,0.44195669889450073,value_factor,0.3982100188732147,momentum_factor,0.10911913216114044
2018-11-06,600016.SH,cn_a,ALL_A_ACTIVE,3,"cp,pca,tucker",1.0214441101425933,0.852968139205752,1.0214441101425933,0.19427314400672913,0,quality_factor,0.4387880265712738,value_factor,0.40427839756011963,momentum_factor,0.08099521696567535
2018-11-06,002261.SZ,cn_a,ALL_A_ACTIVE,3,"cp,pca,tucker",1.0083239761796705,0.8419011749858903,1.0083239761796705,0.19427314400672913,0,quality_factor,0.3778111934661865,value_factor,0.3352145552635193,volatility_factor,0.17571508884429932
2018-11-06,600153.SH,cn_a,ALL_A_ACTIVE,3,"cp,pca,tucker",0.9987013847751757,0.8348794312838238,0.9987013847751757,0.19427314400672913,0,quality_factor,0.4555613696575165,value_factor,0.4321189820766449,volatility_factor,0.09119997173547745
2018-11-06,601166.SH,cn_a,ALL_A_ACTIVE,3,"cp,pca,tucker",0.997079577596653,0.8326903002342205,0.997079577596653,0.19427314400672913,0,quality_factor,0.41536474227905273,value_factor,0.3855735957622528,volatility_factor,0.10468219965696335
2018-11-06,600150.SH,cn_a,ALL_A_ACTIVE,3,"cp,pca,tucker",0.9929262875375165,0.8295668983990742,0.9929262875375165,0.19427314400672913,0,quality_factor,0.43659070134162903,value_factor,0.4100690484046936,volatility_factor,0.09733453392982483
2018-11-06,601988.SH,cn_a,ALL_A_ACTIVE,3,"cp,pca,tucker",0.9884148616499591,0.8255763730036664,0.9884148616499591,0.19427314400672913,0,quality_factor,0.43569260835647583,value_factor,0.40470799803733826,volatility_factor,0.0869363397359848
2018-11-06,600177.SH,cn_a,ALL_A_ACTIVE,3,"cp,pca,tucker",0.9735193789457061,0.8140752041608771,0.9735193789457061,0.19427314400672913,0,quality_factor,0.3693961501121521,value_factor,0.3480907082557678,volatility_factor,0.15914897620677948
2018-11-06,600015.SH,cn_a,ALL_A_ACTIVE,3,"cp,pca,tucker",0.9629965143996682,0.8047407002813475,0.9629965143996682,0.19427314400672913,0,quality_factor,0.41962793469429016,value_factor,0.3991270959377289,volatility_factor,0.12463341653347015
2018-11-06,600126.SH,cn_a,ALL_A_ACTIVE,3,"cp,pca,tucker",0.9608404203473783,0.8032448763773576,0.9608404203473783,0.19427314400672913,0,quality_factor,0.46413522958755493,value_factor,0.44279345870018005,momentum_factor,0.07499143481254578
2018-11-06,600166.SH,cn_a,ALL_A_ACTIVE,3,"cp,pca,tucker",0.9556167379588137,0.7995980683622599,0.9556167379588137,0.19427314400672913,0,quality_factor,0.44850417971611023,value_factor,0.4319719970226288,volatility_factor,0.11347886174917221
2018-11-06,601288.SH,cn_a,ALL_A_ACTIVE,3,"cp,pca,tucker",0.9515606752618248,0.7952784625110185,0.9515606752618248,0.19427314400672913,0,quality_factor,0.4156104624271393,value_factor,0.3964707553386688,volatility_factor,0.1309327483177185
2018-11-06,002432.SZ,cn_a,ALL_A_ACTIVE,3,"cp,pca,tucker",0.9492705955565959,0.7911571100363836,0.9492705955565959,0.19427314400672913,0,volatility_factor,0.34823185205459595,quality_factor,0.2991265058517456,value_factor,0.23379048705101013
2018-11-06,601398.SH,cn_a,ALL_A_ACTIVE,3,"cp,pca,tucker",0.9354257288173221,0.7822799371100474,0.9354257288173221,0.19427314400672913,0,quality_factor,0.41300439834594727,value_factor,0.39956721663475037,volatility_factor,0.14697764813899994
2018-11-06,601668.SH,cn_a,ALL_A_ACTIVE,3,"cp,pca,tucker",0.9301409684413077,0.7777070196343224,0.9301409684413077,0.19427314400672913,0,quality_factor,0.38867461681365967,value_factor,0.37590718269348145,volatility_factor,0.16631868481636047
2018-11-06,601997.SH,cn_a,ALL_A_ACTIVE,3,"cp,pca,tucker",0.9227454048896977,0.7719723530144994,0.9227454048896977,0.19427314400672913,0,quality_factor,0.39577049016952515,value_factor,0.3885292112827301,volatility_factor,0.17488577961921692
2018-11-06,600208.SH,cn_a,ALL_A_ACTIVE,3,"cp,pca,tucker",0.9055472175185056,0.7571058191102136,0.9055472175185056,0.19427314400672913,0,quality_factor,0.3832544982433319,value_factor,0.36225295066833496,volatility_factor,0.14972399175167084
2018-11-06,600019.SH,cn_a,ALL_A_ACTIVE,3,"cp,pca,tucker",0.8986267145278001,0.7506269258945252,0.8986267145278001,0.19427314400672913,0,quality_factor,0.39137688279151917,value_factor,0.37230977416038513,volatility_factor,0.14869704842567444
2018-11-06,002128.SZ,cn_a,ALL_A_ACTIVE,3,"cp,pca,tucker",0.866117651977123,0.7236760078622669,0.866117651977123,0.19427314400672913,0,quality_factor,0.46306750178337097,value_factor,0.4424678385257721,volatility_factor,0.04963145777583122
2018-11-07,600000.SH,cn_a,ALL_A_ACTIVE,3,"cp,pca,tucker",1.2215544817452237,0.9132354642558775,1.2215544817452237,0.3370200792948405,0,quality_factor,0.44492849707603455,value_factor,0.3813047409057617,momentum_factor,0.15387283265590668
2018-11-07,002261.SZ,cn_a,ALL_A_ACTIVE,3,"cp,pca,tucker",1.220666813833596,0.9128986040709209,1.220666813833596,0.3370200792948405,0,quality_factor,0.4026806652545929,value_factor,0.32576730847358704,volatility_factor,0.26418250799179077
2018-11-07,002432.SZ,cn_a,ALL_A_ACTIVE,3,"cp,pca,tucker",1.1335715936556725,0.8470266486128734,1.1335715936556725,0.3370200792948405,0,volatility_factor,0.41160306334495544,quality_factor,0.33911246061325073,value_factor,0.23848864436149597
2018-11-07,601328.SH,cn_a,ALL_A_ACTIVE,3,"cp,pca,tucker",1.1060310867593897,0.8274363391775665,1.1060310867593897,0.3370200792948405,0,quality_factor,0.43886181712150574,value_factor,0.40279659628868103,momentum_factor,0.08631662279367447
2018-11-07,600150.SH,cn_a,ALL_A_ACTIVE,3,"cp,pca,tucker",1.0991897311686827,0.8222096721063502,1.0991897311686827,0.3370200792948405,0,quality_factor,0.40975481271743774,value_factor,0.3771425783634186,momentum_factor,0.11138242483139038
2018-11-07,600153.SH,cn_a,ALL_A_ACTIVE,3,"cp,pca,tucker",1.094488767250507,0.8191778247311664,1.094488767250507,0.3370200792948405,0,quality_factor,0.47201013565063477,value_factor,0.44858741760253906,volatility_factor,0.07637917995452881
2018-11-07,601166.SH,cn_a,ALL_A_ACTIVE,3,"cp,pca,tucker",1.0873490607536889,0.813475503035134,1.0873490607536889,0.3370200792948405,0,quality_factor,0.41762977838516235,value_factor,0.3883754014968872,volatility_factor,0.1043667271733284
2018-11-07,600016.SH,cn_a,ALL_A_ACTIVE,3,"cp,pca,tucker",1.0761570934161042,0.8051988215399316,1.0761570934161042,0.3370200792948405,0,quality_factor,0.4298354387283325,value_factor,0.40558376908302307,volatility_factor,0.10790251195430756
2018-11-07,600177.SH,cn_a,ALL_A_ACTIVE,3,"cp,pca,tucker",1.0726762709986428,0.8032582653635627,1.0726762709986428,0.3370200792948405,0,quality_factor,0.3718586266040802,value_factor,0.3534407913684845,volatility_factor,0.16452276706695557
2018-11-07,601988.SH,cn_a,ALL_A_ACTIVE,3,"cp,pca,tucker",1.0668081095451347,0.7983098011918143,1.0668081095451347,0.3370200792948405,0,quality_factor,0.42532822489738464,value_factor,0.3997221887111664,volatility_factor,0.10782016813755035
2018-11-07,601288.SH,cn_a,ALL_A_ACTIVE,3,"cp,pca,tucker",1.0467306855019938,0.7833551251237448,1.0467306855019938,0.3370200792948405,0,quality_factor,0.4255417287349701,value_factor,0.4049329459667206,volatility_factor,0.12006444483995438
2018-11-07,600126.SH,cn_a,ALL_A_ACTIVE,3,"cp,pca,tucker",1.04213010820836,0.7801104163431734,1.04213010820836,0.3370200792948405,0,quality_factor,0.4503203332424164,value_factor,0.43393591046333313,momentum_factor,0.08339281380176544
2018-11-07,600015.SH,cn_a,ALL_A_ACTIVE,3,"cp,pca,tucker",1.031382891022526,0.7719045408026136,1.031382891022526,0.3370200792948405,0,quality_factor,0.41245660185813904,value_factor,0.3975445628166199,volatility_factor,0.14371640980243683
2018-11-07,601398.SH,cn_a,ALL_A_ACTIVE,3,"cp,pca,tucker",1.0180998204396023,0.7622811530822481,1.0180998204396023,0.3370200792948405,0,quality_factor,0.41081294417381287,value_factor,0.40059372782707214,volatility_factor,0.1565561592578888
2018-11-07,600166.SH,cn_a,ALL_A_ACTIVE,3,"cp,pca,tucker",1.008394245331208,0.7556002336087291,1.008394245331208,0.3370200792948405,0,value_factor,0.44478166103363037,quality_factor,0.41640159487724304,volatility_factor,0.09451179206371307
2018-11-07,601997.SH,cn_a,ALL_A_ACTIVE,3,"cp,pca,tucker",1.0078404081191152,0.7546656488539841,1.0078404081191152,0.3370200792948405,0,quality_factor,0.5559657216072083,value_factor,0.3262942433357239,volatility_factor,0.08001713454723358
2018-11-07,601668.SH,cn_a,ALL_A_ACTIVE,3,"cp,pca,tucker",1.0004235036434777,0.7489539258673061,1.0004235036434777,0.3370200792948405,0,quality_factor,0.39387571811676025,value_factor,0.38640695810317993,volatility_factor,0.17568530142307281
2018-11-07,600019.SH,cn_a,ALL_A_ACTIVE,3,"cp,pca,tucker",0.9788569946987007,0.7324644356019441,0.9788569946987007,0.3370200792948405,0,quality_factor,0.4104152321815491,value_factor,0.39398765563964844,volatility_factor,0.1414046585559845
2018-11-07,002128.SZ,cn_a,ALL_A_ACTIVE,3,"cp,pca,tucker",0.9572684802327851,0.7163957539268218,0.9572684802327851,0.3370200792948405,0,quality_factor,0.46306750178337097,value_factor,0.4424678385257721,volatility_factor,0.04963145777583122
2018-11-07,600208.SH,cn_a,ALL_A_ACTIVE,3,"cp,pca,tucker",0.9552653582476403,0.7150534885989789,0.9552653582476403,0.3370200792948405,0,quality_factor,0.3788597881793976,value_factor,0.3672542870044708,volatility_factor,0.17624396085739136
2018-11-08,600000.SH,cn_a,ALL_A_ACTIVE,3,"cp,pca,tucker",1.7503589029438447,1.0275415206498988,1.7503589029438447,0.63507612546285,0,quality_factor,0.38951706886291504,value_factor,0.30846911668777466,momentum_factor,0.20613203942775726
2018-11-08,600177.SH,cn_a,ALL_A_ACTIVE,3,"cp,pca,tucker",1.5590194725990765,0.9470788943673653,1.5590194725990765,0.63507612546285,0,quality_factor,0.4258076548576355,value_factor,0.3599546551704407,momentum_factor,0.20665086805820465
2018-11-08,601997.SH,cn_a,ALL_A_ACTIVE,3,"cp,pca,tucker",1.550898700104776,0.9333876023110795,1.550898700104776,0.63507612546285,0,quality_factor,0.4482325613498688,value_factor,0.3856754004955292,momentum_factor,0.15250486135482788
2018-11-08,601328.SH,cn_a,ALL_A_ACTIVE,3,"cp,pca,tucker",1.5455708760073756,0.9256476354569027,1.5455708760073756,0.63507612546285,0,quality_factor,0.4447789192199707,value_factor,0.3813640773296356,momentum_factor,0.1702120304107666
2018-11-08,601166.SH,cn_a,ALL_A_ACTIVE,3,"cp,pca,tucker",1.5206086803977772,0.9116154319760968,1.5206086803977772,0.63507612546285,0,quality_factor,0.43214383721351624,value_factor,0.3765154778957367,momentum_factor,0.16297142207622528
2018-11-08,600016.SH,cn_a,ALL_A_ACTIVE,3,"cp,pca,tucker",1.4832514744254814,0.8946691681411,1.4832514744254814,0.63507612546285,0,quality_factor,0.43819084763526917,value_factor,0.39166566729545593,momentum_factor,0.12358462065458298
2018-11-08,600150.SH,cn_a,ALL_A_ACTIVE,3,"cp,pca,tucker",1.4823770883363852,0.892575743563116,1.4823770883363852,0.63507612546285,0,quality_factor,0.36448076367378235,value_factor,0.3239978849887848,momentum_factor,0.19640392065048218
2018-11-08,600166.SH,cn_a,ALL_A_ACTIVE,3,"cp,pca,tucker",1.4459595828720155,0.8932885615332528,1.4459595828720155,0.63507612546285,0,quality_factor,0.43430379033088684,value_factor,0.38902705907821655,momentum_factor,0.12418545037508011
2018-11-08,601668.SH,cn_a,ALL_A_ACTIVE,3,"cp,pca,tucker",1.4376210438735015,0.8719072510166047,1.4376210438735015,0.63507612546285,0,quality_factor,0.4278469383716583,value_factor,0.38442718982696533,momentum_factor,0.12595301866531372
2018-11-08,600015.SH,cn_a,ALL_A_ACTIVE,3,"cp,pca,tucker",1.4355203269499395,0.8695427600834904,1.4355203269499395,0.63507612546285,0,quality_factor,0.4346064627170563,value_factor,0.39266732335090637,momentum_factor,0.11218113452196121
2018-11-08,600048.SH,cn_a,ALL_A_ACTIVE,3,"cp,pca,tucker",1.4284094639708442,0.8261299242011974,1.4284094639708442,0.63507612546285,0,quality_factor,0.3108454942703247,volatility_factor,0.2494567334651947,momentum_factor,0.23522640764713287
2018-11-08,002244.SZ,cn_a,ALL_A_ACTIVE,3,"cp,pca,tucker",1.4222684365159088,0.8411067856261707,1.4222684365159088,0.63507612546285,0,quality_factor,0.3802640438079834,value_factor,0.29624074697494507,momentum_factor,0.20551063120365143
2018-11-08,601988.SH,cn_a,ALL_A_ACTIVE,3,"cp,pca,tucker",1.4165543191063883,0.8614161679086858,1.4165543191063883,0.63507612546285,0,quality_factor,0.43037620186805725,value_factor,0.3886697590351105,momentum_factor,0.11675497889518738
2018-11-08,601288.SH,cn_a,ALL_A_ACTIVE,3,"cp,pca,tucker",1.3979049162885102,0.8513472204937304,1.3979049162885102,0.63507612546285,0,quality_factor,0.4327123165130615,value_factor,0.39450570940971375,momentum_factor,0.10159795731306076
2018-11-08,601099.SH,cn_a,ALL_A_ACTIVE,3,"cp,pca,tucker",1.3964942805473297,0.7062861875105737,1.3964942805473297,0.63507612546285,2,volatility_factor,0.2972619831562042,quality_factor,0.2840869724750519,momentum_factor,0.24957908689975739
2018-11-08,002080.SZ,cn_a,ALL_A_ACTIVE,3,"cp,pca,tucker",1.3881860758493516,0.7852524173496717,1.3881860758493516,0.63507612546285,0,quality_factor,0.3046377897262573,momentum_factor,0.2965793013572693,volatility_factor,0.2015829086303711
2018-11-08,600019.SH,cn_a,ALL_A_ACTIVE,3,"cp,pca,tucker",1.3803492684030545,0.8305251776444987,1.3803492684030545,0.63507612546285,0,quality_factor,0.4326728880405426,value_factor,0.38740167021751404,momentum_factor,0.126279816031456
2018-11-08,601128.SH,cn_a,ALL_A_ACTIVE,3,"cp,pca,tucker",1.3773489436181643,0.7958468068524401,1.3773489436181643,0.63507612546285,0,quality_factor,0.309651255607605,momentum_factor,0.2562846839427948,volatility_factor,0.23083391785621643
2018-11-08,002432.SZ,cn_a,ALL_A_ACTIVE,3,"cp,pca,tucker",1.3478635609669194,0.8031546156650414,1.3478635609669194,0.63507612546285,0,quality_factor,0.3675248324871063,value_factor,0.28032320737838745,momentum_factor,0.266742467880249
2018-11-08,600153.SH,cn_a,ALL_A_ACTIVE,3,"cp,pca,tucker",1.347074934752557,0.8360981676090317,1.347074934752557,0.63507612546285,0,quality_factor,0.3802787661552429,value_factor,0.36502984166145325,volatility_factor,0.16628369688987732
2018-11-09,600000.SH,cn_a,ALL_A_ACTIVE,3,"cp,pca,tucker",1.2265553284318618,0.9857575564952487,1.2265553284318618,0.23152569929758707,0,quality_factor,0.4169001877307892,value_factor,0.3438349664211273,momentum_factor,0.14057396352291107
2018-11-09,600150.SH,cn_a,ALL_A_ACTIVE,3,"cp,pca,tucker",1.222426580200116,0.9830067195940257,1.222426580200116,0.23152569929758707,0,quality_factor,0.41136765480041504,value_factor,0.34104159474372864,momentum_factor,0.24062089622020721
2018-11-09,600177.SH,cn_a,ALL_A_ACTIVE,3,"cp,pca,tucker",1.2166337326130812,0.9800798037795957,1.2166337326130812,0.23152569929758707,0,quality_factor,0.4138311743736267,value_factor,0.34035444259643555,momentum_factor,0.17814138531684875
2018-11-09,600166.SH,cn_a,ALL_A_ACTIVE,3,"cp,pca,tucker",1.19243796956952,0.9619070570253166,1.19243796956952,0.23152569929758707,0,quality_factor,0.4333841800689697,value_factor,0.3657437562942505,momentum_factor,0.14030437171459198
2018-11-09,601997.SH,cn_a,ALL_A_ACTIVE,3,"cp,pca,tucker",1.134806480160744,0.9154300697273193,1.134806480160744,0.23152569929758707,0,quality_factor,0.4654923677444458,value_factor,0.4076235294342041,momentum_factor,0.08946187049150467
2018-11-09,002244.SZ,cn_a,ALL_A_ACTIVE,3,"cp,pca,tucker",1.1297853327166758,0.9049708947489347,1.1297853327166758,0.23152569929758707,0,quality_factor,0.33365511894226074,momentum_factor,0.2793164551258087,value_factor,0.23545140027999878
2018-11-09,600153.SH,cn_a,ALL_A_ACTIVE,3,"cp,pca,tucker",1.1144114640652123,0.9010500118096955,1.1144114640652123,0.23152569929758707,0,quality_factor,0.44247081875801086,value_factor,0.40321972966194153,momentum_factor,0.09281442314386368
2018-11-09,601328.SH,cn_a,ALL_A_ACTIVE,3,"cp,pca,tucker",1.1008446259854736,0.8881677820877037,1.1008446259854736,0.23152569929758707,0,quality_factor,0.4634707272052765,value_factor,0.41203609108924866,momentum_factor,0.10850239545106888
2018-11-09,600016.SH,cn_a,ALL_A_ACTIVE,3,"cp,pca,tucker",1.096128988973656,0.8850849006999777,1.096128988973656,0.23152569929758707,0,quality_factor,0.45891430974006653,value_factor,0.4161623418331146,momentum_factor,0.08407438546419144
2018-11-09,601166.SH,cn_a,ALL_A_ACTIVE,3,"cp,pca,tucker",1.089574604299618,0.8793453286289146,1.089574604299618,0.23152569929758707,0,quality_factor,0.47350338101387024,value_factor,0.42587223649024963,momentum_factor,0.08249274641275406
2018-11-09,601668.SH,cn_a,ALL_A_ACTIVE,3,"cp,pca,tucker",1.0688924983376238,0.8634911336486871,1.0688924983376238,0.23152569929758707,0,quality_factor,0.4504046142101288,value_factor,0.4106642007827759,momentum_factor,0.08442594110965729
2018-11-09,600015.SH,cn_a,ALL_A_ACTIVE,3,"cp,pca,tucker",1.0438410938567868,0.8440279943190503,1.0438410938567868,0.23152569929758707,0,quality_factor,0.45571646094322205,value_factor,0.42292770743370056,volatility_factor,0.06789630651473999
2018-11-09,600704.SH,cn_a,ALL_A_ACTIVE,3,"cp,pca,tucker",1.0350690853356044,0.8319799638110322,1.0350690853356044,0.23152569929758707,0,quality_factor,0.4193801283836365,value_factor,0.34785208106040955,momentum_factor,0.18225638568401337
2018-11-09,601988.SH,cn_a,ALL_A_ACTIVE,3,"cp,pca,tucker",1.0264164468150432,0.8304461353990478,1.0264164468150432,0.23152569929758707,0,quality_factor,0.4448290169239044,value_factor,0.4140205383300781,volatility_factor,0.08072838932275772
2018-11-09,600208.SH,cn_a,ALL_A_ACTIVE,3,"cp,pca,tucker",1.0041421699995918,0.8121781881808546,1.0041421699995918,0.23152569929758707,0,quality_factor,0.4296678602695465,value_factor,0.39399272203445435,momentum_factor,0.096773162484169
2018-11-09,600606.SH,cn_a,ALL_A_ACTIVE,3,"cp,pca,tucker",0.9794386729162771,0.7900111088319487,0.9794386729162771,0.23152569929758707,0,quality_factor,0.4636682868003845,value_factor,0.41034042835235596,momentum_factor,0.11492487788200378
2018-11-09,601288.SH,cn_a,ALL_A_ACTIVE,3,"cp,pca,tucker",0.9723615056725413,0.7884843499145724,0.9723615056725413,0.23152569929758707,0,quality_factor,0.44967663288116455,value_factor,0.4338511526584625,volatility_factor,0.11437975615262985
2018-11-09,002080.SZ,cn_a,ALL_A_ACTIVE,3,"cp,pca,tucker",0.9661955743978209,0.7698300319099021,0.9661955743978209,0.23152569929758707,0,quality_factor,0.31744658946990967,momentum_factor,0.2641507387161255,value_factor,0.21371474862098694
2018-11-09,600126.SH,cn_a,ALL_A_ACTIVE,3,"cp,pca,tucker",0.9585000447082388,0.7788218246473696,0.9585000447082388,0.23152569929758707,0,quality_factor,0.4226984679698944,value_factor,0.4170522689819336,volatility_factor,0.13458722829818726
2018-11-09,601128.SH,cn_a,ALL_A_ACTIVE,3,"cp,pca,tucker",0.9576113731308178,0.7663628998094599,0.9576113731308178,0.23152569929758707,0,quality_factor,0.3340490460395813,volatility_factor,0.23691026866436005,value_factor,0.23468443751335144
2018-11-12,600166.SH,cn_a,ALL_A_ACTIVE,3,"cp,pca,tucker",1.8276707908901708,1.064871480496661,1.8276707908901708,0.7587849696477255,0,quality_factor,0.3743301033973694,value_factor,0.2882717549800873,momentum_factor,0.20559173822402954
2018-11-12,600150.SH,cn_a,ALL_A_ACTIVE,3,"cp,pca,tucker",1.8219114501980587,1.055722362990751,1.8219114501980587,0.7587849696477255,0,quality_factor,0.3950076401233673,value_factor,0.31638532876968384,momentum_factor,0.24399378895759583
2018-11-12,600000.SH,cn_a,ALL_A_ACTIVE,3,"cp,pca,tucker",1.7562764514407048,1.0184455943862942,1.7562764514407048,0.7587849696477255,0,quality_factor,0.41692787408828735,value_factor,0.3439907133579254,momentum_factor,0.1480989009141922
2018-11-12,600177.SH,cn_a,ALL_A_ACTIVE,3,"cp,pca,tucker",1.69244300734457,0.983152160465696,1.69244300734457,0.7587849696477255,0,quality_factor,0.4055037200450897,value_factor,0.3295096158981323,momentum_factor,0.19224891066551208
2018-11-12,600153.SH,cn_a,ALL_A_ACTIVE,3,"cp,pca,tucker",1.6547146102724317,0.9547814646243334,1.6547146102724317,0.7587849696477255,0,quality_factor,0.4412604570388794,value_factor,0.39060547947883606,momentum_factor,0.13405494391918182
2018-11-12,601997.SH,cn_a,ALL_A_ACTIVE,3,"cp,pca,tucker",1.6303938517399923,0.942831391486321,1.6303938517399923,0.7587849696477255,0,quality_factor,0.45847710967063904,value_factor,0.39876049757003784,momentum_factor,0.11874669790267944
2018-11-12,601166.SH,cn_a,ALL_A_ACTIVE,3,"cp,pca,tucker",1.6143615658016477,0.9323088430949681,1.6143615658016477,0.7587849696477255,0,quality_factor,0.4704148471355438,value_factor,0.415979266166687,momentum_factor,0.11011162400245667
2018-11-12,002244.SZ,cn_a,ALL_A_ACTIVE,3,"cp,pca,tucker",1.6058288369515434,0.9385432942032453,1.6058288369515434,0.7587849696477255,0,quality_factor,0.32017093896865845,momentum_factor,0.26601269841194153,value_factor,0.2173130065202713
2018-11-12,600704.SH,cn_a,ALL_A_ACTIVE,3,"cp,pca,tucker",1.604873172956142,0.9359681865456615,1.604873172956142,0.7587849696477255,0,quality_factor,0.35111790895462036,value_factor,0.2578548789024353,momentum_factor,0.2293318808078766
2018-11-12,600016.SH,cn_a,ALL_A_ACTIVE,3,"cp,pca,tucker",1.6031012308002783,0.9235596171226407,1.6031012308002783,0.7587849696477255,0,quality_factor,0.45057427883148193,value_factor,0.4080667793750763,momentum_factor,0.09383773803710938
2018-11-12,601328.SH,cn_a,ALL_A_ACTIVE,3,"cp,pca,tucker",1.6021092528481307,0.9256801954095089,1.6021092528481307,0.7587849696477255,0,quality_factor,0.4543895721435547,value_factor,0.40086549520492554,momentum_factor,0.12733376026153564
2018-11-12,601668.SH,cn_a,ALL_A_ACTIVE,3,"cp,pca,tucker",1.5903997758061272,0.9189252395642521,1.5903997758061272,0.7587849696477255,0,quality_factor,0.4506216049194336,value_factor,0.39748415350914,momentum_factor,0.1307973712682724
2018-11-12,600015.SH,cn_a,ALL_A_ACTIVE,3,"cp,pca,tucker",1.563910793872588,0.9013021812329635,1.563910793872588,0.7587849696477255,0,quality_factor,0.43907198309898376,value_factor,0.3994794189929962,momentum_factor,0.09832891821861267
2018-11-12,601988.SH,cn_a,ALL_A_ACTIVE,3,"cp,pca,tucker",1.5295566479914477,0.8819073870944837,1.5295566479914477,0.7587849696477255,0,quality_factor,0.44319403171539307,value_factor,0.40378186106681824,momentum_factor,0.09245475381612778
2018-11-12,002261.SZ,cn_a,ALL_A_ACTIVE,3,"cp,pca,tucker",1.5148076128475367,0.8775925283640235,1.5148076128475367,0.7587849696477255,0,quality_factor,0.3863111436367035,value_factor,0.3260415196418762,momentum_factor,0.23755046725273132
2018-11-12,600208.SH,cn_a,ALL_A_ACTIVE,3,"cp,pca,tucker",1.4793772779827146,0.8500239025992707,1.4793772779827146,0.7587849696477255,0,quality_factor,0.4078620970249176,value_factor,0.37146586179733276,momentum_factor,0.1270420253276825
2018-11-12,601699.SH,cn_a,ALL_A_ACTIVE,3,"cp,pca,tucker",1.4510989587404524,0.8405204740875661,1.4510989587404524,0.7587849696477255,0,quality_factor,0.46335041522979736,value_factor,0.4052658975124359,momentum_factor,0.11834884434938431
2018-11-12,600601.SH,cn_a,ALL_A_ACTIVE,3,"cp,pca,tucker",1.4448896956462522,0.8452062554785273,1.4448896956462522,0.7587849696477255,0,momentum_factor,0.3370213806629181,quality_factor,0.3031533658504486,value_factor,0.19586177170276642
2018-11-12,601288.SH,cn_a,ALL_A_ACTIVE,3,"cp,pca,tucker",1.4267643039660778,0.8189590461688852,1.4267643039660778,0.7587849696477255,0,quality_factor,0.5081618428230286,value_factor,0.366878867149353,volatility_factor,0.08498188108205795
2018-11-12,600019.SH,cn_a,ALL_A_ACTIVE,3,"cp,pca,tucker",1.4224126965191175,0.8213683670349265,1.4224126965191175,0.7587849696477255,0,quality_factor,0.4402264952659607,value_factor,0.4043055772781372,momentum_factor,0.08410909026861191
2018-11-13,600166.SH,cn_a,ALL_A_ACTIVE,3,"cp,pca,tucker",1.8968099154560727,1.1353446329741692,1.8968099154560727,0.6335415045420328,0,quality_factor,0.34555941820144653,value_factor,0.25040626525878906,momentum_factor,0.22970211505889893
2018-11-13,600153.SH,cn_a,ALL_A_ACTIVE,3,"cp,pca,tucker",1.7806413105321959,1.0744250279062058,1.7806413105321959,0.6335415045420328,0,quality_factor,0.40734976530075073,value_factor,0.3319151699542999,momentum_factor,0.1896819919347763
2018-11-13,600150.SH,cn_a,ALL_A_ACTIVE,3,"cp,pca,tucker",1.7485895463055288,1.0584185158152737,1.7485895463055288,0.6335415045420328,0,quality_factor,0.41390445828437805,value_factor,0.342787504196167,momentum_factor,0.24015790224075317
2018-11-13,600000.SH,cn_a,ALL_A_ACTIVE,3,"cp,pca,tucker",1.7169577601571513,1.0343900907481485,1.7169577601571513,0.6335415045420328,0,quality_factor,0.42693668603897095,value_factor,0.35737091302871704,momentum_factor,0.15284211933612823
2018-11-13,002244.SZ,cn_a,ALL_A_ACTIVE,3,"cp,pca,tucker",1.6922162970665997,1.0161689140823755,1.6922162970665997,0.6335415045420328,0,quality_factor,0.2953442335128784,volatility_factor,0.28453558683395386,momentum_factor,0.23628871142864227
2018-11-13,600177.SH,cn_a,ALL_A_ACTIVE,3,"cp,pca,tucker",1.6872901436742636,1.0112956052209976,1.6872901436742636,0.6335415045420328,0,quality_factor,0.3885250985622406,value_factor,0.3070168197154999,momentum_factor,0.19710823893547058
2018-11-13,600704.SH,cn_a,ALL_A_ACTIVE,3,"cp,pca,tucker",1.6541444140654897,0.9954725632906145,1.6541444140654897,0.6335415045420328,0,quality_factor,0.3178168833255768,momentum_factor,0.26854026317596436,value_factor,0.21421444416046143
2018-11-13,601997.SH,cn_a,ALL_A_ACTIVE,3,"cp,pca,tucker",1.638736157843953,0.9860816041902383,1.638736157843953,0.6335415045420328,0,quality_factor,0.4419292211532593,value_factor,0.37719064950942993,momentum_factor,0.14584147930145264
2018-11-13,600606.SH,cn_a,ALL_A_ACTIVE,3,"cp,pca,tucker",1.6348675353053765,0.978443982892175,1.6348675353053765,0.6335415045420328,0,quality_factor,0.3542015254497528,value_factor,0.2616013288497925,momentum_factor,0.2093368023633957
2018-11-13,601668.SH,cn_a,ALL_A_ACTIVE,3,"cp,pca,tucker",1.5911130126851132,0.9593187887630538,1.5911130126851132,0.6335415045420328,0,quality_factor,0.44976288080215454,value_factor,0.3903115391731262,momentum_factor,0.15387296676635742
2018-11-13,601166.SH,cn_a,ALL_A_ACTIVE,3,"cp,pca,tucker",1.581994180084899,0.9537817696151693,1.581994180084899,0.6335415045420328,0,quality_factor,0.4479161500930786,value_factor,0.39986541867256165,momentum_factor,0.11651824414730072
2018-11-13,002261.SZ,cn_a,ALL_A_ACTIVE,3,"cp,pca,tucker",1.5732035599298237,0.9442100991526025,1.5732035599298237,0.6335415045420328,0,quality_factor,0.37636399269104004,momentum_factor,0.30850911140441895,value_factor,0.292646199464798
2018-11-13,601328.SH,cn_a,ALL_A_ACTIVE,3,"cp,pca,tucker",1.56677410954497,0.9431305125834041,1.56677410954497,0.6335415045420328,0,quality_factor,0.45158907771110535,value_factor,0.40181681513786316,momentum_factor,0.11783690005540848
2018-11-13,600016.SH,cn_a,ALL_A_ACTIVE,3,"cp,pca,tucker",1.5328965967121124,0.9265629968180153,1.5328965967121124,0.6335415045420328,0,quality_factor,0.42227455973625183,value_factor,0.3935706913471222,volatility_factor,0.1023545041680336
2018-11-13,600015.SH,cn_a,ALL_A_ACTIVE,3,"cp,pca,tucker",1.5212052112889578,0.9177555896925121,1.5212052112889578,0.6335415045420328,0,quality_factor,0.4192330837249756,value_factor,0.38677525520324707,momentum_factor,0.09873969852924347
2018-11-13,600208.SH,cn_a,ALL_A_ACTIVE,3,"cp,pca,tucker",1.5012365095366444,0.9091395360735072,1.5012365095366444,0.6335415045420328,0,quality_factor,0.417092889547348,value_factor,0.3685562312602997,momentum_factor,0.15757682919502258
2018-11-13,600707.SH,cn_a,ALL_A_ACTIVE,3,"cp,pca,tucker",1.4984986123162969,0.9097923446270663,1.4984986123162969,0.6335415045420328,0,quality_factor,0.4111979007720947,value_factor,0.34135526418685913,momentum_factor,0.2391132116317749
2018-11-13,601988.SH,cn_a,ALL_A_ACTIVE,3,"cp,pca,tucker",1.4889379995035963,0.8961953648128632,1.4889379995035963,0.6335415045420328,0,quality_factor,0.4309040904045105,value_factor,0.39654409885406494,momentum_factor,0.09050801396369934
2018-11-13,601699.SH,cn_a,ALL_A_ACTIVE,3,"cp,pca,tucker",1.471250004026558,0.8871018857983256,1.471250004026558,0.6335415045420328,0,quality_factor,0.4347374439239502,value_factor,0.36791038513183594,momentum_factor,0.16138949990272522
2018-11-13,600348.SH,cn_a,ALL_A_ACTIVE,3,"cp,pca,tucker",1.4635059700321082,0.8805894358621867,1.4635059700321082,0.6335415045420328,0,quality_factor,0.44289129972457886,value_factor,0.37898150086402893,momentum_factor,0.17688727378845215
2018-11-14,600166.SH,cn_a,ALL_A_ACTIVE,3,"cp,pca,tucker",1.4559226659712048,1.1039621872231713,1.4559226659712048,0.35551610589027405,0,quality_factor,0.35664576292037964,value_factor,0.2653108537197113,momentum_factor,0.24026183784008026
2018-11-14,600150.SH,cn_a,ALL_A_ACTIVE,3,"cp,pca,tucker",1.3898313011649301,1.0399474596164298,1.3898313011649301,0.35551610589027405,0,quality_factor,0.41719749569892883,value_factor,0.345024049282074,momentum_factor,0.18964117765426636
2018-11-14,002261.SZ,cn_a,ALL_A_ACTIVE,3,"cp,pca,tucker",1.3798481944174545,1.042063719903813,1.3798481944174545,0.35551610589027405,0,quality_factor,0.3344276547431946,momentum_factor,0.2518332898616791,value_factor,0.2359931319952011
2018-11-14,600153.SH,cn_a,ALL_A_ACTIVE,3,"cp,pca,tucker",1.372955107743833,1.0312342271165666,1.372955107743833,0.35551610589027405,0,quality_factor,0.4238165020942688,value_factor,0.3538053333759308,momentum_factor,0.18968577682971954
2018-11-14,002432.SZ,cn_a,ALL_A_ACTIVE,3,"cp,pca,tucker",1.3132541654033556,0.9853619662372726,1.3132541654033556,0.35551610589027405,0,quality_factor,0.28975221514701843,momentum_factor,0.2820732891559601,volatility_factor,0.2510337233543396
2018-11-14,002244.SZ,cn_a,ALL_A_ACTIVE,3,"cp,pca,tucker",1.3085680424726631,0.9840472775305615,1.3085680424726631,0.35551610589027405,0,quality_factor,0.3019009232521057,volatility_factor,0.2595147490501404,momentum_factor,0.245880588889122
2018-11-14,600704.SH,cn_a,ALL_A_ACTIVE,3,"cp,pca,tucker",1.2745894034862668,0.9567836072082373,1.2745894034862668,0.35551610589027405,0,quality_factor,0.32803452014923096,momentum_factor,0.28220194578170776,value_factor,0.22801761329174042
2018-11-14,600177.SH,cn_a,ALL_A_ACTIVE,3,"cp,pca,tucker",1.2725847059388327,0.9659092835567842,1.2725847059388327,0.35551610589027405,0,quality_factor,0.4126296937465668,value_factor,0.33883053064346313,momentum_factor,0.18253979086875916
2018-11-14,600606.SH,cn_a,ALL_A_ACTIVE,3,"cp,pca,tucker",1.2514400925462281,0.9482692712842359,1.2514400925462281,0.35551610589027405,0,quality_factor,0.3671347498893738,value_factor,0.2788759171962738,momentum_factor,0.21446622908115387
2018-11-14,601997.SH,cn_a,ALL_A_ACTIVE,3,"cp,pca,tucker",1.2425531484969459,0.9395618850974312,1.2425531484969459,0.35551610589027405,0,quality_factor,0.457038551568985,value_factor,0.40182313323020935,momentum_factor,0.1298505812883377
2018-11-14,600000.SH,cn_a,ALL_A_ACTIVE,3,"cp,pca,tucker",1.2393673363975914,0.935384002582194,1.2393673363975914,0.35551610589027405,0,quality_factor,0.4501309394836426,value_factor,0.40403786301612854,momentum_factor,0.10688433051109314
2018-11-14,601166.SH,cn_a,ALL_A_ACTIVE,3,"cp,pca,tucker",1.2267716887596236,0.9262587406559922,1.2267716887596236,0.35551610589027405,0,quality_factor,0.45269647240638733,value_factor,0.40782278776168823,momentum_factor,0.09937402606010437
2018-11-14,600208.SH,cn_a,ALL_A_ACTIVE,3,"cp,pca,tucker",1.208907345929804,0.9067176062356683,1.208907345929804,0.35551610589027405,0,quality_factor,0.37390944361686707,value_factor,0.3203587234020233,momentum_factor,0.23000845313072205
2018-11-14,601668.SH,cn_a,ALL_A_ACTIVE,3,"cp,pca,tucker",1.1995305306532091,0.9044024575366527,1.1995305306532091,0.35551610589027405,0,quality_factor,0.4336223304271698,value_factor,0.3905206322669983,momentum_factor,0.11749338358640671
2018-11-14,601328.SH,cn_a,ALL_A_ACTIVE,3,"cp,pca,tucker",1.1644202186170263,0.882053221389202,1.1644202186170263,0.35551610589027405,0,quality_factor,0.43483802676200867,value_factor,0.4026094079017639,volatility_factor,0.0844711884856224
2018-11-14,600015.SH,cn_a,ALL_A_ACTIVE,3,"cp,pca,tucker",1.1488716911274137,0.8682296625839783,1.1488716911274137,0.35551610589027405,0,quality_factor,0.412817120552063,value_factor,0.391486257314682,volatility_factor,0.12752749025821686
2018-11-14,600016.SH,cn_a,ALL_A_ACTIVE,3,"cp,pca,tucker",1.1361754073782901,0.8566734261157981,1.1361754073782901,0.35551610589027405,0,quality_factor,0.40920236706733704,value_factor,0.39792490005493164,volatility_factor,0.1551017314195633
2018-11-14,601988.SH,cn_a,ALL_A_ACTIVE,3,"cp,pca,tucker",1.126373623652631,0.8544905883786761,1.126373623652631,0.35551610589027405,0,quality_factor,0.42888814210891724,value_factor,0.40428751707077026,volatility_factor,0.10772581398487091
2018-11-14,600390.SH,cn_a,ALL_A_ACTIVE,3,"cp,pca,tucker",1.1160664016236317,0.839277984669931,1.1160664016236317,0.35551610589027405,0,momentum_factor,0.2858108878135681,quality_factor,0.2833367884159088,volatility_factor,0.2621166408061981
2018-11-14,600126.SH,cn_a,ALL_A_ACTIVE,3,"cp,pca,tucker",1.1132400590163012,0.8412208635259996,1.1132400590163012,0.35551610589027405,0,quality_factor,0.36832067370414734,value_factor,0.3502608835697174,volatility_factor,0.16798347234725952
2018-11-15,600150.SH,cn_a,ALL_A_ACTIVE,3,"cp,pca,tucker",1.9757961195036247,1.168451453880734,1.9757961195036247,0.7167067130406698,0,quality_factor,0.3705717623233795,value_factor,0.28334081172943115,momentum_factor,0.20864078402519226
2018-11-15,600166.SH,cn_a,ALL_A_ACTIVE,3,"cp,pca,tucker",1.9133542501352547,1.148271291182432,1.9133542501352547,0.7167067130406698,0,quality_factor,0.3402616083621979,value_factor,0.24328391253948212,momentum_factor,0.22465600073337555
2018-11-15,002261.SZ,cn_a,ALL_A_ACTIVE,3,"cp,pca,tucker",1.866540800645243,1.1175995155629543,1.866540800645243,0.7167067130406698,0,quality_factor,0.3025543689727783,volatility_factor,0.2743702232837677,momentum_factor,0.22979982197284698
2018-11-15,600153.SH,cn_a,ALL_A_ACTIVE,3,"cp,pca,tucker",1.8325166098330439,1.0865178419385906,1.8325166098330439,0.7167067130406698,0,quality_factor,0.40631812810897827,value_factor,0.3308008313179016,momentum_factor,0.2059507668018341
2018-11-15,600208.SH,cn_a,ALL_A_ACTIVE,3,"cp,pca,tucker",1.7998811807884334,1.0652778180116,1.7998811807884334,0.7167067130406698,0,quality_factor,0.35340940952301025,momentum_factor,0.2868135869503021,value_factor,0.2618125379085541
2018-11-15,002432.SZ,cn_a,ALL_A_ACTIVE,3,"cp,pca,tucker",1.7575631979852482,1.0475100017956636,1.7575631979852482,0.7167067130406698,0,volatility_factor,0.3098981976509094,quality_factor,0.2738930583000183,momentum_factor,0.26049718260765076
2018-11-15,600000.SH,cn_a,ALL_A_ACTIVE,3,"cp,pca,tucker",1.713550237970188,1.0179627404241038,1.713550237970188,0.7167067130406698,0,quality_factor,0.44949549436569214,value_factor,0.38702142238616943,momentum_factor,0.13144385814666748
2018-11-15,601166.SH,cn_a,ALL_A_ACTIVE,3,"cp,pca,tucker",1.7005088427157522,1.0105592554017122,1.7005088427157522,0.7167067130406698,0,quality_factor,0.45103397965431213,value_factor,0.3891584873199463,momentum_factor,0.13725614547729492
2018-11-15,600704.SH,cn_a,ALL_A_ACTIVE,3,"cp,pca,tucker",1.6972639170613792,1.0102208188850057,1.6972639170613792,0.7167067130406698,0,quality_factor,0.31172019243240356,momentum_factor,0.26484644412994385,volatility_factor,0.2173796445131302
2018-11-15,601997.SH,cn_a,ALL_A_ACTIVE,3,"cp,pca,tucker",1.6947314824381123,1.0093054386008387,1.6947314824381123,0.7167067130406698,0,quality_factor,0.4329228401184082,value_factor,0.36555683612823486,momentum_factor,0.16728335618972778
2018-11-15,601668.SH,cn_a,ALL_A_ACTIVE,3,"cp,pca,tucker",1.6933217021398033,1.0059443164401307,1.6933217021398033,0.7167067130406698,0,quality_factor,0.42927032709121704,value_factor,0.3608802855014801,momentum_factor,0.17814402282238007
2018-11-15,600601.SH,cn_a,ALL_A_ACTIVE,3,"cp,pca,tucker",1.6666899070766021,0.9950730650955565,1.6666899070766021,0.7167067130406698,0,volatility_factor,0.32581397891044617,momentum_factor,0.27424898743629456,quality_factor,0.2610533833503723
2018-11-15,600606.SH,cn_a,ALL_A_ACTIVE,3,"cp,pca,tucker",1.664706748051178,0.9992748331212814,1.664706748051178,0.7167067130406698,0,quality_factor,0.34343650937080383,value_factor,0.24783948063850403,momentum_factor,0.24398452043533325
2018-11-15,600177.SH,cn_a,ALL_A_ACTIVE,3,"cp,pca,tucker",1.6449347036035185,0.9848439761924997,1.6449347036035185,0.7167067130406698,0,quality_factor,0.39883267879486084,value_factor,0.3208753764629364,momentum_factor,0.20681846141815186
2018-11-15,600015.SH,cn_a,ALL_A_ACTIVE,3,"cp,pca,tucker",1.6182889352741583,0.96058749962088,1.6182889352741583,0.7167067130406698,0,quality_factor,0.42838409543037415,value_factor,0.3866996765136719,momentum_factor,0.11921362578868866
2018-11-15,002244.SZ,cn_a,ALL_A_ACTIVE,3,"cp,pca,tucker",1.6069018931354806,0.9585534873062227,1.6069018931354806,0.7167067130406698,0,quality_factor,0.3133748769760132,momentum_factor,0.26161524653434753,volatility_factor,0.21679796278476715
2018-11-15,601328.SH,cn_a,ALL_A_ACTIVE,3,"cp,pca,tucker",1.6054270381750124,0.9555229213802403,1.6054270381750124,0.7167067130406698,0,quality_factor,0.45229628682136536,value_factor,0.40311434864997864,momentum_factor,0.11488164961338043
2018-11-15,600016.SH,cn_a,ALL_A_ACTIVE,3,"cp,pca,tucker",1.5865976920665723,0.9385170952285026,1.5865976920665723,0.7167067130406698,0,quality_factor,0.42639508843421936,value_factor,0.39970579743385315,volatility_factor,0.10435628145933151
2018-11-15,600808.SH,cn_a,ALL_A_ACTIVE,3,"cp,pca,tucker",1.532752044353818,0.9121403427103569,1.532752044353818,0.7167067130406698,0,quality_factor,0.4267975091934204,value_factor,0.37218645215034485,momentum_factor,0.16629144549369812
2018-11-15,600348.SH,cn_a,ALL_A_ACTIVE,3,"cp,pca,tucker",1.5207220104454187,0.9057357100395164,1.5207220104454187,0.7167067130406698,0,quality_factor,0.4257858693599701,value_factor,0.3575042486190796,momentum_factor,0.21516864001750946
2018-11-16,002261.SZ,cn_a,ALL_A_ACTIVE,3,"cp,pca,tucker",1.7817345556661133,1.098860672540397,1.7817345556661133,0.527320921421051,0,quality_factor,0.2990328073501587,volatility_factor,0.2787354290485382,momentum_factor,0.23357148468494415
2018-11-16,600166.SH,cn_a,ALL_A_ACTIVE,3,"cp,pca,tucker",1.7678323136773268,1.100669555683454,1.7678323136773268,0.527320921421051,0,quality_factor,0.3534463047981262,value_factor,0.2610095143318176,momentum_factor,0.23721438646316528
2018-11-16,600150.SH,cn_a,ALL_A_ACTIVE,3,"cp,pca,tucker",1.746215604002004,1.100530939548183,1.746215604002004,0.527320921421051,0,quality_factor,0.3769058883190155,value_factor,0.29217374324798584,momentum_factor,0.23446238040924072
2018-11-16,002432.SZ,cn_a,ALL_A_ACTIVE,3,"cp,pca,tucker",1.6611123521916147,1.0227745726547826,1.6611123521916147,0.527320921421051,0,volatility_factor,0.31359994411468506,quality_factor,0.2709067761898041,momentum_factor,0.263695627450943
2018-11-16,002244.SZ,cn_a,ALL_A_ACTIVE,3,"cp,pca,tucker",1.5960799412068363,0.9851140561474319,1.5960799412068363,0.527320921421051,0,quality_factor,0.29889628291130066,volatility_factor,0.2702464461326599,momentum_factor,0.24220691621303558
2018-11-16,600153.SH,cn_a,ALL_A_ACTIVE,3,"cp,pca,tucker",1.5249742888918094,0.9700410725547309,1.5249742888918094,0.527320921421051,0,quality_factor,0.3909483850002289,value_factor,0.34260356426239014,momentum_factor,0.19004471600055695
2018-11-16,600208.SH,cn_a,ALL_A_ACTIVE,3,"cp,pca,tucker",1.522071621513101,0.9666240860514543,1.522071621513101,0.527320921421051,0,quality_factor,0.37631458044052124,momentum_factor,0.31650400161743164,value_factor,0.2970476448535919
2018-11-16,600601.SH,cn_a,ALL_A_ACTIVE,3,"cp,pca,tucker",1.5007536295542547,0.9251046984203027,1.5007536295542547,0.527320921421051,0,momentum_factor,0.29708731174468994,volatility_factor,0.2780149281024933,quality_factor,0.27160924673080444
2018-11-16,600177.SH,cn_a,ALL_A_ACTIVE,3,"cp,pca,tucker",1.4732761699085273,0.9304985555313198,1.4732761699085273,0.527320921421051,0,quality_factor,0.4213327169418335,value_factor,0.3509649336338043,momentum_factor,0.2179289311170578
2018-11-16,600606.SH,cn_a,ALL_A_ACTIVE,3,"cp,pca,tucker",1.4541704697112345,0.9067482103740008,1.4541704697112345,0.527320921421051,0,quality_factor,0.36454394459724426,momentum_factor,0.29940280318260193,value_factor,0.27679428458213806
2018-11-16,600704.SH,cn_a,ALL_A_ACTIVE,3,"cp,pca,tucker",1.445962010268298,0.9036002603242831,1.445962010268298,0.527320921421051,0,quality_factor,0.334719181060791,momentum_factor,0.3089473843574524,value_factor,0.23734915256500244
2018-11-16,601668.SH,cn_a,ALL_A_ACTIVE,3,"cp,pca,tucker",1.4397191167117371,0.91693027286028,1.4397191167117371,0.527320921421051,0,quality_factor,0.40307456254959106,value_factor,0.3552452325820923,momentum_factor,0.17284606397151947
2018-11-16,600000.SH,cn_a,ALL_A_ACTIVE,3,"cp,pca,tucker",1.399771411806557,0.9000930033931634,1.399771411806557,0.527320921421051,0,quality_factor,0.41853150725364685,value_factor,0.3869437575340271,volatility_factor,0.09792114794254303
2018-11-16,601997.SH,cn_a,ALL_A_ACTIVE,3,"cp,pca,tucker",1.3950680601276302,0.8933292960977255,1.3950680601276302,0.527320921421051,0,quality_factor,0.39309069514274597,value_factor,0.3585023880004883,momentum_factor,0.13942790031433105
2018-11-16,002423.SZ,cn_a,ALL_A_ACTIVE,3,"cp,pca,tucker",1.3635234548903685,0.8259009921837667,1.3635234548903685,0.527320921421051,2,volatility_factor,0.3516955077648163,momentum_factor,0.296611487865448,quality_factor,0.2401740849018097
2018-11-16,600126.SH,cn_a,ALL_A_ACTIVE,3,"cp,pca,tucker",1.3535999203831839,0.8691336347575173,1.3535999203831839,0.527320921421051,0,quality_factor,0.3664393126964569,value_factor,0.3380313217639923,momentum_factor,0.15185946226119995
2018-11-16,601166.SH,cn_a,ALL_A_ACTIVE,3,"cp,pca,tucker",1.3190276757279993,0.8533136444664109,1.3190276757279993,0.527320921421051,0,quality_factor,0.3961259126663208,value_factor,0.37956488132476807,volatility_factor,0.151502326130867
2018-11-16,601328.SH,cn_a,ALL_A_ACTIVE,3,"cp,pca,tucker",1.3071455288386657,0.8451235195324377,1.3071455288386657,0.527320921421051,0,quality_factor,0.3980540335178375,value_factor,0.37992924451828003,volatility_factor,0.14621974527835846
2018-11-16,600820.SH,cn_a,ALL_A_ACTIVE,3,"cp,pca,tucker",1.293655833172797,0.8098738112650912,1.293655833172797,0.527320921421051,0,quality_factor,0.3704250454902649,momentum_factor,0.31161051988601685,value_factor,0.2848645746707916
2018-11-16,600016.SH,cn_a,ALL_A_ACTIVE,3,"cp,pca,tucker",1.2934424315941013,0.8418168264076384,1.2934424315941013,0.527320921421051,0,quality_factor,0.3977639079093933,value_factor,0.3915121555328369,volatility_factor,0.17589138448238373
2018-11-19,600166.SH,cn_a,ALL_A_ACTIVE,3,"cp,pca,tucker",1.7444021149672058,1.0700243794075919,1.7444021149672058,0.6859031319618225,0,quality_factor,0.35957109928131104,value_factor,0.2691865861415863,momentum_factor,0.23943312466144562
2018-11-19,002261.SZ,cn_a,ALL_A_ACTIVE,3,"cp,pca,tucker",1.6668995176225454,1.0147903704223626,1.6668995176225454,0.6859031319618225,0,quality_factor,0.31621408462524414,momentum_factor,0.26122236251831055,value_factor,0.2119472622871399
2018-11-19,002432.SZ,cn_a,ALL_A_ACTIVE,3,"cp,pca,tucker",1.6551182971746623,0.993604079132271,1.6551182971746623,0.6859031319618225,0,volatility_factor,0.3056957721710205,quality_factor,0.2741086483001709,momentum_factor,0.26413679122924805
2018-11-19,600150.SH,cn_a,ALL_A_ACTIVE,3,"cp,pca,tucker",1.6208387650370073,0.9818261616055078,1.6208387650370073,0.6859031319618225,0,quality_factor,0.41016969084739685,value_factor,0.3359469175338745,momentum_factor,0.20607328414916992
2018-11-19,002244.SZ,cn_a,ALL_A_ACTIVE,3,"cp,pca,tucker",1.4849245999503713,0.8991223348751357,1.4849245999503713,0.6859031319618225,0,quality_factor,0.3162069618701935,momentum_factor,0.2689622640609741,value_factor,0.21209929883480072
2018-11-19,600208.SH,cn_a,ALL_A_ACTIVE,3,"cp,pca,tucker",1.4594480027678687,0.8883860796327325,1.4594480027678687,0.6859031319618225,0,quality_factor,0.3526814579963684,momentum_factor,0.30202826857566833,value_factor,0.28621092438697815
2018-11-19,600153.SH,cn_a,ALL_A_ACTIVE,3,"cp,pca,tucker",1.418418132780077,0.8700707115784935,1.418418132780077,0.6859031319618225,0,quality_factor,0.36976930499076843,value_factor,0.34035417437553406,momentum_factor,0.15109969675540924
2018-11-19,600704.SH,cn_a,ALL_A_ACTIVE,3,"cp,pca,tucker",1.4163744092579662,0.8581344494200397,1.4163744092579662,0.6859031319618225,0,quality_factor,0.3407779633998871,momentum_factor,0.3180624544620514,value_factor,0.2455512136220932
2018-11-19,600601.SH,cn_a,ALL_A_ACTIVE,3,"cp,pca,tucker",1.3689278985061426,0.8258004723066626,1.3689278985061426,0.6859031319618225,0,momentum_factor,0.33698979020118713,quality_factor,0.2963096797466278,value_factor,0.18676938116550446
2018-11-19,600177.SH,cn_a,ALL_A_ACTIVE,3,"cp,pca,tucker",1.3342484558161454,0.8317175627680861,1.3342484558161454,0.6859031319618225,0,quality_factor,0.40819767117500305,value_factor,0.3661380410194397,momentum_factor,0.1462462693452835
2018-11-19,600000.SH,cn_a,ALL_A_ACTIVE,3,"cp,pca,tucker",1.3228221044545696,0.8195213811264487,1.3228221044545696,0.6859031319618225,0,quality_factor,0.3996019959449768,value_factor,0.3808702826499939,volatility_factor,0.143588125705719
2018-11-19,601668.SH,cn_a,ALL_A_ACTIVE,3,"cp,pca,tucker",1.3185322934339927,0.8135692118810751,1.3185322934339927,0.6859031319618225,0,quality_factor,0.3815343677997589,value_factor,0.355022668838501,volatility_factor,0.13739003241062164
2018-11-19,600606.SH,cn_a,ALL_A_ACTIVE,3,"cp,pca,tucker",1.3171538683075243,0.813289063306495,1.3171538683075243,0.6859031319618225,0,quality_factor,0.37510398030281067,value_factor,0.3039968013763428,momentum_factor,0.2896057963371277
2018-11-19,002423.SZ,cn_a,ALL_A_ACTIVE,3,"cp,pca,tucker",1.3051378269913119,0.7858270174379722,1.3051378269913119,0.6859031319618225,2,momentum_factor,0.31705331802368164,volatility_factor,0.31304359436035156,quality_factor,0.2478480190038681
2018-11-19,600016.SH,cn_a,ALL_A_ACTIVE,3,"cp,pca,tucker",1.299663047473299,0.8044258145359037,1.299663047473299,0.6859031319618225,0,quality_factor,0.4290270507335663,value_factor,0.4174799621105194,volatility_factor,0.140014186501503
2018-11-19,601997.SH,cn_a,ALL_A_ACTIVE,3,"cp,pca,tucker",1.28996890283611,0.8023270834181041,1.28996890283611,0.6859031319618225,0,quality_factor,0.37717610597610474,value_factor,0.3607042133808136,volatility_factor,0.16550569236278534
2018-11-19,600015.SH,cn_a,ALL_A_ACTIVE,3,"cp,pca,tucker",1.289411554976879,0.8004140938061116,1.289411554976879,0.6859031319618225,0,quality_factor,0.4148555397987366,value_factor,0.4007142186164856,volatility_factor,0.1438841074705124
2018-11-19,601288.SH,cn_a,ALL_A_ACTIVE,3,"cp,pca,tucker",1.2886384450251966,0.8019937009425592,1.2886384450251966,0.6859031319618225,0,quality_factor,0.46861788630485535,value_factor,0.4457366168498993,momentum_factor,0.06603671610355377
2018-11-19,600126.SH,cn_a,ALL_A_ACTIVE,3,"cp,pca,tucker",1.27743967191353,0.7919250746578027,1.27743967191353,0.6859031319618225,0,quality_factor,0.3711734414100647,value_factor,0.35390034317970276,volatility_factor,0.16785046458244324
2018-11-19,601166.SH,cn_a,ALL_A_ACTIVE,3,"cp,pca,tucker",1.2736989380398738,0.7913547687184131,1.2736989380398738,0.6859031319618225,0,quality_factor,0.3902079463005066,value_factor,0.3796181380748749,volatility_factor,0.1706228107213974
2018-11-20,002261.SZ,cn_a,ALL_A_ACTIVE,3,"cp,pca,tucker",1.5336373551183842,1.0873695453181165,1.5336373551183842,0.38857301076253253,0,quality_factor,0.292097270488739,volatility_factor,0.2873326539993286,momentum_factor,0.24099978804588318
2018-11-20,600166.SH,cn_a,ALL_A_ACTIVE,3,"cp,pca,tucker",1.526329442987249,1.09017109578067,1.526329442987249,0.38857301076253253,0,quality_factor,0.35763019323349,value_factor,0.2662142217159271,momentum_factor,0.2146148532629013
2018-11-20,002432.SZ,cn_a,ALL_A_ACTIVE,3,"cp,pca,tucker",1.445877205958565,1.0184284760921658,1.445877205958565,0.38857301076253253,0,volatility_factor,0.31091931462287903,quality_factor,0.2730692923069,momentum_factor,0.2613794505596161
2018-11-20,600150.SH,cn_a,ALL_A_ACTIVE,3,"cp,pca,tucker",1.4319691484547148,1.0222177965621602,1.4319691484547148,0.38857301076253253,0,quality_factor,0.4005298316478729,value_factor,0.3230745494365692,momentum_factor,0.20249773561954498
2018-11-20,600704.SH,cn_a,ALL_A_ACTIVE,3,"cp,pca,tucker",1.3264280246009912,0.9399744254760694,1.3264280246009912,0.38857301076253253,0,quality_factor,0.3128742277622223,momentum_factor,0.2812236547470093,value_factor,0.20786356925964355
2018-11-20,600153.SH,cn_a,ALL_A_ACTIVE,3,"cp,pca,tucker",1.3158876666195636,0.9460113981615578,1.3158876666195636,0.38857301076253253,0,quality_factor,0.42436790466308594,value_factor,0.37301042675971985,momentum_factor,0.15799979865550995
2018-11-20,600208.SH,cn_a,ALL_A_ACTIVE,3,"cp,pca,tucker",1.3040899065149514,0.9339557270554621,1.3040899065149514,0.38857301076253253,0,quality_factor,0.39696747064590454,value_factor,0.31930768489837646,momentum_factor,0.2609838843345642
2018-11-20,600177.SH,cn_a,ALL_A_ACTIVE,3,"cp,pca,tucker",1.2550199043354742,0.9064668364272456,1.2550199043354742,0.38857301076253253,0,quality_factor,0.44420626759529114,value_factor,0.38046324253082275,momentum_factor,0.16077417135238647
2018-11-20,600707.SH,cn_a,ALL_A_ACTIVE,3,"cp,pca,tucker",1.2267721250643706,0.8518181453082524,1.2267721250643706,0.38857301076253253,0,quality_factor,0.4247366189956665,value_factor,0.35495495796203613,momentum_factor,0.18502923846244812
2018-11-20,002244.SZ,cn_a,ALL_A_ACTIVE,3,"cp,pca,tucker",1.221393396509404,0.8690816592516626,1.221393396509404,0.38857301076253253,0,quality_factor,0.34511542320251465,value_factor,0.250008761882782,momentum_factor,0.23607321083545685
2018-11-20,600601.SH,cn_a,ALL_A_ACTIVE,3,"cp,pca,tucker",1.2130515721440214,0.8568178602044263,1.2130515721440214,0.38857301076253253,0,quality_factor,0.2954646348953247,momentum_factor,0.2691975235939026,volatility_factor,0.25077393651008606
2018-11-20,601668.SH,cn_a,ALL_A_ACTIVE,3,"cp,pca,tucker",1.2102925143974297,0.8733390599559795,1.2102925143974297,0.38857301076253253,0,quality_factor,0.41092050075531006,value_factor,0.3700953423976898,momentum_factor,0.13847579061985016
2018-11-20,600000.SH,cn_a,ALL_A_ACTIVE,3,"cp,pca,tucker",1.1867752955034334,0.8603903172239478,1.1867752955034334,0.38857301076253253,0,quality_factor,0.42498278617858887,value_factor,0.3967207372188568,volatility_factor,0.10148105025291443
2018-11-20,601997.SH,cn_a,ALL_A_ACTIVE,3,"cp,pca,tucker",1.1848345398534474,0.8591200907278234,1.1848345398534474,0.38857301076253253,0,quality_factor,0.41757407784461975,value_factor,0.38571804761886597,momentum_factor,0.09875616431236267
2018-11-20,600606.SH,cn_a,ALL_A_ACTIVE,3,"cp,pca,tucker",1.167100666046989,0.8380375675685414,1.167100666046989,0.38857301076253253,0,quality_factor,0.4123767614364624,value_factor,0.33936530351638794,momentum_factor,0.2353963702917099
2018-11-20,600126.SH,cn_a,ALL_A_ACTIVE,3,"cp,pca,tucker",1.152376231756765,0.836058401435256,1.152376231756765,0.38857301076253253,0,quality_factor,0.3904365003108978,value_factor,0.36580756306648254,volatility_factor,0.13559910655021667
2018-11-20,601166.SH,cn_a,ALL_A_ACTIVE,3,"cp,pca,tucker",1.1502990201107557,0.8356421430709299,1.1502990201107557,0.38857301076253253,0,quality_factor,0.40528103709220886,value_factor,0.3850928544998169,volatility_factor,0.13584370911121368
2018-11-20,002517.SZ,cn_a,ALL_A_ACTIVE,3,"cp,pca,tucker",1.149840702301521,0.8076999693183525,1.149840702301521,0.38857301076253253,2,volatility_factor,0.3428494930267334,momentum_factor,0.3137069642543793,quality_factor,0.23649682104587555
2018-11-20,002312.SZ,cn_a,ALL_A_ACTIVE,3,"cp,pca,tucker",1.1338876551832089,0.7799585983515008,1.1338876551832089,0.38857301076253253,0,quality_factor,0.3381500542163849,value_factor,0.24042756855487823,momentum_factor,0.21763719618320465
2018-11-20,600015.SH,cn_a,ALL_A_ACTIVE,3,"cp,pca,tucker",1.1176764531783132,0.8139641299523431,1.1176764531783132,0.38857301076253253,0,quality_factor,0.4051101803779602,value_factor,0.39245763421058655,volatility_factor,0.15466609597206116
2018-11-21,600166.SH,cn_a,ALL_A_ACTIVE,3,"cp,pca,tucker",1.188297989248006,1.1081641926956953,1.188297989248006,0.05180129533012708,0,quality_factor,0.3514197766780853,value_factor,0.25801193714141846,momentum_factor,0.21800687909126282
2018-11-21,002261.SZ,cn_a,ALL_A_ACTIVE,3,"cp,pca,tucker",1.176335482529028,1.0944956296918071,1.176335482529028,0.05180129533012708,0,quality_factor,0.29437050223350525,volatility_factor,0.28451472520828247,momentum_factor,0.23856498301029205
2018-11-21,002432.SZ,cn_a,ALL_A_ACTIVE,3,"cp,pca,tucker",1.1018195757803346,1.0239312049676403,1.1018195757803346,0.05180129533012708,0,volatility_factor,0.30900806188583374,quality_factor,0.27461114525794983,momentum_factor,0.2597280740737915
2018-11-21,600150.SH,cn_a,ALL_A_ACTIVE,3,"cp,pca,tucker",1.0997497035947925,1.031404724430447,1.0997497035947925,0.05180129533012708,0,quality_factor,0.39233607053756714,value_factor,0.31289681792259216,momentum_factor,0.2473917156457901
2018-11-21,600208.SH,cn_a,ALL_A_ACTIVE,3,"cp,pca,tucker",1.06643524328215,0.9991571757053502,1.06643524328215,0.05180129533012708,0,quality_factor,0.36396127939224243,value_factor,0.27477818727493286,momentum_factor,0.22025470435619354
2018-11-21,600704.SH,cn_a,ALL_A_ACTIVE,3,"cp,pca,tucker",1.022634433002325,0.9532806158812681,1.022634433002325,0.05180129533012708,0,quality_factor,0.3159874677658081,momentum_factor,0.27254539728164673,value_factor,0.21185609698295593
2018-11-21,600153.SH,cn_a,ALL_A_ACTIVE,3,"cp,pca,tucker",1.0125434389092167,0.9518638726373397,1.0125434389092167,0.05180129533012708,0,quality_factor,0.4286036491394043,value_factor,0.3760135769844055,momentum_factor,0.15689991414546967
2018-11-21,600177.SH,cn_a,ALL_A_ACTIVE,3,"cp,pca,tucker",0.962698525751926,0.9035968767862014,0.962698525751926,0.05180129533012708,0,quality_factor,0.44549742341041565,value_factor,0.3823571503162384,momentum_factor,0.1718527227640152
2018-11-21,600126.SH,cn_a,ALL_A_ACTIVE,3,"cp,pca,tucker",0.9476187430632091,0.8916979561514863,0.9476187430632091,0.05180129533012708,0,quality_factor,0.41593167185783386,value_factor,0.3694610297679901,momentum_factor,0.15176443755626678
2018-11-21,600601.SH,cn_a,ALL_A_ACTIVE,3,"cp,pca,tucker",0.9281954757152301,0.8636070014059894,0.9281954757152301,0.05180129533012708,0,quality_factor,0.29210352897644043,momentum_factor,0.2850208282470703,volatility_factor,0.24252909421920776
2018-11-21,600707.SH,cn_a,ALL_A_ACTIVE,3,"cp,pca,tucker",0.9098364914611112,0.8450290742781084,0.9098364914611112,0.05180129533012708,0,quality_factor,0.4314770996570587,value_factor,0.3638598620891571,momentum_factor,0.1815146952867508
2018-11-21,600606.SH,cn_a,ALL_A_ACTIVE,3,"cp,pca,tucker",0.9040332010835613,0.8454501085566003,0.9040332010835613,0.05180129533012708,0,quality_factor,0.4005100131034851,value_factor,0.32405394315719604,momentum_factor,0.2642509639263153
2018-11-21,002312.SZ,cn_a,ALL_A_ACTIVE,3,"cp,pca,tucker",0.9006314100028523,0.8283549583642541,0.9006314100028523,0.05180129533012708,0,quality_factor,0.3054405152797699,momentum_factor,0.2711666226387024,volatility_factor,0.22559230029582977
2018-11-21,601668.SH,cn_a,ALL_A_ACTIVE,3,"cp,pca,tucker",0.8808550814963071,0.8308111496757603,0.8808550814963071,0.05180129533012708,0,quality_factor,0.3863791823387146,value_factor,0.36200329661369324,volatility_factor,0.1391717940568924
2018-11-21,601288.SH,cn_a,ALL_A_ACTIVE,3,"cp,pca,tucker",0.8793894600621277,0.8298677516943794,0.8793894600621277,0.05180129533012708,0,quality_factor,0.4740105867385864,value_factor,0.4470585882663727,momentum_factor,0.0721205323934555
2018-11-21,600016.SH,cn_a,ALL_A_ACTIVE,3,"cp,pca,tucker",0.8732013292629971,0.8261067994183477,0.8732013292629971,0.05180129533012708,0,quality_factor,0.4303148686885834,value_factor,0.4191172420978546,volatility_factor,0.1399446278810501
2018-11-21,002517.SZ,cn_a,ALL_A_ACTIVE,3,"cp,pca,tucker",0.8729271506515374,0.8106270269348341,0.8729271506515374,0.05180129533012708,2,volatility_factor,0.3732649087905884,momentum_factor,0.3125804364681244,quality_factor,0.22392526268959045
2018-11-21,002244.SZ,cn_a,ALL_A_ACTIVE,3,"cp,pca,tucker",0.8625547575539981,0.807315264538965,0.8625547575539981,0.05180129533012708,0,quality_factor,0.3807283937931061,value_factor,0.2969636917114258,momentum_factor,0.21071867644786835
2018-11-21,601398.SH,cn_a,ALL_A_ACTIVE,3,"cp,pca,tucker",0.8607853574099239,0.8126944180165588,0.8607853574099239,0.05180129533012708,0,quality_factor,0.46859174966812134,value_factor,0.44602787494659424,volatility_factor,0.04710565507411957
2018-11-21,600015.SH,cn_a,ALL_A_ACTIVE,3,"cp,pca,tucker",0.8585034469161458,0.8118356040706488,0.8585034469161458,0.05180129533012708,0,quality_factor,0.42647692561149597,value_factor,0.4147755205631256,volatility_factor,0.14148592948913574
2018-11-22,600150.SH,cn_a,ALL_A_ACTIVE,3,"cp,pca,tucker",1.5458401566029638,1.1008561331316529,1.5458401566029638,0.4271564582983653,0,quality_factor,0.3599749505519867,momentum_factor,0.28087377548217773,value_factor,0.2704118490219116
2018-11-22,002261.SZ,cn_a,ALL_A_ACTIVE,3,"cp,pca,tucker",1.5285521235948647,1.0983205257166975,1.5285521235948647,0.4271564582983653,0,quality_factor,0.2970871031284332,volatility_factor,0.2811472713947296,momentum_factor,0.23565541207790375
2018-11-22,600166.SH,cn_a,ALL_A_ACTIVE,3,"cp,pca,tucker",1.5035226676413993,1.0843474310713672,1.5035226676413993,0.4271564582983653,0,quality_factor,0.3613421320915222,value_factor,0.271384060382843,momentum_factor,0.22950781881809235
2018-11-22,600208.SH,cn_a,ALL_A_ACTIVE,3,"cp,pca,tucker",1.4989978189623752,1.0687727556648674,1.4989978189623752,0.4271564582983653,0,quality_factor,0.3435225486755371,value_factor,0.24700172245502472,volatility_factor,0.22710704803466797
2018-11-22,002432.SZ,cn_a,ALL_A_ACTIVE,3,"cp,pca,tucker",1.4249846066092482,1.0183445489305376,1.4249846066092482,0.4271564582983653,0,volatility_factor,0.3173242211341858,quality_factor,0.26790228486061096,momentum_factor,0.2669135332107544
2018-11-22,600704.SH,cn_a,ALL_A_ACTIVE,3,"cp,pca,tucker",1.358969393421529,0.9712766499494947,1.358969393421529,0.4271564582983653,0,quality_factor,0.3102841079235077,momentum_factor,0.2718176543712616,volatility_factor,0.21363431215286255
2018-11-22,600153.SH,cn_a,ALL_A_ACTIVE,3,"cp,pca,tucker",1.3416643835700268,0.9583576955991773,1.3416643835700268,0.4271564582983653,0,quality_factor,0.4284461438655853,value_factor,0.37780463695526123,momentum_factor,0.1503167599439621
2018-11-22,600126.SH,cn_a,ALL_A_ACTIVE,3,"cp,pca,tucker",1.293932083368832,0.9272953269116625,1.293932083368832,0.4271564582983653,0,quality_factor,0.41355305910110474,value_factor,0.357952356338501,momentum_factor,0.18658758699893951
2018-11-22,600601.SH,cn_a,ALL_A_ACTIVE,3,"cp,pca,tucker",1.2842209527780346,0.9187572929434253,1.2842209527780346,0.4271564582983653,0,volatility_factor,0.28873905539512634,quality_factor,0.2781599760055542,momentum_factor,0.2715131342411041
2018-11-22,600177.SH,cn_a,ALL_A_ACTIVE,3,"cp,pca,tucker",1.2613255036172293,0.9102038794190747,1.2613255036172293,0.4271564582983653,0,quality_factor,0.44098544120788574,value_factor,0.37620365619659424,momentum_factor,0.1620241105556488
2018-11-22,600707.SH,cn_a,ALL_A_ACTIVE,3,"cp,pca,tucker",1.2505881229475513,0.8797381711592321,1.2505881229475513,0.4271564582983653,0,quality_factor,0.42067405581474304,value_factor,0.3493007719516754,momentum_factor,0.1689855009317398
2018-11-22,601668.SH,cn_a,ALL_A_ACTIVE,3,"cp,pca,tucker",1.1859732997356496,0.8495789551955363,1.1859732997356496,0.4271564582983653,0,quality_factor,0.3944602310657501,value_factor,0.3674534857273102,volatility_factor,0.12676484882831573
2018-11-22,600016.SH,cn_a,ALL_A_ACTIVE,3,"cp,pca,tucker",1.1776085025285832,0.8425396299652556,1.1776085025285832,0.4271564582983653,0,quality_factor,0.4355142414569855,value_factor,0.4253545105457306,volatility_factor,0.12895728647708893
2018-11-22,002312.SZ,cn_a,ALL_A_ACTIVE,3,"cp,pca,tucker",1.1650739251505935,0.8254197465233406,1.1650739251505935,0.4271564582983653,0,quality_factor,0.3053712248802185,momentum_factor,0.2749760150909424,volatility_factor,0.22188061475753784
2018-11-22,601288.SH,cn_a,ALL_A_ACTIVE,3,"cp,pca,tucker",1.1604016040408636,0.8343898276158878,1.1604016040408636,0.4271564582983653,0,quality_factor,0.46694931387901306,value_factor,0.44447270035743713,momentum_factor,0.08455468714237213
2018-11-22,600015.SH,cn_a,ALL_A_ACTIVE,3,"cp,pca,tucker",1.1439453312074332,0.8205674971279664,1.1439453312074332,0.4271564582983653,0,quality_factor,0.42644545435905457,value_factor,0.4181484282016754,volatility_factor,0.14995603263378143
2018-11-22,600685.SH,cn_a,ALL_A_ACTIVE,3,"cp,pca,tucker",1.1425485977412955,0.8062564334467974,1.1425485977412955,0.4271564582983653,0,quality_factor,0.3598524332046509,value_factor,0.2698616683483124,momentum_factor,0.2548132538795471
2018-11-22,601398.SH,cn_a,ALL_A_ACTIVE,3,"cp,pca,tucker",1.1328875292514944,0.8163784435698798,1.1328875292514944,0.4271564582983653,0,quality_factor,0.4596250355243683,value_factor,0.4402494430541992,volatility_factor,0.05375267192721367
2018-11-22,601166.SH,cn_a,ALL_A_ACTIVE,3,"cp,pca,tucker",1.1326286054546006,0.8125707811769711,1.1326286054546006,0.4271564582983653,0,quality_factor,0.39956963062286377,value_factor,0.39421436190605164,volatility_factor,0.17680230736732483
2018-11-22,601988.SH,cn_a,ALL_A_ACTIVE,3,"cp,pca,tucker",1.1285494515334256,0.8124513199258385,1.1285494515334256,0.4271564582983653,0,quality_factor,0.4441652297973633,value_factor,0.43092581629753113,volatility_factor,0.12221641838550568
2018-11-23,002261.SZ,cn_a,ALL_A_ACTIVE,3,"cp,pca,tucker",1.806100783267369,1.1406923319625055,1.806100783267369,0.5214237769444784,0,quality_factor,0.3037111461162567,volatility_factor,0.27293625473976135,momentum_factor,0.22856082022190094
2018-11-23,600150.SH,cn_a,ALL_A_ACTIVE,3,"cp,pca,tucker",1.7108126252753186,1.0969553162892074,1.7108126252753186,0.5214237769444784,0,quality_factor,0.3703061044216156,value_factor,0.28323930501937866,momentum_factor,0.22410961985588074
2018-11-23,600166.SH,cn_a,ALL_A_ACTIVE,3,"cp,pca,tucker",1.6959558668295591,1.0599673788060548,1.6959558668295591,0.5214237769444784,0,quality_factor,0.3810628652572632,value_factor,0.29673200845718384,momentum_factor,0.1745871603488922
2018-11-23,002432.SZ,cn_a,ALL_A_ACTIVE,3,"cp,pca,tucker",1.6235518950019758,1.0368840875011487,1.6235518950019758,0.5214237769444784,0,volatility_factor,0.31414794921875,quality_factor,0.2704646587371826,momentum_factor,0.2641691267490387
2018-11-23,600208.SH,cn_a,ALL_A_ACTIVE,3,"cp,pca,tucker",1.5628954118787528,0.9988551188637022,1.5628954118787528,0.5214237769444784,0,quality_factor,0.3915591239929199,value_factor,0.3093697130680084,volatility_factor,0.21046806871891022
2018-11-23,600704.SH,cn_a,ALL_A_ACTIVE,3,"cp,pca,tucker",1.5576979816218672,0.9936471086991805,1.5576979816218672,0.5214237769444784,0,quality_factor,0.32125622034072876,volatility_factor,0.2524411082267761,value_factor,0.21783168613910675
2018-11-23,600153.SH,cn_a,ALL_A_ACTIVE,3,"cp,pca,tucker",1.5084037409907591,0.9567765050753417,1.5084037409907591,0.5214237769444784,0,quality_factor,0.4648113250732422,value_factor,0.4137318432331085,momentum_factor,0.10555965453386307
2018-11-23,600177.SH,cn_a,ALL_A_ACTIVE,3,"cp,pca,tucker",1.428626372132242,0.8878560073732591,1.428626372132242,0.5214237769444784,0,quality_factor,0.47698476910591125,value_factor,0.42594239115715027,momentum_factor,0.08994924277067184
2018-11-23,600601.SH,cn_a,ALL_A_ACTIVE,3,"cp,pca,tucker",1.402516060207045,0.8954292167046979,1.402516060207045,0.5214237769444784,0,volatility_factor,0.33142709732055664,quality_factor,0.2902338206768036,momentum_factor,0.2018032968044281
2018-11-23,600126.SH,cn_a,ALL_A_ACTIVE,3,"cp,pca,tucker",1.3877096316108328,0.8735410590480971,1.3877096316108328,0.5214237769444784,0,quality_factor,0.42170456051826477,value_factor,0.38908466696739197,momentum_factor,0.09618750214576721
2018-11-23,601668.SH,cn_a,ALL_A_ACTIVE,3,"cp,pca,tucker",1.3585968751241626,0.856428860074253,1.3585968751241626,0.5214237769444784,0,quality_factor,0.42503616213798523,value_factor,0.3967602550983429,volatility_factor,0.10138601809740067
2018-11-23,002517.SZ,cn_a,ALL_A_ACTIVE,3,"cp,pca,tucker",1.3322857190022424,0.8539066452582929,1.3322857190022424,0.5214237769444784,2,volatility_factor,0.3586615025997162,momentum_factor,0.3003981113433838,quality_factor,0.23551823198795319
2018-11-23,601288.SH,cn_a,ALL_A_ACTIVE,3,"cp,pca,tucker",1.331157876027744,0.8333967326818893,1.331157876027744,0.5214237769444784,0,quality_factor,0.5085268020629883,value_factor,0.36656901240348816,volatility_factor,0.0849439725279808
2018-11-23,002423.SZ,cn_a,ALL_A_ACTIVE,3,"cp,pca,tucker",1.3221968571036278,0.8371787425027518,1.3221968571036278,0.5214237769444784,2,volatility_factor,0.3424014449119568,momentum_factor,0.30379819869995117,quality_factor,0.2410275936126709
2018-11-23,601398.SH,cn_a,ALL_A_ACTIVE,3,"cp,pca,tucker",1.3200972426082136,0.8224805281906851,1.3200972426082136,0.5214237769444784,0,quality_factor,0.5037107467651367,value_factor,0.37065771222114563,volatility_factor,0.08544415235519409
2018-11-23,600016.SH,cn_a,ALL_A_ACTIVE,3,"cp,pca,tucker",1.30542468696842,0.8236064432165403,1.30542468696842,0.5214237769444784,0,quality_factor,0.5042291283607483,value_factor,0.3702176511287689,volatility_factor,0.08539031445980072
2018-11-23,601988.SH,cn_a,ALL_A_ACTIVE,3,"cp,pca,tucker",1.2913134628916263,0.8057889508467019,1.2913134628916263,0.5214237769444784,0,quality_factor,0.502215564250946,value_factor,0.3719271421432495,volatility_factor,0.08559943735599518
2018-11-23,600707.SH,cn_a,ALL_A_ACTIVE,3,"cp,pca,tucker",1.2794335144448825,0.8446667285717147,1.2794335144448825,0.5214237769444784,0,quality_factor,0.44575878977775574,value_factor,0.3818452060222626,momentum_factor,0.11822866648435593
2018-11-23,600606.SH,cn_a,ALL_A_ACTIVE,3,"cp,pca,tucker",1.2782958576117547,0.7955217368317377,1.2782958576117547,0.5214237769444784,0,quality_factor,0.46547573804855347,value_factor,0.4079771935939789,momentum_factor,0.11046061664819717
2018-11-23,601166.SH,cn_a,ALL_A_ACTIVE,3,"cp,pca,tucker",1.2766019398260073,0.8013193386135505,1.2766019398260073,0.5214237769444784,0,quality_factor,0.5060892105102539,value_factor,0.3686384856700897,volatility_factor,0.08519712835550308
2018-11-26,600150.SH,cn_a,ALL_A_ACTIVE,3,"cp,pca,tucker",1.629622201132914,1.168167741859709,1.629622201132914,0.3736474812030792,0,quality_factor,0.34578821063041687,momentum_factor,0.2535361647605896,value_factor,0.25111305713653564
2018-11-26,002261.SZ,cn_a,ALL_A_ACTIVE,3,"cp,pca,tucker",1.6005416270626671,1.1402779497700168,1.6005416270626671,0.3736474812030792,0,quality_factor,0.3039061427116394,volatility_factor,0.2726946175098419,momentum_factor,0.22835201025009155
2018-11-26,600166.SH,cn_a,ALL_A_ACTIVE,3,"cp,pca,tucker",1.5678655555126053,1.1196192527660092,1.5678655555126053,0.3736474812030792,0,quality_factor,0.3559746742248535,value_factor,0.26351016759872437,volatility_factor,0.19774660468101501
2018-11-26,002432.SZ,cn_a,ALL_A_ACTIVE,3,"cp,pca,tucker",1.472153002760556,1.0491062158742086,1.472153002760556,0.3736474812030792,0,volatility_factor,0.3106294274330139,quality_factor,0.27330318093299866,momentum_factor,0.2611290216445923
2018-11-26,600704.SH,cn_a,ALL_A_ACTIVE,3,"cp,pca,tucker",1.4112593238948359,1.0076960447356986,1.4112593238948359,0.3736474812030792,0,quality_factor,0.3105161190032959,volatility_factor,0.2516098618507385,momentum_factor,0.23390929400920868
2018-11-26,600153.SH,cn_a,ALL_A_ACTIVE,3,"cp,pca,tucker",1.3959513477669578,1.0045050298194755,1.3959513477669578,0.3736474812030792,0,quality_factor,0.45341917872428894,value_factor,0.3917545676231384,momentum_factor,0.10089288651943207
2018-11-26,600208.SH,cn_a,ALL_A_ACTIVE,3,"cp,pca,tucker",1.3478864538447797,0.970163206837714,1.3478864538447797,0.3736474812030792,0,quality_factor,0.41838958859443665,value_factor,0.34481483697891235,volatility_factor,0.1628015637397766
2018-11-26,601668.SH,cn_a,ALL_A_ACTIVE,3,"cp,pca,tucker",1.314154626615592,0.9453428658200117,1.314154626615592,0.3736474812030792,0,quality_factor,0.4611457586288452,value_factor,0.40255871415138245,momentum_factor,0.13391202688217163
2018-11-26,600601.SH,cn_a,ALL_A_ACTIVE,3,"cp,pca,tucker",1.2903924816345194,0.9195142881910409,1.2903924816345194,0.3736474812030792,0,volatility_factor,0.3263259530067444,quality_factor,0.28588423132896423,momentum_factor,0.2168009877204895
2018-11-26,600707.SH,cn_a,ALL_A_ACTIVE,3,"cp,pca,tucker",1.2743243400221094,0.9091110320681898,1.2743243400221094,0.3736474812030792,0,quality_factor,0.41636568307876587,value_factor,0.34267115592956543,volatility_factor,0.12907037138938904
2018-11-26,600177.SH,cn_a,ALL_A_ACTIVE,3,"cp,pca,tucker",1.2729649854868794,0.9143629630117083,1.2729649854868794,0.3736474812030792,0,quality_factor,0.45896419882774353,value_factor,0.39954718947410583,momentum_factor,0.12701451778411865
2018-11-26,600126.SH,cn_a,ALL_A_ACTIVE,3,"cp,pca,tucker",1.263291559336988,0.9104065291113441,1.263291559336988,0.3736474812030792,0,quality_factor,0.4541921019554138,value_factor,0.41236504912376404,momentum_factor,0.08687983453273773
2018-11-26,002517.SZ,cn_a,ALL_A_ACTIVE,3,"cp,pca,tucker",1.2096304120977737,0.8609830961667845,1.2096304120977737,0.3736474812030792,2,volatility_factor,0.3561973571777344,momentum_factor,0.2983424961566925,quality_factor,0.23747436702251434
2018-11-26,600606.SH,cn_a,ALL_A_ACTIVE,3,"cp,pca,tucker",1.2018796315622189,0.860226934281992,1.2018796315622189,0.3736474812030792,0,quality_factor,0.4163186252117157,value_factor,0.34301379323005676,momentum_factor,0.134954571723938
2018-11-26,600685.SH,cn_a,ALL_A_ACTIVE,3,"cp,pca,tucker",1.1918625307698063,0.8466190535967083,1.1918625307698063,0.3736474812030792,0,quality_factor,0.36096298694610596,value_factor,0.27011850476264954,volatility_factor,0.19060121476650238
2018-11-26,002423.SZ,cn_a,ALL_A_ACTIVE,3,"cp,pca,tucker",1.1909170236723516,0.8438658884536269,1.1909170236723516,0.3736474812030792,2,volatility_factor,0.3537555932998657,momentum_factor,0.2983914911746979,quality_factor,0.23851217329502106
2018-11-26,601000.SH,cn_a,ALL_A_ACTIVE,3,"cp,pca,tucker",1.188448555977737,0.8541199449899585,1.188448555977737,0.3736474812030792,0,quality_factor,0.41339388489723206,value_factor,0.33822348713874817,volatility_factor,0.17380300164222717
2018-11-26,002312.SZ,cn_a,ALL_A_ACTIVE,3,"cp,pca,tucker",1.1712475323461102,0.8283712364551096,1.1712475323461102,0.3736474812030792,0,quality_factor,0.3264581561088562,momentum_factor,0.23254741728305817,value_factor,0.22511999309062958
2018-11-26,601166.SH,cn_a,ALL_A_ACTIVE,3,"cp,pca,tucker",1.1668990185325188,0.8439414556376019,1.1668990185325188,0.3736474812030792,0,quality_factor,0.41159626841545105,value_factor,0.4000929892063141,volatility_factor,0.1528002917766571
2018-11-26,601997.SH,cn_a,ALL_A_ACTIVE,3,"cp,pca,tucker",1.1518139997277752,0.8326046487172983,1.1518139997277752,0.3736474812030792,0,quality_factor,0.44536206126213074,value_factor,0.4315241873264313,volatility_factor,0.10590676963329315
2018-11-27,002261.SZ,cn_a,ALL_A_ACTIVE,3,"cp,pca,tucker",2.0215550560434905,1.1370315780106506,2.0215550560434905,0.7004103859265646,0,quality_factor,0.30312997102737427,volatility_factor,0.2736567556858063,momentum_factor,0.22918333113193512
2018-11-27,600150.SH,cn_a,ALL_A_ACTIVE,3,"cp,pca,tucker",1.9281966156204497,1.0959485297119438,1.9281966156204497,0.7004103859265646,0,quality_factor,0.3491886854171753,momentum_factor,0.271908164024353,value_factor,0.2559325397014618
2018-11-27,002432.SZ,cn_a,ALL_A_ACTIVE,3,"cp,pca,tucker",1.8430724884725553,1.0343770037233242,1.8430724884725553,0.7004103859265646,0,volatility_factor,0.3106294274330139,quality_factor,0.27330318093299866,momentum_factor,0.2611290216445923
2018-11-27,600704.SH,cn_a,ALL_A_ACTIVE,3,"cp,pca,tucker",1.630435884348956,0.9232539649634338,1.630435884348956,0.7004103859265646,0,quality_factor,0.3435710668563843,value_factor,0.24737609922885895,volatility_factor,0.2088787704706192
2018-11-27,600153.SH,cn_a,ALL_A_ACTIVE,3,"cp,pca,tucker",1.5643232065677528,0.9042998461000241,1.5643232065677528,0.7004103859265646,0,quality_factor,0.4669942855834961,value_factor,0.42911848425865173,momentum_factor,0.05681560933589935
2018-11-27,601668.SH,cn_a,ALL_A_ACTIVE,3,"cp,pca,tucker",1.5364153236956495,0.8846937853847169,1.5364153236956495,0.7004103859265646,0,quality_factor,0.41866999864578247,value_factor,0.3751806616783142,momentum_factor,0.13789622485637665
2018-11-27,600707.SH,cn_a,ALL_A_ACTIVE,3,"cp,pca,tucker",1.5273576887595006,0.8544428129610443,1.5273576887595006,0.7004103859265646,0,quality_factor,0.42594847083091736,value_factor,0.3555909991264343,momentum_factor,0.12333984673023224
2018-11-27,002423.SZ,cn_a,ALL_A_ACTIVE,3,"cp,pca,tucker",1.5263217685312493,0.8480369746055634,1.5263217685312493,0.7004103859265646,2,volatility_factor,0.3541773557662964,momentum_factor,0.2987559139728546,quality_factor,0.23817194998264313
2018-11-27,600126.SH,cn_a,ALL_A_ACTIVE,3,"cp,pca,tucker",1.514196140116481,0.8744010719388561,1.514196140116481,0.7004103859265646,0,quality_factor,0.4310950040817261,value_factor,0.3954963982105255,momentum_factor,0.09459331631660461
2018-11-27,600166.SH,cn_a,ALL_A_ACTIVE,3,"cp,pca,tucker",1.5062080243912126,0.869739943032211,1.5062080243912126,0.7004103859265646,0,quality_factor,0.4437131881713867,value_factor,0.40560802817344666,momentum_factor,0.08724397420883179
2018-11-27,600177.SH,cn_a,ALL_A_ACTIVE,3,"cp,pca,tucker",1.5031873286973807,0.8669172020696344,1.5031873286973807,0.7004103859265646,0,quality_factor,0.43301084637641907,value_factor,0.3918966054916382,momentum_factor,0.11135940998792648
2018-11-27,600685.SH,cn_a,ALL_A_ACTIVE,3,"cp,pca,tucker",1.4860597607739798,0.8240132113198148,1.4860597607739798,0.7004103859265646,0,quality_factor,0.35008740425109863,momentum_factor,0.2647816240787506,value_factor,0.2570379376411438
2018-11-27,600208.SH,cn_a,ALL_A_ACTIVE,3,"cp,pca,tucker",1.4706524072738516,0.8500934198526443,1.4706524072738516,0.7004103859265646,0,quality_factor,0.4919516146183014,value_factor,0.44217449426651,momentum_factor,0.0464949905872345
2018-11-27,600601.SH,cn_a,ALL_A_ACTIVE,3,"cp,pca,tucker",1.4153065857432592,0.7989196919811566,1.4153065857432592,0.7004103859265646,0,quality_factor,0.3246940076351166,momentum_factor,0.24644337594509125,value_factor,0.22307278215885162
2018-11-27,002517.SZ,cn_a,ALL_A_ACTIVE,3,"cp,pca,tucker",1.401356024463789,0.7879343237823537,1.401356024463789,0.7004103859265646,2,momentum_factor,0.33657270669937134,volatility_factor,0.3205712139606476,quality_factor,0.23607860505580902
2018-11-27,601288.SH,cn_a,ALL_A_ACTIVE,3,"cp,pca,tucker",1.3967103875903002,0.8105851561805936,1.3967103875903002,0.7004103859265646,0,quality_factor,0.45638659596443176,value_factor,0.43782877922058105,momentum_factor,0.07939370721578598
2018-11-27,600016.SH,cn_a,ALL_A_ACTIVE,3,"cp,pca,tucker",1.3952247843428163,0.8130968862902596,1.3952247843428163,0.7004103859265646,0,quality_factor,0.42875537276268005,value_factor,0.4206400215625763,volatility_factor,0.10196287930011749
2018-11-27,601398.SH,cn_a,ALL_A_ACTIVE,3,"cp,pca,tucker",1.3842383793211015,0.8040924454380588,1.3842383793211015,0.7004103859265646,0,quality_factor,0.4518943428993225,value_factor,0.4353167414665222,volatility_factor,0.06387161463499069
2018-11-27,601988.SH,cn_a,ALL_A_ACTIVE,3,"cp,pca,tucker",1.3697884890677674,0.7962875172044467,1.3697884890677674,0.7004103859265646,0,quality_factor,0.4418816566467285,value_factor,0.42917728424072266,volatility_factor,0.09920783340930939
2018-11-27,002670.SZ,cn_a,ALL_A_ACTIVE,3,"cp,pca,tucker",1.3660524638724647,0.7313398754110739,1.3660524638724647,0.7004103859265646,0,volatility_factor,0.3074369430541992,quality_factor,0.27587857842445374,momentum_factor,0.258370578289032
2018-11-28,002261.SZ,cn_a,ALL_A_ACTIVE,3,"cp,pca,tucker",1.3326045793673733,1.1165966263185516,1.3326045793673733,0.1809862976272901,0,quality_factor,0.30030587315559387,volatility_factor,0.27715742588043213,momentum_factor,0.23220805823802948
2018-11-28,600150.SH,cn_a,ALL_A_ACTIVE,3,"cp,pca,tucker",1.3169270031803597,1.1045567135695225,1.3169270031803597,0.1809862976272901,0,quality_factor,0.3377212882041931,momentum_factor,0.25861769914627075,value_factor,0.2404761165380478
2018-11-28,002432.SZ,cn_a,ALL_A_ACTIVE,3,"cp,pca,tucker",1.2212849104921772,1.020587120279797,1.2212849104921772,0.1809862976272901,0,volatility_factor,0.3106294274330139,quality_factor,0.27330318093299866,momentum_factor,0.2611290216445923
2018-11-28,600153.SH,cn_a,ALL_A_ACTIVE,3,"cp,pca,tucker",1.0556280650249168,0.8934243493944537,1.0556280650249168,0.1809862976272901,0,quality_factor,0.45507222414016724,value_factor,0.4155626893043518,momentum_factor,0.07767629623413086
2018-11-28,600126.SH,cn_a,ALL_A_ACTIVE,3,"cp,pca,tucker",1.0352868802816244,0.8761200191572273,1.0352868802816244,0.1809862976272901,0,quality_factor,0.4592736065387726,value_factor,0.4143368601799011,momentum_factor,0.09124196320772171
2018-11-28,002312.SZ,cn_a,ALL_A_ACTIVE,3,"cp,pca,tucker",1.0338705609293461,0.8530874934340593,1.0338705609293461,0.1809862976272901,0,quality_factor,0.30482131242752075,volatility_factor,0.2897459864616394,momentum_factor,0.20944276452064514
2018-11-28,002423.SZ,cn_a,ALL_A_ACTIVE,3,"cp,pca,tucker",1.0056633762910347,0.8380743837082791,1.0056633762910347,0.1809862976272901,2,volatility_factor,0.3560981750488281,momentum_factor,0.3004155457019806,quality_factor,0.2366224080324173
2018-11-28,600704.SH,cn_a,ALL_A_ACTIVE,3,"cp,pca,tucker",1.0031310163096696,0.843707433417555,1.0031310163096696,0.1809862976272901,0,quality_factor,0.3650074005126953,value_factor,0.27646321058273315,momentum_factor,0.2360319048166275
2018-11-28,600177.SH,cn_a,ALL_A_ACTIVE,3,"cp,pca,tucker",1.0007111106698476,0.8490728451622065,1.0007111106698476,0.1809862976272901,0,quality_factor,0.4372653365135193,value_factor,0.39688366651535034,momentum_factor,0.10339636355638504
2018-11-28,600208.SH,cn_a,ALL_A_ACTIVE,3,"cp,pca,tucker",0.9977369871138194,0.8435676791152146,0.9977369871138194,0.1809862976272901,0,quality_factor,0.47683197259902954,value_factor,0.4225545823574066,momentum_factor,0.0767395943403244
2018-11-28,600707.SH,cn_a,ALL_A_ACTIVE,3,"cp,pca,tucker",0.9691951151981594,0.8058375649668749,0.9691951151981594,0.1809862976272901,0,quality_factor,0.446220725774765,value_factor,0.3824146091938019,momentum_factor,0.1154051274061203
2018-11-28,601668.SH,cn_a,ALL_A_ACTIVE,3,"cp,pca,tucker",0.9662086171440243,0.8191001977305313,0.9662086171440243,0.1809862976272901,0,quality_factor,0.39960572123527527,value_factor,0.3735892176628113,volatility_factor,0.12547262012958527
2018-11-28,600685.SH,cn_a,ALL_A_ACTIVE,3,"cp,pca,tucker",0.9656176906398223,0.8001706801317384,0.9656176906398223,0.1809862976272901,0,quality_factor,0.35401663184165955,momentum_factor,0.263374388217926,value_factor,0.26224008202552795
2018-11-28,600601.SH,cn_a,ALL_A_ACTIVE,3,"cp,pca,tucker",0.9571236979256638,0.8015967816053241,0.9571236979256638,0.1809862976272901,0,quality_factor,0.31624117493629456,momentum_factor,0.2517063021659851,volatility_factor,0.22013524174690247
2018-11-28,600016.SH,cn_a,ALL_A_ACTIVE,3,"cp,pca,tucker",0.9392592407066248,0.7981162340926297,0.9392592407066248,0.1809862976272901,0,quality_factor,0.4315420389175415,value_factor,0.4224623739719391,volatility_factor,0.10226225107908249
2018-11-28,601288.SH,cn_a,ALL_A_ACTIVE,3,"cp,pca,tucker",0.9354163795096282,0.7946511124683496,0.9354163795096282,0.1809862976272901,0,quality_factor,0.4552278220653534,value_factor,0.4370059370994568,momentum_factor,0.08730000257492065
2018-11-28,600000.SH,cn_a,ALL_A_ACTIVE,3,"cp,pca,tucker",0.9300647692317562,0.7904748636688108,0.9300647692317562,0.1809862976272901,0,quality_factor,0.43472474813461304,value_factor,0.4247625470161438,volatility_factor,0.12212150543928146
2018-11-28,601398.SH,cn_a,ALL_A_ACTIVE,3,"cp,pca,tucker",0.9294249300133424,0.7903338946636885,0.9294249300133424,0.1809862976272901,0,quality_factor,0.45242875814437866,value_factor,0.4357238709926605,volatility_factor,0.06907042115926743
2018-11-28,002517.SZ,cn_a,ALL_A_ACTIVE,3,"cp,pca,tucker",0.9237770010924841,0.7724632557814467,0.9237770010924841,0.1809862976272901,2,volatility_factor,0.32699939608573914,momentum_factor,0.3199305534362793,quality_factor,0.2405778169631958
2018-11-28,600166.SH,cn_a,ALL_A_ACTIVE,3,"cp,pca,tucker",0.9200423950530738,0.7843177967718137,0.9200423950530738,0.1809862976272901,0,quality_factor,0.40070539712905884,value_factor,0.3896239101886749,volatility_factor,0.1617678999900818
2018-11-29,600150.SH,cn_a,ALL_A_ACTIVE,3,"cp,pca,tucker",1.6717159363789023,1.1315852580103427,1.6717159363789023,0.5086210866769155,0,quality_factor,0.3183203339576721,momentum_factor,0.23838470876216888,volatility_factor,0.22893096506595612
2018-11-29,002261.SZ,cn_a,ALL_A_ACTIVE,3,"cp,pca,tucker",1.63280735746219,1.105868877457596,1.63280735746219,0.5086210866769155,0,quality_factor,0.3165660500526428,volatility_factor,0.2832837700843811,value_factor,0.21125075221061707
2018-11-29,002432.SZ,cn_a,ALL_A_ACTIVE,3,"cp,pca,tucker",1.4985384632814596,1.0171799302617897,1.4985384632814596,0.5086210866769155,0,volatility_factor,0.3103380799293518,quality_factor,0.273538202047348,momentum_factor,0.26087725162506104
2018-11-29,600126.SH,cn_a,ALL_A_ACTIVE,3,"cp,pca,tucker",1.3581415771014578,0.912481193767675,1.3581415771014578,0.5086210866769155,0,quality_factor,0.46084484457969666,value_factor,0.4013209342956543,momentum_factor,0.08151109516620636
2018-11-29,600153.SH,cn_a,ALL_A_ACTIVE,3,"cp,pca,tucker",1.330416297066143,0.8912959749452248,1.330416297066143,0.5086210866769155,0,quality_factor,0.4860306680202484,value_factor,0.4400654435157776,momentum_factor,0.06074971705675125
2018-11-29,600166.SH,cn_a,ALL_A_ACTIVE,3,"cp,pca,tucker",1.318444138855168,0.8837950833798492,1.318444138855168,0.5086210866769155,0,quality_factor,0.480263352394104,value_factor,0.43016281723976135,momentum_factor,0.08248598873615265
2018-11-29,600177.SH,cn_a,ALL_A_ACTIVE,3,"cp,pca,tucker",1.2691823218601785,0.8498650454553717,1.2691823218601785,0.5086210866769155,0,quality_factor,0.44109150767326355,value_factor,0.402452290058136,momentum_factor,0.09245676547288895
2018-11-29,002423.SZ,cn_a,ALL_A_ACTIVE,3,"cp,pca,tucker",1.2440889335361855,0.8480291899928014,1.2440889335361855,0.5086210866769155,2,volatility_factor,0.35552752017974854,momentum_factor,0.29992249608039856,quality_factor,0.23708273470401764
2018-11-29,601668.SH,cn_a,ALL_A_ACTIVE,3,"cp,pca,tucker",1.2373588799493607,0.8288924347697456,1.2373588799493607,0.5086210866769155,0,quality_factor,0.40118247270584106,value_factor,0.3668231666088104,momentum_factor,0.12837572395801544
2018-11-29,600704.SH,cn_a,ALL_A_ACTIVE,3,"cp,pca,tucker",1.2288508498383228,0.8282312931795796,1.2288508498383228,0.5086210866769155,0,quality_factor,0.3810942769050598,value_factor,0.29717186093330383,momentum_factor,0.1938258558511734
2018-11-29,002517.SZ,cn_a,ALL_A_ACTIVE,3,"cp,pca,tucker",1.1773110046365638,0.7987157630688073,1.1773110046365638,0.5086210866769155,2,volatility_factor,0.38640180230140686,quality_factor,0.2501652240753174,momentum_factor,0.23949205875396729
2018-11-29,002312.SZ,cn_a,ALL_A_ACTIVE,3,"cp,pca,tucker",1.1733970310816317,0.8048514380070303,1.1733970310816317,0.5086210866769155,0,quality_factor,0.32948461174964905,volatility_factor,0.3081567883491516,value_factor,0.22759202122688293
2018-11-29,600208.SH,cn_a,ALL_A_ACTIVE,3,"cp,pca,tucker",1.1707929128106969,0.7829864827020133,1.1707929128106969,0.5086210866769155,0,quality_factor,0.4944715201854706,value_factor,0.4584697186946869,volatility_factor,0.03161538764834404
2018-11-29,600000.SH,cn_a,ALL_A_ACTIVE,3,"cp,pca,tucker",1.1544690149992147,0.7708612547336506,1.1544690149992147,0.5086210866769155,0,quality_factor,0.5042797923088074,value_factor,0.3701746165752411,volatility_factor,0.0853850468993187
2018-11-29,601288.SH,cn_a,ALL_A_ACTIVE,3,"cp,pca,tucker",1.1532494015555812,0.7706692871033183,1.1532494015555812,0.5086210866769155,0,quality_factor,0.44774332642555237,value_factor,0.43235498666763306,momentum_factor,0.07852371782064438
2018-11-29,601398.SH,cn_a,ALL_A_ACTIVE,3,"cp,pca,tucker",1.1529011120015196,0.7698746895612212,1.1529011120015196,0.5086210866769155,0,quality_factor,0.5049428939819336,value_factor,0.3696117103099823,volatility_factor,0.08531618863344193
2018-11-29,600016.SH,cn_a,ALL_A_ACTIVE,3,"cp,pca,tucker",1.1503533731376998,0.7673850589502499,1.1503533731376998,0.5086210866769155,0,quality_factor,0.5055738687515259,value_factor,0.3690760135650635,volatility_factor,0.08525065332651138
2018-11-29,600707.SH,cn_a,ALL_A_ACTIVE,3,"cp,pca,tucker",1.1436025298796195,0.7768027368556335,1.1436025298796195,0.5086210866769155,0,quality_factor,0.45361700654029846,value_factor,0.3920554220676422,momentum_factor,0.1032882109284401
2018-11-29,601328.SH,cn_a,ALL_A_ACTIVE,3,"cp,pca,tucker",1.1287437588064442,0.7533229834353765,1.1287437588064442,0.5086210866769155,0,quality_factor,0.5027875900268555,value_factor,0.37144148349761963,volatility_factor,0.08554002642631531
2018-11-29,300142.SZ,cn_a,ALL_A_ACTIVE,3,"cp,pca,tucker",1.1284569326623195,0.7704075831044976,1.1284569326623195,0.5086210866769155,2,volatility_factor,0.3926987946033478,momentum_factor,0.3274465501308441,quality_factor,0.20909948647022247
2018-11-30,002261.SZ,cn_a,ALL_A_ACTIVE,3,"cp,pca,tucker",1.4983270838880667,1.0278452911312759,1.4983270838880667,0.5826221605141958,0,quality_factor,0.3316775858402252,momentum_factor,0.26835936307907104,value_factor,0.23260971903800964
2018-11-30,600150.SH,cn_a,ALL_A_ACTIVE,3,"cp,pca,tucker",1.4854142281620577,1.0028504047424687,1.4854142281620577,0.5826221605141958,0,quality_factor,0.3500884473323822,momentum_factor,0.2760275900363922,value_factor,0.25719666481018066
2018-11-30,002432.SZ,cn_a,ALL_A_ACTIVE,3,"cp,pca,tucker",1.4106970688714986,0.9574190165490123,1.4106970688714986,0.5826221605141958,0,volatility_factor,0.31754377484321594,quality_factor,0.2904425859451294,momentum_factor,0.21501797437667847
2018-11-30,002423.SZ,cn_a,ALL_A_ACTIVE,3,"cp,pca,tucker",1.2471128508426093,0.8513324170957669,1.2471128508426093,0.5826221605141958,2,volatility_factor,0.3535122573375702,momentum_factor,0.2981812655925751,quality_factor,0.2387084811925888
2018-11-30,600126.SH,cn_a,ALL_A_ACTIVE,3,"cp,pca,tucker",1.193670431202064,0.8174838811616607,1.193670431202064,0.5826221605141958,0,quality_factor,0.43293842673301697,value_factor,0.3986925482749939,momentum_factor,0.08753984421491623
2018-11-30,600000.SH,cn_a,ALL_A_ACTIVE,3,"cp,pca,tucker",1.1408110262740416,0.7799342506826609,1.1408110262740416,0.5826221605141958,0,quality_factor,0.48390862345695496,value_factor,0.4558154046535492,momentum_factor,0.03194223344326019
2018-11-30,600153.SH,cn_a,ALL_A_ACTIVE,3,"cp,pca,tucker",1.1360540439653233,0.7769106322017775,1.1360540439653233,0.5826221605141958,0,quality_factor,0.4170050024986267,value_factor,0.40674760937690735,volatility_factor,0.1519579291343689
2018-11-30,600016.SH,cn_a,ALL_A_ACTIVE,3,"cp,pca,tucker",1.1265925354638557,0.7683946328587953,1.1265925354638557,0.5826221605141958,0,quality_factor,0.46320217847824097,value_factor,0.4426317811012268,volatility_factor,0.057979099452495575
2018-11-30,601166.SH,cn_a,ALL_A_ACTIVE,3,"cp,pca,tucker",1.1202295520885048,0.7663874427871481,1.1202295520885048,0.5826221605141958,0,quality_factor,0.47092223167419434,value_factor,0.4478927254676819,volatility_factor,0.07775253802537918
2018-11-30,601288.SH,cn_a,ALL_A_ACTIVE,3,"cp,pca,tucker",1.1190697684038298,0.7683477871380563,1.1190697684038298,0.5826221605141958,0,quality_factor,0.45611321926116943,value_factor,0.4313764274120331,momentum_factor,0.09193017333745956
2018-11-30,600166.SH,cn_a,ALL_A_ACTIVE,3,"cp,pca,tucker",1.1173768446055157,0.778085378109186,1.1173768446055157,0.5826221605141958,0,quality_factor,0.3912389874458313,value_factor,0.38143935799598694,volatility_factor,0.1718335896730423
2018-11-30,601997.SH,cn_a,ALL_A_ACTIVE,3,"cp,pca,tucker",1.1121728335686616,0.7651017761406896,1.1121728335686616,0.5826221605141958,0,quality_factor,0.45217254757881165,value_factor,0.4349396526813507,momentum_factor,0.09884072840213776
2018-11-30,601398.SH,cn_a,ALL_A_ACTIVE,3,"cp,pca,tucker",1.1086805508426645,0.7647439498169178,1.1086805508426645,0.5826221605141958,0,quality_factor,0.4591418504714966,value_factor,0.43987220525741577,momentum_factor,0.05274887755513191
2018-11-30,601668.SH,cn_a,ALL_A_ACTIVE,3,"cp,pca,tucker",1.105195537733426,0.7571146629725408,1.105195537733426,0.5826221605141958,0,quality_factor,0.3603420555591583,value_factor,0.33994942903518677,volatility_factor,0.16795353591442108
2018-11-30,600015.SH,cn_a,ALL_A_ACTIVE,3,"cp,pca,tucker",1.1045636851117424,0.7559180022721148,1.1045636851117424,0.5826221605141958,0,quality_factor,0.4570326805114746,value_factor,0.4388863444328308,volatility_factor,0.0830979272723198
2018-11-30,600177.SH,cn_a,ALL_A_ACTIVE,3,"cp,pca,tucker",1.1006389243338168,0.7657171085280562,1.1006389243338168,0.5826221605141958,0,quality_factor,0.39778396487236023,value_factor,0.38776615262031555,volatility_factor,0.1665136218070984
2018-11-30,600808.SH,cn_a,ALL_A_ACTIVE,3,"cp,pca,tucker",1.0987269244896787,0.7541088474525272,1.0987269244896787,0.5826221605141958,0,quality_factor,0.39445561170578003,value_factor,0.3736863136291504,momentum_factor,0.1512255221605301
2018-11-30,601328.SH,cn_a,ALL_A_ACTIVE,3,"cp,pca,tucker",1.0940623832619378,0.751550280585836,1.0940623832619378,0.5826221605141958,0,quality_factor,0.4425923526287079,value_factor,0.42662397027015686,volatility_factor,0.1191776841878891
2018-11-30,601988.SH,cn_a,ALL_A_ACTIVE,3,"cp,pca,tucker",1.0848388750256504,0.746473748333634,1.0848388750256504,0.5826221605141958,0,quality_factor,0.4485492706298828,value_factor,0.43370550870895386,volatility_factor,0.11490408331155777
2018-11-30,601699.SH,cn_a,ALL_A_ACTIVE,3,"cp,pca,tucker",1.0527879248906853,0.7195077779400206,1.0527879248906853,0.5826221605141958,0,quality_factor,0.42293834686279297,value_factor,0.40224090218544006,momentum_factor,0.12845952808856964
2018-12-03,002261.SZ,cn_a,ALL_A_ACTIVE,3,"cp,pca,tucker",1.5032644929724686,0.9969266240086806,1.5032644929724686,0.41264798243840534,0,quality_factor,0.3347782790660858,momentum_factor,0.2762579619884491,value_factor,0.23686091601848602
2018-12-03,600150.SH,cn_a,ALL_A_ACTIVE,3,"cp,pca,tucker",1.4981220538163302,1.006195056740035,1.4981220538163302,0.41264798243840534,0,quality_factor,0.35123273730278015,momentum_factor,0.2816220819950104,value_factor,0.2588103115558624
2018-12-03,002432.SZ,cn_a,ALL_A_ACTIVE,3,"cp,pca,tucker",1.357219519865489,0.9072865354359781,1.357219519865489,0.41264798243840534,0,quality_factor,0.3026259243488312,momentum_factor,0.26517948508262634,volatility_factor,0.23819959163665771
2018-12-03,002423.SZ,cn_a,ALL_A_ACTIVE,3,"cp,pca,tucker",1.2604280438234616,0.8387716239246862,1.2604280438234616,0.41264798243840534,2,volatility_factor,0.3535122573375702,momentum_factor,0.2981812655925751,quality_factor,0.2387084811925888
2018-12-03,600000.SH,cn_a,ALL_A_ACTIVE,3,"cp,pca,tucker",1.2256976907445958,0.8153044866655205,1.2256976907445958,0.41264798243840534,0,quality_factor,0.4883389174938202,value_factor,0.4517574608325958,volatility_factor,0.034759074449539185
2018-12-03,600126.SH,cn_a,ALL_A_ACTIVE,3,"cp,pca,tucker",1.2179475897944727,0.8089398042132673,1.2179475897944727,0.41264798243840534,0,quality_factor,0.40169277787208557,value_factor,0.3723546266555786,volatility_factor,0.11572382599115372
2018-12-03,600808.SH,cn_a,ALL_A_ACTIVE,3,"cp,pca,tucker",1.2066959281337826,0.8008818953989026,1.2066959281337826,0.41264798243840534,0,quality_factor,0.4123195707798004,value_factor,0.3771560490131378,volatility_factor,0.10883107036352158
2018-12-03,600166.SH,cn_a,ALL_A_ACTIVE,3,"cp,pca,tucker",1.1989458804189017,0.7867679090407275,1.1989458804189017,0.41264798243840534,0,value_factor,0.446342796087265,quality_factor,0.41456276178359985,volatility_factor,0.09470276534557343
2018-12-03,600153.SH,cn_a,ALL_A_ACTIVE,3,"cp,pca,tucker",1.1876042124321642,0.7908298262371501,1.1876042124321642,0.41264798243840534,0,quality_factor,0.3976905941963196,value_factor,0.383943110704422,volatility_factor,0.15734542906284332
2018-12-03,601997.SH,cn_a,ALL_A_ACTIVE,3,"cp,pca,tucker",1.18719798255712,0.7862071353970218,1.18719798255712,0.41264798243840534,0,quality_factor,0.4720684885978699,value_factor,0.4481135904788971,momentum_factor,0.04909799247980118
2018-12-03,600016.SH,cn_a,ALL_A_ACTIVE,3,"cp,pca,tucker",1.1830424892140872,0.7883281486801796,1.1830424892140872,0.41264798243840534,0,quality_factor,0.47025853395462036,value_factor,0.4474421739578247,volatility_factor,0.0762082189321518
2018-12-03,601166.SH,cn_a,ALL_A_ACTIVE,3,"cp,pca,tucker",1.1703495110057636,0.777644688482526,1.1703495110057636,0.41264798243840534,0,quality_factor,0.43374013900756836,value_factor,0.4135519862174988,volatility_factor,0.11514550447463989
2018-12-03,601288.SH,cn_a,ALL_A_ACTIVE,3,"cp,pca,tucker",1.170183675924917,0.775262647096107,1.170183675924917,0.41264798243840534,0,quality_factor,0.4712929427623749,value_factor,0.4476165473461151,momentum_factor,0.0495489276945591
2018-12-03,601398.SH,cn_a,ALL_A_ACTIVE,3,"cp,pca,tucker",1.1639035070273303,0.7685467356815948,1.1639035070273303,0.41264798243840534,0,quality_factor,0.45764943957328796,value_factor,0.439474880695343,volatility_factor,0.09968336671590805
2018-12-03,600177.SH,cn_a,ALL_A_ACTIVE,3,"cp,pca,tucker",1.1579214087806593,0.7602633727461884,1.1579214087806593,0.41264798243840534,2,quality_factor,0.46666404604911804,value_factor,0.4021097719669342,volatility_factor,0.08929169923067093
2018-12-03,601668.SH,cn_a,ALL_A_ACTIVE,3,"cp,pca,tucker",1.157718891840445,0.7692604215043787,1.157718891840445,0.41264798243840534,0,quality_factor,0.3573618531227112,value_factor,0.33339059352874756,volatility_factor,0.1612331122159958
2018-12-03,601328.SH,cn_a,ALL_A_ACTIVE,3,"cp,pca,tucker",1.1561727518056106,0.7657895723162178,1.1561727518056106,0.41264798243840534,0,quality_factor,0.41963547468185425,value_factor,0.40367600321769714,volatility_factor,0.13589635491371155
2018-12-03,600015.SH,cn_a,ALL_A_ACTIVE,3,"cp,pca,tucker",1.151237741938906,0.7647592540813978,1.151237741938906,0.41264798243840534,0,quality_factor,0.433066725730896,value_factor,0.4178033769130707,volatility_factor,0.12785498797893524
2018-12-03,601988.SH,cn_a,ALL_A_ACTIVE,3,"cp,pca,tucker",1.1440741109510209,0.7567127735118829,1.1440741109510209,0.41264798243840534,0,quality_factor,0.42356324195861816,value_factor,0.4098036289215088,volatility_factor,0.13849811255931854
2018-12-03,600282.SH,cn_a,ALL_A_ACTIVE,3,"cp,pca,tucker",1.1253460384380312,0.748263669005116,1.1253460384380312,0.41264798243840534,0,quality_factor,0.4148823320865631,value_factor,0.38005733489990234,volatility_factor,0.10461632162332535
2018-12-04,600150.SH,cn_a,ALL_A_ACTIVE,3,"cp,pca,tucker",1.1770069121381586,1.0636102229937632,1.1770069121381586,0.07897606119513512,0,quality_factor,0.32906925678253174,momentum_factor,0.2554899752140045,value_factor,0.22892971336841583
2018-12-04,002261.SZ,cn_a,ALL_A_ACTIVE,3,"cp,pca,tucker",1.1517857592848066,1.0382703071610822,1.1517857592848066,0.07897606119513512,0,quality_factor,0.31545111536979675,momentum_factor,0.2572968304157257,volatility_factor,0.21638382971286774
2018-12-04,002432.SZ,cn_a,ALL_A_ACTIVE,3,"cp,pca,tucker",0.987055287360084,0.8905299617327178,0.987055287360084,0.07897606119513512,0,quality_factor,0.30543988943099976,momentum_factor,0.28669673204421997,volatility_factor,0.20978182554244995
2018-12-04,600126.SH,cn_a,ALL_A_ACTIVE,3,"cp,pca,tucker",0.908488542430653,0.8256730278073103,0.908488542430653,0.07897606119513512,0,quality_factor,0.4037342667579651,value_factor,0.36761072278022766,momentum_factor,0.13125856220722198
2018-12-04,601668.SH,cn_a,ALL_A_ACTIVE,3,"cp,pca,tucker",0.9039085868586775,0.8211712120116191,0.9039085868586775,0.07897606119513512,0,quality_factor,0.35995426774024963,value_factor,0.3113793730735779,momentum_factor,0.23042002320289612
2018-12-04,002423.SZ,cn_a,ALL_A_ACTIVE,3,"cp,pca,tucker",0.9011176804753216,0.8080993860433234,0.9011176804753216,0.07897606119513512,2,volatility_factor,0.3224407434463501,momentum_factor,0.3139992356300354,quality_factor,0.24514585733413696
2018-12-04,600000.SH,cn_a,ALL_A_ACTIVE,3,"cp,pca,tucker",0.8970486867899691,0.8154136335154255,0.8970486867899691,0.07897606119513512,0,quality_factor,0.46230271458625793,value_factor,0.42791739106178284,volatility_factor,0.05914459004998207
2018-12-04,600808.SH,cn_a,ALL_A_ACTIVE,3,"cp,pca,tucker",0.8924546158756134,0.8096599195387393,0.8924546158756134,0.07897606119513512,0,quality_factor,0.4008483290672302,value_factor,0.36328762769699097,volatility_factor,0.1307990849018097
2018-12-04,600166.SH,cn_a,ALL_A_ACTIVE,3,"cp,pca,tucker",0.885979946542788,0.8052853835382056,0.885979946542788,0.07897606119513512,0,quality_factor,0.39264848828315735,value_factor,0.3708030581474304,volatility_factor,0.14091941714286804
2018-12-04,601997.SH,cn_a,ALL_A_ACTIVE,3,"cp,pca,tucker",0.8785022964792079,0.7989104535750418,0.8785022964792079,0.07897606119513512,0,quality_factor,0.48932135105133057,value_factor,0.4591379761695862,momentum_factor,0.04198087751865387
2018-12-04,600016.SH,cn_a,ALL_A_ACTIVE,3,"cp,pca,tucker",0.8645024364279686,0.7873734004127949,0.8645024364279686,0.07897606119513512,0,quality_factor,0.44673120975494385,value_factor,0.425771564245224,volatility_factor,0.10378266870975494
2018-12-04,601166.SH,cn_a,ALL_A_ACTIVE,3,"cp,pca,tucker",0.8626618691346337,0.7848628505914502,0.8626618691346337,0.07897606119513512,0,quality_factor,0.422128826379776,value_factor,0.4002074599266052,volatility_factor,0.11928978562355042
2018-12-04,600019.SH,cn_a,ALL_A_ACTIVE,3,"cp,pca,tucker",0.8619618248968134,0.7821038915799058,0.8619618248968134,0.07897606119513512,0,quality_factor,0.4247879981994629,value_factor,0.38961029052734375,volatility_factor,0.09397395700216293
2018-12-04,600153.SH,cn_a,ALL_A_ACTIVE,3,"cp,pca,tucker",0.8617682524717204,0.7859460713037761,0.8617682524717204,0.07897606119513512,0,quality_factor,0.4179201126098633,value_factor,0.40435275435447693,volatility_factor,0.14307938516139984
2018-12-04,601288.SH,cn_a,ALL_A_ACTIVE,3,"cp,pca,tucker",0.8530690983295427,0.7758972365353713,0.8530690983295427,0.07897606119513512,0,quality_factor,0.47257158160209656,value_factor,0.44852378964424133,momentum_factor,0.04088748246431351
2018-12-04,601398.SH,cn_a,ALL_A_ACTIVE,3,"cp,pca,tucker",0.847835334988939,0.7712857632733109,0.847835334988939,0.07897606119513512,0,quality_factor,0.453529417514801,value_factor,0.4342816472053528,volatility_factor,0.10308590531349182
2018-12-04,601328.SH,cn_a,ALL_A_ACTIVE,3,"cp,pca,tucker",0.8457785870160944,0.7696143488562647,0.8457785870160944,0.07897606119513512,0,quality_factor,0.4169892370700836,value_factor,0.39978915452957153,volatility_factor,0.13474266231060028
2018-12-04,600015.SH,cn_a,ALL_A_ACTIVE,3,"cp,pca,tucker",0.8415792052440674,0.7663757581193035,0.8415792052440674,0.07897606119513512,0,quality_factor,0.42602282762527466,value_factor,0.4105054438114166,volatility_factor,0.1323476880788803
2018-12-04,601988.SH,cn_a,ALL_A_ACTIVE,3,"cp,pca,tucker",0.8388082870438486,0.7632404581231843,0.8388082870438486,0.07897606119513512,0,quality_factor,0.4194834232330322,value_factor,0.40358176827430725,volatility_factor,0.13615036010742188
2018-12-04,600177.SH,cn_a,ALL_A_ACTIVE,3,"cp,pca,tucker",0.8313636413632618,0.756866844591662,0.8313636413632618,0.07897606119513512,0,quality_factor,0.3898869752883911,value_factor,0.37674590945243835,volatility_factor,0.16449254751205444
2018-12-05,600150.SH,cn_a,ALL_A_ACTIVE,3,"cp,pca,tucker",1.06209102738153,0.9739754413177231,1.06209102738153,0.09926899150013924,0,quality_factor,0.37429019808769226,value_factor,0.28865867853164673,momentum_factor,0.2308286428451538
2018-12-05,002261.SZ,cn_a,ALL_A_ACTIVE,3,"cp,pca,tucker",0.9725072223160888,0.8889821807909629,0.9725072223160888,0.09926899150013924,0,quality_factor,0.3901876211166382,value_factor,0.3099600076675415,momentum_factor,0.24000416696071625
2018-12-05,601668.SH,cn_a,ALL_A_ACTIVE,3,"cp,pca,tucker",0.9208181862568479,0.8406163175237547,0.9208181862568479,0.09926899150013924,0,quality_factor,0.37336695194244385,value_factor,0.32094717025756836,momentum_factor,0.22672709822654724
2018-12-05,600126.SH,cn_a,ALL_A_ACTIVE,3,"cp,pca,tucker",0.9204450700719934,0.8395011458531384,0.9204450700719934,0.09926899150013924,0,quality_factor,0.41964101791381836,value_factor,0.38163289427757263,momentum_factor,0.11756501346826553
2018-12-05,600166.SH,cn_a,ALL_A_ACTIVE,3,"cp,pca,tucker",0.917137819457111,0.8344151645306225,0.917137819457111,0.09926899150013924,0,quality_factor,0.42758283019065857,value_factor,0.396079421043396,volatility_factor,0.09154734760522842
2018-12-05,600000.SH,cn_a,ALL_A_ACTIVE,3,"cp,pca,tucker",0.87316169174542,0.7954680396887174,0.87316169174542,0.09926899150013924,0,quality_factor,0.4262203872203827,value_factor,0.4036148190498352,volatility_factor,0.11461633443832397
2018-12-05,600808.SH,cn_a,ALL_A_ACTIVE,3,"cp,pca,tucker",0.8655483391156246,0.7895175030063949,0.8655483391156246,0.09926899150013924,0,quality_factor,0.43564572930336,value_factor,0.4045829772949219,momentum_factor,0.09294405579566956
2018-12-05,601997.SH,cn_a,ALL_A_ACTIVE,3,"cp,pca,tucker",0.8577439023634447,0.7801834015761665,0.8577439023634447,0.09926899150013924,0,quality_factor,0.4577137529850006,value_factor,0.43904781341552734,volatility_factor,0.05785170570015907
2018-12-05,600016.SH,cn_a,ALL_A_ACTIVE,3,"cp,pca,tucker",0.8561724390940407,0.7792636736069185,0.8561724390940407,0.09926899150013924,0,quality_factor,0.4399011731147766,value_factor,0.424518883228302,volatility_factor,0.1225891262292862
2018-12-05,601288.SH,cn_a,ALL_A_ACTIVE,3,"cp,pca,tucker",0.8500778439293223,0.7737806576491598,0.8500778439293223,0.09926899150013924,0,quality_factor,0.46312591433525085,value_factor,0.4425393342971802,volatility_factor,0.05417219549417496
2018-12-05,600153.SH,cn_a,ALL_A_ACTIVE,3,"cp,pca,tucker",0.849871900743588,0.771985760721368,0.849871900743588,0.09926899150013924,0,quality_factor,0.5140963196754456,value_factor,0.36184051632881165,volatility_factor,0.08436553180217743
2018-12-05,600019.SH,cn_a,ALL_A_ACTIVE,3,"cp,pca,tucker",0.8489029947044945,0.7752407102907709,0.8489029947044945,0.09926899150013924,0,quality_factor,0.4357803761959076,value_factor,0.4048493206501007,momentum_factor,0.09315745532512665
2018-12-05,601166.SH,cn_a,ALL_A_ACTIVE,3,"cp,pca,tucker",0.8487944719726231,0.7726635684653683,0.8487944719726231,0.09926899150013924,0,quality_factor,0.41650503873825073,value_factor,0.40090805292129517,volatility_factor,0.1390725076198578
2018-12-05,601398.SH,cn_a,ALL_A_ACTIVE,3,"cp,pca,tucker",0.8446883401982208,0.7679897120851926,0.8446883401982208,0.09926899150013924,0,quality_factor,0.5046807527542114,value_factor,0.3698342740535736,volatility_factor,0.08534342050552368
2018-12-05,600177.SH,cn_a,ALL_A_ACTIVE,3,"cp,pca,tucker",0.8390733568761813,0.7613032591176192,0.8390733568761813,0.09926899150013924,2,quality_factor,0.46689605712890625,value_factor,0.40191277861595154,volatility_factor,0.08926760405302048
2018-12-05,601328.SH,cn_a,ALL_A_ACTIVE,3,"cp,pca,tucker",0.8320343423260312,0.7566220200517306,0.8320343423260312,0.09926899150013924,0,quality_factor,0.5025137066841125,value_factor,0.3716740012168884,volatility_factor,0.08556846529245377
2018-12-05,601988.SH,cn_a,ALL_A_ACTIVE,3,"cp,pca,tucker",0.8315280632903727,0.7561371483963969,0.8315280632903727,0.09926899150013924,0,quality_factor,0.5032176971435547,value_factor,0.3710763454437256,volatility_factor,0.08549536019563675
2018-12-05,600015.SH,cn_a,ALL_A_ACTIVE,3,"cp,pca,tucker",0.8289802377352956,0.753874342299608,0.8289802377352956,0.09926899150013924,0,quality_factor,0.5062060952186584,value_factor,0.36853930354118347,volatility_factor,0.08518500626087189
2018-12-05,600704.SH,cn_a,ALL_A_ACTIVE,3,"cp,pca,tucker",0.8262962200519418,0.7557883531182134,0.8262962200519418,0.09926899150013924,0,quality_factor,0.40900954604148865,value_factor,0.3346180021762848,momentum_factor,0.21350322663784027
2018-12-05,600282.SH,cn_a,ALL_A_ACTIVE,3,"cp,pca,tucker",0.8049469282614378,0.7356407693622101,0.8049469282614378,0.09926899150013924,0,quality_factor,0.46997469663619995,value_factor,0.4364478290081024,momentum_factor,0.059280723333358765
2018-12-06,600150.SH,cn_a,ALL_A_ACTIVE,3,"cp,pca,tucker",1.1813886144022672,0.9206610571025838,1.1813886144022672,0.29701975484689075,0,quality_factor,0.39631953835487366,value_factor,0.3174620568752289,momentum_factor,0.20037652552127838
2018-12-06,601668.SH,cn_a,ALL_A_ACTIVE,3,"cp,pca,tucker",1.0882687663142139,0.841012546059032,1.0882687663142139,0.29701975484689075,0,quality_factor,0.4016683101654053,value_factor,0.34673169255256653,momentum_factor,0.19944874942302704
2018-12-06,002261.SZ,cn_a,ALL_A_ACTIVE,3,"cp,pca,tucker",1.0751776817348777,0.8260411250896461,1.0751776817348777,0.29701975484689075,2,quality_factor,0.5432716012001038,value_factor,0.33707132935523987,volatility_factor,0.08133549988269806
2018-12-06,600166.SH,cn_a,ALL_A_ACTIVE,3,"cp,pca,tucker",1.0458718458049863,0.7965653410015893,1.0458718458049863,0.29701975484689075,0,value_factor,0.4441835880279541,quality_factor,0.4171059727668762,volatility_factor,0.09443862736225128
2018-12-06,600126.SH,cn_a,ALL_A_ACTIVE,3,"cp,pca,tucker",1.0456562318966667,0.8033163423110544,1.0456562318966667,0.29701975484689075,0,quality_factor,0.4455251693725586,value_factor,0.42005622386932373,volatility_factor,0.0914871096611023
2018-12-06,600019.SH,cn_a,ALL_A_ACTIVE,3,"cp,pca,tucker",1.0261303463570417,0.7945988939854732,1.0261303463570417,0.29701975484689075,0,quality_factor,0.40729889273643494,value_factor,0.37016502022743225,volatility_factor,0.12161660939455032
2018-12-06,601997.SH,cn_a,ALL_A_ACTIVE,3,"cp,pca,tucker",1.0239335140039407,0.7849239510672291,1.0239335140039407,0.29701975484689075,0,quality_factor,0.5561696887016296,value_factor,0.326121062040329,volatility_factor,0.07999594509601593
2018-12-06,600808.SH,cn_a,ALL_A_ACTIVE,3,"cp,pca,tucker",1.0228866841958018,0.7888483613661751,1.0228866841958018,0.29701975484689075,0,quality_factor,0.3924773037433624,value_factor,0.3617222011089325,momentum_factor,0.12842492759227753
2018-12-06,600153.SH,cn_a,ALL_A_ACTIVE,3,"cp,pca,tucker",1.0103910284118678,0.771695642214484,1.0103910284118678,0.29701975484689075,0,quality_factor,0.5145854949951172,value_factor,0.3614253103733063,volatility_factor,0.0843147411942482
2018-12-06,600000.SH,cn_a,ALL_A_ACTIVE,3,"cp,pca,tucker",1.008087115800904,0.774816255985484,1.008087115800904,0.29701975484689075,0,quality_factor,0.5047557950019836,value_factor,0.3697705566883087,volatility_factor,0.0853356197476387
2018-12-06,600177.SH,cn_a,ALL_A_ACTIVE,3,"cp,pca,tucker",1.0020432407573323,0.7611973219022078,1.0020432407573323,0.29701975484689075,2,quality_factor,0.4682922661304474,value_factor,0.40072739124298096,volatility_factor,0.08912259340286255
2018-12-06,601288.SH,cn_a,ALL_A_ACTIVE,3,"cp,pca,tucker",1.0002564498177258,0.7679865112781082,1.0002564498177258,0.29701975484689075,0,quality_factor,0.5104395151138306,value_factor,0.3649451434612274,volatility_factor,0.08474531769752502
2018-12-06,601166.SH,cn_a,ALL_A_ACTIVE,3,"cp,pca,tucker",0.9981957869124723,0.7670011842059488,0.9981957869124723,0.29701975484689075,0,quality_factor,0.5079905986785889,value_factor,0.36702415347099304,volatility_factor,0.08499964326620102
2018-12-06,600016.SH,cn_a,ALL_A_ACTIVE,3,"cp,pca,tucker",0.9927731397531288,0.761952011768515,0.9927731397531288,0.29701975484689075,0,quality_factor,0.5060627460479736,value_factor,0.36866089701652527,volatility_factor,0.08519987016916275
2018-12-06,601398.SH,cn_a,ALL_A_ACTIVE,3,"cp,pca,tucker",0.99256592727218,0.758967642917566,0.99256592727218,0.29701975484689075,0,quality_factor,0.5053780674934387,value_factor,0.36924228072166443,volatility_factor,0.08527099341154099
2018-12-06,601328.SH,cn_a,ALL_A_ACTIVE,3,"cp,pca,tucker",0.9746466098947238,0.7463719071702569,0.9746466098947238,0.29701975484689075,0,quality_factor,0.5032469630241394,value_factor,0.37105146050453186,volatility_factor,0.0854923203587532
2018-12-06,601988.SH,cn_a,ALL_A_ACTIVE,3,"cp,pca,tucker",0.9714729131180885,0.7434998490264563,0.9714729131180885,0.29701975484689075,0,quality_factor,0.5039543509483337,value_factor,0.370450884103775,volatility_factor,0.08541884273290634
2018-12-06,600015.SH,cn_a,ALL_A_ACTIVE,3,"cp,pca,tucker",0.962107461976069,0.7366600679761174,0.962107461976069,0.29701975484689075,0,quality_factor,0.506999671459198,value_factor,0.36786556243896484,volatility_factor,0.08510258048772812
2018-12-06,601699.SH,cn_a,ALL_A_ACTIVE,3,"cp,pca,tucker",0.9579377525768242,0.7395200626145279,0.9579377525768242,0.29701975484689075,0,quality_factor,0.4705914855003357,value_factor,0.4386241137981415,momentum_factor,0.06257573515176773
2018-12-06,600282.SH,cn_a,ALL_A_ACTIVE,3,"cp,pca,tucker",0.9573371251306738,0.7419578404512293,0.9573371251306738,0.29701975484689075,0,quality_factor,0.43318971991539,value_factor,0.4003848731517792,momentum_factor,0.09065882116556168
2018-12-07,600150.SH,cn_a,ALL_A_ACTIVE,3,"cp,pca,tucker",1.0193644933276473,0.954943283645434,1.0193644933276473,0.055535960321625076,0,quality_factor,0.38413384556770325,value_factor,0.30089709162712097,momentum_factor,0.17759521305561066
2018-12-07,002261.SZ,cn_a,ALL_A_ACTIVE,3,"cp,pca,tucker",0.9854223444321645,0.9251415670448582,0.9854223444321645,0.055535960321625076,0,quality_factor,0.38431957364082336,value_factor,0.30139854550361633,momentum_factor,0.1926598846912384
2018-12-07,601668.SH,cn_a,ALL_A_ACTIVE,3,"cp,pca,tucker",0.9789083951608907,0.9181906905236376,0.9789083951608907,0.055535960321625076,0,quality_factor,0.39243611693382263,value_factor,0.3128258287906647,momentum_factor,0.23346680402755737
2018-12-07,600126.SH,cn_a,ALL_A_ACTIVE,3,"cp,pca,tucker",0.8926370920485743,0.8403846633039667,0.8926370920485743,0.055535960321625076,0,quality_factor,0.4303545653820038,value_factor,0.3908531069755554,momentum_factor,0.10912086814641953
2018-12-07,600166.SH,cn_a,ALL_A_ACTIVE,3,"cp,pca,tucker",0.885957932223384,0.8362486210776329,0.885957932223384,0.055535960321625076,0,quality_factor,0.43117594718933105,value_factor,0.40054023265838623,volatility_factor,0.09108700603246689
2018-12-07,600019.SH,cn_a,ALL_A_ACTIVE,3,"cp,pca,tucker",0.8429391794300553,0.7922534242362994,0.8429391794300553,0.055535960321625076,0,quality_factor,0.43248048424720764,value_factor,0.39534538984298706,volatility_factor,0.09151635318994522
2018-12-07,600177.SH,cn_a,ALL_A_ACTIVE,3,"cp,pca,tucker",0.8274146252576013,0.782548284868274,0.8274146252576013,0.055535960321625076,0,quality_factor,0.37777847051620483,value_factor,0.3616431653499603,volatility_factor,0.16586920619010925
2018-12-07,600153.SH,cn_a,ALL_A_ACTIVE,3,"cp,pca,tucker",0.8260007994964892,0.780831877317842,0.8260007994964892,0.055535960321625076,0,quality_factor,0.3984000086784363,value_factor,0.38937297463417053,volatility_factor,0.16854228079319
2018-12-07,601166.SH,cn_a,ALL_A_ACTIVE,3,"cp,pca,tucker",0.8184505172825163,0.7715841599053617,0.8184505172825163,0.055535960321625076,0,quality_factor,0.4001395106315613,value_factor,0.382099449634552,volatility_factor,0.14491331577301025
2018-12-07,601997.SH,cn_a,ALL_A_ACTIVE,3,"cp,pca,tucker",0.806366063838742,0.7617614154225915,0.806366063838742,0.055535960321625076,0,quality_factor,0.4421914517879486,value_factor,0.42968738079071045,volatility_factor,0.12666937708854675
2018-12-07,600808.SH,cn_a,ALL_A_ACTIVE,3,"cp,pca,tucker",0.7978965041901661,0.752200254102283,0.7978965041901661,0.055535960321625076,0,quality_factor,0.4359208047389984,value_factor,0.4159231185913086,momentum_factor,0.11975123733282089
2018-12-07,600000.SH,cn_a,ALL_A_ACTIVE,3,"cp,pca,tucker",0.7961620068031626,0.7514936095962296,0.7961620068031626,0.055535960321625076,0,quality_factor,0.38996434211730957,value_factor,0.37984079122543335,volatility_factor,0.1719568371772766
2018-12-07,601328.SH,cn_a,ALL_A_ACTIVE,3,"cp,pca,tucker",0.7945076605411985,0.7499536563511865,0.7945076605411985,0.055535960321625076,0,quality_factor,0.39551785588264465,value_factor,0.38434603810310364,volatility_factor,0.16531668603420258
2018-12-07,601288.SH,cn_a,ALL_A_ACTIVE,3,"cp,pca,tucker",0.787564216783081,0.7435477426824916,0.787564216783081,0.055535960321625076,0,quality_factor,0.42977309226989746,value_factor,0.41880476474761963,volatility_factor,0.14090770483016968
2018-12-07,601398.SH,cn_a,ALL_A_ACTIVE,3,"cp,pca,tucker",0.7874155763201601,0.7442329955344048,0.7874155763201601,0.055535960321625076,0,quality_factor,0.3961804509162903,value_factor,0.3891427218914032,volatility_factor,0.17509260773658752
2018-12-07,600016.SH,cn_a,ALL_A_ACTIVE,3,"cp,pca,tucker",0.7870362842637179,0.7434029311966804,0.7870362842637179,0.055535960321625076,0,quality_factor,0.41567885875701904,value_factor,0.4092046916484833,volatility_factor,0.1623096764087677
2018-12-07,601988.SH,cn_a,ALL_A_ACTIVE,3,"cp,pca,tucker",0.7817306224426779,0.7383264420572736,0.7817306224426779,0.055535960321625076,0,quality_factor,0.39518624544143677,value_factor,0.38734179735183716,volatility_factor,0.1738140881061554
2018-12-07,600015.SH,cn_a,ALL_A_ACTIVE,3,"cp,pca,tucker",0.7791078206961158,0.7358461759128293,0.7791078206961158,0.055535960321625076,0,quality_factor,0.39807629585266113,value_factor,0.3919796645641327,volatility_factor,0.17604897916316986
2018-12-07,601699.SH,cn_a,ALL_A_ACTIVE,3,"cp,pca,tucker",0.7745315972581753,0.7292558138033524,0.7745315972581753,0.055535960321625076,0,quality_factor,0.4666915833950043,value_factor,0.43872591853141785,volatility_factor,0.07181805372238159
2018-12-07,600282.SH,cn_a,ALL_A_ACTIVE,3,"cp,pca,tucker",0.7744799760998439,0.7278408749764839,0.7744799760998439,0.055535960321625076,0,quality_factor,0.45668619871139526,value_factor,0.4285159111022949,momentum_factor,0.08307801932096481
2018-12-10,002261.SZ,cn_a,ALL_A_ACTIVE,3,"cp,pca,tucker",1.4041414713467455,0.9332837070667769,1.4041414713467455,0.4749619762102763,0,quality_factor,0.37523722648620605,value_factor,0.28968486189842224,momentum_factor,0.21503236889839172
2018-12-10,600150.SH,cn_a,ALL_A_ACTIVE,3,"cp,pca,tucker",1.3828790484589597,0.918039333449383,1.3828790484589597,0.4749619762102763,0,quality_factor,0.3917735815048218,value_factor,0.3106198310852051,momentum_factor,0.15020917356014252
2018-12-10,601668.SH,cn_a,ALL_A_ACTIVE,3,"cp,pca,tucker",1.3267701153229596,0.8819748900478136,1.3267701153229596,0.4749619762102763,0,quality_factor,0.40751585364341736,value_factor,0.33261987566947937,momentum_factor,0.21742871403694153
2018-12-10,600126.SH,cn_a,ALL_A_ACTIVE,3,"cp,pca,tucker",1.1961145956597041,0.7985403059121982,1.1961145956597041,0.4749619762102763,0,quality_factor,0.44184601306915283,value_factor,0.41330403089523315,volatility_factor,0.08851861953735352
2018-12-10,600166.SH,cn_a,ALL_A_ACTIVE,3,"cp,pca,tucker",1.1772672180647308,0.7882567658226135,1.1772672180647308,0.4749619762102763,0,value_factor,0.44231757521629333,quality_factor,0.4193039834499359,volatility_factor,0.09421035647392273
2018-12-10,600177.SH,cn_a,ALL_A_ACTIVE,3,"cp,pca,tucker",1.166612264284002,0.7811182036274609,1.166612264284002,0.4749619762102763,2,quality_factor,0.46968549489974976,value_factor,0.3995445668697357,volatility_factor,0.08897789567708969
2018-12-10,601166.SH,cn_a,ALL_A_ACTIVE,3,"cp,pca,tucker",1.1385319828045357,0.759733384991638,1.1385319828045357,0.4749619762102763,0,quality_factor,0.42303702235221863,value_factor,0.40122026205062866,volatility_factor,0.11888881772756577
2018-12-10,600019.SH,cn_a,ALL_A_ACTIVE,3,"cp,pca,tucker",1.1347662932629594,0.756291027554608,1.1347662932629594,0.4749619762102763,0,quality_factor,0.4441010653972626,value_factor,0.4152592122554779,momentum_factor,0.09156668186187744
2018-12-10,600153.SH,cn_a,ALL_A_ACTIVE,3,"cp,pca,tucker",1.1188675237750085,0.7501389315977295,1.1188675237750085,0.4749619762102763,0,quality_factor,0.41854503750801086,value_factor,0.414598286151886,volatility_factor,0.15752387046813965
2018-12-10,600000.SH,cn_a,ALL_A_ACTIVE,3,"cp,pca,tucker",1.1148053112473513,0.7446653407855677,1.1148053112473513,0.4749619762102763,0,quality_factor,0.41468268632888794,value_factor,0.3993774950504303,volatility_factor,0.14112195372581482
2018-12-10,601398.SH,cn_a,ALL_A_ACTIVE,3,"cp,pca,tucker",1.0978361340187437,0.734442372386726,1.0978361340187437,0.4749619762102763,0,quality_factor,0.40415024757385254,value_factor,0.39651691913604736,volatility_factor,0.16781826317310333
2018-12-10,601328.SH,cn_a,ALL_A_ACTIVE,3,"cp,pca,tucker",1.0849578720005841,0.7253073917857092,1.0849578720005841,0.4749619762102763,0,quality_factor,0.4114567041397095,value_factor,0.40239599347114563,volatility_factor,0.15896254777908325
2018-12-10,601997.SH,cn_a,ALL_A_ACTIVE,3,"cp,pca,tucker",1.078044827616478,0.7221436256084468,1.078044827616478,0.4749619762102763,0,quality_factor,0.4132554829120636,value_factor,0.41098538041114807,volatility_factor,0.14323770999908447
2018-12-10,601988.SH,cn_a,ALL_A_ACTIVE,3,"cp,pca,tucker",1.0763166414876937,0.7197189237202412,1.0763166414876937,0.4749619762102763,0,quality_factor,0.40923023223876953,value_factor,0.402115136384964,volatility_factor,0.16540952026844025
2018-12-10,600808.SH,cn_a,ALL_A_ACTIVE,3,"cp,pca,tucker",1.068718573084092,0.7143168180164051,1.068718573084092,0.4749619762102763,0,quality_factor,0.4214003384113312,value_factor,0.41094082593917847,momentum_factor,0.15473175048828125
2018-12-10,600704.SH,cn_a,ALL_A_ACTIVE,3,"cp,pca,tucker",1.0506959962462368,0.7004313861232866,1.0506959962462368,0.4749619762102763,0,quality_factor,0.46938827633857727,value_factor,0.4131007790565491,momentum_factor,0.10116839408874512
2018-12-10,601288.SH,cn_a,ALL_A_ACTIVE,3,"cp,pca,tucker",1.0491973345199181,0.7021750138872731,1.0491973345199181,0.4749619762102763,0,quality_factor,0.4074234366416931,value_factor,0.4058215022087097,volatility_factor,0.18040333688259125
2018-12-10,600016.SH,cn_a,ALL_A_ACTIVE,3,"cp,pca,tucker",1.047886775168694,0.701819358578525,1.047886775168694,0.4749619762102763,0,value_factor,0.40736210346221924,quality_factor,0.4070591330528259,volatility_factor,0.18081633746623993
2018-12-10,600015.SH,cn_a,ALL_A_ACTIVE,3,"cp,pca,tucker",1.0430151162759447,0.6982487489775523,1.0430151162759447,0.4749619762102763,0,quality_factor,0.4088299572467804,value_factor,0.4085259735584259,volatility_factor,0.1815289855003357
2018-12-10,600348.SH,cn_a,ALL_A_ACTIVE,3,"cp,pca,tucker",1.0135341532308055,0.6768396958701665,1.0135341532308055,0.4749619762102763,0,quality_factor,0.42415472865104675,value_factor,0.41795146465301514,volatility_factor,0.129794180393219
2018-12-11,601668.SH,cn_a,ALL_A_ACTIVE,3,"cp,pca,tucker",1.007924850539638,0.9242758665215357,1.007924850539638,0.09961679205298424,0,quality_factor,0.3860314190387726,value_factor,0.3034329414367676,momentum_factor,0.17828744649887085
2018-12-11,600150.SH,cn_a,ALL_A_ACTIVE,3,"cp,pca,tucker",0.9753173037269683,0.893614004527108,0.9753173037269683,0.09961679205298424,0,quality_factor,0.40495872497558594,value_factor,0.3280825614929199,momentum_factor,0.1460028886795044
2018-12-11,002261.SZ,cn_a,ALL_A_ACTIVE,3,"cp,pca,tucker",0.9175189300677401,0.8444026730729743,0.9175189300677401,0.09961679205298424,0,quality_factor,0.4356272518634796,value_factor,0.36880069971084595,momentum_factor,0.14091981947422028
2018-12-11,600126.SH,cn_a,ALL_A_ACTIVE,3,"cp,pca,tucker",0.8527309361376845,0.7844966189937637,0.8527309361376845,0.09961679205298424,0,quality_factor,0.44272175431251526,value_factor,0.4180200695991516,volatility_factor,0.09740877896547318
2018-12-11,600177.SH,cn_a,ALL_A_ACTIVE,3,"cp,pca,tucker",0.835870956801398,0.7713938616953243,0.835870956801398,0.09961679205298424,2,quality_factor,0.4694318175315857,value_factor,0.399759978055954,volatility_factor,0.08900424838066101
2018-12-11,601166.SH,cn_a,ALL_A_ACTIVE,3,"cp,pca,tucker",0.8087116012814622,0.7437290382240236,0.8087116012814622,0.09961679205298424,0,quality_factor,0.4222117066383362,value_factor,0.40555626153945923,volatility_factor,0.13229575753211975
2018-12-11,600166.SH,cn_a,ALL_A_ACTIVE,3,"cp,pca,tucker",0.8061558262822812,0.7448086340611789,0.8061558262822812,0.09961679205298424,0,value_factor,0.4426586329936981,quality_factor,0.4189022183418274,volatility_factor,0.0942520722746849
2018-12-11,600153.SH,cn_a,ALL_A_ACTIVE,3,"cp,pca,tucker",0.8049254827319529,0.7415076505941843,0.8049254827319529,0.09961679205298424,0,quality_factor,0.5149919390678406,value_factor,0.36108019948005676,volatility_factor,0.08427251875400543
2018-12-11,600000.SH,cn_a,ALL_A_ACTIVE,3,"cp,pca,tucker",0.8031398871448617,0.738753727210415,0.8031398871448617,0.09961679205298424,0,quality_factor,0.4259524941444397,value_factor,0.4118000566959381,volatility_factor,0.13578574359416962
2018-12-11,601997.SH,cn_a,ALL_A_ACTIVE,3,"cp,pca,tucker",0.7949434255202256,0.732434059575891,0.7949434255202256,0.09961679205298424,0,quality_factor,0.4248484969139099,value_factor,0.41824424266815186,volatility_factor,0.115736223757267
2018-12-11,601328.SH,cn_a,ALL_A_ACTIVE,3,"cp,pca,tucker",0.7944785030492812,0.7312886715232297,0.7944785030492812,0.09961679205298424,0,quality_factor,0.42257675528526306,value_factor,0.4109300971031189,volatility_factor,0.1444583684206009
2018-12-11,601398.SH,cn_a,ALL_A_ACTIVE,3,"cp,pca,tucker",0.7903042213837774,0.7283526780252728,0.7903042213837774,0.09961679205298424,0,quality_factor,0.403494656085968,value_factor,0.39772188663482666,volatility_factor,0.17291170358657837
2018-12-11,600019.SH,cn_a,ALL_A_ACTIVE,3,"cp,pca,tucker",0.7827286045167887,0.719723825242606,0.7827286045167887,0.09961679205298424,0,quality_factor,0.45047852396965027,value_factor,0.43392688035964966,momentum_factor,0.09325253963470459
2018-12-11,601988.SH,cn_a,ALL_A_ACTIVE,3,"cp,pca,tucker",0.7787334685389138,0.7172087928376643,0.7787334685389138,0.09961679205298424,0,quality_factor,0.4105842113494873,value_factor,0.4041843116283417,volatility_factor,0.16619934141635895
2018-12-11,600808.SH,cn_a,ALL_A_ACTIVE,3,"cp,pca,tucker",0.7735452854171035,0.7120983159581556,0.7735452854171035,0.09961679205298424,0,quality_factor,0.4162559509277344,value_factor,0.40617835521698,momentum_factor,0.15980325639247894
2018-12-11,601288.SH,cn_a,ALL_A_ACTIVE,3,"cp,pca,tucker",0.7679558239085624,0.7073047828431074,0.7679558239085624,0.09961679205298424,0,quality_factor,0.41645294427871704,value_factor,0.4128163158893585,volatility_factor,0.16878756880760193
2018-12-11,600016.SH,cn_a,ALL_A_ACTIVE,3,"cp,pca,tucker",0.7570645501057872,0.6969145480389476,0.7570645501057872,0.09961679205298424,0,value_factor,0.4049830734729767,quality_factor,0.403439462184906,volatility_factor,0.17935959994792938
2018-12-11,600015.SH,cn_a,ALL_A_ACTIVE,3,"cp,pca,tucker",0.7543391817340579,0.6946102995542717,0.7543391817340579,0.09961679205298424,0,value_factor,0.4066299498081207,quality_factor,0.4060443937778473,volatility_factor,0.1745918095111847
2018-12-11,600348.SH,cn_a,ALL_A_ACTIVE,3,"cp,pca,tucker",0.7414923563990485,0.6821133965055819,0.7414923563990485,0.09961679205298424,0,quality_factor,0.4327113926410675,value_factor,0.42318400740623474,volatility_factor,0.09825631976127625
2018-12-11,002128.SZ,cn_a,ALL_A_ACTIVE,3,"cp,pca,tucker",0.7362586827766496,0.6778861565318505,0.7362586827766496,0.09961679205298424,0,quality_factor,0.42081889510154724,value_factor,0.4156590700149536,volatility_factor,0.1192634254693985
2018-12-12,601668.SH,cn_a,ALL_A_ACTIVE,3,"cp,pca,tucker",0.9982018374270506,0.9301843779096935,0.9982018374270506,0.09290036434928577,0,quality_factor,0.3773934245109558,value_factor,0.29232925176620483,momentum_factor,0.20200175046920776
2018-12-12,600150.SH,cn_a,ALL_A_ACTIVE,3,"cp,pca,tucker",0.9813217657481504,0.9128389609777728,0.9813217657481504,0.09290036434928577,0,quality_factor,0.3924178183078766,value_factor,0.31179291009902954,momentum_factor,0.1701865941286087
2018-12-12,002261.SZ,cn_a,ALL_A_ACTIVE,3,"cp,pca,tucker",0.8881778453868253,0.8317615128644182,0.8881778453868253,0.09290036434928577,0,quality_factor,0.4537063241004944,value_factor,0.39211830496788025,momentum_factor,0.09609712660312653
2018-12-12,600177.SH,cn_a,ALL_A_ACTIVE,3,"cp,pca,tucker",0.826444282404989,0.7760846594386939,0.826444282404989,0.09290036434928577,2,quality_factor,0.46941712498664856,value_factor,0.39977237582206726,volatility_factor,0.08900576084852219
2018-12-12,600166.SH,cn_a,ALL_A_ACTIVE,3,"cp,pca,tucker",0.8075690756909761,0.7591064203675506,0.8075690756909761,0.09290036434928577,0,value_factor,0.4426783323287964,quality_factor,0.41887903213500977,volatility_factor,0.09425447881221771
2018-12-12,601166.SH,cn_a,ALL_A_ACTIVE,3,"cp,pca,tucker",0.8067584327899966,0.7538960581082587,0.8067584327899966,0.09290036434928577,0,quality_factor,0.4174753725528717,value_factor,0.3975466787815094,volatility_factor,0.127618670463562
2018-12-12,600000.SH,cn_a,ALL_A_ACTIVE,3,"cp,pca,tucker",0.8065052543611492,0.7536999914170642,0.8065052543611492,0.09290036434928577,0,quality_factor,0.4251648485660553,value_factor,0.4058349132537842,volatility_factor,0.12351174652576447
2018-12-12,600153.SH,cn_a,ALL_A_ACTIVE,3,"cp,pca,tucker",0.8041620597113258,0.7526172906870116,0.8041620597113258,0.09290036434928577,0,quality_factor,0.42466968297958374,value_factor,0.41833066940307617,volatility_factor,0.13384999334812164
2018-12-12,601398.SH,cn_a,ALL_A_ACTIVE,3,"cp,pca,tucker",0.8030732612100024,0.7522881465103878,0.8030732612100024,0.09290036434928577,0,quality_factor,0.40866103768348694,value_factor,0.3944089114665985,volatility_factor,0.14811448752880096
2018-12-12,601997.SH,cn_a,ALL_A_ACTIVE,3,"cp,pca,tucker",0.7957203835038945,0.7452302149576505,0.7957203835038945,0.09290036434928577,0,quality_factor,0.4393733739852905,value_factor,0.42755112051963806,volatility_factor,0.10019812732934952
2018-12-12,601328.SH,cn_a,ALL_A_ACTIVE,3,"cp,pca,tucker",0.7911861420133662,0.7402457744890968,0.7911861420133662,0.09290036434928577,0,quality_factor,0.4207753539085388,value_factor,0.4059377610683441,volatility_factor,0.13785094022750854
2018-12-12,601988.SH,cn_a,ALL_A_ACTIVE,3,"cp,pca,tucker",0.7881525366551722,0.7377131407602784,0.7881525366551722,0.09290036434928577,0,quality_factor,0.40982794761657715,value_factor,0.39637452363967896,volatility_factor,0.1492476910352707
2018-12-12,600019.SH,cn_a,ALL_A_ACTIVE,3,"cp,pca,tucker",0.7704031901161722,0.7199960180051592,0.7704031901161722,0.09290036434928577,0,quality_factor,0.4515591561794281,value_factor,0.43457379937171936,momentum_factor,0.09673923254013062
2018-12-12,600808.SH,cn_a,ALL_A_ACTIVE,3,"cp,pca,tucker",0.769179259332605,0.7197652330010601,0.769179259332605,0.09290036434928577,0,quality_factor,0.4084707200527191,value_factor,0.39566493034362793,momentum_factor,0.15940254926681519
2018-12-12,600126.SH,cn_a,ALL_A_ACTIVE,3,"cp,pca,tucker",0.7634787269396703,0.7152733289912306,0.7634787269396703,0.09290036434928577,0,quality_factor,0.44635385274887085,value_factor,0.4193526804447174,volatility_factor,0.09140104055404663
2018-12-12,601288.SH,cn_a,ALL_A_ACTIVE,3,"cp,pca,tucker",0.7624918846769354,0.7139208670774461,0.7624918846769354,0.09290036434928577,0,quality_factor,0.3989160656929016,value_factor,0.393236368894577,volatility_factor,0.17647260427474976
2018-12-12,600016.SH,cn_a,ALL_A_ACTIVE,3,"cp,pca,tucker",0.7528405657138572,0.7040555096080948,0.7528405657138572,0.09290036434928577,0,quality_factor,0.40853720903396606,value_factor,0.40763363242149353,volatility_factor,0.18132607638835907
2018-12-12,600015.SH,cn_a,ALL_A_ACTIVE,3,"cp,pca,tucker",0.7502741885947343,0.7020655847797174,0.7502741885947343,0.09290036434928577,0,quality_factor,0.4064507484436035,value_factor,0.40451139211654663,volatility_factor,0.18027354776859283
2018-12-12,600348.SH,cn_a,ALL_A_ACTIVE,3,"cp,pca,tucker",0.7403796342887992,0.6922413490516127,0.7403796342887992,0.09290036434928577,0,quality_factor,0.44398605823516846,value_factor,0.4303220510482788,volatility_factor,0.07854120433330536
2018-12-12,002128.SZ,cn_a,ALL_A_ACTIVE,3,"cp,pca,tucker",0.7391298663811753,0.6917078247509472,0.7391298663811753,0.09290036434928577,0,quality_factor,0.43775156140327454,value_factor,0.42649999260902405,volatility_factor,0.10026904940605164
2018-12-13,600150.SH,cn_a,ALL_A_ACTIVE,3,"cp,pca,tucker",1.1326421395619575,0.8981035088073633,1.1326421395619575,0.21464774012565613,0,quality_factor,0.3970346748828888,value_factor,0.31844425201416016,momentum_factor,0.20235145092010498
2018-12-13,601668.SH,cn_a,ALL_A_ACTIVE,3,"cp,pca,tucker",1.1298637793372157,0.8924569110226278,1.1298637793372157,0.21464774012565613,0,quality_factor,0.3774195611476898,value_factor,0.2934294044971466,momentum_factor,0.26801320910453796
2018-12-13,600166.SH,cn_a,ALL_A_ACTIVE,3,"cp,pca,tucker",1.0106766774990654,0.7899575340022144,1.0106766774990654,0.21464774012565613,0,value_factor,0.44398802518844604,quality_factor,0.4173364043235779,volatility_factor,0.09441469609737396
2018-12-13,600153.SH,cn_a,ALL_A_ACTIVE,3,"cp,pca,tucker",1.0011608196806416,0.7884449729718171,1.0011608196806416,0.21464774012565613,0,quality_factor,0.47065702080726624,value_factor,0.44764941930770874,volatility_factor,0.07149264961481094
2018-12-13,600808.SH,cn_a,ALL_A_ACTIVE,3,"cp,pca,tucker",1.0006229888702418,0.7881164908079854,1.0006229888702418,0.21464774012565613,0,quality_factor,0.38491952419281006,value_factor,0.351030170917511,volatility_factor,0.13720102608203888
2018-12-13,601997.SH,cn_a,ALL_A_ACTIVE,3,"cp,pca,tucker",0.9773121763530455,0.7678313042806754,0.9773121763530455,0.21464774012565613,0,quality_factor,0.46799206733703613,value_factor,0.4456041157245636,volatility_factor,0.044222392141819
2018-12-13,600177.SH,cn_a,ALL_A_ACTIVE,3,"cp,pca,tucker",0.9722513883061915,0.7596810973463958,0.9722513883061915,0.21464774012565613,2,quality_factor,0.46843889355659485,value_factor,0.40060290694236755,volatility_factor,0.08910735696554184
2018-12-13,600208.SH,cn_a,ALL_A_ACTIVE,3,"cp,pca,tucker",0.9429788893613984,0.7452090809264144,0.9429788893613984,0.21464774012565613,0,quality_factor,0.3506799340248108,value_factor,0.3186314105987549,volatility_factor,0.17188231647014618
2018-12-13,600019.SH,cn_a,ALL_A_ACTIVE,3,"cp,pca,tucker",0.9400356531874784,0.7410266303978519,0.9400356531874784,0.21464774012565613,0,quality_factor,0.4539547264575958,value_factor,0.4273851811885834,momentum_factor,0.08918969333171844
2018-12-13,601398.SH,cn_a,ALL_A_ACTIVE,3,"cp,pca,tucker",0.9392158477254208,0.736383802120644,0.9392158477254208,0.21464774012565613,0,quality_factor,0.50545334815979,value_factor,0.3691783547401428,volatility_factor,0.08526317775249481
2018-12-13,600126.SH,cn_a,ALL_A_ACTIVE,3,"cp,pca,tucker",0.9337394781315759,0.7335340881623263,0.9337394781315759,0.21464774012565613,0,quality_factor,0.44563189148902893,value_factor,0.41996562480926514,volatility_factor,0.09147602319717407
2018-12-13,600000.SH,cn_a,ALL_A_ACTIVE,3,"cp,pca,tucker",0.9321754166480165,0.7335948470108997,0.9321754166480165,0.21464774012565613,0,quality_factor,0.4036259353160858,value_factor,0.39255037903785706,volatility_factor,0.15965859591960907
2018-12-13,600282.SH,cn_a,ALL_A_ACTIVE,3,"cp,pca,tucker",0.9311271183775797,0.734516963333007,0.9311271183775797,0.21464774012565613,0,quality_factor,0.4061051607131958,value_factor,0.3718756437301636,volatility_factor,0.11306063085794449
2018-12-13,600015.SH,cn_a,ALL_A_ACTIVE,3,"cp,pca,tucker",0.9264861577960798,0.7289905826144693,0.9264861577960798,0.21464774012565613,0,quality_factor,0.4377592206001282,value_factor,0.4261878728866577,volatility_factor,0.133603036403656
2018-12-13,601166.SH,cn_a,ALL_A_ACTIVE,3,"cp,pca,tucker",0.9226727408514316,0.7259313588147317,0.9226727408514316,0.21464774012565613,0,quality_factor,0.3994991183280945,value_factor,0.39011847972869873,volatility_factor,0.16686555743217468
2018-12-13,601288.SH,cn_a,ALL_A_ACTIVE,3,"cp,pca,tucker",0.920827617283457,0.7232574836214453,0.920827617283457,0.21464774012565613,0,quality_factor,0.5105279088020325,value_factor,0.3648701310157776,volatility_factor,0.08473614603281021
2018-12-13,601988.SH,cn_a,ALL_A_ACTIVE,3,"cp,pca,tucker",0.9180562055121558,0.7205678863612186,0.9180562055121558,0.21464774012565613,0,quality_factor,0.5040347576141357,value_factor,0.370382696390152,volatility_factor,0.08541050553321838
2018-12-13,600016.SH,cn_a,ALL_A_ACTIVE,3,"cp,pca,tucker",0.9123394670639082,0.7184368962816347,0.9123394670639082,0.21464774012565613,0,quality_factor,0.5061481595039368,value_factor,0.36858847737312317,volatility_factor,0.0851910188794136
2018-12-13,002128.SZ,cn_a,ALL_A_ACTIVE,3,"cp,pca,tucker",0.9123211294784433,0.7176199015740053,0.9123211294784433,0.21464774012565613,0,quality_factor,0.4756835699081421,value_factor,0.45043712854385376,momentum_factor,0.04715079441666603
2018-12-13,601328.SH,cn_a,ALL_A_ACTIVE,3,"cp,pca,tucker",0.9091874622090553,0.7138746369005459,0.9091874622090553,0.21464774012565613,0,quality_factor,0.5033271312713623,value_factor,0.3709834814071655,volatility_factor,0.08548399806022644
2018-12-14,601668.SH,cn_a,ALL_A_ACTIVE,3,"cp,pca,tucker",1.2364163078227404,0.8409013969032132,1.2364163078227404,0.491852064927419,0,quality_factor,0.3989770710468292,value_factor,0.3217965066432953,momentum_factor,0.24933359026908875
2018-12-14,600150.SH,cn_a,ALL_A_ACTIVE,3,"cp,pca,tucker",1.1447780811637311,0.7784038918326573,1.1447780811637311,0.491852064927419,0,quality_factor,0.4378545880317688,value_factor,0.3858565390110016,momentum_factor,0.1431635320186615
2018-12-14,600166.SH,cn_a,ALL_A_ACTIVE,3,"cp,pca,tucker",1.136077245007827,0.7763243655148019,1.136077245007827,0.491852064927419,0,value_factor,0.44225895404815674,quality_factor,0.4193729758262634,volatility_factor,0.0942031741142273
2018-12-14,600153.SH,cn_a,ALL_A_ACTIVE,3,"cp,pca,tucker",1.1222821313794082,0.765096867850342,1.1222821313794082,0.491852064927419,0,quality_factor,0.4628618359565735,value_factor,0.44212472438812256,momentum_factor,0.06244213879108429
2018-12-14,601997.SH,cn_a,ALL_A_ACTIVE,3,"cp,pca,tucker",1.089410948809671,0.7429638896513638,1.089410948809671,0.491852064927419,0,quality_factor,0.45558881759643555,value_factor,0.4372358024120331,momentum_factor,0.08722340315580368
2018-12-14,600808.SH,cn_a,ALL_A_ACTIVE,3,"cp,pca,tucker",1.0814860783369526,0.7367330249255067,1.0814860783369526,0.491852064927419,0,quality_factor,0.4044750928878784,value_factor,0.3810921609401703,momentum_factor,0.1367805153131485
2018-12-14,600208.SH,cn_a,ALL_A_ACTIVE,3,"cp,pca,tucker",1.0695861547584933,0.7277080523115328,1.0695861547584933,0.491852064927419,0,quality_factor,0.32828015089035034,value_factor,0.29810604453086853,volatility_factor,0.19218631088733673
2018-12-14,600177.SH,cn_a,ALL_A_ACTIVE,3,"cp,pca,tucker",1.0623048496521552,0.7266463333675629,1.0623048496521552,0.491852064927419,2,quality_factor,0.4697290360927582,value_factor,0.3995075821876526,volatility_factor,0.08897336572408676
2018-12-14,601398.SH,cn_a,ALL_A_ACTIVE,3,"cp,pca,tucker",1.0535920634485147,0.7190467142634978,1.0535920634485147,0.491852064927419,0,quality_factor,0.395271360874176,value_factor,0.38778233528137207,volatility_factor,0.17463400959968567
2018-12-14,600126.SH,cn_a,ALL_A_ACTIVE,3,"cp,pca,tucker",1.0470751137745642,0.7144405620744062,1.0470751137745642,0.491852064927419,0,quality_factor,0.42400261759757996,value_factor,0.4179326295852661,volatility_factor,0.13710512220859528
2018-12-14,600282.SH,cn_a,ALL_A_ACTIVE,3,"cp,pca,tucker",1.0459110721081681,0.7114394355896433,1.0459110721081681,0.491852064927419,0,quality_factor,0.4005810022354126,value_factor,0.3721648156642914,momentum_factor,0.12761497497558594
2018-12-14,601166.SH,cn_a,ALL_A_ACTIVE,3,"cp,pca,tucker",1.0368288428751897,0.7066293668748225,1.0368288428751897,0.491852064927419,0,quality_factor,0.4075280725955963,value_factor,0.3970034122467041,volatility_factor,0.15818724036216736
2018-12-14,600019.SH,cn_a,ALL_A_ACTIVE,3,"cp,pca,tucker",1.0270409330922774,0.6996670728678352,1.0270409330922774,0.491852064927419,0,quality_factor,0.44786566495895386,value_factor,0.4320842921733856,momentum_factor,0.10993482172489166
2018-12-14,601988.SH,cn_a,ALL_A_ACTIVE,3,"cp,pca,tucker",1.0246082238047929,0.6989629181940579,1.0246082238047929,0.491852064927419,0,quality_factor,0.398908406496048,value_factor,0.3932248651981354,volatility_factor,0.17646872997283936
2018-12-14,600000.SH,cn_a,ALL_A_ACTIVE,3,"cp,pca,tucker",1.0244963881772424,0.6984211935398249,1.0244963881772424,0.491852064927419,0,quality_factor,0.4115602672100067,value_factor,0.4044433534145355,volatility_factor,0.16371029615402222
2018-12-14,600606.SH,cn_a,ALL_A_ACTIVE,3,"cp,pca,tucker",1.0229133815616551,0.6976638258413593,1.0229133815616551,0.491852064927419,0,quality_factor,0.4969346821308136,value_factor,0.4640868604183197,momentum_factor,0.03429248183965683
2018-12-14,601288.SH,cn_a,ALL_A_ACTIVE,3,"cp,pca,tucker",1.0188132030900845,0.6949400061780255,1.0188132030900845,0.491852064927419,0,quality_factor,0.4006357192993164,value_factor,0.39550915360450745,volatility_factor,0.17659440636634827
2018-12-14,600015.SH,cn_a,ALL_A_ACTIVE,3,"cp,pca,tucker",1.0134570040008575,0.690992732208112,1.0134570040008575,0.491852064927419,0,quality_factor,0.42325422167778015,value_factor,0.41737455129623413,volatility_factor,0.13097915053367615
2018-12-14,601328.SH,cn_a,ALL_A_ACTIVE,3,"cp,pca,tucker",1.0070235488836183,0.6870330663598025,1.0070235488836183,0.491852064927419,0,quality_factor,0.4056067168712616,value_factor,0.4032483994960785,volatility_factor,0.17984777688980103
2018-12-14,600016.SH,cn_a,ALL_A_ACTIVE,3,"cp,pca,tucker",1.0057311409651286,0.685680561122319,1.0057311409651286,0.491852064927419,0,quality_factor,0.41551992297172546,value_factor,0.4126346707344055,volatility_factor,0.15850266814231873
2018-12-17,601668.SH,cn_a,ALL_A_ACTIVE,3,"cp,pca,tucker",1.0780271207540504,0.8256911262411121,1.0780271207540504,0.23481150219837824,0,quality_factor,0.3930124342441559,value_factor,0.317388117313385,momentum_factor,0.2825901508331299
2018-12-17,600153.SH,cn_a,ALL_A_ACTIVE,3,"cp,pca,tucker",1.0314534816407583,0.7939331572036877,1.0314534816407583,0.23481150219837824,0,quality_factor,0.42715299129486084,value_factor,0.3985465168952942,momentum_factor,0.10577646642923355
2018-12-17,600166.SH,cn_a,ALL_A_ACTIVE,3,"cp,pca,tucker",1.0295583014011627,0.7917912330035476,1.0295583014011627,0.23481150219837824,0,quality_factor,0.4684113562107086,value_factor,0.44599658250808716,volatility_factor,0.054814066737890244
2018-12-17,600808.SH,cn_a,ALL_A_ACTIVE,3,"cp,pca,tucker",1.009788351372393,0.7736494862154024,1.009788351372393,0.23481150219837824,0,quality_factor,0.4106347858905792,value_factor,0.3761630654335022,volatility_factor,0.10846355557441711
2018-12-17,600150.SH,cn_a,ALL_A_ACTIVE,3,"cp,pca,tucker",0.9986878328586996,0.7680625337873718,0.9986878328586996,0.23481150219837824,0,quality_factor,0.44061264395713806,value_factor,0.3976488709449768,momentum_factor,0.10819133371114731
2018-12-17,601997.SH,cn_a,ALL_A_ACTIVE,3,"cp,pca,tucker",0.9963300956071987,0.7657967281898993,0.9963300956071987,0.23481150219837824,0,quality_factor,0.43450331687927246,value_factor,0.4097033441066742,momentum_factor,0.10916120558977127
2018-12-17,600208.SH,cn_a,ALL_A_ACTIVE,3,"cp,pca,tucker",0.9775626228809379,0.7508682919362965,0.9775626228809379,0.23481150219837824,0,quality_factor,0.3168899416923523,value_factor,0.28381338715553284,volatility_factor,0.21579091250896454
2018-12-17,600282.SH,cn_a,ALL_A_ACTIVE,3,"cp,pca,tucker",0.9722489674841968,0.7426045739852857,0.9722489674841968,0.23481150219837824,0,quality_factor,0.4023301899433136,value_factor,0.36390748620033264,volatility_factor,0.13200247287750244
2018-12-17,600126.SH,cn_a,ALL_A_ACTIVE,3,"cp,pca,tucker",0.9641088981187065,0.742443882493566,0.9641088981187065,0.23481150219837824,0,quality_factor,0.451181560754776,value_factor,0.4350360333919525,volatility_factor,0.08024643361568451
2018-12-17,600177.SH,cn_a,ALL_A_ACTIVE,3,"cp,pca,tucker",0.955009856664248,0.7365878898346997,0.955009856664248,0.23481150219837824,2,quality_factor,0.4690822660923004,value_factor,0.4000566899776459,volatility_factor,0.08904054760932922
2018-12-17,600606.SH,cn_a,ALL_A_ACTIVE,3,"cp,pca,tucker",0.9519117642839698,0.7284770181150679,0.9519117642839698,0.23481150219837824,0,quality_factor,0.455287367105484,value_factor,0.41091781854629517,volatility_factor,0.08927000313997269
2018-12-17,601398.SH,cn_a,ALL_A_ACTIVE,3,"cp,pca,tucker",0.9466652713319758,0.7285413480657484,0.9466652713319758,0.23481150219837824,0,quality_factor,0.41293230652809143,value_factor,0.4028013348579407,volatility_factor,0.15523375570774078
2018-12-17,601988.SH,cn_a,ALL_A_ACTIVE,3,"cp,pca,tucker",0.9386917903788509,0.7219128743243636,0.9386917903788509,0.23481150219837824,0,quality_factor,0.4198492169380188,value_factor,0.40751582384109497,volatility_factor,0.14473815262317657
2018-12-17,601288.SH,cn_a,ALL_A_ACTIVE,3,"cp,pca,tucker",0.934780094763486,0.7190707175880879,0.934780094763486,0.23481150219837824,0,quality_factor,0.43405014276504517,value_factor,0.42152857780456543,volatility_factor,0.13394294679164886
2018-12-17,600015.SH,cn_a,ALL_A_ACTIVE,3,"cp,pca,tucker",0.927343104820145,0.7139086849636113,0.927343104820145,0.23481150219837824,0,quality_factor,0.4400872588157654,value_factor,0.4277633726596832,volatility_factor,0.07757225632667542
2018-12-17,600019.SH,cn_a,ALL_A_ACTIVE,3,"cp,pca,tucker",0.925903075704658,0.7112260107254113,0.925903075704658,0.23481150219837824,0,quality_factor,0.45232197642326355,value_factor,0.4329819977283478,momentum_factor,0.10816283524036407
2018-12-17,600016.SH,cn_a,ALL_A_ACTIVE,3,"cp,pca,tucker",0.9180983119836275,0.7078343306288256,0.9180983119836275,0.23481150219837824,0,quality_factor,0.42977699637413025,value_factor,0.42137980461120605,volatility_factor,0.10846303403377533
2018-12-17,002128.SZ,cn_a,ALL_A_ACTIVE,3,"cp,pca,tucker",0.9179787506549729,0.7043794693417981,0.9179787506549729,0.23481150219837824,0,quality_factor,0.46302029490470886,value_factor,0.44188350439071655,momentum_factor,0.09365721046924591
2018-12-17,601328.SH,cn_a,ALL_A_ACTIVE,3,"cp,pca,tucker",0.9168725392747725,0.7059327205846788,0.9168725392747725,0.23481150219837824,0,quality_factor,0.4281906485557556,value_factor,0.42070797085762024,volatility_factor,0.1507074534893036
2018-12-17,601166.SH,cn_a,ALL_A_ACTIVE,3,"cp,pca,tucker",0.910485650066557,0.7013587893471808,0.910485650066557,0.23481150219837824,0,quality_factor,0.406931072473526,value_factor,0.4004580080509186,volatility_factor,0.1686747521162033
2018-12-18,601668.SH,cn_a,ALL_A_ACTIVE,3,"cp,pca,tucker",1.281026965225723,0.8418177806074755,1.281026965225723,0.3762377475698789,0,quality_factor,0.3948235511779785,value_factor,0.3167050778865814,momentum_factor,0.2762035131454468
2018-12-18,600166.SH,cn_a,ALL_A_ACTIVE,3,"cp,pca,tucker",1.2335027579434208,0.8136112488114305,1.2335027579434208,0.3762377475698789,0,quality_factor,0.4443359971046448,value_factor,0.41898098587989807,volatility_factor,0.09461851418018341
2018-12-18,600150.SH,cn_a,ALL_A_ACTIVE,3,"cp,pca,tucker",1.1463532572607107,0.7576303332347599,1.1463532572607107,0.3762377475698789,0,quality_factor,0.446786493062973,value_factor,0.4043029248714447,momentum_factor,0.09865859895944595
2018-12-18,600808.SH,cn_a,ALL_A_ACTIVE,3,"cp,pca,tucker",1.1446670674711286,0.7537884444171584,1.1446670674711286,0.3762377475698789,0,quality_factor,0.41183602809906006,value_factor,0.3832240700721741,momentum_factor,0.11808571219444275
2018-12-18,600177.SH,cn_a,ALL_A_ACTIVE,3,"cp,pca,tucker",1.1219894113796323,0.7430421571387867,1.1219894113796323,0.3762377475698789,2,quality_factor,0.4703824520111084,value_factor,0.3989528715610504,volatility_factor,0.08890552073717117
2018-12-18,600153.SH,cn_a,ALL_A_ACTIVE,3,"cp,pca,tucker",1.1159317111425526,0.7409244280675057,1.1159317111425526,0.3762377475698789,0,quality_factor,0.4308552145957947,value_factor,0.421489417552948,momentum_factor,0.09218060225248337
2018-12-18,600282.SH,cn_a,ALL_A_ACTIVE,3,"cp,pca,tucker",1.1116723851841634,0.7296023815899386,1.1116723851841634,0.3762377475698789,0,quality_factor,0.4426911771297455,value_factor,0.40465861558914185,volatility_factor,0.0824146494269371
2018-12-18,601997.SH,cn_a,ALL_A_ACTIVE,3,"cp,pca,tucker",1.1054920632764642,0.7311899944642857,1.1054920632764642,0.3762377475698789,0,quality_factor,0.4400503635406494,value_factor,0.42748451232910156,momentum_factor,0.07761592417955399
2018-12-18,600126.SH,cn_a,ALL_A_ACTIVE,3,"cp,pca,tucker",1.0987252183961045,0.7277797588906255,1.0987252183961045,0.3762377475698789,0,quality_factor,0.43331411480903625,value_factor,0.42394790053367615,volatility_factor,0.13158710300922394
2018-12-18,601398.SH,cn_a,ALL_A_ACTIVE,3,"cp,pca,tucker",1.0873735914209728,0.7186872309674136,1.0873735914209728,0.3762377475698789,0,quality_factor,0.3961804509162903,value_factor,0.3891427218914032,volatility_factor,0.17509260773658752
2018-12-18,601988.SH,cn_a,ALL_A_ACTIVE,3,"cp,pca,tucker",1.0673931807695627,0.7052664167168089,1.0673931807695627,0.3762377475698789,0,quality_factor,0.40163853764533997,value_factor,0.3937256336212158,volatility_factor,0.1689513474702835
2018-12-18,601288.SH,cn_a,ALL_A_ACTIVE,3,"cp,pca,tucker",1.05584332410503,0.6979915912329441,1.05584332410503,0.3762377475698789,0,quality_factor,0.4110453128814697,value_factor,0.4045099914073944,volatility_factor,0.16552801430225372
2018-12-18,600208.SH,cn_a,ALL_A_ACTIVE,3,"cp,pca,tucker",1.0523282129038596,0.6968381624027283,1.0523282129038596,0.3762377475698789,0,quality_factor,0.3681408762931824,value_factor,0.347126305103302,momentum_factor,0.17173795402050018
2018-12-18,600019.SH,cn_a,ALL_A_ACTIVE,3,"cp,pca,tucker",1.0480112804003316,0.6925515569673691,1.0480112804003316,0.3762377475698789,0,quality_factor,0.4356655180454254,value_factor,0.42452600598335266,momentum_factor,0.0935467779636383
2018-12-18,600015.SH,cn_a,ALL_A_ACTIVE,3,"cp,pca,tucker",1.046569078522072,0.6926972632465233,1.046569078522072,0.3762377475698789,0,quality_factor,0.42542821168899536,value_factor,0.4187924861907959,volatility_factor,0.13088008761405945
2018-12-18,601328.SH,cn_a,ALL_A_ACTIVE,3,"cp,pca,tucker",1.0448996379149438,0.691298964167454,1.0448996379149438,0.3762377475698789,0,quality_factor,0.419706791639328,value_factor,0.41541096568107605,volatility_factor,0.16236771643161774
2018-12-18,002128.SZ,cn_a,ALL_A_ACTIVE,3,"cp,pca,tucker",1.0428322329209645,0.6880123657884815,1.0428322329209645,0.3762377475698789,0,quality_factor,0.43897783756256104,value_factor,0.42693081498146057,volatility_factor,0.06769371777772903
2018-12-18,600000.SH,cn_a,ALL_A_ACTIVE,3,"cp,pca,tucker",1.0425439777819732,0.690399641099693,1.0425439777819732,0.3762377475698789,0,quality_factor,0.40174123644828796,value_factor,0.3974640369415283,volatility_factor,0.17789779603481293
2018-12-18,600016.SH,cn_a,ALL_A_ACTIVE,3,"cp,pca,tucker",1.0373616400336163,0.6878168543025399,1.0373616400336163,0.3762377475698789,0,quality_factor,0.4180559515953064,value_factor,0.41394752264022827,volatility_factor,0.1279551088809967
2018-12-18,600606.SH,cn_a,ALL_A_ACTIVE,3,"cp,pca,tucker",1.0366001565894425,0.6825336892977697,1.0366001565894425,0.3762377475698789,0,quality_factor,0.4661465585231781,value_factor,0.444688618183136,volatility_factor,0.06742391735315323
2018-12-19,601668.SH,cn_a,ALL_A_ACTIVE,3,"cp,pca,tucker",1.055295969650572,0.8352858754519512,1.055295969650572,0.25377708673477173,0,quality_factor,0.39243486523628235,value_factor,0.3133176565170288,momentum_factor,0.26289108395576477
2018-12-19,600166.SH,cn_a,ALL_A_ACTIVE,3,"cp,pca,tucker",0.9807085558878632,0.7774324477585103,0.9807085558878632,0.25377708673477173,0,value_factor,0.44035276770591736,quality_factor,0.4216183125972748,volatility_factor,0.09397000074386597
2018-12-19,002261.SZ,cn_a,ALL_A_ACTIVE,3,"cp,pca,tucker",0.9196085841253977,0.7291370500060226,0.9196085841253977,0.25377708673477173,2,quality_factor,0.5415781140327454,value_factor,0.33850905299186707,volatility_factor,0.08151137083768845
2018-12-19,600177.SH,cn_a,ALL_A_ACTIVE,3,"cp,pca,tucker",0.9181566070023459,0.7281535083858953,0.9181566070023459,0.25377708673477173,2,quality_factor,0.47113874554634094,value_factor,0.3983108401298523,volatility_factor,0.0888269767165184
2018-12-19,600126.SH,cn_a,ALL_A_ACTIVE,3,"cp,pca,tucker",0.9148509405671502,0.7249829909312474,0.9148509405671502,0.25377708673477173,0,quality_factor,0.442111074924469,value_factor,0.42898035049438477,volatility_factor,0.0682947188615799
2018-12-19,600808.SH,cn_a,ALL_A_ACTIVE,3,"cp,pca,tucker",0.9134197461211464,0.7234575132397184,0.9134197461211464,0.25377708673477173,0,quality_factor,0.4268593490123749,value_factor,0.40427035093307495,momentum_factor,0.1207115575671196
2018-12-19,600153.SH,cn_a,ALL_A_ACTIVE,3,"cp,pca,tucker",0.9107398917254944,0.7219699952656774,0.9107398917254944,0.25377708673477173,0,quality_factor,0.5156134366989136,value_factor,0.360552579164505,volatility_factor,0.08420798182487488
2018-12-19,601997.SH,cn_a,ALL_A_ACTIVE,3,"cp,pca,tucker",0.9006805029279216,0.7137756412899098,0.9006805029279216,0.25377708673477173,0,quality_factor,0.43285781145095825,value_factor,0.42287054657936096,momentum_factor,0.08220326155424118
2018-12-19,600282.SH,cn_a,ALL_A_ACTIVE,3,"cp,pca,tucker",0.9004613847659969,0.7127369887577056,0.9004613847659969,0.25377708673477173,0,quality_factor,0.4314807951450348,value_factor,0.3974425494670868,momentum_factor,0.0890134945511818
2018-12-19,601398.SH,cn_a,ALL_A_ACTIVE,3,"cp,pca,tucker",0.8883072412881896,0.703964379032355,0.8883072412881896,0.25377708673477173,0,quality_factor,0.3989289402961731,value_factor,0.3932556211948395,volatility_factor,0.17647910118103027
2018-12-19,600019.SH,cn_a,ALL_A_ACTIVE,3,"cp,pca,tucker",0.8804174865428028,0.6973792282246581,0.8804174865428028,0.25377708673477173,0,quality_factor,0.4304130971431732,value_factor,0.41378074884414673,momentum_factor,0.13240253925323486
2018-12-19,601988.SH,cn_a,ALL_A_ACTIVE,3,"cp,pca,tucker",0.8635251725623326,0.6842322935170233,0.8635251725623326,0.25377708673477173,0,quality_factor,0.4006038010120392,value_factor,0.39547911286354065,volatility_factor,0.17662230134010315
2018-12-19,601328.SH,cn_a,ALL_A_ACTIVE,3,"cp,pca,tucker",0.8622696341640834,0.6832265746766787,0.8622696341640834,0.25377708673477173,0,quality_factor,0.422493577003479,value_factor,0.4163580536842346,volatility_factor,0.1581936925649643
2018-12-19,601288.SH,cn_a,ALL_A_ACTIVE,3,"cp,pca,tucker",0.8574035320777567,0.6793734266032331,0.8574035320777567,0.25377708673477173,0,quality_factor,0.420684814453125,value_factor,0.41562652587890625,volatility_factor,0.1621820479631424
2018-12-19,600000.SH,cn_a,ALL_A_ACTIVE,3,"cp,pca,tucker",0.8537395939477618,0.6764664211678856,0.8537395939477618,0.25377708673477173,0,quality_factor,0.4033306837081909,value_factor,0.3984786868095398,volatility_factor,0.1753157079219818
2018-12-19,600015.SH,cn_a,ALL_A_ACTIVE,3,"cp,pca,tucker",0.8474292626915129,0.6714740933844107,0.8474292626915129,0.25377708673477173,0,quality_factor,0.4197084605693817,value_factor,0.4150090217590332,volatility_factor,0.12642543017864227
2018-12-19,600150.SH,cn_a,ALL_A_ACTIVE,3,"cp,pca,tucker",0.8437717025701339,0.6685604953139169,0.8437717025701339,0.25377708673477173,0,quality_factor,0.4454953372478485,value_factor,0.43156084418296814,volatility_factor,0.12204752117395401
2018-12-19,600016.SH,cn_a,ALL_A_ACTIVE,3,"cp,pca,tucker",0.8436149404147201,0.6684941877962897,0.8436149404147201,0.25377708673477173,0,quality_factor,0.41627874970436096,value_factor,0.41273415088653564,volatility_factor,0.1232057735323906
2018-12-19,600606.SH,cn_a,ALL_A_ACTIVE,3,"cp,pca,tucker",0.8384902024065718,0.6643847757001152,0.8384902024065718,0.25377708673477173,0,quality_factor,0.44681718945503235,value_factor,0.4320964515209198,volatility_factor,0.06977024674415588
2018-12-19,600208.SH,cn_a,ALL_A_ACTIVE,3,"cp,pca,tucker",0.836476523901923,0.6627078515557409,0.836476523901923,0.25377708673477173,0,quality_factor,0.3761545717716217,value_factor,0.3612493574619293,momentum_factor,0.1802196353673935
2018-12-20,601668.SH,cn_a,ALL_A_ACTIVE,3,"cp,pca,tucker",0.9057836158160457,0.8653113971175704,0.9057836158160457,0.07006535803278287,0,quality_factor,0.40920594334602356,value_factor,0.33364635705947876,momentum_factor,0.14066182076931
2018-12-20,600166.SH,cn_a,ALL_A_ACTIVE,3,"cp,pca,tucker",0.8073987951312755,0.7745308854562266,0.8073987951312755,0.07006535803278287,0,value_factor,0.44055718183517456,quality_factor,0.4213775098323822,volatility_factor,0.09399501234292984
2018-12-20,600126.SH,cn_a,ALL_A_ACTIVE,3,"cp,pca,tucker",0.758762719914667,0.7265831727477633,0.758762719914667,0.07006535803278287,0,quality_factor,0.4379022419452667,value_factor,0.42606401443481445,momentum_factor,0.08281736820936203
2018-12-20,600177.SH,cn_a,ALL_A_ACTIVE,3,"cp,pca,tucker",0.7534708194604343,0.7234306225654864,0.7534708194604343,0.07006535803278287,2,quality_factor,0.4709881544113159,value_factor,0.39843863248825073,volatility_factor,0.08884260803461075
2018-12-20,600153.SH,cn_a,ALL_A_ACTIVE,3,"cp,pca,tucker",0.74804505092355,0.7166599518953657,0.74804505092355,0.07006535803278287,0,quality_factor,0.5155580043792725,value_factor,0.3605996370315552,volatility_factor,0.0842137336730957
2018-12-20,002261.SZ,cn_a,ALL_A_ACTIVE,3,"cp,pca,tucker",0.7432304113977278,0.7132999145644031,0.7432304113977278,0.07006535803278287,2,quality_factor,0.5416657328605652,value_factor,0.33843469619750977,volatility_factor,0.0815022811293602
2018-12-20,601997.SH,cn_a,ALL_A_ACTIVE,3,"cp,pca,tucker",0.7291044683619137,0.6986704199082151,0.7291044683619137,0.07006535803278287,0,quality_factor,0.5574568510055542,value_factor,0.32502833008766174,volatility_factor,0.07986226677894592
2018-12-20,601398.SH,cn_a,ALL_A_ACTIVE,3,"cp,pca,tucker",0.7240838191528091,0.6940407877637137,0.7240838191528091,0.07006535803278287,0,quality_factor,0.506828784942627,value_factor,0.36801058053970337,volatility_factor,0.0851203203201294
2018-12-20,600808.SH,cn_a,ALL_A_ACTIVE,3,"cp,pca,tucker",0.7218000760072986,0.6910519957887374,0.7218000760072986,0.07006535803278287,0,quality_factor,0.42982757091522217,value_factor,0.4204852879047394,momentum_factor,0.12394054234027863
2018-12-20,601988.SH,cn_a,ALL_A_ACTIVE,3,"cp,pca,tucker",0.7151005390920253,0.6849182649223083,0.7151005390920253,0.07006535803278287,0,quality_factor,0.4030698537826538,value_factor,0.39945217967033386,volatility_factor,0.1785680204629898
2018-12-20,600000.SH,cn_a,ALL_A_ACTIVE,3,"cp,pca,tucker",0.703393778723543,0.6734101111385528,0.703393778723543,0.07006535803278287,0,quality_factor,0.41343778371810913,value_factor,0.4112689197063446,volatility_factor,0.15791365504264832
2018-12-20,601288.SH,cn_a,ALL_A_ACTIVE,3,"cp,pca,tucker",0.7027608656570675,0.6731641858113896,0.7027608656570675,0.07006535803278287,0,quality_factor,0.4088369905948639,value_factor,0.4080822765827179,volatility_factor,0.18147730827331543
2018-12-20,600282.SH,cn_a,ALL_A_ACTIVE,3,"cp,pca,tucker",0.7011686839429103,0.6704586664216436,0.7011686839429103,0.07006535803278287,0,quality_factor,0.4549700915813446,value_factor,0.4371110498905182,momentum_factor,0.06344327330589294
2018-12-20,601328.SH,cn_a,ALL_A_ACTIVE,3,"cp,pca,tucker",0.697388378215391,0.6680148602497794,0.697388378215391,0.07006535803278287,0,value_factor,0.4055894911289215,quality_factor,0.40436217188835144,volatility_factor,0.17973093688488007
2018-12-20,600019.SH,cn_a,ALL_A_ACTIVE,3,"cp,pca,tucker",0.6959730562938781,0.6663150110386048,0.6959730562938781,0.07006535803278287,0,quality_factor,0.413300484418869,value_factor,0.41013625264167786,momentum_factor,0.11167198419570923
2018-12-20,600016.SH,cn_a,ALL_A_ACTIVE,3,"cp,pca,tucker",0.6927103728903631,0.6631715200261875,0.6927103728903631,0.07006535803278287,0,value_factor,0.40509405732154846,quality_factor,0.40439605712890625,volatility_factor,0.1335718184709549
2018-12-20,600015.SH,cn_a,ALL_A_ACTIVE,3,"cp,pca,tucker",0.6919775084797263,0.6626051053248085,0.6919775084797263,0.07006535803278287,0,value_factor,0.40548175573349,quality_factor,0.4048752784729004,volatility_factor,0.1402478814125061
2018-12-20,002128.SZ,cn_a,ALL_A_ACTIVE,3,"cp,pca,tucker",0.6838258613708604,0.6549159473313291,0.6838258613708604,0.07006535803278287,0,value_factor,0.40541401505470276,quality_factor,0.40509793162345886,volatility_factor,0.1212487444281578
2018-12-20,601166.SH,cn_a,ALL_A_ACTIVE,3,"cp,pca,tucker",0.6831430083732544,0.654219178007074,0.6831430083732544,0.07006535803278287,0,value_factor,0.40118032693862915,quality_factor,0.3976536691188812,volatility_factor,0.17703114449977875
2018-12-20,600606.SH,cn_a,ALL_A_ACTIVE,3,"cp,pca,tucker",0.6746746767240341,0.6469321940663308,0.6746746767240341,0.07006535803278287,0,quality_factor,0.5494881868362427,value_factor,0.33179354667663574,volatility_factor,0.08068986237049103
2018-12-21,601668.SH,cn_a,ALL_A_ACTIVE,3,"cp,pca,tucker",1.172244278102911,0.9114994396637374,1.172244278102911,0.2617614169915517,0,quality_factor,0.39386895298957825,value_factor,0.3132561445236206,volatility_factor,0.1518556773662567
2018-12-21,600166.SH,cn_a,ALL_A_ACTIVE,3,"cp,pca,tucker",0.9786124089396019,0.7953204226366449,0.9786124089396019,0.2617614169915517,0,quality_factor,0.3959890604019165,value_factor,0.3820505440235138,volatility_factor,0.15810903906822205
2018-12-21,600177.SH,cn_a,ALL_A_ACTIVE,3,"cp,pca,tucker",0.9143201256698029,0.74962104054835,0.9143201256698029,0.2617614169915517,0,quality_factor,0.41058337688446045,value_factor,0.40933406352996826,volatility_factor,0.15151993930339813
2018-12-21,600126.SH,cn_a,ALL_A_ACTIVE,3,"cp,pca,tucker",0.9046620819421629,0.7298932252081344,0.9046620819421629,0.2617614169915517,0,quality_factor,0.4291359484195709,value_factor,0.4209476709365845,volatility_factor,0.10724332183599472
2018-12-21,002261.SZ,cn_a,ALL_A_ACTIVE,3,"cp,pca,tucker",0.8984610306066348,0.7348439528755347,0.8984610306066348,0.2617614169915517,0,quality_factor,0.4525734782218933,value_factor,0.43621256947517395,volatility_factor,0.1010454073548317
2018-12-21,600153.SH,cn_a,ALL_A_ACTIVE,3,"cp,pca,tucker",0.8874707671520764,0.7220262703304704,0.8874707671520764,0.2617614169915517,0,value_factor,0.4048820436000824,quality_factor,0.40449368953704834,volatility_factor,0.10897956043481827
2018-12-21,600150.SH,cn_a,ALL_A_ACTIVE,3,"cp,pca,tucker",0.886743364532648,0.7076933841595362,0.886743364532648,0.2617614169915517,0,quality_factor,0.4426053464412689,value_factor,0.42277276515960693,volatility_factor,0.10951203107833862
2018-12-21,601997.SH,cn_a,ALL_A_ACTIVE,3,"cp,pca,tucker",0.8806164489357616,0.712856643508711,0.8806164489357616,0.2617614169915517,0,quality_factor,0.41553908586502075,value_factor,0.4123340845108032,volatility_factor,0.13058173656463623
2018-12-21,601988.SH,cn_a,ALL_A_ACTIVE,3,"cp,pca,tucker",0.8730766214922948,0.7017982291009527,0.8730766214922948,0.2617614169915517,0,quality_factor,0.3989160656929016,value_factor,0.393236368894577,volatility_factor,0.17647260427474976
2018-12-21,600019.SH,cn_a,ALL_A_ACTIVE,3,"cp,pca,tucker",0.8721855459905749,0.6972073710609061,0.8721855459905749,0.2617614169915517,0,quality_factor,0.4338752031326294,value_factor,0.4236167073249817,momentum_factor,0.07311775535345078
2018-12-21,601398.SH,cn_a,ALL_A_ACTIVE,3,"cp,pca,tucker",0.8651692657108986,0.7013975067225443,0.8651692657108986,0.2617614169915517,0,quality_factor,0.4091765880584717,value_factor,0.4087538421154022,volatility_factor,0.1816684901714325
2018-12-21,600282.SH,cn_a,ALL_A_ACTIVE,3,"cp,pca,tucker",0.8607950339262009,0.6808331669778384,0.8607950339262009,0.2617614169915517,0,quality_factor,0.4544506072998047,value_factor,0.43744155764579773,volatility_factor,0.1042935699224472
2018-12-21,600808.SH,cn_a,ALL_A_ACTIVE,3,"cp,pca,tucker",0.8603024996435954,0.6916041963898354,0.8603024996435954,0.2617614169915517,0,quality_factor,0.42011240124702454,value_factor,0.41448965668678284,momentum_factor,0.10880394279956818
2018-12-21,601288.SH,cn_a,ALL_A_ACTIVE,3,"cp,pca,tucker",0.8578002470044978,0.6904628805249348,0.8578002470044978,0.2617614169915517,0,quality_factor,0.4045793116092682,value_factor,0.4017109274864197,volatility_factor,0.17932948470115662
2018-12-21,601328.SH,cn_a,ALL_A_ACTIVE,3,"cp,pca,tucker",0.8557348279210165,0.6891361712343862,0.8557348279210165,0.2617614169915517,0,quality_factor,0.4096452593803406,value_factor,0.4074726700782776,volatility_factor,0.17737139761447906
2018-12-21,002432.SZ,cn_a,ALL_A_ACTIVE,3,"cp,pca,tucker",0.8547467235478109,0.6797760445296719,0.8547467235478109,0.2617614169915517,0,quality_factor,0.307009220123291,value_factor,0.2653709650039673,volatility_factor,0.25724780559539795
2018-12-21,600015.SH,cn_a,ALL_A_ACTIVE,3,"cp,pca,tucker",0.8496962186507114,0.6832090829758655,0.8496962186507114,0.2617614169915517,0,quality_factor,0.41276904940605164,value_factor,0.410645067691803,volatility_factor,0.14120343327522278
2018-12-21,600000.SH,cn_a,ALL_A_ACTIVE,3,"cp,pca,tucker",0.8409895839803988,0.677598760173357,0.8409895839803988,0.2617614169915517,0,value_factor,0.40613797307014465,quality_factor,0.40546083450317383,volatility_factor,0.16468627750873566
2018-12-21,600016.SH,cn_a,ALL_A_ACTIVE,3,"cp,pca,tucker",0.8383259516616705,0.6754758850534736,0.8383259516616705,0.2617614169915517,0,value_factor,0.4042169153690338,quality_factor,0.4028491675853729,volatility_factor,0.1453924924135208
2018-12-21,601166.SH,cn_a,ALL_A_ACTIVE,3,"cp,pca,tucker",0.8367101286517099,0.6739510467281441,0.8367101286517099,0.2617614169915517,0,value_factor,0.4056614935398102,quality_factor,0.4046544134616852,volatility_factor,0.16913817822933197
2018-12-24,601668.SH,cn_a,ALL_A_ACTIVE,3,"cp,pca,tucker",1.119147691752276,0.9317130702316824,1.119147691752276,0.19478348890940347,0,quality_factor,0.39654043316841125,value_factor,0.31617921590805054,volatility_factor,0.1854304075241089
2018-12-24,600166.SH,cn_a,ALL_A_ACTIVE,3,"cp,pca,tucker",0.9458208339830306,0.789397411836208,0.9458208339830306,0.19478348890940347,0,value_factor,0.4416724145412445,quality_factor,0.42006394267082214,volatility_factor,0.09413143247365952
2018-12-24,600153.SH,cn_a,ALL_A_ACTIVE,3,"cp,pca,tucker",0.8998355522172616,0.751088978205396,0.8998355522172616,0.19478348890940347,0,quality_factor,0.5152567625045776,value_factor,0.3608554005622864,volatility_factor,0.08424501866102219
2018-12-24,600126.SH,cn_a,ALL_A_ACTIVE,3,"cp,pca,tucker",0.8799953886046484,0.7343569727567217,0.8799953886046484,0.19478348890940347,0,quality_factor,0.44691702723503113,value_factor,0.4188745617866516,volatility_factor,0.09134254604578018
2018-12-24,002261.SZ,cn_a,ALL_A_ACTIVE,3,"cp,pca,tucker",0.8754859192000414,0.7309554671787107,0.8754859192000414,0.19478348890940347,2,quality_factor,0.542148768901825,value_factor,0.3380245864391327,volatility_factor,0.08145210891962051
2018-12-24,600177.SH,cn_a,ALL_A_ACTIVE,3,"cp,pca,tucker",0.871865358715257,0.7282141372396437,0.871865358715257,0.19478348890940347,2,quality_factor,0.4701642394065857,value_factor,0.39913809299468994,volatility_factor,0.08892817795276642
2018-12-24,601997.SH,cn_a,ALL_A_ACTIVE,3,"cp,pca,tucker",0.8691018260725217,0.725285742228375,0.8691018260725217,0.19478348890940347,0,quality_factor,0.5570515990257263,value_factor,0.3253723382949829,volatility_factor,0.07990434765815735
2018-12-24,601988.SH,cn_a,ALL_A_ACTIVE,3,"cp,pca,tucker",0.8562265787402467,0.7142742059466478,0.8562265787402467,0.19478348890940347,0,quality_factor,0.39753860235214233,value_factor,0.3911750614643097,volatility_factor,0.17577771842479706
2018-12-24,601398.SH,cn_a,ALL_A_ACTIVE,3,"cp,pca,tucker",0.852170583277133,0.7111876732373354,0.852170583277133,0.19478348890940347,0,quality_factor,0.506369948387146,value_factor,0.36840012669563293,volatility_factor,0.08516796678304672
2018-12-24,600015.SH,cn_a,ALL_A_ACTIVE,3,"cp,pca,tucker",0.8418377937299891,0.7023306223843294,0.8418377937299891,0.19478348890940347,0,quality_factor,0.4196503758430481,value_factor,0.41495829820632935,volatility_factor,0.12528495490550995
2018-12-24,601288.SH,cn_a,ALL_A_ACTIVE,3,"cp,pca,tucker",0.8404255102350241,0.7011858334165458,0.8404255102350241,0.19478348890940347,0,quality_factor,0.40453124046325684,value_factor,0.40163901448249817,volatility_factor,0.17930524051189423
2018-12-24,600000.SH,cn_a,ALL_A_ACTIVE,3,"cp,pca,tucker",0.8350952790214635,0.696796751917301,0.8350952790214635,0.19478348890940347,0,quality_factor,0.412311315536499,value_factor,0.4102048873901367,volatility_factor,0.12859080731868744
2018-12-24,600016.SH,cn_a,ALL_A_ACTIVE,3,"cp,pca,tucker",0.8304633871132948,0.6930115291847976,0.8304633871132948,0.19478348890940347,0,quality_factor,0.40675047039985657,value_factor,0.40662792325019836,volatility_factor,0.13330523669719696
2018-12-24,601328.SH,cn_a,ALL_A_ACTIVE,3,"cp,pca,tucker",0.8303898853345725,0.692919468504351,0.8303898853345725,0.19478348890940347,0,quality_factor,0.5043173432350159,value_factor,0.37014272809028625,volatility_factor,0.0853811502456665
2018-12-24,600282.SH,cn_a,ALL_A_ACTIVE,3,"cp,pca,tucker",0.827389484714018,0.6895766521625699,0.827389484714018,0.19478348890940347,0,quality_factor,0.39327940344810486,value_factor,0.37819012999534607,volatility_factor,0.1572105586528778
2018-12-24,600019.SH,cn_a,ALL_A_ACTIVE,3,"cp,pca,tucker",0.8204876256446659,0.684469810552983,0.8204876256446659,0.19478348890940347,0,quality_factor,0.41345715522766113,value_factor,0.4111112654209137,volatility_factor,0.14272455871105194
2018-12-24,600208.SH,cn_a,ALL_A_ACTIVE,3,"cp,pca,tucker",0.8194494266090473,0.6836732375543741,0.8194494266090473,0.19478348890940347,0,quality_factor,0.434546560049057,value_factor,0.4235765337944031,momentum_factor,0.11683348566293716
2018-12-24,600150.SH,cn_a,ALL_A_ACTIVE,3,"cp,pca,tucker",0.8101408542976422,0.6762293886751157,0.8101408542976422,0.19478348890940347,0,quality_factor,0.5640050172805786,value_factor,0.31946903467178345,volatility_factor,0.07918219268321991
2018-12-24,002128.SZ,cn_a,ALL_A_ACTIVE,3,"cp,pca,tucker",0.808073962852114,0.6740905573437818,0.808073962852114,0.19478348890940347,0,quality_factor,0.40926694869995117,value_factor,0.40881356596946716,volatility_factor,0.18173058331012726
2018-12-24,601166.SH,cn_a,ALL_A_ACTIVE,3,"cp,pca,tucker",0.8058117793109432,0.6725460112848177,0.8058117793109432,0.19478348890940347,0,quality_factor,0.5091766715049744,value_factor,0.36601725220680237,volatility_factor,0.08487647771835327
2018-12-25,601668.SH,cn_a,ALL_A_ACTIVE,3,"cp,pca,tucker",1.0645379061706604,0.8580076492267695,1.0645379061706604,0.2565305332342784,0,quality_factor,0.4466501474380493,value_factor,0.38209840655326843,volatility_factor,0.11310679465532303
2018-12-25,600166.SH,cn_a,ALL_A_ACTIVE,3,"cp,pca,tucker",0.999603753526305,0.805191351656113,0.999603753526305,0.2565305332342784,0,value_factor,0.4407309591770172,quality_factor,0.4211728572845459,volatility_factor,0.09401626884937286
2018-12-25,002261.SZ,cn_a,ALL_A_ACTIVE,3,"cp,pca,tucker",0.960389301500748,0.7735055447411333,0.960389301500748,0.2565305332342784,2,quality_factor,0.541740357875824,value_factor,0.33837127685546875,volatility_factor,0.0814945250749588
2018-12-25,600153.SH,cn_a,ALL_A_ACTIVE,3,"cp,pca,tucker",0.9343362304390382,0.7520200305344692,0.9343362304390382,0.2565305332342784,0,quality_factor,0.5155109763145447,value_factor,0.3606396019458771,volatility_factor,0.08421862870454788
2018-12-25,600177.SH,cn_a,ALL_A_ACTIVE,3,"cp,pca,tucker",0.9130399033852075,0.7350686534696744,0.9130399033852075,0.2565305332342784,2,quality_factor,0.470860093832016,value_factor,0.39854735136032104,volatility_factor,0.08885591477155685
2018-12-25,600126.SH,cn_a,ALL_A_ACTIVE,3,"cp,pca,tucker",0.9040171536876335,0.727790849051377,0.9040171536876335,0.2565305332342784,0,quality_factor,0.447451114654541,value_factor,0.4184211790561676,volatility_factor,0.09128708392381668
2018-12-25,601997.SH,cn_a,ALL_A_ACTIVE,3,"cp,pca,tucker",0.8965383201462945,0.7218748609837132,0.8965383201462945,0.2565305332342784,0,quality_factor,0.5573931336402893,value_factor,0.3250824213027954,volatility_factor,0.07986889034509659
2018-12-25,601988.SH,cn_a,ALL_A_ACTIVE,3,"cp,pca,tucker",0.8894919398175613,0.7164442078118114,0.8894919398175613,0.2565305332342784,0,quality_factor,0.3921525478363037,value_factor,0.3831152319908142,volatility_factor,0.17306067049503326
2018-12-25,601398.SH,cn_a,ALL_A_ACTIVE,3,"cp,pca,tucker",0.883336707359429,0.7113503727307635,0.883336707359429,0.2565305332342784,0,quality_factor,0.506756603717804,value_factor,0.36807194352149963,volatility_factor,0.0851278305053711
2018-12-25,601288.SH,cn_a,ALL_A_ACTIVE,3,"cp,pca,tucker",0.8763149908607312,0.7057631786404898,0.8763149908607312,0.2565305332342784,0,quality_factor,0.3979933261871338,value_factor,0.39146798849105835,volatility_factor,0.17504552006721497
2018-12-25,601328.SH,cn_a,ALL_A_ACTIVE,3,"cp,pca,tucker",0.8737570148714334,0.7036537605771102,0.8737570148714334,0.2565305332342784,0,quality_factor,0.4256834387779236,value_factor,0.4191642105579376,volatility_factor,0.1491713970899582
2018-12-25,600150.SH,cn_a,ALL_A_ACTIVE,3,"cp,pca,tucker",0.8724985122356038,0.7022630512795223,0.8724985122356038,0.2565305332342784,0,quality_factor,0.4639466106891632,value_factor,0.44321197271347046,volatility_factor,0.06397652626037598
2018-12-25,600016.SH,cn_a,ALL_A_ACTIVE,3,"cp,pca,tucker",0.8625100028689076,0.6943385474537499,0.8625100028689076,0.2565305332342784,0,quality_factor,0.4180065095424652,value_factor,0.41374799609184265,volatility_factor,0.11304273456335068
2018-12-25,600015.SH,cn_a,ALL_A_ACTIVE,3,"cp,pca,tucker",0.8512205241746171,0.6853319576150702,0.8512205241746171,0.2565305332342784,0,quality_factor,0.411763995885849,value_factor,0.4098684787750244,volatility_factor,0.13045388460159302
2018-12-25,600208.SH,cn_a,ALL_A_ACTIVE,3,"cp,pca,tucker",0.8492327397492838,0.6836049422792522,0.8492327397492838,0.2565305332342784,0,quality_factor,0.44351986050605774,value_factor,0.42947888374328613,momentum_factor,0.09781667590141296
2018-12-25,600282.SH,cn_a,ALL_A_ACTIVE,3,"cp,pca,tucker",0.8326923455009757,0.6708677810416172,0.8326923455009757,0.2565305332342784,0,quality_factor,0.4124370515346527,value_factor,0.403041273355484,volatility_factor,0.15741793811321259
2018-12-25,002128.SZ,cn_a,ALL_A_ACTIVE,3,"cp,pca,tucker",0.8306476723716708,0.6689682324669158,0.8306476723716708,0.2565305332342784,0,quality_factor,0.40710416436195374,value_factor,0.4070046842098236,volatility_factor,0.14631980657577515
2018-12-25,600808.SH,cn_a,ALL_A_ACTIVE,3,"cp,pca,tucker",0.8278226203283389,0.6664737908821053,0.8278226203283389,0.2565305332342784,0,quality_factor,0.563352108001709,value_factor,0.32002338767051697,volatility_factor,0.07925001531839371
2018-12-25,600606.SH,cn_a,ALL_A_ACTIVE,3,"cp,pca,tucker",0.8252013625041482,0.6648138297736556,0.8252013625041482,0.2565305332342784,0,quality_factor,0.5494882464408875,value_factor,0.3317934274673462,volatility_factor,0.08068984746932983
2018-12-25,600019.SH,cn_a,ALL_A_ACTIVE,3,"cp,pca,tucker",0.8233027328879065,0.6628217550137924,0.8233027328879065,0.2565305332342784,0,quality_factor,0.4567483067512512,value_factor,0.4105279743671417,volatility_factor,0.09032150357961655
2018-12-26,601668.SH,cn_a,ALL_A_ACTIVE,3,"cp,pca,tucker",1.045849846720666,0.8518981004937319,1.045849846720666,0.16967799762884775,0,quality_factor,0.4586564600467682,value_factor,0.39783743023872375,volatility_factor,0.09932655841112137
2018-12-26,002261.SZ,cn_a,ALL_A_ACTIVE,3,"cp,pca,tucker",0.9502047207946988,0.7934679249587872,0.9502047207946988,0.16967799762884775,0,quality_factor,0.4714202880859375,value_factor,0.43009281158447266,volatility_factor,0.05954074114561081
2018-12-26,600153.SH,cn_a,ALL_A_ACTIVE,3,"cp,pca,tucker",0.942371788305985,0.7853055618156204,0.942371788305985,0.16967799762884775,0,quality_factor,0.457240492105484,value_factor,0.4383452236652374,momentum_factor,0.08167103677988052
2018-12-26,600150.SH,cn_a,ALL_A_ACTIVE,3,"cp,pca,tucker",0.9346683802759285,0.7678982204867348,0.9346683802759285,0.16967799762884775,0,quality_factor,0.49943482875823975,value_factor,0.4516200125217438,volatility_factor,0.03361092507839203
2018-12-26,600166.SH,cn_a,ALL_A_ACTIVE,3,"cp,pca,tucker",0.9256275357915036,0.7798128524745427,0.9256275357915036,0.16967799762884775,0,quality_factor,0.4222864806652069,value_factor,0.41510698199272156,volatility_factor,0.1557539701461792
2018-12-26,600126.SH,cn_a,ALL_A_ACTIVE,3,"cp,pca,tucker",0.8937812156923116,0.7455049660329521,0.8937812156923116,0.16967799762884775,0,quality_factor,0.43423500657081604,value_factor,0.4244048297405243,volatility_factor,0.11872684955596924
2018-12-26,600177.SH,cn_a,ALL_A_ACTIVE,3,"cp,pca,tucker",0.8902892891642827,0.7534574313171042,0.8902892891642827,0.16967799762884775,0,value_factor,0.4056997299194336,quality_factor,0.40540891885757446,volatility_factor,0.12862393260002136
2018-12-26,601997.SH,cn_a,ALL_A_ACTIVE,3,"cp,pca,tucker",0.8843460983504,0.7378785095672095,0.8843460983504,0.16967799762884775,0,quality_factor,0.4303899109363556,value_factor,0.4218282103538513,volatility_factor,0.1127762645483017
2018-12-26,601288.SH,cn_a,ALL_A_ACTIVE,3,"cp,pca,tucker",0.8810088467495181,0.7292417892225741,0.8810088467495181,0.16967799762884775,0,quality_factor,0.4066499173641205,value_factor,0.3944132626056671,volatility_factor,0.15457813441753387
2018-12-26,601988.SH,cn_a,ALL_A_ACTIVE,3,"cp,pca,tucker",0.8719066774305246,0.7231438535164227,0.8719066774305246,0.16967799762884775,0,quality_factor,0.3926248848438263,value_factor,0.38342398405075073,volatility_factor,0.1723112165927887
2018-12-26,601398.SH,cn_a,ALL_A_ACTIVE,3,"cp,pca,tucker",0.8621082946852962,0.7206035948368998,0.8621082946852962,0.16967799762884775,0,quality_factor,0.4036312997341156,value_factor,0.400292307138443,volatility_factor,0.17885124683380127
2018-12-26,601328.SH,cn_a,ALL_A_ACTIVE,3,"cp,pca,tucker",0.8617385752415513,0.7154174151733516,0.8617385752415513,0.16967799762884775,0,quality_factor,0.43116191029548645,value_factor,0.4227040112018585,volatility_factor,0.14593954384326935
2018-12-26,600208.SH,cn_a,ALL_A_ACTIVE,3,"cp,pca,tucker",0.8610573863738297,0.7113683406975984,0.8610573863738297,0.16967799762884775,0,quality_factor,0.43727681040763855,value_factor,0.4166291654109955,momentum_factor,0.11701646447181702
2018-12-26,600016.SH,cn_a,ALL_A_ACTIVE,3,"cp,pca,tucker",0.8517275211031246,0.707984725946095,0.8517275211031246,0.16967799762884775,0,quality_factor,0.42275190353393555,value_factor,0.4166039228439331,volatility_factor,0.0914936289191246
2018-12-26,600015.SH,cn_a,ALL_A_ACTIVE,3,"cp,pca,tucker",0.8467075303290491,0.7035683357301664,0.8467075303290491,0.16967799762884775,0,quality_factor,0.42232567071914673,value_factor,0.41639623045921326,volatility_factor,0.09778378903865814
2018-12-26,600704.SH,cn_a,ALL_A_ACTIVE,3,"cp,pca,tucker",0.8445636146053154,0.6940890748052798,0.8445636146053154,0.16967799762884775,0,quality_factor,0.3916471302509308,value_factor,0.36161890625953674,momentum_factor,0.13075436651706696
2018-12-26,002128.SZ,cn_a,ALL_A_ACTIVE,3,"cp,pca,tucker",0.8344257650258533,0.6915154499359738,0.8344257650258533,0.16967799762884775,0,quality_factor,0.4241912364959717,value_factor,0.41757047176361084,volatility_factor,0.09390588104724884
2018-12-26,600808.SH,cn_a,ALL_A_ACTIVE,3,"cp,pca,tucker",0.8324014035851195,0.6934989774937431,0.8324014035851195,0.16967799762884775,0,quality_factor,0.41264912486076355,value_factor,0.4099764823913574,momentum_factor,0.08881720155477524
2018-12-26,600348.SH,cn_a,ALL_A_ACTIVE,3,"cp,pca,tucker",0.8206499100541959,0.6786735674467733,0.8206499100541959,0.16967799762884775,0,quality_factor,0.4219707250595093,value_factor,0.41639840602874756,volatility_factor,0.11864380538463593
2018-12-26,601166.SH,cn_a,ALL_A_ACTIVE,3,"cp,pca,tucker",0.8131819703815908,0.6790861904608941,0.8131819703815908,0.16967799762884775,0,value_factor,0.4020761251449585,quality_factor,0.39965128898620605,volatility_factor,0.14063362777233124
2018-12-27,600177.SH,cn_a,ALL_A_ACTIVE,3,"cp,pca,tucker",1.0360667255782363,0.7918445121130492,1.0360667255782363,0.22984606524308523,2,quality_factor,0.47175127267837524,value_factor,0.39779072999954224,volatility_factor,0.08876334875822067
2018-12-27,600166.SH,cn_a,ALL_A_ACTIVE,3,"cp,pca,tucker",1.0322295816466618,0.7888028079905203,1.0322295816466618,0.22984606524308523,0,value_factor,0.4395187795162201,quality_factor,0.42260056734085083,volatility_factor,0.09386797994375229
2018-12-27,600153.SH,cn_a,ALL_A_ACTIVE,3,"cp,pca,tucker",0.9851952513838728,0.7563835346537845,0.9851952513838728,0.22984606524308523,0,quality_factor,0.5158402323722839,value_factor,0.3603600561618805,volatility_factor,0.084184430539608
2018-12-27,601398.SH,cn_a,ALL_A_ACTIVE,3,"cp,pca,tucker",0.9688920677850782,0.7414349089340663,0.9688920677850782,0.22984606524308523,0,quality_factor,0.41974979639053345,value_factor,0.40796828269958496,volatility_factor,0.1461799293756485
2018-12-27,601668.SH,cn_a,ALL_A_ACTIVE,3,"cp,pca,tucker",0.9679200894974165,0.7420556754827863,0.9679200894974165,0.22984606524308523,0,quality_factor,0.45283856987953186,value_factor,0.43363040685653687,volatility_factor,0.10365163534879684
2018-12-27,600150.SH,cn_a,ALL_A_ACTIVE,3,"cp,pca,tucker",0.9656560638530188,0.7421960661033328,0.9656560638530188,0.22984606524308523,0,quality_factor,0.5159216523170471,value_factor,0.47445663809776306,momentum_factor,0.007159714121371508
2018-12-27,002261.SZ,cn_a,ALL_A_ACTIVE,3,"cp,pca,tucker",0.9590676928439518,0.733711699661734,0.9590676928439518,0.22984606524308523,2,quality_factor,0.5412241220474243,value_factor,0.338809609413147,volatility_factor,0.08154813945293427
2018-12-27,601328.SH,cn_a,ALL_A_ACTIVE,3,"cp,pca,tucker",0.9529054526320898,0.7298677056654626,0.9529054526320898,0.22984606524308523,0,quality_factor,0.43572375178337097,value_factor,0.42006322741508484,volatility_factor,0.12493699789047241
2018-12-27,601288.SH,cn_a,ALL_A_ACTIVE,3,"cp,pca,tucker",0.9519670244902065,0.7290363317937919,0.9519670244902065,0.22984606524308523,0,quality_factor,0.39749079942703247,value_factor,0.3839699625968933,volatility_factor,0.15805314481258392
2018-12-27,601997.SH,cn_a,ALL_A_ACTIVE,3,"cp,pca,tucker",0.9496377341718966,0.7275730872098719,0.9496377341718966,0.22984606524308523,0,quality_factor,0.5578420162200928,value_factor,0.32470133900642395,volatility_factor,0.07982227206230164
2018-12-27,601988.SH,cn_a,ALL_A_ACTIVE,3,"cp,pca,tucker",0.9458218468915978,0.7241886565912002,0.9458218468915978,0.22984606524308523,0,quality_factor,0.39498597383499146,value_factor,0.3836856186389923,volatility_factor,0.1653846651315689
2018-12-27,600126.SH,cn_a,ALL_A_ACTIVE,3,"cp,pca,tucker",0.9395183181023318,0.7205555077988391,0.9395183181023318,0.22984606524308523,0,quality_factor,0.4481489062309265,value_factor,0.417828768491745,volatility_factor,0.0912146270275116
2018-12-27,600016.SH,cn_a,ALL_A_ACTIVE,3,"cp,pca,tucker",0.9286056403934563,0.7128254850540848,0.9286056403934563,0.22984606524308523,0,quality_factor,0.43563783168792725,value_factor,0.4248131811618805,volatility_factor,0.07348337024450302
2018-12-27,600282.SH,cn_a,ALL_A_ACTIVE,3,"cp,pca,tucker",0.923332899321688,0.7067807147524446,0.923332899321688,0.22984606524308523,0,quality_factor,0.4253547191619873,value_factor,0.40457215905189514,volatility_factor,0.11976934224367142
2018-12-27,600015.SH,cn_a,ALL_A_ACTIVE,3,"cp,pca,tucker",0.9206313932430339,0.7060198140763836,0.9206313932430339,0.22984606524308523,0,quality_factor,0.4318506419658661,value_factor,0.42253679037094116,volatility_factor,0.09093331545591354
2018-12-27,601166.SH,cn_a,ALL_A_ACTIVE,3,"cp,pca,tucker",0.907833899756682,0.6962702078020534,0.907833899756682,0.22984606524308523,0,quality_factor,0.4228019118309021,value_factor,0.41695040464401245,volatility_factor,0.1194840669631958
2018-12-27,600808.SH,cn_a,ALL_A_ACTIVE,3,"cp,pca,tucker",0.9041589910943842,0.6927523427517484,0.9041589910943842,0.22984606524308523,0,quality_factor,0.41378021240234375,value_factor,0.41134360432624817,volatility_factor,0.14463761448860168
2018-12-27,600019.SH,cn_a,ALL_A_ACTIVE,3,"cp,pca,tucker",0.8995031224978315,0.6896717435394644,0.8995031224978315,0.22984606524308523,0,quality_factor,0.41505515575408936,value_factor,0.4122281074523926,volatility_factor,0.14930467307567596
2018-12-27,600606.SH,cn_a,ALL_A_ACTIVE,3,"cp,pca,tucker",0.8812026144868912,0.6731193020093196,0.8812026144868912,0.22984606524308523,0,quality_factor,0.5494875907897949,value_factor,0.3317940831184387,volatility_factor,0.0806899219751358
2018-12-27,600000.SH,cn_a,ALL_A_ACTIVE,3,"cp,pca,tucker",0.8774232191117628,0.6733421144573923,0.8774232191117628,0.22984606524308523,0,quality_factor,0.5069069266319275,value_factor,0.36794430017471313,volatility_factor,0.08511222153902054
2018-12-28,600177.SH,cn_a,ALL_A_ACTIVE,3,"cp,pca,tucker",0.9079606547457594,0.7997024713057558,0.9079606547457594,0.17227706561485925,2,quality_factor,0.47154149413108826,value_factor,0.3979688882827759,volatility_factor,0.08878514915704727
2018-12-28,600166.SH,cn_a,ALL_A_ACTIVE,3,"cp,pca,tucker",0.8883926624587214,0.7830145948763721,0.8883926624587214,0.17227706561485925,0,value_factor,0.4398047924041748,quality_factor,0.4222637116909027,volatility_factor,0.09390296787023544
2018-12-28,600150.SH,cn_a,ALL_A_ACTIVE,3,"cp,pca,tucker",0.8737272966534618,0.764876214509759,0.8737272966534618,0.17227706561485925,0,quality_factor,0.4808941185474396,value_factor,0.4269832968711853,volatility_factor,0.07632230222225189
2018-12-28,600153.SH,cn_a,ALL_A_ACTIVE,3,"cp,pca,tucker",0.868266054779783,0.7627572774696888,0.868266054779783,0.17227706561485925,0,quality_factor,0.4437304735183716,value_factor,0.4299253821372986,momentum_factor,0.06804249435663223
2018-12-28,600126.SH,cn_a,ALL_A_ACTIVE,3,"cp,pca,tucker",0.8632820921149847,0.7581949063579291,0.8632820921149847,0.17227706561485925,0,quality_factor,0.45695576071739197,value_factor,0.4383935034275055,volatility_factor,0.10229496657848358
2018-12-28,601398.SH,cn_a,ALL_A_ACTIVE,3,"cp,pca,tucker",0.850968386194834,0.7478496898628714,0.850968386194834,0.17227706561485925,0,quality_factor,0.43019670248031616,value_factor,0.41366374492645264,volatility_factor,0.12679222226142883
2018-12-28,002261.SZ,cn_a,ALL_A_ACTIVE,3,"cp,pca,tucker",0.8459106481675244,0.7455544140651672,0.8459106481675244,0.17227706561485925,2,quality_factor,0.541344940662384,value_factor,0.33870697021484375,volatility_factor,0.08153559267520905
2018-12-28,601997.SH,cn_a,ALL_A_ACTIVE,3,"cp,pca,tucker",0.8434829758150278,0.7412587872770393,0.8434829758150278,0.17227706561485925,0,quality_factor,0.44427457451820374,value_factor,0.43078741431236267,volatility_factor,0.10350672900676727
2018-12-28,600808.SH,cn_a,ALL_A_ACTIVE,3,"cp,pca,tucker",0.8425737072997211,0.7394525241310698,0.8425737072997211,0.17227706561485925,0,quality_factor,0.4731045961380005,value_factor,0.44846147298812866,momentum_factor,0.07700416445732117
2018-12-28,601328.SH,cn_a,ALL_A_ACTIVE,3,"cp,pca,tucker",0.8390690358605877,0.736378697385539,0.8390690358605877,0.17227706561485925,0,quality_factor,0.444589763879776,value_factor,0.4239834249019623,volatility_factor,0.10621672868728638
2018-12-28,600016.SH,cn_a,ALL_A_ACTIVE,3,"cp,pca,tucker",0.8349539141240636,0.7320430671936364,0.8349539141240636,0.17227706561485925,0,quality_factor,0.46616092324256897,value_factor,0.4442025125026703,momentum_factor,0.0638134777545929
2018-12-28,601288.SH,cn_a,ALL_A_ACTIVE,3,"cp,pca,tucker",0.8273501007167993,0.7263120605383264,0.8273501007167993,0.17227706561485925,0,quality_factor,0.407889723777771,value_factor,0.39273953437805176,volatility_factor,0.14644701778888702
2018-12-28,600015.SH,cn_a,ALL_A_ACTIVE,3,"cp,pca,tucker",0.8268974807455871,0.7253518123455261,0.8268974807455871,0.17227706561485925,0,quality_factor,0.4610349237918854,value_factor,0.4411417245864868,volatility_factor,0.05125510320067406
2018-12-28,601166.SH,cn_a,ALL_A_ACTIVE,3,"cp,pca,tucker",0.8193861202145896,0.7188428342560326,0.8193861202145896,0.17227706561485925,0,quality_factor,0.454864501953125,value_factor,0.4370133876800537,momentum_factor,0.06584382802248001
2018-12-28,601988.SH,cn_a,ALL_A_ACTIVE,3,"cp,pca,tucker",0.8117379085281207,0.7130278410119053,0.8117379085281207,0.17227706561485925,0,quality_factor,0.4040212333202362,value_factor,0.3940010368824005,volatility_factor,0.16198961436748505
2018-12-28,600000.SH,cn_a,ALL_A_ACTIVE,3,"cp,pca,tucker",0.8041159059361916,0.7057236742580796,0.8041159059361916,0.17227706561485925,0,quality_factor,0.4373413920402527,value_factor,0.42550742626190186,momentum_factor,0.10092377662658691
2018-12-28,601668.SH,cn_a,ALL_A_ACTIVE,3,"cp,pca,tucker",0.7805368916071259,0.6862391602107137,0.7805368916071259,0.17227706561485925,0,quality_factor,0.5518141388893127,value_factor,0.3298189043998718,volatility_factor,0.08044830709695816
2018-12-28,600019.SH,cn_a,ALL_A_ACTIVE,3,"cp,pca,tucker",0.7784187384515341,0.6836307677910227,0.7784187384515341,0.17227706561485925,0,quality_factor,0.41699475049972534,value_factor,0.4135938882827759,volatility_factor,0.15819354355335236
2018-12-28,600208.SH,cn_a,ALL_A_ACTIVE,3,"cp,pca,tucker",0.7722674021910411,0.677161741773368,0.7722674021910411,0.17227706561485925,0,quality_factor,0.4418042004108429,value_factor,0.42875775694847107,volatility_factor,0.06475060433149338
2018-12-28,600282.SH,cn_a,ALL_A_ACTIVE,3,"cp,pca,tucker",0.7718613087212866,0.6769198036654269,0.7718613087212866,0.17227706561485925,0,quality_factor,0.41368818283081055,value_factor,0.40128275752067566,volatility_factor,0.1490403264760971
