trade_date,stock_code,model,rank,market_id,universe_id,total_score,stock_score,selection_signal,time_regime_score,cluster_label,top_factor_1,top_factor_1_score,top_factor_2,top_factor_2_score,top_factor_3,top_factor_3_score
2021-10-27,600038.SH,cp,2,cn_a,SIZE_SMALL,0.011399231013708253,0.011399231013708253,0.011399231013708253,0.0,1,volatility_factor,0.3910999894142151,value_factor,0.34759870171546936,momentum_factor,0.21553952991962433
2021-10-27,600095.SH,cp,2,cn_a,SIZE_SMALL,0.007392153252214848,0.007392153252214848,0.007392153252214848,0.0,1,volatility_factor,0.43631288409233093,value_factor,0.22832559049129486,quality_factor,0.18548057973384857
2021-10-27,600096.SH,cp,2,cn_a,SIZE_SMALL,0.007245242807731783,0.007245242807731783,0.007245242807731783,0.0,0,quality_factor,0.5157729983329773,volatility_factor,0.19286789000034332,value_factor,0.19150321185588837
2021-10-27,600109.SH,cp,2,cn_a,SIZE_SMALL,0.004835240678487075,0.004835240678487075,0.004835240678487075,0.0,1,value_factor,0.338107168674469,quality_factor,0.2560199201107025,volatility_factor,0.2043641209602356
2021-10-27,600004.SH,cp,2,cn_a,SIZE_SMALL,0.001513302108986668,0.001513302108986668,0.001513302108986668,0.0,1,quality_factor,0.4917013645172119,value_factor,0.30210620164871216,momentum_factor,0.16992655396461487
2021-10-27,600007.SH,cp,2,cn_a,SIZE_SMALL,0.000784909283451117,0.000784909283451117,0.000784909283451117,0.0,0,quality_factor,0.5075002312660217,value_factor,0.22951458394527435,volatility_factor,0.13904787600040436
2021-10-27,600061.SH,cp,2,cn_a,SIZE_SMALL,-0.00021667858687693885,-0.00021667858687693885,-0.00021667858687693885,0.0,1,value_factor,0.34329065680503845,volatility_factor,0.3063439726829529,momentum_factor,0.20917123556137085
2021-10-27,600008.SH,cp,2,cn_a,SIZE_SMALL,-0.001444621593652426,-0.001444621593652426,-0.001444621593652426,0.0,0,quality_factor,0.5156267285346985,value_factor,0.19217529892921448,volatility_factor,0.1919163167476654
2021-10-27,600062.SH,cp,2,cn_a,SIZE_SMALL,-0.0022283283802518525,-0.0022283283802518525,-0.0022283283802518525,0.0,0,quality_factor,0.5164848566055298,volatility_factor,0.19749926030635834,value_factor,0.1882322132587433
2021-10-27,600098.SH,cp,2,cn_a,SIZE_SMALL,-0.00573330609639611,-0.00573330609639611,-0.00573330609639611,0.0,0,volatility_factor,0.43815720081329346,quality_factor,0.26032623648643494,value_factor,0.17936252057552338
2021-10-27,600060.SH,cp,2,cn_a,SIZE_SMALL,-0.0070725104376232785,-0.0070725104376232785,-0.0070725104376232785,0.0,1,value_factor,0.338356077671051,quality_factor,0.25050628185272217,volatility_factor,0.2092609405517578
2021-10-27,600023.SH,cp,2,cn_a,SIZE_SMALL,-0.01474567654764275,-0.01474567654764275,-0.01474567654764275,0.0,1,volatility_factor,0.43653470277786255,value_factor,0.2224363386631012,quality_factor,0.1944829672574997
2021-10-28,600096.SH,cp,2,cn_a,SIZE_SMALL,0.01281008954188624,0.008650534036013798,0.01281008954188624,0.48084384202957153,0,quality_factor,0.5357212424278259,volatility_factor,0.3226450979709625,value_factor,0.09984572231769562
2021-10-28,600038.SH,cp,2,cn_a,SIZE_SMALL,0.0060500053815583195,0.004085512228475073,0.0060500053815583195,0.48084384202957153,1,volatility_factor,0.39097151160240173,value_factor,0.34759217500686646,momentum_factor,0.2155298888683319
2021-10-28,600095.SH,cp,2,cn_a,SIZE_SMALL,0.004918594877906769,0.003321481263778155,0.004918594877906769,0.48084384202957153,1,volatility_factor,0.4376140236854553,quality_factor,0.23828354477882385,value_factor,0.19378258287906647
2021-10-28,600007.SH,cp,2,cn_a,SIZE_SMALL,0.0024037268661974576,0.0016232143422051457,0.0024037268661974576,0.48084384202957153,0,quality_factor,0.5296770930290222,volatility_factor,0.2833235263824463,value_factor,0.12761731445789337
2021-10-28,600109.SH,cp,2,cn_a,SIZE_SMALL,0.0015392221261702854,0.001039422351255554,0.0015392221261702854,0.48084384202957153,1,quality_factor,0.38895946741104126,value_factor,0.33210599422454834,momentum_factor,0.1926375776529312
2021-10-28,600061.SH,cp,2,cn_a,SIZE_SMALL,-9.922537174547333e-05,-6.700596843712222e-05,-9.922537174547333e-05,0.48084384202957153,1,value_factor,0.34071940183639526,volatility_factor,0.25575709342956543,momentum_factor,0.20537029206752777
2021-10-28,600060.SH,cp,2,cn_a,SIZE_SMALL,-0.002313242135058151,-0.0015621108468782214,-0.002313242135058151,0.48084384202957153,1,quality_factor,0.37959951162338257,value_factor,0.3325285017490387,momentum_factor,0.19326218962669373
2021-10-28,600004.SH,cp,2,cn_a,SIZE_SMALL,-0.0024754952680036903,-0.0016716788748303967,-0.0024754952680036903,0.48084384202957153,1,quality_factor,0.5178365707397461,volatility_factor,0.2062932401895523,value_factor,0.18202130496501923
2021-10-28,600008.SH,cp,2,cn_a,SIZE_SMALL,-0.00257005848858073,-0.00173553653604986,-0.00257005848858073,0.48084384202957153,0,quality_factor,0.5356153249740601,volatility_factor,0.32195577025413513,value_factor,0.1003325805068016
2021-10-28,600062.SH,cp,2,cn_a,SIZE_SMALL,-0.0038269139290646125,-0.002584279297035589,-0.0038269139290646125,0.48084384202957153,0,quality_factor,0.536236584186554,volatility_factor,0.32599714398384094,value_factor,0.09747830033302307
2021-10-28,600098.SH,cp,2,cn_a,SIZE_SMALL,-0.004090128428280807,-0.002762025594342637,-0.004090128428280807,0.48084384202957153,0,volatility_factor,0.439264178276062,quality_factor,0.3052483797073364,value_factor,0.14997506141662598
2021-10-28,600023.SH,cp,2,cn_a,SIZE_SMALL,-0.009894472380094462,-0.006681644949673195,-0.009894472380094462,0.48084384202957153,1,volatility_factor,0.4378245174884796,quality_factor,0.2468256950378418,value_factor,0.1881943941116333
2021-10-29,600096.SH,cp,2,cn_a,SIZE_SMALL,0.001719519196867464,0.0012406093390765925,0.001719519196867464,0.3860279619693756,0,quality_factor,0.5492270588874817,volatility_factor,0.4105094373226166,value_factor,0.037789978086948395
2021-10-29,600095.SH,cp,2,cn_a,SIZE_SMALL,0.00042287370615793653,0.00030509753544199786,0.00042287370615793653,0.3860279619693756,1,volatility_factor,0.43874046206474304,quality_factor,0.28399428725242615,value_factor,0.1638791859149933
2021-10-29,600038.SH,cp,2,cn_a,SIZE_SMALL,0.00040138739164000136,0.00028959545642953427,0.00040138739164000136,0.3860279619693756,1,volatility_factor,0.39078378677368164,value_factor,0.3475826382637024,momentum_factor,0.21551579236984253
2021-10-29,600007.SH,cp,2,cn_a,SIZE_SMALL,0.0003522398703044775,0.0002541361989391879,0.0003522398703044775,0.3860279619693756,0,quality_factor,0.5449124574661255,volatility_factor,0.38243985176086426,value_factor,0.05761461332440376
2021-10-29,600109.SH,cp,2,cn_a,SIZE_SMALL,2.492333126039998e-06,1.79818390971619e-06,2.492333126039998e-06,0.3860279619693756,1,quality_factor,0.4994688332080841,value_factor,0.2664166986942291,momentum_factor,0.1473160684108734
2021-10-29,600061.SH,cp,2,cn_a,SIZE_SMALL,-5.052915109018713e-06,-3.645608426605433e-06,-5.052915109018713e-06,0.3860279619693756,1,value_factor,0.33678677678108215,quality_factor,0.28526973724365234,momentum_factor,0.19955693185329437
2021-10-29,600060.SH,cp,2,cn_a,SIZE_SMALL,-1.3743996037770278e-05,-9.916103217545952e-06,-1.3743996037770278e-05,0.3860279619693756,1,quality_factor,0.4979228079319,value_factor,0.27352064847946167,momentum_factor,0.15181666612625122
2021-10-29,600008.SH,cp,2,cn_a,SIZE_SMALL,-0.0003454451954848624,-0.0002492339349501847,-0.0003454451954848624,0.3860279619693756,0,quality_factor,0.5491518974304199,volatility_factor,0.41002020239830017,value_factor,0.038135502487421036
2021-10-29,600098.SH,cp,2,cn_a,SIZE_SMALL,-0.00037294827275272785,-0.0002690770251430818,-0.00037294827275272785,0.3860279619693756,0,volatility_factor,0.4401126503944397,quality_factor,0.33967870473861694,value_factor,0.12745119631290436
2021-10-29,600004.SH,cp,2,cn_a,SIZE_SMALL,-0.00048228596920160146,-0.0003479626622297199,-0.00048228596920160146,0.3860279619693756,1,quality_factor,0.5363100171089172,volatility_factor,0.3264750838279724,value_factor,0.09714076668024063
2021-10-29,600062.SH,cp,2,cn_a,SIZE_SMALL,-0.0005104046274603516,-0.0003682498856010315,-0.0005104046274603516,0.3860279619693756,0,quality_factor,0.5495924949645996,volatility_factor,0.41288694739341736,value_factor,0.036110810935497284
2021-10-29,600023.SH,cp,2,cn_a,SIZE_SMALL,-0.0008570934248950891,-0.0006183810621731298,-0.0008570934248950891,0.3860279619693756,1,volatility_factor,0.43892398476600647,quality_factor,0.2914431691169739,value_factor,0.15900622308254242
2021-11-01,600096.SH,cp,2,cn_a,SIZE_SMALL,0.061661520163674766,0.032745283473798514,0.061661520163674766,0.8830657601356506,0,quality_factor,0.5197605490684509,volatility_factor,0.4445502460002899,momentum_factor,0.026045160368084908
2021-11-01,600007.SH,cp,2,cn_a,SIZE_SMALL,0.013123915765498621,0.006969441247747121,0.013123915765498621,0.8830657601356506,0,quality_factor,0.5356938242912292,volatility_factor,0.44270482659339905,momentum_factor,0.01900944858789444
2021-11-01,600095.SH,cp,2,cn_a,SIZE_SMALL,0.011211219532125475,0.00595370598538544,0.011211219532125475,0.8830657601356506,1,volatility_factor,0.43980637192726135,quality_factor,0.32724982500076294,value_factor,0.13558202981948853
2021-11-01,600038.SH,cp,2,cn_a,SIZE_SMALL,0.007553649819950239,0.004011357552644172,0.007553649819950239,0.8830657601356506,1,volatility_factor,0.3904479742050171,value_factor,0.34756559133529663,momentum_factor,0.21549056470394135
2021-11-01,600060.SH,cp,2,cn_a,SIZE_SMALL,0.004449458331333975,0.0023628800259487878,0.004449458331333975,0.8830657601356506,1,quality_factor,0.5240659713745117,volatility_factor,0.24681971967220306,value_factor,0.15339873731136322
2021-11-01,600061.SH,cp,2,cn_a,SIZE_SMALL,-4.35306762079702e-05,-2.3116918435556964e-05,-4.35306762079702e-05,0.8830657601356506,1,quality_factor,0.4537620544433594,value_factor,0.32918062806129456,momentum_factor,0.18831323087215424
2021-11-01,600109.SH,cp,2,cn_a,SIZE_SMALL,-0.0033100181783862442,-0.0017577815672883065,-0.0033100181783862442,0.8830657601356506,1,quality_factor,0.5252004861831665,volatility_factor,0.25420042872428894,value_factor,0.14818598330020905
2021-11-01,600098.SH,cp,2,cn_a,SIZE_SMALL,-0.01044147308762976,-0.00554493297004208,-0.01044147308762976,0.8830657601356506,0,volatility_factor,0.4408363699913025,quality_factor,0.36904826760292053,value_factor,0.10823804885149002
2021-11-01,600008.SH,cp,2,cn_a,SIZE_SMALL,-0.012395271701399752,-0.006582495606979835,-0.012395271701399752,0.8830657601356506,0,quality_factor,0.5200726985931396,volatility_factor,0.44455790519714355,momentum_factor,0.02592950314283371
2021-11-01,600062.SH,cp,2,cn_a,SIZE_SMALL,-0.018248217414643726,-0.009690696086439209,-0.018248217414643726,0.8830657601356506,0,quality_factor,0.5182501077651978,volatility_factor,0.4445130228996277,momentum_factor,0.02660469524562359
2021-11-01,600004.SH,cp,2,cn_a,SIZE_SMALL,-0.019792673135944964,-0.010510877623846913,-0.019792673135944964,0.8830657601356506,1,quality_factor,0.5478142499923706,volatility_factor,0.4202325642108917,value_factor,0.02896285243332386
2021-11-01,600023.SH,cp,2,cn_a,SIZE_SMALL,-0.022890205359050817,-0.012155818754808187,-0.022890205359050817,0.8830657601356506,1,volatility_factor,0.4399500787258148,quality_factor,0.3330833315849304,value_factor,0.13176579773426056
2021-11-02,600096.SH,cp,2,cn_a,SIZE_SMALL,0.03457924607279528,0.02555654244180114,0.03457924607279528,0.3530486822128296,0,quality_factor,0.44755175709724426,volatility_factor,0.4427708685398102,value_factor,0.056882094591856
2021-11-02,600007.SH,cp,2,cn_a,SIZE_SMALL,0.007600395623832492,0.00561723737197874,0.007600395623832492,0.3530486822128296,0,quality_factor,0.4510520398616791,volatility_factor,0.44285711646080017,value_factor,0.05459227040410042
2021-11-02,600060.SH,cp,2,cn_a,SIZE_SMALL,0.004908950273865712,0.0036280662613243295,0.004908950273865712,0.3530486822128296,1,quality_factor,0.5007506012916565,volatility_factor,0.4440818130970001,momentum_factor,0.033087506890296936
2021-11-02,600095.SH,cp,2,cn_a,SIZE_SMALL,0.004356621789972687,0.003219855905589217,0.004356621789972687,0.3530486822128296,1,volatility_factor,0.441535621881485,quality_factor,0.3974253237247467,value_factor,0.08967414498329163
2021-11-02,600038.SH,cp,2,cn_a,SIZE_SMALL,0.0008954953013498095,0.0006618352414972098,0.0008954953013498095,0.3530486822128296,1,volatility_factor,0.38782739639282227,value_factor,0.34743234515190125,momentum_factor,0.21529364585876465
2021-11-02,600061.SH,cp,2,cn_a,SIZE_SMALL,4.2821626360790195e-05,3.164825251576167e-05,4.2821626360790195e-05,0.3530486822128296,1,quality_factor,0.5478760004043579,volatility_factor,0.40171998739242554,value_factor,0.04399770498275757
2021-11-02,600109.SH,cp,2,cn_a,SIZE_SMALL,-0.0035164283331766185,-0.0025988926927785864,-0.0035164283331766185,0.3530486822128296,1,quality_factor,0.49867942929267883,volatility_factor,0.4440307319164276,momentum_factor,0.03385477513074875
2021-11-02,600098.SH,cp,2,cn_a,SIZE_SMALL,-0.004423380145393921,-0.003269195117325527,-0.004423380145393921,0.3530486822128296,0,volatility_factor,0.44187358021736145,quality_factor,0.4111398756504059,value_factor,0.08070226013660431
2021-11-02,600008.SH,cp,2,cn_a,SIZE_SMALL,-0.006954919044640247,-0.005140183894393139,-0.006954919044640247,0.3530486822128296,0,quality_factor,0.447611540555954,volatility_factor,0.4427723288536072,value_factor,0.056842949241399765
2021-11-02,600023.SH,cp,2,cn_a,SIZE_SMALL,-0.009005305841922067,-0.006655566765856814,-0.009005305841922067,0.3530486822128296,1,volatility_factor,0.441585898399353,quality_factor,0.39946603775024414,value_factor,0.08833912014961243
2021-11-02,600062.SH,cp,2,cn_a,SIZE_SMALL,-0.010206697226017736,-0.00754348114757061,-0.010206697226017736,0.3530486822128296,0,quality_factor,0.44726160168647766,volatility_factor,0.44276371598243713,value_factor,0.057071931660175323
2021-11-02,600004.SH,cp,2,cn_a,SIZE_SMALL,-0.012319545684603814,-0.009105027665712619,-0.012319545684603814,0.3530486822128296,1,quality_factor,0.45846566557884216,volatility_factor,0.44303980469703674,value_factor,0.04974236711859703
2021-11-03,600096.SH,cp,2,cn_a,SIZE_SMALL,0.03340411057557041,0.022178036356163902,0.03340411057557041,0.5061798095703125,0,quality_factor,0.5392983555793762,volatility_factor,0.3459167778491974,value_factor,0.08340969681739807
2021-11-03,600038.SH,cp,2,cn_a,SIZE_SMALL,0.013129099610259966,0.008716820878116455,0.013129099610259966,0.5061798095703125,1,volatility_factor,0.3909345269203186,value_factor,0.34759029746055603,momentum_factor,0.21552711725234985
2021-11-03,600095.SH,cp,2,cn_a,SIZE_SMALL,0.011296111537702595,0.007499842625645861,0.011296111537702595,0.5061798095703125,1,volatility_factor,0.43788954615592957,quality_factor,0.2494657188653946,value_factor,0.18646731972694397
2021-11-03,600007.SH,cp,2,cn_a,SIZE_SMALL,0.006458728947145436,0.004288152653558676,0.006458728947145436,0.5061798095703125,0,quality_factor,0.5336947441101074,volatility_factor,0.3094613254070282,value_factor,0.10915699601173401
2021-11-03,600109.SH,cp,2,cn_a,SIZE_SMALL,0.002698143160514895,0.001791381841245521,0.002698143160514895,0.5061798095703125,1,quality_factor,0.42932412028312683,value_factor,0.33028385043144226,momentum_factor,0.18994401395320892
2021-11-03,600061.SH,cp,2,cn_a,SIZE_SMALL,-0.0002054663192371485,-0.0001364155314867516,-0.0002054663192371485,0.5061798095703125,1,value_factor,0.33996111154556274,volatility_factor,0.24083909392356873,quality_factor,0.21495039761066437
2021-11-03,600060.SH,cp,2,cn_a,SIZE_SMALL,-0.004119384764490894,-0.0027349887034178767,-0.004119384764490894,0.5061798095703125,1,quality_factor,0.4187406301498413,value_factor,0.330761581659317,momentum_factor,0.19065025448799133
2021-11-03,600008.SH,cp,2,cn_a,SIZE_SMALL,-0.006704767104454008,-0.004451505100421419,-0.006704767104454008,0.5061798095703125,0,quality_factor,0.5392003059387207,volatility_factor,0.34527865052223206,value_factor,0.0838603749871254
2021-11-03,600004.SH,cp,2,cn_a,SIZE_SMALL,-0.0074219585006727335,-0.004927670955030324,-0.0074219585006727335,0.5061798095703125,1,quality_factor,0.522666335105896,volatility_factor,0.23771405220031738,value_factor,0.159829780459404
2021-11-03,600098.SH,cp,2,cn_a,SIZE_SMALL,-0.009530737148569866,-0.006327755217545257,-0.009530737148569866,0.5061798095703125,0,volatility_factor,0.4394804537296295,quality_factor,0.3140236735343933,value_factor,0.14423440396785736
2021-11-03,600062.SH,cp,2,cn_a,SIZE_SMALL,-0.009958022880441564,-0.0066114436119565426,-0.009958022880441564,0.5061798095703125,0,quality_factor,0.5397753119468689,volatility_factor,0.34901922941207886,value_factor,0.08121855556964874
2021-11-03,600023.SH,cp,2,cn_a,SIZE_SMALL,-0.022765164871225766,-0.015114506731915549,-0.022765164871225766,0.5061798095703125,1,volatility_factor,0.43809494376182556,quality_factor,0.2577994465827942,value_factor,0.1810155212879181
2021-11-04,600096.SH,cp,2,cn_a,SIZE_SMALL,0.034716864324974984,0.022585133013194036,0.034716864324974984,0.5371556878089905,0,quality_factor,0.4541669487953186,volatility_factor,0.4429338574409485,value_factor,0.052554525434970856
2021-11-04,600007.SH,cp,2,cn_a,SIZE_SMALL,0.007609139328422558,0.004950142450645224,0.007609139328422558,0.5371556878089905,0,quality_factor,0.45887961983680725,volatility_factor,0.4430500268936157,value_factor,0.049471575766801834
2021-11-04,600060.SH,cp,2,cn_a,SIZE_SMALL,0.004712768377443828,0.003065901910627701,0.004712768377443828,0.5371556878089905,1,quality_factor,0.5282057523727417,volatility_factor,0.4447583258152008,momentum_factor,0.02291657030582428
2021-11-04,600095.SH,cp,2,cn_a,SIZE_SMALL,0.004546494550356009,0.0029577321039816074,0.004546494550356009,0.5371556878089905,1,volatility_factor,0.4413273334503174,quality_factor,0.38897162675857544,value_factor,0.0952044352889061
2021-11-04,600038.SH,cp,2,cn_a,SIZE_SMALL,0.0011976064580791403,0.0007791055349926699,0.0011976064580791403,0.5371556878089905,1,volatility_factor,0.38865283131599426,value_factor,0.3474743366241455,momentum_factor,0.21535569429397583
2021-11-04,600061.SH,cp,2,cn_a,SIZE_SMALL,3.6983322110391855e-05,2.4059582147576395e-05,3.6983322110391855e-05,0.5371556878089905,1,quality_factor,0.5395292639732361,volatility_factor,0.34741857647895813,value_factor,0.0823490172624588
2021-11-04,600109.SH,cp,2,cn_a,SIZE_SMALL,-0.003382048806565055,-0.002200199345147539,-0.003382048806565055,0.5371556878089905,1,quality_factor,0.5252234935760498,volatility_factor,0.44468480348587036,momentum_factor,0.024021374061703682
2021-11-04,600098.SH,cp,2,cn_a,SIZE_SMALL,-0.004568973639104011,-0.002972355924976402,-0.004568973639104011,0.5371556878089905,0,volatility_factor,0.44175660610198975,quality_factor,0.4063938558101654,value_factor,0.08380703628063202
2021-11-04,600008.SH,cp,2,cn_a,SIZE_SMALL,-0.006982262317864875,-0.004542326222375624,-0.006982262317864875,0.5371556878089905,0,quality_factor,0.4542473256587982,volatility_factor,0.44293585419654846,value_factor,0.05250195041298866
2021-11-04,600023.SH,cp,2,cn_a,SIZE_SMALL,-0.009383555540483892,-0.006104492849201906,-0.009383555540483892,0.5371556878089905,1,volatility_factor,0.441390722990036,quality_factor,0.3915448486804962,value_factor,0.09352106600999832
2021-11-04,600062.SH,cp,2,cn_a,SIZE_SMALL,-0.010249708002194827,-0.006667970252412371,-0.010249708002194827,0.5371556878089905,0,quality_factor,0.4537772238254547,volatility_factor,0.44292429089546204,value_factor,0.05280948802828789
2021-11-04,600004.SH,cp,2,cn_a,SIZE_SMALL,-0.012259543141028211,-0.007975472955428334,-0.012259543141028211,0.5371556878089905,1,quality_factor,0.4689328968524933,volatility_factor,0.44329774379730225,momentum_factor,0.04487454891204834
2021-11-05,600096.SH,cp,2,cn_a,SIZE_SMALL,0.019324020163558126,0.016631307638154916,0.019324020163558126,0.16190621256828308,0,volatility_factor,0.4424690902233124,quality_factor,0.43530744314193726,value_factor,0.06489212065935135
2021-11-05,600007.SH,cp,2,cn_a,SIZE_SMALL,0.004269327175307074,0.0036744162477313855,0.004269327175307074,0.16190621256828308,0,volatility_factor,0.4425024092197418,quality_factor,0.43665793538093567,value_factor,0.0640086829662323
2021-11-05,600060.SH,cp,2,cn_a,SIZE_SMALL,0.002963734137424779,0.002550751540311853,0.002963734137424779,0.16190621256828308,1,quality_factor,0.4546714723110199,volatility_factor,0.44294631481170654,value_factor,0.05222446471452713
2021-11-05,600095.SH,cp,2,cn_a,SIZE_SMALL,0.002258303950909068,0.0019436197763267994,0.002258303950909068,0.16190621256828308,1,volatility_factor,0.44195958971977234,quality_factor,0.4146305322647095,value_factor,0.07841870933771133
2021-11-05,600038.SH,cp,2,cn_a,SIZE_SMALL,0.00019533499900861417,0.00016811597346277918,0.00019533499900861417,0.16190621256828308,1,volatility_factor,0.38271722197532654,value_factor,0.3471725881099701,momentum_factor,0.21490968763828278
2021-11-05,600061.SH,cp,2,cn_a,SIZE_SMALL,3.0070686971541337e-05,2.5880476302622265e-05,3.0070686971541337e-05,0.16190621256828308,1,quality_factor,0.48770901560783386,volatility_factor,0.4437604248523712,momentum_factor,0.0379188172519207
2021-11-05,600109.SH,cp,2,cn_a,SIZE_SMALL,-0.002116725254692274,-0.0018217694143492832,-0.002116725254692274,0.16190621256828308,1,quality_factor,0.4539616107940674,volatility_factor,0.44292882084846497,value_factor,0.05268888175487518
2021-11-05,600098.SH,cp,2,cn_a,SIZE_SMALL,-0.00234113295853118,-0.0020149069461530998,-0.00234113295853118,0.16190621256828308,0,volatility_factor,0.4421054422855377,quality_factor,0.42054876685142517,value_factor,0.07454708218574524
2021-11-05,600008.SH,cp,2,cn_a,SIZE_SMALL,-0.0038869807747301025,-0.003345348043573294,-0.0038869807747301025,0.16190621256828308,0,volatility_factor,0.4424697458744049,quality_factor,0.43533065915107727,value_factor,0.0648769661784172
2021-11-05,600023.SH,cp,2,cn_a,SIZE_SMALL,-0.0046825383893858395,-0.004030048396875969,-0.0046825383893858395,0.16190621256828308,1,volatility_factor,0.44198164343833923,quality_factor,0.4155243933200836,value_factor,0.07783395797014236
2021-11-05,600062.SH,cp,2,cn_a,SIZE_SMALL,-0.005701395480284606,-0.0049069324807586925,-0.005701395480284606,0.16190621256828308,0,volatility_factor,0.4424663484096527,quality_factor,0.4351949989795685,value_factor,0.06496570259332657
2021-11-05,600004.SH,cp,2,cn_a,SIZE_SMALL,-0.006995991256712047,-0.006021132344067898,-0.006995991256712047,0.16190621256828308,1,volatility_factor,0.4425719380378723,quality_factor,0.43948087096214294,value_factor,0.06216194108128548
2021-11-08,600096.SH,cp,2,cn_a,SIZE_SMALL,0.03534331736106111,0.020682323729863533,0.03534331736106111,0.7088658213615417,0,quality_factor,0.535973072052002,volatility_factor,0.324283242225647,value_factor,0.09868880361318588
2021-11-08,600038.SH,cp,2,cn_a,SIZE_SMALL,0.016476723952144744,0.009641905860294234,0.016476723952144744,0.7088658213615417,1,volatility_factor,0.39096909761428833,value_factor,0.3475920259952545,momentum_factor,0.2155296951532364
2021-11-08,600095.SH,cp,2,cn_a,SIZE_SMALL,0.013446043908694817,0.00786840211303913,0.013446043908694817,0.7088658213615417,1,volatility_factor,0.4376329481601715,quality_factor,0.23905101418495178,value_factor,0.19328050315380096
2021-11-08,600007.SH,cp,2,cn_a,SIZE_SMALL,0.006647448316818246,0.003889976615988028,0.006647448316818246,0.7088658213615417,0,quality_factor,0.529959499835968,volatility_factor,0.28516069054603577,value_factor,0.1263197809457779
2021-11-08,600109.SH,cp,2,cn_a,SIZE_SMALL,0.004139709753526378,0.0024224895585052003,0.004139709753526378,0.7088658213615417,1,quality_factor,0.39154714345932007,value_factor,0.3319891691207886,momentum_factor,0.1924649029970169
2021-11-08,600061.SH,cp,2,cn_a,SIZE_SMALL,-0.0002694302515524845,-0.00015766611912232083,-0.0002694302515524845,0.7088658213615417,1,value_factor,0.34067049622535706,volatility_factor,0.2547946870326996,momentum_factor,0.20529799163341522
2021-11-08,600060.SH,cp,2,cn_a,SIZE_SMALL,-0.006226665414064777,-0.003643741433086746,-0.006226665414064777,0.7088658213615417,1,quality_factor,0.38210952281951904,value_factor,0.3324151933193207,momentum_factor,0.1930946707725525
2021-11-08,600004.SH,cp,2,cn_a,SIZE_SMALL,-0.0069086016153069784,-0.004042799199315092,-0.0069086016153069784,0.7088658213615417,1,quality_factor,0.5181751251220703,volatility_factor,0.20849543809890747,value_factor,0.18046598136425018
2021-11-08,600008.SH,cp,2,cn_a,SIZE_SMALL,-0.007091089904880757,-0.004149588322795397,-0.007091089904880757,0.7088658213615417,0,quality_factor,0.5358676314353943,volatility_factor,0.32359743118286133,value_factor,0.09917313605546951
2021-11-08,600062.SH,cp,2,cn_a,SIZE_SMALL,-0.010556814949398146,-0.006177673196581912,-0.010556814949398146,0.7088658213615417,0,quality_factor,0.5364856123924255,volatility_factor,0.3276178538799286,value_factor,0.09633363783359528
2021-11-08,600098.SH,cp,2,cn_a,SIZE_SMALL,-0.011192421764554034,-0.006549619773686323,-0.011192421764554034,0.7088658213615417,0,volatility_factor,0.4392791986465454,quality_factor,0.3058583736419678,value_factor,0.14957600831985474
2021-11-08,600023.SH,cp,2,cn_a,SIZE_SMALL,-0.027052049446262463,-0.015830411120951945,-0.027052049446262463,0.7088658213615417,1,volatility_factor,0.4378431439399719,quality_factor,0.24758009612560272,value_factor,0.18770088255405426
2021-11-09,600096.SH,cp,2,cn_a,SIZE_SMALL,0.02646536282554326,0.015124173023457393,0.02646536282554326,0.7498717308044434,0,volatility_factor,0.4421718418598175,quality_factor,0.42324182391166687,value_factor,0.07278535515069962
2021-11-09,600007.SH,cp,2,cn_a,SIZE_SMALL,0.0058764417519600745,0.0033582128612698846,0.0058764417519600745,0.7498717308044434,0,volatility_factor,0.44215577840805054,quality_factor,0.4225921630859375,value_factor,0.07321031391620636
2021-11-09,600060.SH,cp,2,cn_a,SIZE_SMALL,0.004353440817809854,0.002487862819412774,0.004353440817809854,0.7498717308044434,1,volatility_factor,0.4419543147087097,quality_factor,0.4144149124622345,value_factor,0.0785597562789917
2021-11-09,600095.SH,cp,2,cn_a,SIZE_SMALL,0.0028573846429392953,0.001632910911490473,0.0028573846429392953,0.7498717308044434,1,volatility_factor,0.442434698343277,quality_factor,0.43390893936157227,value_factor,0.0658070370554924
2021-11-09,600061.SH,cp,2,cn_a,SIZE_SMALL,4.938489226507568e-05,2.8222007016692974e-05,4.938489226507568e-05,0.7498717308044434,1,volatility_factor,0.44163477420806885,quality_factor,0.40144845843315125,value_factor,0.08704224228858948
2021-11-09,600038.SH,cp,2,cn_a,SIZE_SMALL,-0.00013996650973827635,-7.998672546926142e-05,-0.00013996650973827635,0.7498717308044434,1,volatility_factor,0.4081137776374817,value_factor,0.3484634757041931,momentum_factor,0.21681790053844452
2021-11-09,600098.SH,cp,2,cn_a,SIZE_SMALL,-0.003031623447070135,-0.0017324832407438519,-0.003031623447070135,0.7498717308044434,0,volatility_factor,0.44235584139823914,quality_factor,0.4307103157043457,value_factor,0.06789954006671906
2021-11-09,600109.SH,cp,2,cn_a,SIZE_SMALL,-0.003101494490073715,-0.0017724124777122431,-0.003101494490073715,0.7498717308044434,1,volatility_factor,0.4419618546962738,quality_factor,0.41472098231315613,value_factor,0.07835956662893295
2021-11-09,600008.SH,cp,2,cn_a,SIZE_SMALL,-0.005323903322547317,-0.003042453471775234,-0.005323903322547317,0.7498717308044434,0,volatility_factor,0.44217154383659363,quality_factor,0.4232306182384491,value_factor,0.0727926716208458
2021-11-09,600023.SH,cp,2,cn_a,SIZE_SMALL,-0.0059456488346062465,-0.003397762664508523,-0.0059456488346062465,0.7498717308044434,1,volatility_factor,0.4424225687980652,quality_factor,0.4334178864955902,value_factor,0.06612828373908997
2021-11-09,600062.SH,cp,2,cn_a,SIZE_SMALL,-0.007805128293055984,-0.004460400242861141,-0.007805128293055984,0.7498717308044434,0,volatility_factor,0.44217318296432495,quality_factor,0.42329612374305725,value_factor,0.0727497935295105
2021-11-09,600004.SH,cp,2,cn_a,SIZE_SMALL,-0.009730232685005601,-0.005560540532038003,-0.009730232685005601,0.7498717308044434,1,volatility_factor,0.44212281703948975,quality_factor,0.421251505613327,value_factor,0.07408738136291504
2021-11-10,600096.SH,cp,2,cn_a,SIZE_SMALL,0.008672688853153972,0.00595184929805722,0.008672688853153972,0.4571418762207031,0,value_factor,0.3402559459209442,volatility_factor,0.2466394156217575,quality_factor,0.20841938257217407
2021-11-10,600060.SH,cp,2,cn_a,SIZE_SMALL,0.006086861347607881,0.004177260599630139,0.006086861347607881,0.4571418762207031,1,volatility_factor,0.34868931770324707,value_factor,0.3454430401325226,momentum_factor,0.2123529464006424
2021-11-10,600023.SH,cp,2,cn_a,SIZE_SMALL,0.00544882300107704,0.003739390851362606,0.00544882300107704,0.4571418762207031,1,volatility_factor,0.4329266846179962,value_factor,0.31821951270103455,momentum_factor,0.20078648626804352
2021-11-10,600007.SH,cp,2,cn_a,SIZE_SMALL,0.0023902723390554466,0.0016403840820599742,0.0023902723390554466,0.4571418762207031,0,value_factor,0.341341108083725,volatility_factor,0.2679887115955353,momentum_factor,0.20628933608531952
2021-11-10,600098.SH,cp,2,cn_a,SIZE_SMALL,0.0017715359600159754,0.0012157607909881064,0.0017715359600159754,0.4571418762207031,0,volatility_factor,0.4342036247253418,value_factor,0.2843208312988281,momentum_factor,0.18159019947052002
2021-11-10,600061.SH,cp,2,cn_a,SIZE_SMALL,0.0001459919584097778,0.00010019062713949854,0.0001459919584097778,0.4571418762207031,1,volatility_factor,0.37088796496391296,value_factor,0.34657132625579834,momentum_factor,0.21402087807655334
2021-11-10,600008.SH,cp,2,cn_a,SIZE_SMALL,-0.001751896848378073,-0.001202282960202789,-0.001751896848378073,0.4571418762207031,0,value_factor,0.3402778208255768,volatility_factor,0.24706920981407166,quality_factor,0.20793548226356506
2021-11-10,600062.SH,cp,2,cn_a,SIZE_SMALL,-0.002506100458441307,-0.0017198740214242015,-0.002506100458441307,0.4571418762207031,0,value_factor,0.34014806151390076,volatility_factor,0.24451659619808197,quality_factor,0.2108096182346344
2021-11-10,600095.SH,cp,2,cn_a,SIZE_SMALL,-0.0027909537419797898,-0.0019153617005493728,-0.0027909537419797898,0.4571418762207031,1,volatility_factor,0.4327850043773651,value_factor,0.32198217511177063,momentum_factor,0.202917218208313
2021-11-10,600109.SH,cp,2,cn_a,SIZE_SMALL,-0.004221736700683063,-0.002897272235173637,-0.004221736700683063,0.4571418762207031,1,volatility_factor,0.34760046005249023,value_factor,0.34538766741752625,momentum_factor,0.21227110922336578
2021-11-10,600004.SH,cp,2,cn_a,SIZE_SMALL,-0.005544044357257495,-0.0038047388848893235,-0.005544044357257495,0.4571418762207031,1,value_factor,0.3428093194961548,volatility_factor,0.29687395691871643,momentum_factor,0.20845970511436462
2021-11-10,600038.SH,cp,2,cn_a,SIZE_SMALL,-0.006495485634693859,-0.00445768922072351,-0.006495485634693859,0.4571418762207031,1,volatility_factor,0.3912709951400757,value_factor,0.34760740399360657,momentum_factor,0.21555238962173462
2021-11-11,600096.SH,cp,2,cn_a,SIZE_SMALL,0.005294205444591067,0.004766708094486231,0.005294205444591067,0.11066282540559769,0,volatility_factor,0.35679346323013306,value_factor,0.3458549380302429,momentum_factor,0.2129618525505066
2021-11-11,600060.SH,cp,2,cn_a,SIZE_SMALL,0.0029536524228730592,0.002659360136239552,0.0029536524228730592,0.11066282540559769,1,volatility_factor,0.3808591067790985,value_factor,0.3470781743526459,momentum_factor,0.21477007865905762
2021-11-11,600023.SH,cp,2,cn_a,SIZE_SMALL,0.002116613547120253,0.0019057210819548457,0.002116613547120253,0.11066282540559769,1,volatility_factor,0.4136603772640228,value_factor,0.3487454056739807,momentum_factor,0.21723465621471405
2021-11-11,600007.SH,cp,2,cn_a,SIZE_SMALL,0.001383165475651534,0.0012453513823378515,0.001383165475651534,0.11066282540559769,0,volatility_factor,0.36171671748161316,value_factor,0.3461052179336548,momentum_factor,0.21333177387714386
2021-11-11,600098.SH,cp,2,cn_a,SIZE_SMALL,0.0006292921060781219,0.0005665914946507275,0.0006292921060781219,0.11066282540559769,0,volatility_factor,0.43060076236724854,value_factor,0.349606454372406,momentum_factor,0.21850751340389252
2021-11-11,600061.SH,cp,2,cn_a,SIZE_SMALL,6.789377558589379e-05,6.112906139317932e-05,6.789377558589379e-05,0.11066282540559769,1,volatility_factor,0.38627755641937256,value_factor,0.34735357761383057,momentum_factor,0.21517719328403473
2021-11-11,600008.SH,cp,2,cn_a,SIZE_SMALL,-0.0010682513811353276,-0.0009618143003132323,-0.0010682513811353276,0.11066282540559769,0,volatility_factor,0.35689204931259155,value_factor,0.34585994482040405,momentum_factor,0.21296927332878113
2021-11-11,600095.SH,cp,2,cn_a,SIZE_SMALL,-0.0010942320809456377,-0.0009852063679959755,-0.0010942320809456377,0.11066282540559769,1,volatility_factor,0.41204991936683655,value_factor,0.3486635684967041,momentum_factor,0.2171136736869812
2021-11-11,600062.SH,cp,2,cn_a,SIZE_SMALL,-0.0015382819125710203,-0.0013850125237858842,-0.0015382819125710203,0.11066282540559769,0,volatility_factor,0.35630708932876587,value_factor,0.34583020210266113,momentum_factor,0.21292531490325928
2021-11-11,600109.SH,cp,2,cn_a,SIZE_SMALL,-0.002052995246319488,-0.0018484415009944414,-0.002052995246319488,0.11066282540559769,1,volatility_factor,0.38059505820274353,value_factor,0.3470647633075714,momentum_factor,0.2147502601146698
2021-11-11,600038.SH,cp,2,cn_a,SIZE_SMALL,-0.002910494988330382,-0.0026205027676079636,-0.002910494988330382,0.11066282540559769,1,volatility_factor,0.39131298661231995,value_factor,0.3476095199584961,momentum_factor,0.21555554866790771
2021-11-11,600004.SH,cp,2,cn_a,SIZE_SMALL,-0.0029991729348200725,-0.002700345132956042,-0.0029991729348200725,0.11066282540559769,1,volatility_factor,0.3684702217578888,value_factor,0.34644845128059387,momentum_factor,0.21383920311927795
2021-11-12,600023.SH,cp,2,cn_a,SIZE_SMALL,0.02765185785191355,0.015348326651691002,0.02765185785191355,0.801620364189148,1,volatility_factor,0.4349142909049988,value_factor,0.26545450091362,momentum_factor,0.17090651392936707
2021-11-12,600060.SH,cp,2,cn_a,SIZE_SMALL,0.021421161779702647,0.011889942079636534,0.021421161779702647,0.801620364189148,1,value_factor,0.34248635172843933,volatility_factor,0.29052039980888367,momentum_factor,0.20798228681087494
2021-11-12,600096.SH,cp,2,cn_a,SIZE_SMALL,0.013072233961124344,0.007255820494129317,0.013072233961124344,0.801620364189148,0,quality_factor,0.4516943097114563,value_factor,0.3292739987373352,momentum_factor,0.18845120072364807
2021-11-12,600098.SH,cp,2,cn_a,SIZE_SMALL,0.009936272241199156,0.005515186461422551,0.009936272241199156,0.801620364189148,0,volatility_factor,0.43656086921691895,value_factor,0.22174109518527985,quality_factor,0.19554568827152252
2021-11-12,600007.SH,cp,2,cn_a,SIZE_SMALL,0.0048236435349505394,0.002677391769559348,0.0048236435349505394,0.801620364189148,0,quality_factor,0.3878510892391205,value_factor,0.3321560025215149,momentum_factor,0.19271153211593628
2021-11-12,600061.SH,cp,2,cn_a,SIZE_SMALL,0.0005611720023381476,0.0003114818268557445,0.0005611720023381476,0.801620364189148,1,value_factor,0.3451813757419586,volatility_factor,0.34354180097579956,momentum_factor,0.2119661569595337
2021-11-12,600008.SH,cp,2,cn_a,SIZE_SMALL,-0.0026596793529570346,-0.0014762706982134229,-0.0026596793529570346,0.801620364189148,0,quality_factor,0.4503946900367737,value_factor,0.3293326199054718,momentum_factor,0.18853794038295746
2021-11-12,600062.SH,cp,2,cn_a,SIZE_SMALL,-0.0036417181242708193,-0.0020213571053354744,-0.0036417181242708193,0.801620364189148,0,quality_factor,0.45812222361564636,value_factor,0.3289838135242462,momentum_factor,0.18802228569984436
2021-11-12,600095.SH,cp,2,cn_a,SIZE_SMALL,-0.01400168041633247,-0.007771715226273089,-0.01400168041633247,0.801620364189148,1,volatility_factor,0.4347083866596222,value_factor,0.27091968059539795,momentum_factor,0.17400135099887848
2021-11-12,600004.SH,cp,2,cn_a,SIZE_SMALL,-0.014546290068918498,-0.008074004023297839,-0.014546290068918498,0.801620364189148,1,value_factor,0.33595332503318787,quality_factor,0.3037319779396057,momentum_factor,0.19832490384578705
2021-11-12,600109.SH,cp,2,cn_a,SIZE_SMALL,-0.014786691912945902,-0.008207440483501041,-0.014786691912945902,0.801620364189148,1,value_factor,0.34235262870788574,volatility_factor,0.2878890037536621,momentum_factor,0.20778459310531616
2021-11-12,600038.SH,cp,2,cn_a,SIZE_SMALL,-0.026739331638132517,-0.014841823599261457,-0.026739331638132517,0.801620364189148,1,volatility_factor,0.3911975622177124,value_factor,0.3476036489009857,momentum_factor,0.2155468612909317
2021-11-15,600023.SH,cp,2,cn_a,SIZE_SMALL,0.013235843474714184,0.008597665392035221,0.013235843474714184,0.5394694209098816,1,volatility_factor,0.4384351074695587,quality_factor,0.2716032862663269,value_factor,0.17198523879051208
2021-11-15,600062.SH,cp,2,cn_a,SIZE_SMALL,0.006641336405434138,0.004314042265530622,0.006641336405434138,0.5394694209098816,0,quality_factor,0.5439810752868652,volatility_factor,0.37638112902641296,value_factor,0.06189367175102234
2021-11-15,600098.SH,cp,2,cn_a,SIZE_SMALL,0.005630013644085262,0.0036571128660527787,0.005630013644085262,0.5394694209098816,0,volatility_factor,0.4397452771663666,quality_factor,0.32477158308029175,value_factor,0.13720324635505676
2021-11-15,600004.SH,cp,2,cn_a,SIZE_SMALL,0.005590271712580305,0.003631297523814442,0.005590271712580305,0.5394694209098816,1,quality_factor,0.5284669995307922,volatility_factor,0.2754508852958679,value_factor,0.1331775188446045
2021-11-15,600008.SH,cp,2,cn_a,SIZE_SMALL,0.004482872204626468,0.0029119591270677144,0.004482872204626468,0.5394694209098816,0,quality_factor,0.5434626340866089,volatility_factor,0.3730078935623169,value_factor,0.06427609920501709
2021-11-15,600060.SH,cp,2,cn_a,SIZE_SMALL,0.001506565339302589,0.000978626311447928,0.001506565339302589,0.5394694209098816,1,quality_factor,0.4774998128414154,value_factor,0.32810911536216736,momentum_factor,0.18672920763492584
2021-11-15,600061.SH,cp,2,cn_a,SIZE_SMALL,0.00010259661611829136,6.66441377480255e-05,0.00010259661611829136,0.5394694209098816,1,value_factor,0.3388407826423645,quality_factor,0.23976847529411316,volatility_factor,0.2187974750995636
2021-11-15,600109.SH,cp,2,cn_a,SIZE_SMALL,-0.0009458616882729881,-0.0006144075606856845,-0.0009458616882729881,0.5394694209098816,1,quality_factor,0.48664799332618713,value_factor,0.32532525062561035,momentum_factor,0.18463657796382904
2021-11-15,600007.SH,cp,2,cn_a,SIZE_SMALL,-0.004440759105354276,-0.002884603534894418,-0.004440759105354276,0.5394694209098816,0,quality_factor,0.5384876132011414,volatility_factor,0.34064212441444397,value_factor,0.08713501691818237
2021-11-15,600095.SH,cp,2,cn_a,SIZE_SMALL,-0.006552451534784471,-0.004256304926937876,-0.006552451534784471,0.5394694209098816,1,volatility_factor,0.43823760747909546,quality_factor,0.26358762383461,value_factor,0.17722898721694946
2021-11-15,600038.SH,cp,2,cn_a,SIZE_SMALL,-0.007049324138891438,-0.004579060662206431,-0.007049324138891438,0.5394694209098816,1,volatility_factor,0.3908805549144745,value_factor,0.347587525844574,momentum_factor,0.21552304923534393
2021-11-15,600096.SH,cp,2,cn_a,SIZE_SMALL,-0.022324642588058986,-0.014501516834616021,-0.022324642588058986,0.5394694209098816,0,quality_factor,0.5435510873794556,volatility_factor,0.37358346581459045,value_factor,0.06386961042881012
2021-11-16,600023.SH,cp,2,cn_a,SIZE_SMALL,0.012391475958662813,0.010483851902816449,0.012391475958662813,0.18195827305316925,1,volatility_factor,0.4391702115535736,quality_factor,0.3014344871044159,value_factor,0.15247005224227905
2021-11-16,600062.SH,cp,2,cn_a,SIZE_SMALL,0.007971221096857543,0.006744079699855115,0.007971221096857543,0.18195827305316925,0,quality_factor,0.5453665256500244,volatility_factor,0.4247708320617676,value_factor,0.02363724634051323
2021-11-16,600004.SH,cp,2,cn_a,SIZE_SMALL,0.007859027979672561,0.006649158317688336,0.007859027979672561,0.18195827305316925,1,quality_factor,0.5400557518005371,volatility_factor,0.3508438467979431,value_factor,0.07992985099554062
2021-11-16,600098.SH,cp,2,cn_a,SIZE_SMALL,0.005453626530616886,0.004614059944996897,0.005453626530616886,0.18195827305316925,0,volatility_factor,0.44029197096824646,quality_factor,0.3469553589820862,value_factor,0.12269092351198196
2021-11-16,600008.SH,cp,2,cn_a,SIZE_SMALL,0.0054007139165209665,0.004569293041375162,0.0054007139165209665,0.18195827305316925,0,quality_factor,0.5462338924407959,volatility_factor,0.4231626093387604,value_factor,0.02552444487810135
2021-11-16,600109.SH,cp,2,cn_a,SIZE_SMALL,0.0003969354790733805,0.00033582866088438783,0.0003969354790733805,0.18195827305316925,1,quality_factor,0.5057852268218994,value_factor,0.23739458620548248,momentum_factor,0.12892962992191315
2021-11-16,600061.SH,cp,2,cn_a,SIZE_SMALL,6.133075585424906e-05,5.1889102122191865e-05,6.133075585424906e-05,0.18195827305316925,1,value_factor,0.3354770541191101,quality_factor,0.31428262591362,momentum_factor,0.19762083888053894
2021-11-16,600060.SH,cp,2,cn_a,SIZE_SMALL,-0.00041890248262858897,-0.0003544139216547521,-0.00041890248262858897,0.18195827305316925,1,quality_factor,0.504331648349762,value_factor,0.24407312273979187,momentum_factor,0.13316069543361664
2021-11-16,600038.SH,cp,2,cn_a,SIZE_SMALL,-0.005397099406607438,-0.0045662349725251634,-0.005397099406607438,0.18195827305316925,1,volatility_factor,0.39072346687316895,value_factor,0.3475795388221741,momentum_factor,0.2155112624168396
2021-11-16,600007.SH,cp,2,cn_a,SIZE_SMALL,-0.005569111539318223,-0.004711766443581827,-0.005569111539318223,0.18195827305316925,0,quality_factor,0.5479585528373718,volatility_factor,0.40225690603256226,value_factor,0.04361846297979355
2021-11-16,600095.SH,cp,2,cn_a,SIZE_SMALL,-0.006103157428070998,-0.005163597849757291,-0.006103157428070998,0.18195827305316925,1,volatility_factor,0.4389948844909668,quality_factor,0.29432034492492676,value_factor,0.15712401270866394
2021-11-16,600096.SH,cp,2,cn_a,SIZE_SMALL,-0.026878169708073232,-0.022740370201114857,-0.026878169708073232,0.18195827305316925,0,quality_factor,0.54608553647995,volatility_factor,0.42343762516975403,value_factor,0.02520173043012619
2021-11-17,600023.SH,cp,2,cn_a,SIZE_SMALL,0.010774891221583835,0.008464292676222767,0.010774891221583835,0.27298182249069214,1,volatility_factor,0.437367707490921,quality_factor,0.2282884567975998,value_factor,0.20032119750976562
2021-11-17,600098.SH,cp,2,cn_a,SIZE_SMALL,0.004359096388051596,0.0034243192690822065,0.004359096388051596,0.27298182249069214,0,volatility_factor,0.43888694047927856,quality_factor,0.2899378836154938,value_factor,0.15999099612236023
2021-11-17,600060.SH,cp,2,cn_a,SIZE_SMALL,0.003469669662387923,0.002725623758821157,0.003469669662387923,0.27298182249069214,1,value_factor,0.33499935269355774,quality_factor,0.32486438751220703,momentum_factor,0.19691471755504608
2021-11-17,600062.SH,cp,2,cn_a,SIZE_SMALL,0.0032562288220447538,0.002557953783823678,0.0032562288220447538,0.27298182249069214,0,quality_factor,0.5298240780830383,volatility_factor,0.28427982330322266,value_factor,0.12694188952445984
2021-11-17,600008.SH,cp,2,cn_a,SIZE_SMALL,0.0021731998893085853,0.0017071726784763687,0.0021731998893085853,0.27298182249069214,0,quality_factor,0.529121994972229,volatility_factor,0.279712438583374,value_factor,0.13016769289970398
2021-11-17,600004.SH,cp,2,cn_a,SIZE_SMALL,0.0013315340735145602,0.0010459960917297943,0.0013315340735145602,0.27298182249069214,1,quality_factor,0.509200930595398,value_factor,0.22170035541057587,volatility_factor,0.15011195838451385
2021-11-17,600061.SH,cp,2,cn_a,SIZE_SMALL,0.00012609658186524887,9.905606956297998e-05,0.00012609658186524887,0.27298182249069214,1,value_factor,0.3417961895465851,volatility_factor,0.2769421637058258,momentum_factor,0.20696207880973816
2021-11-17,600007.SH,cp,2,cn_a,SIZE_SMALL,-0.0018840758197649287,-0.001480049202792837,-0.0018840758197649287,0.27298182249069214,0,quality_factor,0.5224314332008362,volatility_factor,0.23618541657924652,value_factor,0.16090942919254303
2021-11-17,600109.SH,cp,2,cn_a,SIZE_SMALL,-0.002342589270841721,-0.0018402377157055866,-0.002342589270841721,0.27298182249069214,1,value_factor,0.3346520662307739,quality_factor,0.33255812525749207,momentum_factor,0.19640131294727325
2021-11-17,600095.SH,cp,2,cn_a,SIZE_SMALL,-0.005372513477274444,-0.004220416294088373,-0.005372513477274444,0.27298182249069214,1,volatility_factor,0.4371507465839386,quality_factor,0.21948279440402985,value_factor,0.20608176290988922
2021-11-17,600038.SH,cp,2,cn_a,SIZE_SMALL,-0.007213208264860155,-0.0056663872175361715,-0.007213208264860155,0.27298182249069214,1,volatility_factor,0.39102476835250854,value_factor,0.34759488701820374,momentum_factor,0.21553389728069305
2021-11-17,600096.SH,cp,2,cn_a,SIZE_SMALL,-0.010843734592885792,-0.008518373077735349,-0.010843734592885792,0.27298182249069214,0,quality_factor,0.5292417407035828,volatility_factor,0.28049132227897644,value_factor,0.1296176165342331
2021-11-18,600023.SH,cp,2,cn_a,SIZE_SMALL,0.009538937470888964,0.008445697598722685,0.009538937470888964,0.12944339215755463,1,volatility_factor,0.438777893781662,quality_factor,0.28551390767097473,value_factor,0.16288508474826813
2021-11-18,600062.SH,cp,2,cn_a,SIZE_SMALL,0.005411778400159551,0.004791544548701954,0.005411778400159551,0.12944339215755463,0,quality_factor,0.5479658842086792,volatility_factor,0.40230467915534973,value_factor,0.04358472675085068
2021-11-18,600004.SH,cp,2,cn_a,SIZE_SMALL,0.004965234800268709,0.004396178479804596,0.004965234800268709,0.12944339215755463,1,quality_factor,0.5340240597724915,volatility_factor,0.31160372495651245,value_factor,0.10764391720294952
2021-11-18,600098.SH,cp,2,cn_a,SIZE_SMALL,0.0041226826145228405,0.0036501896321295864,0.0041226826145228405,0.12944339215755463,0,volatility_factor,0.44000443816185,quality_factor,0.33528846502304077,value_factor,0.13032323122024536
2021-11-18,600008.SH,cp,2,cn_a,SIZE_SMALL,0.0036601219930936886,0.003240642222725739,0.0036601219930936886,0.12944339215755463,0,quality_factor,0.5475023984909058,volatility_factor,0.39928919076919556,value_factor,0.04571449011564255
2021-11-18,600060.SH,cp,2,cn_a,SIZE_SMALL,0.00043329758606801467,0.00038363815606875205,0.00043329758606801467,0.12944339215755463,1,quality_factor,0.4940774440765381,value_factor,0.2911888360977173,momentum_factor,0.16301004588603973
2021-11-18,600061.SH,cp,2,cn_a,SIZE_SMALL,6.155662350087017e-05,5.450173343450227e-05,6.155662350087017e-05,0.12944339215755463,1,value_factor,0.3374673128128052,quality_factor,0.27019357681274414,momentum_factor,0.2005629539489746
2021-11-18,600109.SH,cp,2,cn_a,SIZE_SMALL,-0.00022426488776994217,-0.00019856230632570634,-0.00022426488776994217,0.12944339215755463,1,quality_factor,0.4956764578819275,value_factor,0.2838415801525116,momentum_factor,0.15835531055927277
2021-11-18,600007.SH,cp,2,cn_a,SIZE_SMALL,-0.0037038951985366663,-0.0032793986625521236,-0.0037038951985366663,0.12944339215755463,0,quality_factor,0.5430464148521423,volatility_factor,0.37030029296875,value_factor,0.06618840247392654
2021-11-18,600038.SH,cp,2,cn_a,SIZE_SMALL,-0.004651478740562253,-0.004118381418220487,-0.004651478740562253,0.12944339215755463,1,volatility_factor,0.39081546664237976,value_factor,0.34758421778678894,momentum_factor,0.21551816165447235
2021-11-18,600095.SH,cp,2,cn_a,SIZE_SMALL,-0.004711126053357455,-0.004171192663496189,-0.004711126053357455,0.12944339215755463,1,volatility_factor,0.43858984112739563,quality_factor,0.27788203954696655,value_factor,0.16787777841091156
2021-11-18,600096.SH,cp,2,cn_a,SIZE_SMALL,-0.018221183095031856,-0.016132887209004354,-0.018221183095031856,0.12944339215755463,0,quality_factor,0.5475814938545227,volatility_factor,0.3998037874698639,value_factor,0.0453510545194149
2021-11-19,600004.SH,cp,2,cn_a,SIZE_SMALL,0.016986881573457034,0.012824652437215776,0.016986881573457034,0.3245491087436676,1,volatility_factor,0.44241011142730713,quality_factor,0.43291300535202026,value_factor,0.0664585754275322
2021-11-19,600062.SH,cp,2,cn_a,SIZE_SMALL,0.013764762494956995,0.010392036591017506,0.013764762494956995,0.3245491087436676,0,volatility_factor,0.44236162304878235,quality_factor,0.43094387650489807,value_factor,0.06774675101041794
2021-11-19,600023.SH,cp,2,cn_a,SIZE_SMALL,0.011011219356687207,0.008313183355567313,0.011011219356687207,0.3245491087436676,1,volatility_factor,0.4421328902244568,quality_factor,0.4216626286506653,value_factor,0.0738183930516243
2021-11-19,600008.SH,cp,2,cn_a,SIZE_SMALL,0.009385953951235532,0.007086150374086039,0.009385953951235532,0.3245491087436676,0,volatility_factor,0.44236311316490173,quality_factor,0.43100646138191223,value_factor,0.06770578771829605
2021-11-19,600098.SH,cp,2,cn_a,SIZE_SMALL,0.005542567280815417,0.004184493703506518,0.005542567280815417,0.3245491087436676,0,volatility_factor,0.44219228625297546,quality_factor,0.4240722060203552,value_factor,0.0722421258687973
2021-11-19,600109.SH,cp,2,cn_a,SIZE_SMALL,0.005239149094498126,0.0039554208883566255,0.005239149094498126,0.3245491087436676,1,volatility_factor,0.4425707459449768,quality_factor,0.4394313395023346,value_factor,0.0621943436563015
2021-11-19,600061.SH,cp,2,cn_a,SIZE_SMALL,-7.77942380045173e-05,-5.873262021117019e-05,-7.77942380045173e-05,0.3245491087436676,1,quality_factor,0.45385992527008057,volatility_factor,0.4429263174533844,value_factor,0.05275536701083183
2021-11-19,600038.SH,cp,2,cn_a,SIZE_SMALL,-0.00021407795445136437,-0.00016162327078319183,-0.00021407795445136437,0.3245491087436676,1,volatility_factor,0.3729335367679596,value_factor,0.346675306558609,momentum_factor,0.2141745686531067
2021-11-19,600095.SH,cp,2,cn_a,SIZE_SMALL,-0.0053041316455841045,-0.004004481019173308,-0.0053041316455841045,0.3245491087436676,1,volatility_factor,0.44212228059768677,quality_factor,0.42123115062713623,value_factor,0.07410069555044174
2021-11-19,600060.SH,cp,2,cn_a,SIZE_SMALL,-0.007342476238010308,-0.0055433780104840145,-0.007342476238010308,0.3245491087436676,1,volatility_factor,0.4425784945487976,quality_factor,0.43974569439888,value_factor,0.061988715082407
2021-11-19,600007.SH,cp,2,cn_a,SIZE_SMALL,-0.010327447427939057,-0.007796953387482885,-0.010327447427939057,0.3245491087436676,0,volatility_factor,0.4423782229423523,quality_factor,0.4316180646419525,value_factor,0.06730568408966064
2021-11-19,600096.SH,cp,2,cn_a,SIZE_SMALL,-0.0466605764472604,-0.03522751794486481,-0.0466605764472604,0.3245491087436676,0,volatility_factor,0.442362904548645,quality_factor,0.43099579215049744,value_factor,0.06771279126405716
2021-11-22,600004.SH,cp,2,cn_a,SIZE_SMALL,0.032003062633216985,0.016928552633821134,0.032003062633216985,0.8904784321784973,1,volatility_factor,0.4331372380256653,value_factor,0.31262996792793274,momentum_factor,0.1976212114095688
2021-11-22,600038.SH,cp,2,cn_a,SIZE_SMALL,0.02372100517806472,0.012547620497646315,0.02372100517806472,0.8904784321784973,1,volatility_factor,0.3913886547088623,value_factor,0.3476133942604065,momentum_factor,0.21556124091148376
2021-11-22,600109.SH,cp,2,cn_a,SIZE_SMALL,0.01910016068267029,0.010103347893192643,0.01910016068267029,0.8904784321784973,1,volatility_factor,0.43191441893577576,value_factor,0.34509244561195374,momentum_factor,0.21600420773029327
2021-11-22,600062.SH,cp,2,cn_a,SIZE_SMALL,0.018633869161538648,0.009856695232206739,0.018633869161538648,0.8904784321784973,0,volatility_factor,0.43409669399261475,value_factor,0.28715983033180237,momentum_factor,0.18319790065288544
2021-11-22,600008.SH,cp,2,cn_a,SIZE_SMALL,0.012864227761766524,0.006804747384786057,0.012864227761766524,0.8904784321784973,0,volatility_factor,0.434055358171463,value_factor,0.28825685381889343,momentum_factor,0.18381913006305695
2021-11-22,600095.SH,cp,2,cn_a,SIZE_SMALL,0.006623399005266262,0.0035035571426551802,0.006623399005266262,0.8904784321784973,1,value_factor,0.34271568059921265,volatility_factor,0.29503166675567627,momentum_factor,0.20832127332687378
2021-11-22,600061.SH,cp,2,cn_a,SIZE_SMALL,-0.0005897144048265259,-0.0003119392495475313,-0.0005897144048265259,0.8904784321784973,1,volatility_factor,0.41355836391448975,value_factor,0.34874024987220764,momentum_factor,0.2172270268201828
2021-11-22,600098.SH,cp,2,cn_a,SIZE_SMALL,-0.0027142938421306933,-0.0014357709040782258,-0.0027142938421306933,0.8904784321784973,0,value_factor,0.33794891834259033,quality_factor,0.259524941444397,momentum_factor,0.20127488672733307
2021-11-22,600023.SH,cp,2,cn_a,SIZE_SMALL,-0.012481861939304603,-0.006602488618957736,-0.012481861939304603,0.8904784321784973,1,value_factor,0.34231698513031006,volatility_factor,0.2871876657009125,momentum_factor,0.20773187279701233
2021-11-22,600007.SH,cp,2,cn_a,SIZE_SMALL,-0.015854606219565276,-0.008386557841431167,-0.015854606219565276,0.8904784321784973,0,volatility_factor,0.4336971342563629,value_factor,0.2977665364742279,momentum_factor,0.18920432031154633
2021-11-22,600060.SH,cp,2,cn_a,SIZE_SMALL,-0.02739376518819682,-0.014490388033850235,-0.02739376518819682,0.8904784321784973,1,volatility_factor,0.4318840205669403,value_factor,0.34590014815330505,momentum_factor,0.21646159887313843
2021-11-22,600096.SH,cp,2,cn_a,SIZE_SMALL,-0.0638178837062802,-0.03375753176133578,-0.0638178837062802,0.8904784321784973,0,volatility_factor,0.4340623617172241,value_factor,0.28807124495506287,momentum_factor,0.18371400237083435
2021-11-23,600004.SH,cp,2,cn_a,SIZE_SMALL,0.02864014740942985,0.020034006363151863,0.02864014740942985,0.42957666516304016,1,volatility_factor,0.373649924993515,value_factor,0.3467117249965668,momentum_factor,0.21422839164733887
2021-11-23,600038.SH,cp,2,cn_a,SIZE_SMALL,0.027442631722315303,0.019196334805367636,0.027442631722315303,0.42957666516304016,1,volatility_factor,0.39131611585617065,value_factor,0.3476096987724304,momentum_factor,0.21555577218532562
2021-11-23,600109.SH,cp,2,cn_a,SIZE_SMALL,0.019470593783091232,0.013619832124759312,0.019470593783091232,0.42957666516304016,1,volatility_factor,0.3830185532569885,value_factor,0.34718793630599976,momentum_factor,0.21493233740329742
2021-11-23,600062.SH,cp,2,cn_a,SIZE_SMALL,0.014795693253469607,0.010349702763389305,0.014795693253469607,0.42957666516304016,0,volatility_factor,0.3642711341381073,value_factor,0.3462350070476532,momentum_factor,0.21352370083332062
2021-11-23,600008.SH,cp,2,cn_a,SIZE_SMALL,0.010271156121260847,0.007184753770593893,0.010271156121260847,0.42957666516304016,0,volatility_factor,0.36472174525260925,value_factor,0.3462579548358917,momentum_factor,0.21355758607387543
2021-11-23,600095.SH,cp,2,cn_a,SIZE_SMALL,0.010207649482283476,0.007140330381594291,0.010207649482283476,0.42957666516304016,1,volatility_factor,0.40741315484046936,value_factor,0.3484278619289398,momentum_factor,0.21676525473594666
2021-11-23,600061.SH,cp,2,cn_a,SIZE_SMALL,-0.0006418991641966613,-0.00044901346896642175,-0.0006418991641966613,0.42957666516304016,1,volatility_factor,0.38741591572761536,value_factor,0.34741145372390747,momentum_factor,0.21526272594928741
2021-11-23,600098.SH,cp,2,cn_a,SIZE_SMALL,-0.005818072695886625,-0.004069787202711648,-0.005818072695886625,0.42957666516304016,0,volatility_factor,0.42186152935028076,value_factor,0.3491622805595398,momentum_factor,0.21785087883472443
2021-11-23,600007.SH,cp,2,cn_a,SIZE_SMALL,-0.013260694388951662,-0.009275959092326421,-0.013260694388951662,0.42957666516304016,0,volatility_factor,0.36844000220298767,value_factor,0.3464469313621521,momentum_factor,0.2138369381427765
2021-11-23,600023.SH,cp,2,cn_a,SIZE_SMALL,-0.019729256318088115,-0.013800768584266862,-0.019729256318088115,0.42957666516304016,1,volatility_factor,0.4086656868457794,value_factor,0.34849151968955994,momentum_factor,0.216859370470047
2021-11-23,600060.SH,cp,2,cn_a,SIZE_SMALL,-0.028008323099697363,-0.01959204033341673,-0.028008323099697363,0.42957666516304016,1,volatility_factor,0.383222758769989,value_factor,0.34719833731651306,momentum_factor,0.2149476706981659
2021-11-23,600096.SH,cp,2,cn_a,SIZE_SMALL,-0.05090641309170338,-0.035609432773681574,-0.05090641309170338,0.42957666516304016,0,volatility_factor,0.3646458089351654,value_factor,0.34625405073165894,momentum_factor,0.2135518491268158
2021-11-24,600038.SH,cp,2,cn_a,SIZE_SMALL,0.030158559499911145,0.02351509357435129,0.030158559499911145,0.28251922130584717,1,volatility_factor,0.39128997921943665,value_factor,0.3476083278656006,momentum_factor,0.21555383503437042
2021-11-24,600004.SH,cp,2,cn_a,SIZE_SMALL,0.028156188995475454,0.02195381443625237,0.028156188995475454,0.28251922130584717,1,value_factor,0.34448012709617615,volatility_factor,0.32974523305892944,momentum_factor,0.2109295278787613
2021-11-24,600109.SH,cp,2,cn_a,SIZE_SMALL,0.020358077128056772,0.015873506447200376,0.020358077128056772,0.28251922130584717,1,volatility_factor,0.36263328790664673,value_factor,0.34615176916122437,momentum_factor,0.21340064704418182
2021-11-24,600062.SH,cp,2,cn_a,SIZE_SMALL,0.013583680521790802,0.010591405022343483,0.013583680521790802,0.28251922130584717,0,value_factor,0.34277716279029846,volatility_factor,0.29624098539352417,momentum_factor,0.20841214060783386
2021-11-24,600095.SH,cp,2,cn_a,SIZE_SMALL,0.012225236264146767,0.009532205101533811,0.012225236264146767,0.28251922130584717,1,volatility_factor,0.43211662769317627,value_factor,0.3397257328033447,momentum_factor,0.21296511590480804
2021-11-24,600008.SH,cp,2,cn_a,SIZE_SMALL,0.00946246613586239,0.007378030659242526,0.00946246613586239,0.28251922130584717,0,value_factor,0.3428596258163452,volatility_factor,0.29786416888237,momentum_factor,0.20853407680988312
2021-11-24,600061.SH,cp,2,cn_a,SIZE_SMALL,-0.0006894609139822238,-0.0005375832989701489,-0.0006894609139822238,0.28251922130584717,1,volatility_factor,0.3778747320175171,value_factor,0.3469264805316925,momentum_factor,0.2145458459854126
2021-11-24,600098.SH,cp,2,cn_a,SIZE_SMALL,-0.00745381061669138,-0.0058118509983047205,-0.00745381061669138,0.28251922130584717,0,volatility_factor,0.43323859572410583,value_factor,0.30993950366973877,momentum_factor,0.19609765708446503
2021-11-24,600007.SH,cp,2,cn_a,SIZE_SMALL,-0.012561840866075103,-0.009794660896610012,-0.012561840866075103,0.28251922130584717,0,value_factor,0.3435378074645996,volatility_factor,0.31120628118515015,momentum_factor,0.2095365971326828
2021-11-24,600023.SH,cp,2,cn_a,SIZE_SMALL,-0.023775261783113486,-0.01853793798030237,-0.023775261783113486,0.28251922130584717,1,volatility_factor,0.43222424387931824,value_factor,0.336868017911911,momentum_factor,0.2113468497991562
2021-11-24,600060.SH,cp,2,cn_a,SIZE_SMALL,-0.029322369343596257,-0.022863103224090894,-0.029322369343596257,0.28251922130584717,1,volatility_factor,0.36334389448165894,value_factor,0.34618788957595825,momentum_factor,0.21345403790473938
2021-11-24,600096.SH,cp,2,cn_a,SIZE_SMALL,-0.04687107077038659,-0.036546096145571194,-0.04687107077038659,0.28251922130584717,0,value_factor,0.34284576773643494,volatility_factor,0.29759079217910767,momentum_factor,0.2085135579109192
2021-11-25,600004.SH,cp,2,cn_a,SIZE_SMALL,0.030680618172566586,0.019538155282048074,0.030680618172566586,0.5702924132347107,1,volatility_factor,0.43240025639533997,value_factor,0.3321959674358368,momentum_factor,0.20870113372802734
2021-11-25,600038.SH,cp,2,cn_a,SIZE_SMALL,0.024306797782306266,0.015479153216824283,0.024306797782306266,0.5702924132347107,1,volatility_factor,0.39136800169944763,value_factor,0.34761232137680054,momentum_factor,0.2155596911907196
2021-11-25,600109.SH,cp,2,cn_a,SIZE_SMALL,0.0189100289012954,0.012042361043164689,0.0189100289012954,0.5702924132347107,1,volatility_factor,0.4226151406764984,value_factor,0.349200576543808,momentum_factor,0.21790750324726105
2021-11-25,600062.SH,cp,2,cn_a,SIZE_SMALL,0.01739008166194827,0.011074422098263037,0.01739008166194827,0.5702924132347107,0,volatility_factor,0.43316900730133057,value_factor,0.3117867708206177,momentum_factor,0.19714373350143433
2021-11-25,600008.SH,cp,2,cn_a,SIZE_SMALL,0.012019840664849719,0.007654523518867671,0.012019840664849719,0.5702924132347107,0,volatility_factor,0.4331349730491638,value_factor,0.312691330909729,momentum_factor,0.19765597581863403
2021-11-25,600095.SH,cp,2,cn_a,SIZE_SMALL,0.007428332550308664,0.0047305407615416874,0.007428332550308664,0.5702924132347107,1,value_factor,0.3443901240825653,volatility_factor,0.32797476649284363,momentum_factor,0.2107965052127838
2021-11-25,600061.SH,cp,2,cn_a,SIZE_SMALL,-0.0005941126025968167,-0.00037834518911152915,-0.0005941126025968167,0.5702924132347107,1,volatility_factor,0.4061722159385681,value_factor,0.34836477041244507,momentum_factor,0.21667201817035675
2021-11-25,600098.SH,cp,2,cn_a,SIZE_SMALL,-0.003456166066668699,-0.002200969645112903,-0.003456166066668699,0.5702924132347107,0,value_factor,0.34132760763168335,volatility_factor,0.2677222490310669,momentum_factor,0.20626932382583618
2021-11-25,600023.SH,cp,2,cn_a,SIZE_SMALL,-0.014122963359979021,-0.008993842614836142,-0.014122963359979021,0.5702924132347107,1,value_factor,0.3441312313079834,volatility_factor,0.32288119196891785,momentum_factor,0.21041379868984222
2021-11-25,600007.SH,cp,2,cn_a,SIZE_SMALL,-0.014965624674957925,-0.009530469599652053,-0.014965624674957925,0.5702924132347107,0,volatility_factor,0.43284326791763306,value_factor,0.3204345703125,momentum_factor,0.20204085111618042
2021-11-25,600060.SH,cp,2,cn_a,SIZE_SMALL,-0.02714206090729968,-0.017284716940801623,-0.02714206090729968,0.5702924132347107,1,volatility_factor,0.42185720801353455,value_factor,0.3491620421409607,momentum_factor,0.21785055100917816
2021-11-25,600096.SH,cp,2,cn_a,SIZE_SMALL,-0.059616997213530254,-0.037965537149734024,-0.059616997213530254,0.5702924132347107,0,volatility_factor,0.43314069509506226,value_factor,0.31253841519355774,momentum_factor,0.19756938517093658
2021-11-26,600004.SH,cp,2,cn_a,SIZE_SMALL,0.0403210931105337,0.026343329846135244,0.0403210931105337,0.5305997133255005,1,volatility_factor,0.3806808292865753,value_factor,0.34706911444664,momentum_factor,0.21475669741630554
2021-11-26,600038.SH,cp,2,cn_a,SIZE_SMALL,0.03798165953557849,0.024814887396690133,0.03798165953557849,0.5305997133255005,1,volatility_factor,0.3913203775882721,value_factor,0.34760990738868713,momentum_factor,0.2155561000108719
2021-11-26,600109.SH,cp,2,cn_a,SIZE_SMALL,0.02716169293232646,0.017745784672409774,0.02716169293232646,0.5305997133255005,1,volatility_factor,0.38631609082221985,value_factor,0.34735551476478577,momentum_factor,0.21518009901046753
2021-11-26,600062.SH,cp,2,cn_a,SIZE_SMALL,0.021027866178267678,0.013738318382786635,0.021027866178267678,0.5305997133255005,0,volatility_factor,0.3750551640987396,value_factor,0.3467831611633301,momentum_factor,0.21433399617671967
2021-11-26,600008.SH,cp,2,cn_a,SIZE_SMALL,0.014590806279562572,0.009532738149977467,0.014590806279562572,0.5305997133255005,0,volatility_factor,0.3753250539302826,value_factor,0.3467968702316284,momentum_factor,0.2143542617559433
2021-11-26,600095.SH,cp,2,cn_a,SIZE_SMALL,0.013920738718793712,0.009094957092699585,0.013920738718793712,0.5305997133255005,1,volatility_factor,0.40106400847435,value_factor,0.34810516238212585,momentum_factor,0.21628820896148682
2021-11-26,600061.SH,cp,2,cn_a,SIZE_SMALL,-0.0008916945127073571,-0.000582578518043749,-0.0008916945127073571,0.5305997133255005,1,volatility_factor,0.3889666199684143,value_factor,0.34749025106430054,momentum_factor,0.2153792381286621
2021-11-26,600098.SH,cp,2,cn_a,SIZE_SMALL,-0.00783458938547057,-0.005118640306320539,-0.00783458938547057,0.5305997133255005,0,volatility_factor,0.4098498523235321,value_factor,0.3485517203807831,momentum_factor,0.21694834530353546
2021-11-26,600007.SH,cp,2,cn_a,SIZE_SMALL,-0.01876667698124283,-0.012260996012124478,-0.01876667698124283,0.5305997133255005,0,volatility_factor,0.3775538206100464,value_factor,0.34691017866134644,momentum_factor,0.21452173590660095
2021-11-26,600023.SH,cp,2,cn_a,SIZE_SMALL,-0.026875787184630056,-0.017558991387916584,-0.026875787184630056,0.5305997133255005,1,volatility_factor,0.40182414650917053,value_factor,0.3481438159942627,momentum_factor,0.21634534001350403
2021-11-26,600060.SH,cp,2,cn_a,SIZE_SMALL,-0.03906423119006255,-0.025522173335044307,-0.03906423119006255,0.5305997133255005,1,volatility_factor,0.38643914461135864,value_factor,0.34736180305480957,momentum_factor,0.2151893526315689
2021-11-26,600096.SH,cp,2,cn_a,SIZE_SMALL,-0.0723212826858088,-0.04725029154009047,-0.0723212826858088,0.5305997133255005,0,volatility_factor,0.37527957558631897,value_factor,0.3467945456504822,momentum_factor,0.2143508493900299
2021-11-29,600004.SH,cp,2,cn_a,SIZE_SMALL,0.029316736889001778,0.024775387273858432,0.029316736889001778,0.18330086767673492,1,volatility_factor,0.4081173241138458,value_factor,0.34846368432044983,momentum_factor,0.2168181836605072
2021-11-29,600038.SH,cp,2,cn_a,SIZE_SMALL,0.025884902407927724,0.021875165852548478,0.025884902407927724,0.18330086767673492,1,volatility_factor,0.39133721590042114,value_factor,0.3476107716560364,momentum_factor,0.21555738151073456
2021-11-29,600109.SH,cp,2,cn_a,SIZE_SMALL,0.019086563715226882,0.016129933203763915,0.019086563715226882,0.18330086767673492,1,volatility_factor,0.3992730379104614,value_factor,0.34801411628723145,momentum_factor,0.21615365147590637
2021-11-29,600062.SH,cp,2,cn_a,SIZE_SMALL,0.01581265329373739,0.013363172397490394,0.01581265329373739,0.18330086767673492,0,volatility_factor,0.416850745677948,value_factor,0.34890758991241455,momentum_factor,0.21747438609600067
2021-11-29,600008.SH,cp,2,cn_a,SIZE_SMALL,0.010954449940295383,0.009257535743847738,0.010954449940295383,0.18330086767673492,0,volatility_factor,0.4164339005947113,value_factor,0.3488864004611969,momentum_factor,0.2174430787563324
2021-11-29,600095.SH,cp,2,cn_a,SIZE_SMALL,0.008929328067980608,0.0075461181719220435,0.008929328067980608,0.18330086767673492,1,volatility_factor,0.37566033005714417,value_factor,0.34681394696235657,momentum_factor,0.2143794596195221
2021-11-29,600061.SH,cp,2,cn_a,SIZE_SMALL,-0.0006165396871568601,-0.0005210337554567737,-0.0006165396871568601,0.18330086767673492,1,volatility_factor,0.39507952332496643,value_factor,0.34780099987983704,momentum_factor,0.21583856642246246
2021-11-29,600098.SH,cp,2,cn_a,SIZE_SMALL,-0.004752440019291452,-0.004016256734831244,-0.004752440019291452,0.18330086767673492,0,volatility_factor,0.3612631857395172,value_factor,0.3460821211338043,momentum_factor,0.21329770982265472
2021-11-29,600007.SH,cp,2,cn_a,SIZE_SMALL,-0.013903359961986283,-0.011749640786089428,-0.013903359961986283,0.18330086767673492,0,volatility_factor,0.4129835069179535,value_factor,0.3487110435962677,momentum_factor,0.21718381345272064
2021-11-29,600023.SH,cp,2,cn_a,SIZE_SMALL,-0.017156934372816304,-0.014499215759519367,-0.017156934372816304,0.18330086767673492,1,volatility_factor,0.37442463636398315,value_factor,0.3467511236667633,momentum_factor,0.21428661048412323
2021-11-29,600060.SH,cp,2,cn_a,SIZE_SMALL,-0.027429945369323246,-0.023180871800255215,-0.027429945369323246,0.18330086767673492,1,volatility_factor,0.399078905582428,value_factor,0.3480042517185211,momentum_factor,0.2161390483379364
2021-11-29,600096.SH,cp,2,cn_a,SIZE_SMALL,-0.054311909637077195,-0.04589864826825918,-0.054311909637077195,0.18330086767673492,0,volatility_factor,0.4165040850639343,value_factor,0.34888994693756104,momentum_factor,0.21744832396507263
2021-11-30,600004.SH,cp,2,cn_a,SIZE_SMALL,0.02691675383407449,0.021549437070328775,0.02691675383407449,0.24906986951828003,1,volatility_factor,0.43212106823921204,value_factor,0.33960679173469543,momentum_factor,0.21289776265621185
2021-11-30,600038.SH,cp,2,cn_a,SIZE_SMALL,0.021837454130289306,0.01748297162643503,0.021837454130289306,0.24906986951828003,1,volatility_factor,0.39136096835136414,value_factor,0.3476119637489319,momentum_factor,0.21555916965007782
2021-11-30,600109.SH,cp,2,cn_a,SIZE_SMALL,0.016786277147662107,0.01343902111185171,0.016786277147662107,0.24906986951828003,1,volatility_factor,0.41731682419776917,value_factor,0.3489312529563904,momentum_factor,0.21750938892364502
2021-11-30,600062.SH,cp,2,cn_a,SIZE_SMALL,0.015101603417280583,0.012090278586631788,0.015101603417280583,0.24906986951828003,0,volatility_factor,0.4328027665615082,value_factor,0.32150939106941223,momentum_factor,0.20264950394630432
2021-11-30,600008.SH,cp,2,cn_a,SIZE_SMALL,0.010442871555710633,0.00836051794397407,0.010442871555710633,0.24906986951828003,0,volatility_factor,0.4327722489833832,value_factor,0.3223204016685486,momentum_factor,0.2031087577342987
2021-11-30,600095.SH,cp,2,cn_a,SIZE_SMALL,0.006870092068784475,0.005500166090467436,0.006870092068784475,0.24906986951828003,1,value_factor,0.34495168924331665,volatility_factor,0.33902308344841003,momentum_factor,0.21162664890289307
2021-11-30,600061.SH,cp,2,cn_a,SIZE_SMALL,-0.0005306434848079827,-0.00042483088611427176,-0.0005306434848079827,0.24906986951828003,1,volatility_factor,0.40364521741867065,value_factor,0.3482363522052765,momentum_factor,0.21648214757442474
2021-11-30,600098.SH,cp,2,cn_a,SIZE_SMALL,-0.003311711611938677,-0.0026513420383629787,-0.003311711611938677,0.24906986951828003,0,value_factor,0.34244322776794434,volatility_factor,0.289672315120697,momentum_factor,0.20791856944561005
2021-11-30,600007.SH,cp,2,cn_a,SIZE_SMALL,-0.013053120404013274,-0.010450271918065426,-0.013053120404013274,0.24906986951828003,0,volatility_factor,0.4325120449066162,value_factor,0.32922878861427307,momentum_factor,0.2070208638906479
2021-11-30,600023.SH,cp,2,cn_a,SIZE_SMALL,-0.013096369471375897,-0.010484896934931369,-0.013096369471375897,0.24906986951828003,1,value_factor,0.3447388708591461,volatility_factor,0.33483633399009705,momentum_factor,0.21131207048892975
2021-11-30,600060.SH,cp,2,cn_a,SIZE_SMALL,-0.024100435762583822,-0.019294704964602526,-0.024100435762583822,0.24906986951828003,1,volatility_factor,0.4166859984397888,value_factor,0.3488991856575012,momentum_factor,0.2174619883298874
2021-11-30,600096.SH,cp,2,cn_a,SIZE_SMALL,-0.051791391080250646,-0.0414639644047933,-0.051791391080250646,0.24906986951828003,0,volatility_factor,0.43277737498283386,value_factor,0.32218337059020996,momentum_factor,0.20303116738796234
2021-12-01,600004.SH,cp,2,cn_a,SIZE_SMALL,0.013885916953151809,0.009412813779186065,0.013885916953151809,0.47521427273750305,1,volatility_factor,0.3683944642543793,value_factor,0.34644460678100586,momentum_factor,0.2138335257768631
2021-12-01,600038.SH,cp,2,cn_a,SIZE_SMALL,0.013477859605696233,0.009136204907349472,0.013477859605696233,0.47521427273750305,1,volatility_factor,0.39131292700767517,value_factor,0.3476095199584961,momentum_factor,0.21555553376674652
2021-12-01,600109.SH,cp,2,cn_a,SIZE_SMALL,0.009506156145580424,0.006443915648934061,0.009506156145580424,0.47521427273750305,1,volatility_factor,0.38055962324142456,value_factor,0.34706294536590576,momentum_factor,0.2147475779056549
2021-12-01,600062.SH,cp,2,cn_a,SIZE_SMALL,0.0071213544957645985,0.004827335778425984,0.0071213544957645985,0.47521427273750305,0,volatility_factor,0.3561904728412628,value_factor,0.34582430124282837,momentum_factor,0.2129165530204773
2021-12-01,600095.SH,cp,2,cn_a,SIZE_SMALL,0.005067933579016523,0.003435388183978646,0.005067933579016523,0.47521427273750305,1,volatility_factor,0.41211748123168945,value_factor,0.3486669957637787,momentum_factor,0.2171187400817871
2021-12-01,600008.SH,cp,2,cn_a,SIZE_SMALL,0.004945411343737272,0.00335233432528252,0.004945411343737272,0.47521427273750305,0,volatility_factor,0.3567773997783661,value_factor,0.34585413336753845,momentum_factor,0.21296066045761108
2021-12-01,600061.SH,cp,2,cn_a,SIZE_SMALL,-0.00031438861866435285,-0.00021311387154100757,-0.00031438861866435285,0.47521427273750305,1,volatility_factor,0.3862609267234802,value_factor,0.3473527431488037,momentum_factor,0.21517597138881683
2021-12-01,600098.SH,cp,2,cn_a,SIZE_SMALL,-0.0029149402676905897,-0.0019759436852309926,-0.0029149402676905897,0.47521427273750305,0,volatility_factor,0.43072786927223206,value_factor,0.34961292147636414,momentum_factor,0.21851705014705658
2021-12-01,600007.SH,cp,2,cn_a,SIZE_SMALL,-0.006403563745098511,-0.004340768654970122,-0.006403563745098511,0.47521427273750305,0,volatility_factor,0.361618310213089,value_factor,0.34610018134117126,momentum_factor,0.2133243829011917
2021-12-01,600023.SH,cp,2,cn_a,SIZE_SMALL,-0.009803204288802516,-0.006645274973279429,-0.009803204288802516,0.47521427273750305,1,volatility_factor,0.4137331545352936,value_factor,0.3487491011619568,momentum_factor,0.2172401398420334
2021-12-01,600060.SH,cp,2,cn_a,SIZE_SMALL,-0.013676574013997965,-0.009270906974695538,-0.013676574013997965,0.47521427273750305,1,volatility_factor,0.3808245360851288,value_factor,0.3470763862133026,momentum_factor,0.2147674709558487
2021-12-01,600096.SH,cp,2,cn_a,SIZE_SMALL,-0.024509212841082848,-0.016614002310822155,-0.024509212841082848,0.47521427273750305,0,volatility_factor,0.3566785156726837,value_factor,0.34584909677505493,momentum_factor,0.21295320987701416
2021-12-02,600004.SH,cp,2,cn_a,SIZE_SMALL,0.011330938398678134,0.010728410680176478,0.011330938398678134,0.056161899119615555,1,volatility_factor,0.4039876461029053,value_factor,0.3482537269592285,momentum_factor,0.21650788187980652
2021-12-02,600038.SH,cp,2,cn_a,SIZE_SMALL,0.010100661953154053,0.009563554735035174,0.010100661953154053,0.056161899119615555,1,volatility_factor,0.3913346827030182,value_factor,0.3476106524467468,momentum_factor,0.21555718779563904
2021-12-02,600109.SH,cp,2,cn_a,SIZE_SMALL,0.00741374774720004,0.007019518394034696,0.00741374774720004,0.056161899119615555,1,volatility_factor,0.3973136842250824,value_factor,0.34791454672813416,momentum_factor,0.21600642800331116
2021-12-02,600062.SH,cp,2,cn_a,SIZE_SMALL,0.006082517175807427,0.005759076603832035,0.006082517175807427,0.056161899119615555,0,volatility_factor,0.41058871150016785,value_factor,0.3485892713069916,momentum_factor,0.21700386703014374
2021-12-02,600008.SH,cp,2,cn_a,SIZE_SMALL,0.00421470046824809,0.003990581885307277,0.00421470046824809,0.056161899119615555,0,volatility_factor,0.41027337312698364,value_factor,0.348573237657547,momentum_factor,0.21698017418384552
2021-12-02,600095.SH,cp,2,cn_a,SIZE_SMALL,0.0035174034446258315,0.0033303639428677503,0.0035174034446258315,0.056161899119615555,1,volatility_factor,0.3795493543148041,value_factor,0.34701162576675415,momentum_factor,0.21467167139053345
2021-12-02,600061.SH,cp,2,cn_a,SIZE_SMALL,-0.0002400588559803348,-0.00022729361891781375,-0.0002400588559803348,0.056161899119615555,1,volatility_factor,0.39415305852890015,value_factor,0.3477538824081421,momentum_factor,0.2157689481973648
2021-12-02,600098.SH,cp,2,cn_a,SIZE_SMALL,-0.0018892465364310938,-0.0017887850066591396,-0.0018892465364310938,0.056161899119615555,0,volatility_factor,0.36875638365745544,value_factor,0.34646299481391907,momentum_factor,0.21386072039604187
2021-12-02,600007.SH,cp,2,cn_a,SIZE_SMALL,-0.005359304100800719,-0.005074320707634559,-0.005359304100800719,0.056161899119615555,0,volatility_factor,0.40766432881355286,value_factor,0.34844064712524414,momentum_factor,0.21678414940834045
2021-12-02,600023.SH,cp,2,cn_a,SIZE_SMALL,-0.006763567958315131,-0.006403912206296398,-0.006763567958315131,0.056161899119615555,1,volatility_factor,0.3786218464374542,value_factor,0.34696444869041443,momentum_factor,0.21460196375846863
2021-12-02,600060.SH,cp,2,cn_a,SIZE_SMALL,-0.01065572822390197,-0.010089105108514601,-0.01065572822390197,0.056161899119615555,1,volatility_factor,0.39716729521751404,value_factor,0.34790706634521484,momentum_factor,0.2159954309463501
2021-12-02,600096.SH,cp,2,cn_a,SIZE_SMALL,-0.02089559614557971,-0.01978446347242027,-0.02089559614557971,0.056161899119615555,0,volatility_factor,0.4103265106678009,value_factor,0.3485759198665619,momentum_factor,0.21698415279388428
2021-12-03,600023.SH,cp,2,cn_a,SIZE_SMALL,0.007598755531162718,0.004534774232215953,0.007598755531162718,0.675663411617279,1,volatility_factor,0.4386766254901886,quality_factor,0.2814032733440399,value_factor,0.16557422280311584
2021-12-03,600062.SH,cp,2,cn_a,SIZE_SMALL,0.004163236816710863,0.0024845303894313314,0.004163236816710863,0.675663411617279,0,quality_factor,0.5468134880065918,volatility_factor,0.39480769634246826,value_factor,0.04887959361076355
2021-12-03,600004.SH,cp,2,cn_a,SIZE_SMALL,0.0037340328907660638,0.002228390697114821,0.0037340328907660638,0.675663411617279,1,quality_factor,0.5324108004570007,volatility_factor,0.30110809206962585,value_factor,0.11505663394927979
2021-12-03,600098.SH,cp,2,cn_a,SIZE_SMALL,0.003268739385089001,0.0019507135180940466,0.003268739385089001,0.675663411617279,0,volatility_factor,0.4399286210536957,quality_factor,0.3322126865386963,value_factor,0.132335364818573
2021-12-03,600008.SH,cp,2,cn_a,SIZE_SMALL,0.002814197828775587,0.001679452871717388,0.002814197828775587,0.675663411617279,0,quality_factor,0.546333909034729,volatility_factor,0.3916877508163452,value_factor,0.05108311027288437
2021-12-03,600060.SH,cp,2,cn_a,SIZE_SMALL,0.000499362776252235,0.00029800898857578525,0.000499362776252235,0.675663411617279,1,quality_factor,0.49139294028282166,value_factor,0.3035232722759247,momentum_factor,0.1708243042230606
2021-12-03,600061.SH,cp,2,cn_a,SIZE_SMALL,5.196286090043679e-05,3.101032026588521e-05,5.196286090043679e-05,0.675663411617279,1,value_factor,0.33790332078933716,quality_factor,0.26053592562675476,momentum_factor,0.20120744407176971
2021-12-03,600109.SH,cp,2,cn_a,SIZE_SMALL,-0.00028674831796735007,-0.00017112524256332213,-0.00028674831796735007,0.675663411617279,1,quality_factor,0.49302786588668823,value_factor,0.2960115075111389,momentum_factor,0.16606535017490387
2021-12-03,600007.SH,cp,2,cn_a,SIZE_SMALL,-0.002831550284130498,-0.0016898084446906759,-0.002831550284130498,0.675663411617279,0,quality_factor,0.5417262315750122,volatility_factor,0.3617115914821625,value_factor,0.07225432991981506
2021-12-03,600095.SH,cp,2,cn_a,SIZE_SMALL,-0.003755538923794628,-0.002241225036108248,-0.003755538923794628,0.675663411617279,1,volatility_factor,0.43848559260368347,quality_factor,0.2736513614654541,value_factor,0.17064546048641205
2021-12-03,600038.SH,cp,2,cn_a,SIZE_SMALL,-0.003806746629074961,-0.002271784695705644,-0.003806746629074961,0.675663411617279,1,volatility_factor,0.39083603024482727,value_factor,0.3475852608680725,momentum_factor,0.2155197113752365
2021-12-03,600096.SH,cp,2,cn_a,SIZE_SMALL,-0.014011207396404272,-0.008361587894606934,-0.014011207396404272,0.675663411617279,0,quality_factor,0.5464158058166504,volatility_factor,0.392220139503479,value_factor,0.05070711299777031
2021-12-06,600023.SH,cp,2,cn_a,SIZE_SMALL,0.00703112268868927,0.006329463344383744,0.00703112268868927,0.1108560636639595,1,volatility_factor,0.437397301197052,quality_factor,0.22948801517486572,value_factor,0.1995365023612976
2021-12-06,600098.SH,cp,2,cn_a,SIZE_SMALL,0.0028484982366110924,0.002564237032042555,0.0028484982366110924,0.1108560636639595,0,volatility_factor,0.4389117658138275,quality_factor,0.29094770550727844,value_factor,0.159330353140831
2021-12-06,600060.SH,cp,2,cn_a,SIZE_SMALL,0.0022242565105251243,0.0020022904840677914,0.0022242565105251243,0.1108560636639595,1,value_factor,0.3348557651042938,quality_factor,0.32804545760154724,momentum_factor,0.19670242071151733
2021-12-06,600062.SH,cp,2,cn_a,SIZE_SMALL,0.002163056443772573,0.0019471977774923183,0.002163056443772573,0.1108560636639595,0,quality_factor,0.5302566885948181,volatility_factor,0.2870943248271942,value_factor,0.12495411187410355
2021-12-06,600008.SH,cp,2,cn_a,SIZE_SMALL,0.001444349082095059,0.0013002126369265803,0.001444349082095059,0.1108560636639595,0,quality_factor,0.5295599699020386,volatility_factor,0.28256160020828247,value_factor,0.1281553953886032
2021-12-06,600004.SH,cp,2,cn_a,SIZE_SMALL,0.000926101675893366,0.0008336828797154937,0.000926101675893366,0.1108560636639595,1,quality_factor,0.5097788572311401,value_factor,0.2190447300672531,volatility_factor,0.1538720577955246
2021-12-06,600061.SH,cp,2,cn_a,SIZE_SMALL,8.15272965520754e-05,7.339141385246696e-05,8.15272965520754e-05,0.1108560636639595,1,value_factor,0.34173306822776794,volatility_factor,0.2757004201412201,momentum_factor,0.20686876773834229
2021-12-06,600007.SH,cp,2,cn_a,SIZE_SMALL,-0.0012602110132769481,-0.0011344503243495667,-0.0012602110132769481,0.1108560636639595,0,quality_factor,0.5229188203811646,volatility_factor,0.23935653269290924,value_factor,0.15866975486278534
2021-12-06,600109.SH,cp,2,cn_a,SIZE_SMALL,-0.001500701847794904,-0.0013509417708991106,-0.001500701847794904,0.1108560636639595,1,quality_factor,0.3358346223831177,value_factor,0.3345041573047638,momentum_factor,0.19618266820907593
2021-12-06,600095.SH,cp,2,cn_a,SIZE_SMALL,-0.0035051356107192217,-0.0031553463575355774,-0.0035051356107192217,0.1108560636639595,1,volatility_factor,0.43718063831329346,quality_factor,0.22069603204727173,value_factor,0.2052880972623825
2021-12-06,600038.SH,cp,2,cn_a,SIZE_SMALL,-0.004680751552965452,-0.004213643637071147,-0.004680751552965452,0.1108560636639595,1,volatility_factor,0.39102160930633545,value_factor,0.3475947082042694,momentum_factor,0.21553364396095276
2021-12-06,600096.SH,cp,2,cn_a,SIZE_SMALL,-0.007206314238272006,-0.006487171940923173,-0.007206314238272006,0.1108560636639595,0,quality_factor,0.5296787619590759,volatility_factor,0.2833345830440521,value_factor,0.1276094615459442
2021-12-07,600023.SH,cp,2,cn_a,SIZE_SMALL,0.004816671101507977,0.0042918393922298775,0.004816671101507977,0.12228594720363617,1,volatility_factor,0.43793025612831116,quality_factor,0.2511146068572998,value_factor,0.18538866937160492
2021-12-07,600098.SH,cp,2,cn_a,SIZE_SMALL,0.0020010039168190962,0.0017829715280999348,0.0020010039168190962,0.12228594720363617,0,volatility_factor,0.43934929370880127,quality_factor,0.30870291590690613,value_factor,0.14771513640880585
2021-12-07,600062.SH,cp,2,cn_a,SIZE_SMALL,0.0019580557370189513,0.0017447030464024559,0.0019580557370189513,0.12228594720363617,0,quality_factor,0.537641167640686,volatility_factor,0.33513525128364563,value_factor,0.09102436155080795
2021-12-07,600004.SH,cp,2,cn_a,SIZE_SMALL,0.0013474592612804526,0.0012006380786883878,0.0013474592612804526,0.12228594720363617,1,quality_factor,0.5197481513023376,volatility_factor,0.2187291979789734,value_factor,0.17323820292949677
2021-12-07,600008.SH,cp,2,cn_a,SIZE_SMALL,0.0013164001068759466,0.0011729631763433062,0.0013164001068759466,0.12228594720363617,0,quality_factor,0.5370381474494934,volatility_factor,0.3312124013900757,value_factor,0.09379494935274124
2021-12-07,600060.SH,cp,2,cn_a,SIZE_SMALL,0.001026887766383369,0.0009149965348024909,0.001026887766383369,0.12228594720363617,1,quality_factor,0.3942089080810547,value_factor,0.3318690061569214,momentum_factor,0.19228728115558624
2021-12-07,600061.SH,cp,2,cn_a,SIZE_SMALL,4.642037975558762e-05,4.136234553671888e-05,4.642037975558762e-05,0.12228594720363617,1,value_factor,0.3404352366924286,volatility_factor,0.2501666247844696,momentum_factor,0.2049502432346344
2021-12-07,600109.SH,cp,2,cn_a,SIZE_SMALL,-0.0006797506586893571,-0.0006056840071442353,-0.0006797506586893571,0.12228594720363617,1,quality_factor,0.4040223956108093,value_factor,0.3314259946346283,momentum_factor,0.19163241982460022
2021-12-07,600007.SH,cp,2,cn_a,SIZE_SMALL,-0.0012466997252481315,-0.001110857452863441,-0.0012466997252481315,0.12228594720363617,0,quality_factor,0.5312701463699341,volatility_factor,0.29368770122528076,value_factor,0.1202974021434784
2021-12-07,600095.SH,cp,2,cn_a,SIZE_SMALL,-0.002392696108877075,-0.0021319843512875095,-0.002392696108877075,0.12228594720363617,1,volatility_factor,0.4377216398715973,quality_factor,0.24264927208423615,value_factor,0.19092658162117004
2021-12-07,600038.SH,cp,2,cn_a,SIZE_SMALL,-0.0028799541391104017,-0.0025661500155532337,-0.0028799541391104017,0.12228594720363617,1,volatility_factor,0.3909575939178467,value_factor,0.34759145975112915,momentum_factor,0.21552884578704834
2021-12-07,600096.SH,cp,2,cn_a,SIZE_SMALL,-0.006560184151493672,-0.005845376644639071,-0.006560184151493672,0.12228594720363617,0,quality_factor,0.5371410250663757,volatility_factor,0.3318815231323242,value_factor,0.09332233667373657
2021-12-08,600023.SH,cp,2,cn_a,SIZE_SMALL,0.017668653299313202,0.012043489412691066,0.017668653299313202,0.46707090735435486,1,volatility_factor,0.43587586283683777,value_factor,0.2399270236492157,quality_factor,0.1677463799715042
2021-12-08,600060.SH,cp,2,cn_a,SIZE_SMALL,0.01062578515506126,0.007242857101139935,0.01062578515506126,0.46707090735435486,1,value_factor,0.34031790494918823,volatility_factor,0.24785837531089783,quality_factor,0.20704691112041473
2021-12-08,600098.SH,cp,2,cn_a,SIZE_SMALL,0.006654854865493861,0.0045361507047447895,0.006654854865493861,0.46707090735435486,0,volatility_factor,0.4375384449958801,quality_factor,0.23521411418914795,value_factor,0.19579057395458221
2021-12-08,600007.SH,cp,2,cn_a,SIZE_SMALL,0.0007195927609840556,0.0004904962280683541,0.0007195927609840556,0.46707090735435486,0,quality_factor,0.49378952383995056,value_factor,0.2925117313861847,momentum_factor,0.1638481318950653
2021-12-08,600062.SH,cp,2,cn_a,SIZE_SMALL,0.0006078575453216471,0.0004143341197254801,0.0006078575453216471,0.46707090735435486,0,quality_factor,0.5040854215621948,value_factor,0.24520447850227356,momentum_factor,0.1338774412870407
2021-12-08,600008.SH,cp,2,cn_a,SIZE_SMALL,0.0003152922396782258,0.00021491274327149583,0.0003152922396782258,0.46707090735435486,0,quality_factor,0.503096878528595,value_factor,0.24974708259105682,momentum_factor,0.1367553323507309
2021-12-08,600061.SH,cp,2,cn_a,SIZE_SMALL,0.0003004614829234022,0.00020480365012596124,0.0003004614829234022,0.46707090735435486,1,value_factor,0.34418144822120667,volatility_factor,0.3238694965839386,momentum_factor,0.21048805117607117
2021-12-08,600096.SH,cp,2,cn_a,SIZE_SMALL,-0.0016516758137394285,-0.0011258322770271306,-0.0016516758137394285,0.46707090735435486,0,quality_factor,0.5032652020454407,value_factor,0.24897317588329315,momentum_factor,0.13626503944396973
2021-12-08,600004.SH,cp,2,cn_a,SIZE_SMALL,-0.004900718925732952,-0.003340478501490194,-0.004900718925732952,0.46707090735435486,1,quality_factor,0.4204346835613251,value_factor,0.3306850790977478,momentum_factor,0.19053718447685242
2021-12-08,600109.SH,cp,2,cn_a,SIZE_SMALL,-0.007301876350317399,-0.004977180152221629,-0.007301876350317399,0.46707090735435486,1,value_factor,0.34012454748153687,volatility_factor,0.2440536916255951,quality_factor,0.2113308310508728
2021-12-08,600095.SH,cp,2,cn_a,SIZE_SMALL,-0.008894263718765259,-0.006062599628619995,-0.008894263718765259,0.46707090735435486,1,volatility_factor,0.43565651774406433,value_factor,0.2457503080368042,momentum_factor,0.15974834561347961
2021-12-08,600038.SH,cp,2,cn_a,SIZE_SMALL,-0.015073014965825153,-0.010274223682079128,-0.015073014965825153,0.46707090735435486,1,volatility_factor,0.39114558696746826,value_factor,0.3476009964942932,momentum_factor,0.2155429571866989
2021-12-09,600023.SH,cp,2,cn_a,SIZE_SMALL,0.01344526897161934,0.012232338527662812,0.01344526897161934,0.09915769100189209,1,volatility_factor,0.4350684881210327,value_factor,0.2613607347011566,momentum_factor,0.1685882806777954
2021-12-09,600060.SH,cp,2,cn_a,SIZE_SMALL,0.010046715856057077,0.00914037716180597,0.010046715856057077,0.09915769100189209,1,value_factor,0.3421816825866699,volatility_factor,0.28452563285827637,momentum_factor,0.2075318545103073
2021-12-09,600096.SH,cp,2,cn_a,SIZE_SMALL,0.005150471216027213,0.004685834669757451,0.005150471216027213,0.09915769100189209,0,quality_factor,0.4782833755016327,value_factor,0.3280736804008484,momentum_factor,0.18667688965797424
2021-12-09,600098.SH,cp,2,cn_a,SIZE_SMALL,0.004868216943603905,0.004429043242345401,0.004868216943603905,0.09915769100189209,0,volatility_factor,0.4367240369319916,value_factor,0.2174101322889328,quality_factor,0.2021660953760147
2021-12-09,600007.SH,cp,2,cn_a,SIZE_SMALL,0.0020606924779556666,0.0018747923931436324,0.0020606924779556666,0.09915769100189209,0,quality_factor,0.4098115861415863,value_factor,0.3311646580696106,momentum_factor,0.19124609231948853
2021-12-09,600061.SH,cp,2,cn_a,SIZE_SMALL,0.00026585769828471454,0.00024187402814093294,0.00026585769828471454,0.09915769100189209,1,value_factor,0.34503987431526184,volatility_factor,0.34075814485549927,momentum_factor,0.21175701916217804
2021-12-09,600008.SH,cp,2,cn_a,SIZE_SMALL,-0.0010504175861492165,-0.0009556568586548773,-0.0010504175861492165,0.09915769100189209,0,quality_factor,0.47688788175582886,value_factor,0.3281366527080536,momentum_factor,0.1867700219154358
2021-12-09,600062.SH,cp,2,cn_a,SIZE_SMALL,-0.0014170365940499303,-0.0012892022733865319,-0.0014170365940499303,0.09915769100189209,0,quality_factor,0.48518669605255127,value_factor,0.32776206731796265,momentum_factor,0.18621623516082764
2021-12-09,600004.SH,cp,2,cn_a,SIZE_SMALL,-0.006543364120836136,-0.005953071314882763,-0.006543364120836136,0.09915769100189209,1,value_factor,0.3352256715297699,quality_factor,0.3198510706424713,momentum_factor,0.19724927842617035
2021-12-09,600095.SH,cp,2,cn_a,SIZE_SMALL,-0.006801780291099598,-0.006188175133360268,-0.006801780291099598,0.09915769100189209,1,volatility_factor,0.43485966324806213,value_factor,0.2669040858745575,momentum_factor,0.17172738909721375
2021-12-09,600109.SH,cp,2,cn_a,SIZE_SMALL,-0.006931120973361162,-0.006305847677818988,-0.006931120973361162,0.09915769100189209,1,value_factor,0.34203964471817017,volatility_factor,0.2817315459251404,momentum_factor,0.20732194185256958
2021-12-09,600038.SH,cp,2,cn_a,SIZE_SMALL,-0.01275902194878795,-0.01160799951930281,-0.01275902194878795,0.09915769100189209,1,volatility_factor,0.39119014143943787,value_factor,0.34760329127311707,momentum_factor,0.21554630994796753
2021-12-10,600096.SH,cp,2,cn_a,SIZE_SMALL,0.015487589038332234,0.01302906808352508,0.015487589038332234,0.18869507312774658,0,value_factor,0.33775144815444946,quality_factor,0.26390016078948975,momentum_factor,0.200982928276062
2021-12-10,600060.SH,cp,2,cn_a,SIZE_SMALL,0.01238405661228965,0.010418194617147842,0.01238405661228965,0.18869507312774658,1,value_factor,0.34474068880081177,volatility_factor,0.33487147092819214,momentum_factor,0.21131470799446106
2021-12-10,600023.SH,cp,2,cn_a,SIZE_SMALL,0.012133953121539715,0.010207792894785309,0.012133953121539715,0.18869507312774658,1,volatility_factor,0.43349891901016235,value_factor,0.30302858352661133,momentum_factor,0.19218410551548004
2021-12-10,600007.SH,cp,2,cn_a,SIZE_SMALL,0.004419467858201845,0.003717915517705603,0.004419467858201845,0.18869507312774658,0,value_factor,0.33922797441482544,quality_factor,0.23119167983531952,volatility_factor,0.2264147698879242
2021-12-10,600098.SH,cp,2,cn_a,SIZE_SMALL,0.00406199392948249,0.003417187486774378,0.00406199392948249,0.18869507312774658,0,volatility_factor,0.4349348843097687,value_factor,0.2649082541465759,momentum_factor,0.17059718072414398
2021-12-10,600061.SH,cp,2,cn_a,SIZE_SMALL,0.0003028882701510782,0.00025480737406785516,0.0003028882701510782,0.18869507312774658,1,volatility_factor,0.36433640122413635,value_factor,0.3462383449077606,momentum_factor,0.2135286182165146
2021-12-10,600008.SH,cp,2,cn_a,SIZE_SMALL,-0.003130875027693708,-0.0026338756662426573,-0.003130875027693708,0.18869507312774658,0,value_factor,0.33778125047683716,quality_factor,0.2632400095462799,momentum_factor,0.20102697610855103
2021-12-10,600062.SH,cp,2,cn_a,SIZE_SMALL,-0.004458587748657395,-0.003750825463527634,-0.004458587748657395,0.18869507312774658,0,value_factor,0.3376041650772095,quality_factor,0.2671617567539215,momentum_factor,0.20076528191566467
2021-12-10,600095.SH,cp,2,cn_a,SIZE_SMALL,-0.006195136281826873,-0.005211711919967801,-0.006195136281826873,0.18869507312774658,1,volatility_factor,0.4333338141441345,value_factor,0.30741238594055176,momentum_factor,0.19466659426689148
2021-12-10,600109.SH,cp,2,cn_a,SIZE_SMALL,-0.008580623269830934,-0.0072185234580414495,-0.008580623269830934,0.18869507312774658,1,value_factor,0.3446670174598694,volatility_factor,0.3334221839904785,momentum_factor,0.21120582520961761
2021-12-10,600004.SH,cp,2,cn_a,SIZE_SMALL,-0.010665826236069643,-0.008972718468501138,-0.010665826236069643,0.18869507312774658,1,value_factor,0.34121355414390564,volatility_factor,0.26547855138778687,momentum_factor,0.20610074698925018
2021-12-10,600038.SH,cp,2,cn_a,SIZE_SMALL,-0.01369517932061304,-0.011521187922969751,-0.01369517932061304,0.18869507312774658,1,volatility_factor,0.391253262758255,value_factor,0.34760650992393494,momentum_factor,0.21555107831954956
2021-12-13,600096.SH,cp,2,cn_a,SIZE_SMALL,0.03769134756561233,0.023119329562836216,0.03769134756561233,0.6302958726882935,0,value_factor,0.33645910024642944,quality_factor,0.29252761602401733,momentum_factor,0.19907256960868835
2021-12-13,600023.SH,cp,2,cn_a,SIZE_SMALL,0.03334722236157226,0.020454705750180185,0.03334722236157226,0.6302958726882935,1,volatility_factor,0.4337608218193054,value_factor,0.2960759401321411,momentum_factor,0.1882469356060028
2021-12-13,600060.SH,cp,2,cn_a,SIZE_SMALL,0.03254343057655448,0.019961671449791288,0.03254343057655448,0.6302958726882935,1,value_factor,0.3443849980831146,volatility_factor,0.3278736472129822,momentum_factor,0.21078890562057495
2021-12-13,600098.SH,cp,2,cn_a,SIZE_SMALL,0.011312385688967816,0.006938854399670496,0.011312385688967816,0.6302958726882935,0,volatility_factor,0.4352544844150543,value_factor,0.2564234137535095,momentum_factor,0.16579236090183258
2021-12-13,600007.SH,cp,2,cn_a,SIZE_SMALL,0.010995177134783304,0.006744283242680785,0.010995177134783304,0.6302958726882935,0,value_factor,0.33814188838005066,quality_factor,0.25525063276290894,volatility_factor,0.20504732429981232
2021-12-13,600061.SH,cp,2,cn_a,SIZE_SMALL,0.0008041133104547119,0.0004932315194595696,0.0008041133104547119,0.6302958726882935,1,volatility_factor,0.361031711101532,value_factor,0.34607037901878357,momentum_factor,0.2132803052663803
2021-12-13,600008.SH,cp,2,cn_a,SIZE_SMALL,-0.007623193756300082,-0.004675957219795777,-0.007623193756300082,0.6302958726882935,0,value_factor,0.3364931046962738,quality_factor,0.29177430272102356,momentum_factor,0.1991228312253952
2021-12-13,600062.SH,cp,2,cn_a,SIZE_SMALL,-0.010823987242533547,-0.006639277829174173,-0.010823987242533547,0.6302958726882935,0,value_factor,0.3362910747528076,quality_factor,0.2962503135204315,momentum_factor,0.19882416725158691
2021-12-13,600095.SH,cp,2,cn_a,SIZE_SMALL,-0.017000324515541898,-0.01042775412754314,-0.017000324515541898,0.6302958726882935,1,volatility_factor,0.4335862696170807,value_factor,0.30070894956588745,momentum_factor,0.19087053835391998
2021-12-13,600109.SH,cp,2,cn_a,SIZE_SMALL,-0.022536406337458008,-0.013823506956621538,-0.022536406337458008,0.6302958726882935,1,value_factor,0.3443019390106201,volatility_factor,0.3262403607368469,momentum_factor,0.21066617965698242
2021-12-13,600004.SH,cp,2,cn_a,SIZE_SMALL,-0.027172439147079338,-0.016667182688914657,-0.027172439147079338,0.6302958726882935,1,value_factor,0.3403976559638977,volatility_factor,0.2494279146194458,quality_factor,0.20527960360050201
2021-12-13,600038.SH,cp,2,cn_a,SIZE_SMALL,-0.036657678933776854,-0.022485292116534522,-0.036657678933776854,0.6302958726882935,1,volatility_factor,0.3912443220615387,value_factor,0.34760603308677673,momentum_factor,0.21555039286613464
2021-12-14,600096.SH,cp,2,cn_a,SIZE_SMALL,0.03339101942383068,0.027719158211779865,0.03339101942383068,0.20461881160736084,0,value_factor,0.3403215706348419,volatility_factor,0.24793006479740143,quality_factor,0.20696619153022766
2021-12-14,600060.SH,cp,2,cn_a,SIZE_SMALL,0.023361801324236063,0.01939352191674948,0.023361801324236063,0.20461881160736084,1,volatility_factor,0.34905582666397095,value_factor,0.3454616367816925,momentum_factor,0.21238046884536743
2021-12-14,600023.SH,cp,2,cn_a,SIZE_SMALL,0.020862139775778686,0.017318457569114064,0.020862139775778686,0.20461881160736084,1,volatility_factor,0.4329104423522949,value_factor,0.31865179538726807,momentum_factor,0.20103129744529724
2021-12-14,600007.SH,cp,2,cn_a,SIZE_SMALL,0.009195549815078254,0.007633576469562468,0.009195549815078254,0.20461881160736084,0,value_factor,0.34139662981033325,volatility_factor,0.26908057928085327,momentum_factor,0.20637138187885284
2021-12-14,600098.SH,cp,2,cn_a,SIZE_SMALL,0.006777082197146718,0.005625914299066809,0.006777082197146718,0.20461881160736084,0,volatility_factor,0.43418213725090027,value_factor,0.28489160537719727,momentum_factor,0.18191345036029816
2021-12-14,600061.SH,cp,2,cn_a,SIZE_SMALL,0.0005600432206253997,0.0004649132283415999,0.0005600432206253997,0.20461881160736084,1,volatility_factor,0.3710622489452362,value_factor,0.3465802073478699,momentum_factor,0.21403397619724274
2021-12-14,600008.SH,cp,2,cn_a,SIZE_SMALL,-0.006744924335904523,-0.005599218832474115,-0.006744924335904523,0.20461881160736084,0,value_factor,0.3403432071208954,volatility_factor,0.24835579097270966,quality_factor,0.2064868062734604
2021-12-14,600062.SH,cp,2,cn_a,SIZE_SMALL,-0.009649637758927949,-0.008010532183249017,-0.009649637758927949,0.20461881160736084,0,value_factor,0.34021463990211487,volatility_factor,0.24582712352275848,quality_factor,0.20933398604393005
2021-12-14,600095.SH,cp,2,cn_a,SIZE_SMALL,-0.010686814031497353,-0.008871531748070247,-0.010686814031497353,0.20461881160736084,1,volatility_factor,0.43276941776275635,value_factor,0.3223952353000641,momentum_factor,0.203151136636734
2021-12-14,600109.SH,cp,2,cn_a,SIZE_SMALL,-0.01620374551072262,-0.013451346894625904,-0.01620374551072262,0.20461881160736084,1,volatility_factor,0.34797653555870056,value_factor,0.34540680050849915,momentum_factor,0.2122993916273117
2021-12-14,600004.SH,cp,2,cn_a,SIZE_SMALL,-0.02130820077358817,-0.017688749808876025,-0.02130820077358817,0.20461881160736084,1,value_factor,0.34285134077072144,volatility_factor,0.2977014482021332,momentum_factor,0.20852187275886536
2021-12-14,600038.SH,cp,2,cn_a,SIZE_SMALL,-0.024906863545833983,-0.020676136970333353,-0.024906863545833983,0.20461881160736084,1,volatility_factor,0.3912714719772339,value_factor,0.34760740399360657,momentum_factor,0.2155524343252182
2021-12-15,600096.SH,cp,2,cn_a,SIZE_SMALL,0.024482453455169962,0.02216665032345072,0.024482453455169962,0.10447236150503159,0,value_factor,0.33734723925590515,quality_factor,0.2728537917137146,momentum_factor,0.2003854215145111
2021-12-15,600060.SH,cp,2,cn_a,SIZE_SMALL,0.020036544011978914,0.018141280881723773,0.020036544011978914,0.10447236150503159,1,value_factor,0.3446289598941803,volatility_factor,0.3326732814311981,momentum_factor,0.21114954352378845
2021-12-15,600023.SH,cp,2,cn_a,SIZE_SMALL,0.019911396970307457,0.018027971538898915,0.019911396970307457,0.10447236150503159,1,volatility_factor,0.4335830509662628,value_factor,0.3007949888706207,momentum_factor,0.19091926515102386
2021-12-15,600007.SH,cp,2,cn_a,SIZE_SMALL,0.0070320662224159875,0.006366900820992987,0.0070320662224159875,0.10447236150503159,0,value_factor,0.3388879895210266,quality_factor,0.23872338235378265,volatility_factor,0.21972563862800598
2021-12-15,600098.SH,cp,2,cn_a,SIZE_SMALL,0.006694092590494667,0.006060896223411917,0.006694092590494667,0.10447236150503159,0,volatility_factor,0.4350385367870331,value_factor,0.26215609908103943,momentum_factor,0.16903866827487946
2021-12-15,600061.SH,cp,2,cn_a,SIZE_SMALL,0.0004916149145083666,0.0004451129019260472,0.0004916149145083666,0.10447236150503159,1,volatility_factor,0.36329734325408936,value_factor,0.34618550539016724,momentum_factor,0.21345053613185883
2021-12-15,600008.SH,cp,2,cn_a,SIZE_SMALL,-0.004949937423954347,-0.00448172125398601,-0.004949937423954347,0.10447236150503159,0,value_factor,0.3373783528804779,quality_factor,0.2721647024154663,momentum_factor,0.2004314363002777
2021-12-15,600062.SH,cp,2,cn_a,SIZE_SMALL,-0.0070429433551325495,-0.0063767490822340955,-0.0070429433551325495,0.10447236150503159,0,value_factor,0.3371935188770294,quality_factor,0.27625876665115356,momentum_factor,0.20015820860862732
2021-12-15,600095.SH,cp,2,cn_a,SIZE_SMALL,-0.01016112536429657,-0.009199981254147727,-0.01016112536429657,0.10447236150503159,1,volatility_factor,0.43341484665870667,value_factor,0.3052612841129303,momentum_factor,0.19344845414161682
2021-12-15,600109.SH,cp,2,cn_a,SIZE_SMALL,-0.013880523559881149,-0.012567560380405053,-0.013880523559881149,0.10447236150503159,1,value_factor,0.34455233812332153,volatility_factor,0.3311662971973419,momentum_factor,0.2110363095998764
2021-12-15,600004.SH,cp,2,cn_a,SIZE_SMALL,-0.01709285804181302,-0.015476039112462453,-0.01709285804181302,0.10447236150503159,1,value_factor,0.3409578204154968,volatility_factor,0.2604476511478424,momentum_factor,0.20572271943092346
2021-12-15,600038.SH,cp,2,cn_a,SIZE_SMALL,-0.02228579804298301,-0.020177777251876215,-0.02228579804298301,0.10447236150503159,1,volatility_factor,0.3912504315376282,value_factor,0.3476063311100006,momentum_factor,0.21555083990097046
2021-12-16,600096.SH,cp,2,cn_a,SIZE_SMALL,0.024174204546908832,0.02017431182208817,0.024174204546908832,0.19826659560203552,0,value_factor,0.33852481842041016,quality_factor,0.246768057346344,volatility_factor,0.21258094906806946
2021-12-16,600060.SH,cp,2,cn_a,SIZE_SMALL,0.018523120969896757,0.01545826327562623,0.018523120969896757,0.19826659560203552,1,value_factor,0.344955712556839,volatility_factor,0.3391019105911255,momentum_factor,0.21163257956504822
2021-12-16,600023.SH,cp,2,cn_a,SIZE_SMALL,0.017658873028278475,0.014737014829499608,0.017658873028278475,0.19826659560203552,1,volatility_factor,0.4333319067955017,value_factor,0.3074619174003601,momentum_factor,0.1946946382522583
2021-12-16,600007.SH,cp,2,cn_a,SIZE_SMALL,0.006817808093634324,0.005689725432629519,0.006817808093634324,0.19826659560203552,0,value_factor,0.3398793041706085,volatility_factor,0.23922942578792572,quality_factor,0.2167627513408661
2021-12-16,600098.SH,cp,2,cn_a,SIZE_SMALL,0.005861548276841893,0.004891689505967755,0.005861548276841893,0.19826659560203552,0,volatility_factor,0.4347262382507324,value_factor,0.2704468071460724,momentum_factor,0.17373357713222504
2021-12-16,600061.SH,cp,2,cn_a,SIZE_SMALL,0.00045029649221252664,0.000375789897394975,0.00045029649221252664,0.19826659560203552,1,volatility_factor,0.36633849143981934,value_factor,0.3463400900363922,momentum_factor,0.21367904543876648
2021-12-16,600008.SH,cp,2,cn_a,SIZE_SMALL,-0.004885651142631746,-0.00407726547585607,-0.004885651142631746,0.19826659560203552,0,value_factor,0.3385521173477173,quality_factor,0.24616296589374542,volatility_factor,0.21311835944652557
2021-12-16,600062.SH,cp,2,cn_a,SIZE_SMALL,-0.006968242394506135,-0.005815268694606832,-0.006968242394506135,0.19826659560203552,0,value_factor,0.3383898437023163,quality_factor,0.24975748360157013,volatility_factor,0.20992596447467804
2021-12-16,600095.SH,cp,2,cn_a,SIZE_SMALL,-0.00902450674221602,-0.007531301090164869,-0.00902450674221602,0.19826659560203552,1,volatility_factor,0.43317320942878723,value_factor,0.3116752803325653,momentum_factor,0.1970805823802948
2021-12-16,600109.SH,cp,2,cn_a,SIZE_SMALL,-0.012838322304252357,-0.010714078179320095,-0.012838322304252357,0.19826659560203552,1,value_factor,0.3448876738548279,volatility_factor,0.33776336908340454,momentum_factor,0.21153199672698975
2021-12-16,600004.SH,cp,2,cn_a,SIZE_SMALL,-0.01624021821967309,-0.01355309233802017,-0.01624021821967309,0.19826659560203552,1,value_factor,0.34170421957969666,volatility_factor,0.2751323878765106,momentum_factor,0.2068260908126831
2021-12-16,600038.SH,cp,2,cn_a,SIZE_SMALL,-0.020259815350159267,-0.01690760213180647,-0.020259815350159267,0.19826659560203552,1,volatility_factor,0.39125868678092957,value_factor,0.3476067781448364,momentum_factor,0.2155514657497406
2021-12-17,600096.SH,cp,2,cn_a,SIZE_SMALL,0.036634083156404096,0.027247332959212264,0.036634083156404096,0.3445016145706177,0,value_factor,0.3383575975894928,quality_factor,0.25047269463539124,volatility_factor,0.2092907875776291
2021-12-17,600060.SH,cp,2,cn_a,SIZE_SMALL,0.028324845557981797,0.021067171099699772,0.028324845557981797,0.3445016145706177,1,value_factor,0.34490907192230225,volatility_factor,0.3381844162940979,momentum_factor,0.21156363189220428
2021-12-17,600023.SH,cp,2,cn_a,SIZE_SMALL,0.027164632499032098,0.020204239403392193,0.027164632499032098,0.3445016145706177,1,volatility_factor,0.4333687424659729,value_factor,0.30648496747016907,momentum_factor,0.19414140284061432
2021-12-17,600007.SH,cp,2,cn_a,SIZE_SMALL,0.010357218869092634,0.0077033889411879455,0.010357218869092634,0.3445016145706177,0,value_factor,0.3397383987903595,volatility_factor,0.23645666241645813,quality_factor,0.21988482773303986
2021-12-17,600098.SH,cp,2,cn_a,SIZE_SMALL,0.009033726699954149,0.006719015136950338,0.009033726699954149,0.3445016145706177,0,volatility_factor,0.4347725212574005,value_factor,0.26921749114990234,momentum_factor,0.17303743958473206
2021-12-17,600061.SH,cp,2,cn_a,SIZE_SMALL,0.0006894782931524913,0.0005128132876007622,0.0006894782931524913,0.3445016145706177,1,volatility_factor,0.3659040033817291,value_factor,0.34631800651550293,momentum_factor,0.21364639699459076
2021-12-17,600008.SH,cp,2,cn_a,SIZE_SMALL,-0.007404211791294388,-0.0055070307919704575,-0.007404211791294388,0.3445016145706177,0,value_factor,0.3383854031562805,quality_factor,0.24985574185848236,volatility_factor,0.20983870327472687
2021-12-17,600062.SH,cp,2,cn_a,SIZE_SMALL,-0.010556996528397165,-0.007851977575920328,-0.010556996528397165,0.3445016145706177,0,value_factor,0.3382199704647064,quality_factor,0.25352075695991516,volatility_factor,0.20658372342586517
2021-12-17,600095.SH,cp,2,cn_a,SIZE_SMALL,-0.013879497865267806,-0.010323154479587877,-0.013879497865267806,0.3445016145706177,1,volatility_factor,0.43320855498313904,value_factor,0.31073659658432007,momentum_factor,0.19654904305934906
2021-12-17,600109.SH,cp,2,cn_a,SIZE_SMALL,-0.019630524910225263,-0.014600596010808438,-0.019630524910225263,0.3445016145706177,1,value_factor,0.34483984112739563,volatility_factor,0.33682188391685486,momentum_factor,0.21146126091480255
2021-12-17,600004.SH,cp,2,cn_a,SIZE_SMALL,-0.024739406695583076,-0.018400429145995406,-0.024739406695583076,0.3445016145706177,1,value_factor,0.34159794449806213,volatility_factor,0.2730417549610138,momentum_factor,0.20666900277137756
2021-12-17,600038.SH,cp,2,cn_a,SIZE_SMALL,-0.03105439871573732,-0.0230973309211346,-0.03105439871573732,0.3445016145706177,1,volatility_factor,0.39125752449035645,value_factor,0.34760671854019165,momentum_factor,0.21555137634277344
2021-12-20,600023.SH,cp,2,cn_a,SIZE_SMALL,0.029264590688532745,0.020843328488062002,0.029264590688532745,0.40402674674987793,1,volatility_factor,0.43542322516441345,value_factor,0.2519419491291046,momentum_factor,0.16325457394123077
2021-12-20,600060.SH,cp,2,cn_a,SIZE_SMALL,0.020005061857905328,0.014248348120300555,0.020005061857905328,0.40402674674987793,1,value_factor,0.34142276644706726,volatility_factor,0.2695949077606201,momentum_factor,0.2064100205898285
2021-12-20,600098.SH,cp,2,cn_a,SIZE_SMALL,0.010782091549222116,0.00767940608979218,0.010782091549222116,0.40402674674987793,0,volatility_factor,0.4370899200439453,quality_factor,0.2170141339302063,value_factor,0.20769673585891724
2021-12-20,600096.SH,cp,2,cn_a,SIZE_SMALL,0.005124907666628195,0.0036501495989956223,0.005124907666628195,0.40402674674987793,0,quality_factor,0.4934961795806885,value_factor,0.293859601020813,momentum_factor,0.16470205783843994
2021-12-20,600007.SH,cp,2,cn_a,SIZE_SMALL,0.003048151657092614,0.0021710068302820094,0.003048151657092614,0.40402674674987793,0,quality_factor,0.46535953879356384,value_factor,0.3286570608615875,momentum_factor,0.18753930926322937
2021-12-20,600061.SH,cp,2,cn_a,SIZE_SMALL,0.0005433116174175056,0.0003869667146122356,0.0005433116174175056,0.40402674674987793,1,value_factor,0.34468889236450195,volatility_factor,0.3338526785373688,momentum_factor,0.21123816072940826
2021-12-20,600008.SH,cp,2,cn_a,SIZE_SMALL,-0.001060786480980257,-0.0007555315334524977,-0.001060786480980257,0.40402674674987793,0,quality_factor,0.4933120906352997,value_factor,0.294705331325531,momentum_factor,0.16523785889148712
2021-12-20,600062.SH,cp,2,cn_a,SIZE_SMALL,-0.0012991091367273448,-0.000925273781097545,-0.0012991091367273448,0.40402674674987793,0,quality_factor,0.4943929612636566,value_factor,0.2897391617298126,momentum_factor,0.16209164261817932
2021-12-20,600004.SH,cp,2,cn_a,SIZE_SMALL,-0.011569392406890767,-0.008240151004012042,-0.011569392406890767,0.40402674674987793,1,quality_factor,0.360391229391098,value_factor,0.3333956003189087,momentum_factor,0.1945439726114273
2021-12-20,600109.SH,cp,2,cn_a,SIZE_SMALL,-0.013780506246710341,-0.009814988410021569,-0.013780506246710341,0.40402674674987793,1,value_factor,0.34126001596450806,volatility_factor,0.26639246940612793,momentum_factor,0.20616939663887024
2021-12-20,600095.SH,cp,2,cn_a,SIZE_SMALL,-0.014772710912064673,-0.010521673426992326,-0.014772710912064673,0.40402674674987793,1,volatility_factor,0.43520882725715637,value_factor,0.25763511657714844,momentum_factor,0.16647852957248688
2021-12-20,600038.SH,cp,2,cn_a,SIZE_SMALL,-0.02654672777722381,-0.018907565570724136,-0.02654672777722381,0.40402674674987793,1,volatility_factor,0.3911718726158142,value_factor,0.34760236740112305,momentum_factor,0.2155449539422989
2021-12-21,600023.SH,cp,2,cn_a,SIZE_SMALL,0.021686214444273915,0.018620372941135763,0.021686214444273915,0.1646498441696167,1,volatility_factor,0.43487828969955444,value_factor,0.2664097845554352,momentum_factor,0.17144747078418732
2021-12-21,600060.SH,cp,2,cn_a,SIZE_SMALL,0.016938207057635293,0.014543604794548408,0.016938207057635293,0.1646498441696167,1,value_factor,0.342555433511734,volatility_factor,0.29187965393066406,momentum_factor,0.20808443427085876
2021-12-21,600096.SH,cp,2,cn_a,SIZE_SMALL,0.010704490973479933,0.009191166793236574,0.010704490973479933,0.1646498441696167,0,quality_factor,0.44570696353912354,value_factor,0.3295442461967468,momentum_factor,0.1888507455587387
2021-12-21,600098.SH,cp,2,cn_a,SIZE_SMALL,0.007778774640315418,0.006679067257216356,0.007778774640315418,0.1646498441696167,0,volatility_factor,0.4365224540233612,value_factor,0.22276152670383453,quality_factor,0.19398586452007294
2021-12-21,600007.SH,cp,2,cn_a,SIZE_SMALL,0.003889838144064913,0.003339920718263889,0.003889838144064913,0.1646498441696167,0,quality_factor,0.38289856910705566,value_factor,0.3323795795440674,momentum_factor,0.19304203987121582
2021-12-21,600061.SH,cp,2,cn_a,SIZE_SMALL,0.00044273226611086684,0.00038014195281718373,0.00044273226611086684,0.1646498441696167,1,value_factor,0.34521353244781494,volatility_factor,0.3441739082336426,momentum_factor,0.21201369166374207
2021-12-21,600008.SH,cp,2,cn_a,SIZE_SMALL,-0.0021769990511427756,-0.0018692305348608478,-0.0021769990511427756,0.1646498441696167,0,quality_factor,0.44442877173423767,value_factor,0.3296019434928894,momentum_factor,0.1889360547065735
2021-12-21,600062.SH,cp,2,cn_a,SIZE_SMALL,-0.002988783612035124,-0.0025662508152105544,-0.002988783612035124,0.1646498441696167,0,quality_factor,0.4520287811756134,value_factor,0.32925888895988464,momentum_factor,0.18842890858650208
2021-12-21,600095.SH,cp,2,cn_a,SIZE_SMALL,-0.010983310116084308,-0.00943056848465497,-0.010983310116084308,0.1646498441696167,1,volatility_factor,0.4346731901168823,value_factor,0.2718556225299835,momentum_factor,0.17453137040138245
2021-12-21,600004.SH,cp,2,cn_a,SIZE_SMALL,-0.011606782176653695,-0.009965898535734756,-0.011606782176653695,0.1646498441696167,1,value_factor,0.3361177444458008,quality_factor,0.300089567899704,momentum_factor,0.1985679715871811
2021-12-21,600109.SH,cp,2,cn_a,SIZE_SMALL,-0.01169366823482778,-0.0100405012659966,-0.01169366823482778,0.1646498441696167,1,value_factor,0.34242358803749084,volatility_factor,0.2892850935459137,momentum_factor,0.20788949728012085
2021-12-21,600038.SH,cp,2,cn_a,SIZE_SMALL,-0.02106158108460759,-0.018084045767098593,-0.02106158108460759,0.1646498441696167,1,volatility_factor,0.3911992311477661,value_factor,0.3476037383079529,momentum_factor,0.21554701030254364
2021-12-22,600023.SH,cp,2,cn_a,SIZE_SMALL,0.019336029198111195,0.01431949317322477,0.019336029198111195,0.35032913088798523,1,volatility_factor,0.43632954359054565,value_factor,0.2278822809457779,quality_factor,0.1861581653356552
2021-12-22,600060.SH,cp,2,cn_a,SIZE_SMALL,0.010012471364990975,0.007414837549588618,0.010012471364990975,0.35032913088798523,1,value_factor,0.3390195667743683,quality_factor,0.23580791056156158,volatility_factor,0.22231493890285492
2021-12-22,600098.SH,cp,2,cn_a,SIZE_SMALL,0.007444331009831683,0.005512975077888442,0.007444331009831683,0.35032913088798523,0,volatility_factor,0.4379686713218689,quality_factor,0.2526754140853882,value_factor,0.1843676120042801
2021-12-22,600062.SH,cp,2,cn_a,SIZE_SMALL,0.0022143224722698026,0.0016398390383110806,0.0022143224722698026,0.35032913088798523,0,quality_factor,0.5128195285797119,value_factor,0.20507335662841797,volatility_factor,0.1736539602279663
2021-12-22,600008.SH,cp,2,cn_a,SIZE_SMALL,0.001408506052208611,0.0010430834889832066,0.001408506052208611,0.35032913088798523,0,quality_factor,0.5119213461875916,value_factor,0.20920038223266602,volatility_factor,0.16781054437160492
2021-12-22,600061.SH,cp,2,cn_a,SIZE_SMALL,0.0002981433140648695,0.00022079306493866604,0.0002981433140648695,0.35032913088798523,1,value_factor,0.34359049797058105,volatility_factor,0.31224268674850464,momentum_factor,0.20961445569992065
2021-12-22,600007.SH,cp,2,cn_a,SIZE_SMALL,-0.00045955229450819263,-0.00034032612779632404,-0.00045955229450819263,0.35032913088798523,0,quality_factor,0.5034305453300476,value_factor,0.2482137531042099,momentum_factor,0.13578392565250397
2021-12-22,600004.SH,cp,2,cn_a,SIZE_SMALL,-0.003043925432193037,-0.002254209951769788,-0.003043925432193037,0.35032913088798523,1,quality_factor,0.4869994819164276,value_factor,0.3237103223800659,momentum_factor,0.18361346423625946
2021-12-22,600109.SH,cp,2,cn_a,SIZE_SMALL,-0.006858022134796923,-0.005078778074592571,-0.006858022134796923,0.35032913088798523,1,value_factor,0.33878961205482483,quality_factor,0.24090197682380676,volatility_factor,0.21779076755046844
2021-12-22,600096.SH,cp,2,cn_a,SIZE_SMALL,-0.00708826557325536,-0.005249287195746952,-0.00708826557325536,0.35032913088798523,0,quality_factor,0.5120744109153748,value_factor,0.2084970623254776,volatility_factor,0.16880638897418976
2021-12-22,600095.SH,cp,2,cn_a,SIZE_SMALL,-0.009705968891294518,-0.007187854023927534,-0.009705968891294518,0.35032913088798523,1,volatility_factor,0.43610790371894836,value_factor,0.23376676440238953,quality_factor,0.17716309428215027
2021-12-22,600038.SH,cp,2,cn_a,SIZE_SMALL,-0.015433132920173469,-0.011429163621323138,-0.015433132920173469,0.35032913088798523,1,volatility_factor,0.3911152780056,value_factor,0.34759947657585144,momentum_factor,0.21554069221019745
2021-12-23,600023.SH,cp,2,cn_a,SIZE_SMALL,0.025770522491818385,0.019571213621002934,0.025770522491818385,0.31675654649734497,1,volatility_factor,0.43588414788246155,value_factor,0.2397070825099945,quality_factor,0.1680826097726822
2021-12-23,600060.SH,cp,2,cn_a,SIZE_SMALL,0.015459127064434102,0.011740308263766187,0.015459127064434102,0.31675654649734497,1,value_factor,0.34029605984687805,volatility_factor,0.24742834270000458,quality_factor,0.2075311243534088
2021-12-23,600098.SH,cp,2,cn_a,SIZE_SMALL,0.009710306210245432,0.007374413042125917,0.009710306210245432,0.31675654649734497,0,volatility_factor,0.43754640221595764,quality_factor,0.23553979396820068,value_factor,0.195577472448349
2021-12-23,600007.SH,cp,2,cn_a,SIZE_SMALL,0.0010194197239043214,0.0007741900146700335,0.0010194197239043214,0.31675654649734497,0,quality_factor,0.4939740300178528,value_factor,0.2916639745235443,momentum_factor,0.16331107914447784
2021-12-23,600062.SH,cp,2,cn_a,SIZE_SMALL,0.0009240259083579919,0.0007017439576383032,0.0009240259083579919,0.31675654649734497,0,quality_factor,0.5042533278465271,value_factor,0.24443337321281433,momentum_factor,0.1333889216184616
2021-12-23,600008.SH,cp,2,cn_a,SIZE_SMALL,0.00048556938536245715,0.00036876171881128177,0.00048556938536245715,0.31675654649734497,0,quality_factor,0.5032662749290466,value_factor,0.24896825850009918,momentum_factor,0.13626191020011902
2021-12-23,600061.SH,cp,2,cn_a,SIZE_SMALL,0.00043749524805342896,0.0003322522063937852,0.00043749524805342896,0.31675654649734497,1,value_factor,0.3441714942455292,volatility_factor,0.3236728608608246,momentum_factor,0.21047329902648926
2021-12-23,600096.SH,cp,2,cn_a,SIZE_SMALL,-0.002536666820483102,-0.0019264509768766452,-0.002536666820483102,0.31675654649734497,0,quality_factor,0.503434419631958,value_factor,0.24819566309452057,momentum_factor,0.1357724517583847
2021-12-23,600004.SH,cp,2,cn_a,SIZE_SMALL,-0.00709186638822854,-0.005385860224591733,-0.00709186638822854,0.31675654649734497,1,quality_factor,0.42163506150245667,value_factor,0.33063092827796936,momentum_factor,0.19045710563659668
2021-12-23,600109.SH,cp,2,cn_a,SIZE_SMALL,-0.010622733447848568,-0.008067348483633628,-0.010622733447848568,0.31675654649734497,1,value_factor,0.34010210633277893,volatility_factor,0.243611678481102,quality_factor,0.2118285745382309
2021-12-23,600095.SH,cp,2,cn_a,SIZE_SMALL,-0.012972014172171198,-0.009851490614474004,-0.012972014172171198,0.31675654649734497,1,volatility_factor,0.43566474318504333,value_factor,0.2455321103334427,momentum_factor,0.15962478518486023
2021-12-23,600038.SH,cp,2,cn_a,SIZE_SMALL,-0.021958993954288002,-0.016676579286202822,-0.021958993954288002,0.31675654649734497,1,volatility_factor,0.39114511013031006,value_factor,0.3476009666919708,momentum_factor,0.21554292738437653
2021-12-24,600023.SH,cp,2,cn_a,SIZE_SMALL,0.02594660671468438,0.02221789880628408,0.02594660671468438,0.16782446205615997,1,volatility_factor,0.4355913996696472,value_factor,0.24747826159000397,momentum_factor,0.160726860165596
2021-12-24,600060.SH,cp,2,cn_a,SIZE_SMALL,0.01694803545026598,0.014512484840116607,0.01694803545026598,0.16782446205615997,1,value_factor,0.3410317599773407,volatility_factor,0.2619023323059082,momentum_factor,0.20583201944828033
2021-12-24,600098.SH,cp,2,cn_a,SIZE_SMALL,0.009638448924907965,0.008253336754896264,0.009638448924907965,0.16782446205615997,0,volatility_factor,0.43725886940956116,quality_factor,0.2238701432943344,value_factor,0.20321163535118103
2021-12-24,600007.SH,cp,2,cn_a,SIZE_SMALL,0.002093809680958561,0.001792914662125257,0.002093809680958561,0.16782446205615997,0,quality_factor,0.4872484505176544,value_factor,0.322566419839859,momentum_factor,0.18288876116275787
2021-12-24,600096.SH,cp,2,cn_a,SIZE_SMALL,0.001966077365223029,0.0016835383688584282,0.001966077365223029,0.16782446205615997,0,quality_factor,0.49725019931793213,value_factor,0.2766108810901642,momentum_factor,0.1537744253873825
2021-12-24,600061.SH,cp,2,cn_a,SIZE_SMALL,0.0004667388974114354,0.00039966527051782234,0.0004667388974114354,0.16782446205615997,1,value_factor,0.3445088267326355,volatility_factor,0.3303101658821106,momentum_factor,0.21097198128700256
2021-12-24,600062.SH,cp,2,cn_a,SIZE_SMALL,-0.00039562660962693324,-0.0003387723132516514,-0.00039562660962693324,0.16782446205615997,0,quality_factor,0.4981183707714081,value_factor,0.2726218104362488,momentum_factor,0.15124721825122833
2021-12-24,600008.SH,cp,2,cn_a,SIZE_SMALL,-0.0004213898769021958,-0.0003608332197715426,-0.0004213898769021958,0.16782446205615997,0,quality_factor,0.4970719516277313,value_factor,0.27742984890937805,momentum_factor,0.1542932689189911
2021-12-24,600004.SH,cp,2,cn_a,SIZE_SMALL,-0.009125521405174883,-0.007814120488441725,-0.009125521405174883,0.16782446205615997,1,quality_factor,0.3815004229545593,value_factor,0.3324427008628845,momentum_factor,0.1931353509426117
2021-12-24,600109.SH,cp,2,cn_a,SIZE_SMALL,-0.011665053388583193,-0.00998870405704206,-0.011665053388583193,0.16782446205615997,1,value_factor,0.34085819125175476,volatility_factor,0.2584877908229828,momentum_factor,0.20557546615600586
2021-12-24,600095.SH,cp,2,cn_a,SIZE_SMALL,-0.013084306859359521,-0.011204000929612684,-0.013084306859359521,0.16782446205615997,1,volatility_factor,0.4353748559951782,value_factor,0.25322777032852173,momentum_factor,0.16398271918296814
2021-12-24,600038.SH,cp,2,cn_a,SIZE_SMALL,-0.023018327377049088,-0.01971043358296866,-0.023018327377049088,0.16782446205615997,1,volatility_factor,0.39116254448890686,value_factor,0.34760189056396484,momentum_factor,0.21554425358772278
2021-12-27,600023.SH,cp,2,cn_a,SIZE_SMALL,0.011477086516880265,0.005738543258440133,0.011477086516880265,1.0,1,volatility_factor,0.43874579668045044,quality_factor,0.2842123806476593,value_factor,0.1637365072965622
2021-12-27,600062.SH,cp,2,cn_a,SIZE_SMALL,0.006440594872287736,0.003220297436143868,0.006440594872287736,1.0,0,quality_factor,0.5476032495498657,volatility_factor,0.3999454379081726,value_factor,0.045250993221998215
2021-12-27,600004.SH,cp,2,cn_a,SIZE_SMALL,0.005868139252699665,0.0029340696263498323,0.005868139252699665,1.0,1,quality_factor,0.5335158109664917,volatility_factor,0.30829721689224243,value_factor,0.10997916013002396
2021-12-27,600098.SH,cp,2,cn_a,SIZE_SMALL,0.004952965470439049,0.0024764827352195245,0.004952965470439049,1.0,0,volatility_factor,0.43998053669929504,quality_factor,0.33431750535964966,value_factor,0.1309584528207779
2021-12-27,600008.SH,cp,2,cn_a,SIZE_SMALL,0.004355216394689453,0.0021776081973447266,0.004355216394689453,1.0,0,quality_factor,0.5471346974372864,volatility_factor,0.39689698815345764,value_factor,0.047404028475284576
2021-12-27,600060.SH,cp,2,cn_a,SIZE_SMALL,0.0005951593589692255,0.00029757967948461275,0.0005951593589692255,1.0,1,quality_factor,0.4932291507720947,value_factor,0.2950865626335144,momentum_factor,0.1654793918132782
2021-12-27,600061.SH,cp,2,cn_a,SIZE_SMALL,7.546502354963819e-05,3.7732511774819094e-05,7.546502354963819e-05,1.0,1,value_factor,0.33760836720466614,quality_factor,0.26706936955451965,momentum_factor,0.20077143609523773
2021-12-27,600109.SH,cp,2,cn_a,SIZE_SMALL,-0.00032158478341920253,-0.00016079239170960127,-0.00032158478341920253,1.0,1,quality_factor,0.4948396384716034,value_factor,0.28768685460090637,momentum_factor,0.16079142689704895
2021-12-27,600007.SH,cp,2,cn_a,SIZE_SMALL,-0.004399496895090584,-0.002199748447545292,-0.004399496895090584,1.0,0,quality_factor,0.5426308512687683,volatility_factor,0.36759644746780396,value_factor,0.0680980384349823
2021-12-27,600038.SH,cp,2,cn_a,SIZE_SMALL,-0.005645106996310354,-0.002822553498155177,-0.005645106996310354,1.0,1,volatility_factor,0.3908221423625946,value_factor,0.3475845754146576,momentum_factor,0.21551868319511414
2021-12-27,600095.SH,cp,2,cn_a,SIZE_SMALL,-0.0056696089148817255,-0.0028348044574408628,-0.0056696089148817255,1.0,1,volatility_factor,0.43855682015419006,quality_factor,0.27654188871383667,value_factor,0.1687544733285904
2021-12-27,600096.SH,cp,2,cn_a,SIZE_SMALL,-0.02168218780255668,-0.01084109390127834,-0.02168218780255668,1.0,0,quality_factor,0.5472146272659302,volatility_factor,0.3974171578884125,value_factor,0.04703662544488907
2021-12-28,600004.SH,cp,2,cn_a,SIZE_SMALL,0.0083314697814569,0.00658851022580019,0.0083314697814569,0.26454535126686096,1,volatility_factor,0.4390140175819397,quality_factor,0.29509666562080383,value_factor,0.1566161960363388
2021-12-28,600062.SH,cp,2,cn_a,SIZE_SMALL,0.005988179152854313,0.004735440518588197,0.005988179152854313,0.26454535126686096,0,volatility_factor,0.439910352230072,quality_factor,0.3314696252346039,value_factor,0.1328214854001999
2021-12-28,600008.SH,cp,2,cn_a,SIZE_SMALL,0.004099763974282379,0.003242085439479717,0.004099763974282379,0.26454535126686096,0,volatility_factor,0.43987879157066345,quality_factor,0.3301904797554016,value_factor,0.1336582750082016
2021-12-28,600109.SH,cp,2,cn_a,SIZE_SMALL,0.003534414878608298,0.002795008465584215,0.003534414878608298,0.26454535126686096,1,volatility_factor,0.43700072169303894,quality_factor,0.2133954018354416,value_factor,0.21006406843662262
2021-12-28,600038.SH,cp,2,cn_a,SIZE_SMALL,0.0024167658319381806,0.0019111737562234566,0.0024167658319381806,0.26454535126686096,1,volatility_factor,0.3918873071670532,value_factor,0.34763872623443604,momentum_factor,0.2155987024307251
2021-12-28,600023.SH,cp,2,cn_a,SIZE_SMALL,0.0019273479307896973,0.001524143024433107,0.0019273479307896973,0.26454535126686096,1,quality_factor,0.5372545123100281,volatility_factor,0.3326197862625122,value_factor,0.09280092269182205
2021-12-28,600098.SH,cp,2,cn_a,SIZE_SMALL,0.0013431684313999163,0.0010621750036165726,0.0013431684313999163,0.26454535126686096,0,quality_factor,0.5419225692749023,volatility_factor,0.4311562180519104,value_factor,0.01614404283463955
2021-12-28,600061.SH,cp,2,cn_a,SIZE_SMALL,-8.447880704149707e-05,-6.680567758825565e-05,-8.447880704149707e-05,0.26454535126686096,1,volatility_factor,0.4348304271697998,value_factor,0.26768067479133606,momentum_factor,0.17216715216636658
2021-12-28,600095.SH,cp,2,cn_a,SIZE_SMALL,-0.0008645543696158401,-0.0006836879271472475,-0.0008645543696158401,0.26454535126686096,1,quality_factor,0.5344312787055969,volatility_factor,0.3142530620098114,value_factor,0.1057727262377739
2021-12-28,600007.SH,cp,2,cn_a,SIZE_SMALL,-0.0046887089066990975,-0.0037078219555380185,-0.0046887089066990975,0.26454535126686096,0,volatility_factor,0.43958204984664917,quality_factor,0.31814825534820557,value_factor,0.14153611660003662
2021-12-28,600060.SH,cp,2,cn_a,SIZE_SMALL,-0.005018747314659069,-0.003968815691672154,-0.005018747314659069,0.26454535126686096,1,volatility_factor,0.43692851066589355,value_factor,0.21198232471942902,quality_factor,0.21046312153339386
2021-12-28,600096.SH,cp,2,cn_a,SIZE_SMALL,-0.020367197831206343,-0.01610634074199728,-0.020367197831206343,0.26454535126686096,0,volatility_factor,0.43988415598869324,quality_factor,0.33040836453437805,value_factor,0.13351570069789886
2021-12-29,600004.SH,cp,2,cn_a,SIZE_SMALL,0.011767670040682373,0.008299845575109308,0.011767670040682373,0.41781798005104065,1,volatility_factor,0.38326066732406616,value_factor,0.3472002446651459,momentum_factor,0.21495051681995392
2021-12-29,600038.SH,cp,2,cn_a,SIZE_SMALL,0.011016288305946288,0.007769889148330909,0.011016288305946288,0.41781798005104065,1,volatility_factor,0.39132198691368103,value_factor,0.3476099967956543,momentum_factor,0.21555623412132263
2021-12-29,600109.SH,cp,2,cn_a,SIZE_SMALL,0.007900859137866575,0.005572548391336547,0.007900859137866575,0.41781798005104065,1,volatility_factor,0.3875284194946289,value_factor,0.3474171757698059,momentum_factor,0.21527118980884552
2021-12-29,600062.SH,cp,2,cn_a,SIZE_SMALL,0.006157722333981764,0.004343098021083423,0.006157722333981764,0.41781798005104065,0,volatility_factor,0.3790045976638794,value_factor,0.3469839096069336,momentum_factor,0.21463073790073395
2021-12-29,600008.SH,cp,2,cn_a,SIZE_SMALL,0.004272018777273771,0.0030130940128980307,0.004272018777273771,0.41781798005104065,0,volatility_factor,0.3792087137699127,value_factor,0.3469942808151245,momentum_factor,0.21464605629444122
2021-12-29,600095.SH,cp,2,cn_a,SIZE_SMALL,0.0040154891813819794,0.002832161336846927,0.0040154891813819794,0.41781798005104065,1,volatility_factor,0.3987181484699249,value_factor,0.3479859232902527,momentum_factor,0.216111958026886
2021-12-29,600061.SH,cp,2,cn_a,SIZE_SMALL,-0.00025897961634483205,-0.00018266069794038156,-0.00025897961634483205,0.41781798005104065,1,volatility_factor,0.3895372450351715,value_factor,0.34751927852630615,momentum_factor,0.2154221385717392
2021-12-29,600098.SH,cp,2,cn_a,SIZE_SMALL,-0.0022490941826007953,-0.0015863067484836483,-0.0022490941826007953,0.41781798005104065,0,volatility_factor,0.40539857745170593,value_factor,0.3483254611492157,momentum_factor,0.21661387383937836
2021-12-29,600007.SH,cp,2,cn_a,SIZE_SMALL,-0.005487281791324404,-0.003870230159211771,-0.005487281791324404,0.41781798005104065,0,volatility_factor,0.38089439272880554,value_factor,0.34707993268966675,momentum_factor,0.21477271616458893
2021-12-29,600023.SH,cp,2,cn_a,SIZE_SMALL,-0.007749159062488344,-0.005465552937264591,-0.007749159062488344,0.41781798005104065,1,volatility_factor,0.39929571747779846,value_factor,0.34801530838012695,momentum_factor,0.21615536510944366
2021-12-29,600060.SH,cp,2,cn_a,SIZE_SMALL,-0.011362283622980817,-0.008013922817797312,-0.011362283622980817,0.41781798005104065,1,volatility_factor,0.38762161135673523,value_factor,0.34742188453674316,momentum_factor,0.21527817845344543
2021-12-29,600096.SH,cp,2,cn_a,SIZE_SMALL,-0.021175415720099195,-0.014935214860542945,-0.021175415720099195,0.41781798005104065,0,volatility_factor,0.3791743218898773,value_factor,0.34699252247810364,momentum_factor,0.21464349329471588
2021-12-30,600004.SH,cp,2,cn_a,SIZE_SMALL,0.017540295695839758,0.014231053787128911,0.017540295695839758,0.2325366586446762,1,volatility_factor,0.4333369731903076,value_factor,0.30732810497283936,momentum_factor,0.1946188509464264
2021-12-30,600038.SH,cp,2,cn_a,SIZE_SMALL,0.012755039797995568,0.010348608744680257,0.012755039797995568,0.2325366586446762,1,volatility_factor,0.39139485359191895,value_factor,0.34761369228363037,momentum_factor,0.21556170284748077
2021-12-30,600109.SH,cp,2,cn_a,SIZE_SMALL,0.010374329332389727,0.008417055293409012,0.010374329332389727,0.2325366586446762,1,volatility_factor,0.432036817073822,value_factor,0.34184426069259644,momentum_factor,0.21416480839252472
2021-12-30,600062.SH,cp,2,cn_a,SIZE_SMALL,0.010287314396905537,0.00834645704075511,0.010287314396905537,0.2325366586446762,0,volatility_factor,0.4343387186527252,value_factor,0.2807343900203705,momentum_factor,0.17955927550792694
2021-12-30,600008.SH,cp,2,cn_a,SIZE_SMALL,0.007099789143021012,0.005760306606209048,0.007099789143021012,0.2325366586446762,0,volatility_factor,0.4342959225177765,value_factor,0.28187111020088196,momentum_factor,0.18020297586917877
2021-12-30,600095.SH,cp,2,cn_a,SIZE_SMALL,0.0034607172484402,0.0028078006299676224,0.0034607172484402,0.2325366586446762,1,value_factor,0.3422064185142517,volatility_factor,0.2850125730037689,momentum_factor,0.2075684666633606
2021-12-30,600061.SH,cp,2,cn_a,SIZE_SMALL,-0.00031869263072973746,-0.00025856644882857956,-0.00031869263072973746,0.2325366586446762,1,volatility_factor,0.4157616198062897,value_factor,0.3488522171974182,momentum_factor,0.21739253401756287
2021-12-30,600098.SH,cp,2,cn_a,SIZE_SMALL,-0.001353490664545347,-0.001098134192349459,-0.001353490664545347,0.2325366586446762,0,value_factor,0.33690568804740906,quality_factor,0.2826358377933502,momentum_factor,0.1997326910495758
2021-12-30,600023.SH,cp,2,cn_a,SIZE_SMALL,-0.006502245831426174,-0.005275498872354128,-0.006502245831426174,0.2325366586446762,1,value_factor,0.34176450967788696,volatility_factor,0.2763182520866394,momentum_factor,0.20691519975662231
2021-12-30,600007.SH,cp,2,cn_a,SIZE_SMALL,-0.008726354489429962,-0.007079995814100563,-0.008726354489429962,0.2325366586446762,0,volatility_factor,0.43392348289489746,value_factor,0.29175764322280884,momentum_factor,0.18580156564712524
2021-12-30,600060.SH,cp,2,cn_a,SIZE_SMALL,-0.014875737307549807,-0.012069204614215956,-0.014875737307549807,0.2325366586446762,1,volatility_factor,0.4320041239261627,value_factor,0.34271207451820374,momentum_factor,0.21465623378753662
2021-12-30,600096.SH,cp,2,cn_a,SIZE_SMALL,-0.03522308097336993,-0.02857771434259883,-0.03522308097336993,0.2325366586446762,0,volatility_factor,0.4343031346797943,value_factor,0.281678706407547,momentum_factor,0.18009401857852936
2021-12-31,600004.SH,cp,2,cn_a,SIZE_SMALL,0.02511952135724802,0.017511436969358293,0.02511952135724802,0.4344637393951416,1,volatility_factor,0.3651551306247711,value_factor,0.34627991914749146,momentum_factor,0.2135901153087616
2021-12-31,600038.SH,cp,2,cn_a,SIZE_SMALL,0.024577177891877293,0.017133355983080162,0.024577177891877293,0.4344637393951416,1,volatility_factor,0.39131098985671997,value_factor,0.34760943055152893,momentum_factor,0.21555539965629578
2021-12-31,600109.SH,cp,2,cn_a,SIZE_SMALL,0.017271488244645986,0.0120403798090628,0.017271488244645986,0.4344637393951416,1,volatility_factor,0.37904664874076843,value_factor,0.3469860553741455,momentum_factor,0.21463389694690704
2021-12-31,600062.SH,cp,2,cn_a,SIZE_SMALL,0.012823230033568883,0.008939389460604942,0.012823230033568883,0.4344637393951416,0,volatility_factor,0.3512014150619507,value_factor,0.34557071328163147,momentum_factor,0.21254168450832367
2021-12-31,600095.SH,cp,2,cn_a,SIZE_SMALL,0.009302737432372378,0.006485167367350105,0.009302737432372378,0.4344637393951416,1,volatility_factor,0.41499948501586914,value_factor,0.3488134741783142,momentum_factor,0.2173352688550949
2021-12-31,600008.SH,cp,2,cn_a,SIZE_SMALL,0.008907096135409338,0.006209356075577845,0.008907096135409338,0.4344637393951416,0,volatility_factor,0.35187289118766785,value_factor,0.3456048369407654,momentum_factor,0.21259213984012604
2021-12-31,600061.SH,cp,2,cn_a,SIZE_SMALL,-0.0005723239724102409,-0.0003989811360805592,-0.0005723239724102409,0.4344637393951416,1,volatility_factor,0.3855507969856262,value_factor,0.3473166227340698,momentum_factor,0.21512259542942047
2021-12-31,600098.SH,cp,2,cn_a,SIZE_SMALL,-0.005379902700675553,-0.0037504626662393376,-0.005379902700675553,0.4344637393951416,0,volatility_factor,0.4318631887435913,value_factor,0.3464527428150177,momentum_factor,0.21677452325820923
2021-12-31,600007.SH,cp,2,cn_a,SIZE_SMALL,-0.011554758967232294,-0.008055107040979993,-0.011554758967232294,0.4344637393951416,0,volatility_factor,0.35740968585014343,value_factor,0.3458862602710724,momentum_factor,0.21300816535949707
2021-12-31,600023.SH,cp,2,cn_a,SIZE_SMALL,-0.01800364333258736,-0.012550783152022238,-0.01800364333258736,0.4344637393951416,1,volatility_factor,0.4168369770050049,value_factor,0.34890687465667725,momentum_factor,0.2174733579158783
2021-12-31,600060.SH,cp,2,cn_a,SIZE_SMALL,-0.024850900018942718,-0.017324174418951427,-0.024850900018942718,0.4344637393951416,1,volatility_factor,0.3793489336967468,value_factor,0.34700140357017517,momentum_factor,0.21465660631656647
2021-12-31,600096.SH,cp,2,cn_a,SIZE_SMALL,-0.04414143438009646,-0.030772080999906776,-0.04414143438009646,0.4344637393951416,0,volatility_factor,0.35175976157188416,value_factor,0.34559908509254456,momentum_factor,0.21258364617824554
