trade_date,stock_code,model,rank,market_id,universe_id,total_score,stock_score,selection_signal,time_regime_score,cluster_label,top_factor_1,top_factor_1_score,top_factor_2,top_factor_2_score,top_factor_3,top_factor_3_score
2019-10-24,600016.SH,cp,3,cn_a,SIZE_LARGE,0.09987076055664137,0.09987076055664137,0.09987076055664137,0.0,2,volatility_factor,0.6729413270950317,momentum_factor,0.14806894958019257,value_factor,0.09729761630296707
2019-10-24,600000.SH,cp,3,cn_a,SIZE_LARGE,0.07518567349429953,0.07518567349429953,0.07518567349429953,0.0,2,volatility_factor,0.7069284915924072,momentum_factor,0.15025444328784943,value_factor,0.0914616733789444
2019-10-24,600030.SH,cp,3,cn_a,SIZE_LARGE,0.02214694951501548,0.02214694951501548,0.02214694951501548,0.0,1,volatility_factor,0.5141452550888062,quality_factor,0.22429916262626648,momentum_factor,0.1376079022884369
2019-10-24,600019.SH,cp,3,cn_a,SIZE_LARGE,-0.0047324316812619085,-0.0047324316812619085,-0.0047324316812619085,0.0,2,quality_factor,0.6212818026542664,value_factor,0.21247093379497528,momentum_factor,0.11191766709089279
2019-10-24,600089.SH,cp,3,cn_a,SIZE_LARGE,-0.01974560008381974,-0.01974560008381974,-0.01974560008381974,0.0,1,volatility_factor,0.538005530834198,quality_factor,0.19988928735256195,momentum_factor,0.14003972709178925
2019-10-24,600018.SH,cp,3,cn_a,SIZE_LARGE,-0.04123687114725508,-0.04123687114725508,-0.04123687114725508,0.0,2,volatility_factor,0.737482488155365,momentum_factor,0.15196849405765533,value_factor,0.08559667319059372
2019-10-24,600028.SH,cp,3,cn_a,SIZE_LARGE,-0.04538197454310147,-0.04538197454310147,-0.04538197454310147,0.0,1,volatility_factor,0.561598539352417,quality_factor,0.17875944077968597,momentum_factor,0.14157727360725403
2019-10-24,600050.SH,cp,3,cn_a,SIZE_LARGE,-0.045807763053195616,-0.045807763053195616,-0.045807763053195616,0.0,1,volatility_factor,0.6066025495529175,momentum_factor,0.1442587971687317,quality_factor,0.13932563364505768
2019-10-24,600104.SH,cp,3,cn_a,SIZE_LARGE,-0.061124705518438,-0.061124705518438,-0.061124705518438,0.0,1,volatility_factor,0.5941182971000671,quality_factor,0.15028336644172668,momentum_factor,0.14350956678390503
2019-10-24,600031.SH,cp,3,cn_a,SIZE_LARGE,-0.07128101398516347,-0.07128101398516347,-0.07128101398516347,0.0,2,volatility_factor,0.6684200763702393,momentum_factor,0.14807064831256866,value_factor,0.0987955704331398
2019-10-24,600036.SH,cp,3,cn_a,SIZE_LARGE,-0.078310434574847,-0.078310434574847,-0.078310434574847,0.0,1,volatility_factor,0.6363613605499268,momentum_factor,0.14620162546634674,quality_factor,0.11266171932220459
2019-10-24,600111.SH,cp,3,cn_a,SIZE_LARGE,-0.10023920322506252,-0.10023920322506252,-0.10023920322506252,0.0,2,volatility_factor,0.7157332301139832,momentum_factor,0.1509808599948883,value_factor,0.09034527838230133
2019-10-24,600011.SH,cp,3,cn_a,SIZE_LARGE,-0.16342897278714252,-0.16342897278714252,-0.16342897278714252,0.0,1,volatility_factor,0.6303502917289734,momentum_factor,0.14561738073825836,quality_factor,0.11871275305747986
2019-10-24,600118.SH,cp,3,cn_a,SIZE_LARGE,-0.18405732851297693,-0.18405732851297693,-0.18405732851297693,0.0,1,volatility_factor,0.6506357192993164,momentum_factor,0.14690397679805756,value_factor,0.1017923653125763
2019-10-25,600000.SH,cp,3,cn_a,SIZE_LARGE,0.027042013138496867,0.015767765308995436,0.027042013138496867,0.7150186896324158,2,volatility_factor,0.38423454761505127,value_factor,0.32314249873161316,momentum_factor,0.19740363955497742
2019-10-25,600016.SH,cp,3,cn_a,SIZE_LARGE,0.02610425741788213,0.015220974948230048,0.02610425741788213,0.7150186896324158,2,volatility_factor,0.3769231140613556,value_factor,0.3153854012489319,momentum_factor,0.192542165517807
2019-10-25,600019.SH,cp,3,cn_a,SIZE_LARGE,-0.003952937950905452,-0.0023048948897287256,-0.003952937950905452,0.7150186896324158,2,value_factor,0.4714478552341461,momentum_factor,0.22875019907951355,volatility_factor,0.17709966003894806
2019-10-25,600089.SH,cp,3,cn_a,SIZE_LARGE,-0.005187692461424365,-0.003024860494226171,-0.005187692461424365,0.7150186896324158,1,volatility_factor,0.5164470672607422,value_factor,0.17650344967842102,quality_factor,0.15352997183799744
2019-10-25,600030.SH,cp,3,cn_a,SIZE_LARGE,-0.008896668994419377,-0.0051875053834700815,-0.008896668994419377,0.7150186896324158,1,quality_factor,0.6579278707504272,volatility_factor,0.20962204039096832,momentum_factor,0.07136325538158417
2019-10-25,600018.SH,cp,3,cn_a,SIZE_LARGE,-0.01220594658093349,-0.007117092210428253,-0.01220594658093349,0.7150186896324158,2,volatility_factor,0.36338627338409424,value_factor,0.33381253480911255,momentum_factor,0.19860321283340454
2019-10-25,600028.SH,cp,3,cn_a,SIZE_LARGE,-0.01583467878877987,-0.009232947917230672,-0.01583467878877987,0.7150186896324158,1,volatility_factor,0.49730783700942993,value_factor,0.22369806468486786,momentum_factor,0.17180028557777405
2019-10-25,600050.SH,cp,3,cn_a,SIZE_LARGE,-0.015982580104569308,-0.009319186808703568,-0.015982580104569308,0.7150186896324158,1,volatility_factor,0.43914559483528137,value_factor,0.27415862679481506,momentum_factor,0.18465249240398407
2019-10-25,600104.SH,cp,3,cn_a,SIZE_LARGE,-0.0211180030848123,-0.012313569804532345,-0.0211180030848123,0.7150186896324158,1,volatility_factor,0.45072048902511597,value_factor,0.2633972465991974,momentum_factor,0.1817643940448761
2019-10-25,600031.SH,cp,3,cn_a,SIZE_LARGE,-0.03051409672212074,-0.017792281708695706,-0.03051409672212074,0.7150186896324158,2,volatility_factor,0.4143470525741577,value_factor,0.30679428577423096,momentum_factor,0.19524067640304565
2019-10-25,600036.SH,cp,3,cn_a,SIZE_LARGE,-0.035633527796541074,-0.02077734008003873,-0.035633527796541074,0.7150186896324158,1,volatility_factor,0.44024980068206787,value_factor,0.29014554619789124,momentum_factor,0.1921922266483307
2019-10-25,600111.SH,cp,3,cn_a,SIZE_LARGE,-0.048256867506255095,-0.028137807547423337,-0.048256867506255095,0.7150186896324158,2,volatility_factor,0.4027557969093323,value_factor,0.3212193548679352,momentum_factor,0.19980880618095398
2019-10-25,600011.SH,cp,3,cn_a,SIZE_LARGE,-0.051247629049524096,-0.029881672764406807,-0.051247629049524096,0.7150186896324158,1,volatility_factor,0.4112688899040222,value_factor,0.2922109067440033,momentum_factor,0.18799518048763275
2019-10-25,600118.SH,cp,3,cn_a,SIZE_LARGE,-0.06667480330034099,-0.038877011303813325,-0.06667480330034099,0.7150186896324158,1,volatility_factor,0.410225510597229,value_factor,0.3013168275356293,momentum_factor,0.19199277460575104
2019-10-28,600016.SH,cp,3,cn_a,SIZE_LARGE,0.17545913233330976,0.11062076803059717,0.17545913233330976,0.5861319303512573,2,volatility_factor,0.5729617476463318,quality_factor,0.15365642309188843,momentum_factor,0.14662212133407593
2019-10-28,600000.SH,cp,3,cn_a,SIZE_LARGE,0.14775340962186226,0.09315329122032207,0.14775340962186226,0.5861319303512573,2,volatility_factor,0.5752710700035095,quality_factor,0.15110984444618225,momentum_factor,0.14691056311130524
2019-10-28,600019.SH,cp,3,cn_a,SIZE_LARGE,0.015992963068234375,0.010082996730727593,0.015992963068234375,0.5861319303512573,2,volatility_factor,0.6092536449432373,momentum_factor,0.1508888304233551,value_factor,0.12529818713665009
2019-10-28,600030.SH,cp,3,cn_a,SIZE_LARGE,0.015197949594297473,0.009581768895435959,0.015197949594297473,0.5861319303512573,1,volatility_factor,0.5398186445236206,quality_factor,0.19044320285320282,momentum_factor,0.14241363108158112
2019-10-28,600089.SH,cp,3,cn_a,SIZE_LARGE,-0.017710438212837926,-0.011165803975029906,-0.017710438212837926,0.5861319303512573,1,volatility_factor,0.5505703091621399,quality_factor,0.17787878215312958,momentum_factor,0.14396075904369354
2019-10-28,600028.SH,cp,3,cn_a,SIZE_LARGE,-0.04818142104023903,-0.030376679340645387,-0.04818142104023903,0.5861319303512573,1,volatility_factor,0.5573822259902954,quality_factor,0.17043139040470123,momentum_factor,0.14479301869869232
2019-10-28,600050.SH,cp,3,cn_a,SIZE_LARGE,-0.06204069301626207,-0.03911445941481225,-0.06204069301626207,0.5861319303512573,1,volatility_factor,0.5657914280891418,quality_factor,0.16135118901729584,momentum_factor,0.14578773081302643
2019-10-28,600104.SH,cp,3,cn_a,SIZE_LARGE,-0.07788314454412254,-0.0491025639505756,-0.07788314454412254,0.5861319303512573,1,volatility_factor,0.5638792514801025,quality_factor,0.16341853141784668,momentum_factor,0.14556078612804413
2019-10-28,600018.SH,cp,3,cn_a,SIZE_LARGE,-0.08803312841483596,-0.055501769260354376,-0.08803312841483596,0.5861319303512573,2,volatility_factor,0.5770507454872131,quality_factor,0.1492171734571457,momentum_factor,0.14711269736289978
2019-10-28,600036.SH,cp,3,cn_a,SIZE_LARGE,-0.12134362237190245,-0.07650285581542404,-0.12134362237190245,0.5861319303512573,1,volatility_factor,0.5694035291671753,quality_factor,0.15738530457019806,momentum_factor,0.14623390138149261
2019-10-28,600031.SH,cp,3,cn_a,SIZE_LARGE,-0.12425369383148699,-0.07833755279358783,-0.12425369383148699,0.5861319303512573,2,volatility_factor,0.5724495649337769,quality_factor,0.15411821007728577,momentum_factor,0.14658784866333008
2019-10-28,600111.SH,cp,3,cn_a,SIZE_LARGE,-0.20310675643194953,-0.12805161572339727,-0.20310675643194953,0.5861319303512573,2,volatility_factor,0.5757001638412476,quality_factor,0.15058912336826324,momentum_factor,0.14697788655757904
2019-10-28,600011.SH,cp,3,cn_a,SIZE_LARGE,-0.24532728390778483,-0.15467016281139728,-0.24532728390778483,0.5861319303512573,1,volatility_factor,0.5688576102256775,quality_factor,0.15806293487548828,momentum_factor,0.14614391326904297
2019-10-28,600118.SH,cp,3,cn_a,SIZE_LARGE,-0.30002468794902004,-0.18915493863273908,-0.30002468794902004,0.5861319303512573,1,volatility_factor,0.5709296464920044,quality_factor,0.1557951718568802,momentum_factor,0.14639776945114136
2019-10-29,600016.SH,cp,3,cn_a,SIZE_LARGE,0.21444480857690668,0.15089989030267814,0.21444480857690668,0.4211064279079437,2,volatility_factor,0.6506020426750183,quality_factor,0.2059127688407898,momentum_factor,0.11656056344509125
2019-10-29,600000.SH,cp,3,cn_a,SIZE_LARGE,0.16960851441353977,0.11934961908963432,0.16960851441353977,0.4211064279079437,2,volatility_factor,0.6792587041854858,quality_factor,0.1970008760690689,momentum_factor,0.11359699070453644
2019-10-29,600030.SH,cp,3,cn_a,SIZE_LARGE,0.0368212336872847,0.025910257101084667,0.0368212336872847,0.4211064279079437,1,volatility_factor,0.4923676550388336,quality_factor,0.25615552067756653,momentum_factor,0.13262654840946198
2019-10-29,600019.SH,cp,3,cn_a,SIZE_LARGE,0.009133768614562419,0.006427223354736597,0.009133768614562419,0.4211064279079437,2,volatility_factor,0.516757607460022,value_factor,0.29889777302742004,quality_factor,0.13302934169769287
2019-10-29,600089.SH,cp,3,cn_a,SIZE_LARGE,-0.02979230654626839,-0.02096416238532245,-0.02979230654626839,0.4211064279079437,1,volatility_factor,0.516884982585907,quality_factor,0.24447327852249146,momentum_factor,0.1312611699104309
2019-10-29,600028.SH,cp,3,cn_a,SIZE_LARGE,-0.07219279023543891,-0.050800409669349005,-0.07219279023543891,0.4211064279079437,1,volatility_factor,0.5454062819480896,quality_factor,0.23557531833648682,momentum_factor,0.12831972539424896
2019-10-29,600050.SH,cp,3,cn_a,SIZE_LARGE,-0.08281420900750125,-0.058274458298454464,-0.08281420900750125,0.4211064279079437,1,volatility_factor,0.5938665270805359,quality_factor,0.22163601219654083,momentum_factor,0.12298190593719482
2019-10-29,600018.SH,cp,3,cn_a,SIZE_LARGE,-0.09943812263751178,-0.06997232480227399,-0.09943812263751178,0.4211064279079437,2,volatility_factor,0.6960214376449585,quality_factor,0.1914055347442627,momentum_factor,0.11106288433074951
2019-10-29,600104.SH,cp,3,cn_a,SIZE_LARGE,-0.10696661202562048,-0.07526995000639758,-0.10696661202562048,0.4211064279079437,1,volatility_factor,0.5811455845832825,quality_factor,0.22532117366790771,momentum_factor,0.1243755891919136
2019-10-29,600031.SH,cp,3,cn_a,SIZE_LARGE,-0.14678663009363685,-0.10329038285431785,-0.14678663009363685,0.4211064279079437,2,volatility_factor,0.6516257524490356,quality_factor,0.20445924997329712,momentum_factor,0.1167820543050766
2019-10-29,600036.SH,cp,3,cn_a,SIZE_LARGE,-0.14903105716428688,-0.10486973467449488,-0.14903105716428688,0.4211064279079437,1,volatility_factor,0.6244115829467773,quality_factor,0.21206256747245789,momentum_factor,0.119844451546669
2019-10-29,600111.SH,cp,3,cn_a,SIZE_LARGE,-0.22496911533848718,-0.1583056034387212,-0.22496911533848718,0.4211064279079437,2,volatility_factor,0.6898435354232788,quality_factor,0.19312314689159393,momentum_factor,0.11267132312059402
2019-10-29,600011.SH,cp,3,cn_a,SIZE_LARGE,-0.31593973453242424,-0.222319540396345,-0.31593973453242424,0.4211064279079437,1,volatility_factor,0.6158000826835632,quality_factor,0.21558235585689545,momentum_factor,0.12049229443073273
2019-10-29,600118.SH,cp,3,cn_a,SIZE_LARGE,-0.3692390781148834,-0.2598250652592302,-0.3692390781148834,0.4211064279079437,1,volatility_factor,0.6348738670349121,quality_factor,0.20974504947662354,momentum_factor,0.1184925064444542
2019-10-30,600016.SH,cp,3,cn_a,SIZE_LARGE,0.208844911247384,0.1894482443911285,0.208844911247384,0.102385014295578,2,volatility_factor,0.647654116153717,quality_factor,0.1894899606704712,momentum_factor,0.12186573445796967
2019-10-30,600000.SH,cp,3,cn_a,SIZE_LARGE,0.16504509550189547,0.1497163775810788,0.16504509550189547,0.102385014295578,2,volatility_factor,0.6742937564849854,quality_factor,0.17897167801856995,momentum_factor,0.11975487321615219
2019-10-30,600030.SH,cp,3,cn_a,SIZE_LARGE,0.035830852200960044,0.032503028223029834,0.035830852200960044,0.102385014295578,1,volatility_factor,0.4963049292564392,quality_factor,0.2505011260509491,momentum_factor,0.13349685072898865
2019-10-30,600019.SH,cp,3,cn_a,SIZE_LARGE,0.007744971766553263,0.007025650255343494,0.007744971766553263,0.102385014295578,2,volatility_factor,0.5086750984191895,value_factor,0.273310124874115,quality_factor,0.1756865680217743
2019-10-30,600089.SH,cp,3,cn_a,SIZE_LARGE,-0.029693657689418996,-0.026935831403371222,-0.029693657689418996,0.102385014295578,1,volatility_factor,0.52102130651474,quality_factor,0.2359267920255661,momentum_factor,0.1329270601272583
2019-10-30,600028.SH,cp,3,cn_a,SIZE_LARGE,-0.07183026520353689,-0.0651589620052554,-0.07183026520353689,0.102385014295578,1,volatility_factor,0.5480367541313171,quality_factor,0.2252417653799057,momentum_factor,0.13079172372817993
2019-10-30,600050.SH,cp,3,cn_a,SIZE_LARGE,-0.08165356027997403,-0.07406990934532541,-0.08165356027997403,0.102385014295578,1,volatility_factor,0.5937504768371582,quality_factor,0.20851902663707733,momentum_factor,0.12678690254688263
2019-10-30,600018.SH,cp,3,cn_a,SIZE_LARGE,-0.09631428998667248,-0.08736901004085014,-0.09631428998667248,0.102385014295578,2,volatility_factor,0.6924675107002258,quality_factor,0.17279978096485138,momentum_factor,0.11802538484334946
2019-10-30,600104.SH,cp,3,cn_a,SIZE_LARGE,-0.10569204140124078,-0.09587579400419959,-0.10569204140124078,0.102385014295578,1,volatility_factor,0.5817539095878601,quality_factor,0.21293756365776062,momentum_factor,0.12782923877239227
2019-10-30,600031.SH,cp,3,cn_a,SIZE_LARGE,-0.1437814531728468,-0.1304276159610869,-0.1437814531728468,0.102385014295578,2,volatility_factor,0.6479210257530212,quality_factor,0.1880567967891693,momentum_factor,0.12222747504711151
2019-10-30,600036.SH,cp,3,cn_a,SIZE_LARGE,-0.1467941101161301,-0.1331604695673771,-0.1467941101161301,0.102385014295578,1,volatility_factor,0.6222222447395325,quality_factor,0.19720114767551422,momentum_factor,0.12455285340547562
2019-10-30,600111.SH,cp,3,cn_a,SIZE_LARGE,-0.2194813741158554,-0.19909683580246734,-0.2194813741158554,0.102385014295578,2,volatility_factor,0.6835989356040955,quality_factor,0.1746135950088501,momentum_factor,0.11921483278274536
2019-10-30,600011.SH,cp,3,cn_a,SIZE_LARGE,-0.30992361564971554,-0.281139169393695,-0.30992361564971554,0.102385014295578,1,volatility_factor,0.6145493984222412,quality_factor,0.20120514929294586,momentum_factor,0.12487980723381042
2019-10-30,600118.SH,cp,3,cn_a,SIZE_LARGE,-0.36176093409966126,-0.3281620483119817,-0.36176093409966126,0.102385014295578,1,volatility_factor,0.6324000358581543,quality_factor,0.19427065551280975,momentum_factor,0.12343262135982513
2019-10-31,600016.SH,cp,3,cn_a,SIZE_LARGE,0.2513127167381964,0.2034688026011646,0.2513127167381964,0.2351413071155548,2,volatility_factor,0.6858879327774048,momentum_factor,0.13373735547065735,quality_factor,0.12272091209888458
2019-10-31,600000.SH,cp,3,cn_a,SIZE_LARGE,0.18954163894773626,0.15345745659155752,0.18954163894773626,0.2351413071155548,2,volatility_factor,0.7289438843727112,momentum_factor,0.13327130675315857,quality_factor,0.09550635516643524
2019-10-31,600030.SH,cp,3,cn_a,SIZE_LARGE,0.056158842299574574,0.04546754556024174,0.056158842299574574,0.2351413071155548,1,volatility_factor,0.5038865804672241,quality_factor,0.23901884257793427,momentum_factor,0.13534405827522278
2019-10-31,600019.SH,cp,3,cn_a,SIZE_LARGE,-0.007509336665667523,-0.006079739057869047,-0.007509336665667523,0.2351413071155548,2,quality_factor,0.5345737934112549,value_factor,0.31428733468055725,momentum_factor,0.14652130007743835
2019-10-31,600089.SH,cp,3,cn_a,SIZE_LARGE,-0.047123672594226916,-0.03815245548001901,-0.047123672594226916,0.2351413071155548,1,volatility_factor,0.5290147066116333,quality_factor,0.21837493777275085,momentum_factor,0.1364450454711914
2019-10-31,600018.SH,cp,3,cn_a,SIZE_LARGE,-0.10572552771930412,-0.08559792281356335,-0.10572552771930412,0.2351413071155548,2,volatility_factor,0.7647864818572998,momentum_factor,0.13247576355934143,quality_factor,0.07426466792821884
2019-10-31,600028.SH,cp,3,cn_a,SIZE_LARGE,-0.10836655349820332,-0.08773616062279935,-0.10836655349820332,0.2351413071155548,1,volatility_factor,0.556107223033905,quality_factor,0.20109079778194427,momentum_factor,0.13619785010814667
2019-10-31,600050.SH,cp,3,cn_a,SIZE_LARGE,-0.11140207375508678,-0.09019379062241084,-0.11140207375508678,0.2351413071155548,1,volatility_factor,0.6085021495819092,quality_factor,0.169115349650383,momentum_factor,0.1353013962507248
2019-10-31,600104.SH,cp,3,cn_a,SIZE_LARGE,-0.14797080487824774,-0.11980071235261801,-0.14797080487824774,0.2351413071155548,1,volatility_factor,0.5938517451286316,quality_factor,0.1780872941017151,momentum_factor,0.1355430781841278
2019-10-31,600031.SH,cp,3,cn_a,SIZE_LARGE,-0.17598741426771009,-0.1424836312251911,-0.17598741426771009,0.2351413071155548,2,volatility_factor,0.6833720803260803,momentum_factor,0.13424080610275269,quality_factor,0.12265972793102264
2019-10-31,600036.SH,cp,3,cn_a,SIZE_LARGE,-0.19048489001577898,-0.1542211352778488,-0.19048489001577898,0.2351413071155548,1,volatility_factor,0.6450117826461792,quality_factor,0.145828977227211,momentum_factor,0.1349666565656662
2019-10-31,600111.SH,cp,3,cn_a,SIZE_LARGE,-0.2502993459339399,-0.2026483532947817,-0.2502993459339399,0.2351413071155548,2,volatility_factor,0.7427688241004944,momentum_factor,0.13338688015937805,quality_factor,0.08584839850664139
2019-10-31,600011.SH,cp,3,cn_a,SIZE_LARGE,-0.40263382653766056,-0.3259820021669897,-0.40263382653766056,0.2351413071155548,1,volatility_factor,0.6361093521118164,quality_factor,0.15259578824043274,momentum_factor,0.13473433256149292
2019-10-31,600118.SH,cp,3,cn_a,SIZE_LARGE,-0.45458886793877534,-0.36804604970180377,-0.45458886793877534,0.2351413071155548,1,volatility_factor,0.6608640551567078,quality_factor,0.13703350722789764,momentum_factor,0.1344420164823532
2019-11-01,600016.SH,cp,3,cn_a,SIZE_LARGE,0.32758374827112124,0.23830303347950332,0.32758374827112124,0.37465202808380127,2,volatility_factor,0.6980166435241699,quality_factor,0.18932099640369415,momentum_factor,0.11147107928991318
2019-11-01,600000.SH,cp,3,cn_a,SIZE_LARGE,0.2489281446127459,0.1810844777639762,0.2489281446127459,0.37465202808380127,2,volatility_factor,0.7078258991241455,quality_factor,0.16164685785770416,momentum_factor,0.0996565893292427
2019-11-01,600030.SH,cp,3,cn_a,SIZE_LARGE,0.07191270874098944,0.05231339078678136,0.07191270874098944,0.37465202808380127,1,volatility_factor,0.4911285936832428,quality_factor,0.2573784291744232,momentum_factor,0.132513165473938
2019-11-01,600019.SH,cp,3,cn_a,SIZE_LARGE,-0.0006951277400203954,-0.0005056754188108026,-0.0006951277400203954,0.37465202808380127,2,value_factor,0.39147666096687317,quality_factor,0.351681113243103,momentum_factor,0.16075432300567627
2019-11-01,600089.SH,cp,3,cn_a,SIZE_LARGE,-0.055891203337217456,-0.04065843733204766,-0.055891203337217456,0.37465202808380127,1,volatility_factor,0.5157977938652039,quality_factor,0.24565626680850983,momentum_factor,0.13112996518611908
2019-11-01,600028.SH,cp,3,cn_a,SIZE_LARGE,-0.12925688108828512,-0.09402880034190397,-0.12925688108828512,0.37465202808380127,1,volatility_factor,0.5474663972854614,quality_factor,0.23535673320293427,momentum_factor,0.12798495590686798
2019-11-01,600050.SH,cp,3,cn_a,SIZE_LARGE,-0.13746186574673425,-0.09999757243172985,-0.13746186574673425,0.37465202808380127,1,volatility_factor,0.6096125841140747,quality_factor,0.2164439857006073,momentum_factor,0.12143862247467041
2019-11-01,600018.SH,cp,3,cn_a,SIZE_LARGE,-0.1422570011988737,-0.10348582644378236,-0.1422570011988737,0.37465202808380127,2,volatility_factor,0.7132800221443176,quality_factor,0.14405061304569244,momentum_factor,0.09133560955524445
2019-11-01,600104.SH,cp,3,cn_a,SIZE_LARGE,-0.18103442839814884,-0.131694730520641,-0.18103442839814884,0.37465202808380127,1,volatility_factor,0.5921654105186462,quality_factor,0.22178155183792114,momentum_factor,0.12326839566230774
2019-11-01,600031.SH,cp,3,cn_a,SIZE_LARGE,-0.22388388170160967,-0.16286585777907228,-0.22388388170160967,0.37465202808380127,2,volatility_factor,0.6997409462928772,quality_factor,0.18737973272800446,momentum_factor,0.11171288043260574
2019-11-01,600036.SH,cp,3,cn_a,SIZE_LARGE,-0.2363829537614254,-0.17195839305670094,-0.2363829537614254,0.37465202808380127,1,volatility_factor,0.6552861928939819,quality_factor,0.20162194967269897,momentum_factor,0.11689344048500061
2019-11-01,600111.SH,cp,3,cn_a,SIZE_LARGE,-0.3253991358132975,-0.2367138222368087,-0.3253991358132975,0.37465202808380127,2,volatility_factor,0.7122014164924622,quality_factor,0.15082049369812012,momentum_factor,0.09559063613414764
2019-11-01,600011.SH,cp,3,cn_a,SIZE_LARGE,-0.5075059028669838,-0.36918863283126463,-0.5075059028669838,0.37465202808380127,1,volatility_factor,0.6419007182121277,quality_factor,0.20691174268722534,momentum_factor,0.11795270442962646
2019-11-01,600118.SH,cp,3,cn_a,SIZE_LARGE,-0.5768430054949044,-0.4196283813722632,-0.5768430054949044,0.37465202808380127,1,volatility_factor,0.6724255681037903,quality_factor,0.19721393287181854,momentum_factor,0.11485501378774643
2019-11-04,600016.SH,cp,3,cn_a,SIZE_LARGE,0.299900120968299,0.22812736511943316,0.299900120968299,0.3146170377731323,2,volatility_factor,0.7585905194282532,momentum_factor,0.12850290536880493,quality_factor,0.0921902135014534
2019-11-04,600000.SH,cp,3,cn_a,SIZE_LARGE,0.21232865560886308,0.16151369524963155,0.21232865560886308,0.3146170377731323,2,volatility_factor,0.8269333839416504,momentum_factor,0.12190761417150497,quality_factor,0.034540969878435135
2019-11-04,600030.SH,cp,3,cn_a,SIZE_LARGE,0.08836205372548962,0.06721505289112079,0.08836205372548962,0.3146170377731323,1,volatility_factor,0.4998313784599304,quality_factor,0.24437183141708374,momentum_factor,0.13458342850208282
2019-11-04,600019.SH,cp,3,cn_a,SIZE_LARGE,-0.028980981789340995,-0.022045189554543362,-0.028980981789340995,0.3146170377731323,2,quality_factor,0.39904502034187317,value_factor,0.240852490067482,volatility_factor,0.2151518017053604
2019-11-04,600089.SH,cp,3,cn_a,SIZE_LARGE,-0.07041526950848484,-0.053563332503101656,-0.07041526950848484,0.3146170377731323,1,volatility_factor,0.5255467295646667,quality_factor,0.2246161699295044,momentum_factor,0.1353149116039276
2019-11-04,600018.SH,cp,3,cn_a,SIZE_LARGE,-0.11299717873307624,-0.08595444565702984,-0.11299717873307624,0.3146170377731323,2,volatility_factor,0.8280764818191528,momentum_factor,0.10707598924636841,value_factor,0.0491819828748703
2019-11-04,600050.SH,cp,3,cn_a,SIZE_LARGE,-0.14792085525182133,-0.112520111181876,-0.14792085525182133,0.3146170377731323,1,volatility_factor,0.6263700127601624,quality_factor,0.16639097034931183,momentum_factor,0.13263678550720215
2019-11-04,600028.SH,cp,3,cn_a,SIZE_LARGE,-0.1552544755832536,-0.11809863338318177,-0.1552544755832536,0.3146170377731323,1,volatility_factor,0.5567337274551392,quality_factor,0.20607584714889526,momentum_factor,0.13463930785655975
2019-11-04,600104.SH,cp,3,cn_a,SIZE_LARGE,-0.2006857826742074,-0.15265722024579478,-0.2006857826742074,0.3146170377731323,1,volatility_factor,0.6055263876914978,quality_factor,0.1783052533864975,momentum_factor,0.13322587311267853
2019-11-04,600031.SH,cp,3,cn_a,SIZE_LARGE,-0.20958273438118108,-0.1594249339231137,-0.20958273438118108,0.3146170377731323,2,volatility_factor,0.7547042965888977,momentum_factor,0.12925082445144653,quality_factor,0.09219886362552643
2019-11-04,600036.SH,cp,3,cn_a,SIZE_LARGE,-0.2392860216037142,-0.18201956518762885,-0.2392860216037142,0.3146170377731323,1,volatility_factor,0.6841909289360046,quality_factor,0.13215915858745575,momentum_factor,0.131343275308609
2019-11-04,600111.SH,cp,3,cn_a,SIZE_LARGE,-0.2738250224426022,-0.20829261646147712,-0.2738250224426022,0.3146170377731323,2,volatility_factor,0.8408509492874146,momentum_factor,0.11833564937114716,value_factor,0.02890627831220627
2019-11-04,600011.SH,cp,3,cn_a,SIZE_LARGE,-0.514495172705492,-0.39136505759655316,-0.514495172705492,0.3146170377731323,1,volatility_factor,0.6688724756240845,quality_factor,0.1425783783197403,momentum_factor,0.13129658997058868
2019-11-04,600118.SH,cp,3,cn_a,SIZE_LARGE,-0.5600261178102761,-0.42599943688461583,-0.5600261178102761,0.3146170377731323,1,volatility_factor,0.7115316987037659,momentum_factor,0.1302357017993927,quality_factor,0.11769233644008636
2019-11-05,600016.SH,cp,3,cn_a,SIZE_LARGE,0.3351152569501456,0.25005372846295615,0.3351152569501456,0.34017306566238403,2,volatility_factor,0.6557924151420593,quality_factor,0.18986551463603973,momentum_factor,0.12018594145774841
2019-11-05,600000.SH,cp,3,cn_a,SIZE_LARGE,0.2631369295553499,0.19634549298183152,0.2631369295553499,0.34017306566238403,2,volatility_factor,0.6861117482185364,quality_factor,0.1783599853515625,momentum_factor,0.11764924228191376
2019-11-05,600030.SH,cp,3,cn_a,SIZE_LARGE,0.060180412977304705,0.044904958319024614,0.060180412977304705,0.34017306566238403,1,volatility_factor,0.495172381401062,quality_factor,0.2520141899585724,momentum_factor,0.1332792341709137
2019-11-05,600019.SH,cp,3,cn_a,SIZE_LARGE,0.01027062369458498,0.007663655101364193,0.01027062369458498,0.34017306566238403,2,volatility_factor,0.4236837923526764,value_factor,0.29821088910102844,quality_factor,0.21115535497665405
2019-11-05,600089.SH,cp,3,cn_a,SIZE_LARGE,-0.049216410006740506,-0.03672392279524849,-0.049216410006740506,0.34017306566238403,1,volatility_factor,0.51993328332901,quality_factor,0.23796959221363068,momentum_factor,0.13254804909229279
2019-11-05,600028.SH,cp,3,cn_a,SIZE_LARGE,-0.1180444160793824,-0.08808147570933587,-0.1180444160793824,0.34017306566238403,1,volatility_factor,0.5478803515434265,quality_factor,0.22731027007102966,momentum_factor,0.13022540509700775
2019-11-05,600050.SH,cp,3,cn_a,SIZE_LARGE,-0.1325931130448712,-0.09893731066476849,-0.1325931130448712,0.34017306566238403,1,volatility_factor,0.5964682698249817,quality_factor,0.2101345956325531,momentum_factor,0.12579621374607086
2019-11-05,600018.SH,cp,3,cn_a,SIZE_LARGE,-0.1530577473750583,-0.11420745432359802,-0.1530577473750583,0.34017306566238403,2,volatility_factor,0.7070087790489197,quality_factor,0.1714654415845871,momentum_factor,0.1156022921204567
2019-11-05,600104.SH,cp,3,cn_a,SIZE_LARGE,-0.17215121570328654,-0.12845447186679843,-0.17215121570328654,0.34017306566238403,1,volatility_factor,0.5835618376731873,quality_factor,0.21472680568695068,momentum_factor,0.12696413695812225
2019-11-05,600031.SH,cp,3,cn_a,SIZE_LARGE,-0.23040529882471428,-0.1719220561698044,-0.23040529882471428,0.34017306566238403,2,volatility_factor,0.6562337875366211,quality_factor,0.18834932148456573,momentum_factor,0.12053793668746948
2019-11-05,600036.SH,cp,3,cn_a,SIZE_LARGE,-0.2365407153429837,-0.17650013414222784,-0.2365407153429837,0.34017306566238403,1,volatility_factor,0.6276175379753113,quality_factor,0.1982119381427765,momentum_factor,0.1232195720076561
2019-11-05,600111.SH,cp,3,cn_a,SIZE_LARGE,-0.3489453904476631,-0.260373391249032,-0.3489453904476631,0.34017306566238403,2,volatility_factor,0.6969606876373291,quality_factor,0.17353862524032593,momentum_factor,0.11694469302892685
2019-11-05,600011.SH,cp,3,cn_a,SIZE_LARGE,-0.5008868761100845,-0.373747921981727,-0.5008868761100845,0.34017306566238403,1,volatility_factor,0.619091272354126,quality_factor,0.20243382453918457,momentum_factor,0.12364847958087921
2019-11-05,600118.SH,cp,3,cn_a,SIZE_LARGE,-0.5820219951059488,-0.43428870188784663,-0.5820219951059488,0.34017306566238403,1,volatility_factor,0.6388279795646667,quality_factor,0.19504933059215546,momentum_factor,0.12196686118841171
2019-11-06,600016.SH,cp,3,cn_a,SIZE_LARGE,0.29567196656663286,0.23768347135965667,0.29567196656663286,0.24397356808185577,2,volatility_factor,0.6413280963897705,quality_factor,0.25252529978752136,momentum_factor,0.10302938520908356
2019-11-06,600000.SH,cp,3,cn_a,SIZE_LARGE,0.23676043778298866,0.19032593243908635,0.23676043778298866,0.24397356808185577,2,volatility_factor,0.6429168581962585,quality_factor,0.23967845737934113,momentum_factor,0.09448151290416718
2019-11-06,600030.SH,cp,3,cn_a,SIZE_LARGE,0.047100966801431395,0.037863316647022124,0.047100966801431395,0.24397356808185577,1,volatility_factor,0.482403963804245,quality_factor,0.27067020535469055,momentum_factor,0.13036486506462097
2019-11-06,600019.SH,cp,3,cn_a,SIZE_LARGE,0.020085380537970193,0.016146146776375502,0.020085380537970193,0.24397356808185577,2,volatility_factor,0.6247298121452332,value_factor,0.30243220925331116,quality_factor,0.04003557562828064
2019-11-06,600089.SH,cp,3,cn_a,SIZE_LARGE,-0.0362363917778046,-0.029129550181268647,-0.0362363917778046,0.24397356808185577,1,volatility_factor,0.5052775740623474,quality_factor,0.268859326839447,momentum_factor,0.12647023797035217
2019-11-06,600028.SH,cp,3,cn_a,SIZE_LARGE,-0.08972005045947849,-0.07212375691682829,-0.08972005045947849,0.24397356808185577,1,volatility_factor,0.5370451211929321,quality_factor,0.2656066417694092,momentum_factor,0.12127398699522018
2019-11-06,600050.SH,cp,3,cn_a,SIZE_LARGE,-0.10809038014448297,-0.0868912162071199,-0.10809038014448297,0.24397356808185577,1,volatility_factor,0.5892196297645569,quality_factor,0.26010510325431824,momentum_factor,0.1127857193350792
2019-11-06,600104.SH,cp,3,cn_a,SIZE_LARGE,-0.1380020499076621,-0.11093647685875455,-0.1380020499076621,0.24397356808185577,1,volatility_factor,0.5758282542228699,quality_factor,0.2615136206150055,momentum_factor,0.11496537923812866
2019-11-06,600018.SH,cp,3,cn_a,SIZE_LARGE,-0.14124139797681962,-0.11354050964197768,-0.14124139797681962,0.24397356808185577,2,volatility_factor,0.6438713073730469,quality_factor,0.23260146379470825,momentum_factor,0.08985461294651031
2019-11-06,600036.SH,cp,3,cn_a,SIZE_LARGE,-0.1976723022111387,-0.15890393508310624,-0.1976723022111387,0.24397356808185577,1,volatility_factor,0.621447741985321,quality_factor,0.25681212544441223,momentum_factor,0.10751213133335114
2019-11-06,600031.SH,cp,3,cn_a,SIZE_LARGE,-0.19961231256479828,-0.1604634620165721,-0.19961231256479828,0.24397356808185577,2,volatility_factor,0.6413680911064148,quality_factor,0.25125738978385925,momentum_factor,0.10206504911184311
2019-11-06,600111.SH,cp,3,cn_a,SIZE_LARGE,-0.31323850160059835,-0.25180477976477056,-0.31323850160059835,0.24397356808185577,2,volatility_factor,0.6434739828109741,quality_factor,0.2347189038991928,momentum_factor,0.09112352132797241
2019-11-06,600011.SH,cp,3,cn_a,SIZE_LARGE,-0.42191823059633554,-0.3391697591170223,-0.42191823059633554,0.24397356808185577,1,volatility_factor,0.6115044951438904,quality_factor,0.25772151350975037,momentum_factor,0.10916993767023087
2019-11-06,600118.SH,cp,3,cn_a,SIZE_LARGE,-0.4985539304449248,-0.4007753261973375,-0.4985539304449248,0.24397356808185577,1,volatility_factor,0.6310298442840576,quality_factor,0.2557089030742645,momentum_factor,0.10597998648881912
2019-11-07,600016.SH,cp,3,cn_a,SIZE_LARGE,0.2708686462774708,0.2246860909586048,0.2708686462774708,0.20554256439208984,2,volatility_factor,0.6103490591049194,quality_factor,0.2500336468219757,momentum_factor,0.11161000281572342
2019-11-07,600000.SH,cp,3,cn_a,SIZE_LARGE,0.22280704577788296,0.18481889595514717,0.22280704577788296,0.20554256439208984,2,volatility_factor,0.6257603168487549,quality_factor,0.24790215492248535,momentum_factor,0.1092488169670105
2019-11-07,600030.SH,cp,3,cn_a,SIZE_LARGE,0.033826967891547564,0.028059538410910644,0.033826967891547564,0.20554256439208984,1,volatility_factor,0.485107421875,quality_factor,0.26755082607269287,momentum_factor,0.1307423710823059
2019-11-07,600019.SH,cp,3,cn_a,SIZE_LARGE,0.026032811058900936,0.02159426952463376,0.026032811058900936,0.20554256439208984,2,volatility_factor,0.6612365245819092,quality_factor,0.16827140748500824,value_factor,0.11371835321187973
2019-11-07,600089.SH,cp,3,cn_a,SIZE_LARGE,-0.0276623765264707,-0.02294599738203338,-0.0276623765264707,0.20554256439208984,1,volatility_factor,0.5085151195526123,quality_factor,0.26354631781578064,momentum_factor,0.1273772120475769
2019-11-07,600028.SH,cp,3,cn_a,SIZE_LARGE,-0.07233603083747542,-0.06000288415693707,-0.07233603083747542,0.20554256439208984,1,volatility_factor,0.5362815260887146,quality_factor,0.259739488363266,momentum_factor,0.12311334908008575
2019-11-07,600050.SH,cp,3,cn_a,SIZE_LARGE,-0.09344481925945575,-0.07751266692651079,-0.09344481925945575,0.20554256439208984,1,volatility_factor,0.5752779841423035,quality_factor,0.25458481907844543,momentum_factor,0.11706971377134323
2019-11-07,600104.SH,cp,3,cn_a,SIZE_LARGE,-0.11736083155779886,-0.09735104758991198,-0.11736083155779886,0.20554256439208984,1,volatility_factor,0.5659377574920654,quality_factor,0.2558238208293915,momentum_factor,0.11851600557565689
2019-11-07,600018.SH,cp,3,cn_a,SIZE_LARGE,-0.13463000121608604,-0.11167585881463665,-0.13463000121608604,0.20554256439208984,2,volatility_factor,0.6342931389808655,quality_factor,0.24682803452014923,momentum_factor,0.1079108938574791
2019-11-07,600036.SH,cp,3,cn_a,SIZE_LARGE,-0.1774376583269466,-0.14718489713087965,-0.1774376583269466,0.20554256439208984,1,volatility_factor,0.5960192680358887,quality_factor,0.2517230212688446,momentum_factor,0.11388987302780151
2019-11-07,600031.SH,cp,3,cn_a,SIZE_LARGE,-0.18383562173141696,-0.15249202073932447,-0.18383562173141696,0.20554256439208984,2,volatility_factor,0.611799955368042,quality_factor,0.24967654049396515,momentum_factor,0.11143282055854797
2019-11-07,600111.SH,cp,3,cn_a,SIZE_LARGE,-0.2981552966962623,-0.24732042277297017,-0.2981552966962623,0.20554256439208984,2,volatility_factor,0.6316127181053162,quality_factor,0.24701771140098572,momentum_factor,0.1083737388253212
2019-11-07,600011.SH,cp,3,cn_a,SIZE_LARGE,-0.37381911409318686,-0.3100837126241908,-0.37381911409318686,0.20554256439208984,1,volatility_factor,0.589953601360321,quality_factor,0.25268420577049255,momentum_factor,0.11478397250175476
2019-11-07,600118.SH,cp,3,cn_a,SIZE_LARGE,-0.4511314981876766,-0.3742144918915952,-0.4511314981876766,0.20554256439208984,1,volatility_factor,0.6019004583358765,quality_factor,0.251051664352417,momentum_factor,0.11294782906770706
2019-11-08,600016.SH,cp,3,cn_a,SIZE_LARGE,0.2531868814483518,0.23506834329893433,0.2531868814483518,0.07707778364419937,2,volatility_factor,0.6225532293319702,quality_factor,0.23016807436943054,momentum_factor,0.11498212069272995
2019-11-08,600000.SH,cp,3,cn_a,SIZE_LARGE,0.20563635491220175,0.19092062351225592,0.20563635491220175,0.07707778364419937,2,volatility_factor,0.6411347985267639,quality_factor,0.22599899768829346,momentum_factor,0.11259633302688599
2019-11-08,600030.SH,cp,3,cn_a,SIZE_LARGE,0.03541514331061987,0.03288076782690648,0.03541514331061987,0.07707778364419937,1,volatility_factor,0.48955419659614563,quality_factor,0.2607812285423279,momentum_factor,0.13183589279651642
2019-11-08,600019.SH,cp,3,cn_a,SIZE_LARGE,0.019529540652500763,0.018131969319702006,0.019529540652500763,0.07707778364419937,2,volatility_factor,0.6984902024269104,value_factor,0.17093713581562042,quality_factor,0.09412013739347458
2019-11-08,600089.SH,cp,3,cn_a,SIZE_LARGE,-0.029116389893089897,-0.027032765267542787,-0.029116389893089897,0.07707778364419937,1,volatility_factor,0.5135695338249207,quality_factor,0.2523857355117798,momentum_factor,0.12961962819099426
2019-11-08,600028.SH,cp,3,cn_a,SIZE_LARGE,-0.07387206534603707,-0.06858563886733554,-0.07387206534603707,0.07707778364419937,1,volatility_factor,0.5408439040184021,quality_factor,0.24634204804897308,momentum_factor,0.12609587609767914
2019-11-08,600050.SH,cp,3,cn_a,SIZE_LARGE,-0.09108878107514723,-0.08457029344477346,-0.09108878107514723,0.07707778364419937,1,volatility_factor,0.5818994641304016,quality_factor,0.23803183436393738,momentum_factor,0.12056457996368408
2019-11-08,600104.SH,cp,3,cn_a,SIZE_LARGE,-0.11562549049674198,-0.10735110894653642,-0.11562549049674198,0.07707778364419937,1,volatility_factor,0.5717206597328186,quality_factor,0.2401098906993866,momentum_factor,0.1219308152794838
2019-11-08,600018.SH,cp,3,cn_a,SIZE_LARGE,-0.1229240443666715,-0.11412736432307076,-0.1229240443666715,0.07707778364419937,2,volatility_factor,0.6521764397621155,quality_factor,0.22400228679180145,momentum_factor,0.11104003340005875
2019-11-08,600036.SH,cp,3,cn_a,SIZE_LARGE,-0.16974911059644088,-0.1576015391323218,-0.16974911059644088,0.07707778364419937,1,volatility_factor,0.6050683259963989,quality_factor,0.2328377366065979,momentum_factor,0.11758856475353241
2019-11-08,600031.SH,cp,3,cn_a,SIZE_LARGE,-0.17263264426893288,-0.16027872161255888,-0.17263264426893288,0.07707778364419937,2,volatility_factor,0.6237584352493286,quality_factor,0.2292129099369049,momentum_factor,0.1150248721241951
2019-11-08,600111.SH,cp,3,cn_a,SIZE_LARGE,-0.27464314112571175,-0.25498915193995236,-0.27464314112571175,0.07707778364419937,2,volatility_factor,0.6479994654655457,quality_factor,0.22412283718585968,momentum_factor,0.11181182414293289
2019-11-08,600011.SH,cp,3,cn_a,SIZE_LARGE,-0.35787514169042595,-0.3322649111352189,-0.35787514169042595,0.07707778364419937,1,volatility_factor,0.598452627658844,quality_factor,0.23484601080417633,momentum_factor,0.11828692257404327
2019-11-08,600118.SH,cp,3,cn_a,SIZE_LARGE,-0.4271141222119844,-0.3965490176015727,-0.4271141222119844,0.07707778364419937,1,volatility_factor,0.6121886968612671,quality_factor,0.23184095323085785,momentum_factor,0.1165011003613472
2019-11-11,600016.SH,cp,3,cn_a,SIZE_LARGE,0.21452299318295617,0.1808951866811806,0.21452299318295617,0.1858966201543808,2,volatility_factor,0.6600810885429382,quality_factor,0.16909876465797424,momentum_factor,0.12534640729427338
2019-11-11,600000.SH,cp,3,cn_a,SIZE_LARGE,0.16712877625785785,0.1409303065018228,0.16712877625785785,0.1858966201543808,2,volatility_factor,0.6915108561515808,quality_factor,0.15425169467926025,momentum_factor,0.1235589012503624
2019-11-11,600030.SH,cp,3,cn_a,SIZE_LARGE,0.040277596262883075,0.03396383383868583,0.040277596262883075,0.1858966201543808,1,volatility_factor,0.4989013075828552,quality_factor,0.24655121564865112,momentum_factor,0.13413456082344055
2019-11-11,600019.SH,cp,3,cn_a,SIZE_LARGE,0.0035516814793768066,0.0029949334321287303,0.0035516814793768066,0.1858966201543808,2,volatility_factor,0.3274957537651062,quality_factor,0.30186912417411804,value_factor,0.2904033958911896
2019-11-11,600089.SH,cp,3,cn_a,SIZE_LARGE,-0.03348845241305615,-0.028238930293859633,-0.03348845241305615,0.1858966201543808,1,volatility_factor,0.5238152146339417,quality_factor,0.22976212203502655,momentum_factor,0.13416527211666107
2019-11-11,600028.SH,cp,3,cn_a,SIZE_LARGE,-0.07952024478376184,-0.06705495439746945,-0.07952024478376184,0.1858966201543808,1,volatility_factor,0.550868034362793,quality_factor,0.2169073522090912,momentum_factor,0.13264842331409454
2019-11-11,600050.SH,cp,3,cn_a,SIZE_LARGE,-0.08730650487378622,-0.07362067004237446,-0.08730650487378622,0.1858966201543808,1,volatility_factor,0.5989004969596863,quality_factor,0.19554157555103302,momentum_factor,0.12953482568264008
2019-11-11,600018.SH,cp,3,cn_a,SIZE_LARGE,-0.09625965872595538,-0.08117036163227415,-0.09625965872595538,0.1858966201543808,2,volatility_factor,0.7143816351890564,quality_factor,0.1446271389722824,momentum_factor,0.12191807478666306
2019-11-11,600104.SH,cp,3,cn_a,SIZE_LARGE,-0.1139986913444089,-0.09612869113088404,-0.1139986913444089,0.1858966201543808,1,volatility_factor,0.5860022902488708,quality_factor,0.20131085813045502,momentum_factor,0.13036172091960907
2019-11-11,600031.SH,cp,3,cn_a,SIZE_LARGE,-0.1484268040693526,-0.12515998416877283,-0.1484268040693526,0.1858966201543808,2,volatility_factor,0.6596590876579285,quality_factor,0.16779668629169464,momentum_factor,0.1258033812046051
2019-11-11,600036.SH,cp,3,cn_a,SIZE_LARGE,-0.15436096488554502,-0.13016392856053213,-0.15436096488554502,0.1858966201543808,1,volatility_factor,0.6300588250160217,quality_factor,0.18069785833358765,momentum_factor,0.12779876589775085
2019-11-11,600111.SH,cp,3,cn_a,SIZE_LARGE,-0.22174768458311958,-0.18698736300296015,-0.22174768458311958,0.1858966201543808,2,volatility_factor,0.7022091746330261,quality_factor,0.1484050303697586,momentum_factor,0.1231791079044342
2019-11-11,600011.SH,cp,3,cn_a,SIZE_LARGE,-0.3261053728990731,-0.2749863379819775,-0.3261053728990731,0.1858966201543808,1,volatility_factor,0.6219087839126587,quality_factor,0.1856282353401184,momentum_factor,0.1279507279396057
2019-11-11,600118.SH,cp,3,cn_a,SIZE_LARGE,-0.37658279790996135,-0.31755111430291216,-0.37658279790996135,0.1858966201543808,1,volatility_factor,0.6419592499732971,quality_factor,0.17626716196537018,momentum_factor,0.1267785280942917
2019-11-12,600016.SH,cp,3,cn_a,SIZE_LARGE,0.2658076485243303,0.21840569590609932,0.2658076485243303,0.21703621745109558,2,volatility_factor,0.6871227622032166,quality_factor,0.13446258008480072,momentum_factor,0.1301129162311554
2019-11-12,600000.SH,cp,3,cn_a,SIZE_LARGE,0.20095088479233014,0.16511495466616702,0.20095088479233014,0.21703621745109558,2,volatility_factor,0.7314484119415283,momentum_factor,0.12889492511749268,quality_factor,0.10900536924600601
2019-11-12,600030.SH,cp,3,cn_a,SIZE_LARGE,0.058902305794894326,0.04839815241971948,0.058902305794894326,0.21703621745109558,1,volatility_factor,0.5016259551048279,quality_factor,0.2422821968793869,momentum_factor,0.1348395198583603
2019-11-12,600019.SH,cp,3,cn_a,SIZE_LARGE,-0.006283045814630095,-0.00516257903477365,-0.006283045814630095,0.21703621745109558,2,quality_factor,0.4989182949066162,value_factor,0.3297312259674072,momentum_factor,0.148204043507576
2019-11-12,600089.SH,cp,3,cn_a,SIZE_LARGE,-0.0488036360400361,-0.0401003964755981,-0.0488036360400361,0.21703621745109558,1,volatility_factor,0.5268340706825256,quality_factor,0.22289472818374634,momentum_factor,0.1355627477169037
2019-11-12,600028.SH,cp,3,cn_a,SIZE_LARGE,-0.11243404265321007,-0.09238347905162962,-0.11243404265321007,0.21703621745109558,1,volatility_factor,0.5546432137489319,quality_factor,0.20675183832645416,momentum_factor,0.13484802842140198
2019-11-12,600018.SH,cp,3,cn_a,SIZE_LARGE,-0.1126821360643067,-0.0925873295217011,-0.1126821360643067,0.21703621745109558,2,volatility_factor,0.7675032019615173,momentum_factor,0.1274842470884323,quality_factor,0.08975469321012497
2019-11-12,600050.SH,cp,3,cn_a,SIZE_LARGE,-0.11644243276994029,-0.09567704580099824,-0.11644243276994029,0.21703621745109558,1,volatility_factor,0.6083738803863525,quality_factor,0.17708061635494232,momentum_factor,0.13302917778491974
2019-11-12,600104.SH,cp,3,cn_a,SIZE_LARGE,-0.15437157600558266,-0.1268422171927625,-0.15437157600558266,0.21703621745109558,1,volatility_factor,0.5933581590652466,quality_factor,0.18540528416633606,momentum_factor,0.13352806866168976
2019-11-12,600031.SH,cp,3,cn_a,SIZE_LARGE,-0.1853083105031839,-0.15226194858319447,-0.1853083105031839,0.21703621745109558,2,volatility_factor,0.6852585673332214,quality_factor,0.13382185995578766,momentum_factor,0.13065765798091888
2019-11-12,600036.SH,cp,3,cn_a,SIZE_LARGE,-0.1994980239048078,-0.16392118505511302,-0.1994980239048078,0.21703621745109558,1,volatility_factor,0.6460593938827515,quality_factor,0.1552138775587082,momentum_factor,0.1320580244064331
2019-11-12,600111.SH,cp,3,cn_a,SIZE_LARGE,-0.26495461070419685,-0.21770478184371328,-0.26495461070419685,0.21703621745109558,2,volatility_factor,0.7462843656539917,momentum_factor,0.12876218557357788,quality_factor,0.09953147917985916
2019-11-12,600011.SH,cp,3,cn_a,SIZE_LARGE,-0.42275310939236393,-0.34736279247756535,-0.42275310939236393,0.21703621745109558,1,volatility_factor,0.6365357041358948,quality_factor,0.16187284886837006,momentum_factor,0.13197673857212067
2019-11-12,600118.SH,cp,3,cn_a,SIZE_LARGE,-0.4781809336191301,-0.3929060738316372,-0.4781809336191301,0.21703621745109558,1,volatility_factor,0.6619857549667358,quality_factor,0.1473425030708313,momentum_factor,0.13125257194042206
2019-11-13,600016.SH,cp,3,cn_a,SIZE_LARGE,0.24685172857027637,0.23215717270465686,0.24685172857027637,0.06329576671123505,2,volatility_factor,0.6777870059013367,momentum_factor,0.13365544378757477,quality_factor,0.12842930853366852
2019-11-13,600000.SH,cp,3,cn_a,SIZE_LARGE,0.18768729278245805,0.1765146693415266,0.18768729278245805,0.06329576671123505,2,volatility_factor,0.7165089249610901,momentum_factor,0.13319039344787598,quality_factor,0.10411353409290314
2019-11-13,600030.SH,cp,3,cn_a,SIZE_LARGE,0.052878760545669055,0.049731000935301015,0.052878760545669055,0.06329576671123505,1,volatility_factor,0.5041309595108032,quality_factor,0.23875191807746887,momentum_factor,0.1353738158941269
2019-11-13,600019.SH,cp,3,cn_a,SIZE_LARGE,-0.005020322540787041,-0.004721473468648492,-0.005020322540787041,0.06329576671123505,2,quality_factor,0.5034191608428955,value_factor,0.3014545738697052,momentum_factor,0.12947888672351837
2019-11-13,600089.SH,cp,3,cn_a,SIZE_LARGE,-0.04464318944556045,-0.041985675782898524,-0.04464318944556045,0.06329576671123505,1,volatility_factor,0.529148519039154,quality_factor,0.21825040876865387,momentum_factor,0.13645510375499725
2019-11-13,600028.SH,cp,3,cn_a,SIZE_LARGE,-0.10338508653778854,-0.09723079327599783,-0.10338508653778854,0.06329576671123505,1,volatility_factor,0.5557279586791992,quality_factor,0.20142564177513123,momentum_factor,0.1361744999885559
2019-11-13,600018.SH,cp,3,cn_a,SIZE_LARGE,-0.10535660067580505,-0.09908494739061594,-0.10535660067580505,0.06329576671123505,2,volatility_factor,0.7480477690696716,momentum_factor,0.13242676854133606,quality_factor,0.08564296364784241
2019-11-13,600050.SH,cp,3,cn_a,SIZE_LARGE,-0.10763611415068959,-0.10122876629979041,-0.10763611415068959,0.06329576671123505,1,volatility_factor,0.6060312390327454,quality_factor,0.17101140320301056,momentum_factor,0.13523174822330475
2019-11-13,600104.SH,cp,3,cn_a,SIZE_LARGE,-0.14248323082931783,-0.13400150859280813,-0.14248323082931783,0.06329576671123505,1,volatility_factor,0.5921071767807007,quality_factor,0.17946091294288635,momentum_factor,0.13548384606838226
2019-11-13,600031.SH,cp,3,cn_a,SIZE_LARGE,-0.17275879339291517,-0.16247483161759185,-0.17275879339291517,0.06329576671123505,2,volatility_factor,0.6755439043045044,momentum_factor,0.1341416984796524,quality_factor,0.1282452493906021
2019-11-13,600036.SH,cp,3,cn_a,SIZE_LARGE,-0.18551869340283642,-0.17447516204855376,-0.18551869340283642,0.06329576671123505,1,volatility_factor,0.6402843594551086,quality_factor,0.14932113885879517,momentum_factor,0.1348724663257599
2019-11-13,600111.SH,cp,3,cn_a,SIZE_LARGE,-0.24845175338788442,-0.23366195146421664,-0.24845175338788442,0.06329576671123505,2,volatility_factor,0.7287944555282593,momentum_factor,0.1332947462797165,quality_factor,0.09552527964115143
2019-11-13,600011.SH,cp,3,cn_a,SIZE_LARGE,-0.391432969965023,-0.3681318017775016,-0.391432969965023,0.06329576671123505,1,volatility_factor,0.6319682598114014,quality_factor,0.15565043687820435,momentum_factor,0.13465309143066406
2019-11-13,600118.SH,cp,3,cn_a,SIZE_LARGE,-0.44424416249842347,-0.4177992568799077,-0.44424416249842347,0.06329576671123505,1,volatility_factor,0.6549221277236938,quality_factor,0.14132826030254364,momentum_factor,0.13435088098049164
2019-11-14,600016.SH,cp,3,cn_a,SIZE_LARGE,0.3267619990076954,0.24727734929971773,0.3267619990076954,0.32143929600715637,2,volatility_factor,0.7156589031219482,quality_factor,0.1570976972579956,momentum_factor,0.11807525157928467
2019-11-14,600000.SH,cp,3,cn_a,SIZE_LARGE,0.24342969151138927,0.1842155729264183,0.24342969151138927,0.32143929600715637,2,volatility_factor,0.7451654672622681,quality_factor,0.12413647770881653,momentum_factor,0.10848546773195267
2019-11-14,600030.SH,cp,3,cn_a,SIZE_LARGE,0.07869989072902445,0.05955619205644622,0.07869989072902445,0.32143929600715637,1,volatility_factor,0.4948670268058777,quality_factor,0.2518323063850403,momentum_factor,0.1333906501531601
2019-11-14,600019.SH,cp,3,cn_a,SIZE_LARGE,-0.009924456665779412,-0.0075103388552108,-0.009924456665779412,0.32143929600715637,2,quality_factor,0.4216805696487427,value_factor,0.35201704502105713,momentum_factor,0.1688803881406784
2019-11-14,600089.SH,cp,3,cn_a,SIZE_LARGE,-0.0619795526646168,-0.046903065657055674,-0.0619795526646168,0.32143929600715637,1,volatility_factor,0.5200455784797668,quality_factor,0.2365664541721344,momentum_factor,0.13293100893497467
2019-11-14,600018.SH,cp,3,cn_a,SIZE_LARGE,-0.13635363566725017,-0.10318569998215434,-0.13635363566725017,0.32143929600715637,2,volatility_factor,0.7552850246429443,quality_factor,0.09935495257377625,momentum_factor,0.09928593784570694
2019-11-14,600028.SH,cp,3,cn_a,SIZE_LARGE,-0.14096630503549004,-0.10667634044230007,-0.14096630503549004,0.32143929600715637,1,volatility_factor,0.5512009263038635,quality_factor,0.22311075031757355,momentum_factor,0.13079524040222168
2019-11-14,600050.SH,cp,3,cn_a,SIZE_LARGE,-0.14434796103419237,-0.10923541075690818,-0.14434796103419237,0.32143929600715637,1,volatility_factor,0.6149458289146423,quality_factor,0.19715707004070282,momentum_factor,0.12597061693668365
2019-11-14,600104.SH,cp,3,cn_a,SIZE_LARGE,-0.1920019101923094,-0.14529756690501394,-0.1920019101923094,0.32143929600715637,1,volatility_factor,0.5966646075248718,quality_factor,0.204633891582489,momentum_factor,0.12734457850456238
2019-11-14,600031.SH,cp,3,cn_a,SIZE_LARGE,-0.22507696526464782,-0.17032713573819216,-0.22507696526464782,0.32143929600715637,2,volatility_factor,0.7157196998596191,quality_factor,0.15524238348007202,momentum_factor,0.1185985580086708
2019-11-14,600036.SH,cp,3,cn_a,SIZE_LARGE,-0.2435251789004479,-0.18428783306844726,-0.2435251789004479,0.32143929600715637,1,volatility_factor,0.6635487079620361,quality_factor,0.17623135447502136,momentum_factor,0.12261997163295746
2019-11-14,600111.SH,cp,3,cn_a,SIZE_LARGE,-0.3172755803518945,-0.24009849598544786,-0.3172755803518945,0.32143929600715637,2,volatility_factor,0.7520025968551636,quality_factor,0.1104658991098404,momentum_factor,0.1047070249915123
2019-11-14,600011.SH,cp,3,cn_a,SIZE_LARGE,-0.5225588081834008,-0.3954467084092232,-0.5225588081834008,0.32143929600715637,1,volatility_factor,0.6498810648918152,quality_factor,0.18329650163650513,momentum_factor,0.1232217475771904
2019-11-14,600118.SH,cp,3,cn_a,SIZE_LARGE,-0.5861345841188683,-0.4435577170354893,-0.5861345841188683,0.32143929600715637,1,volatility_factor,0.6834007501602173,quality_factor,0.16914260387420654,momentum_factor,0.12083077430725098
2019-11-15,600016.SH,cp,3,cn_a,SIZE_LARGE,0.34428493492762174,0.265341891140237,0.34428493492762174,0.2975144386291504,2,volatility_factor,0.720816433429718,quality_factor,0.14699271321296692,momentum_factor,0.10145587474107742
2019-11-15,600000.SH,cp,3,cn_a,SIZE_LARGE,0.24777059425980322,0.19095787058953867,0.24777059425980322,0.2975144386291504,2,volatility_factor,0.7396072149276733,quality_factor,0.09900698065757751,momentum_factor,0.08281131088733673
2019-11-15,600030.SH,cp,3,cn_a,SIZE_LARGE,0.09671681207934008,0.0745400661448695,0.09671681207934008,0.2975144386291504,1,volatility_factor,0.49143022298812866,quality_factor,0.25650882720947266,momentum_factor,0.1327057033777237
2019-11-15,600019.SH,cp,3,cn_a,SIZE_LARGE,-0.021522544926905862,-0.016587518632659577,-0.021522544926905862,0.2975144386291504,2,quality_factor,0.36270228028297424,value_factor,0.30588188767433167,volatility_factor,0.166611909866333
2019-11-15,600089.SH,cp,3,cn_a,SIZE_LARGE,-0.07335732688656242,-0.05653680968981423,-0.07335732688656242,0.2975144386291504,1,volatility_factor,0.5163670182228088,quality_factor,0.24360229074954987,momentum_factor,0.13161234557628632
2019-11-15,600018.SH,cp,3,cn_a,SIZE_LARGE,-0.13602156600355791,-0.10483241030232186,-0.13602156600355791,0.2975144386291504,2,volatility_factor,0.7519646883010864,value_factor,0.11506333202123642,momentum_factor,0.06832604855298996
2019-11-15,600050.SH,cp,3,cn_a,SIZE_LARGE,-0.16014476457688026,-0.12342426396894385,-0.16014476457688026,0.2975144386291504,1,volatility_factor,0.6266655921936035,quality_factor,0.2046465128660202,momentum_factor,0.12154781073331833
2019-11-15,600028.SH,cp,3,cn_a,SIZE_LARGE,-0.16281070724064975,-0.12547891753147847,-0.16281070724064975,0.2975144386291504,1,volatility_factor,0.5503555536270142,quality_factor,0.2311234474182129,momentum_factor,0.1286478489637375
2019-11-15,600104.SH,cp,3,cn_a,SIZE_LARGE,-0.21541074419215478,-0.16601799392671152,-0.21541074419215478,0.2975144386291504,1,volatility_factor,0.6038076877593994,quality_factor,0.21260963380336761,momentum_factor,0.12366525083780289
2019-11-15,600031.SH,cp,3,cn_a,SIZE_LARGE,-0.23555290634358914,-0.181541645573097,-0.23555290634358914,0.2975144386291504,2,volatility_factor,0.7230858206748962,quality_factor,0.1445700079202652,momentum_factor,0.1018790677189827
2019-11-15,600036.SH,cp,3,cn_a,SIZE_LARGE,-0.2616643575913124,-0.2016658541910069,-0.2616643575913124,0.2975144386291504,1,volatility_factor,0.6923484206199646,quality_factor,0.18068453669548035,momentum_factor,0.11577462404966354
2019-11-15,600111.SH,cp,3,cn_a,SIZE_LARGE,-0.3176557324004705,-0.24481864936784833,-0.3176557324004705,0.2975144386291504,2,volatility_factor,0.7480432391166687,value_factor,0.0966670885682106,quality_factor,0.07935159653425217
2019-11-15,600011.SH,cp,3,cn_a,SIZE_LARGE,-0.5689401372056013,-0.438484628970062,-0.5689401372056013,0.2975144386291504,1,volatility_factor,0.6725192070007324,quality_factor,0.18910370767116547,momentum_factor,0.11717572808265686
2019-11-15,600118.SH,cp,3,cn_a,SIZE_LARGE,-0.6254279720395939,-0.48202004803921167,-0.6254279720395939,0.2975144386291504,1,volatility_factor,0.7128849029541016,quality_factor,0.17029108107089996,momentum_factor,0.11173974722623825
2019-11-18,600016.SH,cp,3,cn_a,SIZE_LARGE,0.28618416994222134,0.2288145742017016,0.28618416994222134,0.25072523951530457,2,volatility_factor,0.7128019332885742,quality_factor,0.1623210459947586,momentum_factor,0.10533266514539719
2019-11-18,600000.SH,cp,3,cn_a,SIZE_LARGE,0.21018477006706107,0.1680503106663337,0.21018477006706107,0.25072523951530457,2,volatility_factor,0.7279497981071472,quality_factor,0.12256459891796112,momentum_factor,0.08945123851299286
2019-11-18,600030.SH,cp,3,cn_a,SIZE_LARGE,0.07393607902072433,0.059114564032965056,0.07393607902072433,0.25072523951530457,1,volatility_factor,0.4913896918296814,quality_factor,0.2567032277584076,momentum_factor,0.13265743851661682
2019-11-18,600019.SH,cp,3,cn_a,SIZE_LARGE,-0.011570168305869606,-0.009250767206600119,-0.011570168305869606,0.25072523951530457,2,quality_factor,0.3775200843811035,value_factor,0.3410708010196686,momentum_factor,0.17147520184516907
2019-11-18,600089.SH,cp,3,cn_a,SIZE_LARGE,-0.05653096283214049,-0.045198545371185124,-0.05653096283214049,0.25072523951530457,1,volatility_factor,0.5162481069564819,quality_factor,0.24412696063518524,momentum_factor,0.1314840018749237
2019-11-18,600018.SH,cp,3,cn_a,SIZE_LARGE,-0.11717308841987793,-0.09368411376529191,-0.11717308841987793,0.25072523951530457,2,volatility_factor,0.7373608350753784,quality_factor,0.09529425203800201,value_factor,0.08979938179254532
2019-11-18,600028.SH,cp,3,cn_a,SIZE_LARGE,-0.12713959054044116,-0.10165269196952119,-0.12713959054044116,0.25072523951530457,1,volatility_factor,0.5494533181190491,quality_factor,0.23233969509601593,momentum_factor,0.12847134470939636
2019-11-18,600050.SH,cp,3,cn_a,SIZE_LARGE,-0.12835812682392042,-0.102626955713424,-0.12835812682392042,0.25072523951530457,1,volatility_factor,0.6207351088523865,quality_factor,0.20849820971488953,momentum_factor,0.12158223986625671
2019-11-18,600104.SH,cp,3,cn_a,SIZE_LARGE,-0.17141808255536237,-0.13705494464734447,-0.17141808255536237,0.25072523951530457,1,volatility_factor,0.599841296672821,quality_factor,0.21551744639873505,momentum_factor,0.12359263747930527
2019-11-18,600031.SH,cp,3,cn_a,SIZE_LARGE,-0.19574691131460906,-0.1565067214332409,-0.19574691131460906,0.25072523951530457,2,volatility_factor,0.7148791551589966,quality_factor,0.16007457673549652,momentum_factor,0.10569712519645691
2019-11-18,600036.SH,cp,3,cn_a,SIZE_LARGE,-0.2135107685994226,-0.1707095665508623,-0.2135107685994226,0.25072523951530457,1,volatility_factor,0.6788144111633301,quality_factor,0.18798677623271942,momentum_factor,0.11628224700689316
2019-11-18,600111.SH,cp,3,cn_a,SIZE_LARGE,-0.2714942162705318,-0.21706942598085835,-0.2714942162705318,0.25072523951530457,2,volatility_factor,0.7347007989883423,quality_factor,0.10659068822860718,momentum_factor,0.08375686407089233
2019-11-18,600011.SH,cp,3,cn_a,SIZE_LARGE,-0.462125102277854,-0.3694857005087785,-0.462125102277854,0.25072523951530457,1,volatility_factor,0.6614869832992554,quality_factor,0.1952100247144699,momentum_factor,0.11754510551691055
2019-11-18,600118.SH,cp,3,cn_a,SIZE_LARGE,-0.5140840796318665,-0.4110287784561525,-0.5140840796318665,0.25072523951530457,1,volatility_factor,0.7024237513542175,quality_factor,0.18103867769241333,momentum_factor,0.11372697353363037
2019-11-19,600016.SH,cp,3,cn_a,SIZE_LARGE,0.23086939817513702,0.2058195974508003,0.23086939817513702,0.12170753628015518,2,volatility_factor,0.693846583366394,quality_factor,0.1791648268699646,momentum_factor,0.09910717606544495
2019-11-19,600000.SH,cp,3,cn_a,SIZE_LARGE,0.17132026120748312,0.15273166333695368,0.17132026120748312,0.12170753628015518,2,volatility_factor,0.7049952149391174,quality_factor,0.14430038630962372,momentum_factor,0.08297359943389893
2019-11-19,600030.SH,cp,3,cn_a,SIZE_LARGE,0.05717410353086407,0.05097059665051834,0.05717410353086407,0.12170753628015518,1,volatility_factor,0.4890526533126831,quality_factor,0.2601330280303955,momentum_factor,0.13211967051029205
2019-11-19,600019.SH,cp,3,cn_a,SIZE_LARGE,-0.005813213616207277,-0.0051824680786651985,-0.005813213616207277,0.12170753628015518,2,value_factor,0.3855728805065155,quality_factor,0.3713477551937103,momentum_factor,0.18285368382930756
2019-11-19,600089.SH,cp,3,cn_a,SIZE_LARGE,-0.043249016218110704,-0.03855640972131796,-0.043249016218110704,0.12170753628015518,1,volatility_factor,0.5134876370429993,quality_factor,0.24995170533657074,momentum_factor,0.13033734261989594
2019-11-19,600018.SH,cp,3,cn_a,SIZE_LARGE,-0.09660679595832221,-0.08612476149857612,-0.09660679595832221,0.12170753628015518,2,volatility_factor,0.7115286588668823,quality_factor,0.12143957614898682,value_factor,0.09543947875499725
2019-11-19,600028.SH,cp,3,cn_a,SIZE_LARGE,-0.09797125342175685,-0.08734117254344669,-0.09797125342175685,0.12170753628015518,1,volatility_factor,0.5472139120101929,quality_factor,0.24018080532550812,momentum_factor,0.12664255499839783
2019-11-19,600050.SH,cp,3,cn_a,SIZE_LARGE,-0.10076986590329529,-0.08983612986097764,-0.10076986590329529,0.12170753628015518,1,volatility_factor,0.6184940934181213,quality_factor,0.22073762118816376,momentum_factor,0.1184854507446289
2019-11-19,600104.SH,cp,3,cn_a,SIZE_LARGE,-0.13390987043274663,-0.11938037628637475,-0.13390987043274663,0.12170753628015518,1,volatility_factor,0.5977793335914612,quality_factor,0.22641365230083466,momentum_factor,0.12084861844778061
2019-11-19,600031.SH,cp,3,cn_a,SIZE_LARGE,-0.15711662915663768,-0.14006915434203432,-0.15711662915663768,0.12170753628015518,2,volatility_factor,0.6956385970115662,quality_factor,0.17667138576507568,momentum_factor,0.09898105263710022
2019-11-19,600036.SH,cp,3,cn_a,SIZE_LARGE,-0.16914920187725513,-0.150796168373475,-0.16914920187725513,0.12170753628015518,1,volatility_factor,0.6758673787117004,quality_factor,0.20419612526893616,momentum_factor,0.11217692494392395
2019-11-19,600111.SH,cp,3,cn_a,SIZE_LARGE,-0.22153661936831157,-0.19749944418535537,-0.22153661936831157,0.12170753628015518,2,volatility_factor,0.710074245929718,quality_factor,0.1300818771123886,value_factor,0.08289974927902222
2019-11-19,600011.SH,cp,3,cn_a,SIZE_LARGE,-0.36653581269902996,-0.32676592921071107,-0.36653581269902996,0.12170753628015518,1,volatility_factor,0.6582855582237244,quality_factor,0.2101636677980423,momentum_factor,0.11385106295347214
2019-11-19,600118.SH,cp,3,cn_a,SIZE_LARGE,-0.41045310478411956,-0.36591810550401677,-0.41045310478411956,0.12170753628015518,1,volatility_factor,0.6892520785331726,quality_factor,0.19638630747795105,momentum_factor,0.10801908373832703
2019-11-20,600016.SH,cp,3,cn_a,SIZE_LARGE,0.26228921086455104,0.20109103430447453,0.26228921086455104,0.3043306767940521,2,volatility_factor,0.6601718664169312,quality_factor,0.1746160089969635,value_factor,0.1045062243938446
2019-11-20,600000.SH,cp,3,cn_a,SIZE_LARGE,0.18546773237924807,0.1421937944428392,0.18546773237924807,0.3043306767940521,2,volatility_factor,0.6681182384490967,value_factor,0.1760677993297577,quality_factor,0.12569725513458252
2019-11-20,600030.SH,cp,3,cn_a,SIZE_LARGE,0.07984693109996979,0.06121678397676368,0.07984693109996979,0.3043306767940521,1,volatility_factor,0.48286736011505127,quality_factor,0.26868486404418945,momentum_factor,0.13084790110588074
2019-11-20,600019.SH,cp,3,cn_a,SIZE_LARGE,-0.016726996733208606,-0.012824199145673246,-0.016726996733208606,0.3043306767940521,2,value_factor,0.33317068219184875,quality_factor,0.30890756845474243,volatility_factor,0.18023556470870972
2019-11-20,600089.SH,cp,3,cn_a,SIZE_LARGE,-0.05674756770519425,-0.043507039601387534,-0.05674756770519425,0.3043306767940521,1,volatility_factor,0.5057410001754761,quality_factor,0.26514536142349243,momentum_factor,0.12745174765586853
2019-11-20,600018.SH,cp,3,cn_a,SIZE_LARGE,-0.10234655972299206,-0.07846672565891162,-0.10234655972299206,0.3043306767940521,2,volatility_factor,0.6733577251434326,value_factor,0.2247849404811859,quality_factor,0.0925876721739769
2019-11-20,600050.SH,cp,3,cn_a,SIZE_LARGE,-0.12159791295614211,-0.09322629018943324,-0.12159791295614211,0.3043306767940521,1,volatility_factor,0.6375643014907837,quality_factor,0.24724991619586945,momentum_factor,0.10715758800506592
2019-11-20,600028.SH,cp,3,cn_a,SIZE_LARGE,-0.12431316828766792,-0.09530801326609929,-0.12431316828766792,0.3043306767940521,1,volatility_factor,0.5439963936805725,quality_factor,0.2598959505558014,momentum_factor,0.12157853692770004
2019-11-20,600104.SH,cp,3,cn_a,SIZE_LARGE,-0.1638873068708404,-0.12564858439812487,-0.1638873068708404,0.3043306767940521,1,volatility_factor,0.6084805130958557,quality_factor,0.2511846423149109,momentum_factor,0.11163890361785889
2019-11-20,600031.SH,cp,3,cn_a,SIZE_LARGE,-0.17549843293463271,-0.1345505645516791,-0.17549843293463271,0.3043306767940521,2,volatility_factor,0.6610368490219116,quality_factor,0.17032906413078308,value_factor,0.11043454706668854
2019-11-20,600036.SH,cp,3,cn_a,SIZE_LARGE,-0.195066995164595,-0.14955332583836695,-0.195066995164595,0.3043306767940521,1,volatility_factor,0.6546502113342285,quality_factor,0.21033507585525513,momentum_factor,0.0833311676979065
2019-11-20,600111.SH,cp,3,cn_a,SIZE_LARGE,-0.23318496019314303,-0.1787774825923056,-0.23318496019314303,0.3043306767940521,2,volatility_factor,0.6718562245368958,value_factor,0.20867343246936798,quality_factor,0.10327523946762085
2019-11-20,600011.SH,cp,3,cn_a,SIZE_LARGE,-0.4327068608760547,-0.33174628082259505,-0.4327068608760547,0.3043306767940521,1,volatility_factor,0.652372419834137,quality_factor,0.22359396517276764,momentum_factor,0.09149391204118729
2019-11-20,600118.SH,cp,3,cn_a,SIZE_LARGE,-0.4714134799697851,-0.3614217449498903,-0.4714134799697851,0.3043306767940521,1,volatility_factor,0.656752347946167,quality_factor,0.19659289717674255,momentum_factor,0.07460364699363708
2019-11-21,600016.SH,cp,3,cn_a,SIZE_LARGE,0.25740308983410914,0.2121882389400292,0.25740308983410914,0.21308843791484833,2,volatility_factor,0.6295408010482788,quality_factor,0.1890193670988083,value_factor,0.1409585177898407
2019-11-21,600000.SH,cp,3,cn_a,SIZE_LARGE,0.18054368978885693,0.14882978915568568,0.18054368978885693,0.21308843791484833,2,volatility_factor,0.6310307383537292,value_factor,0.22525300085544586,quality_factor,0.14032065868377686
2019-11-21,600030.SH,cp,3,cn_a,SIZE_LARGE,0.08115977160020288,0.0669034276928094,0.08115977160020288,0.21308843791484833,1,volatility_factor,0.4790021479129791,quality_factor,0.2741854190826416,momentum_factor,0.1300080567598343
2019-11-21,600019.SH,cp,3,cn_a,SIZE_LARGE,-0.016357868733086055,-0.013484482107509466,-0.016357868733086055,0.21308843791484833,2,value_factor,0.34491166472435,quality_factor,0.28778135776519775,volatility_factor,0.18431654572486877
2019-11-21,600089.SH,cp,3,cn_a,SIZE_LARGE,-0.055958493037924766,-0.0461289493420903,-0.055958493037924766,0.21308843791484833,1,volatility_factor,0.5003637671470642,quality_factor,0.27605733275413513,momentum_factor,0.12534335255622864
2019-11-21,600018.SH,cp,3,cn_a,SIZE_LARGE,-0.09995468865685246,-0.08239687166756748,-0.09995468865685246,0.21308843791484833,2,volatility_factor,0.6081809997558594,value_factor,0.2685062885284424,quality_factor,0.10379339754581451
2019-11-21,600050.SH,cp,3,cn_a,SIZE_LARGE,-0.11896786975184183,-0.09807023990799427,-0.11896786975184183,0.21308843791484833,1,volatility_factor,0.625673234462738,quality_factor,0.264267235994339,momentum_factor,0.09616751223802567
2019-11-21,600028.SH,cp,3,cn_a,SIZE_LARGE,-0.12184894495705181,-0.10044523188824314,-0.12184894495705181,0.21308843791484833,1,volatility_factor,0.540587842464447,quality_factor,0.2752082943916321,momentum_factor,0.11782102286815643
2019-11-21,600104.SH,cp,3,cn_a,SIZE_LARGE,-0.1604605312658636,-0.13227439332848803,-0.1604605312658636,0.21308843791484833,1,volatility_factor,0.6109287142753601,quality_factor,0.27286848425865173,momentum_factor,0.10491309314966202
2019-11-21,600031.SH,cp,3,cn_a,SIZE_LARGE,-0.17028679370205763,-0.14037459648860673,-0.17028679370205763,0.21308843791484833,2,volatility_factor,0.628623902797699,quality_factor,0.18426820635795593,value_factor,0.15134237706661224
2019-11-21,600036.SH,cp,3,cn_a,SIZE_LARGE,-0.18919484578681936,-0.15596130244554623,-0.18919484578681936,0.21308843791484833,1,volatility_factor,0.6267048120498657,quality_factor,0.22392638027668,value_factor,0.08413145691156387
2019-11-21,600111.SH,cp,3,cn_a,SIZE_LARGE,-0.22477339359954557,-0.1852902021463672,-0.22477339359954557,0.21308843791484833,2,volatility_factor,0.6127899289131165,value_factor,0.25904858112335205,quality_factor,0.11362745612859726
2019-11-21,600011.SH,cp,3,cn_a,SIZE_LARGE,-0.4239110274368092,-0.3494477647375761,-0.4239110274368092,0.21308843791484833,1,volatility_factor,0.6270952224731445,quality_factor,0.2370356023311615,momentum_factor,0.07603813707828522
2019-11-21,600118.SH,cp,3,cn_a,SIZE_LARGE,-0.4599468559053221,-0.37915362019722365,-0.4599468559053221,0.21308843791484833,1,volatility_factor,0.6279433965682983,quality_factor,0.21043089032173157,value_factor,0.10581262409687042
2019-11-22,600016.SH,cp,3,cn_a,SIZE_LARGE,0.256126643176754,0.18261285806382022,0.256126643176754,0.4025663435459137,2,volatility_factor,0.655569851398468,quality_factor,0.19169588387012482,value_factor,0.08323635160923004
2019-11-22,600000.SH,cp,3,cn_a,SIZE_LARGE,0.18626586556980504,0.1328036070341962,0.18626586556980504,0.4025663435459137,2,volatility_factor,0.6615033745765686,quality_factor,0.1530531942844391,value_factor,0.14046405255794525
2019-11-22,600030.SH,cp,3,cn_a,SIZE_LARGE,0.06998981888119565,0.04990125471813575,0.06998981888119565,0.4025663435459137,1,volatility_factor,0.4827318489551544,quality_factor,0.2690441906452179,momentum_factor,0.13077042996883392
2019-11-22,600019.SH,cp,3,cn_a,SIZE_LARGE,-0.009045949552836736,-0.006449569952020437,-0.009045949552836736,0.4025663435459137,2,value_factor,0.37813490629196167,quality_factor,0.3150828182697296,momentum_factor,0.18771733343601227
2019-11-22,600089.SH,cp,3,cn_a,SIZE_LARGE,-0.05022911167434384,-0.035812290072957234,-0.05022911167434384,0.4025663435459137,1,volatility_factor,0.5055761337280273,quality_factor,0.2658526301383972,momentum_factor,0.12727965414524078
2019-11-22,600018.SH,cp,3,cn_a,SIZE_LARGE,-0.10477430785514465,-0.0747018567524921,-0.10477430785514465,0.4025663435459137,2,volatility_factor,0.6652530431747437,value_factor,0.1774744987487793,quality_factor,0.1281615048646927
2019-11-22,600028.SH,cp,3,cn_a,SIZE_LARGE,-0.1119557133403517,-0.07982204637549763,-0.1119557133403517,0.4025663435459137,1,volatility_factor,0.5428875088691711,quality_factor,0.2610374689102173,momentum_factor,0.12146345525979996
2019-11-22,600050.SH,cp,3,cn_a,SIZE_LARGE,-0.11331091267042594,-0.0807882747219186,-0.11331091267042594,0.4025663435459137,1,volatility_factor,0.6285771727561951,quality_factor,0.2500883638858795,momentum_factor,0.10807443410158157
2019-11-22,600104.SH,cp,3,cn_a,SIZE_LARGE,-0.15128312101234956,-0.10786165297850311,-0.15128312101234956,0.4025663435459137,1,volatility_factor,0.6027531623840332,quality_factor,0.2533903121948242,momentum_factor,0.11210877448320389
2019-11-22,600031.SH,cp,3,cn_a,SIZE_LARGE,-0.17167411718781495,-0.12240000027492416,-0.17167411718781495,0.4025663435459137,2,volatility_factor,0.6562023162841797,quality_factor,0.18817630410194397,value_factor,0.08826157450675964
2019-11-22,600036.SH,cp,3,cn_a,SIZE_LARGE,-0.18628686252605403,-0.13281857741815825,-0.18628686252605403,0.4025663435459137,1,volatility_factor,0.651181697845459,quality_factor,0.22129568457603455,momentum_factor,0.08844078332185745
2019-11-22,600111.SH,cp,3,cn_a,SIZE_LARGE,-0.23706262631268157,-0.16902061883971636,-0.23706262631268157,0.4025663435459137,2,volatility_factor,0.6641720533370972,value_factor,0.16561508178710938,quality_factor,0.13600103557109833
2019-11-22,600011.SH,cp,3,cn_a,SIZE_LARGE,-0.4102030413186355,-0.29246605832401756,-0.4102030413186355,0.4025663435459137,1,volatility_factor,0.6493707299232483,quality_factor,0.23264248669147491,momentum_factor,0.09556928277015686
2019-11-22,600118.SH,cp,3,cn_a,SIZE_LARGE,-0.45414234886716004,-0.3237938516111999,-0.45414234886716004,0.4025663435459137,1,volatility_factor,0.6528802514076233,quality_factor,0.20975521206855774,momentum_factor,0.08104250580072403
2019-11-25,600016.SH,cp,3,cn_a,SIZE_LARGE,0.23379736156698905,0.18361864481292395,0.23379736156698905,0.2732768654823303,2,volatility_factor,0.6005665063858032,quality_factor,0.2729341685771942,momentum_factor,0.07710082828998566
2019-11-25,600000.SH,cp,3,cn_a,SIZE_LARGE,0.18584705592112563,0.14595966490807075,0.18584705592112563,0.2732768654823303,2,volatility_factor,0.5990887880325317,quality_factor,0.25960999727249146,value_factor,0.07629519701004028
2019-11-25,600030.SH,cp,3,cn_a,SIZE_LARGE,0.039990573451274276,0.03140760380356436,0.039990573451274276,0.2732768654823303,1,volatility_factor,0.4729706943035126,quality_factor,0.28403186798095703,momentum_factor,0.1283332258462906
2019-11-25,600019.SH,cp,3,cn_a,SIZE_LARGE,0.01650491670468267,0.012962551919969693,0.01650491670468267,0.2732768654823303,2,volatility_factor,0.5084826350212097,value_factor,0.3645566999912262,momentum_factor,0.07750298827886581
2019-11-25,600089.SH,cp,3,cn_a,SIZE_LARGE,-0.02858017716697859,-0.022446161773345047,-0.02858017716697859,0.2732768654823303,1,volatility_factor,0.4924148619174957,quality_factor,0.29507699608802795,momentum_factor,0.12139347940683365
2019-11-25,600028.SH,cp,3,cn_a,SIZE_LARGE,-0.07004964965270609,-0.05501525617159106,-0.07004964965270609,0.2732768654823303,1,volatility_factor,0.5293102264404297,quality_factor,0.2984985411167145,momentum_factor,0.11328241229057312
2019-11-25,600050.SH,cp,3,cn_a,SIZE_LARGE,-0.08462105864378609,-0.06645927912387892,-0.08462105864378609,0.2732768654823303,1,volatility_factor,0.5940080881118774,quality_factor,0.30128994584083557,momentum_factor,0.09998439997434616
2019-11-25,600104.SH,cp,3,cn_a,SIZE_LARGE,-0.10800989601337169,-0.08482829147187608,-0.10800989601337169,0.2732768654823303,1,volatility_factor,0.5770567655563354,quality_factor,0.3004886507987976,momentum_factor,0.10348875820636749
2019-11-25,600018.SH,cp,3,cn_a,SIZE_LARGE,-0.11147034355264962,-0.08754604107927005,-0.11147034355264962,0.2732768654823303,2,volatility_factor,0.599786102771759,quality_factor,0.2519691288471222,value_factor,0.08857861906290054
2019-11-25,600036.SH,cp,3,cn_a,SIZE_LARGE,-0.15330692264178464,-0.1204034518920717,-0.15330692264178464,0.2732768654823303,1,volatility_factor,0.5977433323860168,quality_factor,0.2864851951599121,momentum_factor,0.08493181318044662
2019-11-25,600031.SH,cp,3,cn_a,SIZE_LARGE,-0.1555370220346671,-0.12215491660311326,-0.1555370220346671,0.2732768654823303,2,volatility_factor,0.598181962966919,quality_factor,0.27222517132759094,momentum_factor,0.07407476752996445
2019-11-25,600111.SH,cp,3,cn_a,SIZE_LARGE,-0.24352857610077658,-0.1912612991743844,-0.24352857610077658,0.2732768654823303,2,volatility_factor,0.597419798374176,quality_factor,0.25458472967147827,value_factor,0.08869948238134384
2019-11-25,600011.SH,cp,3,cn_a,SIZE_LARGE,-0.33180664959921885,-0.260592706996261,-0.33180664959921885,0.2732768654823303,1,volatility_factor,0.600098729133606,quality_factor,0.29102247953414917,momentum_factor,0.0909641906619072
2019-11-25,600118.SH,cp,3,cn_a,SIZE_LARGE,-0.3905372856051546,-0.3067182907929846,-0.3905372856051546,0.2732768654823303,1,volatility_factor,0.5992336273193359,quality_factor,0.28075775504112244,momentum_factor,0.08192895352840424
2019-11-26,600016.SH,cp,3,cn_a,SIZE_LARGE,0.30288453353098344,0.22576213066268275,0.30288453353098344,0.3416091203689575,2,volatility_factor,0.6915681958198547,quality_factor,0.18534424901008606,momentum_factor,0.10165425390005112
2019-11-26,600000.SH,cp,3,cn_a,SIZE_LARGE,0.2268085290959433,0.16905708648847617,0.2268085290959433,0.3416091203689575,2,volatility_factor,0.7016655802726746,quality_factor,0.1535446047782898,momentum_factor,0.08686535805463791
2019-11-26,600030.SH,cp,3,cn_a,SIZE_LARGE,0.07185186577005265,0.053556482793060155,0.07185186577005265,0.3416091203689575,1,volatility_factor,0.4891544282436371,quality_factor,0.2600646913051605,momentum_factor,0.13211971521377563
2019-11-26,600019.SH,cp,3,cn_a,SIZE_LARGE,-0.004673514228951815,-0.0034835140563643056,-0.004673514228951815,0.3416091203689575,2,value_factor,0.41836830973625183,quality_factor,0.3837902247905731,momentum_factor,0.1892327219247818
2019-11-26,600089.SH,cp,3,cn_a,SIZE_LARGE,-0.05464707295232932,-0.040732484687716466,-0.05464707295232932,0.3416091203689575,1,volatility_factor,0.5135791897773743,quality_factor,0.24992333352565765,momentum_factor,0.13032786548137665
2019-11-26,600028.SH,cp,3,cn_a,SIZE_LARGE,-0.12470583510186962,-0.0929524354065021,-0.12470583510186962,0.3416091203689575,1,volatility_factor,0.5468332767486572,quality_factor,0.24037346243858337,momentum_factor,0.1266605108976364
2019-11-26,600018.SH,cp,3,cn_a,SIZE_LARGE,-0.12868527716333805,-0.09591860640299477,-0.12868527716333805,0.3416091203689575,2,volatility_factor,0.7074315547943115,quality_factor,0.13305656611919403,value_factor,0.08293885737657547
2019-11-26,600050.SH,cp,3,cn_a,SIZE_LARGE,-0.1299941710140272,-0.09689422130514239,-0.1299941710140272,0.3416091203689575,1,volatility_factor,0.6154007911682129,quality_factor,0.22186368703842163,momentum_factor,0.11875803023576736
2019-11-26,600104.SH,cp,3,cn_a,SIZE_LARGE,-0.17212533917459943,-0.12829768116607843,-0.17212533917459943,0.3416091203689575,1,volatility_factor,0.5957086682319641,quality_factor,0.22720472514629364,momentum_factor,0.12102029472589493
2019-11-26,600031.SH,cp,3,cn_a,SIZE_LARGE,-0.20619475653314515,-0.1536921249286374,-0.20619475653314515,0.3416091203689575,2,volatility_factor,0.693274736404419,quality_factor,0.18299750983715057,momentum_factor,0.10155614465475082
2019-11-26,600036.SH,cp,3,cn_a,SIZE_LARGE,-0.2201518853147914,-0.16409540004785236,-0.2201518853147914,0.3416091203689575,1,volatility_factor,0.6689858436584473,quality_factor,0.20653732120990753,momentum_factor,0.11283059418201447
2019-11-26,600111.SH,cp,3,cn_a,SIZE_LARGE,-0.29431992429036724,-0.21937829716708093,-0.29431992429036724,0.3416091203689575,2,volatility_factor,0.7062508463859558,quality_factor,0.14070501923561096,momentum_factor,0.08141934871673584
2019-11-26,600011.SH,cp,3,cn_a,SIZE_LARGE,-0.4758533104211323,-0.3546884880227017,-0.4758533104211323,0.3416091203689575,1,volatility_factor,0.6526954770088196,quality_factor,0.21206746995449066,momentum_factor,0.11438149213790894
2019-11-26,600118.SH,cp,3,cn_a,SIZE_LARGE,-0.5359045147970777,-0.3994490695245855,-0.5359045147970777,0.3416091203689575,1,volatility_factor,0.6874125599861145,quality_factor,0.20122289657592773,momentum_factor,0.1099546030163765
2019-11-27,600016.SH,cp,3,cn_a,SIZE_LARGE,0.29875004486508583,0.24778345872697605,0.29875004486508583,0.20569007098674774,2,volatility_factor,0.6845369935035706,quality_factor,0.1807745099067688,momentum_factor,0.09076496958732605
2019-11-27,600000.SH,cp,3,cn_a,SIZE_LARGE,0.2200104727104557,0.18247681237662206,0.2200104727104557,0.20569007098674774,2,volatility_factor,0.6947686076164246,quality_factor,0.14405089616775513,value_factor,0.08897089958190918
2019-11-27,600030.SH,cp,3,cn_a,SIZE_LARGE,0.07679045316938171,0.06369004594497707,0.07679045316938171,0.20569007098674774,1,volatility_factor,0.4872916638851166,quality_factor,0.26259732246398926,momentum_factor,0.13174904882907867
2019-11-27,600019.SH,cp,3,cn_a,SIZE_LARGE,-0.009077767367592533,-0.0075291054663330255,-0.009077767367592533,0.20569007098674774,2,value_factor,0.37664589285850525,quality_factor,0.3516772985458374,momentum_factor,0.18304002285003662
2019-11-27,600089.SH,cp,3,cn_a,SIZE_LARGE,-0.0571907298449185,-0.04743402416723827,-0.0571907298449185,0.20569007098674774,1,volatility_factor,0.5113850235939026,quality_factor,0.2541387379169464,momentum_factor,0.12953594326972961
2019-11-27,600018.SH,cp,3,cn_a,SIZE_LARGE,-0.12377844415602611,-0.10266191264565182,-0.12377844415602611,0.20569007098674774,2,volatility_factor,0.7008083462715149,quality_factor,0.1200052946805954,value_factor,0.11980815976858139
2019-11-27,600028.SH,cp,3,cn_a,SIZE_LARGE,-0.12876235037733624,-0.10679556732692495,-0.12876235037733624,0.20569007098674774,1,volatility_factor,0.5461969971656799,quality_factor,0.24550162255764008,momentum_factor,0.12530454993247986
2019-11-27,600050.SH,cp,3,cn_a,SIZE_LARGE,-0.13143323774243654,-0.10901080284092662,-0.13143323774243654,0.20569007098674774,1,volatility_factor,0.6218198537826538,quality_factor,0.22774916887283325,momentum_factor,0.11582128703594208
2019-11-27,600104.SH,cp,3,cn_a,SIZE_LARGE,-0.17503307607812396,-0.14517253378771983,-0.17503307607812396,0.20569007098674774,1,volatility_factor,0.5995708107948303,quality_factor,0.2329934686422348,momentum_factor,0.11860522627830505
2019-11-27,600031.SH,cp,3,cn_a,SIZE_LARGE,-0.20249961449687978,-0.16795329652109492,-0.20249961449687978,0.20569007098674774,2,volatility_factor,0.68616783618927,quality_factor,0.17793597280979156,momentum_factor,0.09019866585731506
2019-11-27,600036.SH,cp,3,cn_a,SIZE_LARGE,-0.21892921421557754,-0.18158001596020704,-0.21892921421557754,0.20569007098674774,1,volatility_factor,0.6778533458709717,quality_factor,0.20992016792297363,momentum_factor,0.10697600245475769
2019-11-27,600111.SH,cp,3,cn_a,SIZE_LARGE,-0.28308156153962094,-0.23478800966137703,-0.28308156153962094,0.20569007098674774,2,volatility_factor,0.6995003819465637,quality_factor,0.1286957859992981,value_factor,0.10688424110412598
2019-11-27,600011.SH,cp,3,cn_a,SIZE_LARGE,-0.4766926710669895,-0.39536917505776525,-0.4766926710669895,0.20569007098674774,1,volatility_factor,0.6650672554969788,quality_factor,0.21783310174942017,momentum_factor,0.11032986640930176
2019-11-27,600118.SH,cp,3,cn_a,SIZE_LARGE,-0.5314422914779496,-0.4407785416590092,-0.5314422914779496,0.20569007098674774,1,volatility_factor,0.6803475022315979,quality_factor,0.19856397807598114,momentum_factor,0.1005459651350975
2019-11-28,600016.SH,cp,3,cn_a,SIZE_LARGE,0.24511056841339693,0.23974591360941952,0.24511056841339693,0.022376475855708122,2,volatility_factor,0.6915122866630554,quality_factor,0.17148813605308533,momentum_factor,0.09060661494731903
2019-11-28,600000.SH,cp,3,cn_a,SIZE_LARGE,0.17875547895271643,0.17484311627856353,0.17875547895271643,0.022376475855708122,2,volatility_factor,0.7036510109901428,quality_factor,0.13089410960674286,value_factor,0.09450321644544601
2019-11-28,600030.SH,cp,3,cn_a,SIZE_LARGE,0.0656327169690171,0.06419623516953757,0.0656327169690171,0.022376475855708122,1,volatility_factor,0.4879254698753357,quality_factor,0.26161864399909973,momentum_factor,0.13190890848636627
2019-11-28,600019.SH,cp,3,cn_a,SIZE_LARGE,-0.010265590590274825,-0.010040910968207688,-0.010265590590274825,0.022376475855708122,2,value_factor,0.34986576437950134,quality_factor,0.34928035736083984,momentum_factor,0.17691437900066376
2019-11-28,600089.SH,cp,3,cn_a,SIZE_LARGE,-0.04887782629310114,-0.047808053303186576,-0.04887782629310114,0.022376475855708122,1,volatility_factor,0.5121777057647705,quality_factor,0.2523656189441681,momentum_factor,0.1298941820859909
2019-11-28,600018.SH,cp,3,cn_a,SIZE_LARGE,-0.099769518149094,-0.09758589535268179,-0.099769518149094,0.022376475855708122,2,volatility_factor,0.7110355496406555,value_factor,0.12836119532585144,quality_factor,0.10363894701004028
2019-11-28,600028.SH,cp,3,cn_a,SIZE_LARGE,-0.10930372506393415,-0.10691143020063029,-0.10930372506393415,0.022376475855708122,1,volatility_factor,0.547126293182373,quality_factor,0.24297070503234863,momentum_factor,0.12585493922233582
2019-11-28,600050.SH,cp,3,cn_a,SIZE_LARGE,-0.10998550438050146,-0.10757828763639274,-0.10998550438050146,0.022376475855708122,1,volatility_factor,0.6246312856674194,quality_factor,0.22327090799808502,momentum_factor,0.11656983196735382
2019-11-28,600104.SH,cp,3,cn_a,SIZE_LARGE,-0.14703936063797585,-0.1438211582669957,-0.14703936063797585,0.022376475855708122,1,volatility_factor,0.6015908718109131,quality_factor,0.22915102541446686,momentum_factor,0.11932320147752762
2019-11-28,600031.SH,cp,3,cn_a,SIZE_LARGE,-0.1663355858654782,-0.16269505332719675,-0.1663355858654782,0.022376475855708122,2,volatility_factor,0.693345308303833,quality_factor,0.1685563623905182,momentum_factor,0.09017516672611237
2019-11-28,600036.SH,cp,3,cn_a,SIZE_LARGE,-0.18159505196333753,-0.17762054048388717,-0.18159505196333753,0.022376475855708122,1,volatility_factor,0.6836084127426147,quality_factor,0.2033369243144989,momentum_factor,0.10770083963871002
2019-11-28,600111.SH,cp,3,cn_a,SIZE_LARGE,-0.22929739644863423,-0.2242788393649469,-0.22929739644863423,0.022376475855708122,2,volatility_factor,0.7092747092247009,quality_factor,0.11383836716413498,value_factor,0.11365234106779099
2019-11-28,600011.SH,cp,3,cn_a,SIZE_LARGE,-0.3959756103194247,-0.3873090217104209,-0.3959756103194247,0.022376475855708122,1,volatility_factor,0.6700676679611206,quality_factor,0.21199001371860504,momentum_factor,0.11104930937290192
2019-11-28,600118.SH,cp,3,cn_a,SIZE_LARGE,-0.43883866098876007,-0.42923394281571986,-0.43883866098876007,0.022376475855708122,1,volatility_factor,0.6865484714508057,quality_factor,0.19099271297454834,momentum_factor,0.1009477972984314
2019-11-29,600016.SH,cp,3,cn_a,SIZE_LARGE,0.2510671923479493,0.1837758926644454,0.2510671923479493,0.3661595582962036,2,volatility_factor,0.7547025680541992,quality_factor,0.12290697544813156,momentum_factor,0.11736422777175903
2019-11-29,600000.SH,cp,3,cn_a,SIZE_LARGE,0.1793902776862331,0.1313099019780372,0.1793902776862331,0.3661595582962036,2,volatility_factor,0.7810894250869751,momentum_factor,0.10178892314434052,quality_factor,0.06889566779136658
2019-11-29,600030.SH,cp,3,cn_a,SIZE_LARGE,0.07200826033537246,0.05270852873523577,0.07200826033537246,0.3661595582962036,1,volatility_factor,0.4956165552139282,quality_factor,0.2504649758338928,momentum_factor,0.13364021480083466
2019-11-29,600019.SH,cp,3,cn_a,SIZE_LARGE,-0.019656946842167608,-0.014388470748382152,-0.019656946842167608,0.3661595582962036,2,quality_factor,0.38211214542388916,value_factor,0.2726685106754303,volatility_factor,0.19065546989440918
2019-11-29,600089.SH,cp,3,cn_a,SIZE_LARGE,-0.056005273149890775,-0.040994679435348944,-0.056005273149890775,0.3661595582962036,1,volatility_factor,0.5210763216018677,quality_factor,0.23387040197849274,momentum_factor,0.13350945711135864
2019-11-29,600018.SH,cp,3,cn_a,SIZE_LARGE,-0.09708866735305977,-0.07106685801338111,-0.09708866735305977,0.3661595582962036,2,volatility_factor,0.799974262714386,momentum_factor,0.08855835348367691,value_factor,0.08385401964187622
2019-11-29,600050.SH,cp,3,cn_a,SIZE_LARGE,-0.12005775882604078,-0.08787974881628759,-0.12005775882604078,0.3661595582962036,1,volatility_factor,0.6263332366943359,quality_factor,0.18506968021392822,momentum_factor,0.12725743651390076
2019-11-29,600028.SH,cp,3,cn_a,SIZE_LARGE,-0.12393213890111422,-0.09071571336489812,-0.12393213890111422,0.3661595582962036,1,volatility_factor,0.5536165833473206,quality_factor,0.2182484120130539,momentum_factor,0.13173095881938934
2019-11-29,600104.SH,cp,3,cn_a,SIZE_LARGE,-0.16214948244237992,-0.11869000327063078,-0.16214948244237992,0.3661595582962036,1,volatility_factor,0.604573130607605,quality_factor,0.195034459233284,momentum_factor,0.12858566641807556
2019-11-29,600031.SH,cp,3,cn_a,SIZE_LARGE,-0.17355524346512435,-0.12703877992229,-0.17355524346512435,0.3661595582962036,2,volatility_factor,0.7567805051803589,quality_factor,0.12171448767185211,momentum_factor,0.11856532841920853
2019-11-29,600036.SH,cp,3,cn_a,SIZE_LARGE,-0.1953010935783749,-0.14295628383403716,-0.1953010935783749,0.3661595582962036,1,volatility_factor,0.6877029538154602,quality_factor,0.15576323866844177,momentum_factor,0.12385830283164978
2019-11-29,600111.SH,cp,3,cn_a,SIZE_LARGE,-0.23069900257933326,-0.16886680708587795,-0.23069900257933326,0.3661595582962036,2,volatility_factor,0.7922195792198181,momentum_factor,0.09659755229949951,value_factor,0.06333167850971222
2019-11-29,600011.SH,cp,3,cn_a,SIZE_LARGE,-0.4222388454441211,-0.3090699346793089,-0.4222388454441211,0.3661595582962036,1,volatility_factor,0.6703057289123535,quality_factor,0.16541898250579834,momentum_factor,0.12443320453166962
2019-11-29,600118.SH,cp,3,cn_a,SIZE_LARGE,-0.46208942504709943,-0.33823971895595495,-0.46208942504709943,0.3661595582962036,1,volatility_factor,0.7151846289634705,quality_factor,0.14436104893684387,momentum_factor,0.12183976918458939
2019-12-02,600016.SH,cp,3,cn_a,SIZE_LARGE,0.2533088027311586,0.19733095334755713,0.2533088027311586,0.2836749851703644,2,volatility_factor,0.7552480697631836,momentum_factor,0.09600725769996643,quality_factor,0.0952693521976471
2019-12-02,600000.SH,cp,3,cn_a,SIZE_LARGE,0.17125871882241306,0.1334128379666888,0.17125871882241306,0.2836749851703644,2,volatility_factor,0.7906451225280762,value_factor,0.12442721426486969,momentum_factor,0.06936297565698624
2019-12-02,600030.SH,cp,3,cn_a,SIZE_LARGE,0.08785174881275919,0.06843769012192907,0.08785174881275919,0.2836749851703644,1,volatility_factor,0.49271801114082336,quality_factor,0.2543635964393616,momentum_factor,0.13307563960552216
2019-12-02,600019.SH,cp,3,cn_a,SIZE_LARGE,-0.033049262199271796,-0.02574581833280081,-0.033049262199271796,0.2836749851703644,2,quality_factor,0.34669139981269836,volatility_factor,0.25038689374923706,value_factor,0.24967747926712036
2019-12-02,600089.SH,cp,3,cn_a,SIZE_LARGE,-0.06598699385052194,-0.05140475287344282,-0.06598699385052194,0.2836749851703644,1,volatility_factor,0.518025815486908,quality_factor,0.23957863450050354,momentum_factor,0.1324523538351059
2019-12-02,600018.SH,cp,3,cn_a,SIZE_LARGE,-0.08905907191990692,-0.06937821100854369,-0.08905907191990692,0.2836749851703644,2,volatility_factor,0.7433750033378601,value_factor,0.1693032681941986,quality_factor,0.04583710432052612
2019-12-02,600050.SH,cp,3,cn_a,SIZE_LARGE,-0.13089523406886144,-0.10196914220495369,-0.13089523406886144,0.2836749851703644,1,volatility_factor,0.6411954760551453,quality_factor,0.18864431977272034,momentum_factor,0.12335675209760666
2019-12-02,600028.SH,cp,3,cn_a,SIZE_LARGE,-0.1421332232139352,-0.11072368641264348,-0.1421332232139352,0.2836749851703644,1,volatility_factor,0.5533702969551086,quality_factor,0.22444455325603485,momentum_factor,0.12999172508716583
2019-12-02,600031.SH,cp,3,cn_a,SIZE_LARGE,-0.17406871106987898,-0.13560185960001986,-0.17406871106987898,0.2836749851703644,2,volatility_factor,0.7579563856124878,momentum_factor,0.09695111215114594,quality_factor,0.09293127059936523
2019-12-02,600104.SH,cp,3,cn_a,SIZE_LARGE,-0.17939445289444786,-0.1397506838816636,-0.17939445289444786,0.2836749851703644,1,volatility_factor,0.6135467290878296,quality_factor,0.19995172321796417,momentum_factor,0.12543489038944244
2019-12-02,600036.SH,cp,3,cn_a,SIZE_LARGE,-0.20409613341534863,-0.15899362417398905,-0.20409613341534863,0.2836749851703644,1,volatility_factor,0.7271402478218079,quality_factor,0.15215018391609192,momentum_factor,0.11728497594594955
2019-12-02,600111.SH,cp,3,cn_a,SIZE_LARGE,-0.21473951148124368,-0.16728495837926183,-0.21473951148124368,0.2836749851703644,2,volatility_factor,0.777757465839386,value_factor,0.14736086130142212,momentum_factor,0.05682377889752388
2019-12-02,600011.SH,cp,3,cn_a,SIZE_LARGE,-0.4482203312107492,-0.3491696471418967,-0.4482203312107492,0.2836749851703644,1,volatility_factor,0.7008413076400757,quality_factor,0.1647813320159912,momentum_factor,0.11872074007987976
2019-12-02,600118.SH,cp,3,cn_a,SIZE_LARGE,-0.4767807209511305,-0.3714185736485237,-0.4767807209511305,0.2836749851703644,1,volatility_factor,0.7405723333358765,quality_factor,0.13160474598407745,momentum_factor,0.10966318100690842
2019-12-03,600016.SH,cp,3,cn_a,SIZE_LARGE,0.22734609486889812,0.1938991774265618,0.22734609486889812,0.17249642312526703,2,volatility_factor,0.7860538363456726,momentum_factor,0.08870421350002289,value_factor,0.07931070774793625
2019-12-03,600000.SH,cp,3,cn_a,SIZE_LARGE,0.14386185279611427,0.1226970489038463,0.14386185279611427,0.17249642312526703,2,volatility_factor,0.732327401638031,value_factor,0.1569429636001587,quality_factor,0.06600490212440491
2019-12-03,600030.SH,cp,3,cn_a,SIZE_LARGE,0.09378133869262056,0.07998432715964185,0.09378133869262056,0.17249642312526703,1,volatility_factor,0.4932694137096405,quality_factor,0.25337132811546326,momentum_factor,0.13325533270835876
2019-12-03,600019.SH,cp,3,cn_a,SIZE_LARGE,-0.044810819412641575,-0.038218298972462664,-0.044810819412641575,0.17249642312526703,2,quality_factor,0.3383540213108063,volatility_factor,0.2871450185775757,value_factor,0.22595030069351196
2019-12-03,600089.SH,cp,3,cn_a,SIZE_LARGE,-0.06982290099083499,-0.059550629516932636,-0.06982290099083499,0.17249642312526703,1,volatility_factor,0.5187938213348389,quality_factor,0.23757526278495789,momentum_factor,0.1328817903995514
2019-12-03,600018.SH,cp,3,cn_a,SIZE_LARGE,-0.07018902423459064,-0.05986288909562433,-0.07018902423459064,0.17249642312526703,2,volatility_factor,0.6470049619674683,value_factor,0.2038162648677826,quality_factor,0.13932982087135315
2019-12-03,600050.SH,cp,3,cn_a,SIZE_LARGE,-0.12895221774656612,-0.1099809036210134,-0.12895221774656612,0.17249642312526703,1,volatility_factor,0.6533657908439636,quality_factor,0.177231103181839,momentum_factor,0.12429796159267426
2019-12-03,600028.SH,cp,3,cn_a,SIZE_LARGE,-0.14722320435519706,-0.12556388197051277,-0.14722320435519706,0.17249642312526703,1,volatility_factor,0.5552978515625,quality_factor,0.22066959738731384,momentum_factor,0.13070809841156006
2019-12-03,600031.SH,cp,3,cn_a,SIZE_LARGE,-0.15673043990084604,-0.13367242306054095,-0.15673043990084604,0.17249642312526703,2,volatility_factor,0.7889911532402039,momentum_factor,0.09011015295982361,value_factor,0.07702121138572693
2019-12-03,600111.SH,cp,3,cn_a,SIZE_LARGE,-0.17567633054860524,-0.1498310142795039,-0.17567633054860524,0.17249642312526703,2,volatility_factor,0.6892117261886597,value_factor,0.17788629233837128,quality_factor,0.10464652627706528
2019-12-03,600104.SH,cp,3,cn_a,SIZE_LARGE,-0.1793789380267055,-0.15298889805468413,-0.1793789380267055,0.17249642312526703,1,volatility_factor,0.6212877631187439,quality_factor,0.19147954881191254,momentum_factor,0.12638327479362488
2019-12-03,600036.SH,cp,3,cn_a,SIZE_LARGE,-0.19317631923690376,-0.16475642310868116,-0.19317631923690376,0.17249642312526703,1,volatility_factor,0.7509057521820068,quality_factor,0.1265382468700409,momentum_factor,0.11632136255502701
2019-12-03,600011.SH,cp,3,cn_a,SIZE_LARGE,-0.4282931789156134,-0.36528313863070316,-0.4282931789156134,0.17249642312526703,1,volatility_factor,0.7269327640533447,quality_factor,0.14515915513038635,momentum_factor,0.11934106051921844
2019-12-03,600118.SH,cp,3,cn_a,SIZE_LARGE,-0.44231468910160915,-0.37724181904221643,-0.44231468910160915,0.17249642312526703,1,volatility_factor,0.7634106278419495,momentum_factor,0.1061081662774086,quality_factor,0.0973714143037796
2019-12-04,600016.SH,cp,3,cn_a,SIZE_LARGE,0.17612866306170655,0.1638297453890396,0.17612866306170655,0.0750712901353836,2,volatility_factor,0.8086692690849304,value_factor,0.10054656863212585,momentum_factor,0.08233904093503952
2019-12-04,600000.SH,cp,3,cn_a,SIZE_LARGE,0.10553985744426345,0.0981700972057653,0.10553985744426345,0.0750712901353836,2,volatility_factor,0.6779692769050598,value_factor,0.17701293528079987,quality_factor,0.11839094758033752
2019-12-04,600030.SH,cp,3,cn_a,SIZE_LARGE,0.08163752510916072,0.07593684480611386,0.08163752510916072,0.0750712901353836,1,volatility_factor,0.49348342418670654,quality_factor,0.25294753909111023,momentum_factor,0.13333620131015778
2019-12-04,600019.SH,cp,3,cn_a,SIZE_LARGE,-0.0437562098363908,-0.040700750190636445,-0.0437562098363908,0.0750712901353836,2,quality_factor,0.33412203192710876,volatility_factor,0.30400392413139343,value_factor,0.2153584063053131
2019-12-04,600018.SH,cp,3,cn_a,SIZE_LARGE,-0.048549693775044096,-0.045159509143010285,-0.048549693775044096,0.0750712901353836,2,volatility_factor,0.5704985857009888,value_factor,0.2229350060224533,quality_factor,0.19522200524806976
2019-12-04,600089.SH,cp,3,cn_a,SIZE_LARGE,-0.06042599871464249,-0.05620650161200624,-0.06042599871464249,0.0750712901353836,1,volatility_factor,0.5191223621368408,quality_factor,0.23664896190166473,momentum_factor,0.1330854743719101
2019-12-04,600050.SH,cp,3,cn_a,SIZE_LARGE,-0.10674016187561519,-0.09928658537957717,-0.10674016187561519,0.0750712901353836,1,volatility_factor,0.661586582660675,quality_factor,0.17020171880722046,momentum_factor,0.12473762780427933
2019-12-04,600031.SH,cp,3,cn_a,SIZE_LARGE,-0.1216731437168077,-0.11317680955100919,-0.1216731437168077,0.0750712901353836,2,volatility_factor,0.811693012714386,value_factor,0.09749078750610352,momentum_factor,0.08409550786018372
2019-12-04,600028.SH,cp,3,cn_a,SIZE_LARGE,-0.1257857017841249,-0.11700219111783666,-0.1257857017841249,0.0750712901353836,1,volatility_factor,0.5563879013061523,quality_factor,0.21872279047966003,momentum_factor,0.13105902075767517
2019-12-04,600111.SH,cp,3,cn_a,SIZE_LARGE,-0.12581878097358531,-0.11703296041508088,-0.12581878097358531,0.0750712901353836,2,volatility_factor,0.6314085125923157,value_factor,0.1994370073080063,quality_factor,0.160231813788414
2019-12-04,600104.SH,cp,3,cn_a,SIZE_LARGE,-0.14992379583347437,-0.1394547421878243,-0.14992379583347437,0.0750712901353836,1,volatility_factor,0.626329243183136,quality_factor,0.18650490045547485,momentum_factor,0.1268443465232849
2019-12-04,600036.SH,cp,3,cn_a,SIZE_LARGE,-0.15556892279036996,-0.1447056746366387,-0.15556892279036996,0.0750712901353836,1,volatility_factor,0.7632691860198975,momentum_factor,0.11453767120838165,quality_factor,0.10818365216255188
2019-12-04,600011.SH,cp,3,cn_a,SIZE_LARGE,-0.34731361738678457,-0.32306099710010433,-0.34731361738678457,0.0750712901353836,1,volatility_factor,0.745890736579895,quality_factor,0.13187484443187714,momentum_factor,0.1195111870765686
2019-12-04,600118.SH,cp,3,cn_a,SIZE_LARGE,-0.3511969280202929,-0.32667313939026255,-0.3511969280202929,0.0750712901353836,1,volatility_factor,0.7790973782539368,momentum_factor,0.10291382670402527,quality_factor,0.07290889322757721
2019-12-05,600016.SH,cp,3,cn_a,SIZE_LARGE,0.1650918644016705,0.15304059071632045,0.1650918644016705,0.07874562591314316,2,volatility_factor,0.8027418851852417,value_factor,0.10461799055337906,momentum_factor,0.07974458485841751
2019-12-05,600000.SH,cp,3,cn_a,SIZE_LARGE,0.0991304132036342,0.09189415268656691,0.0991304132036342,0.07874562591314316,2,volatility_factor,0.6786509156227112,value_factor,0.1830434948205948,quality_factor,0.11409568786621094
2019-12-05,600030.SH,cp,3,cn_a,SIZE_LARGE,0.07626567657608896,0.07069848194449488,0.07626567657608896,0.07874562591314316,1,volatility_factor,0.49305063486099243,quality_factor,0.2535720765590668,momentum_factor,0.13323967158794403
2019-12-05,600019.SH,cp,3,cn_a,SIZE_LARGE,-0.040483959041412096,-0.03752873606877952,-0.040483959041412096,0.07874562591314316,2,quality_factor,0.33274632692337036,volatility_factor,0.30284303426742554,value_factor,0.21727409958839417
2019-12-05,600018.SH,cp,3,cn_a,SIZE_LARGE,-0.045799721836156694,-0.04245646210279068,-0.045799721836156694,0.07874562591314316,2,volatility_factor,0.5683952569961548,value_factor,0.22799700498580933,quality_factor,0.18985240161418915
2019-12-05,600089.SH,cp,3,cn_a,SIZE_LARGE,-0.05629721839905944,-0.05218766891211256,-0.05629721839905944,0.07874562591314316,1,volatility_factor,0.5186179280281067,quality_factor,0.23768667876720428,momentum_factor,0.13288365304470062
2019-12-05,600050.SH,cp,3,cn_a,SIZE_LARGE,-0.09961983655222956,-0.09234784941263427,-0.09961983655222956,0.07874562591314316,1,volatility_factor,0.6618263125419617,quality_factor,0.17271599173545837,momentum_factor,0.12396630644798279
2019-12-05,600031.SH,cp,3,cn_a,SIZE_LARGE,-0.11385000705412571,-0.10553925474018903,-0.11385000705412571,0.07874562591314316,2,volatility_factor,0.8059358596801758,value_factor,0.1020015999674797,momentum_factor,0.08132947981357574
2019-12-05,600028.SH,cp,3,cn_a,SIZE_LARGE,-0.11720847800966525,-0.10865256611263105,-0.11720847800966525,0.07874562591314316,1,volatility_factor,0.556034505367279,quality_factor,0.22017107903957367,momentum_factor,0.13070961833000183
2019-12-05,600111.SH,cp,3,cn_a,SIZE_LARGE,-0.11814591594943873,-0.10952157353818032,-0.11814591594943873,0.07874562591314316,2,volatility_factor,0.6314917206764221,value_factor,0.2059551477432251,quality_factor,0.15635886788368225
2019-12-05,600104.SH,cp,3,cn_a,SIZE_LARGE,-0.13985755002518305,-0.12964831519447528,-0.13985755002518305,0.07874562591314316,1,volatility_factor,0.6263462901115417,quality_factor,0.1886722594499588,momentum_factor,0.12621602416038513
2019-12-05,600036.SH,cp,3,cn_a,SIZE_LARGE,-0.14526506246517215,-0.13466109338994287,-0.14526506246517215,0.07874562591314316,1,volatility_factor,0.759238600730896,momentum_factor,0.11245638132095337,quality_factor,0.11081008613109589
2019-12-05,600011.SH,cp,3,cn_a,SIZE_LARGE,-0.32457975068261746,-0.3008862790365408,-0.32457975068261746,0.07874562591314316,1,volatility_factor,0.7462519407272339,quality_factor,0.1351371705532074,momentum_factor,0.11833316087722778
2019-12-05,600118.SH,cp,3,cn_a,SIZE_LARGE,-0.3284401444663405,-0.3044648741853676,-0.3284401444663405,0.07874562591314316,1,volatility_factor,0.7744181752204895,momentum_factor,0.10063519328832626,quality_factor,0.07613159716129303
2019-12-06,600016.SH,cp,3,cn_a,SIZE_LARGE,0.26722699669331224,0.18715703422128802,0.26722699669331224,0.42782241106033325,2,volatility_factor,0.7248491048812866,value_factor,0.1708110272884369,quality_factor,0.06430252641439438
2019-12-06,600000.SH,cp,3,cn_a,SIZE_LARGE,0.16213715293413256,0.11355555035879011,0.16213715293413256,0.42782241106033325,2,volatility_factor,0.6420753598213196,value_factor,0.2766988277435303,quality_factor,0.0603322833776474
2019-12-06,600030.SH,cp,3,cn_a,SIZE_LARGE,0.12215672635293572,0.08555456932607541,0.12215672635293572,0.42782241106033325,1,volatility_factor,0.4867652952671051,quality_factor,0.26260611414909363,momentum_factor,0.13184817135334015
2019-12-06,600019.SH,cp,3,cn_a,SIZE_LARGE,-0.05785200108617652,-0.0405176463494884,-0.05785200108617652,0.42782241106033325,2,quality_factor,0.31095725297927856,volatility_factor,0.2904817759990692,value_factor,0.24275413155555725
2019-12-06,600018.SH,cp,3,cn_a,SIZE_LARGE,-0.07792379780074438,-0.05457527522334958,-0.07792379780074438,0.42782241106033325,2,volatility_factor,0.5093381404876709,value_factor,0.3071456253528595,quality_factor,0.12759016454219818
2019-12-06,600089.SH,cp,3,cn_a,SIZE_LARGE,-0.08643149990816731,-0.060533791070050816,-0.08643149990816731,0.42782241106033325,1,volatility_factor,0.5109043121337891,quality_factor,0.2534710466861725,momentum_factor,0.129821315407753
2019-12-06,600050.SH,cp,3,cn_a,SIZE_LARGE,-0.15472978017745834,-0.1083676691429496,-0.15472978017745834,0.42782241106033325,1,volatility_factor,0.6687265038490295,quality_factor,0.21103888750076294,momentum_factor,0.11158253252506256
2019-12-06,600028.SH,cp,3,cn_a,SIZE_LARGE,-0.1795953691545711,-0.12578271307454367,-0.1795953691545711,0.42782241106033325,1,volatility_factor,0.5508250594139099,quality_factor,0.24238060414791107,momentum_factor,0.12531089782714844
2019-12-06,600031.SH,cp,3,cn_a,SIZE_LARGE,-0.17976571659473106,-0.1259020188411093,-0.17976571659473106,0.42782241106033325,2,volatility_factor,0.7284922003746033,value_factor,0.17621079087257385,quality_factor,0.05716026574373245
2019-12-06,600111.SH,cp,3,cn_a,SIZE_LARGE,-0.19080083574178,-0.1336306547850686,-0.19080083574178,0.42782241106033325,2,volatility_factor,0.5604410171508789,value_factor,0.2941378355026245,quality_factor,0.10350341349840164
2019-12-06,600104.SH,cp,3,cn_a,SIZE_LARGE,-0.21640256585194806,-0.1515612678505292,-0.21640256585194806,0.42782241106033325,1,volatility_factor,0.6284220218658447,quality_factor,0.22178077697753906,momentum_factor,0.11626756191253662
2019-12-06,600036.SH,cp,3,cn_a,SIZE_LARGE,-0.2252320985231066,-0.15774518328101444,-0.2252320985231066,0.42782241106033325,1,volatility_factor,0.7025275826454163,quality_factor,0.14418211579322815,momentum_factor,0.08033023029565811
2019-12-06,600011.SH,cp,3,cn_a,SIZE_LARGE,-0.5108014906409177,-0.3577486303671792,-0.5108014906409177,0.42782241106033325,1,volatility_factor,0.6943018436431885,quality_factor,0.16784973442554474,momentum_factor,0.09060302376747131
2019-12-06,600118.SH,cp,3,cn_a,SIZE_LARGE,-0.518554141870039,-0.36317833331391997,-0.518554141870039,0.42782241106033325,1,volatility_factor,0.7103694677352905,quality_factor,0.11551725119352341,value_factor,0.10841602087020874
2019-12-09,600016.SH,cp,3,cn_a,SIZE_LARGE,0.5082288317247871,0.3134132194369266,0.5082288317247871,0.6215934157371521,2,volatility_factor,0.5895991325378418,quality_factor,0.23649756610393524,value_factor,0.13703355193138123
2019-12-09,600000.SH,cp,3,cn_a,SIZE_LARGE,0.3732126693980159,0.23015180751103523,0.3732126693980159,0.6215934157371521,2,volatility_factor,0.5841383337974548,quality_factor,0.2059619277715683,value_factor,0.20289131999015808
2019-12-09,600030.SH,cp,3,cn_a,SIZE_LARGE,0.13538890577947602,0.08349127437808601,0.13538890577947602,0.6215934157371521,1,volatility_factor,0.4733469486236572,quality_factor,0.282563716173172,momentum_factor,0.12868396937847137
2019-12-09,600019.SH,cp,3,cn_a,SIZE_LARGE,-0.004359925925024774,-0.002688667653960433,-0.004359925925024774,0.6215934157371521,2,value_factor,0.46698057651519775,quality_factor,0.2550232708454132,momentum_factor,0.21607039868831635
2019-12-09,600089.SH,cp,3,cn_a,SIZE_LARGE,-0.09122961582472786,-0.05625923957636708,-0.09122961582472786,0.6215934157371521,1,volatility_factor,0.49207383394241333,quality_factor,0.29368072748184204,momentum_factor,0.12186199426651001
2019-12-09,600028.SH,cp,3,cn_a,SIZE_LARGE,-0.2042617881472517,-0.12596362235867886,-0.2042617881472517,0.6215934157371521,1,volatility_factor,0.5332644581794739,quality_factor,0.2997003495693207,momentum_factor,0.11217229068279266
2019-12-09,600050.SH,cp,3,cn_a,SIZE_LARGE,-0.2134352789693258,-0.13162070655491398,-0.2134352789693258,0.6215934157371521,1,volatility_factor,0.5939338207244873,quality_factor,0.2914571762084961,momentum_factor,0.08493920415639877
2019-12-09,600018.SH,cp,3,cn_a,SIZE_LARGE,-0.2148308430021037,-0.13248131931267298,-0.2148308430021037,0.6215934157371521,2,volatility_factor,0.5735557675361633,value_factor,0.2338232696056366,quality_factor,0.1842191219329834
2019-12-09,600104.SH,cp,3,cn_a,SIZE_LARGE,-0.28265446536382927,-0.17430661239201878,-0.28265446536382927,0.6215934157371521,1,volatility_factor,0.5953601598739624,quality_factor,0.30350759625434875,momentum_factor,0.09597062319517136
2019-12-09,600031.SH,cp,3,cn_a,SIZE_LARGE,-0.33347181846781404,-0.20564452406761527,-0.33347181846781404,0.6215934157371521,2,volatility_factor,0.5856873989105225,quality_factor,0.23372231423854828,value_factor,0.1499633938074112
2019-12-09,600036.SH,cp,3,cn_a,SIZE_LARGE,-0.35304773221894925,-0.21771654708004695,-0.35304773221894925,0.6215934157371521,1,volatility_factor,0.5880851149559021,quality_factor,0.2613896131515503,value_factor,0.09547684341669083
2019-12-09,600111.SH,cp,3,cn_a,SIZE_LARGE,-0.4713708297809432,-0.2906837237252625,-0.4713708297809432,0.6215934157371521,2,volatility_factor,0.570345938205719,value_factor,0.23240824043750763,quality_factor,0.18904775381088257
2019-12-09,600011.SH,cp,3,cn_a,SIZE_LARGE,-0.7884188606510278,-0.4862000696474474,-0.7884188606510278,0.6215934157371521,1,volatility_factor,0.5923413038253784,quality_factor,0.2703186273574829,value_factor,0.0708121806383133
2019-12-09,600118.SH,cp,3,cn_a,SIZE_LARGE,-0.8791105298891505,-0.5421275697374479,-0.8791105298891505,0.6215934157371521,1,volatility_factor,0.5891515016555786,quality_factor,0.2513537108898163,value_factor,0.11130451411008835
2019-12-10,600016.SH,cp,3,cn_a,SIZE_LARGE,0.4830220582460386,0.35370943447532344,0.4830220582460386,0.36559000611305237,2,volatility_factor,0.5881479978561401,quality_factor,0.2294415384531021,value_factor,0.15263645350933075
2019-12-10,600000.SH,cp,3,cn_a,SIZE_LARGE,0.34931255264580324,0.25579607254404724,0.34931255264580324,0.36559000611305237,2,volatility_factor,0.5767680406570435,value_factor,0.22589299082756042,quality_factor,0.1930265873670578
2019-12-10,600030.SH,cp,3,cn_a,SIZE_LARGE,0.13714109100896307,0.1004262577991841,0.13714109100896307,0.36559000611305237,1,volatility_factor,0.473465234041214,quality_factor,0.2822912037372589,momentum_factor,0.12873969972133636
2019-12-10,600019.SH,cp,3,cn_a,SIZE_LARGE,-0.011260683180410182,-0.008246020676595751,-0.011260683180410182,0.36559000611305237,2,value_factor,0.4250906705856323,quality_factor,0.25745514035224915,momentum_factor,0.2057587057352066
2019-12-10,600089.SH,cp,3,cn_a,SIZE_LARGE,-0.09184099950383885,-0.06725371531501423,-0.09184099950383885,0.36559000611305237,1,volatility_factor,0.4921543002128601,quality_factor,0.2932685315608978,momentum_factor,0.12196532636880875
2019-12-10,600018.SH,cp,3,cn_a,SIZE_LARGE,-0.19933372520330067,-0.14596894284609463,-0.19933372520330067,0.36559000611305237,2,volatility_factor,0.5553865432739258,value_factor,0.2572444975376129,quality_factor,0.16568218171596527
2019-12-10,600028.SH,cp,3,cn_a,SIZE_LARGE,-0.20332877703142552,-0.14889445628528805,-0.20332877703142552,0.36559000611305237,1,volatility_factor,0.5338738560676575,quality_factor,0.2995026409626007,momentum_factor,0.11211159825325012
2019-12-10,600050.SH,cp,3,cn_a,SIZE_LARGE,-0.20807633493420674,-0.15237101805356287,-0.20807633493420674,0.36559000611305237,1,volatility_factor,0.5935013890266418,quality_factor,0.2892009913921356,momentum_factor,0.08270300179719925
2019-12-10,600104.SH,cp,3,cn_a,SIZE_LARGE,-0.27711208696425066,-0.20292481035405302,-0.27711208696425066,0.36559000611305237,1,volatility_factor,0.5951244235038757,quality_factor,0.30191776156425476,momentum_factor,0.09446612745523453
2019-12-10,600031.SH,cp,3,cn_a,SIZE_LARGE,-0.31618314942913506,-0.23153593312345014,-0.31618314942913506,0.36559000611305237,2,volatility_factor,0.5839719176292419,quality_factor,0.22615709900856018,value_factor,0.1670168787240982
2019-12-10,600036.SH,cp,3,cn_a,SIZE_LARGE,-0.33911742443351445,-0.24833034096345094,-0.33911742443351445,0.36559000611305237,1,volatility_factor,0.5869856476783752,quality_factor,0.2567429542541504,value_factor,0.1060444787144661
2019-12-10,600111.SH,cp,3,cn_a,SIZE_LARGE,-0.43788136600100563,-0.3206536175550903,-0.43788136600100563,0.36559000611305237,2,volatility_factor,0.552352249622345,value_factor,0.2554013133049011,quality_factor,0.1709844172000885
2019-12-10,600011.SH,cp,3,cn_a,SIZE_LARGE,-0.7612131588506338,-0.5574243894987593,-0.7612131588506338,0.36559000611305237,1,volatility_factor,0.5915518999099731,quality_factor,0.26657792925834656,value_factor,0.0791248008608818
2019-12-10,600118.SH,cp,3,cn_a,SIZE_LARGE,-0.8409389013496839,-0.6158062932049044,-0.8409389013496839,0.36559000611305237,1,volatility_factor,0.5879284739494324,quality_factor,0.24582539498806,value_factor,0.12370423227548599
2019-12-11,600016.SH,cp,3,cn_a,SIZE_LARGE,0.45377403361064217,0.3613899708221271,0.45377403361064217,0.25563541054725647,2,volatility_factor,0.554824709892273,quality_factor,0.2749743163585663,value_factor,0.1387432962656021
2019-12-11,600000.SH,cp,3,cn_a,SIZE_LARGE,0.34441055559799594,0.274291853255733,0.34441055559799594,0.25563541054725647,2,volatility_factor,0.5461928248405457,quality_factor,0.2545652985572815,value_factor,0.19289013743400574
2019-12-11,600030.SH,cp,3,cn_a,SIZE_LARGE,0.10441279638837606,0.08315534747549946,0.10441279638837606,0.25563541054725647,1,volatility_factor,0.46668723225593567,quality_factor,0.2923910319805145,momentum_factor,0.1271359920501709
2019-12-11,600019.SH,cp,3,cn_a,SIZE_LARGE,0.015352403817190823,0.01222680091101181,0.015352403817190823,0.25563541054725647,2,value_factor,0.5241175293922424,momentum_factor,0.20691043138504028,volatility_factor,0.14050649106502533
2019-12-11,600089.SH,cp,3,cn_a,SIZE_LARGE,-0.06825952491970533,-0.05436253706008891,-0.06825952491970533,0.25563541054725647,1,volatility_factor,0.4814790189266205,quality_factor,0.31610286235809326,momentum_factor,0.11744186282157898
2019-12-11,600028.SH,cp,3,cn_a,SIZE_LARGE,-0.15733799630010192,-0.12530548176076212,-0.15733799630010192,0.25563541054725647,1,volatility_factor,0.5244119763374329,quality_factor,0.33005666732788086,momentum_factor,0.10512769222259521
2019-12-11,600050.SH,cp,3,cn_a,SIZE_LARGE,-0.1757098258964139,-0.1399369821772385,-0.1757098258964139,0.25563541054725647,1,volatility_factor,0.5612421631813049,quality_factor,0.31851136684417725,momentum_factor,0.07261941581964493
2019-12-11,600018.SH,cp,3,cn_a,SIZE_LARGE,-0.20373132736937882,-0.1622535733649928,-0.20373132736937882,0.25563541054725647,2,volatility_factor,0.5413669943809509,quality_factor,0.24013450741767883,value_factor,0.2144981324672699
2019-12-11,600104.SH,cp,3,cn_a,SIZE_LARGE,-0.2287638383886924,-0.18218970403093698,-0.2287638383886924,0.25563541054725647,1,volatility_factor,0.5637527704238892,quality_factor,0.3287613093852997,momentum_factor,0.08334308117628098
2019-12-11,600031.SH,cp,3,cn_a,SIZE_LARGE,-0.29540332494082955,-0.23526202707475066,-0.29540332494082955,0.25563541054725647,2,volatility_factor,0.5476534962654114,quality_factor,0.2744058072566986,value_factor,0.15434345602989197
2019-12-11,600036.SH,cp,3,cn_a,SIZE_LARGE,-0.3005902702751189,-0.23939295983901548,-0.3005902702751189,0.25563541054725647,1,volatility_factor,0.5509045720100403,quality_factor,0.2954851984977722,value_factor,0.10993490368127823
2019-12-11,600111.SH,cp,3,cn_a,SIZE_LARGE,-0.4389107611804583,-0.3495527188156044,-0.4389107611804583,0.25563541054725647,2,volatility_factor,0.5312971472740173,quality_factor,0.24271969497203827,value_factor,0.21866746246814728
2019-12-11,600011.SH,cp,3,cn_a,SIZE_LARGE,-0.6703387364042115,-0.5338641668463642,-0.6703387364042115,0.25563541054725647,1,volatility_factor,0.5587933659553528,quality_factor,0.30088475346565247,value_factor,0.08421313762664795
2019-12-11,600118.SH,cp,3,cn_a,SIZE_LARGE,-0.764318210322484,-0.6087103167394303,-0.764318210322484,0.25563541054725647,1,volatility_factor,0.5533978343009949,quality_factor,0.2867766320705414,value_factor,0.12048126012086868
2019-12-12,600016.SH,cp,3,cn_a,SIZE_LARGE,0.4427823954159253,0.33669997028936727,0.4427823954159253,0.3150651454925537,2,volatility_factor,0.5946627855300903,quality_factor,0.2426670342683792,value_factor,0.11567530035972595
2019-12-12,600000.SH,cp,3,cn_a,SIZE_LARGE,0.3308974979004528,0.2516206128910185,0.3308974979004528,0.3150651454925537,2,volatility_factor,0.5906585454940796,quality_factor,0.21637794375419617,value_factor,0.17095699906349182
2019-12-12,600030.SH,cp,3,cn_a,SIZE_LARGE,0.10883392628727581,0.08275934212104176,0.10883392628727581,0.3150651454925537,1,volatility_factor,0.47371309995651245,quality_factor,0.2821771204471588,momentum_factor,0.12872476875782013
2019-12-12,600019.SH,cp,3,cn_a,SIZE_LARGE,0.00339912310563597,0.002584756441372217,0.00339912310563597,0.3150651454925537,2,value_factor,0.511327862739563,quality_factor,0.2420760840177536,momentum_factor,0.22145137190818787
2019-12-12,600089.SH,cp,3,cn_a,SIZE_LARGE,-0.07422719762728817,-0.05644374187978848,-0.07422719762728817,0.3150651454925537,1,volatility_factor,0.4927794337272644,quality_factor,0.2925603985786438,momentum_factor,0.12204881012439728
2019-12-12,600028.SH,cp,3,cn_a,SIZE_LARGE,-0.16867066982866788,-0.12826031501693613,-0.16867066982866788,0.3150651454925537,1,volatility_factor,0.5330443382263184,quality_factor,0.2976256310939789,momentum_factor,0.1128130555152893
2019-12-12,600050.SH,cp,3,cn_a,SIZE_LARGE,-0.1807270746459949,-0.13742822951809291,-0.1807270746459949,0.3150651454925537,1,volatility_factor,0.5973111987113953,quality_factor,0.29241180419921875,momentum_factor,0.0891859382390976
2019-12-12,600018.SH,cp,3,cn_a,SIZE_LARGE,-0.19216514933403758,-0.14612595428651765,-0.19216514933403758,0.3150651454925537,2,volatility_factor,0.5904250144958496,quality_factor,0.20065392553806305,value_factor,0.19962720572948456
2019-12-12,600104.SH,cp,3,cn_a,SIZE_LARGE,-0.23774283608859012,-0.1807840751490256,-0.23774283608859012,0.3150651454925537,1,volatility_factor,0.5968383550643921,quality_factor,0.3029458820819855,momentum_factor,0.09896038472652435
2019-12-12,600031.SH,cp,3,cn_a,SIZE_LARGE,-0.29166593782579103,-0.22178820480908454,-0.29166593782579103,0.3150651454925537,2,volatility_factor,0.5913459658622742,quality_factor,0.24036571383476257,value_factor,0.12654565274715424
2019-12-12,600036.SH,cp,3,cn_a,SIZE_LARGE,-0.3043933984015556,-0.23146640259220463,-0.3043933984015556,0.3150651454925537,1,volatility_factor,0.592796266078949,quality_factor,0.26491859555244446,value_factor,0.07957017421722412
2019-12-12,600111.SH,cp,3,cn_a,SIZE_LARGE,-0.4217023064859671,-0.3206702785267872,-0.4217023064859671,0.3150651454925537,2,volatility_factor,0.5873667597770691,quality_factor,0.20493359863758087,value_factor,0.19817103445529938
2019-12-12,600011.SH,cp,3,cn_a,SIZE_LARGE,-0.6749830118065978,-0.5132696384815103,-0.6749830118065978,0.3150651454925537,1,volatility_factor,0.5963405966758728,quality_factor,0.2729412615299225,momentum_factor,0.07274019718170166
2019-12-12,600118.SH,cp,3,cn_a,SIZE_LARGE,-0.7609261508852764,-0.5786224001855618,-0.7609261508852764,0.3150651454925537,1,volatility_factor,0.5939508080482483,quality_factor,0.25587916374206543,value_factor,0.09343165904283524
2019-12-13,600016.SH,cp,3,cn_a,SIZE_LARGE,0.4403940837458576,0.2919161401211989,0.4403940837458576,0.5086321830749512,2,volatility_factor,0.5926105380058289,quality_factor,0.2660573720932007,value_factor,0.07790584862232208
2019-12-13,600000.SH,cp,3,cn_a,SIZE_LARGE,0.34284002651445455,0.22725222911237716,0.34284002651445455,0.5086321830749512,2,volatility_factor,0.5897785425186157,quality_factor,0.24907466769218445,value_factor,0.11411624401807785
2019-12-13,600030.SH,cp,3,cn_a,SIZE_LARGE,0.08685397515191612,0.057571339208001684,0.08685397515191612,0.5086321830749512,1,volatility_factor,0.472141832113266,quality_factor,0.2848781645298004,momentum_factor,0.12824924290180206
2019-12-13,600019.SH,cp,3,cn_a,SIZE_LARGE,0.022205312211567064,0.014718837673413115,0.022205312211567064,0.5086321830749512,2,value_factor,0.4558071494102478,volatility_factor,0.33626633882522583,momentum_factor,0.1457591950893402
2019-12-13,600089.SH,cp,3,cn_a,SIZE_LARGE,-0.0603499284909393,-0.04000307640788346,-0.0603499284909393,0.5086321830749512,1,volatility_factor,0.4908233880996704,quality_factor,0.2976081669330597,momentum_factor,0.12097087502479553
2019-12-13,600028.SH,cp,3,cn_a,SIZE_LARGE,-0.14340667158984893,-0.09505741240224111,-0.14340667158984893,0.5086321830749512,1,volatility_factor,0.5296241044998169,quality_factor,0.3029150664806366,momentum_factor,0.1119481548666954
2019-12-13,600050.SH,cp,3,cn_a,SIZE_LARGE,-0.1658143975827165,-0.10991042047422542,-0.1658143975827165,0.5086321830749512,1,volatility_factor,0.5933962464332581,quality_factor,0.3032590448856354,momentum_factor,0.09374438971281052
2019-12-13,600018.SH,cp,3,cn_a,SIZE_LARGE,-0.20375271407276688,-0.1350579129615745,-0.20375271407276688,0.5086321830749512,2,volatility_factor,0.590186357498169,quality_factor,0.23919036984443665,value_factor,0.13101109862327576
2019-12-13,600104.SH,cp,3,cn_a,SIZE_LARGE,-0.21393332809390725,-0.14180615427271362,-0.21393332809390725,0.5086321830749512,1,volatility_factor,0.5842939615249634,quality_factor,0.30738338828086853,momentum_factor,0.100102998316288
2019-12-13,600031.SH,cp,3,cn_a,SIZE_LARGE,-0.2913938318548589,-0.19315101130941603,-0.2913938318548589,0.5086321830749512,2,volatility_factor,0.589443027973175,quality_factor,0.2650200128555298,value_factor,0.08620618283748627
2019-12-13,600036.SH,cp,3,cn_a,SIZE_LARGE,-0.29251045803190606,-0.1938911693078827,-0.29251045803190606,0.5086321830749512,1,volatility_factor,0.589833676815033,quality_factor,0.2824847102165222,momentum_factor,0.07358642667531967
2019-12-13,600111.SH,cp,3,cn_a,SIZE_LARGE,-0.4447204583241482,-0.2947838865651813,-0.4447204583241482,0.5086321830749512,2,volatility_factor,0.5871776342391968,quality_factor,0.24235853552818298,value_factor,0.1314474642276764
2019-12-13,600011.SH,cp,3,cn_a,SIZE_LARGE,-0.6396493171030703,-0.4239928885775941,-0.6396493171030703,0.5086321830749512,1,volatility_factor,0.5931417942047119,quality_factor,0.28796544671058655,momentum_factor,0.08135142177343369
2019-12-13,600118.SH,cp,3,cn_a,SIZE_LARGE,-0.7415367193907214,-0.49152916642630096,-0.7415367193907214,0.5086321830749512,1,volatility_factor,0.5913832783699036,quality_factor,0.27560651302337646,momentum_factor,0.06973215937614441
2019-12-16,600016.SH,cp,3,cn_a,SIZE_LARGE,0.3609373355503866,0.3361873555292911,0.3609373355503866,0.07361963391304016,2,volatility_factor,0.5874758958816528,quality_factor,0.2825569212436676,momentum_factor,0.07120763510465622
2019-12-16,600000.SH,cp,3,cn_a,SIZE_LARGE,0.28779199934206745,0.26805769775454724,0.28779199934206745,0.07361963391304016,2,volatility_factor,0.5850942134857178,quality_factor,0.27004843950271606,value_factor,0.0860314592719078
2019-12-16,600030.SH,cp,3,cn_a,SIZE_LARGE,0.06066413442463375,0.05650430952672668,0.06066413442463375,0.07361963391304016,1,volatility_factor,0.4698587954044342,quality_factor,0.2885485589504242,momentum_factor,0.12763161957263947
2019-12-16,600019.SH,cp,3,cn_a,SIZE_LARGE,0.027899429499446425,0.02598632643500917,0.027899429499446425,0.07361963391304016,2,volatility_factor,0.5026742219924927,value_factor,0.3464057445526123,quality_factor,0.08094710111618042
2019-12-16,600089.SH,cp,3,cn_a,SIZE_LARGE,-0.04257115489752935,-0.039651991016679655,-0.04257115489752935,0.07361963391304016,1,volatility_factor,0.4877677261829376,quality_factor,0.3047845959663391,momentum_factor,0.11949142068624496
2019-12-16,600028.SH,cp,3,cn_a,SIZE_LARGE,-0.10496999796436529,-0.09777205777768211,-0.10496999796436529,0.07361963391304016,1,volatility_factor,0.5260072946548462,quality_factor,0.31071367859840393,momentum_factor,0.11039765179157257
2019-12-16,600050.SH,cp,3,cn_a,SIZE_LARGE,-0.12865881719013442,-0.11983650139911789,-0.12865881719013442,0.07361963391304016,1,volatility_factor,0.586924135684967,quality_factor,0.3131996989250183,momentum_factor,0.09494161605834961
2019-12-16,600104.SH,cp,3,cn_a,SIZE_LARGE,-0.16367294630194473,-0.15244966250175312,-0.16367294630194473,0.07361963391304016,1,volatility_factor,0.575390100479126,quality_factor,0.31475821137428284,momentum_factor,0.099695585668087
2019-12-16,600018.SH,cp,3,cn_a,SIZE_LARGE,-0.17340433472195502,-0.16151375595044795,-0.17340433472195502,0.07361963391304016,2,volatility_factor,0.5859032869338989,quality_factor,0.2626926600933075,value_factor,0.09757649898529053
2019-12-16,600036.SH,cp,3,cn_a,SIZE_LARGE,-0.23406931392297456,-0.2180188523260572,-0.23406931392297456,0.07361963391304016,1,volatility_factor,0.5837755799293518,quality_factor,0.29623597860336304,momentum_factor,0.07823380082845688
2019-12-16,600031.SH,cp,3,cn_a,SIZE_LARGE,-0.23914783491481367,-0.2227491320009013,-0.23914783491481367,0.07361963391304016,2,volatility_factor,0.5840893983840942,quality_factor,0.2822975814342499,momentum_factor,0.06750287860631943
2019-12-16,600111.SH,cp,3,cn_a,SIZE_LARGE,-0.3767870393098604,-0.3509502228416872,-0.3767870393098604,0.07361963391304016,2,volatility_factor,0.5826318860054016,quality_factor,0.2655127942562103,value_factor,0.09917107969522476
2019-12-16,600011.SH,cp,3,cn_a,SIZE_LARGE,-0.5077985652935839,-0.4729781044881301,-0.5077985652935839,0.07361963391304016,1,volatility_factor,0.5872349143028259,quality_factor,0.3001820743083954,momentum_factor,0.08493789285421371
2019-12-16,600118.SH,cp,3,cn_a,SIZE_LARGE,-0.5994062827718442,-0.558304152119441,-0.5994062827718442,0.07361963391304016,1,volatility_factor,0.5857713222503662,quality_factor,0.29036012291908264,momentum_factor,0.07563547044992447
2019-12-17,600016.SH,cp,3,cn_a,SIZE_LARGE,0.40242008836195003,0.37477106510472413,0.40242008836195003,0.0737757608294487,2,volatility_factor,0.6054133176803589,quality_factor,0.27443814277648926,momentum_factor,0.0833015888929367
2019-12-17,600000.SH,cp,3,cn_a,SIZE_LARGE,0.3223918169826508,0.30024128547718765,0.3223918169826508,0.0737757608294487,2,volatility_factor,0.6044775247573853,quality_factor,0.2623538374900818,momentum_factor,0.07275008410215378
2019-12-17,600030.SH,cp,3,cn_a,SIZE_LARGE,0.064793192109289,0.060341454913882556,0.064793192109289,0.0737757608294487,1,volatility_factor,0.4737907648086548,quality_factor,0.28301557898521423,momentum_factor,0.12846794724464417
2019-12-17,600019.SH,cp,3,cn_a,SIZE_LARGE,0.03129540791414954,0.029145198502922475,0.03129540791414954,0.0737757608294487,2,volatility_factor,0.5528701543807983,value_factor,0.3123483657836914,quality_factor,0.08743250370025635
2019-12-17,600089.SH,cp,3,cn_a,SIZE_LARGE,-0.04704465761873806,-0.043812366611787154,-0.04704465761873806,0.0737757608294487,1,volatility_factor,0.4937513470649719,quality_factor,0.2926543653011322,momentum_factor,0.12183403968811035
2019-12-17,600028.SH,cp,3,cn_a,SIZE_LARGE,-0.11685698431875347,-0.10882810710650942,-0.11685698431875347,0.0737757608294487,1,volatility_factor,0.5295882225036621,quality_factor,0.2950115501880646,momentum_factor,0.11423426121473312
2019-12-17,600050.SH,cp,3,cn_a,SIZE_LARGE,-0.14360084694709746,-0.1337344827375988,-0.14360084694709746,0.0737757608294487,1,volatility_factor,0.5897329449653625,quality_factor,0.29624685645103455,momentum_factor,0.10226423293352127
2019-12-17,600104.SH,cp,3,cn_a,SIZE_LARGE,-0.18253683894432965,-0.16999530473360988,-0.18253683894432965,0.0737757608294487,1,volatility_factor,0.5742802023887634,quality_factor,0.29586970806121826,momentum_factor,0.10535689443349838
2019-12-17,600018.SH,cp,3,cn_a,SIZE_LARGE,-0.19394124417461767,-0.1806161490171008,-0.19394124417461767,0.0737757608294487,2,volatility_factor,0.6052306294441223,quality_factor,0.2554827332496643,value_factor,0.07120829820632935
2019-12-17,600036.SH,cp,3,cn_a,SIZE_LARGE,-0.2628917544695127,-0.24482928581133087,-0.2628917544695127,0.0737757608294487,1,volatility_factor,0.6027238965034485,quality_factor,0.2868632674217224,momentum_factor,0.09037765115499496
2019-12-17,600031.SH,cp,3,cn_a,SIZE_LARGE,-0.26843107210980904,-0.24998801429443795,-0.26843107210980904,0.0737757608294487,2,volatility_factor,0.6034289598464966,quality_factor,0.2737877666950226,momentum_factor,0.08073544502258301
2019-12-17,600111.SH,cp,3,cn_a,SIZE_LARGE,-0.4241468275918985,-0.39500502816458183,-0.4241468275918985,0.0737757608294487,2,volatility_factor,0.603205680847168,quality_factor,0.2578607201576233,value_factor,0.07106117159128189
2019-12-17,600011.SH,cp,3,cn_a,SIZE_LARGE,-0.5664263804161733,-0.5275089987581609,-0.5664263804161733,0.0737757608294487,1,volatility_factor,0.6046063899993896,quality_factor,0.2911043167114258,momentum_factor,0.09568644315004349
2019-12-17,600118.SH,cp,3,cn_a,SIZE_LARGE,-0.6705616440792047,-0.6244894547707184,-0.6705616440792047,0.0737757608294487,1,volatility_factor,0.6041131019592285,quality_factor,0.28160297870635986,momentum_factor,0.08764085918664932
2019-12-18,600016.SH,cp,3,cn_a,SIZE_LARGE,0.3870961642187137,0.35372203347315945,0.3870961642187137,0.09435126930475235,2,volatility_factor,0.6087222695350647,quality_factor,0.2721317708492279,momentum_factor,0.08489114046096802
2019-12-18,600000.SH,cp,3,cn_a,SIZE_LARGE,0.3099452392903384,0.28322280208687056,0.3099452392903384,0.09435126930475235,2,volatility_factor,0.608008861541748,quality_factor,0.2598918080329895,momentum_factor,0.07444599270820618
2019-12-18,600030.SH,cp,3,cn_a,SIZE_LARGE,0.06250968188927758,0.057120307131595854,0.06250968188927758,0.09435126930475235,1,volatility_factor,0.47459524869918823,quality_factor,0.2818516492843628,momentum_factor,0.12864823639392853
2019-12-18,600019.SH,cp,3,cn_a,SIZE_LARGE,0.02954084204043982,0.026993929888568535,0.02954084204043982,0.09435126930475235,2,volatility_factor,0.556279182434082,value_factor,0.3148167133331299,quality_factor,0.08089524507522583
2019-12-18,600089.SH,cp,3,cn_a,SIZE_LARGE,-0.045606989567856075,-0.04167490815387245,-0.045606989567856075,0.09435126930475235,1,volatility_factor,0.4948919117450714,quality_factor,0.2902773320674896,momentum_factor,0.12229927629232407
2019-12-18,600028.SH,cp,3,cn_a,SIZE_LARGE,-0.11314710310180812,-0.10339194001456331,-0.11314710310180812,0.09435126930475235,1,volatility_factor,0.5303753018379211,quality_factor,0.2920643985271454,momentum_factor,0.11493217200040817
2019-12-18,600050.SH,cp,3,cn_a,SIZE_LARGE,-0.13860061422048436,-0.12665093492116944,-0.13860061422048436,0.09435126930475235,1,volatility_factor,0.5899506211280823,quality_factor,0.29265716671943665,momentum_factor,0.10325738787651062
2019-12-18,600104.SH,cp,3,cn_a,SIZE_LARGE,-0.17630801251027559,-0.16110732801658437,-0.17630801251027559,0.09435126930475235,1,volatility_factor,0.574626088142395,quality_factor,0.29245176911354065,momentum_factor,0.10627572983503342
2019-12-18,600018.SH,cp,3,cn_a,SIZE_LARGE,-0.18626194894327616,-0.17020306949273645,-0.18626194894327616,0.09435126930475235,2,volatility_factor,0.6087508797645569,quality_factor,0.2529680132865906,momentum_factor,0.06972105801105499
2019-12-18,600036.SH,cp,3,cn_a,SIZE_LARGE,-0.2535382897118985,-0.2316790701897226,-0.2535382897118985,0.09435126930475235,1,volatility_factor,0.6062029004096985,quality_factor,0.2845202088356018,momentum_factor,0.09211388230323792
2019-12-18,600031.SH,cp,3,cn_a,SIZE_LARGE,-0.258480088438813,-0.23619480363344542,-0.258480088438813,0.09435126930475235,2,volatility_factor,0.6069597005844116,quality_factor,0.2713906764984131,momentum_factor,0.0824822187423706
2019-12-18,600111.SH,cp,3,cn_a,SIZE_LARGE,-0.4078986835091534,-0.3727310294409455,-0.4078986835091534,0.09435126930475235,2,volatility_factor,0.6069192290306091,quality_factor,0.2553061544895172,momentum_factor,0.06968306750059128
2019-12-18,600011.SH,cp,3,cn_a,SIZE_LARGE,-0.5459063374525858,-0.4988401271279719,-0.5459063374525858,0.09435126930475235,1,volatility_factor,0.6078352332115173,quality_factor,0.2888805568218231,momentum_factor,0.09725882858037949
2019-12-18,600118.SH,cp,3,cn_a,SIZE_LARGE,-0.6459037373394815,-0.5902160871595372,-0.6459037373394815,0.09435126930475235,1,volatility_factor,0.6074910163879395,quality_factor,0.2792951166629791,momentum_factor,0.08930055797100067
2019-12-19,600016.SH,cp,3,cn_a,SIZE_LARGE,0.43798747718528347,0.3586993328536122,0.43798747718528347,0.2210434526205063,2,volatility_factor,0.6082064509391785,quality_factor,0.2592085897922516,momentum_factor,0.0741082951426506
2019-12-19,600000.SH,cp,3,cn_a,SIZE_LARGE,0.34253797440886763,0.28052889476908754,0.34253797440886763,0.2210434526205063,2,volatility_factor,0.6070359945297241,quality_factor,0.24259379506111145,value_factor,0.09064914286136627
2019-12-19,600030.SH,cp,3,cn_a,SIZE_LARGE,0.0834864327624025,0.0683730227326416,0.0834864327624025,0.2210434526205063,1,volatility_factor,0.47507989406585693,quality_factor,0.28073564171791077,momentum_factor,0.12887652218341827
2019-12-19,600019.SH,cp,3,cn_a,SIZE_LARGE,0.022438721415604452,0.018376677008188715,0.022438721415604452,0.2210434526205063,2,value_factor,0.43105605244636536,volatility_factor,0.38030022382736206,momentum_factor,0.12820065021514893
2019-12-19,600089.SH,cp,3,cn_a,SIZE_LARGE,-0.05949748030065085,-0.04872675042552903,-0.05949748030065085,0.2210434526205063,1,volatility_factor,0.49526453018188477,quality_factor,0.28861767053604126,momentum_factor,0.12270592898130417
2019-12-19,600028.SH,cp,3,cn_a,SIZE_LARGE,-0.1422283336556312,-0.11648097503384527,-0.1422283336556312,0.2210434526205063,1,volatility_factor,0.532322108745575,quality_factor,0.29087281227111816,momentum_factor,0.11489987373352051
2019-12-19,600050.SH,cp,3,cn_a,SIZE_LARGE,-0.16492557871234578,-0.13506937557848994,-0.16492557871234578,0.2210434526205063,1,volatility_factor,0.601936936378479,quality_factor,0.29262977838516235,momentum_factor,0.10095075517892838
2019-12-19,600018.SH,cp,3,cn_a,SIZE_LARGE,-0.20333232019285083,-0.1665234085446206,-0.20333232019285083,0.2210434526205063,2,volatility_factor,0.6076384782791138,quality_factor,0.23307833075523376,value_factor,0.10648669302463531
2019-12-19,600104.SH,cp,3,cn_a,SIZE_LARGE,-0.21260464475992014,-0.17411717962132864,-0.21260464475992014,0.2210434526205063,1,volatility_factor,0.5830417275428772,quality_factor,0.29209932684898376,momentum_factor,0.10475233197212219
2019-12-19,600031.SH,cp,3,cn_a,SIZE_LARGE,-0.2915169734161408,-0.2387441407043667,-0.2915169734161408,0.2210434526205063,2,volatility_factor,0.6062668561935425,quality_factor,0.25792500376701355,momentum_factor,0.07108615338802338
2019-12-19,600036.SH,cp,3,cn_a,SIZE_LARGE,-0.2926364851689928,-0.23966098910708922,-0.2926364851689928,0.2210434526205063,1,volatility_factor,0.6058956980705261,quality_factor,0.2747616171836853,momentum_factor,0.08405651897192001
2019-12-19,600111.SH,cp,3,cn_a,SIZE_LARGE,-0.446368061283892,-0.3655627937553101,-0.446368061283892,0.2210434526205063,2,volatility_factor,0.6056596636772156,quality_factor,0.23599599301815033,value_factor,0.10527841001749039
2019-12-19,600011.SH,cp,3,cn_a,SIZE_LARGE,-0.6361110643371416,-0.5209569366340792,-0.6361110643371416,0.2210434526205063,1,volatility_factor,0.6077640056610107,quality_factor,0.28045907616615295,momentum_factor,0.09050579369068146
2019-12-19,600118.SH,cp,3,cn_a,SIZE_LARGE,-0.7394884366938966,-0.6056200752581107,-0.7394884366938966,0.2210434526205063,1,volatility_factor,0.6071010828018188,quality_factor,0.268313467502594,momentum_factor,0.08018767833709717
2019-12-20,600016.SH,cp,3,cn_a,SIZE_LARGE,0.4856344170721628,0.2428172085360814,0.4856344170721628,1.0,2,volatility_factor,0.683544397354126,quality_factor,0.1435227245092392,momentum_factor,0.12819117307662964
2019-12-20,600000.SH,cp,3,cn_a,SIZE_LARGE,0.3690765553703819,0.18453827768519096,0.3690765553703819,1.0,2,volatility_factor,0.7262011170387268,momentum_factor,0.1266157031059265,quality_factor,0.12042275071144104
2019-12-20,600030.SH,cp,3,cn_a,SIZE_LARGE,0.10489661692592127,0.052448308462960634,0.10489661692592127,1.0,1,volatility_factor,0.5005121231079102,quality_factor,0.24393297731876373,momentum_factor,0.13457852602005005
2019-12-20,600019.SH,cp,3,cn_a,SIZE_LARGE,-0.007611577682921276,-0.003805788841460638,-0.007611577682921276,1.0,2,quality_factor,0.4597345292568207,value_factor,0.3287007808685303,momentum_factor,0.13940685987472534
2019-12-20,600089.SH,cp,3,cn_a,SIZE_LARGE,-0.0865769473424339,-0.04328847367121695,-0.0865769473424339,1.0,1,volatility_factor,0.5256926417350769,quality_factor,0.22533884644508362,momentum_factor,0.1350783109664917
2019-12-20,600028.SH,cp,3,cn_a,SIZE_LARGE,-0.20037157345191525,-0.10018578672595763,-0.20037157345191525,1.0,1,volatility_factor,0.5536413788795471,quality_factor,0.21004122495651245,momentum_factor,0.13409291207790375
2019-12-20,600018.SH,cp,3,cn_a,SIZE_LARGE,-0.20815911300624562,-0.10407955650312281,-0.20815911300624562,1.0,2,volatility_factor,0.7600767016410828,momentum_factor,0.12495441734790802,quality_factor,0.10350022464990616
2019-12-20,600050.SH,cp,3,cn_a,SIZE_LARGE,-0.2096898458652615,-0.10484492293263074,-0.2096898458652615,1.0,1,volatility_factor,0.6070224046707153,quality_factor,0.18235185742378235,momentum_factor,0.1317700743675232
2019-12-20,600104.SH,cp,3,cn_a,SIZE_LARGE,-0.2772323342728994,-0.1386161671364497,-0.2772323342728994,1.0,1,volatility_factor,0.5921867489814758,quality_factor,0.19008022546768188,momentum_factor,0.1324061155319214
2019-12-20,600031.SH,cp,3,cn_a,SIZE_LARGE,-0.33768958206190747,-0.16884479103095373,-0.33768958206190747,1.0,2,volatility_factor,0.6821403503417969,quality_factor,0.14258810877799988,momentum_factor,0.12873181700706482
2019-12-20,600036.SH,cp,3,cn_a,SIZE_LARGE,-0.3610904405206691,-0.18054522026033454,-0.3610904405206691,1.0,1,volatility_factor,0.6441439390182495,quality_factor,0.16203688085079193,momentum_factor,0.13046029210090637
2019-12-20,600111.SH,cp,3,cn_a,SIZE_LARGE,-0.48684746609826796,-0.24342373304913398,-0.48684746609826796,1.0,2,volatility_factor,0.7406964898109436,momentum_factor,0.12635046243667603,quality_factor,0.11163631826639175
2019-12-20,600011.SH,cp,3,cn_a,SIZE_LARGE,-0.765491114799885,-0.3827455573999425,-0.765491114799885,1.0,1,volatility_factor,0.6346104741096497,quality_factor,0.16838622093200684,momentum_factor,0.13047020137310028
2019-12-20,600118.SH,cp,3,cn_a,SIZE_LARGE,-0.8689596141600568,-0.4344798070800284,-0.8689596141600568,1.0,1,volatility_factor,0.6594757437705994,quality_factor,0.15501122176647186,momentum_factor,0.1295257806777954
2019-12-23,600016.SH,cp,3,cn_a,SIZE_LARGE,0.2882582114446028,0.20793709914310973,0.2882582114446028,0.386275976896286,2,volatility_factor,0.7915850281715393,momentum_factor,0.10948149114847183,quality_factor,0.06492199748754501
2019-12-23,600000.SH,cp,3,cn_a,SIZE_LARGE,0.19146063737886262,0.13811148462045644,0.19146063737886262,0.386275976896286,2,volatility_factor,0.793991208076477,value_factor,0.09775552898645401,momentum_factor,0.0805821567773819
2019-12-23,600030.SH,cp,3,cn_a,SIZE_LARGE,0.1046572160090116,0.07549522281515272,0.1046572160090116,0.386275976896286,1,volatility_factor,0.4958484172821045,quality_factor,0.2498123198747635,momentum_factor,0.13378365337848663
2019-12-23,600019.SH,cp,3,cn_a,SIZE_LARGE,-0.0449691741960391,-0.032438831790165934,-0.0449691741960391,0.386275976896286,2,quality_factor,0.35628336668014526,volatility_factor,0.26825687289237976,value_factor,0.22843222320079803
2019-12-23,600089.SH,cp,3,cn_a,SIZE_LARGE,-0.0799634443999722,-0.057682196051566756,-0.0799634443999722,0.386275976896286,1,volatility_factor,0.5215874910354614,quality_factor,0.2321658730506897,momentum_factor,0.13390226662158966
2019-12-23,600018.SH,cp,3,cn_a,SIZE_LARGE,-0.09708359277906933,-0.070031936143995,-0.09708359277906933,0.386275976896286,2,volatility_factor,0.7189072966575623,value_factor,0.13804474472999573,quality_factor,0.09275287389755249
2019-12-23,600050.SH,cp,3,cn_a,SIZE_LARGE,-0.1548182907346319,-0.11167926876504838,-0.1548182907346319,0.386275976896286,1,volatility_factor,0.6422818899154663,quality_factor,0.17128795385360718,momentum_factor,0.12815210223197937
2019-12-23,600028.SH,cp,3,cn_a,SIZE_LARGE,-0.17136065340526424,-0.12361221905106515,-0.17136065340526424,0.386275976896286,1,volatility_factor,0.5560736060142517,quality_factor,0.21422429382801056,momentum_factor,0.1324169784784317
2019-12-23,600031.SH,cp,3,cn_a,SIZE_LARGE,-0.2000757928595888,-0.14432608794554969,-0.2000757928595888,0.386275976896286,2,volatility_factor,0.7936650514602661,momentum_factor,0.11121077090501785,quality_factor,0.06439258903265
2019-12-23,600104.SH,cp,3,cn_a,SIZE_LARGE,-0.21334505084878458,-0.15389796102499242,-0.21334505084878458,0.386275976896286,1,volatility_factor,0.6150424480438232,quality_factor,0.1848936378955841,momentum_factor,0.12948840856552124
2019-12-23,600036.SH,cp,3,cn_a,SIZE_LARGE,-0.2390937026784551,-0.17247193309494874,-0.2390937026784551,0.386275976896286,1,volatility_factor,0.7262944579124451,quality_factor,0.1279013603925705,momentum_factor,0.12444104999303818
2019-12-23,600111.SH,cp,3,cn_a,SIZE_LARGE,-0.23980095618651984,-0.1729821154140881,-0.23980095618651984,0.386275976896286,2,volatility_factor,0.7580263018608093,value_factor,0.11446482688188553,momentum_factor,0.067164346575737
2019-12-23,600011.SH,cp,3,cn_a,SIZE_LARGE,-0.5232728677127612,-0.37746658326643495,-0.5232728677127612,0.386275976896286,1,volatility_factor,0.7017959356307983,quality_factor,0.14212676882743835,momentum_factor,0.12506939470767975
2019-12-23,600118.SH,cp,3,cn_a,SIZE_LARGE,-0.5519266665022462,-0.39813620363858837,-0.5519266665022462,0.386275976896286,1,volatility_factor,0.7688809633255005,momentum_factor,0.1219484731554985,quality_factor,0.10802857577800751
2019-12-24,600016.SH,cp,3,cn_a,SIZE_LARGE,0.2125105170370492,0.15975265561504304,0.2125105170370492,0.330247163772583,2,volatility_factor,0.8421986103057861,momentum_factor,0.1365988850593567,value_factor,0.013753194361925125
2019-12-24,600000.SH,cp,3,cn_a,SIZE_LARGE,0.13525151059800977,0.10167397028266256,0.13525151059800977,0.330247163772583,2,volatility_factor,0.7530305981636047,quality_factor,0.11116104573011398,momentum_factor,0.09892803430557251
2019-12-24,600030.SH,cp,3,cn_a,SIZE_LARGE,0.08517550954019767,0.06402983735642014,0.08517550954019767,0.330247163772583,1,volatility_factor,0.5024312138557434,quality_factor,0.2402474731206894,momentum_factor,0.13527077436447144
2019-12-24,600019.SH,cp,3,cn_a,SIZE_LARGE,-0.045988883326899106,-0.0345716830520988,-0.045988883326899106,0.330247163772583,2,quality_factor,0.3741232454776764,volatility_factor,0.29985809326171875,value_factor,0.1902378648519516
2019-12-24,600018.SH,cp,3,cn_a,SIZE_LARGE,-0.06416447838222554,-0.04823500483944275,-0.06416447838222554,0.330247163772583,2,volatility_factor,0.6729140281677246,quality_factor,0.1834312081336975,value_factor,0.07499022781848907
2019-12-24,600089.SH,cp,3,cn_a,SIZE_LARGE,-0.06743207273996386,-0.05069138621481921,-0.06743207273996386,0.330247163772583,1,volatility_factor,0.5285996794700623,quality_factor,0.21758323907852173,momentum_factor,0.13675349950790405
2019-12-24,600050.SH,cp,3,cn_a,SIZE_LARGE,-0.12437846623029074,-0.09350026793333144,-0.12437846623029074,0.330247163772583,1,volatility_factor,0.6441215872764587,momentum_factor,0.1377028226852417,quality_factor,0.13693687319755554
2019-12-24,600028.SH,cp,3,cn_a,SIZE_LARGE,-0.14310790696483275,-0.10757993767036383,-0.14310790696483275,0.330247163772583,1,volatility_factor,0.5613334774971008,quality_factor,0.1942397654056549,momentum_factor,0.13716432452201843
2019-12-24,600031.SH,cp,3,cn_a,SIZE_LARGE,-0.15107415689100887,-0.1135684863725342,-0.15107415689100887,0.330247163772583,2,volatility_factor,0.8397560119628906,momentum_factor,0.1389288455247879,value_factor,0.019769582897424698
2019-12-24,600111.SH,cp,3,cn_a,SIZE_LARGE,-0.169039632578301,-0.12707385302660926,-0.169039632578301,0.330247163772583,2,volatility_factor,0.7219823002815247,quality_factor,0.1403605192899704,momentum_factor,0.08806590735912323
2019-12-24,600104.SH,cp,3,cn_a,SIZE_LARGE,-0.17334314762031724,-0.13030897741493078,-0.17334314762031724,0.330247163772583,1,volatility_factor,0.6178037524223328,quality_factor,0.15518827736377716,momentum_factor,0.13752150535583496
2019-12-24,600036.SH,cp,3,cn_a,SIZE_LARGE,-0.18830728316631565,-0.14155811663772008,-0.18830728316631565,0.330247163772583,1,volatility_factor,0.723770022392273,momentum_factor,0.13862106204032898,quality_factor,0.08041944354772568
2019-12-24,600011.SH,cp,3,cn_a,SIZE_LARGE,-0.40884307274179715,-0.30734369061334255,-0.40884307274179715,0.330247163772583,1,volatility_factor,0.7030459642410278,momentum_factor,0.1379595845937729,quality_factor,0.09659028798341751
2019-12-24,600118.SH,cp,3,cn_a,SIZE_LARGE,-0.42336243975687593,-0.3182584795416661,-0.42336243975687593,0.330247163772583,1,volatility_factor,0.7684476971626282,momentum_factor,0.13856591284275055,quality_factor,0.05069418251514435
2019-12-25,600016.SH,cp,3,cn_a,SIZE_LARGE,0.14068919060325039,0.13730217444230108,0.14068919060325039,0.024668391793966293,2,volatility_factor,0.8118706345558167,momentum_factor,0.12450746446847916,quality_factor,0.06269796937704086
2019-12-25,600000.SH,cp,3,cn_a,SIZE_LARGE,0.08270931182044691,0.08071812987821192,0.08270931182044691,0.024668391793966293,2,volatility_factor,0.685648500919342,quality_factor,0.1789381504058838,momentum_factor,0.07855720072984695
2019-12-25,600030.SH,cp,3,cn_a,SIZE_LARGE,0.06662530156572798,0.06502133347007225,0.06662530156572798,0.024668391793966293,1,volatility_factor,0.5026238560676575,quality_factor,0.23980450630187988,momentum_factor,0.13536132872104645
2019-12-25,600018.SH,cp,3,cn_a,SIZE_LARGE,-0.035500801755589444,-0.034646139156726916,-0.035500801755589444,0.024668391793966293,2,volatility_factor,0.594014048576355,quality_factor,0.2621937692165375,value_factor,0.09941648691892624
2019-12-25,600019.SH,cp,3,cn_a,SIZE_LARGE,-0.04147956633482967,-0.04048096821280742,-0.04147956633482967,0.024668391793966293,2,quality_factor,0.3641808032989502,volatility_factor,0.32183995842933655,value_factor,0.17957592010498047
2019-12-25,600089.SH,cp,3,cn_a,SIZE_LARGE,-0.05229288154364269,-0.05103395870720103,-0.05229288154364269,0.024668391793966293,1,volatility_factor,0.5289914011955261,quality_factor,0.21644353866577148,momentum_factor,0.1370065063238144
2019-12-25,600050.SH,cp,3,cn_a,SIZE_LARGE,-0.09077089239513442,-0.0885856322613043,-0.09077089239513442,0.024668391793966293,1,volatility_factor,0.6539511680603027,momentum_factor,0.139047309756279,quality_factor,0.12569257616996765
2019-12-25,600111.SH,cp,3,cn_a,SIZE_LARGE,-0.10041586547177818,-0.0979984078283708,-0.10041586547177818,0.024668391793966293,2,volatility_factor,0.6514205932617188,quality_factor,0.21122343838214874,value_factor,0.07070396095514297
2019-12-25,600031.SH,cp,3,cn_a,SIZE_LARGE,-0.10081745646398609,-0.0983903307346734,-0.10081745646398609,0.024668391793966293,2,volatility_factor,0.8119516968727112,momentum_factor,0.12781795859336853,quality_factor,0.053901322185993195
2019-12-25,600028.SH,cp,3,cn_a,SIZE_LARGE,-0.10907616215195923,-0.1064502125505797,-0.10907616215195923,0.024668391793966293,1,volatility_factor,0.5628247857093811,quality_factor,0.1913895308971405,momentum_factor,0.13769827783107758
2019-12-25,600104.SH,cp,3,cn_a,SIZE_LARGE,-0.1282075919737494,-0.12512106354815014,-0.1282075919737494,0.024668391793966293,1,volatility_factor,0.6240836381912231,quality_factor,0.1472608745098114,momentum_factor,0.13859491050243378
2019-12-25,600036.SH,cp,3,cn_a,SIZE_LARGE,-0.13244158517867358,-0.1292531256569543,-0.13244158517867358,0.024668391793966293,1,volatility_factor,0.7495177388191223,momentum_factor,0.14089104533195496,quality_factor,0.055306900292634964
2019-12-25,600011.SH,cp,3,cn_a,SIZE_LARGE,-0.2897565421396981,-0.28278081012532064,-0.2897565421396981,0.024668391793966293,1,volatility_factor,0.7242678999900818,momentum_factor,0.13995392620563507,quality_factor,0.07546402513980865
2019-12-25,600118.SH,cp,3,cn_a,SIZE_LARGE,-0.29135883097067866,-0.2843445247194194,-0.29135883097067866,0.024668391793966293,1,volatility_factor,0.80780029296875,momentum_factor,0.14138489961624146,value_factor,0.0362468846142292
2019-12-26,600016.SH,cp,3,cn_a,SIZE_LARGE,0.17364194243238246,0.1569605707403845,0.17364194243238246,0.10627744346857071,2,volatility_factor,0.8346935510635376,momentum_factor,0.1340492069721222,quality_factor,0.02199803851544857
2019-12-26,600000.SH,cp,3,cn_a,SIZE_LARGE,0.11361290847795621,0.10269838443623314,0.11361290847795621,0.10627744346857071,2,volatility_factor,0.7808656692504883,momentum_factor,0.10215504467487335,quality_factor,0.07602301985025406
2019-12-26,600030.SH,cp,3,cn_a,SIZE_LARGE,0.06507686394613071,0.05882508317917853,0.06507686394613071,0.10627744346857071,1,volatility_factor,0.5011895895004272,quality_factor,0.2421056479215622,momentum_factor,0.13497468829154968
2019-12-26,600019.SH,cp,3,cn_a,SIZE_LARGE,-0.032070887096035935,-0.028989912645698834,-0.032070887096035935,0.10627744346857071,2,quality_factor,0.37492454051971436,volatility_factor,0.2858441472053528,value_factor,0.2009754776954651
2019-12-26,600089.SH,cp,3,cn_a,SIZE_LARGE,-0.05134391299372617,-0.046411424421136785,-0.05134391299372617,0.10627744346857071,1,volatility_factor,0.5272632241249084,quality_factor,0.2204698771238327,momentum_factor,0.1361791342496872
2019-12-26,600018.SH,cp,3,cn_a,SIZE_LARGE,-0.05580375549944515,-0.050442820380569055,-0.05580375549944515,0.10627744346857071,2,volatility_factor,0.7050061225891113,quality_factor,0.1437922567129135,value_factor,0.07818230986595154
2019-12-26,600050.SH,cp,3,cn_a,SIZE_LARGE,-0.09735688500842651,-0.08800403878446146,-0.09735688500842651,0.10627744346857071,1,volatility_factor,0.6408212780952454,quality_factor,0.14618879556655884,momentum_factor,0.13567209243774414
2019-12-26,600028.SH,cp,3,cn_a,SIZE_LARGE,-0.1097642359928102,-0.09921944483558584,-0.1097642359928102,0.10627744346857071,1,volatility_factor,0.5599532127380371,quality_factor,0.19857393205165863,momentum_factor,0.13618098199367523
2019-12-26,600031.SH,cp,3,cn_a,SIZE_LARGE,-0.12264261826869216,-0.11086063131345787,-0.12264261826869216,0.10627744346857071,2,volatility_factor,0.8251998424530029,momentum_factor,0.1348763257265091,quality_factor,0.025486931204795837
2019-12-26,600104.SH,cp,3,cn_a,SIZE_LARGE,-0.13486379680460353,-0.1219077500639508,-0.13486379680460353,0.10627744346857071,1,volatility_factor,0.6153871417045593,quality_factor,0.16270089149475098,momentum_factor,0.13582167029380798
2019-12-26,600111.SH,cp,3,cn_a,SIZE_LARGE,-0.14300679270283656,-0.12926846756007637,-0.14300679270283656,0.10627744346857071,2,volatility_factor,0.7499353289604187,quality_factor,0.10491891950368881,momentum_factor,0.09119414538145065
2019-12-26,600036.SH,cp,3,cn_a,SIZE_LARGE,-0.14953131041767087,-0.1351661902529962,-0.14953131041767087,0.10627744346857071,1,volatility_factor,0.7167897820472717,momentum_factor,0.13560010492801666,quality_factor,0.09556921571493149
2019-12-26,600011.SH,cp,3,cn_a,SIZE_LARGE,-0.32440704936090126,-0.2932420295846406,-0.32440704936090126,0.10627744346857071,1,volatility_factor,0.6966754794120789,momentum_factor,0.13519223034381866,quality_factor,0.11045236140489578
2019-12-26,600118.SH,cp,3,cn_a,SIZE_LARGE,-0.3398575277932335,-0.3072082170102116,-0.3398575277932335,0.10627744346857071,1,volatility_factor,0.7576440572738647,momentum_factor,0.13499155640602112,quality_factor,0.07032327353954315
2019-12-27,600016.SH,cp,3,cn_a,SIZE_LARGE,0.26295510693935004,0.18844607924686466,0.26295510693935004,0.3953864574432373,2,volatility_factor,0.7978698015213013,momentum_factor,0.09669921547174454,value_factor,0.06481210887432098
2019-12-27,600000.SH,cp,3,cn_a,SIZE_LARGE,0.16706388535777147,0.11972588988994645,0.16706388535777147,0.3953864574432373,2,volatility_factor,0.7390584349632263,value_factor,0.13687579333782196,quality_factor,0.0697007030248642
2019-12-27,600030.SH,cp,3,cn_a,SIZE_LARGE,0.10722578236268916,0.07684307224764003,0.10722578236268916,0.3953864574432373,1,volatility_factor,0.4945308268070221,quality_factor,0.2515724003314972,momentum_factor,0.13353049755096436
2019-12-27,600019.SH,cp,3,cn_a,SIZE_LARGE,-0.051730032814928384,-0.03707219067448395,-0.051730032814928384,0.3953864574432373,2,quality_factor,0.3436559736728668,volatility_factor,0.28765973448753357,value_factor,0.2217620313167572
2019-12-27,600089.SH,cp,3,cn_a,SIZE_LARGE,-0.08056589498116967,-0.057737334737209885,-0.08056589498116967,0.3953864574432373,1,volatility_factor,0.5202245712280273,quality_factor,0.2346755713224411,momentum_factor,0.13344170153141022
2019-12-27,600018.SH,cp,3,cn_a,SIZE_LARGE,-0.08145619764670042,-0.05837536777872446,-0.08145619764670042,0.3953864574432373,2,volatility_factor,0.6550829410552979,value_factor,0.18224400281906128,quality_factor,0.14231139421463013
2019-12-27,600050.SH,cp,3,cn_a,SIZE_LARGE,-0.1492034645772641,-0.10692626675670136,-0.1492034645772641,0.3953864574432373,1,volatility_factor,0.6514009237289429,quality_factor,0.17138813436031342,momentum_factor,0.12636233866214752
2019-12-27,600028.SH,cp,3,cn_a,SIZE_LARGE,-0.17018317564691504,-0.1219613209939999,-0.17018317564691504,0.3953864574432373,1,volatility_factor,0.5561382174491882,quality_factor,0.21680191159248352,momentum_factor,0.13166117668151855
2019-12-27,600031.SH,cp,3,cn_a,SIZE_LARGE,-0.18205428872047508,-0.13046872266056864,-0.18205428872047508,0.3953864574432373,2,volatility_factor,0.8003931045532227,momentum_factor,0.09844096004962921,value_factor,0.061638131737709045
2019-12-27,600111.SH,cp,3,cn_a,SIZE_LARGE,-0.20496246941293925,-0.14688580953300306,-0.20496246941293925,0.3953864574432373,2,volatility_factor,0.6980766654014587,value_factor,0.15630531311035156,quality_factor,0.10670635104179382
2019-12-27,600104.SH,cp,3,cn_a,SIZE_LARGE,-0.2074762565356497,-0.14868730840043257,-0.2074762565356497,0.3953864574432373,1,volatility_factor,0.6204246878623962,quality_factor,0.18619531393051147,momentum_factor,0.12807375192642212
2019-12-27,600036.SH,cp,3,cn_a,SIZE_LARGE,-0.2242505954242452,-0.16070859382936747,-0.2242505954242452,0.3953864574432373,1,volatility_factor,0.7528821229934692,quality_factor,0.12132503092288971,momentum_factor,0.1212034597992897
2019-12-27,600011.SH,cp,3,cn_a,SIZE_LARGE,-0.4954608609226265,-0.35507071054025996,-0.4954608609226265,0.3953864574432373,1,volatility_factor,0.7219752669334412,quality_factor,0.1382596492767334,momentum_factor,0.12228798866271973
2019-12-27,600118.SH,cp,3,cn_a,SIZE_LARGE,-0.5125548232617263,-0.3673210532664041,-0.5125548232617263,0.3953864574432373,1,volatility_factor,0.7734054923057556,momentum_factor,0.11283189058303833,quality_factor,0.09282847493886948
2019-12-30,600016.SH,cp,3,cn_a,SIZE_LARGE,0.4463417810874757,0.28399479456491394,0.4463417810874757,0.5716547966003418,2,volatility_factor,0.6505006551742554,quality_factor,0.19269292056560516,value_factor,0.09175543487071991
2019-12-30,600000.SH,cp,3,cn_a,SIZE_LARGE,0.32330576367659114,0.20571041705591853,0.32330576367659114,0.5716547966003418,2,volatility_factor,0.6556494235992432,quality_factor,0.15315045416355133,value_factor,0.15219207108020782
2019-12-30,600030.SH,cp,3,cn_a,SIZE_LARGE,0.12413288970827217,0.07898228668075519,0.12413288970827217,0.5716547966003418,1,volatility_factor,0.481961190700531,quality_factor,0.2701228857040405,momentum_factor,0.1306081861257553
2019-12-30,600019.SH,cp,3,cn_a,SIZE_LARGE,-0.016926824206338717,-0.01077006492962275,-0.016926824206338717,0.5716547966003418,2,value_factor,0.37498199939727783,quality_factor,0.3091375231742859,momentum_factor,0.18766482174396515
2019-12-30,600089.SH,cp,3,cn_a,SIZE_LARGE,-0.0884557317387903,-0.0562819086800292,-0.0884557317387903,0.5716547966003418,1,volatility_factor,0.5045405626296997,quality_factor,0.26791635155677795,momentum_factor,0.12688446044921875
2019-12-30,600018.SH,cp,3,cn_a,SIZE_LARGE,-0.1816521529892225,-0.11558018553575226,-0.1816521529892225,0.5716547966003418,2,volatility_factor,0.6590390801429749,value_factor,0.1910063624382019,quality_factor,0.1276610642671585
2019-12-30,600028.SH,cp,3,cn_a,SIZE_LARGE,-0.1965834088307312,-0.12508052611550718,-0.1965834088307312,0.5716547966003418,1,volatility_factor,0.5423471927642822,quality_factor,0.2638353705406189,momentum_factor,0.1207609623670578
2019-12-30,600050.SH,cp,3,cn_a,SIZE_LARGE,-0.19822861694173205,-0.12612732603274068,-0.19822861694173205,0.5716547966003418,1,volatility_factor,0.6304383873939514,quality_factor,0.2542203962802887,momentum_factor,0.10652346163988113
2019-12-30,600104.SH,cp,3,cn_a,SIZE_LARGE,-0.26493694438152987,-0.1685719694646795,-0.26493694438152987,0.5716547966003418,1,volatility_factor,0.6037185192108154,quality_factor,0.2571346163749695,momentum_factor,0.11084263026714325
2019-12-30,600031.SH,cp,3,cn_a,SIZE_LARGE,-0.29851682296585247,-0.1899379072373758,-0.29851682296585247,0.5716547966003418,2,volatility_factor,0.6508883833885193,quality_factor,0.18902692198753357,value_factor,0.09754061698913574
2019-12-30,600036.SH,cp,3,cn_a,SIZE_LARGE,-0.3246181607320903,-0.20654545860469758,-0.3246181607320903,0.5716547966003418,1,volatility_factor,0.6464356780052185,quality_factor,0.22274227440357208,momentum_factor,0.08468437939882278
2019-12-30,600111.SH,cp,3,cn_a,SIZE_LARGE,-0.4103380839292292,-0.26108664880916255,-0.4103380839292292,0.5716547966003418,2,volatility_factor,0.65789794921875,value_factor,0.17926225066184998,quality_factor,0.13550443947315216
2019-12-30,600011.SH,cp,3,cn_a,SIZE_LARGE,-0.716614602089772,-0.4559618331200251,-0.716614602089772,0.5716547966003418,1,volatility_factor,0.6450034379959106,quality_factor,0.23425538837909698,momentum_factor,0.09233616292476654
2019-12-30,600118.SH,cp,3,cn_a,SIZE_LARGE,-0.7915841055786228,-0.5036628318705254,-0.7915841055786228,0.5716547966003418,1,volatility_factor,0.6480318903923035,quality_factor,0.21103115379810333,momentum_factor,0.07704509049654007
2019-12-31,600016.SH,cp,3,cn_a,SIZE_LARGE,0.3528602944942931,0.26545150142771184,0.3528602944942931,0.32928353548049927,2,volatility_factor,0.6432057023048401,quality_factor,0.21991781890392303,momentum_factor,0.07910697907209396
2019-12-31,600000.SH,cp,3,cn_a,SIZE_LARGE,0.26692691376709077,0.20080510937760263,0.26692691376709077,0.32928353548049927,2,volatility_factor,0.6460863351821899,quality_factor,0.19391781091690063,value_factor,0.09853425621986389
2019-12-31,600030.SH,cp,3,cn_a,SIZE_LARGE,0.0805884234078646,0.06062546091213954,0.0805884234078646,0.32928353548049927,1,volatility_factor,0.4815120995044708,quality_factor,0.2711127996444702,momentum_factor,0.13040941953659058
2019-12-31,600019.SH,cp,3,cn_a,SIZE_LARGE,0.0026354237677927556,0.0019825897301975377,0.0026354237677927556,0.32928353548049927,2,value_factor,0.4546794295310974,quality_factor,0.2719799876213074,momentum_factor,0.18824568390846252
2019-12-31,600089.SH,cp,3,cn_a,SIZE_LARGE,-0.058533448204630516,-0.04403383421738789,-0.058533448204630516,0.32928353548049927,1,volatility_factor,0.5040021538734436,quality_factor,0.26978057622909546,momentum_factor,0.12645083665847778
2019-12-31,600028.SH,cp,3,cn_a,SIZE_LARGE,-0.13467206287010827,-0.10131177082553736,-0.13467206287010827,0.32928353548049927,1,volatility_factor,0.5400656461715698,quality_factor,0.2665078938007355,momentum_factor,0.12043081969022751
2019-12-31,600050.SH,cp,3,cn_a,SIZE_LARGE,-0.1447787472370457,-0.10891487772512339,-0.1447787472370457,0.32928353548049927,1,volatility_factor,0.6146692037582397,quality_factor,0.2594539523124695,momentum_factor,0.10805922746658325
2019-12-31,600018.SH,cp,3,cn_a,SIZE_LARGE,-0.15422846166882534,-0.11602375600675048,-0.15422846166882534,0.32928353548049927,2,volatility_factor,0.647979199886322,quality_factor,0.1783374696969986,value_factor,0.1226234883069992
2019-12-31,600104.SH,cp,3,cn_a,SIZE_LARGE,-0.19021137718609502,-0.1430931630747657,-0.19021137718609502,0.32928353548049927,1,volatility_factor,0.5933205485343933,quality_factor,0.26146650314331055,momentum_factor,0.11160124838352203
2019-12-31,600031.SH,cp,3,cn_a,SIZE_LARGE,-0.23665700681914353,-0.17803351287671132,-0.23665700681914353,0.32928353548049927,2,volatility_factor,0.6432576775550842,quality_factor,0.21740718185901642,momentum_factor,0.07716935127973557
2019-12-31,600036.SH,cp,3,cn_a,SIZE_LARGE,-0.2474111673614252,-0.18612370638129533,-0.2474111673614252,0.32928353548049927,1,volatility_factor,0.6404343843460083,quality_factor,0.24132035672664642,momentum_factor,0.09321879595518112
2019-12-31,600111.SH,cp,3,cn_a,SIZE_LARGE,-0.3449686171701103,-0.2595147110685425,-0.3449686171701103,0.32928353548049927,2,volatility_factor,0.6471800804138184,quality_factor,0.18298935890197754,value_factor,0.11590693145990372
2019-12-31,600011.SH,cp,3,cn_a,SIZE_LARGE,-0.5394148583851747,-0.4057936987667423,-0.5394148583851747,0.32928353548049927,1,volatility_factor,0.6396576166152954,quality_factor,0.24989202618598938,momentum_factor,0.09921486675739288
2019-12-31,600118.SH,cp,3,cn_a,SIZE_LARGE,-0.6121856257458096,-0.4605380544149511,-0.6121856257458096,0.32928353548049927,1,volatility_factor,0.6415700316429138,quality_factor,0.23278991878032684,momentum_factor,0.0876263752579689
