trade_date,stock_code,market_id,universe_id,model_count,models,total_score,stock_score,selection_signal,time_regime_score,cluster_label,top_factor_1,top_factor_1_score,top_factor_2,top_factor_2_score,top_factor_3,top_factor_3_score
2015-10-26,600760.SH,cn_a,ALL_A_ACTIVE,3,"cp,pca,tucker",0.7224927786040464,0.7224927786040464,0.7224927786040464,0.0,1,quality_factor,0.4612545371055603,momentum_factor,0.21474136412143707,value_factor,0.19270740449428558
2015-10-26,601918.SH,cn_a,ALL_A_ACTIVE,3,"cp,pca,tucker",0.7034330573578113,0.7034330573578113,0.7034330573578113,0.0,1,quality_factor,0.6204186677932739,value_factor,0.1378798633813858,momentum_factor,0.1280505657196045
2015-10-26,600862.SH,cn_a,ALL_A_ACTIVE,3,"cp,pca,tucker",0.6948809508248003,0.6948809508248003,0.6948809508248003,0.0,1,quality_factor,0.49141353368759155,value_factor,0.19083496928215027,volatility_factor,0.16716443002223969
2015-10-26,002607.SZ,cn_a,ALL_A_ACTIVE,3,"cp,pca,tucker",0.6853472069253833,0.6853472069253833,0.6853472069253833,0.0,1,quality_factor,0.4726913869380951,value_factor,0.194155752658844,momentum_factor,0.1783219426870346
2015-10-26,600546.SH,cn_a,ALL_A_ACTIVE,3,"cp,pca,tucker",0.6785463398130976,0.6785463398130976,0.6785463398130976,0.0,1,quality_factor,0.6316767334938049,value_factor,0.2552463114261627,momentum_factor,0.06571047008037567
2015-10-26,600390.SH,cn_a,ALL_A_ACTIVE,3,"cp,pca,tucker",0.6740873070796497,0.6740873070796497,0.6740873070796497,0.0,1,quality_factor,0.5649003982543945,value_factor,0.16401225328445435,volatility_factor,0.15207138657569885
2015-10-26,002423.SZ,cn_a,ALL_A_ACTIVE,3,"cp,pca,tucker",0.6732518551436826,0.6732518551436826,0.6732518551436826,0.0,1,quality_factor,0.6553272604942322,value_factor,0.12600788474082947,volatility_factor,0.11047592014074326
2015-10-26,600096.SH,cn_a,ALL_A_ACTIVE,3,"cp,pca,tucker",0.666248011720504,0.666248011720504,0.666248011720504,0.0,1,quality_factor,0.8428263664245605,value_factor,0.12842589616775513,momentum_factor,0.027538558468222618
2015-10-26,600339.SH,cn_a,ALL_A_ACTIVE,3,"cp,pca,tucker",0.6519923448082331,0.6519923448082331,0.6519923448082331,0.0,1,quality_factor,0.8891605734825134,volatility_factor,0.050030145794153214,value_factor,0.040090177208185196
2015-10-26,600606.SH,cn_a,ALL_A_ACTIVE,3,"cp,pca,tucker",0.6498504529710577,0.6498504529710577,0.6498504529710577,0.0,1,quality_factor,0.7641997337341309,value_factor,0.12364744395017624,volatility_factor,0.06906194239854813
2015-10-26,002432.SZ,cn_a,ALL_A_ACTIVE,3,"cp,pca,tucker",0.6450438856175734,0.6450438856175734,0.6450438856175734,0.0,1,quality_factor,0.4876501262187958,momentum_factor,0.24031899869441986,value_factor,0.176485076546669
2015-10-26,300073.SZ,cn_a,ALL_A_ACTIVE,3,"cp,pca,tucker",0.6324380480859974,0.6324380480859974,0.6324380480859974,0.0,1,quality_factor,0.4418341815471649,value_factor,0.2091929167509079,volatility_factor,0.17854516208171844
2015-10-26,600126.SH,cn_a,ALL_A_ACTIVE,3,"cp,pca,tucker",0.6291899901498823,0.6291899901498823,0.6291899901498823,0.0,1,quality_factor,0.7168967127799988,value_factor,0.20406164228916168,momentum_factor,0.05030429735779762
2015-10-26,600707.SH,cn_a,ALL_A_ACTIVE,3,"cp,pca,tucker",0.5798607755890256,0.5798607755890256,0.5798607755890256,0.0,1,quality_factor,0.8186781406402588,momentum_factor,0.11333140730857849,volatility_factor,0.06181321293115616
2015-10-26,002517.SZ,cn_a,ALL_A_ACTIVE,3,"cp,pca,tucker",0.5722738144668232,0.5722738144668232,0.5722738144668232,0.0,1,quality_factor,0.576974093914032,momentum_factor,0.16701629757881165,value_factor,0.15011350810527802
2015-10-26,002608.SZ,cn_a,ALL_A_ACTIVE,3,"cp,pca,tucker",0.5596253022813914,0.5596253022813914,0.5596253022813914,0.0,1,quality_factor,0.8734657764434814,volatility_factor,0.05242050811648369,value_factor,0.0505848154425621
2015-10-26,601118.SH,cn_a,ALL_A_ACTIVE,3,"cp,pca,tucker",0.5496071310112816,0.5496071310112816,0.5496071310112816,0.0,1,quality_factor,0.7866442799568176,momentum_factor,0.09241461008787155,value_factor,0.07082360982894897
2015-10-26,601001.SH,cn_a,ALL_A_ACTIVE,3,"cp,pca,tucker",0.5477756983623366,0.5477756983623366,0.5477756983623366,0.0,1,quality_factor,0.5157269239425659,value_factor,0.3248879313468933,momentum_factor,0.08667201548814774
2015-10-26,600031.SH,cn_a,ALL_A_ACTIVE,3,"cp,pca,tucker",0.5267229159309131,0.5267229159309131,0.5267229159309131,0.0,1,quality_factor,0.6251863837242126,volatility_factor,0.17542661726474762,value_factor,0.1602977067232132
2015-10-26,002299.SZ,cn_a,ALL_A_ACTIVE,3,"cp,pca,tucker",0.5153056847585397,0.5153056847585397,0.5153056847585397,0.0,1,quality_factor,0.8611209392547607,volatility_factor,0.06968054175376892,value_factor,0.059928279370069504
2015-10-27,600760.SH,cn_a,ALL_A_ACTIVE,3,"cp,pca,tucker",0.7769904254696992,0.7185589472961005,0.7769904254696992,0.055836742743849754,1,quality_factor,0.4432438313961029,value_factor,0.2034107744693756,momentum_factor,0.1993381530046463
2015-10-27,600862.SH,cn_a,ALL_A_ACTIVE,3,"cp,pca,tucker",0.7595643000070426,0.7026137492465928,0.7595643000070426,0.055836742743849754,1,quality_factor,0.4553563594818115,value_factor,0.20339061319828033,volatility_factor,0.17178192734718323
2015-10-27,601918.SH,cn_a,ALL_A_ACTIVE,3,"cp,pca,tucker",0.7529433982694574,0.6979401668656613,0.7529433982694574,0.055836742743849754,1,quality_factor,0.6311197876930237,momentum_factor,0.14404869079589844,value_factor,0.13029874861240387
2015-10-27,002423.SZ,cn_a,ALL_A_ACTIVE,3,"cp,pca,tucker",0.7443272739150645,0.6891229246239479,0.7443272739150645,0.055836742743849754,1,quality_factor,0.588287889957428,momentum_factor,0.1797051578760147,value_factor,0.14285500347614288
2015-10-27,002607.SZ,cn_a,ALL_A_ACTIVE,3,"cp,pca,tucker",0.7389493436911377,0.6830744510487184,0.7389493436911377,0.055836742743849754,1,quality_factor,0.4603380858898163,value_factor,0.19979818165302277,momentum_factor,0.17727789282798767
2015-10-27,600096.SH,cn_a,ALL_A_ACTIVE,3,"cp,pca,tucker",0.7303026339428765,0.6782986779299739,0.7303026339428765,0.055836742743849754,1,quality_factor,0.8400928974151611,value_factor,0.13006772100925446,momentum_factor,0.028032729402184486
2015-10-27,600390.SH,cn_a,ALL_A_ACTIVE,3,"cp,pca,tucker",0.7194864414298351,0.6660663712076195,0.7194864414298351,0.055836742743849754,1,quality_factor,0.5746654272079468,value_factor,0.160482719540596,volatility_factor,0.15022584795951843
2015-10-27,600546.SH,cn_a,ALL_A_ACTIVE,3,"cp,pca,tucker",0.7091108677573815,0.6605825624287732,0.7091108677573815,0.055836742743849754,1,quality_factor,0.6295391321182251,value_factor,0.25653016567230225,momentum_factor,0.06609689444303513
2015-10-27,002432.SZ,cn_a,ALL_A_ACTIVE,3,"cp,pca,tucker",0.6990298410299115,0.6447744584131502,0.6990298410299115,0.055836742743849754,1,quality_factor,0.44631192088127136,momentum_factor,0.2040662169456482,value_factor,0.20121198892593384
2015-10-27,600339.SH,cn_a,ALL_A_ACTIVE,3,"cp,pca,tucker",0.6939856590436374,0.644140998536967,0.6939856590436374,0.055836742743849754,1,quality_factor,0.8910760283470154,volatility_factor,0.049738429486751556,value_factor,0.0388094037771225
2015-10-27,300073.SZ,cn_a,ALL_A_ACTIVE,3,"cp,pca,tucker",0.6698411352194659,0.6177866408279629,0.6698411352194659,0.055836742743849754,1,quality_factor,0.4910801947116852,value_factor,0.18571127951145172,momentum_factor,0.1801341027021408
2015-10-27,600126.SH,cn_a,ALL_A_ACTIVE,3,"cp,pca,tucker",0.6693845752258684,0.6222933250917271,0.6693845752258684,0.055836742743849754,1,quality_factor,0.7149590253829956,value_factor,0.20522543787956238,momentum_factor,0.050654586404561996
2015-10-27,002517.SZ,cn_a,ALL_A_ACTIVE,3,"cp,pca,tucker",0.6243314381245019,0.5753444969911244,0.6243314381245019,0.055836742743849754,1,quality_factor,0.5623593330383301,momentum_factor,0.18739773333072662,value_factor,0.15293143689632416
2015-10-27,600707.SH,cn_a,ALL_A_ACTIVE,3,"cp,pca,tucker",0.6014668836722268,0.5566735646855135,0.6014668836722268,0.055836742743849754,1,quality_factor,0.8871934413909912,volatility_factor,0.052862975746393204,value_factor,0.044532909989356995
2015-10-27,002608.SZ,cn_a,ALL_A_ACTIVE,3,"cp,pca,tucker",0.5981037082400846,0.5546124957256804,0.5981037082400846,0.055836742743849754,1,quality_factor,0.8763502836227417,volatility_factor,0.051981184631586075,value_factor,0.048656001687049866
2015-10-27,601118.SH,cn_a,ALL_A_ACTIVE,3,"cp,pca,tucker",0.571821703059395,0.5280620293312616,0.571821703059395,0.055836742743849754,1,quality_factor,0.9572134017944336,momentum_factor,0.03690624609589577,volatility_factor,0.003726273775100708
2015-10-27,002299.SZ,cn_a,ALL_A_ACTIVE,3,"cp,pca,tucker",0.5649927446753832,0.5217227446945073,0.5649927446753832,0.055836742743849754,1,quality_factor,0.8431866765022278,volatility_factor,0.06482749432325363,momentum_factor,0.05819237604737282
2015-10-27,600031.SH,cn_a,ALL_A_ACTIVE,3,"cp,pca,tucker",0.56407580593494,0.5222857659867451,0.56407580593494,0.055836742743849754,1,quality_factor,0.6333214640617371,volatility_factor,0.1658262461423874,value_factor,0.15574292838573456
2015-10-27,601001.SH,cn_a,ALL_A_ACTIVE,3,"cp,pca,tucker",0.5564473018128117,0.5164923689664825,0.5564473018128117,0.055836742743849754,1,quality_factor,0.5140696167945862,value_factor,0.32588329911231995,momentum_factor,0.08697161823511124
2015-10-27,600685.SH,cn_a,ALL_A_ACTIVE,3,"cp,pca,tucker",0.46571161313547976,0.42570299120722566,0.46571161313547976,0.055836742743849754,1,quality_factor,0.6263132691383362,momentum_factor,0.18771938979625702,value_factor,0.12462861835956573
2015-10-28,600862.SH,cn_a,ALL_A_ACTIVE,3,"cp,pca,tucker",1.1733398318796404,0.6966297531466453,1.1733398318796404,0.6089534759521484,1,quality_factor,0.461680144071579,momentum_factor,0.2166243940591812,value_factor,0.19218336045742035
2015-10-28,002423.SZ,cn_a,ALL_A_ACTIVE,3,"cp,pca,tucker",1.1660132591369903,0.6933024034366698,1.1660132591369903,0.6089534759521484,1,quality_factor,0.5738874673843384,momentum_factor,0.23437269032001495,value_factor,0.13945983350276947
2015-10-28,601918.SH,cn_a,ALL_A_ACTIVE,3,"cp,pca,tucker",1.1310271768871376,0.6736668624838541,1.1310271768871376,0.6089534759521484,1,quality_factor,0.734413743019104,momentum_factor,0.13341549038887024,value_factor,0.08657461404800415
2015-10-28,600760.SH,cn_a,ALL_A_ACTIVE,3,"cp,pca,tucker",1.1209360508824906,0.6662605023877008,1.1209360508824906,0.6089534759521484,1,quality_factor,0.6557668447494507,momentum_factor,0.24228323996067047,value_factor,0.10143163800239563
2015-10-28,600096.SH,cn_a,ALL_A_ACTIVE,3,"cp,pca,tucker",1.1200478951440704,0.6683193030981508,1.1200478951440704,0.6089534759521484,1,quality_factor,0.7916816473007202,value_factor,0.15914446115493774,momentum_factor,0.036784589290618896
2015-10-28,600546.SH,cn_a,ALL_A_ACTIVE,3,"cp,pca,tucker",1.1110062779001102,0.6647988199983443,1.1110062779001102,0.6089534759521484,1,quality_factor,0.5918086171150208,value_factor,0.27919191122055054,momentum_factor,0.0729178935289383
2015-10-28,600390.SH,cn_a,ALL_A_ACTIVE,3,"cp,pca,tucker",1.0766330633921863,0.6402404889011187,1.0766330633921863,0.6089534759521484,1,quality_factor,0.7022807002067566,momentum_factor,0.1349688172340393,value_factor,0.10048893094062805
2015-10-28,600339.SH,cn_a,ALL_A_ACTIVE,3,"cp,pca,tucker",1.0757799648051063,0.640936104945578,1.0757799648051063,0.6089534759521484,1,quality_factor,0.9288252592086792,volatility_factor,0.0439891442656517,momentum_factor,0.013617917895317078
2015-10-28,002432.SZ,cn_a,ALL_A_ACTIVE,3,"cp,pca,tucker",1.0726554585019512,0.6350846760409122,1.0726554585019512,0.6089534759521484,1,quality_factor,0.40199223160743713,value_factor,0.22788646817207336,volatility_factor,0.20584286749362946
2015-10-28,600126.SH,cn_a,ALL_A_ACTIVE,3,"cp,pca,tucker",1.0700355394522616,0.6385657309225409,1.0700355394522616,0.6089534759521484,1,quality_factor,0.6802976727485657,value_factor,0.22604362666606903,momentum_factor,0.056920696049928665
2015-10-28,002607.SZ,cn_a,ALL_A_ACTIVE,3,"cp,pca,tucker",1.0494768379828103,0.6235038034374804,1.0494768379828103,0.6089534759521484,1,quality_factor,0.6671902537345886,momentum_factor,0.14498545229434967,value_factor,0.11420056223869324
2015-10-28,002517.SZ,cn_a,ALL_A_ACTIVE,3,"cp,pca,tucker",0.9846099539395365,0.5826855716231895,0.9846099539395365,0.6089534759521484,1,quality_factor,0.5394649505615234,momentum_factor,0.23666658997535706,value_factor,0.1542515754699707
2015-10-28,300073.SZ,cn_a,ALL_A_ACTIVE,3,"cp,pca,tucker",0.9715629693075131,0.5759885689878509,0.9715629693075131,0.6089534759521484,1,quality_factor,0.6848962903022766,momentum_factor,0.1854485124349594,value_factor,0.09916092455387115
2015-10-28,600707.SH,cn_a,ALL_A_ACTIVE,3,"cp,pca,tucker",0.9253021831208463,0.5495312066162704,0.9253021831208463,0.6089534759521484,1,quality_factor,0.9422120451927185,volatility_factor,0.0330757275223732,value_factor,0.01727554015815258
2015-10-28,002608.SZ,cn_a,ALL_A_ACTIVE,3,"cp,pca,tucker",0.9240955859175212,0.550581108632389,0.9240955859175212,0.6089534759521484,1,quality_factor,0.6290183663368225,momentum_factor,0.19111736118793488,volatility_factor,0.15500707924365997
2015-10-28,601118.SH,cn_a,ALL_A_ACTIVE,3,"cp,pca,tucker",0.8861898033863125,0.5259364017850634,0.8861898033863125,0.6089534759521484,1,quality_factor,0.8226129412651062,volatility_factor,0.07332301139831543,momentum_factor,0.06879798322916031
2015-10-28,600031.SH,cn_a,ALL_A_ACTIVE,3,"cp,pca,tucker",0.8749837502215144,0.5205622613774344,0.8749837502215144,0.6089534759521484,1,quality_factor,0.6240119934082031,volatility_factor,0.18358413875102997,value_factor,0.16242580115795135
2015-10-28,002299.SZ,cn_a,ALL_A_ACTIVE,3,"cp,pca,tucker",0.8737716411030158,0.5179781288390914,0.8737716411030158,0.6089534759521484,1,quality_factor,0.6984859704971313,volatility_factor,0.1336936205625534,momentum_factor,0.10327182710170746
2015-10-28,601001.SH,cn_a,ALL_A_ACTIVE,3,"cp,pca,tucker",0.8734838458209633,0.5209224235077945,0.8734838458209633,0.6089534759521484,1,quality_factor,0.484738826751709,value_factor,0.34349992871284485,momentum_factor,0.09227408468723297
2015-10-28,600685.SH,cn_a,ALL_A_ACTIVE,3,"cp,pca,tucker",0.7242123726685096,0.42561335648086485,0.7242123726685096,0.6089534759521484,1,quality_factor,0.6541521549224854,momentum_factor,0.24004912376403809,value_factor,0.08431580662727356
2015-10-29,600862.SH,cn_a,ALL_A_ACTIVE,3,"cp,pca,tucker",0.8397564976451309,0.6926343057600456,0.8397564976451309,0.1576493779818217,1,quality_factor,0.46605363488197327,momentum_factor,0.21028701961040497,value_factor,0.19138260185718536
2015-10-29,002423.SZ,cn_a,ALL_A_ACTIVE,3,"cp,pca,tucker",0.8347194933270083,0.6904227251577465,0.8347194933270083,0.1576493779818217,1,quality_factor,0.6044615507125854,momentum_factor,0.27535364031791687,value_factor,0.10837176442146301
2015-10-29,601918.SH,cn_a,ALL_A_ACTIVE,3,"cp,pca,tucker",0.8058525372551743,0.6692960588261311,0.8058525372551743,0.1576493779818217,1,quality_factor,0.6892087459564209,value_factor,0.11239414662122726,momentum_factor,0.10060901194810867
2015-10-29,600760.SH,cn_a,ALL_A_ACTIVE,3,"cp,pca,tucker",0.7962108491946487,0.6588762435227297,0.7962108491946487,0.1576493779818217,1,quality_factor,0.6472773551940918,momentum_factor,0.19197311997413635,value_factor,0.11460930109024048
2015-10-29,600390.SH,cn_a,ALL_A_ACTIVE,3,"cp,pca,tucker",0.785119036407071,0.6498118422882512,0.785119036407071,0.1576493779818217,1,quality_factor,0.6348429322242737,momentum_factor,0.14418281614780426,value_factor,0.1286299079656601
2015-10-29,600096.SH,cn_a,ALL_A_ACTIVE,3,"cp,pca,tucker",0.7834950376177064,0.654086946630641,0.7834950376177064,0.1576493779818217,1,quality_factor,0.802208662033081,value_factor,0.15282173454761505,momentum_factor,0.03488150238990784
2015-10-29,002432.SZ,cn_a,ALL_A_ACTIVE,3,"cp,pca,tucker",0.7779657150651093,0.6376549384191254,0.7779657150651093,0.1576493779818217,1,quality_factor,0.4008233845233917,value_factor,0.2283712774515152,volatility_factor,0.20635081827640533
2015-10-29,600546.SH,cn_a,ALL_A_ACTIVE,3,"cp,pca,tucker",0.775404136556002,0.6511508725045111,0.775404136556002,0.1576493779818217,1,quality_factor,0.5999927520751953,value_factor,0.2742762863636017,momentum_factor,0.07143833488225937
2015-10-29,600339.SH,cn_a,ALL_A_ACTIVE,3,"cp,pca,tucker",0.7653056020226643,0.6367733019369991,0.7653056020226643,0.1576493779818217,1,quality_factor,0.7557266354560852,volatility_factor,0.109336718916893,momentum_factor,0.07609695941209793
2015-10-29,600126.SH,cn_a,ALL_A_ACTIVE,3,"cp,pca,tucker",0.7371471082712087,0.6158587621235093,0.7371471082712087,0.1576493779818217,1,quality_factor,0.6878908276557922,value_factor,0.22148309648036957,momentum_factor,0.05554801598191261
2015-10-29,002607.SZ,cn_a,ALL_A_ACTIVE,3,"cp,pca,tucker",0.7257957625557815,0.6005130560493458,0.7257957625557815,0.1576493779818217,1,quality_factor,0.7827068567276001,momentum_factor,0.07718109339475632,value_factor,0.07527972757816315
2015-10-29,600707.SH,cn_a,ALL_A_ACTIVE,3,"cp,pca,tucker",0.7138846012992652,0.58815453193663,0.7138846012992652,0.1576493779818217,1,quality_factor,0.607425332069397,volatility_factor,0.15527468919754028,value_factor,0.1510828137397766
2015-10-29,300073.SZ,cn_a,ALL_A_ACTIVE,3,"cp,pca,tucker",0.7025640583142576,0.5775243047886521,0.7025640583142576,0.1576493779818217,1,quality_factor,0.6595059633255005,momentum_factor,0.16912177205085754,value_factor,0.11328836530447006
2015-10-29,002517.SZ,cn_a,ALL_A_ACTIVE,3,"cp,pca,tucker",0.6801914593650626,0.5573712633537925,0.6801914593650626,0.1576493779818217,1,quality_factor,0.6592786312103271,momentum_factor,0.21185031533241272,value_factor,0.10576163232326508
2015-10-29,002608.SZ,cn_a,ALL_A_ACTIVE,3,"cp,pca,tucker",0.6600495419136836,0.548955039961102,0.6600495419136836,0.1576493779818217,1,quality_factor,0.6290183663368225,momentum_factor,0.19111736118793488,volatility_factor,0.15500707924365997
2015-10-29,601118.SH,cn_a,ALL_A_ACTIVE,3,"cp,pca,tucker",0.6393092364402254,0.5265185864646862,0.6393092364402254,0.1576493779818217,1,quality_factor,0.8335102796554565,momentum_factor,0.06962573528289795,volatility_factor,0.06683209538459778
2015-10-29,600031.SH,cn_a,ALL_A_ACTIVE,3,"cp,pca,tucker",0.6239854720090219,0.5170575059020796,0.6239854720090219,0.1576493779818217,1,quality_factor,0.6207042932510376,volatility_factor,0.17834611237049103,value_factor,0.16229219734668732
2015-10-29,002299.SZ,cn_a,ALL_A_ACTIVE,3,"cp,pca,tucker",0.6211533111375077,0.5112000131197358,0.6211533111375077,0.1576493779818217,1,quality_factor,0.7459068298339844,volatility_factor,0.11946366727352142,value_factor,0.07312160730361938
2015-10-29,601001.SH,cn_a,ALL_A_ACTIVE,3,"cp,pca,tucker",0.6162308521188531,0.5134022448257626,0.6162308521188531,0.1576493779818217,1,quality_factor,0.4911135733127594,value_factor,0.33967119455337524,momentum_factor,0.09112165123224258
2015-10-29,600685.SH,cn_a,ALL_A_ACTIVE,3,"cp,pca,tucker",0.5257265958967,0.4224152661331659,0.5257265958967,0.1576493779818217,1,quality_factor,0.6775017976760864,momentum_factor,0.22099405527114868,value_factor,0.09608254581689835
2015-10-30,600862.SH,cn_a,ALL_A_ACTIVE,3,"cp,pca,tucker",1.2336775856713476,0.6978276658851644,1.2336775856713476,0.8437538345654806,1,quality_factor,0.4780619144439697,value_factor,0.1917748749256134,momentum_factor,0.178366556763649
2015-10-30,002423.SZ,cn_a,ALL_A_ACTIVE,3,"cp,pca,tucker",1.2284483525887442,0.6965696540244832,1.2284483525887442,0.8437538345654806,1,quality_factor,0.5564431548118591,momentum_factor,0.24136051535606384,value_factor,0.14591693878173828
2015-10-30,601918.SH,cn_a,ALL_A_ACTIVE,3,"cp,pca,tucker",1.1967662620028034,0.6791200453154743,1.1967662620028034,0.8437538345654806,1,quality_factor,0.6146144270896912,value_factor,0.14507988095283508,volatility_factor,0.1382380723953247
2015-10-30,600390.SH,cn_a,ALL_A_ACTIVE,3,"cp,pca,tucker",1.1947089831169226,0.6763611498055018,1.1947089831169226,0.8437538345654806,1,quality_factor,0.5616286396980286,momentum_factor,0.16143423318862915,value_factor,0.1578879952430725
2015-10-30,600339.SH,cn_a,ALL_A_ACTIVE,3,"cp,pca,tucker",1.1813704869881507,0.6695802798436662,1.1813704869881507,0.8437538345654806,1,quality_factor,0.877852737903595,volatility_factor,0.05175234004855156,value_factor,0.04765130206942558
2015-10-30,600760.SH,cn_a,ALL_A_ACTIVE,3,"cp,pca,tucker",1.17181139411165,0.6633472411377085,1.17181139411165,0.8437538345654806,1,quality_factor,0.6865292191505432,momentum_factor,0.166703000664711,value_factor,0.10178224742412567
2015-10-30,002432.SZ,cn_a,ALL_A_ACTIVE,3,"cp,pca,tucker",1.1690876476777685,0.6599202305150195,1.1690876476777685,0.8437538345654806,1,quality_factor,0.40143653750419617,value_factor,0.2281169444322586,volatility_factor,0.20608434081077576
2015-10-30,600096.SH,cn_a,ALL_A_ACTIVE,3,"cp,pca,tucker",1.156093249318085,0.6570055337340721,1.156093249318085,0.8437538345654806,1,quality_factor,0.8553899526596069,value_factor,0.11777842789888382,momentum_factor,0.024388084188103676
2015-10-30,600707.SH,cn_a,ALL_A_ACTIVE,3,"cp,pca,tucker",1.1301351979513263,0.6383486295132058,1.1301351979513263,0.8437538345654806,1,quality_factor,0.47625625133514404,value_factor,0.20111475884914398,volatility_factor,0.19213169813156128
2015-10-30,600546.SH,cn_a,ALL_A_ACTIVE,3,"cp,pca,tucker",1.1109798077868347,0.6333074146365749,1.1109798077868347,0.8437538345654806,1,quality_factor,0.6448031067848206,value_factor,0.2473624348640442,momentum_factor,0.06333748251199722
2015-10-30,300073.SZ,cn_a,ALL_A_ACTIVE,3,"cp,pca,tucker",1.0966491540685408,0.6197930643866129,1.0966491540685408,0.8437538345654806,1,quality_factor,0.48903805017471313,value_factor,0.18881714344024658,momentum_factor,0.16778384149074554
2015-10-30,002607.SZ,cn_a,ALL_A_ACTIVE,3,"cp,pca,tucker",1.0645198342306148,0.6022533931671069,1.0645198342306148,0.8437538345654806,1,quality_factor,0.8924086689949036,volatility_factor,0.04124736040830612,value_factor,0.03500887379050255
2015-10-30,600126.SH,cn_a,ALL_A_ACTIVE,3,"cp,pca,tucker",1.0349661677958724,0.5888468727768511,1.0349661677958724,0.8437538345654806,1,quality_factor,0.7287353277206421,value_factor,0.19695118069648743,momentum_factor,0.048164110630750656
2015-10-30,002517.SZ,cn_a,ALL_A_ACTIVE,3,"cp,pca,tucker",1.012464331414161,0.5721365246751456,1.012464331414161,0.8437538345654806,1,quality_factor,0.6129326820373535,momentum_factor,0.19673562049865723,value_factor,0.12892836332321167
2015-10-30,002608.SZ,cn_a,ALL_A_ACTIVE,3,"cp,pca,tucker",0.9626409504039216,0.5464342634245217,0.9626409504039216,0.8437538345654806,1,quality_factor,0.8565686345100403,value_factor,0.06188336759805679,volatility_factor,0.05499397590756416
2015-10-30,002299.SZ,cn_a,ALL_A_ACTIVE,3,"cp,pca,tucker",0.9455236846729441,0.5339653014992669,0.9455236846729441,0.8437538345654806,1,quality_factor,0.7175986170768738,volatility_factor,0.12419359385967255,momentum_factor,0.09862486273050308
2015-10-30,601118.SH,cn_a,ALL_A_ACTIVE,3,"cp,pca,tucker",0.9388928237078876,0.5319518802677445,0.9388928237078876,0.8437538345654806,1,quality_factor,0.9052777290344238,momentum_factor,0.07174810767173767,value_factor,0.016392583027482033
2015-10-30,600031.SH,cn_a,ALL_A_ACTIVE,3,"cp,pca,tucker",0.9216878681189177,0.5228165207772387,0.9216878681189177,0.8437538345654806,1,quality_factor,0.6874366998672485,volatility_factor,0.14605753123760223,value_factor,0.13502167165279388
2015-10-30,601001.SH,cn_a,ALL_A_ACTIVE,3,"cp,pca,tucker",0.8955864440286058,0.5092209413564392,0.8955864440286058,0.8437538345654806,1,quality_factor,0.5258935689926147,value_factor,0.31878164410591125,momentum_factor,0.08483406901359558
2015-10-30,600685.SH,cn_a,ALL_A_ACTIVE,3,"cp,pca,tucker",0.7411494351919528,0.41790368267495387,0.7411494351919528,0.8437538345654806,1,quality_factor,0.7030979990959167,momentum_factor,0.1791943609714508,value_factor,0.09223651885986328
2015-11-02,002423.SZ,cn_a,ALL_A_ACTIVE,3,"cp,pca,tucker",1.0246935103955814,0.6957382561764284,1.0246935103955814,0.417564461628596,1,quality_factor,0.5644341707229614,momentum_factor,0.24933792650699615,value_factor,0.14096401631832123
2015-11-02,600862.SH,cn_a,ALL_A_ACTIVE,3,"cp,pca,tucker",0.9965053438156991,0.6778406285906268,0.9965053438156991,0.417564461628596,1,quality_factor,0.5064844489097595,value_factor,0.18555979430675507,volatility_factor,0.16510888934135437
2015-11-02,601918.SH,cn_a,ALL_A_ACTIVE,3,"cp,pca,tucker",0.9901893157068185,0.6700002623962695,0.9901893157068185,0.417564461628596,1,quality_factor,0.9276087284088135,volatility_factor,0.044174421578645706,value_factor,0.014381173998117447
2015-11-02,600339.SH,cn_a,ALL_A_ACTIVE,3,"cp,pca,tucker",0.9680721730489573,0.6551237228057576,0.9680721730489573,0.417564461628596,1,quality_factor,0.9064204692840576,volatility_factor,0.04740143194794655,value_factor,0.02854904904961586
2015-11-02,002432.SZ,cn_a,ALL_A_ACTIVE,3,"cp,pca,tucker",0.9503613126325233,0.6505898090915171,0.9503613126325233,0.417564461628596,1,quality_factor,0.40061041712760925,value_factor,0.22845955193042755,volatility_factor,0.20644330978393555
2015-11-02,600096.SH,cn_a,ALL_A_ACTIVE,3,"cp,pca,tucker",0.9502233756544051,0.6397981791553552,0.9502233756544051,0.417564461628596,1,quality_factor,0.8192192316055298,value_factor,0.14260482788085938,momentum_factor,0.031806301325559616
2015-11-02,600546.SH,cn_a,ALL_A_ACTIVE,3,"cp,pca,tucker",0.9443234957346586,0.6323914618520412,0.9443234957346586,0.417564461628596,1,quality_factor,0.6132414937019348,value_factor,0.2663188874721527,momentum_factor,0.06904321908950806
2015-11-02,600760.SH,cn_a,ALL_A_ACTIVE,3,"cp,pca,tucker",0.9423218485121625,0.639125415513657,0.9423218485121625,0.417564461628596,1,quality_factor,0.7164212465286255,value_factor,0.15559543669223785,volatility_factor,0.07633872330188751
2015-11-02,600390.SH,cn_a,ALL_A_ACTIVE,3,"cp,pca,tucker",0.9416391010078823,0.6388534448403923,0.9416391010078823,0.417564461628596,1,quality_factor,0.7356353402137756,momentum_factor,0.10404094308614731,value_factor,0.0912776067852974
2015-11-02,002607.SZ,cn_a,ALL_A_ACTIVE,3,"cp,pca,tucker",0.8908642983219787,0.6051623244676662,0.8908642983219787,0.417564461628596,1,quality_factor,0.7689396739006042,volatility_factor,0.11002202332019806,value_factor,0.0895061120390892
2015-11-02,300073.SZ,cn_a,ALL_A_ACTIVE,3,"cp,pca,tucker",0.8815645963866466,0.6024385535616278,0.8815645963866466,0.417564461628596,1,quality_factor,0.5241013169288635,value_factor,0.17734278738498688,volatility_factor,0.1532556414604187
2015-11-02,600126.SH,cn_a,ALL_A_ACTIVE,3,"cp,pca,tucker",0.8797049423911588,0.5913715634525948,0.8797049423911588,0.417564461628596,1,quality_factor,0.70009446144104,value_factor,0.21415336430072784,momentum_factor,0.0533418245613575
2015-11-02,600707.SH,cn_a,ALL_A_ACTIVE,3,"cp,pca,tucker",0.8544855747334448,0.5822409649322489,0.8544855747334448,0.417564461628596,1,quality_factor,0.7171010971069336,volatility_factor,0.11874953657388687,value_factor,0.10800961405038834
2015-11-02,002608.SZ,cn_a,ALL_A_ACTIVE,3,"cp,pca,tucker",0.8088858596171953,0.5467799152923776,0.8088858596171953,0.417564461628596,1,quality_factor,0.8996964693069458,volatility_factor,0.04842551052570343,value_factor,0.03304517641663551
2015-11-02,002517.SZ,cn_a,ALL_A_ACTIVE,3,"cp,pca,tucker",0.8045402568157005,0.550273587467443,0.8045402568157005,0.417564461628596,1,quality_factor,0.6681055426597595,momentum_factor,0.1373627781867981,value_factor,0.11515483260154724
2015-11-02,002299.SZ,cn_a,ALL_A_ACTIVE,3,"cp,pca,tucker",0.7913656980926788,0.54074764533334,0.7913656980926788,0.417564461628596,1,quality_factor,0.7591053247451782,momentum_factor,0.14426007866859436,volatility_factor,0.08634590357542038
2015-11-02,600031.SH,cn_a,ALL_A_ACTIVE,3,"cp,pca,tucker",0.768454454308723,0.5211069749975676,0.768454454308723,0.417564461628596,1,quality_factor,0.6918870210647583,value_factor,0.12984970211982727,volatility_factor,0.12846463918685913
2015-11-02,601001.SH,cn_a,ALL_A_ACTIVE,3,"cp,pca,tucker",0.7583308745448621,0.5116979388042121,0.7583308745448621,0.417564461628596,1,quality_factor,0.5014182925224304,value_factor,0.33348190784454346,momentum_factor,0.08925874531269073
2015-11-02,601118.SH,cn_a,ALL_A_ACTIVE,3,"cp,pca,tucker",0.7558391013085471,0.5144755852452649,0.7558391013085471,0.417564461628596,1,quality_factor,0.9385833144187927,value_factor,0.031155163422226906,volatility_factor,0.018839435651898384
2015-11-02,600685.SH,cn_a,ALL_A_ACTIVE,3,"cp,pca,tucker",0.583516315122986,0.40509903447485934,0.583516315122986,0.417564461628596,1,quality_factor,0.7309685945510864,momentum_factor,0.1231723204255104,value_factor,0.0899236872792244
2015-11-03,002423.SZ,cn_a,ALL_A_ACTIVE,3,"cp,pca,tucker",1.0101396345959588,0.7099728510869142,1.0101396345959588,0.4215753177801768,1,quality_factor,0.46748119592666626,value_factor,0.1984259933233261,momentum_factor,0.16728995740413666
2015-11-03,600862.SH,cn_a,ALL_A_ACTIVE,3,"cp,pca,tucker",0.9948208002014538,0.6993834300646321,0.9948208002014538,0.4215753177801768,1,quality_factor,0.4609821140766144,value_factor,0.2078220099210739,volatility_factor,0.20048269629478455
2015-11-03,601918.SH,cn_a,ALL_A_ACTIVE,3,"cp,pca,tucker",0.9887467297938466,0.6943104262252477,0.9887467297938466,0.4215753177801768,1,quality_factor,0.5928759574890137,value_factor,0.15548835694789886,volatility_factor,0.15409158170223236
2015-11-03,600339.SH,cn_a,ALL_A_ACTIVE,3,"cp,pca,tucker",0.957456159657187,0.672170820763227,0.957456159657187,0.4215753177801768,1,quality_factor,0.8820202946662903,volatility_factor,0.051117636263370514,value_factor,0.04486468434333801
2015-11-03,600760.SH,cn_a,ALL_A_ACTIVE,3,"cp,pca,tucker",0.9564284116614838,0.6719780974161517,0.9564284116614838,0.4215753177801768,1,quality_factor,0.5491628050804138,volatility_factor,0.19615960121154785,value_factor,0.17862984538078308
2015-11-03,600390.SH,cn_a,ALL_A_ACTIVE,3,"cp,pca,tucker",0.9484315883808537,0.6664081682377757,0.9484315883808537,0.4215753177801768,1,quality_factor,0.6478604674339294,momentum_factor,0.16164103150367737,value_factor,0.11976639926433563
2015-11-03,600096.SH,cn_a,ALL_A_ACTIVE,3,"cp,pca,tucker",0.9383656229873482,0.6579898944347032,0.9383656229873482,0.4215753177801768,1,quality_factor,0.8514503240585327,value_factor,0.12188214808702469,momentum_factor,0.02559283934533596
2015-11-03,002432.SZ,cn_a,ALL_A_ACTIVE,3,"cp,pca,tucker",0.9357122273200287,0.6588989198542179,0.9357122273200287,0.4215753177801768,1,quality_factor,0.40070703625679016,value_factor,0.22841954231262207,volatility_factor,0.20640137791633606
2015-11-03,600546.SH,cn_a,ALL_A_ACTIVE,3,"cp,pca,tucker",0.9335423752186455,0.6537771328292555,0.9335423752186455,0.4215753177801768,1,quality_factor,0.6398617029190063,value_factor,0.25033023953437805,momentum_factor,0.0642307698726654
2015-11-03,002607.SZ,cn_a,ALL_A_ACTIVE,3,"cp,pca,tucker",0.8961597309080354,0.6297969689249959,0.8961597309080354,0.4215753177801768,1,quality_factor,0.7005369067192078,volatility_factor,0.11681915074586868,value_factor,0.11289860308170319
2015-11-03,300073.SZ,cn_a,ALL_A_ACTIVE,3,"cp,pca,tucker",0.8839877919909144,0.622414395646608,0.8839877919909144,0.4215753177801768,1,quality_factor,0.48256224393844604,value_factor,0.1900758296251297,momentum_factor,0.17675746977329254
2015-11-03,600126.SH,cn_a,ALL_A_ACTIVE,3,"cp,pca,tucker",0.8774482229993973,0.6151136433101178,0.8774482229993973,0.4215753177801768,1,quality_factor,0.7242908477783203,value_factor,0.1996205896139145,momentum_factor,0.04896757751703262
2015-11-03,600707.SH,cn_a,ALL_A_ACTIVE,3,"cp,pca,tucker",0.8289816420886734,0.5828643943569285,0.8289816420886734,0.4215753177801768,1,quality_factor,0.7645923495292664,volatility_factor,0.11283084005117416,value_factor,0.09150809049606323
2015-11-03,002299.SZ,cn_a,ALL_A_ACTIVE,3,"cp,pca,tucker",0.797312022621886,0.5613177572633766,0.797312022621886,0.4215753177801768,1,quality_factor,0.7394497990608215,momentum_factor,0.1817675679922104,value_factor,0.0757230818271637
2015-11-03,002517.SZ,cn_a,ALL_A_ACTIVE,3,"cp,pca,tucker",0.7912147287673741,0.5571535436022385,0.7912147287673741,0.4215753177801768,1,quality_factor,0.6090161204338074,value_factor,0.14531785249710083,volatility_factor,0.13108305633068085
2015-11-03,002608.SZ,cn_a,ALL_A_ACTIVE,3,"cp,pca,tucker",0.7825939685468836,0.5492711074971269,0.7825939685468836,0.4215753177801768,1,quality_factor,0.8627698421478271,value_factor,0.05773680657148361,volatility_factor,0.05404951050877571
2015-11-03,600031.SH,cn_a,ALL_A_ACTIVE,3,"cp,pca,tucker",0.7509347453729887,0.5276100778111713,0.7509347453729887,0.4215753177801768,1,quality_factor,0.7161832451820374,volatility_factor,0.1252942979335785,value_factor,0.1217857375741005
2015-11-03,601001.SH,cn_a,ALL_A_ACTIVE,3,"cp,pca,tucker",0.7476459003830208,0.5246931952238812,0.7476459003830208,0.4215753177801768,1,quality_factor,0.5220685601234436,value_factor,0.3210790455341339,momentum_factor,0.08552557975053787
2015-11-03,601118.SH,cn_a,ALL_A_ACTIVE,3,"cp,pca,tucker",0.7306131105920263,0.513825169763764,0.7306131105920263,0.4215753177801768,1,quality_factor,0.8649341464042664,volatility_factor,0.06827092170715332,value_factor,0.06002349406480789
2015-11-03,600685.SH,cn_a,ALL_A_ACTIVE,3,"cp,pca,tucker",0.5942143306586795,0.4204176793230124,0.5942143306586795,0.4215753177801768,1,quality_factor,0.5836467146873474,value_factor,0.15807363390922546,volatility_factor,0.15238139033317566
2015-11-04,600862.SH,cn_a,ALL_A_ACTIVE,3,"cp,pca,tucker",1.1207849562287524,0.711786100058814,1.1207849562287524,0.4514092653989792,1,quality_factor,0.4506865441799164,value_factor,0.20604830980300903,volatility_factor,0.1771295964717865
2015-11-04,002423.SZ,cn_a,ALL_A_ACTIVE,3,"cp,pca,tucker",1.1184000290078684,0.7075563244794294,1.1184000290078684,0.4514092653989792,1,quality_factor,0.47676801681518555,value_factor,0.19250695407390594,momentum_factor,0.17747418582439423
2015-11-04,601918.SH,cn_a,ALL_A_ACTIVE,3,"cp,pca,tucker",1.1076053071919416,0.7039450377883884,1.1076053071919416,0.4514092653989792,1,quality_factor,0.5893442034721375,momentum_factor,0.157906174659729,value_factor,0.14627690613269806
2015-11-04,600390.SH,cn_a,ALL_A_ACTIVE,3,"cp,pca,tucker",1.0844555483185425,0.6874401481327092,1.0844555483185425,0.4514092653989792,1,quality_factor,0.5890264511108398,momentum_factor,0.22687482833862305,value_factor,0.13411074876785278
2015-11-04,600339.SH,cn_a,ALL_A_ACTIVE,3,"cp,pca,tucker",1.0659290705055275,0.6787980523904342,1.0659290705055275,0.4514092653989792,1,quality_factor,0.7335182428359985,momentum_factor,0.1259939819574356,value_factor,0.0882941335439682
2015-11-04,002432.SZ,cn_a,ALL_A_ACTIVE,3,"cp,pca,tucker",1.0492836039655862,0.6620672197198904,1.0492836039655862,0.4514092653989792,1,quality_factor,0.4003317058086395,value_factor,0.2285751849412918,volatility_factor,0.20656447112560272
2015-11-04,600096.SH,cn_a,ALL_A_ACTIVE,3,"cp,pca,tucker",1.0367350090561755,0.661704659548693,1.0367350090561755,0.4514092653989792,1,quality_factor,0.8774656653404236,value_factor,0.09478269517421722,momentum_factor,0.017637107521295547
2015-11-04,600760.SH,cn_a,ALL_A_ACTIVE,3,"cp,pca,tucker",1.0356592171137944,0.659155647297016,1.0356592171137944,0.4514092653989792,1,quality_factor,0.6875254511833191,value_factor,0.11307863891124725,momentum_factor,0.10093197971582413
2015-11-04,002607.SZ,cn_a,ALL_A_ACTIVE,3,"cp,pca,tucker",1.0348929133288343,0.6578719168011294,1.0348929133288343,0.4514092653989792,1,quality_factor,0.6027638912200928,momentum_factor,0.15858611464500427,value_factor,0.14022867381572723
2015-11-04,600546.SH,cn_a,ALL_A_ACTIVE,3,"cp,pca,tucker",1.0314647171378148,0.6604321930088518,1.0314647171378148,0.4514092653989792,1,quality_factor,0.6730814576148987,value_factor,0.23037782311439514,momentum_factor,0.05822525918483734
2015-11-04,300073.SZ,cn_a,ALL_A_ACTIVE,3,"cp,pca,tucker",0.9849112593283583,0.619906238881016,0.9849112593283583,0.4514092653989792,1,quality_factor,0.523661196231842,momentum_factor,0.21621407568454742,value_factor,0.1648828387260437
2015-11-04,600126.SH,cn_a,ALL_A_ACTIVE,3,"cp,pca,tucker",0.9671027486275547,0.6175467050331515,0.9671027486275547,0.4514092653989792,1,quality_factor,0.753893256187439,value_factor,0.18184088170528412,momentum_factor,0.043616026639938354
2015-11-04,002299.SZ,cn_a,ALL_A_ACTIVE,3,"cp,pca,tucker",0.9065209586000157,0.5709121800513801,0.9065209586000157,0.4514092653989792,1,quality_factor,0.6675323247909546,momentum_factor,0.18803422152996063,value_factor,0.10636835545301437
2015-11-04,002517.SZ,cn_a,ALL_A_ACTIVE,3,"cp,pca,tucker",0.902438131486886,0.5671359960120269,0.902438131486886,0.4514092653989792,1,quality_factor,0.572304904460907,value_factor,0.15645384788513184,momentum_factor,0.14304161071777344
2015-11-04,600707.SH,cn_a,ALL_A_ACTIVE,3,"cp,pca,tucker",0.8988988630852592,0.5716879566405287,0.8988988630852592,0.4514092653989792,1,quality_factor,0.9580789804458618,momentum_factor,0.03281828761100769,volatility_factor,0.006926497910171747
2015-11-04,002608.SZ,cn_a,ALL_A_ACTIVE,3,"cp,pca,tucker",0.8598810696727822,0.5455506970147975,0.8598810696727822,0.4514092653989792,1,quality_factor,0.6290183663368225,momentum_factor,0.19111736118793488,volatility_factor,0.15500707924365997
2015-11-04,600031.SH,cn_a,ALL_A_ACTIVE,3,"cp,pca,tucker",0.8418058722347772,0.5317794175473415,0.8418058722347772,0.4514092653989792,1,quality_factor,0.7224087119102478,volatility_factor,0.14964602887630463,value_factor,0.12060629576444626
2015-11-04,601001.SH,cn_a,ALL_A_ACTIVE,3,"cp,pca,tucker",0.8366857058381055,0.5304383655550281,0.8366857058381055,0.4514092653989792,1,quality_factor,0.5665678977966309,volatility_factor,0.20613859593868256,value_factor,0.1847599446773529
2015-11-04,601118.SH,cn_a,ALL_A_ACTIVE,3,"cp,pca,tucker",0.8048116909867685,0.5064172263843838,0.8048116909867685,0.4514092653989792,1,quality_factor,0.7287009954452515,volatility_factor,0.14198815822601318,value_factor,0.10884474962949753
2015-11-04,600685.SH,cn_a,ALL_A_ACTIVE,3,"cp,pca,tucker",0.6857671284255896,0.4229054832056225,0.6857671284255896,0.4514092653989792,1,quality_factor,0.5808658599853516,value_factor,0.15625561773777008,volatility_factor,0.13990949094295502
2015-11-05,002423.SZ,cn_a,ALL_A_ACTIVE,3,"cp,pca,tucker",1.0938538167215048,0.7072800864046002,1.0938538167215048,0.5692686041196188,1,quality_factor,0.45122772455215454,value_factor,0.20746606588363647,volatility_factor,0.18444819748401642
2015-11-05,601918.SH,cn_a,ALL_A_ACTIVE,3,"cp,pca,tucker",1.0682318262703745,0.691214557904555,1.0682318262703745,0.5692686041196188,1,quality_factor,0.6405608057975769,momentum_factor,0.14337500929832458,value_factor,0.12624907493591309
2015-11-05,600862.SH,cn_a,ALL_A_ACTIVE,3,"cp,pca,tucker",1.065216688303246,0.6883282990450427,1.065216688303246,0.5692686041196188,1,quality_factor,0.4901757538318634,value_factor,0.1898604780435562,volatility_factor,0.1608523577451706
2015-11-05,600546.SH,cn_a,ALL_A_ACTIVE,3,"cp,pca,tucker",1.0296206426583414,0.668011304902945,1.0296206426583414,0.5692686041196188,1,quality_factor,0.6394283771514893,value_factor,0.25059056282043457,momentum_factor,0.06430912017822266
2015-11-05,600339.SH,cn_a,ALL_A_ACTIVE,3,"cp,pca,tucker",1.0224085097350064,0.6618918566351023,1.0224085097350064,0.5692686041196188,1,quality_factor,0.8342981338500977,momentum_factor,0.11693007498979568,value_factor,0.04540005698800087
2015-11-05,600096.SH,cn_a,ALL_A_ACTIVE,3,"cp,pca,tucker",1.01091529402329,0.6552555065405422,1.01091529402329,0.5692686041196188,1,quality_factor,0.851103663444519,value_factor,0.12224331498146057,momentum_factor,0.025698866695165634
2015-11-05,002432.SZ,cn_a,ALL_A_ACTIVE,3,"cp,pca,tucker",1.0028679287692075,0.6470639185282091,1.0028679287692075,0.5692686041196188,1,quality_factor,0.4003317058086395,value_factor,0.2285751849412918,volatility_factor,0.20656447112560272
2015-11-05,600390.SH,cn_a,ALL_A_ACTIVE,3,"cp,pca,tucker",0.9968963935971217,0.644962461671425,0.9968963935971217,0.5692686041196188,1,quality_factor,0.7628244757652283,momentum_factor,0.1688966304063797,value_factor,0.06380945444107056
2015-11-05,600760.SH,cn_a,ALL_A_ACTIVE,3,"cp,pca,tucker",0.99078242567415,0.6410653677551703,0.99078242567415,0.5692686041196188,1,quality_factor,0.7413653135299683,value_factor,0.09234081953763962,momentum_factor,0.08388617634773254
2015-11-05,002607.SZ,cn_a,ALL_A_ACTIVE,3,"cp,pca,tucker",0.9877043205627801,0.6382381982674591,0.9877043205627801,0.5692686041196188,1,quality_factor,0.6507564783096313,momentum_factor,0.1478908807039261,value_factor,0.12094037979841232
2015-11-05,600126.SH,cn_a,ALL_A_ACTIVE,3,"cp,pca,tucker",0.963185940471317,0.624341353609252,0.963185940471317,0.5692686041196188,1,quality_factor,0.723900318145752,value_factor,0.19985513389110565,momentum_factor,0.04903817176818848
2015-11-05,300073.SZ,cn_a,ALL_A_ACTIVE,3,"cp,pca,tucker",0.9249936114138891,0.5971544227607326,0.9249936114138891,0.5692686041196188,1,quality_factor,0.6037421226501465,momentum_factor,0.22365149855613708,value_factor,0.1281866431236267
2015-11-05,600707.SH,cn_a,ALL_A_ACTIVE,3,"cp,pca,tucker",0.8888850714518347,0.574388983522864,0.8888850714518347,0.5692686041196188,1,quality_factor,0.7484090328216553,volatility_factor,0.11388157308101654,value_factor,0.09692133218050003
2015-11-05,002299.SZ,cn_a,ALL_A_ACTIVE,3,"cp,pca,tucker",0.8484772057183249,0.5477503510037717,0.8484772057183249,0.5692686041196188,1,quality_factor,0.737533450126648,momentum_factor,0.18117199838161469,value_factor,0.045900940895080566
2015-11-05,002517.SZ,cn_a,ALL_A_ACTIVE,3,"cp,pca,tucker",0.847508998879738,0.5469714730736533,0.847508998879738,0.5692686041196188,1,quality_factor,0.6389833688735962,value_factor,0.13027618825435638,momentum_factor,0.12470339238643646
2015-11-05,002608.SZ,cn_a,ALL_A_ACTIVE,3,"cp,pca,tucker",0.8425489799370479,0.5458445982905848,0.8425489799370479,0.5692686041196188,1,quality_factor,0.6290183663368225,momentum_factor,0.19111736118793488,volatility_factor,0.15500707924365997
2015-11-05,601001.SH,cn_a,ALL_A_ACTIVE,3,"cp,pca,tucker",0.8288030964551137,0.5366920213180829,0.8288030964551137,0.5692686041196188,1,quality_factor,0.56104576587677,volatility_factor,0.2198062688112259,value_factor,0.1894051879644394
2015-11-05,600031.SH,cn_a,ALL_A_ACTIVE,3,"cp,pca,tucker",0.8221656942362916,0.5318841201735746,0.8221656942362916,0.5692686041196188,1,quality_factor,0.6814716458320618,volatility_factor,0.16964788734912872,value_factor,0.13046914339065552
2015-11-05,601118.SH,cn_a,ALL_A_ACTIVE,3,"cp,pca,tucker",0.7786354193455841,0.503462374468684,0.7786354193455841,0.5692686041196188,1,quality_factor,0.7777279019355774,volatility_factor,0.1199793741106987,value_factor,0.10138670355081558
2015-11-05,601106.SH,cn_a,ALL_A_ACTIVE,3,"cp,pca,tucker",0.6458078767761065,0.4151074164525812,0.6458078767761065,0.5692686041196188,1,quality_factor,0.8537430167198181,momentum_factor,0.07835617661476135,volatility_factor,0.05255749076604843
2015-11-06,002423.SZ,cn_a,ALL_A_ACTIVE,3,"cp,pca,tucker",0.8178711661621273,0.7020796556938055,0.8178711661621273,0.15606640434513488,1,quality_factor,0.45104745030403137,value_factor,0.207540825009346,volatility_factor,0.18452654778957367
2015-11-06,600862.SH,cn_a,ALL_A_ACTIVE,3,"cp,pca,tucker",0.7987238148170128,0.6844318208452419,0.7987238148170128,0.15606640434513488,1,quality_factor,0.5036436319351196,momentum_factor,0.1882883757352829,value_factor,0.17870570719242096
2015-11-06,601918.SH,cn_a,ALL_A_ACTIVE,3,"cp,pca,tucker",0.7984066391864104,0.69120286175634,0.7984066391864104,0.15606640434513488,1,quality_factor,0.6224099397659302,momentum_factor,0.17509981989860535,value_factor,0.12860463559627533
2015-11-06,002432.SZ,cn_a,ALL_A_ACTIVE,3,"cp,pca,tucker",0.7645396874685503,0.644362670491122,0.7645396874685503,0.15606640434513488,1,quality_factor,0.4003317058086395,value_factor,0.2285751849412918,volatility_factor,0.20656447112560272
2015-11-06,600339.SH,cn_a,ALL_A_ACTIVE,3,"cp,pca,tucker",0.7610698998646165,0.6613797432126584,0.7610698998646165,0.15606640434513488,1,quality_factor,0.7970746755599976,momentum_factor,0.1444968730211258,value_factor,0.04688003286719322
2015-11-06,600390.SH,cn_a,ALL_A_ACTIVE,3,"cp,pca,tucker",0.7453244235594356,0.6432675958779862,0.7453244235594356,0.15606640434513488,1,quality_factor,0.7450920939445496,momentum_factor,0.16974030435085297,value_factor,0.07537689059972763
2015-11-06,600760.SH,cn_a,ALL_A_ACTIVE,3,"cp,pca,tucker",0.7413223106215648,0.6411089693927606,0.7413223106215648,0.15606640434513488,1,quality_factor,0.7593614459037781,momentum_factor,0.1327010691165924,value_factor,0.07568173110485077
2015-11-06,600546.SH,cn_a,ALL_A_ACTIVE,3,"cp,pca,tucker",0.7395852462223638,0.6576709946891008,0.7395852462223638,0.15606640434513488,1,quality_factor,0.6385571956634521,value_factor,0.25111374258995056,momentum_factor,0.06446660310029984
2015-11-06,600126.SH,cn_a,ALL_A_ACTIVE,3,"cp,pca,tucker",0.7322854934498882,0.6413708154415528,0.7322854934498882,0.15606640434513488,1,quality_factor,0.7233700156211853,volatility_factor,0.1363837569952011,value_factor,0.09176032245159149
2015-11-06,600096.SH,cn_a,ALL_A_ACTIVE,3,"cp,pca,tucker",0.7246044075780023,0.638780430333379,0.7246044075780023,0.15606640434513488,1,quality_factor,0.6851181387901306,volatility_factor,0.15594056248664856,value_factor,0.13787271082401276
2015-11-06,300073.SZ,cn_a,ALL_A_ACTIVE,3,"cp,pca,tucker",0.7128032904605299,0.6020167462872023,0.7128032904605299,0.15606640434513488,1,quality_factor,0.5684778690338135,momentum_factor,0.22414161264896393,value_factor,0.14367416501045227
2015-11-06,002607.SZ,cn_a,ALL_A_ACTIVE,3,"cp,pca,tucker",0.7034345792184449,0.6060701985783462,0.7034345792184449,0.15606640434513488,1,quality_factor,0.819339394569397,momentum_factor,0.12414639443159103,volatility_factor,0.04440249502658844
2015-11-06,002517.SZ,cn_a,ALL_A_ACTIVE,3,"cp,pca,tucker",0.6616312043105312,0.556682719980398,0.6616312043105312,0.15606640434513488,1,quality_factor,0.5903926491737366,momentum_factor,0.1476512998342514,value_factor,0.14764240384101868
2015-11-06,600707.SH,cn_a,ALL_A_ACTIVE,3,"cp,pca,tucker",0.6507314819005626,0.5581089922321786,0.6507314819005626,0.15606640434513488,1,quality_factor,0.8962476253509521,volatility_factor,0.0502873957157135,value_factor,0.03574106842279434
2015-11-06,002299.SZ,cn_a,ALL_A_ACTIVE,3,"cp,pca,tucker",0.6424295945094755,0.5431908197949388,0.6424295945094755,0.15606640434513488,1,quality_factor,0.7401466369628906,momentum_factor,0.1756802350282669,volatility_factor,0.05878619849681854
2015-11-06,002608.SZ,cn_a,ALL_A_ACTIVE,3,"cp,pca,tucker",0.6239870270352622,0.543433942821805,0.6239870270352622,0.15606640434513488,1,quality_factor,0.6290183663368225,momentum_factor,0.19111736118793488,volatility_factor,0.15500707924365997
2015-11-06,600031.SH,cn_a,ALL_A_ACTIVE,3,"cp,pca,tucker",0.6120245152066808,0.5267242989145131,0.6120245152066808,0.15606640434513488,1,quality_factor,0.6448687314987183,volatility_factor,0.19023212790489197,value_factor,0.1453268975019455
2015-11-06,601001.SH,cn_a,ALL_A_ACTIVE,3,"cp,pca,tucker",0.6096738345330824,0.5302173367282969,0.6096738345330824,0.15606640434513488,1,quality_factor,0.5650830268859863,volatility_factor,0.20698967576026917,value_factor,0.1853959858417511
2015-11-06,601118.SH,cn_a,ALL_A_ACTIVE,3,"cp,pca,tucker",0.5833239342094062,0.4985494691237677,0.5833239342094062,0.15606640434513488,1,quality_factor,0.8384656310081482,value_factor,0.06477255374193192,momentum_factor,0.06307215988636017
2015-11-06,600685.SH,cn_a,ALL_A_ACTIVE,3,"cp,pca,tucker",0.5046964043610661,0.4062111233616854,0.5046964043610661,0.15606640434513488,1,quality_factor,0.7217682003974915,momentum_factor,0.15526364743709564,value_factor,0.08826048672199249
2015-11-09,002423.SZ,cn_a,ALL_A_ACTIVE,3,"cp,pca,tucker",1.077584030249245,0.6978177235015836,1.077584030249245,0.5560956398646036,1,quality_factor,0.4501604437828064,value_factor,0.20790870487689972,volatility_factor,0.18491198122501373
2015-11-09,601918.SH,cn_a,ALL_A_ACTIVE,3,"cp,pca,tucker",1.056117779945719,0.6837403158238008,1.056117779945719,0.5560956398646036,1,quality_factor,0.6860418319702148,momentum_factor,0.2214064598083496,value_factor,0.09014149755239487
2015-11-09,600546.SH,cn_a,ALL_A_ACTIVE,3,"cp,pca,tucker",1.011251175357091,0.6541529501887935,1.011251175357091,0.5560956398646036,1,quality_factor,0.6048524975776672,value_factor,0.2713574171066284,momentum_factor,0.0705597773194313
2015-11-09,600862.SH,cn_a,ALL_A_ACTIVE,3,"cp,pca,tucker",1.0038662451807894,0.6501096512611251,1.0038662451807894,0.5560956398646036,1,quality_factor,0.6512107253074646,momentum_factor,0.22377467155456543,value_factor,0.10719723999500275
2015-11-09,600339.SH,cn_a,ALL_A_ACTIVE,3,"cp,pca,tucker",0.9954935814114281,0.644466006756795,0.9954935814114281,0.5560956398646036,1,quality_factor,0.7522482872009277,momentum_factor,0.13468413054943085,volatility_factor,0.09322629123926163
2015-11-09,600126.SH,cn_a,ALL_A_ACTIVE,3,"cp,pca,tucker",0.9767951869260804,0.6321498069968723,0.9767951869260804,0.5560956398646036,1,quality_factor,0.6923798322677612,value_factor,0.21878691017627716,momentum_factor,0.054736483842134476
2015-11-09,600096.SH,cn_a,ALL_A_ACTIVE,3,"cp,pca,tucker",0.9762654627342849,0.6317342226665202,0.9762654627342849,0.5560956398646036,1,quality_factor,0.8084527850151062,value_factor,0.14907141029834747,momentum_factor,0.0337526910007
2015-11-09,002432.SZ,cn_a,ALL_A_ACTIVE,3,"cp,pca,tucker",0.9719248877855744,0.6298054949332269,0.9719248877855744,0.5560956398646036,1,quality_factor,0.4003317058086395,value_factor,0.2285751849412918,volatility_factor,0.20656447112560272
2015-11-09,600390.SH,cn_a,ALL_A_ACTIVE,3,"cp,pca,tucker",0.9604816130733241,0.6219294013893683,0.9604816130733241,0.5560956398646036,1,quality_factor,0.7629344463348389,momentum_factor,0.15763862431049347,volatility_factor,0.07487215846776962
2015-11-09,600760.SH,cn_a,ALL_A_ACTIVE,3,"cp,pca,tucker",0.9596136789945131,0.6213432001151885,0.9596136789945131,0.5560956398646036,1,quality_factor,0.8118590712547302,momentum_factor,0.1307508945465088,volatility_factor,0.03484214097261429
2015-11-09,002607.SZ,cn_a,ALL_A_ACTIVE,3,"cp,pca,tucker",0.9034666974783973,0.5850342374892935,0.9034666974783973,0.5560956398646036,1,quality_factor,0.7607625722885132,momentum_factor,0.09963662922382355,volatility_factor,0.0991828590631485
2015-11-09,300073.SZ,cn_a,ALL_A_ACTIVE,3,"cp,pca,tucker",0.9016745782231764,0.5841967824027396,0.9016745782231764,0.5560956398646036,1,quality_factor,0.617953360080719,momentum_factor,0.2188422977924347,value_factor,0.12276799231767654
2015-11-09,002517.SZ,cn_a,ALL_A_ACTIVE,3,"cp,pca,tucker",0.8588556084836539,0.556539081014292,0.8588556084836539,0.5560956398646036,1,quality_factor,0.6389809250831604,momentum_factor,0.23089849948883057,value_factor,0.11132741719484329
2015-11-09,002608.SZ,cn_a,ALL_A_ACTIVE,3,"cp,pca,tucker",0.8379057390224087,0.5424218428667654,0.8379057390224087,0.5560956398646036,1,quality_factor,0.912731945514679,volatility_factor,0.04644018039107323,value_factor,0.024328768253326416
2015-11-09,600707.SH,cn_a,ALL_A_ACTIVE,3,"cp,pca,tucker",0.8266308680789579,0.5353833837404599,0.8266308680789579,0.5560956398646036,1,quality_factor,0.9215589165687561,value_factor,0.039663948118686676,volatility_factor,0.034204840660095215
2015-11-09,601001.SH,cn_a,ALL_A_ACTIVE,3,"cp,pca,tucker",0.8204961753103238,0.53111121479393,0.8204961753103238,0.5560956398646036,1,quality_factor,0.5956500768661499,value_factor,0.16688042879104614,volatility_factor,0.1644640564918518
2015-11-09,600031.SH,cn_a,ALL_A_ACTIVE,3,"cp,pca,tucker",0.8048415673221792,0.5211544770599443,0.8048415673221792,0.5560956398646036,1,quality_factor,0.704796552658081,volatility_factor,0.1379251480102539,value_factor,0.127986341714859
2015-11-09,002299.SZ,cn_a,ALL_A_ACTIVE,3,"cp,pca,tucker",0.7810395621382146,0.5060128279641503,0.7810395621382146,0.5560956398646036,1,quality_factor,0.7542094588279724,volatility_factor,0.11142744868993759,momentum_factor,0.07214225083589554
2015-11-09,601118.SH,cn_a,ALL_A_ACTIVE,3,"cp,pca,tucker",0.7703394937878659,0.49894350588684727,0.7703394937878659,0.5560956398646036,1,quality_factor,0.8738566637039185,momentum_factor,0.07671145349740982,value_factor,0.03230941295623779
2015-11-09,601106.SH,cn_a,ALL_A_ACTIVE,3,"cp,pca,tucker",0.6249754834975144,0.4051149625342276,0.6249754834975144,0.5560956398646036,1,quality_factor,0.8708481788635254,volatility_factor,0.055707305669784546,value_factor,0.03696299344301224
2015-11-10,002423.SZ,cn_a,ALL_A_ACTIVE,3,"cp,pca,tucker",0.7541889467291836,0.6926192923467972,0.7541889467291836,0.06471205068131287,1,quality_factor,0.49243783950805664,momentum_factor,0.1925557553768158,value_factor,0.1828947812318802
2015-11-10,601918.SH,cn_a,ALL_A_ACTIVE,3,"cp,pca,tucker",0.7295574387817486,0.6711860159023572,0.7295574387817486,0.06471205068131287,1,quality_factor,0.7113631367683411,momentum_factor,0.19834665954113007,value_factor,0.051044002175331116
2015-11-10,600546.SH,cn_a,ALL_A_ACTIVE,3,"cp,pca,tucker",0.7166828057320648,0.6621830776091534,0.7166828057320648,0.06471205068131287,1,quality_factor,0.600992739200592,value_factor,0.27367573976516724,momentum_factor,0.0712575688958168
2015-11-10,600126.SH,cn_a,ALL_A_ACTIVE,3,"cp,pca,tucker",0.70005273329588,0.645002556090555,0.70005273329588,0.06471205068131287,1,quality_factor,0.688815712928772,value_factor,0.2209276258945465,momentum_factor,0.05538081377744675
2015-11-10,600339.SH,cn_a,ALL_A_ACTIVE,3,"cp,pca,tucker",0.6944192246800217,0.6390431579781641,0.6944192246800217,0.06471205068131287,1,quality_factor,0.7714571356773376,momentum_factor,0.11956078559160233,volatility_factor,0.08690781146287918
2015-11-10,600096.SH,cn_a,ALL_A_ACTIVE,3,"cp,pca,tucker",0.6914324657989818,0.6377192716905684,0.6914324657989818,0.06471205068131287,1,quality_factor,0.8034937381744385,value_factor,0.15204980969429016,momentum_factor,0.03464915603399277
2015-11-10,002432.SZ,cn_a,ALL_A_ACTIVE,3,"cp,pca,tucker",0.6854637015718485,0.6271485390609556,0.6854637015718485,0.06471205068131287,1,quality_factor,0.4003317058086395,value_factor,0.2285751849412918,volatility_factor,0.20656447112560272
2015-11-10,600862.SH,cn_a,ALL_A_ACTIVE,3,"cp,pca,tucker",0.6846298287500591,0.6289792362944921,0.6846298287500591,0.06471205068131287,1,quality_factor,0.7040519714355469,momentum_factor,0.19881363213062286,volatility_factor,0.06759602576494217
2015-11-10,600390.SH,cn_a,ALL_A_ACTIVE,3,"cp,pca,tucker",0.6837868949256896,0.6282901902593246,0.6837868949256896,0.06471205068131287,1,quality_factor,0.707817792892456,momentum_factor,0.19295383989810944,volatility_factor,0.08836038410663605
2015-11-10,600760.SH,cn_a,ALL_A_ACTIVE,3,"cp,pca,tucker",0.6733135981831717,0.6189708584594258,0.6733135981831717,0.06471205068131287,1,quality_factor,0.8176575899124146,momentum_factor,0.1282300353050232,value_factor,0.02820819802582264
2015-11-10,002607.SZ,cn_a,ALL_A_ACTIVE,3,"cp,pca,tucker",0.6531644991192769,0.5998648660168274,0.6531644991192769,0.06471205068131287,1,quality_factor,0.7028812766075134,momentum_factor,0.17200236022472382,volatility_factor,0.10994353890419006
2015-11-10,300073.SZ,cn_a,ALL_A_ACTIVE,3,"cp,pca,tucker",0.6222735963762037,0.5699721173009593,0.6222735963762037,0.06471205068131287,1,quality_factor,0.6793975830078125,momentum_factor,0.2013210654258728,value_factor,0.09875650703907013
2015-11-10,002517.SZ,cn_a,ALL_A_ACTIVE,3,"cp,pca,tucker",0.6143104029439245,0.5618700825237374,0.6143104029439245,0.06471205068131287,1,quality_factor,0.6191130876541138,momentum_factor,0.2649901211261749,value_factor,0.1015084907412529
2015-11-10,600707.SH,cn_a,ALL_A_ACTIVE,3,"cp,pca,tucker",0.5925931419120123,0.5437885506306454,0.5925931419120123,0.06471205068131287,1,quality_factor,0.914101243019104,volatility_factor,0.033888671547174454,value_factor,0.02645888552069664
2015-11-10,002608.SZ,cn_a,ALL_A_ACTIVE,3,"cp,pca,tucker",0.5873874070258298,0.5406075415467159,0.5873874070258298,0.06471205068131287,1,quality_factor,0.6290183663368225,momentum_factor,0.19111736118793488,volatility_factor,0.15500707924365997
2015-11-10,601001.SH,cn_a,ALL_A_ACTIVE,3,"cp,pca,tucker",0.5813898901338762,0.5351082825294543,0.5813898901338762,0.06471205068131287,1,quality_factor,0.6084458231925964,volatility_factor,0.17283594608306885,value_factor,0.16481462121009827
2015-11-10,600031.SH,cn_a,ALL_A_ACTIVE,3,"cp,pca,tucker",0.5663369884350645,0.5203405344709798,0.5663369884350645,0.06471205068131287,1,quality_factor,0.7001166343688965,volatility_factor,0.14648383855819702,value_factor,0.13126586377620697
2015-11-10,002299.SZ,cn_a,ALL_A_ACTIVE,3,"cp,pca,tucker",0.5510565335595351,0.5048303483942882,0.5510565335595351,0.06471205068131287,1,quality_factor,0.828535258769989,volatility_factor,0.07187537848949432,momentum_factor,0.06251302361488342
2015-11-10,601118.SH,cn_a,ALL_A_ACTIVE,3,"cp,pca,tucker",0.5401964514251002,0.4955861455400213,0.5401964514251002,0.06471205068131287,1,quality_factor,0.8578866124153137,momentum_factor,0.08669867366552353,value_factor,0.031147103756666183
2015-11-10,601106.SH,cn_a,ALL_A_ACTIVE,3,"cp,pca,tucker",0.4322823018444784,0.39442091813507635,0.4322823018444784,0.06471205068131287,1,quality_factor,0.8979194164276123,momentum_factor,0.05924730375409126,volatility_factor,0.0215610284358263
2015-11-11,002423.SZ,cn_a,ALL_A_ACTIVE,3,"cp,pca,tucker",1.1019899061808085,0.7045761311347044,1.1019899061808085,0.5337958435217539,1,quality_factor,0.45122772455215454,value_factor,0.20746606588363647,volatility_factor,0.18444819748401642
2015-11-11,601918.SH,cn_a,ALL_A_ACTIVE,3,"cp,pca,tucker",1.0827090108314037,0.6921244591369939,1.0827090108314037,0.5337958435217539,1,quality_factor,0.6471656560897827,momentum_factor,0.17786704003810883,value_factor,0.11717697232961655
2015-11-11,600546.SH,cn_a,ALL_A_ACTIVE,3,"cp,pca,tucker",1.0501989495232003,0.6705739776477818,1.0501989495232003,0.5337958435217539,1,quality_factor,0.6364526748657227,value_factor,0.25237777829170227,momentum_factor,0.06484705954790115
2015-11-11,002607.SZ,cn_a,ALL_A_ACTIVE,3,"cp,pca,tucker",1.0288254572349695,0.6581911097464287,1.0288254572349695,0.5337958435217539,1,quality_factor,0.6075931191444397,momentum_factor,0.26375752687454224,value_factor,0.11932826042175293
2015-11-11,600126.SH,cn_a,ALL_A_ACTIVE,3,"cp,pca,tucker",1.018123662155727,0.6504463336416743,1.018123662155727,0.5337958435217539,1,quality_factor,0.7212160229682922,value_factor,0.2014673501253128,momentum_factor,0.049523431807756424
2015-11-11,600390.SH,cn_a,ALL_A_ACTIVE,3,"cp,pca,tucker",1.0180690305729374,0.6507226463174881,1.0180690305729374,0.5337958435217539,1,quality_factor,0.6876557469367981,momentum_factor,0.17593982815742493,value_factor,0.09963816404342651
2015-11-11,600096.SH,cn_a,ALL_A_ACTIVE,3,"cp,pca,tucker",1.017438285225466,0.6497908359003645,1.017438285225466,0.5337958435217539,1,quality_factor,0.8487178683280945,value_factor,0.12472852319478989,momentum_factor,0.0264284610748291
2015-11-11,600339.SH,cn_a,ALL_A_ACTIVE,3,"cp,pca,tucker",1.0156390129866133,0.6489195904880435,1.0156390129866133,0.5337958435217539,1,quality_factor,0.884957492351532,volatility_factor,0.05067029595375061,value_factor,0.04290067404508591
2015-11-11,600862.SH,cn_a,ALL_A_ACTIVE,3,"cp,pca,tucker",1.009170651066243,0.6452824206507413,1.009170651066243,0.5337958435217539,1,quality_factor,0.7088990211486816,momentum_factor,0.1562567949295044,value_factor,0.09376613795757294
2015-11-11,600760.SH,cn_a,ALL_A_ACTIVE,3,"cp,pca,tucker",1.0074775629493267,0.6439479100142927,1.0074775629493267,0.5337958435217539,1,quality_factor,0.7607716917991638,momentum_factor,0.15238235890865326,value_factor,0.07154686003923416
2015-11-11,002432.SZ,cn_a,ALL_A_ACTIVE,3,"cp,pca,tucker",1.002423123452268,0.6414942217331833,1.002423123452268,0.5337958435217539,1,quality_factor,0.4003317058086395,value_factor,0.2285751849412918,volatility_factor,0.20656447112560272
2015-11-11,300073.SZ,cn_a,ALL_A_ACTIVE,3,"cp,pca,tucker",0.9392698637256753,0.6009294583662947,0.9392698637256753,0.5337958435217539,1,quality_factor,0.5395427346229553,momentum_factor,0.19616028666496277,value_factor,0.16144676506519318
2015-11-11,002517.SZ,cn_a,ALL_A_ACTIVE,3,"cp,pca,tucker",0.9152357169477471,0.5857915477588581,0.9152357169477471,0.5337958435217539,1,quality_factor,0.5267370939254761,momentum_factor,0.24268046021461487,value_factor,0.1587999165058136
2015-11-11,600707.SH,cn_a,ALL_A_ACTIVE,3,"cp,pca,tucker",0.8645596685410188,0.5527919967290613,0.8645596685410188,0.5337958435217539,1,quality_factor,0.9652390480041504,momentum_factor,0.016470927745103836,volatility_factor,0.01279690582305193
2015-11-11,002608.SZ,cn_a,ALL_A_ACTIVE,3,"cp,pca,tucker",0.8535209747814778,0.5451075910317406,0.8535209747814778,0.5337958435217539,1,quality_factor,0.8671587109565735,value_factor,0.05480208620429039,volatility_factor,0.05338107421994209
2015-11-11,601001.SH,cn_a,ALL_A_ACTIVE,3,"cp,pca,tucker",0.8533710365911565,0.5453035616371107,0.8533710365911565,0.5337958435217539,1,quality_factor,0.5857995748519897,volatility_factor,0.22950677573680878,value_factor,0.18284474313259125
2015-11-11,600031.SH,cn_a,ALL_A_ACTIVE,3,"cp,pca,tucker",0.8292641025806528,0.5300006685070172,0.8292641025806528,0.5337958435217539,1,quality_factor,0.6620461344718933,volatility_factor,0.1800651252269745,value_factor,0.13722047209739685
2015-11-11,002299.SZ,cn_a,ALL_A_ACTIVE,3,"cp,pca,tucker",0.814147875252932,0.5206974173702281,0.814147875252932,0.5337958435217539,1,quality_factor,0.8949300646781921,momentum_factor,0.07821793109178543,value_factor,0.01672329753637314
2015-11-11,601118.SH,cn_a,ALL_A_ACTIVE,3,"cp,pca,tucker",0.7852574049311841,0.5019335456157381,0.7852574049311841,0.5337958435217539,1,quality_factor,0.811453640460968,value_factor,0.08340805768966675,volatility_factor,0.08173631876707077
2015-11-11,601106.SH,cn_a,ALL_A_ACTIVE,3,"cp,pca,tucker",0.6193576379587843,0.3973123156144795,0.6193576379587843,0.5337958435217539,1,quality_factor,0.8162718415260315,volatility_factor,0.09438599646091461,value_factor,0.07698055356740952
2015-11-12,002423.SZ,cn_a,ALL_A_ACTIVE,3,"cp,pca,tucker",1.0159034650425482,0.7054346297307474,1.0159034650425482,0.4519917964935303,1,quality_factor,0.44994235038757324,value_factor,0.20799916982650757,volatility_factor,0.1850067526102066
2015-11-12,600546.SH,cn_a,ALL_A_ACTIVE,3,"cp,pca,tucker",0.9829788483715833,0.6790444388790394,0.9829788483715833,0.4519917964935303,1,quality_factor,0.6076566576957703,value_factor,0.269673228263855,momentum_factor,0.0700528472661972
2015-11-12,600126.SH,cn_a,ALL_A_ACTIVE,3,"cp,pca,tucker",0.9692156833447982,0.6713367606572976,0.9692156833447982,0.4519917964935303,1,quality_factor,0.6949633955955505,value_factor,0.21723519265651703,momentum_factor,0.05426942557096481
2015-11-12,601918.SH,cn_a,ALL_A_ACTIVE,3,"cp,pca,tucker",0.96180221946344,0.6665144478411421,0.96180221946344,0.4519917964935303,1,quality_factor,0.9352846741676331,volatility_factor,0.043005362153053284,momentum_factor,0.012461485341191292
2015-11-12,600390.SH,cn_a,ALL_A_ACTIVE,3,"cp,pca,tucker",0.9449109560996954,0.6560371416676725,0.9449109560996954,0.4519917964935303,1,quality_factor,0.6516001224517822,momentum_factor,0.23931938409805298,value_factor,0.07208799570798874
2015-11-12,600096.SH,cn_a,ALL_A_ACTIVE,3,"cp,pca,tucker",0.9390001120251195,0.6495617228770177,0.9390001120251195,0.4519917964935303,1,quality_factor,0.8120532631874084,value_factor,0.14690886437892914,momentum_factor,0.033101778477430344
2015-11-12,600339.SH,cn_a,ALL_A_ACTIVE,3,"cp,pca,tucker",0.9327033024137448,0.646362508129466,0.9327033024137448,0.4519917964935303,1,quality_factor,0.9120001196861267,volatility_factor,0.0465516522526741,value_factor,0.024818163365125656
2015-11-12,600760.SH,cn_a,ALL_A_ACTIVE,3,"cp,pca,tucker",0.9255837514943187,0.6422615249542376,0.9255837514943187,0.4519917964935303,1,quality_factor,0.7426809072494507,momentum_factor,0.18099308013916016,value_factor,0.06180974468588829
2015-11-12,002432.SZ,cn_a,ALL_A_ACTIVE,3,"cp,pca,tucker",0.9057208293355495,0.6308613154411965,0.9057208293355495,0.4519917964935303,1,quality_factor,0.4003317058086395,value_factor,0.2285751849412918,volatility_factor,0.20656447112560272
2015-11-12,002607.SZ,cn_a,ALL_A_ACTIVE,3,"cp,pca,tucker",0.9052745032135162,0.6287638461979463,0.9052745032135162,0.4519917964935303,1,quality_factor,0.6458123326301575,momentum_factor,0.23436634242534637,volatility_factor,0.0929393395781517
2015-11-12,600862.SH,cn_a,ALL_A_ACTIVE,3,"cp,pca,tucker",0.902548078696381,0.6262007513257876,0.902548078696381,0.4519917964935303,1,quality_factor,0.7836225628852844,momentum_factor,0.14953148365020752,volatility_factor,0.03741738572716713
2015-11-12,300073.SZ,cn_a,ALL_A_ACTIVE,3,"cp,pca,tucker",0.8111580139615867,0.5643594568311826,0.8111580139615867,0.4519917964935303,1,quality_factor,0.7291311025619507,momentum_factor,0.1822127252817154,value_factor,0.08020054548978806
2015-11-12,002608.SZ,cn_a,ALL_A_ACTIVE,3,"cp,pca,tucker",0.7896108678622689,0.5472245663578791,0.7896108678622689,0.4519917964935303,1,quality_factor,0.9082919359207153,volatility_factor,0.04711640253663063,value_factor,0.027297668159008026
2015-11-12,002517.SZ,cn_a,ALL_A_ACTIVE,3,"cp,pca,tucker",0.7861353644340211,0.5475834334006465,0.7861353644340211,0.4519917964935303,1,quality_factor,0.6808785796165466,momentum_factor,0.2223796546459198,value_factor,0.07835754752159119
2015-11-12,601001.SH,cn_a,ALL_A_ACTIVE,3,"cp,pca,tucker",0.7827841232907948,0.5424989225984868,0.7827841232907948,0.4519917964935303,1,quality_factor,0.49707671999931335,value_factor,0.3360896110534668,momentum_factor,0.09004363417625427
2015-11-12,600707.SH,cn_a,ALL_A_ACTIVE,3,"cp,pca,tucker",0.7674374842423403,0.53290761962941,0.7674374842423403,0.4519917964935303,1,quality_factor,0.7758970856666565,volatility_factor,0.10580800473690033,momentum_factor,0.08492119610309601
2015-11-12,600031.SH,cn_a,ALL_A_ACTIVE,3,"cp,pca,tucker",0.7527614135056644,0.5224179509808664,0.7527614135056644,0.4519917964935303,1,quality_factor,0.6601759195327759,volatility_factor,0.16888386011123657,value_factor,0.14825548231601715
2015-11-12,002299.SZ,cn_a,ALL_A_ACTIVE,3,"cp,pca,tucker",0.7388741550265802,0.5141559703740048,0.7388741550265802,0.4519917964935303,1,quality_factor,0.8734704256057739,momentum_factor,0.08848351985216141,volatility_factor,0.037315934896469116
2015-11-12,601118.SH,cn_a,ALL_A_ACTIVE,3,"cp,pca,tucker",0.7129889385054055,0.49545539455263937,0.7129889385054055,0.4519917964935303,1,quality_factor,0.7685002088546753,value_factor,0.09714560955762863,volatility_factor,0.08495406806468964
2015-11-12,601106.SH,cn_a,ALL_A_ACTIVE,3,"cp,pca,tucker",0.5717527128187513,0.39933433412392255,0.5717527128187513,0.4519917964935303,1,quality_factor,0.8071931600570679,volatility_factor,0.09414424747228622,value_factor,0.0873970165848732
2015-11-13,002423.SZ,cn_a,ALL_A_ACTIVE,3,"cp,pca,tucker",1.0065362149820858,0.7051654985893044,1.0065362149820858,0.3462875137726466,1,quality_factor,0.44921138882637024,value_factor,0.20830237865447998,volatility_factor,0.18532441556453705
2015-11-13,600546.SH,cn_a,ALL_A_ACTIVE,3,"cp,pca,tucker",0.9353003381893017,0.6704963915213016,0.9353003381893017,0.3462875137726466,1,quality_factor,0.5881286859512329,value_factor,0.2814021110534668,momentum_factor,0.07358314841985703
2015-11-13,600126.SH,cn_a,ALL_A_ACTIVE,3,"cp,pca,tucker",0.9290211847517146,0.6585771086414712,0.9290211847517146,0.3462875137726466,1,quality_factor,0.8566146492958069,volatility_factor,0.06083526462316513,momentum_factor,0.046254776418209076
2015-11-13,600390.SH,cn_a,ALL_A_ACTIVE,3,"cp,pca,tucker",0.9118584051008307,0.6394192761408587,0.9118584051008307,0.3462875137726466,1,quality_factor,0.6785359978675842,momentum_factor,0.2127581238746643,volatility_factor,0.08896449208259583
2015-11-13,002432.SZ,cn_a,ALL_A_ACTIVE,3,"cp,pca,tucker",0.9068225018071074,0.6267536349790349,0.9068225018071074,0.3462875137726466,1,quality_factor,0.4003317058086395,value_factor,0.2285751849412918,volatility_factor,0.20656447112560272
2015-11-13,600096.SH,cn_a,ALL_A_ACTIVE,3,"cp,pca,tucker",0.8988237855558544,0.640077653276054,0.8988237855558544,0.3462875137726466,1,quality_factor,0.7869435548782349,value_factor,0.1619901955127716,momentum_factor,0.03764113783836365
2015-11-13,601918.SH,cn_a,ALL_A_ACTIVE,3,"cp,pca,tucker",0.8954375999403638,0.6343900760976187,0.8954375999403638,0.3462875137726466,1,quality_factor,0.8305540084838867,volatility_factor,0.0874619334936142,value_factor,0.07366432994604111
2015-11-13,600760.SH,cn_a,ALL_A_ACTIVE,3,"cp,pca,tucker",0.8920930521163717,0.6267797824904118,0.8920930521163717,0.3462875137726466,1,quality_factor,0.7880338430404663,momentum_factor,0.1115397959947586,value_factor,0.06679403781890869
2015-11-13,002607.SZ,cn_a,ALL_A_ACTIVE,3,"cp,pca,tucker",0.8877019698636371,0.6209830909158796,0.8877019698636371,0.3462875137726466,1,quality_factor,0.6762428879737854,momentum_factor,0.21689923107624054,volatility_factor,0.07270807027816772
2015-11-13,600339.SH,cn_a,ALL_A_ACTIVE,3,"cp,pca,tucker",0.8849928856191841,0.6256726651224185,0.8849928856191841,0.3462875137726466,1,quality_factor,0.8998969793319702,volatility_factor,0.04965265467762947,value_factor,0.04817380756139755
2015-11-13,600862.SH,cn_a,ALL_A_ACTIVE,3,"cp,pca,tucker",0.8825936178532393,0.619805042054206,0.8825936178532393,0.3462875137726466,1,quality_factor,0.8190383315086365,momentum_factor,0.1297806203365326,value_factor,0.0409451425075531
2015-11-13,300073.SZ,cn_a,ALL_A_ACTIVE,3,"cp,pca,tucker",0.7917785758199494,0.5505148715785146,0.7917785758199494,0.3462875137726466,1,quality_factor,0.7988473773002625,momentum_factor,0.14436553418636322,value_factor,0.05200247839093208
2015-11-13,002517.SZ,cn_a,ALL_A_ACTIVE,3,"cp,pca,tucker",0.786760374419834,0.5442211068614179,0.786760374419834,0.3462875137726466,1,quality_factor,0.7000297904014587,momentum_factor,0.20854365825653076,value_factor,0.08835296332836151
2015-11-13,002608.SZ,cn_a,ALL_A_ACTIVE,3,"cp,pca,tucker",0.7768134763606399,0.5483474246844213,0.7768134763606399,0.3462875137726466,1,quality_factor,0.6290183663368225,momentum_factor,0.19111736118793488,volatility_factor,0.15500707924365997
2015-11-13,600707.SH,cn_a,ALL_A_ACTIVE,3,"cp,pca,tucker",0.7502299071975839,0.5249078163949967,0.7502299071975839,0.3462875137726466,1,quality_factor,0.8396211266517639,momentum_factor,0.09400417655706406,volatility_factor,0.05834329500794411
2015-11-13,601001.SH,cn_a,ALL_A_ACTIVE,3,"cp,pca,tucker",0.749390964822326,0.5303747573976465,0.749390964822326,0.3462875137726466,1,quality_factor,0.5240544080734253,volatility_factor,0.20664694905281067,value_factor,0.19777627289295197
2015-11-13,600031.SH,cn_a,ALL_A_ACTIVE,3,"cp,pca,tucker",0.7329488290431683,0.515118109338805,0.7329488290431683,0.3462875137726466,1,quality_factor,0.6235985159873962,volatility_factor,0.16725337505340576,value_factor,0.15900464355945587
2015-11-13,002299.SZ,cn_a,ALL_A_ACTIVE,3,"cp,pca,tucker",0.7320929112616658,0.508080536874601,0.7320929112616658,0.3462875137726466,1,quality_factor,0.9003282785415649,momentum_factor,0.0628342553973198,volatility_factor,0.03069838508963585
2015-11-13,601118.SH,cn_a,ALL_A_ACTIVE,3,"cp,pca,tucker",0.7017949819290025,0.4904186768609265,0.7017949819290025,0.3462875137726466,1,quality_factor,0.7246987223625183,value_factor,0.1132601723074913,volatility_factor,0.09793049097061157
2015-11-13,601106.SH,cn_a,ALL_A_ACTIVE,3,"cp,pca,tucker",0.5629016095866041,0.38711035306065206,0.5629016095866041,0.3462875137726466,1,quality_factor,0.7661340832710266,momentum_factor,0.09520499408245087,value_factor,0.08998476713895798
2015-11-16,002423.SZ,cn_a,ALL_A_ACTIVE,3,"cp,pca,tucker",0.9567967758307966,0.7091142527824276,0.9567967758307966,0.3101091335217158,1,quality_factor,0.44458669424057007,value_factor,0.21022047102451324,volatility_factor,0.18733401596546173
2015-11-16,600546.SH,cn_a,ALL_A_ACTIVE,3,"cp,pca,tucker",0.9135949177405264,0.6732757441499543,0.9135949177405264,0.3101091335217158,1,quality_factor,0.6110822558403015,value_factor,0.26761573553085327,momentum_factor,0.06943356245756149
2015-11-16,600126.SH,cn_a,ALL_A_ACTIVE,3,"cp,pca,tucker",0.8821579685906727,0.6516336991823222,0.8821579685906727,0.3101091335217158,1,quality_factor,0.698112964630127,value_factor,0.21534349024295807,momentum_factor,0.053700041025877
2015-11-16,600339.SH,cn_a,ALL_A_ACTIVE,3,"cp,pca,tucker",0.8757713040136638,0.6469026600991256,0.8757713040136638,0.3101091335217158,1,quality_factor,0.9085571765899658,volatility_factor,0.04707600548863411,value_factor,0.027120301499962807
2015-11-16,600760.SH,cn_a,ALL_A_ACTIVE,3,"cp,pca,tucker",0.8742894381389577,0.6468143248346564,0.8742894381389577,0.3101091335217158,1,quality_factor,0.6979468464851379,momentum_factor,0.1496736705303192,value_factor,0.09977814555168152
2015-11-16,600096.SH,cn_a,ALL_A_ACTIVE,3,"cp,pca,tucker",0.8725954919880551,0.6434747918049134,0.8725954919880551,0.3101091335217158,1,quality_factor,0.8164495825767517,value_factor,0.14426834881305695,momentum_factor,0.032307010143995285
2015-11-16,601918.SH,cn_a,ALL_A_ACTIVE,3,"cp,pca,tucker",0.858757169810147,0.6341786338343542,0.858757169810147,0.3101091335217158,1,quality_factor,0.9305444359779358,volatility_factor,0.04372730106115341,momentum_factor,0.013310124166309834
2015-11-16,002432.SZ,cn_a,ALL_A_ACTIVE,3,"cp,pca,tucker",0.8525513491241578,0.6334958501034608,0.8525513491241578,0.3101091335217158,1,quality_factor,0.4003317058086395,value_factor,0.2285751849412918,volatility_factor,0.20656447112560272
2015-11-16,600390.SH,cn_a,ALL_A_ACTIVE,3,"cp,pca,tucker",0.8491127522647655,0.6278789484358062,0.8491127522647655,0.3101091335217158,1,quality_factor,0.7074518203735352,momentum_factor,0.15902163088321686,volatility_factor,0.1113390401005745
2015-11-16,600862.SH,cn_a,ALL_A_ACTIVE,3,"cp,pca,tucker",0.846425552638923,0.6261329777035306,0.846425552638923,0.3101091335217158,1,quality_factor,0.811427116394043,momentum_factor,0.12035230547189713,value_factor,0.05488930270075798
2015-11-16,002607.SZ,cn_a,ALL_A_ACTIVE,3,"cp,pca,tucker",0.8357713726459305,0.6190999504167108,0.8357713726459305,0.3101091335217158,1,quality_factor,0.72958904504776,momentum_factor,0.18547199666500092,value_factor,0.0426165945827961
2015-11-16,300073.SZ,cn_a,ALL_A_ACTIVE,3,"cp,pca,tucker",0.7605110586839264,0.5642659392135599,0.7605110586839264,0.3101091335217158,1,quality_factor,0.7229667901992798,momentum_factor,0.1626719832420349,value_factor,0.08640998601913452
2015-11-16,002517.SZ,cn_a,ALL_A_ACTIVE,3,"cp,pca,tucker",0.753226535958062,0.5600604182672622,0.753226535958062,0.3101091335217158,1,quality_factor,0.5698108077049255,momentum_factor,0.1688079982995987,value_factor,0.1529575139284134
2015-11-16,002608.SZ,cn_a,ALL_A_ACTIVE,3,"cp,pca,tucker",0.7434028872787256,0.5491079990357578,0.7434028872787256,0.3101091335217158,1,quality_factor,0.9029813408851624,volatility_factor,0.04792521893978119,value_factor,0.030848683789372444
2015-11-16,600707.SH,cn_a,ALL_A_ACTIVE,3,"cp,pca,tucker",0.7292157455588325,0.5396192169182054,0.7292157455588325,0.3101091335217158,1,quality_factor,0.9348620176315308,momentum_factor,0.03299914300441742,volatility_factor,0.02481834962964058
2015-11-16,601001.SH,cn_a,ALL_A_ACTIVE,3,"cp,pca,tucker",0.7267650855139475,0.5373449865277945,0.7267650855139475,0.3101091335217158,1,quality_factor,0.4997401535511017,value_factor,0.3344898521900177,momentum_factor,0.08956211805343628
2015-11-16,600031.SH,cn_a,ALL_A_ACTIVE,3,"cp,pca,tucker",0.7042836084014227,0.5212498791499957,0.7042836084014227,0.3101091335217158,1,quality_factor,0.6562851667404175,volatility_factor,0.15909019112586975,value_factor,0.1473093330860138
2015-11-16,002299.SZ,cn_a,ALL_A_ACTIVE,3,"cp,pca,tucker",0.6922562986480362,0.5134089939842662,0.6922562986480362,0.3101091335217158,1,quality_factor,0.8606206178665161,momentum_factor,0.07710815221071243,volatility_factor,0.04900803416967392
2015-11-16,601118.SH,cn_a,ALL_A_ACTIVE,3,"cp,pca,tucker",0.6648108753809828,0.49256433399968214,0.6648108753809828,0.3101091335217158,1,quality_factor,0.7384414672851562,value_factor,0.10720114409923553,volatility_factor,0.08924084901809692
2015-11-16,601666.SH,cn_a,ALL_A_ACTIVE,3,"cp,pca,tucker",0.5166322644900573,0.3856314605200077,0.5166322644900573,0.3101091335217158,1,quality_factor,0.47419989109039307,volatility_factor,0.22016912698745728,value_factor,0.21584603190422058
2015-11-17,002423.SZ,cn_a,ALL_A_ACTIVE,3,"cp,pca,tucker",0.9278718860890915,0.7027028842053787,0.9278718860890915,0.2652408530314763,1,quality_factor,0.4540013074874878,value_factor,0.20583854615688324,volatility_factor,0.18104644119739532
2015-11-17,600546.SH,cn_a,ALL_A_ACTIVE,3,"cp,pca,tucker",0.8855000964046403,0.6713623676898974,0.8855000964046403,0.2652408530314763,1,quality_factor,0.5915040373802185,value_factor,0.27937477827072144,momentum_factor,0.07297293096780777
2015-11-17,600339.SH,cn_a,ALL_A_ACTIVE,3,"cp,pca,tucker",0.8542475434355374,0.6463785039067502,0.8542475434355374,0.2652408530314763,1,quality_factor,0.9291638135910034,volatility_factor,0.04393758624792099,momentum_factor,0.013557307422161102
2015-11-17,600126.SH,cn_a,ALL_A_ACTIVE,3,"cp,pca,tucker",0.8499035435328505,0.6440053792878968,0.8499035435328505,0.2652408530314763,1,quality_factor,0.6800143718719482,value_factor,0.22621381282806396,momentum_factor,0.056971918791532516
2015-11-17,600096.SH,cn_a,ALL_A_ACTIVE,3,"cp,pca,tucker",0.8478294097786985,0.6420868340255371,0.8478294097786985,0.2652408530314763,1,quality_factor,0.7912896871566772,value_factor,0.15937985479831696,momentum_factor,0.03685544803738594
2015-11-17,601918.SH,cn_a,ALL_A_ACTIVE,3,"cp,pca,tucker",0.8308836994112347,0.6292141470766476,0.8308836994112347,0.2652408530314763,1,quality_factor,0.9464631080627441,volatility_factor,0.03885965794324875,momentum_factor,0.008090059272944927
2015-11-17,002432.SZ,cn_a,ALL_A_ACTIVE,3,"cp,pca,tucker",0.829867663745163,0.6275778548682932,0.829867663745163,0.2652408530314763,1,quality_factor,0.4003317058086395,value_factor,0.2285751849412918,volatility_factor,0.20656447112560272
2015-11-17,600760.SH,cn_a,ALL_A_ACTIVE,3,"cp,pca,tucker",0.8296732370376635,0.6275675982697654,0.8296732370376635,0.2652408530314763,1,quality_factor,0.8104108572006226,momentum_factor,0.13692422211170197,value_factor,0.05048942193388939
2015-11-17,600862.SH,cn_a,ALL_A_ACTIVE,3,"cp,pca,tucker",0.8287510649856434,0.626945231490642,0.8287510649856434,0.2652408530314763,1,quality_factor,0.7788061499595642,momentum_factor,0.15776507556438446,value_factor,0.057238753885030746
2015-11-17,600390.SH,cn_a,ALL_A_ACTIVE,3,"cp,pca,tucker",0.823721260427039,0.6230364255897463,0.823721260427039,0.2652408530314763,1,quality_factor,0.8148828148841858,momentum_factor,0.13322962820529938,value_factor,0.04560114070773125
2015-11-17,002607.SZ,cn_a,ALL_A_ACTIVE,3,"cp,pca,tucker",0.8159245023971141,0.6174241653977637,0.8159245023971141,0.2652408530314763,1,quality_factor,0.7144279479980469,momentum_factor,0.1971307247877121,value_factor,0.05465086176991463
2015-11-17,002517.SZ,cn_a,ALL_A_ACTIVE,3,"cp,pca,tucker",0.7326742883911747,0.5543624963634,0.7326742883911747,0.2652408530314763,1,quality_factor,0.5595935583114624,value_factor,0.16202035546302795,momentum_factor,0.14330872893333435
2015-11-17,300073.SZ,cn_a,ALL_A_ACTIVE,3,"cp,pca,tucker",0.7319790158510613,0.5535759951904184,0.7319790158510613,0.2652408530314763,1,quality_factor,0.7341020107269287,momentum_factor,0.11948911845684052,value_factor,0.08919765055179596
2015-11-17,002608.SZ,cn_a,ALL_A_ACTIVE,3,"cp,pca,tucker",0.7226109283560508,0.5468550964803304,0.7226109283560508,0.2652408530314763,1,quality_factor,0.9350964426994324,volatility_factor,0.043034013360738754,momentum_factor,0.012495172210037708
2015-11-17,601001.SH,cn_a,ALL_A_ACTIVE,3,"cp,pca,tucker",0.7019450723478992,0.5318377417802079,0.7019450723478992,0.2652408530314763,1,quality_factor,0.48450151085853577,value_factor,0.3436425030231476,momentum_factor,0.09231698513031006
2015-11-17,600707.SH,cn_a,ALL_A_ACTIVE,3,"cp,pca,tucker",0.6955160781553055,0.525602800020814,0.6955160781553055,0.2652408530314763,1,quality_factor,0.8505638837814331,momentum_factor,0.08807843178510666,volatility_factor,0.04767100512981415
2015-11-17,600031.SH,cn_a,ALL_A_ACTIVE,3,"cp,pca,tucker",0.6807057915015485,0.5152894462668005,0.6807057915015485,0.2652408530314763,1,quality_factor,0.6270983815193176,volatility_factor,0.17070148885250092,value_factor,0.15869122743606567
2015-11-17,002299.SZ,cn_a,ALL_A_ACTIVE,3,"cp,pca,tucker",0.6699198247880189,0.5063221643384607,0.6699198247880189,0.2652408530314763,1,quality_factor,0.8356726765632629,volatility_factor,0.0673317015171051,momentum_factor,0.06400169432163239
2015-11-17,601118.SH,cn_a,ALL_A_ACTIVE,3,"cp,pca,tucker",0.6536406681754715,0.49465710071227703,0.6536406681754715,0.2652408530314763,1,quality_factor,0.7461296916007996,value_factor,0.1080731749534607,volatility_factor,0.10400015115737915
2015-11-17,601666.SH,cn_a,ALL_A_ACTIVE,3,"cp,pca,tucker",0.5083803109719567,0.3870799937591826,0.5083803109719567,0.2652408530314763,1,quality_factor,0.47298088669776917,volatility_factor,0.2192791849374771,value_factor,0.216022789478302
2015-11-18,002423.SZ,cn_a,ALL_A_ACTIVE,3,"cp,pca,tucker",1.413913825749664,0.7078897538343725,1.413913825749664,0.9322125116984049,1,quality_factor,0.457660436630249,value_factor,0.20479807257652283,volatility_factor,0.18165291845798492
2015-11-18,600339.SH,cn_a,ALL_A_ACTIVE,3,"cp,pca,tucker",1.4017351668656206,0.7020211304980625,1.4017351668656206,0.9322125116984049,1,quality_factor,0.6314693093299866,momentum_factor,0.21998685598373413,value_factor,0.11659321933984756
2015-11-18,600546.SH,cn_a,ALL_A_ACTIVE,3,"cp,pca,tucker",1.3615113809879043,0.6823940233300784,1.3615113809879043,0.9322125116984049,1,quality_factor,0.6529256105422974,value_factor,0.24248382449150085,momentum_factor,0.0618690587580204
2015-11-18,600862.SH,cn_a,ALL_A_ACTIVE,3,"cp,pca,tucker",1.3245595228476295,0.663760129964668,1.3245595228476295,0.9322125116984049,1,quality_factor,0.6355922818183899,momentum_factor,0.16395729780197144,value_factor,0.12476946413516998
2015-11-18,600096.SH,cn_a,ALL_A_ACTIVE,3,"cp,pca,tucker",1.3176472432559327,0.6601004573684255,1.3176472432559327,0.9322125116984049,1,quality_factor,0.8618121147155762,value_factor,0.11108864098787308,momentum_factor,0.022424127906560898
2015-11-18,600760.SH,cn_a,ALL_A_ACTIVE,3,"cp,pca,tucker",1.3172497638311342,0.65971455140851,1.3172497638311342,0.9322125116984049,1,quality_factor,0.6519054174423218,momentum_factor,0.1283334195613861,value_factor,0.12392131984233856
2015-11-18,002432.SZ,cn_a,ALL_A_ACTIVE,3,"cp,pca,tucker",1.2944773543529908,0.6480200889716708,1.2944773543529908,0.9322125116984049,1,quality_factor,0.40080466866493225,value_factor,0.2283790111541748,volatility_factor,0.2063589096069336
2015-11-18,600390.SH,cn_a,ALL_A_ACTIVE,3,"cp,pca,tucker",1.291704689717842,0.6467121805022668,1.291704689717842,0.9322125116984049,1,quality_factor,0.6981431245803833,momentum_factor,0.11594097316265106,value_factor,0.10571271926164627
2015-11-18,601918.SH,cn_a,ALL_A_ACTIVE,3,"cp,pca,tucker",1.2897435966716253,0.6462990006675889,1.2897435966716253,0.9322125116984049,1,quality_factor,0.8799138069152832,volatility_factor,0.05143846198916435,value_factor,0.04627323895692825
2015-11-18,002607.SZ,cn_a,ALL_A_ACTIVE,3,"cp,pca,tucker",1.2793163350546928,0.6411385342875673,1.2793163350546928,0.9322125116984049,1,quality_factor,0.6193905472755432,value_factor,0.13752751052379608,momentum_factor,0.13256821036338806
2015-11-18,600126.SH,cn_a,ALL_A_ACTIVE,3,"cp,pca,tucker",1.2711829222134086,0.6368380144127098,1.2711829222134086,0.9322125116984049,1,quality_factor,0.7360095381736755,value_factor,0.19258205592632294,momentum_factor,0.04684903472661972
2015-11-18,300073.SZ,cn_a,ALL_A_ACTIVE,3,"cp,pca,tucker",1.1544289590625703,0.5777147090536066,1.1544289590625703,0.9322125116984049,1,quality_factor,0.5886344313621521,value_factor,0.15745104849338531,volatility_factor,0.15686844289302826
2015-11-18,002517.SZ,cn_a,ALL_A_ACTIVE,3,"cp,pca,tucker",1.1445475337347781,0.5726651463893346,1.1445475337347781,0.9322125116984049,1,quality_factor,0.4989181458950043,value_factor,0.1908828318119049,volatility_factor,0.17845650017261505
2015-11-18,002608.SZ,cn_a,ALL_A_ACTIVE,3,"cp,pca,tucker",1.0953546183905216,0.5480362686579925,1.0953546183905216,0.9322125116984049,1,quality_factor,0.8467673659324646,value_factor,0.0684371292591095,volatility_factor,0.05648672208189964
2015-11-18,601001.SH,cn_a,ALL_A_ACTIVE,3,"cp,pca,tucker",1.0926682780225752,0.5470177631874418,1.0926682780225752,0.9322125116984049,1,quality_factor,0.6582897305488586,volatility_factor,0.14846554398536682,value_factor,0.14439034461975098
2015-11-18,002299.SZ,cn_a,ALL_A_ACTIVE,3,"cp,pca,tucker",1.08624533108341,0.5435051426350345,1.08624533108341,0.9322125116984049,1,quality_factor,0.7472935318946838,momentum_factor,0.12846118211746216,value_factor,0.0817708820104599
2015-11-18,600707.SH,cn_a,ALL_A_ACTIVE,3,"cp,pca,tucker",1.0598937363739422,0.53088147183143,1.0598937363739422,0.9322125116984049,1,quality_factor,0.7733939290046692,momentum_factor,0.13988390564918518,volatility_factor,0.05987990275025368
2015-11-18,600031.SH,cn_a,ALL_A_ACTIVE,3,"cp,pca,tucker",1.050233765336096,0.5255033364996761,1.050233765336096,0.9322125116984049,1,quality_factor,0.7024527192115784,volatility_factor,0.1376439481973648,value_factor,0.12863652408123016
2015-11-18,601118.SH,cn_a,ALL_A_ACTIVE,3,"cp,pca,tucker",1.0287586157174893,0.5144204256826469,1.0287586157174893,0.9322125116984049,1,quality_factor,0.8380828499794006,volatility_factor,0.0778646469116211,value_factor,0.058606311678886414
2015-11-18,601666.SH,cn_a,ALL_A_ACTIVE,3,"cp,pca,tucker",0.7737926163965149,0.38695368877135405,0.7737926163965149,0.9322125116984049,1,quality_factor,0.5466766953468323,volatility_factor,0.19691862165927887,value_factor,0.18879453837871552
2015-11-19,002423.SZ,cn_a,ALL_A_ACTIVE,3,"cp,pca,tucker",0.8971093835881251,0.7089236749445282,0.8971093835881251,0.24380704760551453,1,quality_factor,0.4561215341091156,value_factor,0.2054363340139389,volatility_factor,0.18232163786888123
2015-11-19,600339.SH,cn_a,ALL_A_ACTIVE,3,"cp,pca,tucker",0.8787292449882801,0.6968528932471081,0.8787292449882801,0.24380704760551453,1,quality_factor,0.6381208300590515,momentum_factor,0.20052717626094818,value_factor,0.11712789535522461
2015-11-19,600546.SH,cn_a,ALL_A_ACTIVE,3,"cp,pca,tucker",0.8516542503211002,0.6838213642046941,0.8516542503211002,0.24380704760551453,1,quality_factor,0.6407323479652405,value_factor,0.24980732798576355,momentum_factor,0.06407337635755539
2015-11-19,600096.SH,cn_a,ALL_A_ACTIVE,3,"cp,pca,tucker",0.8421767999910229,0.672580000748176,0.8421767999910229,0.24380704760551453,1,quality_factor,0.8521462678909302,value_factor,0.1211571916937828,momentum_factor,0.025380007922649384
2015-11-19,600862.SH,cn_a,ALL_A_ACTIVE,3,"cp,pca,tucker",0.8370461393720182,0.6623278184110528,0.8370461393720182,0.24380704760551453,1,quality_factor,0.6224309802055359,momentum_factor,0.15958063304424286,value_factor,0.1313633918762207
2015-11-19,002432.SZ,cn_a,ALL_A_ACTIVE,3,"cp,pca,tucker",0.82265065501971,0.6441766593389909,0.82265065501971,0.24380704760551453,1,quality_factor,0.4003317058086395,value_factor,0.2285751849412918,volatility_factor,0.20656447112560272
2015-11-19,600390.SH,cn_a,ALL_A_ACTIVE,3,"cp,pca,tucker",0.8142571509737908,0.6451234004958085,0.8142571509737908,0.24380704760551453,1,quality_factor,0.6602627038955688,value_factor,0.12716005742549896,volatility_factor,0.12306979298591614
2015-11-19,002607.SZ,cn_a,ALL_A_ACTIVE,3,"cp,pca,tucker",0.8097798561345609,0.6396929600191349,0.8097798561345609,0.24380704760551453,1,quality_factor,0.6499221920967102,momentum_factor,0.1647460162639618,value_factor,0.11830058693885803
2015-11-19,600760.SH,cn_a,ALL_A_ACTIVE,3,"cp,pca,tucker",0.8081119005085565,0.6410787334637519,0.8081119005085565,0.24380704760551453,1,quality_factor,0.7485795021057129,value_factor,0.08851458877325058,momentum_factor,0.08747227489948273
2015-11-19,600126.SH,cn_a,ALL_A_ACTIVE,3,"cp,pca,tucker",0.8042534294847057,0.6423821688529826,0.8042534294847057,0.24380704760551453,1,quality_factor,0.7250749468803406,value_factor,0.19914962351322174,momentum_factor,0.04882581904530525
2015-11-19,601918.SH,cn_a,ALL_A_ACTIVE,3,"cp,pca,tucker",0.7914668593727718,0.6318641035806271,0.7914668593727718,0.24380704760551453,1,quality_factor,0.8934118151664734,volatility_factor,0.049382664263248444,value_factor,0.03724747523665428
2015-11-19,300073.SZ,cn_a,ALL_A_ACTIVE,3,"cp,pca,tucker",0.7435696988962843,0.5835912562905883,0.7435696988962843,0.24380704760551453,1,quality_factor,0.5967633724212646,momentum_factor,0.14601826667785645,value_factor,0.14512181282043457
2015-11-19,002517.SZ,cn_a,ALL_A_ACTIVE,3,"cp,pca,tucker",0.7347116736347304,0.5741104888072645,0.7347116736347304,0.24380704760551453,1,quality_factor,0.5158444046974182,value_factor,0.17784932255744934,momentum_factor,0.16288790106773376
2015-11-19,002299.SZ,cn_a,ALL_A_ACTIVE,3,"cp,pca,tucker",0.6954926858414138,0.5452145074867704,0.6954926858414138,0.24380704760551453,1,quality_factor,0.7084417939186096,momentum_factor,0.12842395901679993,value_factor,0.0989370197057724
2015-11-19,002608.SZ,cn_a,ALL_A_ACTIVE,3,"cp,pca,tucker",0.6908874523096808,0.5494853913180172,0.6908874523096808,0.24380704760551453,1,quality_factor,0.6290183663368225,momentum_factor,0.19111736118793488,volatility_factor,0.15500707924365997
2015-11-19,601001.SH,cn_a,ALL_A_ACTIVE,3,"cp,pca,tucker",0.6834429479782004,0.5431535815244329,0.6834429479782004,0.24380704760551453,1,quality_factor,0.6041801571846008,volatility_factor,0.17710815370082855,value_factor,0.16703730821609497
2015-11-19,600031.SH,cn_a,ALL_A_ACTIVE,3,"cp,pca,tucker",0.6648485119110747,0.5261469163429352,0.6648485119110747,0.24380704760551453,1,quality_factor,0.675074577331543,volatility_factor,0.16311153769493103,value_factor,0.1424790918827057
2015-11-19,600707.SH,cn_a,ALL_A_ACTIVE,3,"cp,pca,tucker",0.6611614434451893,0.5239007182095674,0.6611614434451893,0.24380704760551453,1,quality_factor,0.6731975674629211,momentum_factor,0.1742762327194214,volatility_factor,0.13554242253303528
2015-11-19,601118.SH,cn_a,ALL_A_ACTIVE,3,"cp,pca,tucker",0.6505393047485845,0.5121978557803976,0.6505393047485845,0.24380704760551453,1,quality_factor,0.7836988568305969,volatility_factor,0.10880963504314423,value_factor,0.08148933947086334
2015-11-19,601666.SH,cn_a,ALL_A_ACTIVE,3,"cp,pca,tucker",0.49871576327700784,0.38949356276136776,0.49871576327700784,0.24380704760551453,1,quality_factor,0.5189536809921265,volatility_factor,0.2151690572500229,value_factor,0.2011743038892746
2015-11-20,002423.SZ,cn_a,ALL_A_ACTIVE,3,"cp,pca,tucker",1.019466354782413,0.7088529426029776,1.019466354782413,0.3693478802839915,1,quality_factor,0.45842093229293823,value_factor,0.20464928448200226,volatility_factor,0.1820896863937378
2015-11-20,600339.SH,cn_a,ALL_A_ACTIVE,3,"cp,pca,tucker",0.9883766033759386,0.6887223040208585,0.9883766033759386,0.3693478802839915,1,quality_factor,0.6842665076255798,momentum_factor,0.21872404217720032,value_factor,0.07011456042528152
2015-11-20,600096.SH,cn_a,ALL_A_ACTIVE,3,"cp,pca,tucker",0.9788286730080112,0.6851241386679122,0.9788286730080112,0.3693478802839915,1,quality_factor,0.8231776356697083,value_factor,0.1402273029088974,momentum_factor,0.031090684235095978
2015-11-20,600546.SH,cn_a,ALL_A_ACTIVE,3,"cp,pca,tucker",0.9739338215637067,0.6854392294100694,0.9739338215637067,0.3693478802839915,1,quality_factor,0.6163287162780762,value_factor,0.2644646465778351,momentum_factor,0.06848511099815369
2015-11-20,600862.SH,cn_a,ALL_A_ACTIVE,3,"cp,pca,tucker",0.9513069871548949,0.6617635744348521,0.9513069871548949,0.3693478802839915,1,quality_factor,0.6395741701126099,momentum_factor,0.1895737648010254,value_factor,0.11843964457511902
2015-11-20,600126.SH,cn_a,ALL_A_ACTIVE,3,"cp,pca,tucker",0.9275872938186653,0.6497226389840918,0.9275872938186653,0.3693478802839915,1,quality_factor,0.7029225826263428,value_factor,0.21245472133159637,momentum_factor,0.052830543369054794
2015-11-20,002432.SZ,cn_a,ALL_A_ACTIVE,3,"cp,pca,tucker",0.9214293143699184,0.6360957762555576,0.9214293143699184,0.3693478802839915,1,quality_factor,0.406604528427124,value_factor,0.22546856105327606,volatility_factor,0.2015148103237152
2015-11-20,600390.SH,cn_a,ALL_A_ACTIVE,3,"cp,pca,tucker",0.9205147629275974,0.6404493949263491,0.9205147629275974,0.3693478802839915,1,quality_factor,0.6650301814079285,volatility_factor,0.1269177496433258,value_factor,0.12646839022636414
2015-11-20,600760.SH,cn_a,ALL_A_ACTIVE,3,"cp,pca,tucker",0.9176747004818137,0.6390384733148636,0.9176747004818137,0.3693478802839915,1,quality_factor,0.7942933440208435,momentum_factor,0.1251860111951828,value_factor,0.06159434840083122
2015-11-20,601918.SH,cn_a,ALL_A_ACTIVE,3,"cp,pca,tucker",0.910956033326003,0.6376668521782577,0.910956033326003,0.3693478802839915,1,quality_factor,0.9234790205955505,volatility_factor,0.04480336606502533,value_factor,0.017142506316304207
2015-11-20,002607.SZ,cn_a,ALL_A_ACTIVE,3,"cp,pca,tucker",0.907820395013205,0.6312375912107034,0.907820395013205,0.3693478802839915,1,quality_factor,0.7028443813323975,momentum_factor,0.1712896227836609,value_factor,0.09375884383916855
2015-11-20,002517.SZ,cn_a,ALL_A_ACTIVE,3,"cp,pca,tucker",0.8221315992156234,0.5670380511031677,0.8221315992156234,0.3693478802839915,1,quality_factor,0.5434345602989197,momentum_factor,0.16771364212036133,value_factor,0.1648024171590805
2015-11-20,300073.SZ,cn_a,ALL_A_ACTIVE,3,"cp,pca,tucker",0.81054341092146,0.5608681513748507,0.81054341092146,0.3693478802839915,1,quality_factor,0.7373354434967041,momentum_factor,0.13091932237148285,value_factor,0.08572990447282791
2015-11-20,002608.SZ,cn_a,ALL_A_ACTIVE,3,"cp,pca,tucker",0.7900154429610265,0.5509635438410253,0.7900154429610265,0.3693478802839915,1,quality_factor,0.6290183663368225,momentum_factor,0.19111736118793488,volatility_factor,0.15500707924365997
2015-11-20,002299.SZ,cn_a,ALL_A_ACTIVE,3,"cp,pca,tucker",0.7767916584230389,0.5364660458644585,0.7767916584230389,0.3693478802839915,1,quality_factor,0.7601051926612854,momentum_factor,0.12965916097164154,value_factor,0.07589852809906006
2015-11-20,601001.SH,cn_a,ALL_A_ACTIVE,3,"cp,pca,tucker",0.772907824776674,0.5398568243828223,0.772907824776674,0.3693478802839915,1,quality_factor,0.5511228442192078,volatility_factor,0.20538590848445892,value_factor,0.18928545713424683
2015-11-20,600031.SH,cn_a,ALL_A_ACTIVE,3,"cp,pca,tucker",0.7573961209257001,0.5267916348308785,0.7573961209257001,0.3693478802839915,1,quality_factor,0.6513758897781372,volatility_factor,0.1834094524383545,value_factor,0.1540818065404892
2015-11-20,600707.SH,cn_a,ALL_A_ACTIVE,3,"cp,pca,tucker",0.7491685680187938,0.520916870627328,0.7491685680187938,0.3693478802839915,1,quality_factor,0.6569412350654602,momentum_factor,0.17136479914188385,volatility_factor,0.14551833271980286
2015-11-20,601118.SH,cn_a,ALL_A_ACTIVE,3,"cp,pca,tucker",0.7311961438213715,0.5066758921620865,0.7311961438213715,0.3693478802839915,1,quality_factor,0.750224769115448,volatility_factor,0.132123664021492,value_factor,0.10511842370033264
2015-11-20,601666.SH,cn_a,ALL_A_ACTIVE,3,"cp,pca,tucker",0.5699017429180359,0.39502801899523826,0.5699017429180359,0.3693478802839915,1,quality_factor,0.49473437666893005,volatility_factor,0.23025479912757874,value_factor,0.21180309355258942
2015-11-23,600096.SH,cn_a,ALL_A_ACTIVE,3,"cp,pca,tucker",0.8640841781916375,0.7083077600421009,0.8640841781916375,0.17300828049580255,1,quality_factor,0.6738042235374451,momentum_factor,0.19399170577526093,volatility_factor,0.1197892427444458
2015-11-23,002423.SZ,cn_a,ALL_A_ACTIVE,3,"cp,pca,tucker",0.8583556318365462,0.7011174340044651,0.8583556318365462,0.17300828049580255,1,quality_factor,0.4673107862472534,value_factor,0.2033165842294693,volatility_factor,0.18906733393669128
2015-11-23,600339.SH,cn_a,ALL_A_ACTIVE,3,"cp,pca,tucker",0.826250644085166,0.6758885345301358,0.826250644085166,0.17300828049580255,1,quality_factor,0.7456865310668945,momentum_factor,0.1809779554605484,value_factor,0.07159125059843063
2015-11-23,600546.SH,cn_a,ALL_A_ACTIVE,3,"cp,pca,tucker",0.8235073180259648,0.6784473170942683,0.8235073180259648,0.17300828049580255,1,quality_factor,0.6043084859848022,value_factor,0.2716841995716095,momentum_factor,0.0706581324338913
2015-11-23,600862.SH,cn_a,ALL_A_ACTIVE,3,"cp,pca,tucker",0.8008610509122992,0.6542161314942173,0.8008610509122992,0.17300828049580255,1,quality_factor,0.6616731286048889,momentum_factor,0.18191644549369812,value_factor,0.11004556715488434
2015-11-23,600126.SH,cn_a,ALL_A_ACTIVE,3,"cp,pca,tucker",0.7866546940384948,0.645797241652863,0.7866546940384948,0.17300828049580255,1,quality_factor,0.6918779611587524,value_factor,0.21908828616142273,momentum_factor,0.05482719838619232
2015-11-23,601918.SH,cn_a,ALL_A_ACTIVE,3,"cp,pca,tucker",0.7718670500234243,0.6333041027505476,0.7718670500234243,0.17300828049580255,1,quality_factor,0.9400182962417603,volatility_factor,0.042284417897462845,momentum_factor,0.011614023707807064
2015-11-23,600390.SH,cn_a,ALL_A_ACTIVE,3,"cp,pca,tucker",0.7657535910975867,0.625706005523572,0.7657535910975867,0.17300828049580255,1,quality_factor,0.7482696771621704,volatility_factor,0.10272674262523651,value_factor,0.0945444256067276
2015-11-23,002607.SZ,cn_a,ALL_A_ACTIVE,3,"cp,pca,tucker",0.7594974480437386,0.6203365268290775,0.7594974480437386,0.17300828049580255,1,quality_factor,0.7131325602531433,momentum_factor,0.1262648105621338,value_factor,0.09724926948547363
2015-11-23,002432.SZ,cn_a,ALL_A_ACTIVE,3,"cp,pca,tucker",0.7513770927181843,0.6107423518769353,0.7513770927181843,0.17300828049580255,1,quality_factor,0.4785139858722687,value_factor,0.19441580772399902,volatility_factor,0.1646234393119812
2015-11-23,600760.SH,cn_a,ALL_A_ACTIVE,3,"cp,pca,tucker",0.7467417995304381,0.6108178463304289,0.7467417995304381,0.17300828049580255,1,quality_factor,0.9010215401649475,volatility_factor,0.04012683406472206,momentum_factor,0.031022416427731514
2015-11-23,002517.SZ,cn_a,ALL_A_ACTIVE,3,"cp,pca,tucker",0.6836709273359002,0.5553161577028466,0.6836709273359002,0.17300828049580255,1,quality_factor,0.5855221748352051,momentum_factor,0.15190021693706512,value_factor,0.14903531968593597
2015-11-23,002608.SZ,cn_a,ALL_A_ACTIVE,3,"cp,pca,tucker",0.672157932897452,0.5499760028094848,0.672157932897452,0.17300828049580255,1,quality_factor,0.6290183663368225,momentum_factor,0.19111736118793488,volatility_factor,0.15500707924365997
2015-11-23,600707.SH,cn_a,ALL_A_ACTIVE,3,"cp,pca,tucker",0.6692226286581479,0.5457735268955571,0.6692226286581479,0.17300828049580255,1,quality_factor,0.8953924775123596,volatility_factor,0.05759570375084877,momentum_factor,0.025022368878126144
2015-11-23,300073.SZ,cn_a,ALL_A_ACTIVE,3,"cp,pca,tucker",0.6562461053455357,0.534419902978425,0.6562461053455357,0.17300828049580255,1,quality_factor,0.9192129373550415,momentum_factor,0.03996272012591362,value_factor,0.021631134673953056
2015-11-23,601001.SH,cn_a,ALL_A_ACTIVE,3,"cp,pca,tucker",0.6549739947252031,0.5366867074112264,0.6549739947252031,0.17300828049580255,1,quality_factor,0.5517140030860901,volatility_factor,0.19383922219276428,value_factor,0.18659794330596924
2015-11-23,002299.SZ,cn_a,ALL_A_ACTIVE,3,"cp,pca,tucker",0.6472757823563039,0.526107389804394,0.6472757823563039,0.17300828049580255,1,quality_factor,0.8400354981422424,momentum_factor,0.1120414212346077,value_factor,0.04373971000313759
2015-11-23,600031.SH,cn_a,ALL_A_ACTIVE,3,"cp,pca,tucker",0.6357597972336161,0.5194152078843476,0.6357597972336161,0.17300828049580255,1,quality_factor,0.627451479434967,volatility_factor,0.1765245646238327,value_factor,0.15984877943992615
2015-11-23,601118.SH,cn_a,ALL_A_ACTIVE,3,"cp,pca,tucker",0.619820807756606,0.50495310076969,0.619820807756606,0.17300828049580255,1,quality_factor,0.7756433486938477,volatility_factor,0.12090248614549637,value_factor,0.10167566686868668
2015-11-23,601666.SH,cn_a,ALL_A_ACTIVE,3,"cp,pca,tucker",0.48271191617798076,0.3938938322505628,0.48271191617798076,0.17300828049580255,1,quality_factor,0.494535356760025,volatility_factor,0.2228279709815979,value_factor,0.2102503925561905
2015-11-24,600096.SH,cn_a,ALL_A_ACTIVE,3,"cp,pca,tucker",0.7630573756513176,0.688590594127906,0.7630573756513176,0.22363048108915487,1,quality_factor,0.6159822940826416,volatility_factor,0.1718059629201889,momentum_factor,0.13270923495292664
2015-11-24,600546.SH,cn_a,ALL_A_ACTIVE,3,"cp,pca,tucker",0.7549887598003991,0.6830567171054355,0.7549887598003991,0.22363048108915487,1,quality_factor,0.6048476696014404,value_factor,0.2713603675365448,momentum_factor,0.07056066393852234
2015-11-24,002423.SZ,cn_a,ALL_A_ACTIVE,3,"cp,pca,tucker",0.7503558469479173,0.6743295588324796,0.7503558469479173,0.22363048108915487,1,quality_factor,0.5665745735168457,value_factor,0.16318687796592712,volatility_factor,0.15073509514331818
2015-11-24,600339.SH,cn_a,ALL_A_ACTIVE,3,"cp,pca,tucker",0.7477859037783783,0.6746693817368951,0.7477859037783783,0.22363048108915487,1,quality_factor,0.7090649604797363,momentum_factor,0.17340704798698425,value_factor,0.09063347429037094
2015-11-24,600126.SH,cn_a,ALL_A_ACTIVE,3,"cp,pca,tucker",0.7351182070621217,0.662299864411679,0.7351182070621217,0.22363048108915487,1,quality_factor,0.6396650075912476,volatility_factor,0.17254334688186646,value_factor,0.10132800787687302
2015-11-24,600862.SH,cn_a,ALL_A_ACTIVE,3,"cp,pca,tucker",0.7086727555537928,0.6387925074780478,0.7086727555537928,0.22363048108915487,1,quality_factor,0.6833783388137817,momentum_factor,0.15252330899238586,value_factor,0.10570403188467026
2015-11-24,600390.SH,cn_a,ALL_A_ACTIVE,3,"cp,pca,tucker",0.7009406894017695,0.6326405074874445,0.7009406894017695,0.22363048108915487,1,quality_factor,0.6956880688667297,value_factor,0.10925924777984619,momentum_factor,0.10214242339134216
2015-11-24,601918.SH,cn_a,ALL_A_ACTIVE,3,"cp,pca,tucker",0.6983406069978155,0.6312186764662714,0.6983406069978155,0.22363048108915487,1,quality_factor,0.8449720740318298,value_factor,0.06485862284898758,momentum_factor,0.04699843004345894
2015-11-24,002607.SZ,cn_a,ALL_A_ACTIVE,3,"cp,pca,tucker",0.6838845803452576,0.6152092937178869,0.6838845803452576,0.22363048108915487,1,quality_factor,0.6850029826164246,momentum_factor,0.12325479090213776,value_factor,0.11021041125059128
2015-11-24,600760.SH,cn_a,ALL_A_ACTIVE,3,"cp,pca,tucker",0.6571122261922996,0.595661705770597,0.6571122261922996,0.22363048108915487,1,quality_factor,0.9161609411239624,momentum_factor,0.04651331156492233,volatility_factor,0.021726535633206367
2015-11-24,002432.SZ,cn_a,ALL_A_ACTIVE,3,"cp,pca,tucker",0.6475434260877905,0.5814761329777904,0.6475434260877905,0.22363048108915487,1,quality_factor,0.568150520324707,value_factor,0.15630905330181122,momentum_factor,0.15413536131381989
2015-11-24,600707.SH,cn_a,ALL_A_ACTIVE,3,"cp,pca,tucker",0.6100928329396631,0.5503950923914912,0.6100928329396631,0.22363048108915487,1,quality_factor,0.9048689603805542,momentum_factor,0.07231461256742477,value_factor,0.01802941784262657
2015-11-24,002608.SZ,cn_a,ALL_A_ACTIVE,3,"cp,pca,tucker",0.6086170471261373,0.5500086377568495,0.6086170471261373,0.22363048108915487,1,quality_factor,0.6290183663368225,momentum_factor,0.19111736118793488,volatility_factor,0.15500707924365997
2015-11-24,002517.SZ,cn_a,ALL_A_ACTIVE,3,"cp,pca,tucker",0.60600981646023,0.5411933300184465,0.60600981646023,0.22363048108915487,1,quality_factor,0.6493030190467834,momentum_factor,0.15261325240135193,value_factor,0.1207379400730133
2015-11-24,300073.SZ,cn_a,ALL_A_ACTIVE,3,"cp,pca,tucker",0.6056760200806988,0.5440425235841465,0.6056760200806988,0.22363048108915487,1,quality_factor,0.828313946723938,momentum_factor,0.11565486341714859,value_factor,0.04827146604657173
2015-11-24,601001.SH,cn_a,ALL_A_ACTIVE,3,"cp,pca,tucker",0.6011609158803803,0.5408273729816002,0.6011609158803803,0.22363048108915487,1,quality_factor,0.569978654384613,volatility_factor,0.1828514188528061,value_factor,0.17866681516170502
2015-11-24,002299.SZ,cn_a,ALL_A_ACTIVE,3,"cp,pca,tucker",0.5865935154412166,0.5263030197235462,0.5865935154412166,0.22363048108915487,1,quality_factor,0.7668548822402954,momentum_factor,0.1581295132637024,volatility_factor,0.05500892177224159
2015-11-24,600031.SH,cn_a,ALL_A_ACTIVE,3,"cp,pca,tucker",0.5778659126201392,0.5198314548709441,0.5778659126201392,0.22363048108915487,1,quality_factor,0.6362269520759583,volatility_factor,0.1705988347530365,value_factor,0.15589778125286102
2015-11-24,601118.SH,cn_a,ALL_A_ACTIVE,3,"cp,pca,tucker",0.5718499475997237,0.5123002831281808,0.5718499475997237,0.22363048108915487,1,quality_factor,0.7591015696525574,volatility_factor,0.11931586265563965,value_factor,0.08403310924768448
2015-11-24,601666.SH,cn_a,ALL_A_ACTIVE,3,"cp,pca,tucker",0.4656008432180803,0.40594143278880845,0.4656008432180803,0.22363048108915487,1,quality_factor,0.5047965049743652,volatility_factor,0.21617859601974487,value_factor,0.20569121837615967
2015-11-25,600096.SH,cn_a,ALL_A_ACTIVE,3,"cp,pca,tucker",0.946820203233572,0.7152273313227346,0.946820203233572,0.29705366492271423,1,quality_factor,0.5606991648674011,momentum_factor,0.24045468866825104,volatility_factor,0.17014944553375244
2015-11-25,600339.SH,cn_a,ALL_A_ACTIVE,3,"cp,pca,tucker",0.9243310054280868,0.695828402780729,0.9243310054280868,0.29705366492271423,1,quality_factor,0.5854400992393494,momentum_factor,0.20427946746349335,value_factor,0.1397256702184677
2015-11-25,600546.SH,cn_a,ALL_A_ACTIVE,3,"cp,pca,tucker",0.8802406756285502,0.6709122108563124,0.8802406756285502,0.29705366492271423,1,quality_factor,0.621127724647522,value_factor,0.26158225536346436,momentum_factor,0.06761752814054489
2015-11-25,002423.SZ,cn_a,ALL_A_ACTIVE,3,"cp,pca,tucker",0.8619582916911973,0.6496411035192077,0.8619582916911973,0.29705366492271423,1,quality_factor,0.767403781414032,momentum_factor,0.1461300402879715,value_factor,0.06973562389612198
2015-11-25,600862.SH,cn_a,ALL_A_ACTIVE,3,"cp,pca,tucker",0.8536244108461238,0.6418711826740477,0.8536244108461238,0.29705366492271423,1,quality_factor,0.7087793946266174,momentum_factor,0.19159841537475586,value_factor,0.08751235902309418
2015-11-25,600390.SH,cn_a,ALL_A_ACTIVE,3,"cp,pca,tucker",0.8534721003276146,0.6419146993866517,0.8534721003276146,0.29705366492271423,1,quality_factor,0.6918116211891174,momentum_factor,0.1598884016275406,value_factor,0.10066692531108856
2015-11-25,600126.SH,cn_a,ALL_A_ACTIVE,3,"cp,pca,tucker",0.8438737700625377,0.6396211612476049,0.8438737700625377,0.29705366492271423,1,quality_factor,0.7073073983192444,value_factor,0.20982113480567932,momentum_factor,0.05203785374760628
2015-11-25,601918.SH,cn_a,ALL_A_ACTIVE,3,"cp,pca,tucker",0.8405107852547213,0.636121608801897,0.8405107852547213,0.29705366492271423,1,quality_factor,0.820391833782196,volatility_factor,0.08862437307834625,value_factor,0.0676058754324913
2015-11-25,002607.SZ,cn_a,ALL_A_ACTIVE,3,"cp,pca,tucker",0.8395930713715759,0.630090354526519,0.8395930713715759,0.29705366492271423,1,quality_factor,0.62303227186203,momentum_factor,0.16429834067821503,value_factor,0.1302570104598999
2015-11-25,600760.SH,cn_a,ALL_A_ACTIVE,3,"cp,pca,tucker",0.8074876665530885,0.6090523250446788,0.8074876665530885,0.29705366492271423,1,quality_factor,0.9305102825164795,momentum_factor,0.04496939852833748,volatility_factor,0.018945349380373955
2015-11-25,002432.SZ,cn_a,ALL_A_ACTIVE,3,"cp,pca,tucker",0.7758934235233131,0.5795994626799484,0.7758934235233131,0.29705366492271423,1,quality_factor,0.6666135787963867,momentum_factor,0.23057514429092407,value_factor,0.07499024271965027
2015-11-25,300073.SZ,cn_a,ALL_A_ACTIVE,3,"cp,pca,tucker",0.7556190004406305,0.5645680055343726,0.7556190004406305,0.29705366492271423,1,quality_factor,0.72174072265625,momentum_factor,0.184219092130661,value_factor,0.08310657739639282
2015-11-25,600707.SH,cn_a,ALL_A_ACTIVE,3,"cp,pca,tucker",0.748321955023985,0.560879584348611,0.748321955023985,0.29705366492271423,1,quality_factor,0.8465344309806824,momentum_factor,0.10611472278833389,value_factor,0.04192492738366127
2015-11-25,002517.SZ,cn_a,ALL_A_ACTIVE,3,"cp,pca,tucker",0.7381311552249018,0.5497564914766316,0.7381311552249018,0.29705366492271423,1,quality_factor,0.6673033833503723,momentum_factor,0.21517646312713623,value_factor,0.10162374377250671
2015-11-25,002608.SZ,cn_a,ALL_A_ACTIVE,3,"cp,pca,tucker",0.7234052194662337,0.5463231849686657,0.7234052194662337,0.29705366492271423,1,quality_factor,0.6290183663368225,momentum_factor,0.19111736118793488,volatility_factor,0.15500707924365997
2015-11-25,601001.SH,cn_a,ALL_A_ACTIVE,3,"cp,pca,tucker",0.7131640628556144,0.5386526701779383,0.7131640628556144,0.29705366492271423,1,quality_factor,0.5811915397644043,volatility_factor,0.18906597793102264,value_factor,0.17661286890506744
2015-11-25,002299.SZ,cn_a,ALL_A_ACTIVE,3,"cp,pca,tucker",0.6980946045349711,0.5211190183278276,0.6980946045349711,0.29705366492271423,1,quality_factor,0.7685163617134094,momentum_factor,0.13556630909442902,volatility_factor,0.08364669233560562
2015-11-25,600031.SH,cn_a,ALL_A_ACTIVE,3,"cp,pca,tucker",0.6929202082066749,0.5213048518770961,0.6929202082066749,0.29705366492271423,1,quality_factor,0.6591705083847046,volatility_factor,0.17001651227474213,value_factor,0.1488066166639328
2015-11-25,601118.SH,cn_a,ALL_A_ACTIVE,3,"cp,pca,tucker",0.6914593442692863,0.517602512614413,0.6914593442692863,0.29705366492271423,1,quality_factor,0.7614734172821045,volatility_factor,0.10955400764942169,momentum_factor,0.06475428491830826
2015-11-25,601666.SH,cn_a,ALL_A_ACTIVE,3,"cp,pca,tucker",0.5315650087175839,0.39672402866872686,0.5315650087175839,0.29705366492271423,1,quality_factor,0.5055921077728271,volatility_factor,0.22199206054210663,value_factor,0.20671239495277405
2015-11-26,600096.SH,cn_a,ALL_A_ACTIVE,3,"cp,pca,tucker",0.799497995902842,0.7073851814375187,0.799497995902842,0.09576497211431463,1,quality_factor,0.6588951349258423,momentum_factor,0.2160852551460266,volatility_factor,0.12149380147457123
2015-11-26,600339.SH,cn_a,ALL_A_ACTIVE,3,"cp,pca,tucker",0.795905505371686,0.6973762255083984,0.795905505371686,0.09576497211431463,1,quality_factor,0.5712872743606567,momentum_factor,0.19664205610752106,value_factor,0.14733941853046417
2015-11-26,002607.SZ,cn_a,ALL_A_ACTIVE,3,"cp,pca,tucker",0.760310461182672,0.6584968472446017,0.760310461182672,0.09576497211431463,1,quality_factor,0.4995424747467041,momentum_factor,0.18751518428325653,value_factor,0.18065567314624786
2015-11-26,600546.SH,cn_a,ALL_A_ACTIVE,3,"cp,pca,tucker",0.750996108880413,0.6776556708786665,0.750996108880413,0.09576497211431463,1,quality_factor,0.620849072933197,value_factor,0.26174965500831604,momentum_factor,0.06766791641712189
2015-11-26,600862.SH,cn_a,ALL_A_ACTIVE,3,"cp,pca,tucker",0.7396798805998541,0.6461188788849503,0.7396798805998541,0.09576497211431463,1,quality_factor,0.6773062348365784,momentum_factor,0.19031617045402527,value_factor,0.10164190828800201
2015-11-26,600126.SH,cn_a,ALL_A_ACTIVE,3,"cp,pca,tucker",0.7174367086216109,0.6393821463344953,0.7174367086216109,0.09576497211431463,1,quality_factor,0.6836833953857422,volatility_factor,0.16801173985004425,value_factor,0.12869492173194885
2015-11-26,600390.SH,cn_a,ALL_A_ACTIVE,3,"cp,pca,tucker",0.7163535255525953,0.6280325437443693,0.7163535255525953,0.09576497211431463,1,quality_factor,0.7640678882598877,momentum_factor,0.1142125353217125,value_factor,0.07690418511629105
2015-11-26,601918.SH,cn_a,ALL_A_ACTIVE,3,"cp,pca,tucker",0.7105262298528675,0.631533954529471,0.7105262298528675,0.09576497211431463,1,quality_factor,0.8496372699737549,volatility_factor,0.0709444060921669,value_factor,0.06947492063045502
2015-11-26,002423.SZ,cn_a,ALL_A_ACTIVE,3,"cp,pca,tucker",0.7059986671739185,0.6233524248661325,0.7059986671739185,0.09576497211431463,1,quality_factor,0.8365749716758728,volatility_factor,0.06743281334638596,momentum_factor,0.062002409249544144
2015-11-26,600760.SH,cn_a,ALL_A_ACTIVE,3,"cp,pca,tucker",0.689795366913523,0.6078718309157917,0.689795366913523,0.09576497211431463,1,quality_factor,0.932325541973114,momentum_factor,0.03691864386200905,volatility_factor,0.02039390802383423
2015-11-26,300073.SZ,cn_a,ALL_A_ACTIVE,3,"cp,pca,tucker",0.6631523729668778,0.5701262994737298,0.6631523729668778,0.09576497211431463,1,quality_factor,0.6480047702789307,momentum_factor,0.15856334567070007,value_factor,0.12025146931409836
2015-11-26,600707.SH,cn_a,ALL_A_ACTIVE,3,"cp,pca,tucker",0.6471436115795989,0.5613079023034437,0.6471436115795989,0.09576497211431463,1,quality_factor,0.8465344309806824,momentum_factor,0.10611472278833389,value_factor,0.04192492738366127
2015-11-26,002517.SZ,cn_a,ALL_A_ACTIVE,3,"cp,pca,tucker",0.645350393041647,0.5507775851398734,0.645350393041647,0.09576497211431463,1,quality_factor,0.6242095828056335,momentum_factor,0.18106834590435028,value_factor,0.1267433911561966
2015-11-26,002432.SZ,cn_a,ALL_A_ACTIVE,3,"cp,pca,tucker",0.6325975274269118,0.546982269503546,0.6325975274269118,0.09576497211431463,1,quality_factor,0.824735164642334,momentum_factor,0.12149403244256973,volatility_factor,0.03803219646215439
2015-11-26,002608.SZ,cn_a,ALL_A_ACTIVE,3,"cp,pca,tucker",0.618455194023556,0.5464292140597727,0.618455194023556,0.09576497211431463,1,quality_factor,0.6290183663368225,momentum_factor,0.19111736118793488,volatility_factor,0.15500707924365997
2015-11-26,601001.SH,cn_a,ALL_A_ACTIVE,3,"cp,pca,tucker",0.614271761648622,0.5421773664945025,0.614271761648622,0.09576497211431463,1,quality_factor,0.595268964767456,volatility_factor,0.18839621543884277,value_factor,0.17219412326812744
2015-11-26,002299.SZ,cn_a,ALL_A_ACTIVE,3,"cp,pca,tucker",0.6098093025452588,0.5234816213312631,0.6098093025452588,0.09576497211431463,1,quality_factor,0.8076090216636658,momentum_factor,0.13249509036540985,volatility_factor,0.0420263409614563
2015-11-26,601118.SH,cn_a,ALL_A_ACTIVE,3,"cp,pca,tucker",0.6011850904359614,0.5193561005169722,0.6011850904359614,0.09576497211431463,1,quality_factor,0.7507727742195129,volatility_factor,0.11290127038955688,momentum_factor,0.07373718917369843
2015-11-26,600031.SH,cn_a,ALL_A_ACTIVE,3,"cp,pca,tucker",0.5943560699675575,0.5201636694461061,0.5943560699675575,0.09576497211431463,1,quality_factor,0.6634407043457031,volatility_factor,0.15892396867275238,value_factor,0.14510099589824677
2015-11-26,601666.SH,cn_a,ALL_A_ACTIVE,3,"cp,pca,tucker",0.46428614588546635,0.39710276380361825,0.46428614588546635,0.09576497211431463,1,quality_factor,0.511313259601593,volatility_factor,0.21733404695987701,value_factor,0.20396392047405243
2015-11-27,600096.SH,cn_a,ALL_A_ACTIVE,3,"cp,pca,tucker",1.2659948858635133,0.6924650558087996,1.2659948858635133,0.6426933407783508,1,quality_factor,0.7646037340164185,value_factor,0.17540790140628815,momentum_factor,0.041679758578538895
2015-11-27,600339.SH,cn_a,ALL_A_ACTIVE,3,"cp,pca,tucker",1.2387767357764579,0.6751906722210602,1.2387767357764579,0.6426933407783508,1,quality_factor,0.6363021731376648,value_factor,0.1310316026210785,momentum_factor,0.12711204588413239
2015-11-27,600546.SH,cn_a,ALL_A_ACTIVE,3,"cp,pca,tucker",1.218000237076881,0.6686675032110281,1.218000237076881,0.6426933407783508,1,quality_factor,0.570808470249176,value_factor,0.2918049097061157,momentum_factor,0.07671429961919785
2015-11-27,002607.SZ,cn_a,ALL_A_ACTIVE,3,"cp,pca,tucker",1.1784148396826677,0.6416993326567224,1.1784148396826677,0.6426933407783508,1,quality_factor,0.5344845056533813,value_factor,0.17187215387821198,momentum_factor,0.1502528041601181
2015-11-27,600862.SH,cn_a,ALL_A_ACTIVE,3,"cp,pca,tucker",1.1658358327438918,0.6343434728237767,1.1658358327438918,0.6426933407783508,1,quality_factor,0.6533809304237366,value_factor,0.12686492502689362,volatility_factor,0.11156944930553436
2015-11-27,600126.SH,cn_a,ALL_A_ACTIVE,3,"cp,pca,tucker",1.1547443049016224,0.6323193365592732,1.1547443049016224,0.6426933407783508,1,quality_factor,0.6606214642524719,value_factor,0.23786155879497528,momentum_factor,0.06047779694199562
2015-11-27,601918.SH,cn_a,ALL_A_ACTIVE,3,"cp,pca,tucker",1.134575238335416,0.6199039700232305,1.134575238335416,0.6426933407783508,1,quality_factor,0.9377979636192322,volatility_factor,0.032198838889598846,value_factor,0.028103718534111977
2015-11-27,600390.SH,cn_a,ALL_A_ACTIVE,3,"cp,pca,tucker",1.1012103316054922,0.5989083367857505,1.1012103316054922,0.6426933407783508,1,quality_factor,0.9643586874008179,volatility_factor,0.02557450346648693,value_factor,0.006040775682777166
2015-11-27,600760.SH,cn_a,ALL_A_ACTIVE,3,"cp,pca,tucker",1.1009373842523023,0.5987422345537949,1.1009373842523023,0.6426933407783508,1,quality_factor,0.7352761626243591,value_factor,0.14298772811889648,volatility_factor,0.07346706837415695
2015-11-27,002423.SZ,cn_a,ALL_A_ACTIVE,3,"cp,pca,tucker",1.0829392649620118,0.5907910116629773,1.0829392649620118,0.6426933407783508,1,quality_factor,0.8944435715675354,value_factor,0.07709730416536331,volatility_factor,0.01601405441761017
2015-11-27,300073.SZ,cn_a,ALL_A_ACTIVE,3,"cp,pca,tucker",1.0764550591829287,0.585194928013662,1.0764550591829287,0.6426933407783508,1,quality_factor,0.6102800965309143,momentum_factor,0.21299801766872406,value_factor,0.12719956040382385
2015-11-27,600707.SH,cn_a,ALL_A_ACTIVE,3,"cp,pca,tucker",1.0308387534568666,0.5593673223333381,1.0308387534568666,0.6426933407783508,1,quality_factor,0.8465344309806824,momentum_factor,0.10611472278833389,value_factor,0.04192492738366127
2015-11-27,002608.SZ,cn_a,ALL_A_ACTIVE,3,"cp,pca,tucker",1.0104069876052417,0.5511157780049444,1.0104069876052417,0.6426933407783508,1,quality_factor,0.9425400495529175,volatility_factor,0.035844046622514725,value_factor,0.01632854714989662
2015-11-27,002299.SZ,cn_a,ALL_A_ACTIVE,3,"cp,pca,tucker",0.9756635162380672,0.5293088609914345,0.9756635162380672,0.6426933407783508,1,quality_factor,0.7662845849990845,momentum_factor,0.16006261110305786,volatility_factor,0.04527905583381653
2015-11-27,002432.SZ,cn_a,ALL_A_ACTIVE,3,"cp,pca,tucker",0.9745872213782568,0.5280022146437346,0.9745872213782568,0.6426933407783508,1,quality_factor,0.9469224214553833,momentum_factor,0.044272929430007935,value_factor,0.00862063467502594
2015-11-27,601001.SH,cn_a,ALL_A_ACTIVE,3,"cp,pca,tucker",0.9742460025645118,0.5332704476773958,0.9742460025645118,0.6426933407783508,1,quality_factor,0.468349814414978,value_factor,0.35334351658821106,momentum_factor,0.09523691236972809
2015-11-27,002517.SZ,cn_a,ALL_A_ACTIVE,3,"cp,pca,tucker",0.9699661969824583,0.5272663413121299,0.9699661969824583,0.6426933407783508,1,quality_factor,0.7005028128623962,value_factor,0.10889814049005508,volatility_factor,0.09836198389530182
2015-11-27,600031.SH,cn_a,ALL_A_ACTIVE,3,"cp,pca,tucker",0.9361167566688899,0.5107210681340458,0.9361167566688899,0.6426933407783508,1,quality_factor,0.6213329434394836,value_factor,0.1527167111635208,volatility_factor,0.1351395696401596
2015-11-27,601118.SH,cn_a,ALL_A_ACTIVE,3,"cp,pca,tucker",0.9265713598489302,0.504994672488693,0.9265713598489302,0.6426933407783508,1,quality_factor,0.7959696650505066,volatility_factor,0.1010672077536583,value_factor,0.09230665862560272
2015-11-27,601666.SH,cn_a,ALL_A_ACTIVE,3,"cp,pca,tucker",0.7154590307854255,0.3972188654752415,0.7154590307854255,0.6426933407783508,1,quality_factor,0.4969935119152069,value_factor,0.2028104066848755,volatility_factor,0.19200967252254486
2015-11-30,600096.SH,cn_a,ALL_A_ACTIVE,3,"cp,pca,tucker",0.901431386244565,0.7051723860997852,0.901431386244565,0.30182220538457233,1,quality_factor,0.7862300872802734,value_factor,0.1624186784029007,momentum_factor,0.0377701073884964
2015-11-30,600339.SH,cn_a,ALL_A_ACTIVE,3,"cp,pca,tucker",0.8605761061856337,0.6741844191312699,0.8605761061856337,0.30182220538457233,1,quality_factor,0.624302089214325,value_factor,0.13659551739692688,momentum_factor,0.12563371658325195
2015-11-30,600546.SH,cn_a,ALL_A_ACTIVE,3,"cp,pca,tucker",0.8426118592721825,0.6560831424908657,0.8426118592721825,0.30182220538457233,1,quality_factor,0.5875747203826904,value_factor,0.28173479437828064,momentum_factor,0.07368327677249908
2015-11-30,600862.SH,cn_a,ALL_A_ACTIVE,3,"cp,pca,tucker",0.8298460902027758,0.6510326993896987,0.8298460902027758,0.30182220538457233,1,quality_factor,0.5709419250488281,value_factor,0.1590123176574707,volatility_factor,0.13796798884868622
2015-11-30,002607.SZ,cn_a,ALL_A_ACTIVE,3,"cp,pca,tucker",0.8170138108642346,0.6415916565098742,0.8170138108642346,0.30182220538457233,1,quality_factor,0.5332381725311279,value_factor,0.17334872484207153,volatility_factor,0.14834991097450256
2015-11-30,600126.SH,cn_a,ALL_A_ACTIVE,3,"cp,pca,tucker",0.8098419592500078,0.632541303047767,0.8098419592500078,0.30182220538457233,1,quality_factor,0.6763532757759094,value_factor,0.22841279208660126,momentum_factor,0.05763379484415054
2015-11-30,601918.SH,cn_a,ALL_A_ACTIVE,3,"cp,pca,tucker",0.7831674685919405,0.6117598623667737,0.7831674685919405,0.30182220538457233,1,quality_factor,0.9448537826538086,volatility_factor,0.03762255981564522,value_factor,0.010583382099866867
2015-11-30,600760.SH,cn_a,ALL_A_ACTIVE,3,"cp,pca,tucker",0.7799938249940346,0.6109607271988401,0.7799938249940346,0.30182220538457233,1,quality_factor,0.8785828351974487,volatility_factor,0.04726353660225868,value_factor,0.040742941200733185
2015-11-30,600390.SH,cn_a,ALL_A_ACTIVE,3,"cp,pca,tucker",0.7728598660349691,0.6054484875187036,0.7728598660349691,0.30182220538457233,1,quality_factor,0.9163283109664917,momentum_factor,0.03231605142354965,volatility_factor,0.027085764333605766
2015-11-30,002423.SZ,cn_a,ALL_A_ACTIVE,3,"cp,pca,tucker",0.7383354979858066,0.5769427882505891,0.7383354979858066,0.30182220538457233,1,quality_factor,0.9098095297813416,value_factor,0.061091043055057526,volatility_factor,0.02135344035923481
2015-11-30,300073.SZ,cn_a,ALL_A_ACTIVE,3,"cp,pca,tucker",0.7379025753819933,0.5807907382245658,0.7379025753819933,0.30182220538457233,1,quality_factor,0.65338534116745,momentum_factor,0.24008741974830627,value_factor,0.08200730383396149
2015-11-30,600707.SH,cn_a,ALL_A_ACTIVE,3,"cp,pca,tucker",0.7157102446374429,0.562237603814363,0.7157102446374429,0.30182220538457233,1,quality_factor,0.8465344309806824,momentum_factor,0.10611472278833389,value_factor,0.04192492738366127
2015-11-30,002608.SZ,cn_a,ALL_A_ACTIVE,3,"cp,pca,tucker",0.697617770183265,0.5459912728559031,0.697617770183265,0.30182220538457233,1,quality_factor,0.9420949220657349,volatility_factor,0.04196813702583313,momentum_factor,0.011242236010730267
2015-11-30,002517.SZ,cn_a,ALL_A_ACTIVE,3,"cp,pca,tucker",0.6928643608593715,0.5458739768420038,0.6928643608593715,0.30182220538457233,1,quality_factor,0.6067792177200317,value_factor,0.14366233348846436,momentum_factor,0.12939636409282684
2015-11-30,002432.SZ,cn_a,ALL_A_ACTIVE,3,"cp,pca,tucker",0.6805690892546984,0.5348481502234369,0.6805690892546984,0.30182220538457233,1,quality_factor,0.9256668090820312,momentum_factor,0.04975429177284241,value_factor,0.01703050173819065
2015-11-30,601001.SH,cn_a,ALL_A_ACTIVE,3,"cp,pca,tucker",0.6698109553429642,0.5237957116481454,0.6698109553429642,0.30182220538457233,1,quality_factor,0.4814383089542389,value_factor,0.3454822599887848,momentum_factor,0.09287074953317642
2015-11-30,002299.SZ,cn_a,ALL_A_ACTIVE,3,"cp,pca,tucker",0.6689873457134811,0.5266428792998108,0.6689873457134811,0.30182220538457233,1,quality_factor,0.7459074854850769,momentum_factor,0.15201473236083984,volatility_factor,0.09150098264217377
2015-11-30,600031.SH,cn_a,ALL_A_ACTIVE,3,"cp,pca,tucker",0.6493354764201104,0.5088665645960319,0.6493354764201104,0.30182220538457233,1,quality_factor,0.6301276683807373,value_factor,0.15067246556282043,volatility_factor,0.13801950216293335
2015-11-30,601118.SH,cn_a,ALL_A_ACTIVE,3,"cp,pca,tucker",0.6456638786302996,0.507355986525975,0.6456638786302996,0.30182220538457233,1,quality_factor,0.8789092898368835,value_factor,0.056768082082271576,volatility_factor,0.05336186662316322
2015-11-30,601666.SH,cn_a,ALL_A_ACTIVE,3,"cp,pca,tucker",0.49536419447068253,0.38971384338881804,0.49536419447068253,0.30182220538457233,1,quality_factor,0.5173704028129578,value_factor,0.19621862471103668,volatility_factor,0.19014017283916473
2015-12-01,600096.SH,cn_a,ALL_A_ACTIVE,3,"cp,pca,tucker",0.8194522038396875,0.7113031492499937,0.8194522038396875,0.13792303452889124,1,quality_factor,0.5923389196395874,momentum_factor,0.14769349992275238,value_factor,0.14677846431732178
2015-12-01,600339.SH,cn_a,ALL_A_ACTIVE,3,"cp,pca,tucker",0.7732446830793371,0.6712596739372304,0.7732446830793371,0.13792303452889124,1,quality_factor,0.616028368473053,value_factor,0.1399274468421936,momentum_factor,0.12743985652923584
2015-12-01,600862.SH,cn_a,ALL_A_ACTIVE,3,"cp,pca,tucker",0.7522851693414494,0.6533133200257334,0.7522851693414494,0.13792303452889124,1,quality_factor,0.5457189679145813,value_factor,0.16924647986888885,volatility_factor,0.14787912368774414
2015-12-01,600546.SH,cn_a,ALL_A_ACTIVE,3,"cp,pca,tucker",0.7475796025802399,0.6482049967689066,0.7475796025802399,0.13792303452889124,1,quality_factor,0.5966439843177795,value_factor,0.27628764510154724,momentum_factor,0.07204373180866241
2015-12-01,600126.SH,cn_a,ALL_A_ACTIVE,3,"cp,pca,tucker",0.7272650878560202,0.6310286852430306,0.7272650878560202,0.13792303452889124,1,quality_factor,0.6847890019416809,value_factor,0.22334614396095276,momentum_factor,0.05610877275466919
2015-12-01,002607.SZ,cn_a,ALL_A_ACTIVE,3,"cp,pca,tucker",0.7244715808036976,0.6292674142568967,0.7244715808036976,0.13792303452889124,1,quality_factor,0.5716506838798523,value_factor,0.15846583247184753,volatility_factor,0.13649162650108337
2015-12-01,601918.SH,cn_a,ALL_A_ACTIVE,3,"cp,pca,tucker",0.7026462766389083,0.6096226496719008,0.7026462766389083,0.13792303452889124,1,quality_factor,0.9485437870025635,volatility_factor,0.04045906290411949,momentum_factor,0.009576549753546715
2015-12-01,600760.SH,cn_a,ALL_A_ACTIVE,3,"cp,pca,tucker",0.7020240894854678,0.6093498976340788,0.7020240894854678,0.13792303452889124,1,quality_factor,0.8789293766021729,momentum_factor,0.04299793392419815,volatility_factor,0.039193619042634964
2015-12-01,600390.SH,cn_a,ALL_A_ACTIVE,3,"cp,pca,tucker",0.6833430193524008,0.5930741902871076,0.6833430193524008,0.13792303452889124,1,quality_factor,0.9632724523544312,momentum_factor,0.015450162813067436,volatility_factor,0.010747751221060753
2015-12-01,002423.SZ,cn_a,ALL_A_ACTIVE,3,"cp,pca,tucker",0.6572420448616948,0.5701714429772693,0.6572420448616948,0.13792303452889124,1,quality_factor,0.917963981628418,value_factor,0.05259665846824646,volatility_factor,0.024186996743083
2015-12-01,600707.SH,cn_a,ALL_A_ACTIVE,3,"cp,pca,tucker",0.646313711372566,0.5613524067914656,0.646313711372566,0.13792303452889124,1,quality_factor,0.8465344309806824,momentum_factor,0.10611472278833389,value_factor,0.04192492738366127
2015-12-01,300073.SZ,cn_a,ALL_A_ACTIVE,3,"cp,pca,tucker",0.6364973181267407,0.552995991299057,0.6364973181267407,0.13792303452889124,1,quality_factor,0.7719122767448425,momentum_factor,0.15866944193840027,value_factor,0.03944239765405655
2015-12-01,002517.SZ,cn_a,ALL_A_ACTIVE,3,"cp,pca,tucker",0.6281378463852401,0.5459994328809057,0.6281378463852401,0.13792303452889124,1,quality_factor,0.5887585878372192,value_factor,0.15341681241989136,volatility_factor,0.13848881423473358
2015-12-01,002608.SZ,cn_a,ALL_A_ACTIVE,3,"cp,pca,tucker",0.6241746405279675,0.5416803597763723,0.6241746405279675,0.13792303452889124,1,quality_factor,0.9262351393699646,volatility_factor,0.04438362270593643,value_factor,0.015299647115170956
2015-12-01,002432.SZ,cn_a,ALL_A_ACTIVE,3,"cp,pca,tucker",0.6048510366658671,0.5252934438647016,0.6048510366658671,0.13792303452889124,1,quality_factor,0.9079183340072632,volatility_factor,0.0502958819270134,momentum_factor,0.02601735293865204
2015-12-01,601001.SH,cn_a,ALL_A_ACTIVE,3,"cp,pca,tucker",0.5985610283285409,0.5194679023937463,0.5985610283285409,0.13792303452889124,1,quality_factor,0.4885060489177704,value_factor,0.34123730659484863,momentum_factor,0.09159304946660995
2015-12-01,002299.SZ,cn_a,ALL_A_ACTIVE,3,"cp,pca,tucker",0.5938711824394796,0.5159930610517277,0.5938711824394796,0.13792303452889124,1,quality_factor,0.8691328167915344,momentum_factor,0.0911044180393219,volatility_factor,0.039376307278871536
2015-12-01,601118.SH,cn_a,ALL_A_ACTIVE,3,"cp,pca,tucker",0.5894972540480798,0.5121197007838646,0.5894972540480798,0.13792303452889124,1,quality_factor,0.8711800575256348,volatility_factor,0.058024462312459946,value_factor,0.042426396161317825
2015-12-01,600031.SH,cn_a,ALL_A_ACTIVE,3,"cp,pca,tucker",0.5832692199879189,0.5063767943396241,0.5832692199879189,0.13792303452889124,1,quality_factor,0.6318681240081787,value_factor,0.1512594223022461,volatility_factor,0.1431540697813034
2015-12-01,601666.SH,cn_a,ALL_A_ACTIVE,3,"cp,pca,tucker",0.43627183145735304,0.379443565694287,0.43627183145735304,0.13792303452889124,1,quality_factor,0.5058358311653137,value_factor,0.2011893391609192,volatility_factor,0.1969044953584671
2015-12-02,600096.SH,cn_a,ALL_A_ACTIVE,3,"cp,pca,tucker",1.0578890083858712,0.688532971578943,1.0578890083858712,0.4835147261619568,1,quality_factor,0.7579323649406433,value_factor,0.17941482365131378,momentum_factor,0.042885806411504745
2015-12-02,600339.SH,cn_a,ALL_A_ACTIVE,3,"cp,pca,tucker",0.9910005645783199,0.6444810091040918,0.9910005645783199,0.4835147261619568,1,quality_factor,0.6549964547157288,volatility_factor,0.15852542221546173,value_factor,0.1365475058555603
2015-12-02,600546.SH,cn_a,ALL_A_ACTIVE,3,"cp,pca,tucker",0.9860586386270241,0.6424844386831056,0.9860586386270241,0.4835147261619568,1,quality_factor,0.5656459331512451,value_factor,0.2949056327342987,momentum_factor,0.07764758914709091
2015-12-02,600126.SH,cn_a,ALL_A_ACTIVE,3,"cp,pca,tucker",0.9559764707714304,0.6224134507458391,0.9559764707714304,0.4835147261619568,1,quality_factor,0.6557413935661316,value_factor,0.2407926470041275,momentum_factor,0.06136003136634827
2015-12-02,600862.SH,cn_a,ALL_A_ACTIVE,3,"cp,pca,tucker",0.946518014989635,0.6151504599914641,0.946518014989635,0.4835147261619568,1,quality_factor,0.669978678226471,value_factor,0.12345851212739944,volatility_factor,0.12036994099617004
2015-12-02,002607.SZ,cn_a,ALL_A_ACTIVE,3,"cp,pca,tucker",0.9315384845898894,0.605387632088556,0.9315384845898894,0.4835147261619568,1,quality_factor,0.6503214836120605,value_factor,0.12539151310920715,momentum_factor,0.1240207701921463
2015-12-02,601918.SH,cn_a,ALL_A_ACTIVE,3,"cp,pca,tucker",0.9141978188066524,0.5949086333144857,0.9141978188066524,0.4835147261619568,1,quality_factor,0.9355617165565491,value_factor,0.03365660831332207,volatility_factor,0.030479848384857178
2015-12-02,600760.SH,cn_a,ALL_A_ACTIVE,3,"cp,pca,tucker",0.8970576370913347,0.5831688573307986,0.8970576370913347,0.4835147261619568,1,quality_factor,0.9525299072265625,momentum_factor,0.02419670671224594,value_factor,0.022912805899977684
2015-12-02,600390.SH,cn_a,ALL_A_ACTIVE,3,"cp,pca,tucker",0.8764722225900982,0.5698453079527953,0.8764722225900982,0.4835147261619568,1,quality_factor,0.8298778533935547,value_factor,0.0689396783709526,momentum_factor,0.0603129118680954
2015-12-02,002423.SZ,cn_a,ALL_A_ACTIVE,3,"cp,pca,tucker",0.8587281979424491,0.5587542518628887,0.8587281979424491,0.4835147261619568,1,quality_factor,0.8896344304084778,value_factor,0.08210679143667221,volatility_factor,0.014342986978590488
2015-12-02,600707.SH,cn_a,ALL_A_ACTIVE,3,"cp,pca,tucker",0.8488576398421844,0.5513915052583641,0.8488576398421844,0.4835147261619568,1,quality_factor,0.8465344309806824,momentum_factor,0.10611472278833389,value_factor,0.04192492738366127
2015-12-02,002608.SZ,cn_a,ALL_A_ACTIVE,3,"cp,pca,tucker",0.828047485629075,0.5388094161930265,0.828047485629075,0.4835147261619568,1,quality_factor,0.6290183663368225,momentum_factor,0.19111736118793488,volatility_factor,0.15500707924365997
2015-12-02,002517.SZ,cn_a,ALL_A_ACTIVE,3,"cp,pca,tucker",0.8151635884146594,0.5296435616922976,0.8151635884146594,0.4835147261619568,1,quality_factor,0.6214648485183716,volatility_factor,0.14801239967346191,value_factor,0.14500616490840912
2015-12-02,601001.SH,cn_a,ALL_A_ACTIVE,3,"cp,pca,tucker",0.7924477696891795,0.5159297980243455,0.7924477696891795,0.4835147261619568,1,quality_factor,0.464313805103302,value_factor,0.3557676076889038,momentum_factor,0.09596654772758484
2015-12-02,600031.SH,cn_a,ALL_A_ACTIVE,3,"cp,pca,tucker",0.7846795037398574,0.5104950507091276,0.7846795037398574,0.4835147261619568,1,quality_factor,0.6371002793312073,volatility_factor,0.16901583969593048,value_factor,0.15528881549835205
2015-12-02,300073.SZ,cn_a,ALL_A_ACTIVE,3,"cp,pca,tucker",0.7835316905463166,0.5091209163498738,0.7835316905463166,0.4835147261619568,1,quality_factor,0.8512390851974487,volatility_factor,0.07749739289283752,value_factor,0.06899699568748474
2015-12-02,002432.SZ,cn_a,ALL_A_ACTIVE,3,"cp,pca,tucker",0.7722110521240036,0.5014601072565804,0.7722110521240036,0.4835147261619568,1,quality_factor,0.7812865376472473,momentum_factor,0.10167166590690613,volatility_factor,0.09762507677078247
2015-12-02,601118.SH,cn_a,ALL_A_ACTIVE,3,"cp,pca,tucker",0.7717834794710344,0.5019427422487222,0.7717834794710344,0.4835147261619568,1,quality_factor,0.8185405731201172,volatility_factor,0.0944010317325592,value_factor,0.07894517481327057
2015-12-02,002299.SZ,cn_a,ALL_A_ACTIVE,3,"cp,pca,tucker",0.7601158141512928,0.49371616773429566,0.7601158141512928,0.4835147261619568,1,quality_factor,0.8504830002784729,volatility_factor,0.07061875611543655,value_factor,0.05296584218740463
2015-12-02,601666.SH,cn_a,ALL_A_ACTIVE,3,"cp,pca,tucker",0.5898302792079487,0.38480620368133406,0.5898302792079487,0.4835147261619568,1,quality_factor,0.48744434118270874,volatility_factor,0.21029753983020782,value_factor,0.20968136191368103
2015-12-03,600096.SH,cn_a,ALL_A_ACTIVE,3,"cp,pca,tucker",0.8160134248202365,0.703106686568823,0.8160134248202365,0.1213835986951987,1,quality_factor,0.6238495707511902,momentum_factor,0.13529179990291595,value_factor,0.13507415354251862
2015-12-03,600339.SH,cn_a,ALL_A_ACTIVE,3,"cp,pca,tucker",0.7609695683459773,0.6546223582057306,0.7609695683459773,0.1213835986951987,1,quality_factor,0.6331405639648438,volatility_factor,0.1505611687898636,value_factor,0.14182019233703613
2015-12-03,600546.SH,cn_a,ALL_A_ACTIVE,3,"cp,pca,tucker",0.7423426948786936,0.6443748878696304,0.7423426948786936,0.1213835986951987,1,quality_factor,0.572948157787323,value_factor,0.29051974415779114,momentum_factor,0.07632748037576675
2015-12-03,002607.SZ,cn_a,ALL_A_ACTIVE,3,"cp,pca,tucker",0.7276949254549056,0.6234365116771773,0.7276949254549056,0.1213835986951987,1,quality_factor,0.5434920787811279,value_factor,0.17331142723560333,volatility_factor,0.16330431401729584
2015-12-03,600126.SH,cn_a,ALL_A_ACTIVE,3,"cp,pca,tucker",0.7226454963093548,0.6242729456544103,0.7226454963093548,0.1213835986951987,1,quality_factor,0.6626391410827637,value_factor,0.23664973676204681,momentum_factor,0.06011304631829262
2015-12-03,600862.SH,cn_a,ALL_A_ACTIVE,3,"cp,pca,tucker",0.7174505143260652,0.6159896470380454,0.7174505143260652,0.1213835986951987,1,quality_factor,0.6692598462104797,volatility_factor,0.13197723031044006,value_factor,0.12620991468429565
2015-12-03,601918.SH,cn_a,ALL_A_ACTIVE,3,"cp,pca,tucker",0.6911320273999606,0.5969437680862482,0.6911320273999606,0.1213835986951987,1,quality_factor,0.9387158751487732,volatility_factor,0.03290442377328873,value_factor,0.02582446299493313
2015-12-03,600760.SH,cn_a,ALL_A_ACTIVE,3,"cp,pca,tucker",0.6847826558171498,0.5891979970151077,0.6847826558171498,0.1213835986951987,1,quality_factor,0.971809983253479,value_factor,0.017321225255727768,momentum_factor,0.009307299740612507
2015-12-03,600390.SH,cn_a,ALL_A_ACTIVE,3,"cp,pca,tucker",0.6781548372093978,0.5835486907105317,0.6781548372093978,0.1213835986951987,1,quality_factor,0.8993549942970276,value_factor,0.04798460379242897,volatility_factor,0.04149080812931061
2015-12-03,002423.SZ,cn_a,ALL_A_ACTIVE,3,"cp,pca,tucker",0.6572667190111832,0.567464039441797,0.6572667190111832,0.1213835986951987,1,quality_factor,0.8964258432388306,value_factor,0.0750323161482811,volatility_factor,0.016702892258763313
2015-12-03,600707.SH,cn_a,ALL_A_ACTIVE,3,"cp,pca,tucker",0.6468799959191687,0.553845290467358,0.6468799959191687,0.1213835986951987,1,quality_factor,0.8465344309806824,momentum_factor,0.10611472278833389,value_factor,0.04192492738366127
2015-12-03,002517.SZ,cn_a,ALL_A_ACTIVE,3,"cp,pca,tucker",0.6392955821059066,0.5453015607183539,0.6392955821059066,0.1213835986951987,1,quality_factor,0.575531005859375,value_factor,0.1583642214536667,volatility_factor,0.1417543739080429
2015-12-03,300073.SZ,cn_a,ALL_A_ACTIVE,3,"cp,pca,tucker",0.6337025711152482,0.5420649559922849,0.6337025711152482,0.1213835986951987,1,quality_factor,0.8168196678161621,momentum_factor,0.1299258917570114,value_factor,0.034456394612789154
2015-12-03,002608.SZ,cn_a,ALL_A_ACTIVE,3,"cp,pca,tucker",0.6289858161183107,0.5419795206748456,0.6289858161183107,0.1213835986951987,1,quality_factor,0.6290183663368225,momentum_factor,0.19111736118793488,volatility_factor,0.15500707924365997
2015-12-03,601001.SH,cn_a,ALL_A_ACTIVE,3,"cp,pca,tucker",0.5939183692479568,0.5125675002685904,0.5939183692479568,0.1213835986951987,1,quality_factor,0.4700218439102173,value_factor,0.3523392677307129,momentum_factor,0.09493464976549149
2015-12-03,600031.SH,cn_a,ALL_A_ACTIVE,3,"cp,pca,tucker",0.5873176829690614,0.5050892498490274,0.5873176829690614,0.1213835986951987,1,quality_factor,0.6154743432998657,value_factor,0.15880423784255981,volatility_factor,0.15497705340385437
2015-12-03,601118.SH,cn_a,ALL_A_ACTIVE,3,"cp,pca,tucker",0.5858964818989373,0.5020659442925287,0.5858964818989373,0.1213835986951987,1,quality_factor,0.8161983489990234,volatility_factor,0.09454336017370224,value_factor,0.08474941551685333
2015-12-03,002299.SZ,cn_a,ALL_A_ACTIVE,3,"cp,pca,tucker",0.5844000230715317,0.49953587407122185,0.5844000230715317,0.1213835986951987,1,quality_factor,0.8052891492843628,volatility_factor,0.08857868611812592,value_factor,0.054633576422929764
2015-12-03,002432.SZ,cn_a,ALL_A_ACTIVE,3,"cp,pca,tucker",0.583804608869925,0.5001376566407045,0.583804608869925,0.1213835986951987,1,quality_factor,0.8604583740234375,momentum_factor,0.08834093064069748,value_factor,0.04857331141829491
2015-12-03,601666.SH,cn_a,ALL_A_ACTIVE,3,"cp,pca,tucker",0.4467385843252476,0.38275478583157824,0.4467385843252476,0.1213835986951987,1,quality_factor,0.47684571146965027,value_factor,0.21332620084285736,volatility_factor,0.2122655212879181
2015-12-04,600096.SH,cn_a,ALL_A_ACTIVE,3,"cp,pca,tucker",0.9471126452937493,0.6861219191353317,0.9471126452937493,0.4306502143541972,1,quality_factor,0.7399589419364929,value_factor,0.1902100145816803,momentum_factor,0.0461350679397583
2015-12-04,600546.SH,cn_a,ALL_A_ACTIVE,3,"cp,pca,tucker",0.8883280628674032,0.6421435337960452,0.8883280628674032,0.4306502143541972,1,quality_factor,0.551759660243988,value_factor,0.30324602127075195,momentum_factor,0.08015797287225723
2015-12-04,600339.SH,cn_a,ALL_A_ACTIVE,3,"cp,pca,tucker",0.8863403457745332,0.6433085098139542,0.8863403457745332,0.4306502143541972,1,quality_factor,0.7539738416671753,momentum_factor,0.11619597673416138,value_factor,0.0810074657201767
2015-12-04,002607.SZ,cn_a,ALL_A_ACTIVE,3,"cp,pca,tucker",0.8432658190101988,0.6130369442675984,0.8432658190101988,0.4306502143541972,1,quality_factor,0.5935725569725037,momentum_factor,0.15558655560016632,value_factor,0.14482297003269196
2015-12-04,600126.SH,cn_a,ALL_A_ACTIVE,3,"cp,pca,tucker",0.8432221946927544,0.6104047137895395,0.8432221946927544,0.4306502143541972,1,quality_factor,0.6425294280052185,value_factor,0.24872805178165436,momentum_factor,0.06374851614236832
2015-12-04,601918.SH,cn_a,ALL_A_ACTIVE,3,"cp,pca,tucker",0.8183915518274821,0.5932556683262952,0.8183915518274821,0.4306502143541972,1,quality_factor,0.9218185544013977,value_factor,0.04858146607875824,volatility_factor,0.025526395067572594
2015-12-04,600862.SH,cn_a,ALL_A_ACTIVE,3,"cp,pca,tucker",0.8144910241654261,0.5921299288820341,0.8144910241654261,0.4306502143541972,1,quality_factor,0.8501365780830383,momentum_factor,0.075825996696949,value_factor,0.045737896114587784
2015-12-04,600760.SH,cn_a,ALL_A_ACTIVE,3,"cp,pca,tucker",0.7926477310898862,0.5758565420539298,0.7926477310898862,0.4306502143541972,1,quality_factor,0.857416033744812,volatility_factor,0.06614906340837479,momentum_factor,0.06597063690423965
2015-12-04,002423.SZ,cn_a,ALL_A_ACTIVE,3,"cp,pca,tucker",0.7811240233325409,0.5663276441565858,0.7811240233325409,0.4306502143541972,1,quality_factor,0.876512348651886,value_factor,0.09577571600675583,momentum_factor,0.017928635701537132
2015-12-04,600390.SH,cn_a,ALL_A_ACTIVE,3,"cp,pca,tucker",0.7801649718960909,0.5666197589285736,0.7801649718960909,0.4306502143541972,1,quality_factor,0.7909438610076904,value_factor,0.08927649259567261,volatility_factor,0.08008798956871033
2015-12-04,300073.SZ,cn_a,ALL_A_ACTIVE,3,"cp,pca,tucker",0.7515085337825517,0.5463415921630834,0.7515085337825517,0.4306502143541972,1,quality_factor,0.7254918217658997,momentum_factor,0.13464424014091492,value_factor,0.09029584378004074
2015-12-04,002608.SZ,cn_a,ALL_A_ACTIVE,3,"cp,pca,tucker",0.7489252590907118,0.5427560632862533,0.7489252590907118,0.4306502143541972,1,quality_factor,0.6290183663368225,momentum_factor,0.19111736118793488,volatility_factor,0.15500707924365997
2015-12-04,600707.SH,cn_a,ALL_A_ACTIVE,3,"cp,pca,tucker",0.7474249131567036,0.543917837507131,0.7474249131567036,0.4306502143541972,1,quality_factor,0.8465344309806824,momentum_factor,0.10611472278833389,value_factor,0.04192492738366127
2015-12-04,002517.SZ,cn_a,ALL_A_ACTIVE,3,"cp,pca,tucker",0.7227552412383548,0.5254101411244029,0.7227552412383548,0.4306502143541972,1,quality_factor,0.720346987247467,momentum_factor,0.15613622963428497,value_factor,0.08873121440410614
2015-12-04,601001.SH,cn_a,ALL_A_ACTIVE,3,"cp,pca,tucker",0.7080352847601987,0.5124958423982114,0.7080352847601987,0.4306502143541972,1,quality_factor,0.4534437954425812,value_factor,0.36229634284973145,momentum_factor,0.0979316458106041
2015-12-04,601118.SH,cn_a,ALL_A_ACTIVE,3,"cp,pca,tucker",0.7011728475438721,0.5085611024396619,0.7011728475438721,0.4306502143541972,1,quality_factor,0.8183540105819702,volatility_factor,0.08797747641801834,value_factor,0.06441859900951385
2015-12-04,600031.SH,cn_a,ALL_A_ACTIVE,3,"cp,pca,tucker",0.6923813646861675,0.5019193637654595,0.6923813646861675,0.4306502143541972,1,quality_factor,0.6590868234634399,value_factor,0.13013653457164764,momentum_factor,0.12683317065238953
2015-12-04,002432.SZ,cn_a,ALL_A_ACTIVE,3,"cp,pca,tucker",0.6832798332257571,0.49759376368598174,0.6832798332257571,0.4306502143541972,1,quality_factor,0.8136805295944214,volatility_factor,0.08860602974891663,momentum_factor,0.07232190668582916
2015-12-04,002299.SZ,cn_a,ALL_A_ACTIVE,3,"cp,pca,tucker",0.6822832657760216,0.4964441973528389,0.6822832657760216,0.4306502143541972,1,quality_factor,0.8346373438835144,momentum_factor,0.06830050051212311,volatility_factor,0.0665956363081932
2015-12-04,601666.SH,cn_a,ALL_A_ACTIVE,3,"cp,pca,tucker",0.5485604631255838,0.3948767902113615,0.5485604631255838,0.4306502143541972,1,quality_factor,0.49273231625556946,value_factor,0.20074062049388885,volatility_factor,0.1765248030424118
2015-12-07,600096.SH,cn_a,ALL_A_ACTIVE,3,"cp,pca,tucker",0.7972384696827449,0.6864293252759058,0.7972384696827449,0.11857473850250244,1,quality_factor,0.8142439723014832,momentum_factor,0.13369135558605194,value_factor,0.04596913233399391
2015-12-07,600546.SH,cn_a,ALL_A_ACTIVE,3,"cp,pca,tucker",0.7474453111206589,0.6475590151690939,0.7474453111206589,0.11857473850250244,1,quality_factor,0.5594514608383179,value_factor,0.298626184463501,momentum_factor,0.07876744866371155
2015-12-07,600339.SH,cn_a,ALL_A_ACTIVE,3,"cp,pca,tucker",0.7409223788303739,0.6361855937936961,0.7409223788303739,0.11857473850250244,1,quality_factor,0.8421067595481873,momentum_factor,0.11276424676179886,value_factor,0.02647281251847744
2015-12-07,002607.SZ,cn_a,ALL_A_ACTIVE,3,"cp,pca,tucker",0.7283119284200654,0.622600457451019,0.7283119284200654,0.11857473850250244,1,quality_factor,0.5844234228134155,momentum_factor,0.18713738024234772,value_factor,0.14323382079601288
2015-12-07,600126.SH,cn_a,ALL_A_ACTIVE,3,"cp,pca,tucker",0.7178620798886297,0.6193171663165625,0.7178620798886297,0.11857473850250244,1,quality_factor,0.6498631238937378,value_factor,0.2443232536315918,momentum_factor,0.06242271512746811
2015-12-07,600862.SH,cn_a,ALL_A_ACTIVE,3,"cp,pca,tucker",0.686415072875792,0.5880213344912479,0.686415072875792,0.11857473850250244,1,quality_factor,0.9105781316757202,momentum_factor,0.05216412618756294,value_factor,0.023264920338988304
2015-12-07,601918.SH,cn_a,ALL_A_ACTIVE,3,"cp,pca,tucker",0.6855527384910717,0.5907095450875155,0.6855527384910717,0.11857473850250244,1,quality_factor,0.9297792911529541,value_factor,0.04028904438018799,volatility_factor,0.028292590752243996
2015-12-07,600390.SH,cn_a,ALL_A_ACTIVE,3,"cp,pca,tucker",0.6779641023487294,0.581544445768526,0.6779641023487294,0.11857473850250244,1,quality_factor,0.8277959227561951,volatility_factor,0.08411695063114166,value_factor,0.0638299435377121
2015-12-07,600760.SH,cn_a,ALL_A_ACTIVE,3,"cp,pca,tucker",0.6753297190475062,0.5792822450192426,0.6753297190475062,0.11857473850250244,1,quality_factor,0.8307267427444458,volatility_factor,0.08119872212409973,momentum_factor,0.06549078226089478
2015-12-07,002423.SZ,cn_a,ALL_A_ACTIVE,3,"cp,pca,tucker",0.6637750528545286,0.571404310910591,0.6637750528545286,0.11857473850250244,1,quality_factor,0.8838146924972534,value_factor,0.08816905319690704,momentum_factor,0.01569550670683384
2015-12-07,300073.SZ,cn_a,ALL_A_ACTIVE,3,"cp,pca,tucker",0.6622936166965226,0.5651053639209295,0.6622936166965226,0.11857473850250244,1,quality_factor,0.651923656463623,momentum_factor,0.19450616836547852,value_factor,0.11210642755031586
2015-12-07,600707.SH,cn_a,ALL_A_ACTIVE,3,"cp,pca,tucker",0.6384330707724569,0.5450764365419126,0.6384330707724569,0.11857473850250244,1,quality_factor,0.8465344309806824,momentum_factor,0.10611472278833389,value_factor,0.04192492738366127
2015-12-07,002608.SZ,cn_a,ALL_A_ACTIVE,3,"cp,pca,tucker",0.6323016140818544,0.5438075436452102,0.6323016140818544,0.11857473850250244,1,quality_factor,0.6290183663368225,momentum_factor,0.19111736118793488,volatility_factor,0.15500707924365997
2015-12-07,002299.SZ,cn_a,ALL_A_ACTIVE,3,"cp,pca,tucker",0.6002852523031212,0.5116840975346433,0.6002852523031212,0.11857473850250244,1,quality_factor,0.8287099599838257,momentum_factor,0.12209020555019379,value_factor,0.03194641321897507
2015-12-07,601001.SH,cn_a,ALL_A_ACTIVE,3,"cp,pca,tucker",0.596048401558915,0.5138236241825863,0.596048401558915,0.11857473850250244,1,quality_factor,0.4594672918319702,value_factor,0.3586784899234772,momentum_factor,0.0968427062034607
2015-12-07,601118.SH,cn_a,ALL_A_ACTIVE,3,"cp,pca,tucker",0.5949636116629612,0.5093994481359354,0.5949636116629612,0.11857473850250244,1,quality_factor,0.8683815598487854,volatility_factor,0.06239750236272812,value_factor,0.049824703484773636
2015-12-07,002517.SZ,cn_a,ALL_A_ACTIVE,3,"cp,pca,tucker",0.5915216314671267,0.5046335043010933,0.5915216314671267,0.11857473850250244,1,quality_factor,0.8479164242744446,momentum_factor,0.1066611260175705,volatility_factor,0.03223320469260216
2015-12-07,600031.SH,cn_a,ALL_A_ACTIVE,3,"cp,pca,tucker",0.5853537814131172,0.5027849549172212,0.5853537814131172,0.11857473850250244,1,quality_factor,0.6653544306755066,momentum_factor,0.1313917338848114,value_factor,0.12664160132408142
2015-12-07,002432.SZ,cn_a,ALL_A_ACTIVE,3,"cp,pca,tucker",0.5836797132709409,0.4980414189607947,0.5836797132709409,0.11857473850250244,1,quality_factor,0.8450177311897278,volatility_factor,0.07158242166042328,momentum_factor,0.07079145312309265
2015-12-07,601666.SH,cn_a,ALL_A_ACTIVE,3,"cp,pca,tucker",0.4589377876564495,0.3956264132346032,0.4589377876564495,0.11857473850250244,1,quality_factor,0.4909430742263794,value_factor,0.20147719979286194,volatility_factor,0.17741529643535614
2015-12-08,600096.SH,cn_a,ALL_A_ACTIVE,3,"cp,pca,tucker",0.907899051993502,0.6700636894354086,0.907899051993502,0.24073524470441043,1,quality_factor,0.7218958139419556,value_factor,0.20105911791324615,momentum_factor,0.049400560557842255
2015-12-08,600546.SH,cn_a,ALL_A_ACTIVE,3,"cp,pca,tucker",0.8665690878135582,0.6372615313755052,0.8665690878135582,0.24073524470441043,1,quality_factor,0.5378366708755493,value_factor,0.3116084039211273,momentum_factor,0.08267498016357422
2015-12-08,600339.SH,cn_a,ALL_A_ACTIVE,3,"cp,pca,tucker",0.8478582804909935,0.6242164246849183,0.8478582804909935,0.24073524470441043,1,quality_factor,0.9362845420837402,value_factor,0.03186158463358879,volatility_factor,0.03103552758693695
2015-12-08,600126.SH,cn_a,ALL_A_ACTIVE,3,"cp,pca,tucker",0.829875548715061,0.6120871751346777,0.829875548715061,0.24073524470441043,1,quality_factor,0.6291560530662537,value_factor,0.25676029920578003,momentum_factor,0.06616616249084473
2015-12-08,601918.SH,cn_a,ALL_A_ACTIVE,3,"cp,pca,tucker",0.7968866780174525,0.5858584184127268,0.7968866780174525,0.24073524470441043,1,quality_factor,0.9071820974349976,value_factor,0.06382786482572556,volatility_factor,0.020440487191081047
2015-12-08,002607.SZ,cn_a,ALL_A_ACTIVE,3,"cp,pca,tucker",0.7937952883492735,0.5852056007318472,0.7937952883492735,0.24073524470441043,1,quality_factor,0.8065860271453857,momentum_factor,0.13485927879810333,volatility_factor,0.03152903541922569
2015-12-08,600862.SH,cn_a,ALL_A_ACTIVE,3,"cp,pca,tucker",0.791996707124563,0.5820752840008862,0.791996707124563,0.24073524470441043,1,quality_factor,0.7151017189025879,value_factor,0.156477689743042,volatility_factor,0.07653968036174774
2015-12-08,600390.SH,cn_a,ALL_A_ACTIVE,3,"cp,pca,tucker",0.7794816021619498,0.5733584870976333,0.7794816021619498,0.24073524470441043,1,quality_factor,0.8321318030357361,value_factor,0.07822346687316895,volatility_factor,0.05871574953198433
2015-12-08,600760.SH,cn_a,ALL_A_ACTIVE,3,"cp,pca,tucker",0.7793991644313558,0.5727266195062458,0.7793991644313558,0.24073524470441043,1,quality_factor,0.7529023289680481,value_factor,0.13120172917842865,volatility_factor,0.07078258693218231
2015-12-08,002423.SZ,cn_a,ALL_A_ACTIVE,3,"cp,pca,tucker",0.7677118510915312,0.5647509703177139,0.7677118510915312,0.24073524470441043,1,quality_factor,0.8630756735801697,value_factor,0.10977235436439514,momentum_factor,0.022037701681256294
2015-12-08,300073.SZ,cn_a,ALL_A_ACTIVE,3,"cp,pca,tucker",0.7561214241821852,0.5604973513517388,0.7561214241821852,0.24073524470441043,1,quality_factor,0.6791934370994568,momentum_factor,0.21814963221549988,volatility_factor,0.052212294191122055
2015-12-08,600707.SH,cn_a,ALL_A_ACTIVE,3,"cp,pca,tucker",0.7411475047369122,0.5463850937614397,0.7411475047369122,0.24073524470441043,1,quality_factor,0.8465344309806824,momentum_factor,0.10611472278833389,value_factor,0.04192492738366127
2015-12-08,002608.SZ,cn_a,ALL_A_ACTIVE,3,"cp,pca,tucker",0.739332728631823,0.5461614485980967,0.739332728631823,0.24073524470441043,1,quality_factor,0.9113042950630188,value_factor,0.05953386425971985,volatility_factor,0.021872879937291145
2015-12-08,002299.SZ,cn_a,ALL_A_ACTIVE,3,"cp,pca,tucker",0.6837412161039716,0.5058279363475224,0.6837412161039716,0.24073524470441043,1,quality_factor,0.861575722694397,momentum_factor,0.09669438749551773,volatility_factor,0.036517418920993805
2015-12-08,601001.SH,cn_a,ALL_A_ACTIVE,3,"cp,pca,tucker",0.6832972687635817,0.5047373304310702,0.6832972687635817,0.24073524470441043,1,quality_factor,0.4425247311592102,value_factor,0.3688545227050781,momentum_factor,0.0999056026339531
2015-12-08,600031.SH,cn_a,ALL_A_ACTIVE,3,"cp,pca,tucker",0.6759040681283869,0.4999616344576489,0.6759040681283869,0.24073524470441043,1,quality_factor,0.6361116170883179,momentum_factor,0.14115683734416962,value_factor,0.1374099999666214
2015-12-08,002517.SZ,cn_a,ALL_A_ACTIVE,3,"cp,pca,tucker",0.6726137516500277,0.49863279682542916,0.6726137516500277,0.24073524470441043,1,quality_factor,0.894477903842926,momentum_factor,0.04309665784239769,value_factor,0.03199366480112076
2015-12-08,002432.SZ,cn_a,ALL_A_ACTIVE,3,"cp,pca,tucker",0.6658941986820325,0.4894988413309884,0.6658941986820325,0.24073524470441043,1,quality_factor,0.7004513144493103,volatility_factor,0.135073721408844,momentum_factor,0.12654337286949158
2015-12-08,601118.SH,cn_a,ALL_A_ACTIVE,3,"cp,pca,tucker",0.6655104066482386,0.49422896831498814,0.6655104066482386,0.24073524470441043,1,quality_factor,0.760084867477417,value_factor,0.1020834743976593,volatility_factor,0.09592721611261368
2015-12-08,601666.SH,cn_a,ALL_A_ACTIVE,3,"cp,pca,tucker",0.5107204623928876,0.38781591274519817,0.5107204623928876,0.24073524470441043,1,quality_factor,0.4801717698574066,value_factor,0.19978798925876617,momentum_factor,0.16545641422271729
2015-12-09,600096.SH,cn_a,ALL_A_ACTIVE,3,"cp,pca,tucker",0.8003473554437548,0.6684616812231368,0.8003473554437548,0.13714075026412806,1,quality_factor,0.7078955769538879,value_factor,0.20946788787841797,momentum_factor,0.05193152651190758
2015-12-09,600546.SH,cn_a,ALL_A_ACTIVE,3,"cp,pca,tucker",0.7644140163386406,0.6387135102075027,0.7644140163386406,0.13714075026412806,1,quality_factor,0.5270678997039795,value_factor,0.31807631254196167,momentum_factor,0.08462177962064743
2015-12-09,600339.SH,cn_a,ALL_A_ACTIVE,3,"cp,pca,tucker",0.7479107357484079,0.6233301622730503,0.7479107357484079,0.13714075026412806,1,quality_factor,0.9283897876739502,value_factor,0.041736457496881485,volatility_factor,0.027809759601950645
2015-12-09,600126.SH,cn_a,ALL_A_ACTIVE,3,"cp,pca,tucker",0.7302275052159278,0.6100621463999505,0.7302275052159278,0.13714075026412806,1,quality_factor,0.6187244057655334,value_factor,0.2630257308483124,momentum_factor,0.06805200129747391
2015-12-09,600390.SH,cn_a,ALL_A_ACTIVE,3,"cp,pca,tucker",0.7154142094634216,0.5960970060080913,0.7154142094634216,0.13714075026412806,1,quality_factor,0.8870553970336914,momentum_factor,0.04462739825248718,value_factor,0.0350012443959713
2015-12-09,600862.SH,cn_a,ALL_A_ACTIVE,3,"cp,pca,tucker",0.7089457430462622,0.5900511193587774,0.7089457430462622,0.13714075026412806,1,quality_factor,0.9106214642524719,momentum_factor,0.049363911151885986,value_factor,0.023745501413941383
2015-12-09,601918.SH,cn_a,ALL_A_ACTIVE,3,"cp,pca,tucker",0.7060415954969147,0.5887691009769666,0.7060415954969147,0.13714075026412806,1,quality_factor,0.895656406879425,value_factor,0.07583386451005936,volatility_factor,0.01643551141023636
2015-12-09,002607.SZ,cn_a,ALL_A_ACTIVE,3,"cp,pca,tucker",0.7038947381629487,0.5863527358164988,0.7038947381629487,0.13714075026412806,1,quality_factor,0.7694469690322876,momentum_factor,0.1493198275566101,volatility_factor,0.07886376976966858
2015-12-09,600760.SH,cn_a,ALL_A_ACTIVE,3,"cp,pca,tucker",0.6904733445000458,0.5747613627694808,0.6904733445000458,0.13714075026412806,1,quality_factor,0.7593574523925781,value_factor,0.12688535451889038,volatility_factor,0.06979944556951523
2015-12-09,002423.SZ,cn_a,ALL_A_ACTIVE,3,"cp,pca,tucker",0.6883427900038163,0.5740491328580613,0.6883427900038163,0.13714075026412806,1,quality_factor,0.8524850606918335,value_factor,0.1208043172955513,momentum_factor,0.025276413187384605
2015-12-09,300073.SZ,cn_a,ALL_A_ACTIVE,3,"cp,pca,tucker",0.6867281016552823,0.5730738349394463,0.6867281016552823,0.13714075026412806,1,quality_factor,0.6459254026412964,momentum_factor,0.24459992349147797,value_factor,0.08144371956586838
2015-12-09,600707.SH,cn_a,ALL_A_ACTIVE,3,"cp,pca,tucker",0.6573166793705054,0.5470806794783335,0.6573166793705054,0.13714075026412806,1,quality_factor,0.8465344309806824,momentum_factor,0.10611472278833389,value_factor,0.04192492738366127
2015-12-09,002608.SZ,cn_a,ALL_A_ACTIVE,3,"cp,pca,tucker",0.6560191557851357,0.5477995955858537,0.6560191557851357,0.13714075026412806,1,quality_factor,0.8975169062614441,value_factor,0.07389581203460693,volatility_factor,0.017082011327147484
2015-12-09,002299.SZ,cn_a,ALL_A_ACTIVE,3,"cp,pca,tucker",0.6093849717175891,0.5077554422968323,0.6093849717175891,0.13714075026412806,1,quality_factor,0.7892937660217285,momentum_factor,0.11554700136184692,volatility_factor,0.07794326543807983
2015-12-09,601001.SH,cn_a,ALL_A_ACTIVE,3,"cp,pca,tucker",0.6022383800855726,0.5033535086858942,0.6022383800855726,0.13714075026412806,1,quality_factor,0.4340653717517853,value_factor,0.3739353120326996,momentum_factor,0.1014348715543747
2015-12-09,600031.SH,cn_a,ALL_A_ACTIVE,3,"cp,pca,tucker",0.5956309700703738,0.49746537035015886,0.5956309700703738,0.13714075026412806,1,quality_factor,0.5889018774032593,value_factor,0.1603260338306427,momentum_factor,0.1259250044822693
2015-12-09,601118.SH,cn_a,ALL_A_ACTIVE,3,"cp,pca,tucker",0.5923627197303972,0.4952149910813713,0.5923627197303972,0.13714075026412806,1,quality_factor,0.7458908557891846,volatility_factor,0.11213414371013641,value_factor,0.10991227626800537
2015-12-09,002517.SZ,cn_a,ALL_A_ACTIVE,3,"cp,pca,tucker",0.5902233584405533,0.4923089298221502,0.5902233584405533,0.13714075026412806,1,quality_factor,0.9324202537536621,volatility_factor,0.044586971402168274,value_factor,0.022776538506150246
2015-12-09,002432.SZ,cn_a,ALL_A_ACTIVE,3,"cp,pca,tucker",0.588626019512137,0.4891686502954053,0.588626019512137,0.13714075026412806,1,quality_factor,0.6456577181816101,volatility_factor,0.16359871625900269,momentum_factor,0.1332365870475769
2015-12-09,601666.SH,cn_a,ALL_A_ACTIVE,3,"cp,pca,tucker",0.4617461212326992,0.39099203692535855,0.4617461212326992,0.13714075026412806,1,quality_factor,0.46723246574401855,value_factor,0.20823737978935242,volatility_factor,0.17540079355239868
2015-12-10,600096.SH,cn_a,ALL_A_ACTIVE,3,"cp,pca,tucker",0.7276922904546207,0.6578021504027814,0.7276922904546207,0.11531264583269756,1,quality_factor,0.7001691460609436,value_factor,0.21410849690437317,momentum_factor,0.053328316658735275
2015-12-10,600546.SH,cn_a,ALL_A_ACTIVE,3,"cp,pca,tucker",0.7051350473281613,0.6359399858521354,0.7051350473281613,0.11531264583269756,1,quality_factor,0.5211331844329834,value_factor,0.32164081931114197,momentum_factor,0.08569466322660446
2015-12-10,600339.SH,cn_a,ALL_A_ACTIVE,3,"cp,pca,tucker",0.6746529603100214,0.6104958777688411,0.6746529603100214,0.11531264583269756,1,quality_factor,0.9231064915657043,value_factor,0.04723987728357315,volatility_factor,0.02597392350435257
2015-12-10,600126.SH,cn_a,ALL_A_ACTIVE,3,"cp,pca,tucker",0.6687185621969728,0.6041218117537476,0.6687185621969728,0.11531264583269756,1,quality_factor,0.6129423975944519,value_factor,0.26649853587150574,momentum_factor,0.06909728795289993
2015-12-10,601918.SH,cn_a,ALL_A_ACTIVE,3,"cp,pca,tucker",0.6507438178388139,0.5882207891785922,0.6507438178388139,0.11531264583269756,1,quality_factor,0.8892263770103455,value_factor,0.08253183960914612,volatility_factor,0.014201195910573006
2015-12-10,600390.SH,cn_a,ALL_A_ACTIVE,3,"cp,pca,tucker",0.6419272041747929,0.5813109219080687,0.6419272041747929,0.11531264583269756,1,quality_factor,0.7672507166862488,volatility_factor,0.1185288354754448,momentum_factor,0.05936933681368828
2015-12-10,600862.SH,cn_a,ALL_A_ACTIVE,3,"cp,pca,tucker",0.6394519525094275,0.5792419418851501,0.6394519525094275,0.11531264583269756,1,quality_factor,0.9275610446929932,volatility_factor,0.027327168732881546,momentum_factor,0.023300770670175552
2015-12-10,002607.SZ,cn_a,ALL_A_ACTIVE,3,"cp,pca,tucker",0.6382943309320549,0.5785128437451624,0.6382943309320549,0.11531264583269756,1,quality_factor,0.7722492218017578,momentum_factor,0.1269940435886383,volatility_factor,0.08415783941745758
2015-12-10,002423.SZ,cn_a,ALL_A_ACTIVE,3,"cp,pca,tucker",0.6243986856797576,0.5645817249814667,0.6243986856797576,0.11531264583269756,1,quality_factor,0.8455243706703186,value_factor,0.12680548429489136,momentum_factor,0.027050824835896492
2015-12-10,300073.SZ,cn_a,ALL_A_ACTIVE,3,"cp,pca,tucker",0.6198662566419549,0.5625542659746375,0.6198662566419549,0.11531264583269756,1,quality_factor,0.6601153612136841,momentum_factor,0.22955410182476044,volatility_factor,0.06203961744904518
2015-12-10,600760.SH,cn_a,ALL_A_ACTIVE,3,"cp,pca,tucker",0.6191052680553124,0.5604655709137564,0.6191052680553124,0.11531264583269756,1,quality_factor,0.7630825042724609,value_factor,0.12439454346895218,volatility_factor,0.06923211365938187
2015-12-10,002608.SZ,cn_a,ALL_A_ACTIVE,3,"cp,pca,tucker",0.6053998345248425,0.5477544865534623,0.6053998345248425,0.11531264583269756,1,quality_factor,0.889854907989502,value_factor,0.08187710493803024,volatility_factor,0.014419603161513805
2015-12-10,600707.SH,cn_a,ALL_A_ACTIVE,3,"cp,pca,tucker",0.6000442427953089,0.5443416892733729,0.6000442427953089,0.11531264583269756,1,quality_factor,0.8465344309806824,momentum_factor,0.10611472278833389,value_factor,0.04192492738366127
2015-12-10,601001.SH,cn_a,ALL_A_ACTIVE,3,"cp,pca,tucker",0.5588962059724373,0.5050932194942509,0.5588962059724373,0.11531264583269756,1,quality_factor,0.42939823865890503,value_factor,0.3767385184764862,momentum_factor,0.10227862745523453
2015-12-10,600031.SH,cn_a,ALL_A_ACTIVE,3,"cp,pca,tucker",0.5501320584069121,0.49792917526564934,0.5501320584069121,0.11531264583269756,1,quality_factor,0.5823464393615723,value_factor,0.16457781195640564,volatility_factor,0.13526113331317902
2015-12-10,002299.SZ,cn_a,ALL_A_ACTIVE,3,"cp,pca,tucker",0.5488971231676963,0.49823935043507367,0.5488971231676963,0.11531264583269756,1,quality_factor,0.8001221418380737,momentum_factor,0.08279580622911453,volatility_factor,0.08186586946249008
2015-12-10,601118.SH,cn_a,ALL_A_ACTIVE,3,"cp,pca,tucker",0.5453187268345884,0.4942156359714938,0.5453187268345884,0.11531264583269756,1,quality_factor,0.7249948978424072,volatility_factor,0.12999708950519562,value_factor,0.12013516575098038
2015-12-10,002517.SZ,cn_a,ALL_A_ACTIVE,3,"cp,pca,tucker",0.5402401379144197,0.4902464179816663,0.5402401379144197,0.11531264583269756,1,quality_factor,0.9735539555549622,momentum_factor,0.018311714753508568,value_factor,0.005581986624747515
2015-12-10,002432.SZ,cn_a,ALL_A_ACTIVE,3,"cp,pca,tucker",0.5261127859825389,0.4772544418265341,0.5261127859825389,0.11531264583269756,1,quality_factor,0.5986953973770142,volatility_factor,0.1795053780078888,momentum_factor,0.16662049293518066
2015-12-10,601666.SH,cn_a,ALL_A_ACTIVE,3,"cp,pca,tucker",0.43763824917512356,0.3959645914115055,0.43763824917512356,0.11531264583269756,1,quality_factor,0.4642620086669922,value_factor,0.21100851893424988,volatility_factor,0.18400757014751434
2015-12-11,600096.SH,cn_a,ALL_A_ACTIVE,3,"cp,pca,tucker",0.7372583861383056,0.6633756301483632,0.7372583861383056,0.13148369640111923,1,quality_factor,0.7039046287536621,value_factor,0.2118648886680603,momentum_factor,0.052653003484010696
2015-12-11,600546.SH,cn_a,ALL_A_ACTIVE,3,"cp,pca,tucker",0.7022552644214336,0.6377901192460208,0.7022552644214336,0.13148369640111923,1,quality_factor,0.5240017771720886,value_factor,0.3199179470539093,momentum_factor,0.08517608791589737
2015-12-11,600339.SH,cn_a,ALL_A_ACTIVE,3,"cp,pca,tucker",0.6996309698233708,0.6277836254281025,0.6996309698233708,0.13148369640111923,1,quality_factor,0.8927871584892273,momentum_factor,0.040190935134887695,volatility_factor,0.033761244267225266
2015-12-11,600126.SH,cn_a,ALL_A_ACTIVE,3,"cp,pca,tucker",0.6751420543114662,0.6088056213993017,0.6751420543114662,0.13148369640111923,1,quality_factor,0.6157400608062744,value_factor,0.2648181915283203,momentum_factor,0.06859152019023895
2015-12-11,002607.SZ,cn_a,ALL_A_ACTIVE,3,"cp,pca,tucker",0.6663917445181348,0.5944808416003343,0.6663917445181348,0.13148369640111923,1,quality_factor,0.7541148066520691,momentum_factor,0.16914530098438263,volatility_factor,0.04017672687768936
2015-12-11,601918.SH,cn_a,ALL_A_ACTIVE,3,"cp,pca,tucker",0.6537151358901606,0.5894874338004771,0.6537151358901606,0.13148369640111923,1,quality_factor,0.8923413157463074,value_factor,0.0792870968580246,volatility_factor,0.015283580869436264
2015-12-11,600862.SH,cn_a,ALL_A_ACTIVE,3,"cp,pca,tucker",0.6484896402802668,0.5811347860547004,0.6484896402802668,0.13148369640111923,1,quality_factor,0.9203606247901917,volatility_factor,0.031508225947618484,value_factor,0.025028357282280922
2015-12-11,600760.SH,cn_a,ALL_A_ACTIVE,3,"cp,pca,tucker",0.6346264059034264,0.5697006567068466,0.6346264059034264,0.13148369640111923,1,quality_factor,0.7999075055122375,momentum_factor,0.11443810164928436,volatility_factor,0.08328395336866379
2015-12-11,600390.SH,cn_a,ALL_A_ACTIVE,3,"cp,pca,tucker",0.6309644525388969,0.566292955269927,0.6309644525388969,0.13148369640111923,1,quality_factor,0.6831247210502625,volatility_factor,0.1414692997932434,momentum_factor,0.1371484249830246
2015-12-11,002423.SZ,cn_a,ALL_A_ACTIVE,3,"cp,pca,tucker",0.6281143062885401,0.5657455601377767,0.6281143062885401,0.13148369640111923,1,quality_factor,0.8494373559951782,value_factor,0.12397903203964233,momentum_factor,0.026208430528640747
2015-12-11,300073.SZ,cn_a,ALL_A_ACTIVE,3,"cp,pca,tucker",0.6242961303940889,0.5538363316681103,0.6242961303940889,0.13148369640111923,1,quality_factor,0.7286522388458252,momentum_factor,0.16825172305107117,value_factor,0.08290278911590576
2015-12-11,600707.SH,cn_a,ALL_A_ACTIVE,3,"cp,pca,tucker",0.6143538105332975,0.5470471651722189,0.6143538105332975,0.13148369640111923,1,quality_factor,0.8465344309806824,momentum_factor,0.10611472278833389,value_factor,0.04192492738366127
2015-12-11,002608.SZ,cn_a,ALL_A_ACTIVE,3,"cp,pca,tucker",0.6101682096025746,0.5472123910734622,0.6101682096025746,0.13148369640111923,1,quality_factor,0.6290183663368225,momentum_factor,0.19111736118793488,volatility_factor,0.15500707924365997
2015-12-11,601001.SH,cn_a,ALL_A_ACTIVE,3,"cp,pca,tucker",0.565187990174851,0.5085359374046252,0.565187990174851,0.13148369640111923,1,quality_factor,0.43165457248687744,value_factor,0.3753833472728729,momentum_factor,0.10187072306871414
2015-12-11,601118.SH,cn_a,ALL_A_ACTIVE,3,"cp,pca,tucker",0.5607986747152434,0.4986194407465241,0.5607986747152434,0.13148369640111923,1,quality_factor,0.810093343257904,value_factor,0.08125698566436768,volatility_factor,0.06993303447961807
2015-12-11,002299.SZ,cn_a,ALL_A_ACTIVE,3,"cp,pca,tucker",0.5605160840571836,0.4974784953850772,0.5605160840571836,0.13148369640111923,1,quality_factor,0.9004852175712585,momentum_factor,0.05122286453843117,volatility_factor,0.03419559448957443
2015-12-11,600031.SH,cn_a,ALL_A_ACTIVE,3,"cp,pca,tucker",0.5596430314303549,0.5008623395105767,0.5596430314303549,0.13148369640111923,1,quality_factor,0.5940629243850708,value_factor,0.1611209660768509,volatility_factor,0.13572078943252563
2015-12-11,002517.SZ,cn_a,ALL_A_ACTIVE,3,"cp,pca,tucker",0.5453931170475942,0.4841147505137533,0.5453931170475942,0.13148369640111923,1,quality_factor,0.9396479725837708,value_factor,0.028436651453375816,momentum_factor,0.024129049852490425
2015-12-11,002432.SZ,cn_a,ALL_A_ACTIVE,3,"cp,pca,tucker",0.5429518244913302,0.48436132208009175,0.5429518244913302,0.13148369640111923,1,quality_factor,0.7481606006622314,momentum_factor,0.1389501392841339,volatility_factor,0.10460319370031357
2015-12-11,601666.SH,cn_a,ALL_A_ACTIVE,3,"cp,pca,tucker",0.4455101339664791,0.3932925664125586,0.4455101339664791,0.13148369640111923,1,quality_factor,0.466622918844223,value_factor,0.21122409403324127,volatility_factor,0.1882997304201126
2015-12-14,600096.SH,cn_a,ALL_A_ACTIVE,3,"cp,pca,tucker",0.7929017302378831,0.6613045831074704,0.7929017302378831,0.22034537295500436,1,quality_factor,0.7193741798400879,value_factor,0.20257359743118286,momentum_factor,0.04985640570521355
2015-12-14,600546.SH,cn_a,ALL_A_ACTIVE,3,"cp,pca,tucker",0.7728916820731776,0.6380115666177564,0.7728916820731776,0.22034537295500436,1,quality_factor,0.5358957052230835,value_factor,0.3127741515636444,momentum_factor,0.08302588015794754
2015-12-14,600339.SH,cn_a,ALL_A_ACTIVE,3,"cp,pca,tucker",0.7420334826742937,0.6211907922535619,0.7420334826742937,0.22034537295500436,1,quality_factor,0.9355649948120117,value_factor,0.03364843130111694,volatility_factor,0.030482381582260132
2015-12-14,600126.SH,cn_a,ALL_A_ACTIVE,3,"cp,pca,tucker",0.7317287411929007,0.6087764916697532,0.7317287411929007,0.22034537295500436,1,quality_factor,0.6272815465927124,value_factor,0.2578861713409424,momentum_factor,0.06650503724813461
2015-12-14,601918.SH,cn_a,ALL_A_ACTIVE,3,"cp,pca,tucker",0.7206471250015204,0.6007702809343399,0.7206471250015204,0.22034537295500436,1,quality_factor,0.9051181077957153,value_factor,0.06597793102264404,volatility_factor,0.01972326822578907
2015-12-14,600862.SH,cn_a,ALL_A_ACTIVE,3,"cp,pca,tucker",0.7009375471800547,0.5888507194360976,0.7009375471800547,0.22034537295500436,1,quality_factor,0.916499137878418,momentum_factor,0.05580930411815643,volatility_factor,0.023613102734088898
2015-12-14,002607.SZ,cn_a,ALL_A_ACTIVE,3,"cp,pca,tucker",0.6861839835741347,0.5778242961777494,0.6861839835741347,0.22034537295500436,1,quality_factor,0.8284804224967957,momentum_factor,0.10210936516523361,volatility_factor,0.05967202037572861
2015-12-14,600390.SH,cn_a,ALL_A_ACTIVE,3,"cp,pca,tucker",0.6791672377803205,0.5692691018952675,0.6791672377803205,0.22034537295500436,1,quality_factor,0.8336931467056274,value_factor,0.0771794244647026,volatility_factor,0.05847794562578201
2015-12-14,600760.SH,cn_a,ALL_A_ACTIVE,3,"cp,pca,tucker",0.6790778191478619,0.5689187979206224,0.6790778191478619,0.22034537295500436,1,quality_factor,0.7540379166603088,value_factor,0.1304423063993454,volatility_factor,0.07060960680246353
2015-12-14,002423.SZ,cn_a,ALL_A_ACTIVE,3,"cp,pca,tucker",0.6716511679093019,0.5598512060867843,0.6716511679093019,0.22034537295500436,1,quality_factor,0.8611796498298645,value_factor,0.11174732446670532,momentum_factor,0.022617504000663757
2015-12-14,002608.SZ,cn_a,ALL_A_ACTIVE,3,"cp,pca,tucker",0.6485968813570999,0.5430222830083619,0.6485968813570999,0.22034537295500436,1,quality_factor,0.9088302254676819,value_factor,0.06211110204458237,volatility_factor,0.02101316675543785
2015-12-14,600707.SH,cn_a,ALL_A_ACTIVE,3,"cp,pca,tucker",0.6484352992674466,0.5484205086444457,0.6484352992674466,0.22034537295500436,1,quality_factor,0.8465344309806824,momentum_factor,0.10611472278833389,value_factor,0.04192492738366127
2015-12-14,300073.SZ,cn_a,ALL_A_ACTIVE,3,"cp,pca,tucker",0.6426329208061283,0.544811011791684,0.6426329208061283,0.22034537295500436,1,quality_factor,0.7133399844169617,value_factor,0.10210062563419342,momentum_factor,0.09856651723384857
2015-12-14,601001.SH,cn_a,ALL_A_ACTIVE,3,"cp,pca,tucker",0.6118903195555371,0.5104211178295318,0.6118903195555371,0.22034537295500436,1,quality_factor,0.44100087881088257,value_factor,0.36976972222328186,momentum_factor,0.10018106549978256
2015-12-14,600031.SH,cn_a,ALL_A_ACTIVE,3,"cp,pca,tucker",0.5963914826626854,0.5005896615014515,0.5963914826626854,0.22034537295500436,1,quality_factor,0.6112461686134338,value_factor,0.15479305386543274,volatility_factor,0.13060137629508972
2015-12-14,002299.SZ,cn_a,ALL_A_ACTIVE,3,"cp,pca,tucker",0.5893911212318211,0.5002762359183036,0.5893911212318211,0.22034537295500436,1,quality_factor,0.9243682622909546,momentum_factor,0.04624006897211075,value_factor,0.018234189599752426
2015-12-14,601118.SH,cn_a,ALL_A_ACTIVE,3,"cp,pca,tucker",0.5889148365289251,0.49768301719469815,0.5889148365289251,0.22034537295500436,1,quality_factor,0.8105212450027466,value_factor,0.08382327109575272,volatility_factor,0.08234579861164093
2015-12-14,002432.SZ,cn_a,ALL_A_ACTIVE,3,"cp,pca,tucker",0.580367238459759,0.4904442421225473,0.580367238459759,0.22034537295500436,1,quality_factor,0.7651546597480774,momentum_factor,0.12303225696086884,volatility_factor,0.10003262758255005
2015-12-14,002517.SZ,cn_a,ALL_A_ACTIVE,3,"cp,pca,tucker",0.5678553877543328,0.4814011669204943,0.5678553877543328,0.22034537295500436,1,quality_factor,0.9141203761100769,value_factor,0.03784146532416344,momentum_factor,0.03262803331017494
2015-12-14,601666.SH,cn_a,ALL_A_ACTIVE,3,"cp,pca,tucker",0.4600532540396285,0.38898523880497665,0.4600532540396285,0.22034537295500436,1,quality_factor,0.4768238365650177,value_factor,0.20794184505939484,volatility_factor,0.18744519352912903
2015-12-15,600096.SH,cn_a,ALL_A_ACTIVE,3,"cp,pca,tucker",0.7664422970681805,0.6590162802731403,0.7664422970681805,0.15451444685459137,1,quality_factor,0.7309123873710632,value_factor,0.1956435739994049,momentum_factor,0.047770529985427856
2015-12-15,600546.SH,cn_a,ALL_A_ACTIVE,3,"cp,pca,tucker",0.738040894914567,0.6348400982796701,0.738040894914567,0.15451444685459137,1,quality_factor,0.5447825193405151,value_factor,0.30743658542633057,momentum_factor,0.08141931891441345
2015-12-15,600339.SH,cn_a,ALL_A_ACTIVE,3,"cp,pca,tucker",0.7185721704697309,0.6176689436834767,0.7185721704697309,0.15451444685459137,1,quality_factor,0.9388254880905151,volatility_factor,0.032988689839839935,value_factor,0.02555224671959877
2015-12-15,600126.SH,cn_a,ALL_A_ACTIVE,3,"cp,pca,tucker",0.7103826338561663,0.6108792926240402,0.7103826338561663,0.15451444685459137,1,quality_factor,0.6358436346054077,value_factor,0.2527436316013336,momentum_factor,0.06495717912912369
2015-12-15,601918.SH,cn_a,ALL_A_ACTIVE,3,"cp,pca,tucker",0.6999716536387411,0.6018173500236346,0.6999716536387411,0.15451444685459137,1,quality_factor,0.9145207405090332,value_factor,0.05618336796760559,volatility_factor,0.02299054153263569
2015-12-15,002607.SZ,cn_a,ALL_A_ACTIVE,3,"cp,pca,tucker",0.6973324039112444,0.5992943203889342,0.6973324039112444,0.15451444685459137,1,quality_factor,0.7239630222320557,momentum_factor,0.18224015831947327,volatility_factor,0.08674043416976929
2015-12-15,600862.SH,cn_a,ALL_A_ACTIVE,3,"cp,pca,tucker",0.6871248729351028,0.5905253163210484,0.6871248729351028,0.15451444685459137,1,quality_factor,0.8277619481086731,volatility_factor,0.09904702007770538,value_factor,0.060112643986940384
2015-12-15,600390.SH,cn_a,ALL_A_ACTIVE,3,"cp,pca,tucker",0.6734343946226881,0.5787882334188403,0.6734343946226881,0.15451444685459137,1,quality_factor,0.9066552519798279,momentum_factor,0.04355612397193909,value_factor,0.03908257186412811
2015-12-15,600760.SH,cn_a,ALL_A_ACTIVE,3,"cp,pca,tucker",0.6720829386714687,0.5776235760012459,0.6720829386714687,0.15451444685459137,1,quality_factor,0.6842305660247803,volatility_factor,0.14771662652492523,momentum_factor,0.11493378132581711
2015-12-15,002423.SZ,cn_a,ALL_A_ACTIVE,3,"cp,pca,tucker",0.668731565259982,0.5749030767643674,0.668731565259982,0.15451444685459137,1,quality_factor,0.8698145151138306,value_factor,0.1027527004480362,momentum_factor,0.01997690461575985
2015-12-15,300073.SZ,cn_a,ALL_A_ACTIVE,3,"cp,pca,tucker",0.6563380703396385,0.5639786537076855,0.6563380703396385,0.15451444685459137,1,quality_factor,0.6137910485267639,value_factor,0.14093294739723206,momentum_factor,0.12734472751617432
2015-12-15,600707.SH,cn_a,ALL_A_ACTIVE,3,"cp,pca,tucker",0.6425548516053765,0.5520961767312206,0.6425548516053765,0.15451444685459137,1,quality_factor,0.8465344309806824,momentum_factor,0.10611472278833389,value_factor,0.04192492738366127
2015-12-15,002608.SZ,cn_a,ALL_A_ACTIVE,3,"cp,pca,tucker",0.6329331664932367,0.5441119784846801,0.6329331664932367,0.15451444685459137,1,quality_factor,0.6290183663368225,momentum_factor,0.19111736118793488,volatility_factor,0.15500707924365997
2015-12-15,601001.SH,cn_a,ALL_A_ACTIVE,3,"cp,pca,tucker",0.5910173726448588,0.5082084424514209,0.5910173726448588,0.15451444685459137,1,quality_factor,0.4479745328426361,value_factor,0.3655812442302704,momentum_factor,0.09892037510871887
2015-12-15,002299.SZ,cn_a,ALL_A_ACTIVE,3,"cp,pca,tucker",0.5897545929687854,0.5066935073706591,0.5897545929687854,0.15451444685459137,1,quality_factor,0.8878488540649414,momentum_factor,0.08027332276105881,volatility_factor,0.027488233521580696
2015-12-15,600031.SH,cn_a,ALL_A_ACTIVE,3,"cp,pca,tucker",0.5825668323697731,0.5007979393394265,0.5825668323697731,0.15451444685459137,1,quality_factor,0.6260040402412415,value_factor,0.14568430185317993,momentum_factor,0.11902152746915817
2015-12-15,002432.SZ,cn_a,ALL_A_ACTIVE,3,"cp,pca,tucker",0.5804023298459519,0.49863272202894143,0.5804023298459519,0.15451444685459137,1,quality_factor,0.6792113184928894,volatility_factor,0.14908187091350555,momentum_factor,0.11958630383014679
2015-12-15,601118.SH,cn_a,ALL_A_ACTIVE,3,"cp,pca,tucker",0.5750044434447151,0.49422601580086284,0.5750044434447151,0.15451444685459137,1,quality_factor,0.7470915913581848,volatility_factor,0.11789745837450027,value_factor,0.11079961061477661
2015-12-15,002517.SZ,cn_a,ALL_A_ACTIVE,3,"cp,pca,tucker",0.5662118345022932,0.4865274874124083,0.5662118345022932,0.15451444685459137,1,quality_factor,0.9371771216392517,value_factor,0.030658196657896042,momentum_factor,0.017603516578674316
2015-12-15,601666.SH,cn_a,ALL_A_ACTIVE,3,"cp,pca,tucker",0.44628727569577714,0.384041115231233,0.44628727569577714,0.15451444685459137,1,quality_factor,0.491371750831604,value_factor,0.19753724336624146,volatility_factor,0.1598747968673706
2015-12-16,600096.SH,cn_a,ALL_A_ACTIVE,3,"cp,pca,tucker",0.7882893188125589,0.6633498704226976,0.7882893188125589,0.1642894670367241,1,quality_factor,0.8596953749656677,volatility_factor,0.05846881866455078,momentum_factor,0.048205502331256866
2015-12-16,600546.SH,cn_a,ALL_A_ACTIVE,3,"cp,pca,tucker",0.7470789839106785,0.6355124564347644,0.7470789839106785,0.1642894670367241,1,quality_factor,0.5514772534370422,value_factor,0.30341559648513794,momentum_factor,0.08020902425050735
2015-12-16,002607.SZ,cn_a,ALL_A_ACTIVE,3,"cp,pca,tucker",0.7341031725152494,0.6106570226818834,0.7341031725152494,0.1642894670367241,1,quality_factor,0.6854195594787598,momentum_factor,0.16155381500720978,value_factor,0.10319193452596664
2015-12-16,600339.SH,cn_a,ALL_A_ACTIVE,3,"cp,pca,tucker",0.7282960141626366,0.6115104499574848,0.7282960141626366,0.1642894670367241,1,quality_factor,0.8653828501701355,momentum_factor,0.06535283476114273,volatility_factor,0.06189070641994476
2015-12-16,600126.SH,cn_a,ALL_A_ACTIVE,3,"cp,pca,tucker",0.7210168400520636,0.6083922751347012,0.7210168400520636,0.1642894670367241,1,quality_factor,0.642259418964386,value_factor,0.24889016151428223,momentum_factor,0.06379731744527817
2015-12-16,601918.SH,cn_a,ALL_A_ACTIVE,3,"cp,pca,tucker",0.7163391722795528,0.6032188290445013,0.7163391722795528,0.1642894670367241,1,quality_factor,0.9215246438980103,value_factor,0.048887621611356735,volatility_factor,0.02542426623404026
2015-12-16,600862.SH,cn_a,ALL_A_ACTIVE,3,"cp,pca,tucker",0.7154144025529193,0.5977327853344264,0.7154144025529193,0.1642894670367241,1,quality_factor,0.8861743211746216,momentum_factor,0.060348112136125565,value_factor,0.032582782208919525
2015-12-16,600390.SH,cn_a,ALL_A_ACTIVE,3,"cp,pca,tucker",0.7031047603815826,0.5881841433263731,0.7031047603815826,0.1642894670367241,1,quality_factor,0.9324730634689331,volatility_factor,0.02717863954603672,value_factor,0.02565586008131504
2015-12-16,300073.SZ,cn_a,ALL_A_ACTIVE,3,"cp,pca,tucker",0.6991303144252233,0.577602093360966,0.6991303144252233,0.1642894670367241,1,quality_factor,0.5115006566047668,volatility_factor,0.1928158700466156,value_factor,0.18997173011302948
2015-12-16,600760.SH,cn_a,ALL_A_ACTIVE,3,"cp,pca,tucker",0.6976338129013352,0.5841500511641818,0.6976338129013352,0.1642894670367241,1,quality_factor,0.7843115925788879,volatility_factor,0.10456476360559464,momentum_factor,0.07374098896980286
2015-12-16,002423.SZ,cn_a,ALL_A_ACTIVE,3,"cp,pca,tucker",0.696389448067535,0.5851441692062881,0.696389448067535,0.1642894670367241,1,quality_factor,0.8091819286346436,momentum_factor,0.1227298155426979,value_factor,0.05711137503385544
2015-12-16,600707.SH,cn_a,ALL_A_ACTIVE,3,"cp,pca,tucker",0.666227183929352,0.553070364390779,0.666227183929352,0.1642894670367241,1,quality_factor,0.8465344309806824,momentum_factor,0.10611472278833389,value_factor,0.04192492738366127
2015-12-16,002608.SZ,cn_a,ALL_A_ACTIVE,3,"cp,pca,tucker",0.6471257502324556,0.5425434930373894,0.6471257502324556,0.1642894670367241,1,quality_factor,0.6290183663368225,momentum_factor,0.19111736118793488,volatility_factor,0.15500707924365997
2015-12-16,002299.SZ,cn_a,ALL_A_ACTIVE,3,"cp,pca,tucker",0.6201710983524478,0.5125808944111129,0.6201710983524478,0.1642894670367241,1,quality_factor,0.8657739758491516,momentum_factor,0.09772469103336334,value_factor,0.024431459605693817
2015-12-16,002432.SZ,cn_a,ALL_A_ACTIVE,3,"cp,pca,tucker",0.6125119184618469,0.5085060255949815,0.6125119184618469,0.1642894670367241,1,quality_factor,0.8025808930397034,volatility_factor,0.09626947343349457,momentum_factor,0.0675758421421051
2015-12-16,002517.SZ,cn_a,ALL_A_ACTIVE,3,"cp,pca,tucker",0.6102724517717516,0.5044385328401537,0.6102724517717516,0.1642894670367241,1,quality_factor,0.8900521993637085,momentum_factor,0.08017648011445999,volatility_factor,0.018693644553422928
2015-12-16,601001.SH,cn_a,ALL_A_ACTIVE,3,"cp,pca,tucker",0.6039763128055852,0.5081800062905587,0.6039763128055852,0.1642894670367241,1,quality_factor,0.524793803691864,value_factor,0.1821175515651703,momentum_factor,0.15749859809875488
2015-12-16,600031.SH,cn_a,ALL_A_ACTIVE,3,"cp,pca,tucker",0.5973147991915831,0.4994694521753244,0.5973147991915831,0.1642894670367241,1,quality_factor,0.6208122968673706,value_factor,0.14876271784305573,volatility_factor,0.1162075623869896
2015-12-16,601118.SH,cn_a,ALL_A_ACTIVE,3,"cp,pca,tucker",0.5930075452250395,0.492668547432954,0.5930075452250395,0.1642894670367241,1,quality_factor,0.7266973853111267,volatility_factor,0.1335209608078003,value_factor,0.12038373202085495
2015-12-16,002558.SZ,cn_a,ALL_A_ACTIVE,3,"cp,pca,tucker",0.4778078447859182,0.3764220857147713,0.4778078447859182,0.1642894670367241,1,quality_factor,0.4003317058086395,value_factor,0.2285751849412918,volatility_factor,0.20656447112560272
2015-12-17,600096.SH,cn_a,ALL_A_ACTIVE,3,"cp,pca,tucker",0.7717872168894443,0.6519706119251797,0.7717872168894443,0.12806649692356586,1,quality_factor,0.7544140219688416,value_factor,0.18152804672718048,momentum_factor,0.04352186620235443
2015-12-17,600546.SH,cn_a,ALL_A_ACTIVE,3,"cp,pca,tucker",0.7563706151381706,0.6371925191126776,0.7563706151381706,0.12806649692356586,1,quality_factor,0.5629250407218933,value_factor,0.2965398132801056,momentum_factor,0.07813946902751923
2015-12-17,600126.SH,cn_a,ALL_A_ACTIVE,3,"cp,pca,tucker",0.7249712135590055,0.6123806636823309,0.7249712135590055,0.12806649692356586,1,quality_factor,0.65316241979599,value_factor,0.24234157800674438,momentum_factor,0.06182624027132988
2015-12-17,600339.SH,cn_a,ALL_A_ACTIVE,3,"cp,pca,tucker",0.7246239781311968,0.6119638669621016,0.7246239781311968,0.12806649692356586,1,quality_factor,0.9452201724052429,volatility_factor,0.03790419548749924,value_factor,0.009673620574176311
2015-12-17,601918.SH,cn_a,ALL_A_ACTIVE,3,"cp,pca,tucker",0.7124314657821693,0.601563979556391,0.7124314657821693,0.12806649692356586,1,quality_factor,0.9333456754684448,value_factor,0.03657401353120804,volatility_factor,0.029531851410865784
2015-12-17,002607.SZ,cn_a,ALL_A_ACTIVE,3,"cp,pca,tucker",0.7079685521120239,0.6000032970492009,0.7079685521120239,0.12806649692356586,1,quality_factor,0.744779646396637,momentum_factor,0.1752566248178482,volatility_factor,0.04164436459541321
2015-12-17,600862.SH,cn_a,ALL_A_ACTIVE,3,"cp,pca,tucker",0.7043504101082861,0.5956836156691893,0.7043504101082861,0.12806649692356586,1,quality_factor,0.8520860075950623,volatility_factor,0.058188069611787796,value_factor,0.05160482972860336
2015-12-17,002423.SZ,cn_a,ALL_A_ACTIVE,3,"cp,pca,tucker",0.6967866179190284,0.5887985082847588,0.6967866179190284,0.12806649692356586,1,quality_factor,0.8870848417282104,value_factor,0.08476261794567108,momentum_factor,0.014695461839437485
2015-12-17,600760.SH,cn_a,ALL_A_ACTIVE,3,"cp,pca,tucker",0.6930935754329671,0.5856648727486166,0.6930935754329671,0.12806649692356586,1,quality_factor,0.7392237186431885,value_factor,0.14034807682037354,volatility_factor,0.07286584377288818
2015-12-17,600390.SH,cn_a,ALL_A_ACTIVE,3,"cp,pca,tucker",0.6907477769692378,0.5838285452324316,0.6907477769692378,0.12806649692356586,1,quality_factor,0.8989423513412476,volatility_factor,0.0487607978284359,value_factor,0.04536290466785431
2015-12-17,300073.SZ,cn_a,ALL_A_ACTIVE,3,"cp,pca,tucker",0.6701477446237326,0.5696583695842634,0.6701477446237326,0.12806649692356586,1,quality_factor,0.5843852758407593,value_factor,0.15135090053081512,momentum_factor,0.1417449414730072
2015-12-17,600707.SH,cn_a,ALL_A_ACTIVE,3,"cp,pca,tucker",0.6506379566307133,0.5514364851919311,0.6506379566307133,0.12806649692356586,1,quality_factor,0.8465344309806824,momentum_factor,0.10611472278833389,value_factor,0.04192492738366127
2015-12-17,002608.SZ,cn_a,ALL_A_ACTIVE,3,"cp,pca,tucker",0.6392719856074659,0.5406355001999684,0.6392719856074659,0.12806649692356586,1,quality_factor,0.9384279847145081,volatility_factor,0.032683148980140686,value_factor,0.026539243757724762
2015-12-17,601001.SH,cn_a,ALL_A_ACTIVE,3,"cp,pca,tucker",0.6019730952933418,0.5090715032121814,0.6019730952933418,0.12806649692356586,1,quality_factor,0.4621855318546295,value_factor,0.35704588890075684,momentum_factor,0.09635130316019058
2015-12-17,002432.SZ,cn_a,ALL_A_ACTIVE,3,"cp,pca,tucker",0.6016037466996874,0.5094711394082498,0.6016037466996874,0.12806649692356586,1,quality_factor,0.7381637692451477,volatility_factor,0.1307988315820694,momentum_factor,0.07222607731819153
2015-12-17,002299.SZ,cn_a,ALL_A_ACTIVE,3,"cp,pca,tucker",0.6003787516429332,0.5098380572056637,0.6003787516429332,0.12806649692356586,1,quality_factor,0.8514414429664612,momentum_factor,0.10301390290260315,volatility_factor,0.04009242728352547
2015-12-17,600031.SH,cn_a,ALL_A_ACTIVE,3,"cp,pca,tucker",0.5899658330043962,0.49964519587128425,0.5899658330043962,0.12806649692356586,1,quality_factor,0.6474900245666504,value_factor,0.13586026430130005,momentum_factor,0.1225612610578537
2015-12-17,002517.SZ,cn_a,ALL_A_ACTIVE,3,"cp,pca,tucker",0.5837826188571344,0.49601730354280854,0.5837826188571344,0.12806649692356586,1,quality_factor,0.9097938537597656,volatility_factor,0.04270661249756813,value_factor,0.029752550646662712
2015-12-17,601118.SH,cn_a,ALL_A_ACTIVE,3,"cp,pca,tucker",0.5827511310134749,0.49487631916858493,0.5827511310134749,0.12806649692356586,1,quality_factor,0.765851616859436,volatility_factor,0.1149851605296135,value_factor,0.10447235405445099
2015-12-17,601666.SH,cn_a,ALL_A_ACTIVE,3,"cp,pca,tucker",0.44533361520862463,0.3818024097309038,0.44533361520862463,0.12806649692356586,1,quality_factor,0.5004754662513733,value_factor,0.19463160634040833,volatility_factor,0.15922056138515472
2015-12-18,600096.SH,cn_a,ALL_A_ACTIVE,3,"cp,pca,tucker",0.7115350627825853,0.6366782003640545,0.7115350627825853,0.10058883080879848,1,quality_factor,0.7509650588035583,value_factor,0.1835995316505432,momentum_factor,0.044145368039608
2015-12-18,600546.SH,cn_a,ALL_A_ACTIVE,3,"cp,pca,tucker",0.7108665015576782,0.6422221290321003,0.7108665015576782,0.10058883080879848,1,quality_factor,0.5602591633796692,value_factor,0.29814109206199646,momentum_factor,0.07862143963575363
2015-12-18,600126.SH,cn_a,ALL_A_ACTIVE,3,"cp,pca,tucker",0.6931865837149673,0.6195894044661993,0.6931865837149673,0.10058883080879848,1,quality_factor,0.6506310701370239,value_factor,0.2438620626926422,momentum_factor,0.06228389963507652
2015-12-18,002607.SZ,cn_a,ALL_A_ACTIVE,3,"cp,pca,tucker",0.6885202369202661,0.6055756344921989,0.6885202369202661,0.10058883080879848,1,quality_factor,0.7440071702003479,momentum_factor,0.18201041221618652,value_factor,0.0736650601029396
2015-12-18,600339.SH,cn_a,ALL_A_ACTIVE,3,"cp,pca,tucker",0.6796301030635411,0.6050379350867628,0.6796301030635411,0.10058883080879848,1,quality_factor,0.8399381041526794,momentum_factor,0.09287960827350616,volatility_factor,0.06403487175703049
2015-12-18,601918.SH,cn_a,ALL_A_ACTIVE,3,"cp,pca,tucker",0.6782137282920262,0.6053592599523906,0.6782137282920262,0.10058883080879848,1,quality_factor,0.6491686105728149,momentum_factor,0.16149134933948517,volatility_factor,0.15290752053260803
2015-12-18,600390.SH,cn_a,ALL_A_ACTIVE,3,"cp,pca,tucker",0.6610892705464608,0.5855216397156245,0.6610892705464608,0.10058883080879848,1,quality_factor,0.793876051902771,volatility_factor,0.0990077331662178,value_factor,0.06823866069316864
2015-12-18,600862.SH,cn_a,ALL_A_ACTIVE,3,"cp,pca,tucker",0.6596649273415148,0.5840470869458397,0.6596649273415148,0.10058883080879848,1,quality_factor,0.7658782601356506,volatility_factor,0.12220188975334167,value_factor,0.06195273995399475
2015-12-18,600760.SH,cn_a,ALL_A_ACTIVE,3,"cp,pca,tucker",0.6592667990482913,0.5844211198741147,0.6592667990482913,0.10058883080879848,1,quality_factor,0.697712242603302,volatility_factor,0.14974971115589142,momentum_factor,0.08398894965648651
2015-12-18,002423.SZ,cn_a,ALL_A_ACTIVE,3,"cp,pca,tucker",0.6591327405692503,0.586719084313824,0.6591327405692503,0.10058883080879848,1,quality_factor,0.8073950409889221,momentum_factor,0.1202799379825592,value_factor,0.038090914487838745
2015-12-18,300073.SZ,cn_a,ALL_A_ACTIVE,3,"cp,pca,tucker",0.6479778180609052,0.5652639185679946,0.6479778180609052,0.10058883080879848,1,quality_factor,0.6390045881271362,momentum_factor,0.16637463867664337,value_factor,0.12283221632242203
2015-12-18,600707.SH,cn_a,ALL_A_ACTIVE,3,"cp,pca,tucker",0.6281802735984053,0.5508928033064536,0.6281802735984053,0.10058883080879848,1,quality_factor,0.8465344309806824,momentum_factor,0.10611472278833389,value_factor,0.04192492738366127
2015-12-18,002608.SZ,cn_a,ALL_A_ACTIVE,3,"cp,pca,tucker",0.609674511960041,0.5413033895126401,0.609674511960041,0.10058883080879848,1,quality_factor,0.6290183663368225,momentum_factor,0.19111736118793488,volatility_factor,0.15500707924365997
2015-12-18,002299.SZ,cn_a,ALL_A_ACTIVE,3,"cp,pca,tucker",0.5853284470318856,0.5104280081379987,0.5853284470318856,0.10058883080879848,1,quality_factor,0.7886285185813904,momentum_factor,0.11881737411022186,volatility_factor,0.07731342315673828
2015-12-18,002432.SZ,cn_a,ALL_A_ACTIVE,3,"cp,pca,tucker",0.5813507861427083,0.5097514796560189,0.5813507861427083,0.10058883080879848,1,quality_factor,0.6949474215507507,volatility_factor,0.15375463664531708,momentum_factor,0.07602311670780182
2015-12-18,601001.SH,cn_a,ALL_A_ACTIVE,3,"cp,pca,tucker",0.5746079458660418,0.5120769757813293,0.5746079458660418,0.10058883080879848,1,quality_factor,0.5422690510749817,value_factor,0.1757349669933319,momentum_factor,0.15136809647083282
2015-12-18,601118.SH,cn_a,ALL_A_ACTIVE,3,"cp,pca,tucker",0.568821573876633,0.4988248749309065,0.568821573876633,0.10058883080879848,1,quality_factor,0.7996653318405151,volatility_factor,0.1046920120716095,value_factor,0.09197239577770233
2015-12-18,600031.SH,cn_a,ALL_A_ACTIVE,3,"cp,pca,tucker",0.5632569513192692,0.498400280415287,0.5632569513192692,0.10058883080879848,1,quality_factor,0.6468361020088196,value_factor,0.13419999182224274,momentum_factor,0.13343316316604614
2015-12-18,002517.SZ,cn_a,ALL_A_ACTIVE,3,"cp,pca,tucker",0.5592004057358276,0.4883945886209942,0.5592004057358276,0.10058883080879848,1,quality_factor,0.7797600626945496,volatility_factor,0.11361010372638702,value_factor,0.053940027952194214
2015-12-18,002558.SZ,cn_a,ALL_A_ACTIVE,3,"cp,pca,tucker",0.4569722068274666,0.37500591758691854,0.4569722068274666,0.10058883080879848,1,quality_factor,0.4003317058086395,value_factor,0.2285751849412918,volatility_factor,0.20656447112560272
2015-12-21,600546.SH,cn_a,ALL_A_ACTIVE,3,"cp,pca,tucker",0.7601841837794878,0.6371440923858599,0.7601841837794878,0.21045746405919394,1,quality_factor,0.5636491775512695,value_factor,0.29610493779182434,momentum_factor,0.07800856977701187
2015-12-21,600096.SH,cn_a,ALL_A_ACTIVE,3,"cp,pca,tucker",0.7423785294769124,0.6148112344962023,0.7423785294769124,0.21045746405919394,1,quality_factor,0.6855708360671997,value_factor,0.1207970455288887,momentum_factor,0.11567960679531097
2015-12-21,002607.SZ,cn_a,ALL_A_ACTIVE,3,"cp,pca,tucker",0.7382856642776169,0.5922978184913669,0.7382856642776169,0.21045746405919394,1,quality_factor,0.7621951103210449,momentum_factor,0.1673218309879303,value_factor,0.05339604243636131
2015-12-21,600339.SH,cn_a,ALL_A_ACTIVE,3,"cp,pca,tucker",0.7374508726910394,0.6032013827133363,0.7374508726910394,0.21045746405919394,1,quality_factor,0.9168353080749512,momentum_factor,0.04803066328167915,value_factor,0.02590584009885788
2015-12-21,600126.SH,cn_a,ALL_A_ACTIVE,3,"cp,pca,tucker",0.7368909495316204,0.6075563373879065,0.7368909495316204,0.21045746405919394,1,quality_factor,0.6698105335235596,value_factor,0.13692323863506317,volatility_factor,0.1301756650209427
2015-12-21,601918.SH,cn_a,ALL_A_ACTIVE,3,"cp,pca,tucker",0.7258422341622454,0.596740845712706,0.7258422341622454,0.21045746405919394,1,quality_factor,0.7818055748939514,momentum_factor,0.13670897483825684,volatility_factor,0.042995646595954895
2015-12-21,600390.SH,cn_a,ALL_A_ACTIVE,3,"cp,pca,tucker",0.7177383633860127,0.5823435295954323,0.7177383633860127,0.21045746405919394,1,quality_factor,0.8124939799308777,volatility_factor,0.08686133474111557,value_factor,0.05693185701966286
2015-12-21,600760.SH,cn_a,ALL_A_ACTIVE,3,"cp,pca,tucker",0.7176638155092429,0.5828760171699988,0.7176638155092429,0.21045746405919394,1,quality_factor,0.7739928364753723,volatility_factor,0.11747369915246964,value_factor,0.05792798474431038
2015-12-21,300073.SZ,cn_a,ALL_A_ACTIVE,3,"cp,pca,tucker",0.7169797556471437,0.5662883814055161,0.7169797556471437,0.21045746405919394,1,quality_factor,0.6051996946334839,momentum_factor,0.16327053308486938,value_factor,0.13831676542758942
2015-12-21,600862.SH,cn_a,ALL_A_ACTIVE,3,"cp,pca,tucker",0.7118900669217171,0.5773108611127195,0.7118900669217171,0.21045746405919394,1,quality_factor,0.8513044118881226,volatility_factor,0.08150003105401993,value_factor,0.03986687958240509
2015-12-21,002423.SZ,cn_a,ALL_A_ACTIVE,3,"cp,pca,tucker",0.7102837606456545,0.5811822654515794,0.7102837606456545,0.21045746405919394,1,quality_factor,0.8288463354110718,momentum_factor,0.10388430207967758,value_factor,0.06160558760166168
2015-12-21,600707.SH,cn_a,ALL_A_ACTIVE,3,"cp,pca,tucker",0.6838119981561114,0.5456698469820073,0.6838119981561114,0.21045746405919394,1,quality_factor,0.8465344309806824,momentum_factor,0.10611472278833389,value_factor,0.04192492738366127
2015-12-21,002299.SZ,cn_a,ALL_A_ACTIVE,3,"cp,pca,tucker",0.6604641830853334,0.5207743951903324,0.6604641830853334,0.21045746405919394,1,quality_factor,0.7497895359992981,momentum_factor,0.16856615245342255,volatility_factor,0.062320008873939514
2015-12-21,002608.SZ,cn_a,ALL_A_ACTIVE,3,"cp,pca,tucker",0.6600323846682702,0.5377080653295307,0.6600323846682702,0.21045746405919394,1,quality_factor,0.6290183663368225,momentum_factor,0.19111736118793488,volatility_factor,0.15500707924365997
2015-12-21,002432.SZ,cn_a,ALL_A_ACTIVE,3,"cp,pca,tucker",0.6312577161549454,0.5040172502330134,0.6312577161549454,0.21045746405919394,1,quality_factor,0.6890010833740234,volatility_factor,0.15504223108291626,momentum_factor,0.08260191231966019
2015-12-21,601118.SH,cn_a,ALL_A_ACTIVE,3,"cp,pca,tucker",0.625793852451548,0.4987775634096203,0.625793852451548,0.21045746405919394,1,quality_factor,0.788169801235199,volatility_factor,0.11166288703680038,value_factor,0.09168112277984619
2015-12-21,601001.SH,cn_a,ALL_A_ACTIVE,3,"cp,pca,tucker",0.6250165121688601,0.5115228591766007,0.6250165121688601,0.21045746405919394,1,quality_factor,0.5289067029953003,value_factor,0.1877335160970688,volatility_factor,0.1671932488679886
2015-12-21,600031.SH,cn_a,ALL_A_ACTIVE,3,"cp,pca,tucker",0.6179987451246481,0.4998342107002587,0.6179987451246481,0.21045746405919394,1,quality_factor,0.6389067769050598,value_factor,0.14401252567768097,volatility_factor,0.11962530761957169
2015-12-21,002517.SZ,cn_a,ALL_A_ACTIVE,3,"cp,pca,tucker",0.6147374794419541,0.48682778393560594,0.6147374794419541,0.21045746405919394,1,quality_factor,0.7948611974716187,volatility_factor,0.10799729079008102,value_factor,0.05357493460178375
2015-12-21,002558.SZ,cn_a,ALL_A_ACTIVE,3,"cp,pca,tucker",0.5280268181898358,0.3757355975335337,0.5280268181898358,0.21045746405919394,1,quality_factor,0.4003317058086395,value_factor,0.2285751849412918,volatility_factor,0.20656447112560272
2015-12-22,600546.SH,cn_a,ALL_A_ACTIVE,3,"cp,pca,tucker",0.6490749111984155,0.6344092205861951,0.6490749111984155,0.05838977452367544,1,quality_factor,0.5646929740905762,value_factor,0.2954780161380768,momentum_factor,0.07781987637281418
2015-12-22,600096.SH,cn_a,ALL_A_ACTIVE,3,"cp,pca,tucker",0.6334955946786732,0.6202789928402034,0.6334955946786732,0.05838977452367544,1,quality_factor,0.7567002773284912,value_factor,0.18015487492084503,momentum_factor,0.04310855269432068
2015-12-22,600339.SH,cn_a,ALL_A_ACTIVE,3,"cp,pca,tucker",0.617357464586835,0.6056161204093226,0.617357464586835,0.05838977452367544,1,quality_factor,0.9458252787590027,volatility_factor,0.03836934641003609,value_factor,0.008171036839485168
2015-12-22,002607.SZ,cn_a,ALL_A_ACTIVE,3,"cp,pca,tucker",0.6064711061814009,0.5961250894219773,0.6064711061814009,0.05838977452367544,1,quality_factor,0.6640704274177551,momentum_factor,0.1381203979253769,value_factor,0.1168026477098465
2015-12-22,600126.SH,cn_a,ALL_A_ACTIVE,3,"cp,pca,tucker",0.6060574812627416,0.59317098074497,0.6060574812627416,0.05838977452367544,1,quality_factor,0.6548386216163635,value_factor,0.24133479595184326,momentum_factor,0.06152321770787239
2015-12-22,601918.SH,cn_a,ALL_A_ACTIVE,3,"cp,pca,tucker",0.6029532388565376,0.5908910907900393,0.6029532388565376,0.05838977452367544,1,quality_factor,0.9351454973220825,value_factor,0.034690044820308685,volatility_factor,0.030159931629896164
2015-12-22,002423.SZ,cn_a,ALL_A_ACTIVE,3,"cp,pca,tucker",0.591737486565837,0.5800122217983109,0.591737486565837,0.05838977452367544,1,quality_factor,0.8887426853179932,value_factor,0.08303575962781906,momentum_factor,0.014188499189913273
2015-12-22,600760.SH,cn_a,ALL_A_ACTIVE,3,"cp,pca,tucker",0.5884856166127795,0.5778118397535709,0.5884856166127795,0.05838977452367544,1,quality_factor,0.8443642258644104,volatility_factor,0.0809180736541748,momentum_factor,0.04175350069999695
2015-12-22,600862.SH,cn_a,ALL_A_ACTIVE,3,"cp,pca,tucker",0.585712238137744,0.5755005918477584,0.585712238137744,0.05838977452367544,1,quality_factor,0.8694136142730713,volatility_factor,0.07677847892045975,value_factor,0.043923504650592804
2015-12-22,600390.SH,cn_a,ALL_A_ACTIVE,3,"cp,pca,tucker",0.5844932144776649,0.5737344972028264,0.5844932144776649,0.05838977452367544,1,quality_factor,0.8056740164756775,volatility_factor,0.09761185199022293,value_factor,0.0751681700348854
2015-12-22,300073.SZ,cn_a,ALL_A_ACTIVE,3,"cp,pca,tucker",0.5648668193797413,0.5553148048136008,0.5648668193797413,0.05838977452367544,1,quality_factor,0.642970860004425,momentum_factor,0.14419220387935638,value_factor,0.12503880262374878
2015-12-22,600707.SH,cn_a,ALL_A_ACTIVE,3,"cp,pca,tucker",0.5513408560826893,0.5423235493539958,0.5513408560826893,0.05838977452367544,1,quality_factor,0.8465344309806824,momentum_factor,0.10611472278833389,value_factor,0.04192492738366127
2015-12-22,002608.SZ,cn_a,ALL_A_ACTIVE,3,"cp,pca,tucker",0.5469850784982622,0.5359444889627994,0.5469850784982622,0.05838977452367544,1,quality_factor,0.6290183663368225,momentum_factor,0.19111736118793488,volatility_factor,0.15500707924365997
2015-12-22,601001.SH,cn_a,ALL_A_ACTIVE,3,"cp,pca,tucker",0.5226423891343454,0.5116442637043629,0.5226423891343454,0.05838977452367544,1,quality_factor,0.46356844902038574,value_factor,0.3562152683734894,momentum_factor,0.0961012914776802
2015-12-22,002299.SZ,cn_a,ALL_A_ACTIVE,3,"cp,pca,tucker",0.5114260167408399,0.5030790214796974,0.5114260167408399,0.05838977452367544,1,quality_factor,0.7130017280578613,volatility_factor,0.12061671167612076,momentum_factor,0.11871355772018433
2015-12-22,002517.SZ,cn_a,ALL_A_ACTIVE,3,"cp,pca,tucker",0.5108900127555097,0.502277457387702,0.5108900127555097,0.05838977452367544,1,quality_factor,0.7725725769996643,volatility_factor,0.10051288455724716,value_factor,0.08627407252788544
2015-12-22,601118.SH,cn_a,ALL_A_ACTIVE,3,"cp,pca,tucker",0.5097059580658198,0.500046869765886,0.5097059580658198,0.05838977452367544,1,quality_factor,0.8063834309577942,volatility_factor,0.09988053143024445,value_factor,0.08084461092948914
2015-12-22,600031.SH,cn_a,ALL_A_ACTIVE,3,"cp,pca,tucker",0.5092306053438952,0.49919820888340194,0.5092306053438952,0.05838977452367544,1,quality_factor,0.6404334902763367,value_factor,0.1443479359149933,volatility_factor,0.12330343574285507
2015-12-22,002432.SZ,cn_a,ALL_A_ACTIVE,3,"cp,pca,tucker",0.5030337171287446,0.4950169575930552,0.5030337171287446,0.05838977452367544,1,quality_factor,0.6733766198158264,volatility_factor,0.156039759516716,momentum_factor,0.10760965943336487
2015-12-22,601666.SH,cn_a,ALL_A_ACTIVE,3,"cp,pca,tucker",0.39654955076083276,0.3870340124304504,0.39654955076083276,0.05838977452367544,1,quality_factor,0.4997657835483551,value_factor,0.19898724555969238,volatility_factor,0.17828232049942017
2015-12-23,600546.SH,cn_a,ALL_A_ACTIVE,3,"cp,pca,tucker",0.7906968452119063,0.6382102074117563,0.7906968452119063,0.24472501377264658,1,quality_factor,0.553676962852478,value_factor,0.302094429731369,momentum_factor,0.07981136441230774
2015-12-23,600096.SH,cn_a,ALL_A_ACTIVE,3,"cp,pca,tucker",0.7564305347065868,0.6083295483791723,0.7564305347065868,0.24472501377264658,1,quality_factor,0.7424431443214417,value_factor,0.1887180060148239,momentum_factor,0.045685987919569016
2015-12-23,002607.SZ,cn_a,ALL_A_ACTIVE,3,"cp,pca,tucker",0.750972595139265,0.5967689872206267,0.750972595139265,0.24472501377264658,1,quality_factor,0.6717764139175415,momentum_factor,0.15785999596118927,value_factor,0.10987681895494461
2015-12-23,600126.SH,cn_a,ALL_A_ACTIVE,3,"cp,pca,tucker",0.7350028351182986,0.5907433765543676,0.7350028351182986,0.24472501377264658,1,quality_factor,0.6443610191345215,value_factor,0.24762789905071259,momentum_factor,0.06341738253831863
2015-12-23,601918.SH,cn_a,ALL_A_ACTIVE,3,"cp,pca,tucker",0.7349538077422321,0.5895486421925681,0.7349538077422321,0.24472501377264658,1,quality_factor,0.923811137676239,value_factor,0.04650584235787392,volatility_factor,0.026218781247735023
2015-12-23,600339.SH,cn_a,ALL_A_ACTIVE,3,"cp,pca,tucker",0.7340725025468986,0.5880669730674942,0.7340725025468986,0.24472501377264658,1,quality_factor,0.7314006686210632,momentum_factor,0.13618990778923035,volatility_factor,0.11481230705976486
2015-12-23,600760.SH,cn_a,ALL_A_ACTIVE,3,"cp,pca,tucker",0.7162055896837809,0.5721067164513646,0.7162055896837809,0.24472501377264658,1,quality_factor,0.8121554851531982,volatility_factor,0.0910637304186821,momentum_factor,0.06712158769369125
2015-12-23,002423.SZ,cn_a,ALL_A_ACTIVE,3,"cp,pca,tucker",0.708274651082733,0.5675547875537925,0.708274651082733,0.24472501377264658,1,quality_factor,0.7520549297332764,momentum_factor,0.1612018495798111,value_factor,0.06749510765075684
2015-12-23,600862.SH,cn_a,ALL_A_ACTIVE,3,"cp,pca,tucker",0.7075064378415289,0.5648748981663095,0.7075064378415289,0.24472501377264658,1,quality_factor,0.8125719428062439,volatility_factor,0.09228232502937317,momentum_factor,0.06242598593235016
2015-12-23,600390.SH,cn_a,ALL_A_ACTIVE,3,"cp,pca,tucker",0.7006575958467872,0.5600114606975136,0.7006575958467872,0.24472501377264658,1,quality_factor,0.7803519368171692,value_factor,0.09294381737709045,volatility_factor,0.08216796070337296
2015-12-23,300073.SZ,cn_a,ALL_A_ACTIVE,3,"cp,pca,tucker",0.6849897215820531,0.5424508407978391,0.6849897215820531,0.24472501377264658,1,quality_factor,0.7174807786941528,momentum_factor,0.12972234189510345,value_factor,0.09471217542886734
2015-12-23,600707.SH,cn_a,ALL_A_ACTIVE,3,"cp,pca,tucker",0.6795747355115825,0.5393820089899264,0.6795747355115825,0.24472501377264658,1,quality_factor,0.8465344309806824,momentum_factor,0.10611472278833389,value_factor,0.04192492738366127
2015-12-23,002608.SZ,cn_a,ALL_A_ACTIVE,3,"cp,pca,tucker",0.6732236162853494,0.5382124075828002,0.6732236162853494,0.24472501377264658,1,quality_factor,0.6290183663368225,momentum_factor,0.19111736118793488,volatility_factor,0.15500707924365997
2015-12-23,601001.SH,cn_a,ALL_A_ACTIVE,3,"cp,pca,tucker",0.6382667079877685,0.5111855720146042,0.6382667079877685,0.24472501377264658,1,quality_factor,0.5260952115058899,value_factor,0.1872372329235077,volatility_factor,0.1609794646501541
2015-12-23,002299.SZ,cn_a,ALL_A_ACTIVE,3,"cp,pca,tucker",0.6342100684681857,0.5017844363581759,0.6342100684681857,0.24472501377264658,1,quality_factor,0.7480795979499817,momentum_factor,0.11976698040962219,volatility_factor,0.10022076219320297
2015-12-23,600031.SH,cn_a,ALL_A_ACTIVE,3,"cp,pca,tucker",0.6283182736521842,0.5010702570077218,0.6283182736521842,0.24472501377264658,1,quality_factor,0.6463702917098999,value_factor,0.14082010090351105,volatility_factor,0.11535842716693878
2015-12-23,002517.SZ,cn_a,ALL_A_ACTIVE,3,"cp,pca,tucker",0.6259360106715092,0.4952091670133109,0.6259360106715092,0.24472501377264658,1,quality_factor,0.7967068552970886,volatility_factor,0.11027233302593231,value_factor,0.08066117763519287
2015-12-23,601118.SH,cn_a,ALL_A_ACTIVE,3,"cp,pca,tucker",0.623512373135226,0.4949413984581472,0.623512373135226,0.24472501377264658,1,quality_factor,0.8135026097297668,value_factor,0.08210770040750504,volatility_factor,0.0786130279302597
2015-12-23,002432.SZ,cn_a,ALL_A_ACTIVE,3,"cp,pca,tucker",0.6049275834585368,0.48072078985681244,0.6049275834585368,0.24472501377264658,1,quality_factor,0.5550113320350647,volatility_factor,0.20717962086200714,momentum_factor,0.1559901386499405
2015-12-23,601666.SH,cn_a,ALL_A_ACTIVE,3,"cp,pca,tucker",0.49677188472427264,0.39317077753987056,0.49677188472427264,0.24472501377264658,1,quality_factor,0.4959322214126587,value_factor,0.19897502660751343,volatility_factor,0.1728682667016983
2015-12-24,600546.SH,cn_a,ALL_A_ACTIVE,3,"cp,pca,tucker",0.7442147450989999,0.625892316925389,0.7442147450989999,0.20623825987180075,1,quality_factor,0.5452280044555664,value_factor,0.3071690499782562,momentum_factor,0.08133877068758011
2015-12-24,600096.SH,cn_a,ALL_A_ACTIVE,3,"cp,pca,tucker",0.7316747860565229,0.6132967164042806,0.7316747860565229,0.20623825987180075,1,quality_factor,0.7314903140068054,value_factor,0.19529646635055542,momentum_factor,0.047666050493717194
2015-12-24,600126.SH,cn_a,ALL_A_ACTIVE,3,"cp,pca,tucker",0.7021187892917219,0.588407056210837,0.7021187892917219,0.20623825987180075,1,quality_factor,0.6362714171409607,value_factor,0.2524866461753845,momentum_factor,0.06487982720136642
2015-12-24,601918.SH,cn_a,ALL_A_ACTIVE,3,"cp,pca,tucker",0.6910192149552228,0.5787645500624932,0.6910192149552228,0.20623825987180075,1,quality_factor,0.9149888753890991,value_factor,0.05569571256637573,volatility_factor,0.023153215646743774
2015-12-24,600339.SH,cn_a,ALL_A_ACTIVE,3,"cp,pca,tucker",0.6908754710287899,0.5782068650142479,0.6908754710287899,0.20623825987180075,1,quality_factor,0.938986599445343,volatility_factor,0.033112574368715286,value_factor,0.025152062997221947
2015-12-24,600760.SH,cn_a,ALL_A_ACTIVE,3,"cp,pca,tucker",0.6761081007053978,0.5646608623195374,0.6761081007053978,0.20623825987180075,1,quality_factor,0.8352338671684265,volatility_factor,0.07562041282653809,momentum_factor,0.07540155202150345
2015-12-24,600390.SH,cn_a,ALL_A_ACTIVE,3,"cp,pca,tucker",0.6700740699699225,0.5596104078141674,0.6700740699699225,0.20623825987180075,1,quality_factor,0.789031445980072,volatility_factor,0.09309687465429306,value_factor,0.09268287569284439
2015-12-24,002607.SZ,cn_a,ALL_A_ACTIVE,3,"cp,pca,tucker",0.6693996359077047,0.5577942456854206,0.6693996359077047,0.20623825987180075,1,quality_factor,0.8796992897987366,momentum_factor,0.05080755054950714,value_factor,0.03714638203382492
2015-12-24,002423.SZ,cn_a,ALL_A_ACTIVE,3,"cp,pca,tucker",0.6685102179798065,0.55941216045854,0.6685102179798065,0.20623825987180075,1,quality_factor,0.8702442646026611,value_factor,0.10230501741170883,momentum_factor,0.019845478236675262
2015-12-24,600862.SH,cn_a,ALL_A_ACTIVE,3,"cp,pca,tucker",0.6592489159877627,0.5507127288860291,0.6592489159877627,0.20623825987180075,1,quality_factor,0.7818976044654846,momentum_factor,0.10241259634494781,volatility_factor,0.09705505520105362
2015-12-24,300073.SZ,cn_a,ALL_A_ACTIVE,3,"cp,pca,tucker",0.6488245626489894,0.538300817806566,0.6488245626489894,0.20623825987180075,1,quality_factor,0.6958708167076111,value_factor,0.10965637862682343,momentum_factor,0.09946217387914658
2015-12-24,600707.SH,cn_a,ALL_A_ACTIVE,3,"cp,pca,tucker",0.6441333531046233,0.5354853984737605,0.6441333531046233,0.20623825987180075,1,quality_factor,0.8465344309806824,momentum_factor,0.10611472278833389,value_factor,0.04192492738366127
2015-12-24,002608.SZ,cn_a,ALL_A_ACTIVE,3,"cp,pca,tucker",0.6438824820766061,0.5375503585145623,0.6438824820766061,0.20623825987180075,1,quality_factor,0.6290183663368225,momentum_factor,0.19111736118793488,volatility_factor,0.15500707924365997
2015-12-24,002299.SZ,cn_a,ALL_A_ACTIVE,3,"cp,pca,tucker",0.6041525446715318,0.5009322488493069,0.6041525446715318,0.20623825987180075,1,quality_factor,0.8026493191719055,momentum_factor,0.11594706028699875,volatility_factor,0.07017771154642105
2015-12-24,601001.SH,cn_a,ALL_A_ACTIVE,3,"cp,pca,tucker",0.6026478571598668,0.5038853834691011,0.6026478571598668,0.20623825987180075,1,quality_factor,0.44832390546798706,value_factor,0.365371435880661,momentum_factor,0.09885722398757935
2015-12-24,601118.SH,cn_a,ALL_A_ACTIVE,3,"cp,pca,tucker",0.5983224974895535,0.4968254100736968,0.5983224974895535,0.20623825987180075,1,quality_factor,0.826882541179657,value_factor,0.07763306796550751,volatility_factor,0.076710544526577
2015-12-24,600031.SH,cn_a,ALL_A_ACTIVE,3,"cp,pca,tucker",0.5967739862371604,0.49741441803731257,0.5967739862371604,0.20623825987180075,1,quality_factor,0.619113564491272,value_factor,0.15297333896160126,volatility_factor,0.13321879506111145
2015-12-24,002517.SZ,cn_a,ALL_A_ACTIVE,3,"cp,pca,tucker",0.5941851729169533,0.49257508752954077,0.5941851729169533,0.20623825987180075,1,quality_factor,0.8192000985145569,volatility_factor,0.09623830020427704,value_factor,0.07040609419345856
2015-12-24,002432.SZ,cn_a,ALL_A_ACTIVE,3,"cp,pca,tucker",0.578040103097562,0.4809647697614117,0.578040103097562,0.20623825987180075,1,quality_factor,0.702781617641449,volatility_factor,0.1344900280237198,momentum_factor,0.12422117590904236
2015-12-24,601666.SH,cn_a,ALL_A_ACTIVE,3,"cp,pca,tucker",0.47191948286535546,0.3902595380188791,0.47191948286535546,0.20623825987180075,1,quality_factor,0.48201942443847656,value_factor,0.2038479745388031,volatility_factor,0.17585846781730652
2015-12-25,600546.SH,cn_a,ALL_A_ACTIVE,3,"cp,pca,tucker",1.025019552025036,0.6337284761172955,1.025019552025036,0.440299150844415,1,quality_factor,0.5753677487373352,value_factor,0.2890665829181671,momentum_factor,0.07589008659124374
2015-12-25,600096.SH,cn_a,ALL_A_ACTIVE,3,"cp,pca,tucker",1.005292423009346,0.6157288817819669,1.005292423009346,0.440299150844415,1,quality_factor,0.7704905271530151,value_factor,0.1718721240758896,momentum_factor,0.040615517646074295
2015-12-25,600339.SH,cn_a,ALL_A_ACTIVE,3,"cp,pca,tucker",0.9825694276528446,0.5957870277307329,0.9825694276528446,0.440299150844415,1,quality_factor,0.9423859715461731,momentum_factor,0.03032914735376835,value_factor,0.01864364743232727
2015-12-25,600390.SH,cn_a,ALL_A_ACTIVE,3,"cp,pca,tucker",0.9791690888689201,0.5905132350014525,0.9791690888689201,0.440299150844415,1,quality_factor,0.8531639575958252,momentum_factor,0.08157161623239517,value_factor,0.04337788373231888
2015-12-25,600126.SH,cn_a,ALL_A_ACTIVE,3,"cp,pca,tucker",0.9756792059852936,0.5978918730514708,0.9756792059852936,0.440299150844415,1,quality_factor,0.6649170517921448,value_factor,0.23528152704238892,momentum_factor,0.05970122665166855
2015-12-25,601918.SH,cn_a,ALL_A_ACTIVE,3,"cp,pca,tucker",0.9669804378802568,0.5886306819089177,0.9669804378802568,0.440299150844415,1,quality_factor,0.7729321718215942,value_factor,0.09225814789533615,volatility_factor,0.06864161044359207
2015-12-25,002607.SZ,cn_a,ALL_A_ACTIVE,3,"cp,pca,tucker",0.966135876882317,0.5769161505498176,0.966135876882317,0.440299150844415,1,quality_factor,0.6862260699272156,value_factor,0.11422666162252426,volatility_factor,0.10182835906744003
2015-12-25,600760.SH,cn_a,ALL_A_ACTIVE,3,"cp,pca,tucker",0.9585395897097722,0.5777447753094781,0.9585395897097722,0.440299150844415,1,quality_factor,0.9117716550827026,momentum_factor,0.04282357171177864,volatility_factor,0.03033016435801983
2015-12-25,600862.SH,cn_a,ALL_A_ACTIVE,3,"cp,pca,tucker",0.9409669350149611,0.5645397335099874,0.9409669350149611,0.440299150844415,1,quality_factor,0.9614285230636597,volatility_factor,0.016931498423218727,momentum_factor,0.014029636047780514
2015-12-25,002423.SZ,cn_a,ALL_A_ACTIVE,3,"cp,pca,tucker",0.9398738585928169,0.5722617634919106,0.9398738585928169,0.440299150844415,1,quality_factor,0.7314790487289429,value_factor,0.11250986158847809,volatility_factor,0.10395122319459915
2015-12-25,002517.SZ,cn_a,ALL_A_ACTIVE,3,"cp,pca,tucker",0.8786490810601201,0.522666869061133,0.8786490810601201,0.440299150844415,1,quality_factor,0.7228792309761047,momentum_factor,0.19292324781417847,value_factor,0.0600668303668499
2015-12-25,300073.SZ,cn_a,ALL_A_ACTIVE,3,"cp,pca,tucker",0.8774350564899694,0.524159830627089,0.8774350564899694,0.440299150844415,1,quality_factor,0.8475586175918579,momentum_factor,0.09463067352771759,value_factor,0.043522633612155914
2015-12-25,002608.SZ,cn_a,ALL_A_ACTIVE,3,"cp,pca,tucker",0.876460359395153,0.5347296338409003,0.876460359395153,0.440299150844415,1,quality_factor,0.6290183663368225,momentum_factor,0.19111736118793488,volatility_factor,0.15500707924365997
2015-12-25,600707.SH,cn_a,ALL_A_ACTIVE,3,"cp,pca,tucker",0.8632363326422935,0.5148481765682263,0.8632363326422935,0.440299150844415,1,quality_factor,0.8879649639129639,volatility_factor,0.06257813423871994,value_factor,0.027138739824295044
2015-12-25,601118.SH,cn_a,ALL_A_ACTIVE,3,"cp,pca,tucker",0.8491707710894522,0.51191775753746,0.8491707710894522,0.440299150844415,1,quality_factor,0.7777966856956482,volatility_factor,0.09957767277956009,momentum_factor,0.06681491434574127
2015-12-25,601001.SH,cn_a,ALL_A_ACTIVE,3,"cp,pca,tucker",0.8427345850343615,0.5152248748251297,0.8427345850343615,0.440299150844415,1,quality_factor,0.5183985829353333,volatility_factor,0.21887683868408203,value_factor,0.20214909315109253
2015-12-25,600031.SH,cn_a,ALL_A_ACTIVE,3,"cp,pca,tucker",0.8393206302923821,0.509009011926009,0.8393206302923821,0.440299150844415,1,quality_factor,0.6428995728492737,volatility_factor,0.1782417893409729,value_factor,0.15553195774555206
2015-12-25,002432.SZ,cn_a,ALL_A_ACTIVE,3,"cp,pca,tucker",0.836487331826175,0.4976432327600511,0.836487331826175,0.440299150844415,1,quality_factor,0.9234991073608398,volatility_factor,0.04174809157848358,momentum_factor,0.025527114048600197
2015-12-25,002299.SZ,cn_a,ALL_A_ACTIVE,3,"cp,pca,tucker",0.8342465076646218,0.4965214167821113,0.8342465076646218,0.440299150844415,1,quality_factor,0.7783218026161194,momentum_factor,0.09710313379764557,volatility_factor,0.08991901576519012
2015-12-25,002558.SZ,cn_a,ALL_A_ACTIVE,3,"cp,pca,tucker",0.6619779240046039,0.37577296023645307,0.6619779240046039,0.440299150844415,1,quality_factor,0.4003317058086395,value_factor,0.2285751849412918,volatility_factor,0.20656447112560272
2015-12-28,600546.SH,cn_a,ALL_A_ACTIVE,3,"cp,pca,tucker",0.8590779171081738,0.6248571236697092,0.8590779171081738,0.28187116980552673,1,quality_factor,0.5550417900085449,value_factor,0.30127468705177307,momentum_factor,0.07956463098526001
2015-12-28,600126.SH,cn_a,ALL_A_ACTIVE,3,"cp,pca,tucker",0.8303475534890049,0.6024772835116753,0.8303475534890049,0.28187116980552673,1,quality_factor,0.6456633806228638,value_factor,0.24684563279151917,momentum_factor,0.06318192929029465
2015-12-28,600096.SH,cn_a,ALL_A_ACTIVE,3,"cp,pca,tucker",0.8296916054584708,0.6017798085817974,0.8296916054584708,0.28187116980552673,1,quality_factor,0.744210958480835,value_factor,0.1876561939716339,momentum_factor,0.04536639153957367
2015-12-28,600390.SH,cn_a,ALL_A_ACTIVE,3,"cp,pca,tucker",0.8191836016225036,0.5912487889323923,0.8191836016225036,0.28187116980552673,1,quality_factor,0.8574900031089783,momentum_factor,0.10517922788858414,value_factor,0.03674677014350891
2015-12-28,600339.SH,cn_a,ALL_A_ACTIVE,3,"cp,pca,tucker",0.8168573184516585,0.590115988130159,0.8168573184516585,0.28187116980552673,1,quality_factor,0.9424835443496704,volatility_factor,0.03580056130886078,value_factor,0.01646902970969677
2015-12-28,601918.SH,cn_a,ALL_A_ACTIVE,3,"cp,pca,tucker",0.8098435195361131,0.5857439315714332,0.8098435195361131,0.28187116980552673,1,quality_factor,0.9252262115478516,value_factor,0.04503180459141731,volatility_factor,0.026710493490099907
2015-12-28,600760.SH,cn_a,ALL_A_ACTIVE,3,"cp,pca,tucker",0.792013223804754,0.5710086650379004,0.792013223804754,0.28187116980552673,1,quality_factor,0.9224265813827515,volatility_factor,0.031539931893348694,value_factor,0.026858702301979065
2015-12-28,002423.SZ,cn_a,ALL_A_ACTIVE,3,"cp,pca,tucker",0.7915535594709996,0.5731401225219086,0.7915535594709996,0.28187116980552673,1,quality_factor,0.8796387910842896,value_factor,0.09251908957958221,momentum_factor,0.01697256974875927
2015-12-28,002607.SZ,cn_a,ALL_A_ACTIVE,3,"cp,pca,tucker",0.7911313011329839,0.5684395206782794,0.7911313011329839,0.28187116980552673,1,quality_factor,0.7231739163398743,value_factor,0.10087749361991882,volatility_factor,0.09487089514732361
2015-12-28,600862.SH,cn_a,ALL_A_ACTIVE,3,"cp,pca,tucker",0.7737299570595985,0.5562766145058734,0.7737299570595985,0.28187116980552673,1,quality_factor,0.9506440758705139,momentum_factor,0.022439341992139816,volatility_factor,0.02209067903459072
2015-12-28,002608.SZ,cn_a,ALL_A_ACTIVE,3,"cp,pca,tucker",0.7375686507301547,0.5353741322714503,0.7375686507301547,0.28187116980552673,1,quality_factor,0.6290183663368225,momentum_factor,0.19111736118793488,volatility_factor,0.15500707924365997
2015-12-28,300073.SZ,cn_a,ALL_A_ACTIVE,3,"cp,pca,tucker",0.7222296982035866,0.5203720727402127,0.7222296982035866,0.28187116980552673,1,quality_factor,0.8567195534706116,momentum_factor,0.0996842235326767,volatility_factor,0.038478247821331024
2015-12-28,601001.SH,cn_a,ALL_A_ACTIVE,3,"cp,pca,tucker",0.7044426302158168,0.5117036080671696,0.7044426302158168,0.28187116980552673,1,quality_factor,0.45601487159729004,value_factor,0.360752135515213,momentum_factor,0.0974668562412262
2015-12-28,600707.SH,cn_a,ALL_A_ACTIVE,3,"cp,pca,tucker",0.7022350678141397,0.504470628543089,0.7022350678141397,0.28187116980552673,1,quality_factor,0.8189809918403625,volatility_factor,0.08406850695610046,momentum_factor,0.07742629200220108
2015-12-28,601118.SH,cn_a,ALL_A_ACTIVE,3,"cp,pca,tucker",0.7001501698668964,0.5073301039987178,0.7001501698668964,0.28187116980552673,1,quality_factor,0.8649433851242065,volatility_factor,0.062152646481990814,value_factor,0.04634679853916168
2015-12-28,002517.SZ,cn_a,ALL_A_ACTIVE,3,"cp,pca,tucker",0.6976973504457303,0.5026491736947986,0.6976973504457303,0.28187116980552673,1,quality_factor,0.8279474377632141,momentum_factor,0.09859412163496017,value_factor,0.05147520452737808
2015-12-28,600031.SH,cn_a,ALL_A_ACTIVE,3,"cp,pca,tucker",0.6955491996487773,0.5042015827940214,0.6955491996487773,0.28187116980552673,1,quality_factor,0.6328331828117371,volatility_factor,0.16130785644054413,value_factor,0.15490944683551788
2015-12-28,002299.SZ,cn_a,ALL_A_ACTIVE,3,"cp,pca,tucker",0.6799336920519412,0.48930144274056203,0.6799336920519412,0.28187116980552673,1,quality_factor,0.8607652187347412,volatility_factor,0.05666568502783775,momentum_factor,0.05205200985074043
2015-12-28,002432.SZ,cn_a,ALL_A_ACTIVE,3,"cp,pca,tucker",0.6778787901531346,0.4866122550793884,0.6778787901531346,0.28187116980552673,1,quality_factor,0.8635243773460388,momentum_factor,0.07734712958335876,volatility_factor,0.058395568281412125
2015-12-28,601666.SH,cn_a,ALL_A_ACTIVE,3,"cp,pca,tucker",0.535732635886235,0.3926283017965965,0.535732635886235,0.28187116980552673,1,quality_factor,0.476698100566864,value_factor,0.21351750195026398,volatility_factor,0.21293994784355164
2015-12-29,600546.SH,cn_a,ALL_A_ACTIVE,3,"cp,pca,tucker",0.7160476479249275,0.6303110659468586,0.7160476479249275,0.11871927231550217,1,quality_factor,0.5629041194915771,value_factor,0.2965524196624756,momentum_factor,0.07814326137304306
2015-12-29,600126.SH,cn_a,ALL_A_ACTIVE,3,"cp,pca,tucker",0.6945132667545564,0.611437661363378,0.6945132667545564,0.11871927231550217,1,quality_factor,0.6531425714492798,value_factor,0.24235351383686066,momentum_factor,0.061829835176467896
2015-12-29,600096.SH,cn_a,ALL_A_ACTIVE,3,"cp,pca,tucker",0.6931054243394977,0.6099864167550905,0.6931054243394977,0.11871927231550217,1,quality_factor,0.7543869614601135,value_factor,0.18154430389404297,momentum_factor,0.04352676495909691
2015-12-29,600390.SH,cn_a,ALL_A_ACTIVE,3,"cp,pca,tucker",0.686717689806413,0.6042933551065371,0.686717689806413,0.11871927231550217,1,quality_factor,0.7991530299186707,momentum_factor,0.140410915017128,value_factor,0.056733205914497375
2015-12-29,601918.SH,cn_a,ALL_A_ACTIVE,3,"cp,pca,tucker",0.6764188962784061,0.5951674187606678,0.6764188962784061,0.11871927231550217,1,quality_factor,0.9333241581916809,value_factor,0.036596354097127914,volatility_factor,0.029524395242333412
2015-12-29,600339.SH,cn_a,ALL_A_ACTIVE,3,"cp,pca,tucker",0.6759653500669716,0.5946556785974402,0.6759653500669716,0.11871927231550217,1,quality_factor,0.9452129602432251,volatility_factor,0.03789866715669632,value_factor,0.009691467508673668
2015-12-29,002607.SZ,cn_a,ALL_A_ACTIVE,3,"cp,pca,tucker",0.67208017594913,0.5911144009445337,0.67208017594913,0.11871927231550217,1,quality_factor,0.6286344528198242,value_factor,0.13471803069114685,momentum_factor,0.12543129920959473
2015-12-29,002423.SZ,cn_a,ALL_A_ACTIVE,3,"cp,pca,tucker",0.6605576598212598,0.5813936210235925,0.6605576598212598,0.11871927231550217,1,quality_factor,0.8870652318000793,value_factor,0.08478310704231262,momentum_factor,0.014701476320624352
2015-12-29,600760.SH,cn_a,ALL_A_ACTIVE,3,"cp,pca,tucker",0.6541407335832451,0.5753707157332782,0.6541407335832451,0.11871927231550217,1,quality_factor,0.893286406993866,volatility_factor,0.04658352956175804,value_factor,0.035680633038282394
2015-12-29,600862.SH,cn_a,ALL_A_ACTIVE,3,"cp,pca,tucker",0.6394411176075788,0.5621623105730073,0.6394411176075788,0.11871927231550217,1,quality_factor,0.973031222820282,value_factor,0.01706286519765854,momentum_factor,0.0078299380838871
2015-12-29,300073.SZ,cn_a,ALL_A_ACTIVE,3,"cp,pca,tucker",0.6325338405640982,0.5568366206274193,0.6325338405640982,0.11871927231550217,1,quality_factor,0.6751567721366882,momentum_factor,0.19437174499034882,value_factor,0.1018688753247261
2015-12-29,002608.SZ,cn_a,ALL_A_ACTIVE,3,"cp,pca,tucker",0.6106398419527649,0.5377703019517411,0.6106398419527649,0.11871927231550217,1,quality_factor,0.6290183663368225,momentum_factor,0.19111736118793488,volatility_factor,0.15500707924365997
2015-12-29,600707.SH,cn_a,ALL_A_ACTIVE,3,"cp,pca,tucker",0.6015344605967611,0.5290220345949973,0.6015344605967611,0.11871927231550217,1,quality_factor,0.8955752849578857,momentum_factor,0.0674297958612442,value_factor,0.027168234810233116
2015-12-29,601001.SH,cn_a,ALL_A_ACTIVE,3,"cp,pca,tucker",0.5856228316381022,0.5158059251710306,0.5856228316381022,0.11871927231550217,1,quality_factor,0.46216917037963867,value_factor,0.3570557236671448,momentum_factor,0.09635426849126816
2015-12-29,002517.SZ,cn_a,ALL_A_ACTIVE,3,"cp,pca,tucker",0.5796440048340723,0.5103440610044928,0.5796440048340723,0.11871927231550217,1,quality_factor,0.7837978601455688,momentum_factor,0.11833903938531876,value_factor,0.06745144724845886
2015-12-29,600031.SH,cn_a,ALL_A_ACTIVE,3,"cp,pca,tucker",0.5752821850617261,0.506681955523577,0.5752821850617261,0.11871927231550217,1,quality_factor,0.6309263110160828,volatility_factor,0.16539514064788818,value_factor,0.15637612342834473
2015-12-29,601118.SH,cn_a,ALL_A_ACTIVE,3,"cp,pca,tucker",0.5665795197428514,0.49921732041137695,0.5665795197428514,0.11871927231550217,1,quality_factor,0.821679949760437,volatility_factor,0.0874672681093216,value_factor,0.08154845237731934
2015-12-29,002432.SZ,cn_a,ALL_A_ACTIVE,3,"cp,pca,tucker",0.5650008983053388,0.4968195583985593,0.5650008983053388,0.11871927231550217,1,quality_factor,0.9491528272628784,value_factor,0.026845265179872513,volatility_factor,0.013744447380304337
2015-12-29,002299.SZ,cn_a,ALL_A_ACTIVE,3,"cp,pca,tucker",0.5647171675712438,0.49698224843804106,0.5647171675712438,0.11871927231550217,1,quality_factor,0.9065142273902893,momentum_factor,0.0695662721991539,volatility_factor,0.015038551762700081
2015-12-29,601866.SH,cn_a,ALL_A_ACTIVE,3,"cp,pca,tucker",0.4501510144987573,0.3972076533394448,0.4501510144987573,0.11871927231550217,0,quality_factor,0.7577237486839294,momentum_factor,0.12132297456264496,value_factor,0.07843824476003647
2015-12-30,600546.SH,cn_a,ALL_A_ACTIVE,3,"cp,pca,tucker",0.6992640213504577,0.6355515648170376,0.6992640213504577,0.1115295837322871,1,quality_factor,0.5667009353637695,value_factor,0.2942720055580139,momentum_factor,0.07745687663555145
2015-12-30,600096.SH,cn_a,ALL_A_ACTIVE,3,"cp,pca,tucker",0.6867289346154978,0.6226382653023371,0.6867289346154978,0.1115295837322871,1,quality_factor,0.7592961192131042,value_factor,0.17859573662281036,momentum_factor,0.042639266699552536
2015-12-30,600126.SH,cn_a,ALL_A_ACTIVE,3,"cp,pca,tucker",0.6832543015917268,0.6188286287766067,0.6832543015917268,0.1115295837322871,1,quality_factor,0.6567400097846985,value_factor,0.24019284546375275,momentum_factor,0.06117948889732361
2015-12-30,600339.SH,cn_a,ALL_A_ACTIVE,3,"cp,pca,tucker",0.6750179643547991,0.6107399671076519,0.6750179643547991,0.1115295837322871,1,quality_factor,0.9465087652206421,volatility_factor,0.03889476880431175,momentum_factor,0.008122692815959454
2015-12-30,600390.SH,cn_a,ALL_A_ACTIVE,3,"cp,pca,tucker",0.6731098879107899,0.6077074256405537,0.6731098879107899,0.1115295837322871,1,quality_factor,0.7909931540489197,momentum_factor,0.14097049832344055,volatility_factor,0.05976229906082153
2015-12-30,601918.SH,cn_a,ALL_A_ACTIVE,3,"cp,pca,tucker",0.6640866022077788,0.6013958068256126,0.6640866022077788,0.1115295837322871,1,quality_factor,0.9360211491584778,value_factor,0.03251565992832184,volatility_factor,0.0308330487459898
2015-12-30,002607.SZ,cn_a,ALL_A_ACTIVE,3,"cp,pca,tucker",0.663071204863506,0.5977918025472815,0.663071204863506,0.1115295837322871,1,quality_factor,0.6357870697975159,value_factor,0.13292352855205536,momentum_factor,0.11778374761343002
2015-12-30,002423.SZ,cn_a,ALL_A_ACTIVE,3,"cp,pca,tucker",0.6569273299626476,0.5942034164332272,0.6569273299626476,0.1115295837322871,1,quality_factor,0.7706702351570129,volatility_factor,0.12373485416173935,value_factor,0.10491018742322922
2015-12-30,600760.SH,cn_a,ALL_A_ACTIVE,3,"cp,pca,tucker",0.6543441950298453,0.5912728085096036,0.6543441950298453,0.1115295837322871,1,quality_factor,0.8793668746948242,momentum_factor,0.059296004474163055,volatility_factor,0.04378224164247513
2015-12-30,300073.SZ,cn_a,ALL_A_ACTIVE,3,"cp,pca,tucker",0.6536145787077464,0.5872172192577216,0.6536145787077464,0.1115295837322871,1,quality_factor,0.5497860908508301,momentum_factor,0.20936603844165802,value_factor,0.15456564724445343
2015-12-30,600862.SH,cn_a,ALL_A_ACTIVE,3,"cp,pca,tucker",0.641561658926991,0.5797020008781664,0.641561658926991,0.1115295837322871,1,quality_factor,0.9550613760948181,momentum_factor,0.03792448714375496,value_factor,0.006158690899610519
2015-12-30,600707.SH,cn_a,ALL_A_ACTIVE,3,"cp,pca,tucker",0.6065838898100305,0.5464754828597538,0.6065838898100305,0.1115295837322871,1,quality_factor,0.7468895316123962,volatility_factor,0.09968914091587067,value_factor,0.0943254679441452
2015-12-30,002608.SZ,cn_a,ALL_A_ACTIVE,3,"cp,pca,tucker",0.6022848562827816,0.5444512588021845,0.6022848562827816,0.1115295837322871,1,quality_factor,0.6290183663368225,momentum_factor,0.19111736118793488,volatility_factor,0.15500707924365997
2015-12-30,002517.SZ,cn_a,ALL_A_ACTIVE,3,"cp,pca,tucker",0.5850380412074859,0.5255083049879784,0.5850380412074859,0.1115295837322871,1,quality_factor,0.7222340703010559,momentum_factor,0.1419517695903778,value_factor,0.09042883664369583
2015-12-30,002299.SZ,cn_a,ALL_A_ACTIVE,3,"cp,pca,tucker",0.5735768877615469,0.5156278837161398,0.5735768877615469,0.1115295837322871,1,quality_factor,0.8101649284362793,momentum_factor,0.10450384765863419,value_factor,0.05827701836824417
2015-12-30,601001.SH,cn_a,ALL_A_ACTIVE,3,"cp,pca,tucker",0.5709741037899719,0.5165259163315705,0.5709741037899719,0.1115295837322871,1,quality_factor,0.4651387631893158,value_factor,0.355272114276886,momentum_factor,0.09581740200519562
2015-12-30,002432.SZ,cn_a,ALL_A_ACTIVE,3,"cp,pca,tucker",0.5700719198405333,0.513521036200113,0.5700719198405333,0.1115295837322871,1,quality_factor,0.9608842730522156,momentum_factor,0.03489279747009277,value_factor,0.003495854791253805
2015-12-30,600031.SH,cn_a,ALL_A_ACTIVE,3,"cp,pca,tucker",0.5621734554643206,0.5074524417937095,0.5621734554643206,0.1115295837322871,1,quality_factor,0.6217786073684692,value_factor,0.15610478818416595,volatility_factor,0.15136012434959412
2015-12-30,601118.SH,cn_a,ALL_A_ACTIVE,3,"cp,pca,tucker",0.5559531309213128,0.5005733434994314,0.5559531309213128,0.1115295837322871,1,quality_factor,0.7633817791938782,volatility_factor,0.12069237977266312,value_factor,0.10646169632673264
2015-12-30,601666.SH,cn_a,ALL_A_ACTIVE,3,"cp,pca,tucker",0.43730953706715886,0.3924403318628506,0.43730953706715886,0.1115295837322871,1,quality_factor,0.47131550312042236,value_factor,0.21494172513484955,volatility_factor,0.2119743824005127
2015-12-31,600546.SH,cn_a,ALL_A_ACTIVE,3,"cp,pca,tucker",0.9096981943173583,0.6331476446054367,0.9096981943173583,0.38040806849797565,1,quality_factor,0.5423068404197693,value_factor,0.30892354249954224,momentum_factor,0.08186686038970947
2015-12-31,600126.SH,cn_a,ALL_A_ACTIVE,3,"cp,pca,tucker",0.8768918412906107,0.6108599440602343,0.8768918412906107,0.38040806849797565,1,quality_factor,0.6334636211395264,value_factor,0.25417307019233704,momentum_factor,0.06538742035627365
2015-12-31,600096.SH,cn_a,ALL_A_ACTIVE,3,"cp,pca,tucker",0.8733424046902797,0.6076280495753714,0.8733424046902797,0.38040806849797565,1,quality_factor,0.727699875831604,value_factor,0.19757311046123505,momentum_factor,0.04835129901766777
2015-12-31,600339.SH,cn_a,ALL_A_ACTIVE,3,"cp,pca,tucker",0.8596397471969522,0.5977025196529246,0.8596397471969522,0.38040806849797565,1,quality_factor,0.9379259347915649,volatility_factor,0.032297201454639435,value_factor,0.02778598479926586
2015-12-31,600390.SH,cn_a,ALL_A_ACTIVE,3,"cp,pca,tucker",0.8584025000608371,0.5974504307751495,0.8584025000608371,0.38040806849797565,1,quality_factor,0.7708606123924255,momentum_factor,0.12498096376657486,volatility_factor,0.08557528257369995
2015-12-31,601918.SH,cn_a,ALL_A_ACTIVE,3,"cp,pca,tucker",0.8579474661057263,0.5967794008438297,0.8579474661057263,0.38040806849797565,1,quality_factor,0.9119135737419128,value_factor,0.058899227529764175,volatility_factor,0.022084584459662437
2015-12-31,002423.SZ,cn_a,ALL_A_ACTIVE,3,"cp,pca,tucker",0.838345362870253,0.5837098507108075,0.838345362870253,0.38040806849797565,1,quality_factor,0.8674207925796509,value_factor,0.1052461564540863,momentum_factor,0.020708920434117317
2015-12-31,600760.SH,cn_a,ALL_A_ACTIVE,3,"cp,pca,tucker",0.8321872382130292,0.5785206521170162,0.8321872382130292,0.38040806849797565,1,quality_factor,0.9344961643218994,volatility_factor,0.025984833016991615,value_factor,0.024716412648558617
2015-12-31,600862.SH,cn_a,ALL_A_ACTIVE,3,"cp,pca,tucker",0.8228021479227877,0.5713238005265554,0.8228021479227877,0.38040806849797565,1,quality_factor,0.9318822622299194,volatility_factor,0.03882665932178497,value_factor,0.021832706406712532
2015-12-31,002607.SZ,cn_a,ALL_A_ACTIVE,3,"cp,pca,tucker",0.8220580035559474,0.5713089184823466,0.8220580035559474,0.38040806849797565,1,quality_factor,0.8066607117652893,momentum_factor,0.09390436112880707,value_factor,0.06171505153179169
2015-12-31,300073.SZ,cn_a,ALL_A_ACTIVE,3,"cp,pca,tucker",0.7861642758509421,0.5480855136069098,0.7861642758509421,0.38040806849797565,1,quality_factor,0.7455018162727356,momentum_factor,0.17002196609973907,value_factor,0.07514477521181107
2015-12-31,002608.SZ,cn_a,ALL_A_ACTIVE,3,"cp,pca,tucker",0.7805418256583266,0.5444135515579939,0.7805418256583266,0.38040806849797565,1,quality_factor,0.9169841408729553,value_factor,0.05361732095479965,volatility_factor,0.02384652942419052
2015-12-31,600707.SH,cn_a,ALL_A_ACTIVE,3,"cp,pca,tucker",0.7498740286866971,0.5211469196828137,0.7498740286866971,0.38040806849797565,1,quality_factor,0.8691117763519287,volatility_factor,0.07472654432058334,value_factor,0.039094772189855576
2015-12-31,601001.SH,cn_a,ALL_A_ACTIVE,3,"cp,pca,tucker",0.7415314066908776,0.5172993333377033,0.7415314066908776,0.38040806849797565,1,quality_factor,0.44603267312049866,value_factor,0.36674758791923523,momentum_factor,0.09927143156528473
2015-12-31,600031.SH,cn_a,ALL_A_ACTIVE,3,"cp,pca,tucker",0.7260429913543968,0.5066084298543343,0.7260429913543968,0.38040806849797565,1,quality_factor,0.6197080612182617,value_factor,0.15609686076641083,volatility_factor,0.14843042194843292
2015-12-31,002517.SZ,cn_a,ALL_A_ACTIVE,3,"cp,pca,tucker",0.722066049006654,0.5036521386980833,0.722066049006654,0.38040806849797565,1,quality_factor,0.8668727278709412,momentum_factor,0.09779737889766693,value_factor,0.028397254645824432
2015-12-31,002299.SZ,cn_a,ALL_A_ACTIVE,3,"cp,pca,tucker",0.720977955706592,0.5023403036982895,0.720977955706592,0.38040806849797565,1,quality_factor,0.8835062980651855,momentum_factor,0.08506274968385696,volatility_factor,0.015917858108878136
2015-12-31,002432.SZ,cn_a,ALL_A_ACTIVE,3,"cp,pca,tucker",0.7115534689230946,0.4944287430002347,0.7115534689230946,0.38040806849797565,1,quality_factor,0.9360742568969727,momentum_factor,0.03479725122451782,value_factor,0.020953545346856117
2015-12-31,601118.SH,cn_a,ALL_A_ACTIVE,3,"cp,pca,tucker",0.7076370312435764,0.49447930245852256,0.7076370312435764,0.38040806849797565,1,quality_factor,0.7532098889350891,value_factor,0.10503408312797546,volatility_factor,0.09990399330854416
2015-12-31,601666.SH,cn_a,ALL_A_ACTIVE,3,"cp,pca,tucker",0.5663535514187416,0.3994539013177196,0.5663535514187416,0.38040806849797565,1,quality_factor,0.47714513540267944,value_factor,0.21069511771202087,volatility_factor,0.2005704641342163
