trade_date,stock_code,model,rank,market_id,universe_id,total_score,stock_score,selection_signal,time_regime_score,cluster_label,top_factor_1,top_factor_1_score,top_factor_2,top_factor_2_score,top_factor_3,top_factor_3_score
2025-10-27,600096.SH,cp,2,cn_a,SIZE_SMALL,0.02260211931054902,0.02260211931054902,0.02260211931054902,0.0,1,quality_factor,0.492145299911499,volatility_factor,0.31183427572250366,momentum_factor,0.10787349194288254
2025-10-27,600095.SH,cp,2,cn_a,SIZE_SMALL,0.0172901152730028,0.0172901152730028,0.0172901152730028,0.0,0,value_factor,0.6096553802490234,volatility_factor,0.2527756094932556,quality_factor,0.07747206091880798
2025-10-27,600061.SH,cp,2,cn_a,SIZE_SMALL,0.012533182750582898,0.012533182750582898,0.012533182750582898,0.0,1,value_factor,0.37314432859420776,quality_factor,0.30172663927078247,volatility_factor,0.30027690529823303
2025-10-27,600008.SH,cp,2,cn_a,SIZE_SMALL,0.010389990374349102,0.010389990374349102,0.010389990374349102,0.0,0,value_factor,0.4311050474643707,volatility_factor,0.29792648553848267,quality_factor,0.26300063729286194
2025-10-27,600098.SH,cp,2,cn_a,SIZE_SMALL,0.0061662663774920065,0.0061662663774920065,0.0061662663774920065,0.0,0,value_factor,0.44441497325897217,volatility_factor,0.2973867356777191,quality_factor,0.2541077435016632
2025-10-27,600109.SH,cp,2,cn_a,SIZE_SMALL,0.004117203239978592,0.004117203239978592,0.004117203239978592,0.0,0,value_factor,0.454245001077652,volatility_factor,0.2969880998134613,quality_factor,0.24753989279270172
2025-10-27,600060.SH,cp,2,cn_a,SIZE_SMALL,0.0016254948760874854,0.0016254948760874854,0.0016254948760874854,0.0,0,value_factor,0.5096367001533508,volatility_factor,0.2819094657897949,quality_factor,0.18811137974262238
2025-10-27,600062.SH,cp,2,cn_a,SIZE_SMALL,-0.0038561405478607282,-0.0038561405478607282,-0.0038561405478607282,0.0,1,value_factor,0.35774824023246765,quality_factor,0.3120134174823761,volatility_factor,0.30090126395225525
2025-10-27,600023.SH,cp,2,cn_a,SIZE_SMALL,-0.004837476257135542,-0.004837476257135542,-0.004837476257135542,0.0,0,value_factor,0.5201826691627502,volatility_factor,0.2788375914096832,quality_factor,0.1764456331729889
2025-10-27,600038.SH,cp,2,cn_a,SIZE_SMALL,-0.006502302079698763,-0.006502302079698763,-0.006502302079698763,0.0,0,value_factor,0.4249112010002136,volatility_factor,0.2981776297092438,quality_factor,0.2671389877796173
2025-10-27,600004.SH,cp,2,cn_a,SIZE_SMALL,-0.009413201726574848,-0.009413201726574848,-0.009413201726574848,0.0,1,value_factor,0.5959271192550659,quality_factor,0.1839439570903778,momentum_factor,0.12167820334434509
2025-10-27,600007.SH,cp,2,cn_a,SIZE_SMALL,-0.02170145002830986,-0.02170145002830986,-0.02170145002830986,0.0,1,quality_factor,0.38606956601142883,volatility_factor,0.30539608001708984,value_factor,0.2469092160463333
2025-10-28,600096.SH,cp,2,cn_a,SIZE_SMALL,0.08834953877540029,0.06855134608309921,0.08834953877540029,0.28880825638771057,1,quality_factor,0.4549858868122101,value_factor,0.22135432064533234,volatility_factor,0.18475107848644257
2025-10-28,600008.SH,cp,2,cn_a,SIZE_SMALL,0.07831684237626162,0.06076687032310221,0.07831684237626162,0.28880825638771057,0,quality_factor,0.3828487694263458,volatility_factor,0.30520057678222656,value_factor,0.2517297565937042
2025-10-28,600061.SH,cp,2,cn_a,SIZE_SMALL,0.06951698253439227,0.05393896555003602,0.06951698253439227,0.28880825638771057,1,quality_factor,0.44725459814071655,volatility_factor,0.3091096580028534,value_factor,0.15533429384231567
2025-10-28,600098.SH,cp,2,cn_a,SIZE_SMALL,0.0529139681508594,0.04105651023896041,0.0529139681508594,0.28880825638771057,0,quality_factor,0.36849334836006165,volatility_factor,0.3043292760848999,value_factor,0.2732153832912445
2025-10-28,600109.SH,cp,2,cn_a,SIZE_SMALL,0.04010819108952607,0.03112037172185815,0.04010819108952607,0.28880825638771057,0,quality_factor,0.35799187421798706,volatility_factor,0.30369189381599426,value_factor,0.28893277049064636
2025-10-28,600095.SH,cp,2,cn_a,SIZE_SMALL,0.02807704223130614,0.021785275460022784,0.02807704223130614,0.28880825638771057,0,value_factor,0.5758522152900696,volatility_factor,0.2626219391822815,quality_factor,0.11486469209194183
2025-10-28,600023.SH,cp,2,cn_a,SIZE_SMALL,0.015502429999963168,0.012028500191247092,0.015502429999963168,0.28880825638771057,0,value_factor,0.43125876784324646,volatility_factor,0.29792025685310364,quality_factor,0.26289793848991394
2025-10-28,600060.SH,cp,2,cn_a,SIZE_SMALL,-0.010447447863769936,-0.008106285829234467,-0.010447447863769936,0.28880825638771057,0,value_factor,0.4078032076358795,volatility_factor,0.29887139797210693,quality_factor,0.2785695493221283
2025-10-28,600062.SH,cp,2,cn_a,SIZE_SMALL,-0.020400846456737395,-0.015829233578674527,-0.020400846456737395,0.28880825638771057,1,quality_factor,0.4648992717266083,volatility_factor,0.31018057465553284,value_factor,0.12892578542232513
2025-10-28,600004.SH,cp,2,cn_a,SIZE_SMALL,-0.02719726710377354,-0.02110264858863517,-0.02719726710377354,0.28880825638771057,1,value_factor,0.5990347266197205,quality_factor,0.17711973190307617,momentum_factor,0.12042631208896637
2025-10-28,600038.SH,cp,2,cn_a,SIZE_SMALL,-0.046675226164239705,-0.03621580402842603,-0.046675226164239705,0.28880825638771057,0,quality_factor,0.3895832896232605,volatility_factor,0.3056093156337738,value_factor,0.24165032804012299
2025-10-28,600007.SH,cp,2,cn_a,SIZE_SMALL,-0.09475254923267006,-0.07351950994579748,-0.09475254923267006,0.28880825638771057,1,quality_factor,0.5237412452697754,volatility_factor,0.27827566862106323,momentum_factor,0.13507382571697235
2025-10-29,600007.SH,cp,2,cn_a,SIZE_SMALL,0.11016722230375357,0.07157487338410808,0.11016722230375357,0.5391885042190552,1,value_factor,0.638573944568634,volatility_factor,0.1666361391544342,momentum_factor,0.10449789464473724
2025-10-29,600038.SH,cp,2,cn_a,SIZE_SMALL,0.08881467538403132,0.057702273074793795,0.08881467538403132,0.5391885042190552,0,value_factor,0.638715922832489,volatility_factor,0.1668633073568344,momentum_factor,0.10444065183401108
2025-10-29,600095.SH,cp,2,cn_a,SIZE_SMALL,0.056937021509142025,0.03699158443106383,0.056937021509142025,0.5391885042190552,0,value_factor,0.6391474008560181,volatility_factor,0.1675531268119812,momentum_factor,0.10426685214042664
2025-10-29,600060.SH,cp,2,cn_a,SIZE_SMALL,0.045294550710575726,0.02942755262686751,0.045294550710575726,0.5391885042190552,0,value_factor,0.6388409733772278,volatility_factor,0.16706328094005585,momentum_factor,0.10439026355743408
2025-10-29,600062.SH,cp,2,cn_a,SIZE_SMALL,0.03045368421523941,0.019785545520748824,0.03045368421523941,0.5391885042190552,1,value_factor,0.6386546492576599,volatility_factor,0.16676530241966248,momentum_factor,0.10446534305810928
2025-10-29,600004.SH,cp,2,cn_a,SIZE_SMALL,0.005355513959477597,0.003479439941759991,0.005355513959477597,0.5391885042190552,1,value_factor,0.6367655992507935,volatility_factor,0.1637449562549591,momentum_factor,0.10522636026144028
2025-10-29,600096.SH,cp,2,cn_a,SIZE_SMALL,-0.08319548247876683,-0.05405152276717275,-0.08319548247876683,0.5391885042190552,1,value_factor,0.6384881138801575,volatility_factor,0.16649892926216125,momentum_factor,0.10453247278928757
2025-10-29,600023.SH,cp,2,cn_a,SIZE_SMALL,-0.08721839639577486,-0.05666518178683204,-0.08721839639577486,0.5391885042190552,0,value_factor,0.6388635039329529,volatility_factor,0.16709916293621063,momentum_factor,0.10438124090433121
2025-10-29,600109.SH,cp,2,cn_a,SIZE_SMALL,-0.08844703036101986,-0.05746341667611117,-0.08844703036101986,0.5391885042190552,0,value_factor,0.6387465596199036,volatility_factor,0.16691219806671143,momentum_factor,0.10442833602428436
2025-10-29,600061.SH,cp,2,cn_a,SIZE_SMALL,-0.10877833087228171,-0.0706725203404979,-0.10877833087228171,0.5391885042190552,1,value_factor,0.6386677622795105,volatility_factor,0.16678625345230103,momentum_factor,0.10446007549762726
2025-10-29,600098.SH,cp,2,cn_a,SIZE_SMALL,-0.11062733660130719,-0.07187380642336376,-0.11062733660130719,0.5391885042190552,0,value_factor,0.6387360095977783,volatility_factor,0.16689535975456238,momentum_factor,0.10443258285522461
2025-10-29,600008.SH,cp,2,cn_a,SIZE_SMALL,-0.15331498652233733,-0.09960767385027049,-0.15331498652233733,0.5391885042190552,0,value_factor,0.6387222409248352,volatility_factor,0.1668732911348343,momentum_factor,0.10443814098834991
2025-10-30,600007.SH,cp,2,cn_a,SIZE_SMALL,0.07520997145858684,0.06827506857269923,0.07520997145858684,0.10157305002212524,1,value_factor,0.6072101593017578,quality_factor,0.1591666042804718,momentum_factor,0.11713283509016037
2025-10-30,600038.SH,cp,2,cn_a,SIZE_SMALL,0.05625459474045554,0.05106751457217179,0.05625459474045554,0.10157305002212524,0,value_factor,0.6055935621261597,quality_factor,0.16271661221981049,momentum_factor,0.11778407543897629
2025-10-30,600095.SH,cp,2,cn_a,SIZE_SMALL,0.02751710631761356,0.024979830258170153,0.02751710631761356,0.10157305002212524,0,value_factor,0.598384439945221,quality_factor,0.17854785919189453,momentum_factor,0.1206883043050766
2025-10-30,600060.SH,cp,2,cn_a,SIZE_SMALL,0.026721139297130894,0.024257257149164452,0.026721139297130894,0.10157305002212524,0,value_factor,0.6039220094680786,quality_factor,0.16638731956481934,momentum_factor,0.11845745891332626
2025-10-30,600062.SH,cp,2,cn_a,SIZE_SMALL,0.01993696971871639,0.018098637032813017,0.01993696971871639,0.10157305002212524,1,value_factor,0.6063236594200134,quality_factor,0.16111323237419128,momentum_factor,0.11748994141817093
2025-10-30,600004.SH,cp,2,cn_a,SIZE_SMALL,0.006985023028694043,0.0063409534270142355,0.006985023028694043,0.10157305002212524,1,value_factor,0.616655707359314,quality_factor,0.1384243369102478,volatility_factor,0.1315923035144806
2025-10-30,600023.SH,cp,2,cn_a,SIZE_SMALL,-0.0507737253521019,-0.046092020949841356,-0.0507737253521019,0.10157305002212524,0,value_factor,0.6035929918289185,quality_factor,0.1671099066734314,momentum_factor,0.11859001964330673
2025-10-30,600109.SH,cp,2,cn_a,SIZE_SMALL,-0.055082527304227774,-0.050003520223705085,-0.055082527304227774,0.10157305002212524,0,value_factor,0.6052086353302002,quality_factor,0.1635618805885315,momentum_factor,0.11793914437294006
2025-10-30,600096.SH,cp,2,cn_a,SIZE_SMALL,-0.05927142800890869,-0.05380617401162465,-0.05927142800890869,0.10157305002212524,1,value_factor,0.6080685257911682,quality_factor,0.15728160738945007,volatility_factor,0.11786282062530518
2025-10-30,600098.SH,cp,2,cn_a,SIZE_SMALL,-0.06930072373800714,-0.06291069619612147,-0.06930072373800714,0.10157305002212524,0,value_factor,0.6053429245948792,quality_factor,0.16326701641082764,momentum_factor,0.1178850531578064
2025-10-30,600061.SH,cp,2,cn_a,SIZE_SMALL,-0.0707192698819037,-0.0641984421341904,-0.0707192698819037,0.10157305002212524,1,value_factor,0.6061721444129944,quality_factor,0.1614460051059723,momentum_factor,0.11755098402500153
2025-10-30,600008.SH,cp,2,cn_a,SIZE_SMALL,-0.09677627718452736,-0.08785280505820184,-0.09677627718452736,0.10157305002212524,0,value_factor,0.6055160760879517,quality_factor,0.16288666427135468,momentum_factor,0.11781526356935501
2025-10-31,600007.SH,cp,2,cn_a,SIZE_SMALL,0.08586775392427665,0.08060149844128248,0.08586775392427665,0.06533698737621307,1,value_factor,0.6290910243988037,volatility_factor,0.15147452056407928,quality_factor,0.11111636459827423
2025-10-31,600038.SH,cp,2,cn_a,SIZE_SMALL,0.06756186312785863,0.06341830497153196,0.06756186312785863,0.06533698737621307,0,value_factor,0.629267156124115,volatility_factor,0.151756152510643,quality_factor,0.11072954535484314
2025-10-31,600095.SH,cp,2,cn_a,SIZE_SMALL,0.040066016626631194,0.03760877429643349,0.040066016626631194,0.06533698737621307,0,value_factor,0.629859209060669,volatility_factor,0.1527026742696762,quality_factor,0.10942952334880829
2025-10-31,600060.SH,cp,2,cn_a,SIZE_SMALL,0.03370825934712424,0.03164093724428309,0.03370825934712424,0.06533698737621307,0,value_factor,0.6294295787811279,volatility_factor,0.15201576054096222,quality_factor,0.11037300527095795
2025-10-31,600062.SH,cp,2,cn_a,SIZE_SMALL,0.02341237431102466,0.021976497174957088,0.02341237431102466,0.06533698737621307,1,value_factor,0.6291901469230652,volatility_factor,0.15163299441337585,quality_factor,0.1108986958861351
2025-10-31,600004.SH,cp,2,cn_a,SIZE_SMALL,0.005438713862589492,0.005105158419593321,0.005438713862589492,0.06533698737621307,1,value_factor,0.6274130940437317,volatility_factor,0.1487918347120285,quality_factor,0.11480101943016052
2025-10-31,600023.SH,cp,2,cn_a,SIZE_SMALL,-0.06464972739419346,-0.060684770052186005,-0.06464972739419346,0.06533698737621307,0,value_factor,0.6294594407081604,volatility_factor,0.1520635187625885,quality_factor,0.11030739545822144
2025-10-31,600096.SH,cp,2,cn_a,SIZE_SMALL,-0.06578517558947422,-0.06175058139299255,-0.06578517558947422,0.06533698737621307,1,value_factor,0.6289886236190796,volatility_factor,0.15131081640720367,quality_factor,0.1113412082195282
2025-10-31,600109.SH,cp,2,cn_a,SIZE_SMALL,-0.06692544017012594,-0.06282091373103296,-0.06692544017012594,0.06533698737621307,0,value_factor,0.6293061971664429,volatility_factor,0.15181858837604523,quality_factor,0.11064378917217255
2025-10-31,600061.SH,cp,2,cn_a,SIZE_SMALL,-0.08343959507319922,-0.07832225818046355,-0.08343959507319922,0.06533698737621307,1,value_factor,0.6292064785957336,volatility_factor,0.1516590714454651,quality_factor,0.1108628585934639
2025-10-31,600098.SH,cp,2,cn_a,SIZE_SMALL,-0.08386245914481777,-0.07871918806685017,-0.08386245914481777,0.06533698737621307,0,value_factor,0.6292927265167236,volatility_factor,0.15179699659347534,quality_factor,0.1106734499335289
2025-10-31,600008.SH,cp,2,cn_a,SIZE_SMALL,-0.11650139442053718,-0.10935638271236249,-0.11650139442053718,0.06533698737621307,0,value_factor,0.6292751431465149,volatility_factor,0.15176884829998016,quality_factor,0.11071211099624634
2025-11-03,600007.SH,cp,2,cn_a,SIZE_SMALL,0.1328909038338681,0.11421975164295425,0.1328909038338681,0.16346687078475952,1,value_factor,0.5971017479896545,quality_factor,0.18136456608772278,momentum_factor,0.12120502442121506
2025-11-03,600038.SH,cp,2,cn_a,SIZE_SMALL,0.09731840322875757,0.08364518207336222,0.09731840322875757,0.16346687078475952,0,value_factor,0.5936722755432129,quality_factor,0.18889567255973816,momentum_factor,0.12258659303188324
2025-11-03,600060.SH,cp,2,cn_a,SIZE_SMALL,0.04521899558963837,0.03886573344590369,0.04521899558963837,0.16346687078475952,0,value_factor,0.5899147987365723,quality_factor,0.19714705646038055,momentum_factor,0.12410029768943787
2025-11-03,600095.SH,cp,2,cn_a,SIZE_SMALL,0.04322813759723587,0.03715459070484085,0.04322813759723587,0.16346687078475952,0,value_factor,0.5756580233573914,quality_factor,0.22845493257045746,momentum_factor,0.12984369695186615
2025-11-03,600062.SH,cp,2,cn_a,SIZE_SMALL,0.03482189289030694,0.029929422126894742,0.03482189289030694,0.16346687078475952,1,value_factor,0.5952450633049011,quality_factor,0.18544183671474457,momentum_factor,0.12195299565792084
2025-11-03,600004.SH,cp,2,cn_a,SIZE_SMALL,0.013923261611552523,0.011967045429381052,0.013923261611552523,0.16346687078475952,1,value_factor,0.6138743162155151,quality_factor,0.14453214406967163,volatility_factor,0.12714537978172302
2025-11-03,600023.SH,cp,2,cn_a,SIZE_SMALL,-0.08554832109350137,-0.07352879472463299,-0.08554832109350137,0.16346687078475952,0,value_factor,0.5891481637954712,quality_factor,0.19883064925670624,momentum_factor,0.12440915405750275
2025-11-03,600109.SH,cp,2,cn_a,SIZE_SMALL,-0.09480993030285916,-0.0814891492198467,-0.09480993030285916,0.16346687078475952,0,value_factor,0.5928267240524292,quality_factor,0.19075244665145874,momentum_factor,0.1229272112250328
2025-11-03,600096.SH,cp,2,cn_a,SIZE_SMALL,-0.10590408861143898,-0.09102457993885019,-0.10590408861143898,0.16346687078475952,1,value_factor,0.5988467335700989,quality_factor,0.1775326281785965,momentum_factor,0.1205020546913147
2025-11-03,600098.SH,cp,2,cn_a,SIZE_SMALL,-0.11949359195111241,-0.10270476008382871,-0.11949359195111241,0.16346687078475952,0,value_factor,0.5931230187416077,quality_factor,0.19010183215141296,momentum_factor,0.12280786037445068
2025-11-03,600061.SH,cp,2,cn_a,SIZE_SMALL,-0.12327345618972213,-0.1059535539600282,-0.12327345618972213,0.16346687078475952,1,value_factor,0.5949219465255737,quality_factor,0.1861514300107956,momentum_factor,0.1220831573009491
2025-11-03,600008.SH,cp,2,cn_a,SIZE_SMALL,-0.16724928180479015,-0.14375078262758442,-0.16724928180479015,0.16346687078475952,0,value_factor,0.5935031175613403,quality_factor,0.1892671436071396,momentum_factor,0.1226547360420227
2025-11-04,600007.SH,cp,2,cn_a,SIZE_SMALL,0.13067112583183832,0.109230122047285,0.13067112583183832,0.19629204273223877,1,value_factor,0.5350368022918701,quality_factor,0.3176586329936981,momentum_factor,0.1462079882621765
2025-11-04,600038.SH,cp,2,cn_a,SIZE_SMALL,0.08604129960759963,0.07192332351478986,0.08604129960759963,0.19629204273223877,0,value_factor,0.4559635818004608,quality_factor,0.3531799912452698,momentum_factor,0.14458702504634857
2025-11-04,600060.SH,cp,2,cn_a,SIZE_SMALL,0.035202913465254115,0.029426688641055722,0.035202913465254115,0.19629204273223877,0,quality_factor,0.4000239670276642,value_factor,0.3480127155780792,momentum_factor,0.14197427034378052
2025-11-04,600062.SH,cp,2,cn_a,SIZE_SMALL,0.03235890063891513,0.027049332005092918,0.03235890063891513,0.19629204273223877,1,value_factor,0.49461936950683594,quality_factor,0.33640578389167786,momentum_factor,0.14552262425422668
2025-11-04,600004.SH,cp,2,cn_a,SIZE_SMALL,0.02102897962699978,0.01757846652475529,0.02102897962699978,0.19629204273223877,1,value_factor,0.6059463620185852,quality_factor,0.16194190084934235,momentum_factor,0.11764195561408997
2025-11-04,600095.SH,cp,2,cn_a,SIZE_SMALL,0.017478685035836678,0.014610717459857637,0.017478685035836678,0.19629204273223877,0,quality_factor,0.3860056698322296,volatility_factor,0.30539217591285706,value_factor,0.24700488150119781
2025-11-04,600023.SH,cp,2,cn_a,SIZE_SMALL,-0.06478790178826728,-0.05415726216843899,-0.06478790178826728,0.19629204273223877,0,quality_factor,0.41098645329475403,value_factor,0.32274991273880005,momentum_factor,0.14136281609535217
2025-11-04,600109.SH,cp,2,cn_a,SIZE_SMALL,-0.08154426410248529,-0.06816417830235205,-0.08154426410248529,0.19629204273223877,0,value_factor,0.4337242841720581,quality_factor,0.3628304600715637,momentum_factor,0.1440487653017044
2025-11-04,600098.SH,cp,2,cn_a,SIZE_SMALL,-0.10377858597988807,-0.08675021004308094,-0.10377858597988807,0.19629204273223877,0,value_factor,0.44163981080055237,quality_factor,0.3593956232070923,momentum_factor,0.1442403495311737
2025-11-04,600096.SH,cp,2,cn_a,SIZE_SMALL,-0.10959057114138863,-0.09160854308709789,-0.10959057114138863,0.19629204273223877,1,value_factor,0.5476000308990479,quality_factor,0.2900700569152832,momentum_factor,0.14114691317081451
2025-11-04,600061.SH,cp,2,cn_a,SIZE_SMALL,-0.1134050613549694,-0.09479713757517018,-0.1134050613549694,0.19629204273223877,1,value_factor,0.48694875836372375,quality_factor,0.3397343158721924,momentum_factor,0.14533697068691254
2025-11-04,600008.SH,cp,2,cn_a,SIZE_SMALL,-0.14706212387701098,-0.12293162423878741,-0.14706212387701098,0.19629204273223877,0,value_factor,0.45159974694252014,quality_factor,0.35507363080978394,momentum_factor,0.14448142051696777
2025-11-05,600095.SH,cp,2,cn_a,SIZE_SMALL,0.07698714425414407,0.04768196132279799,0.07698714425414407,0.6145969033241272,0,value_factor,0.6728653907775879,volatility_factor,0.22146305441856384,momentum_factor,0.0906834602355957
2025-11-05,600007.SH,cp,2,cn_a,SIZE_SMALL,0.0763894049318783,0.04731175167907741,0.0763894049318783,0.6145969033241272,1,value_factor,0.6413565874099731,volatility_factor,0.24354153871536255,momentum_factor,0.0726972445845604
2025-11-05,600038.SH,cp,2,cn_a,SIZE_SMALL,0.07604791072798375,0.04710024736131356,0.07604791072798375,0.6145969033241272,0,value_factor,0.6582574248313904,volatility_factor,0.23861859738826752,momentum_factor,0.07941483706235886
2025-11-05,600060.SH,cp,2,cn_a,SIZE_SMALL,0.04528565159505005,0.02804765274452494,0.04528565159505005,0.6145969033241272,0,value_factor,0.6705585718154907,volatility_factor,0.23503544926643372,momentum_factor,0.08430422097444534
2025-11-05,600062.SH,cp,2,cn_a,SIZE_SMALL,0.02393589807880479,0.014824690245067378,0.02393589807880479,0.6145969033241272,1,value_factor,0.6514015197753906,volatility_factor,0.2406156063079834,momentum_factor,0.07668980956077576
2025-11-05,600004.SH,cp,2,cn_a,SIZE_SMALL,-0.007284043666214954,-0.004511369940148646,-0.007284043666214954,0.6145969033241272,1,value_factor,0.5563943982124329,quality_factor,0.27075767517089844,momentum_factor,0.13760405778884888
2025-11-05,600096.SH,cp,2,cn_a,SIZE_SMALL,-0.04951147769429375,-0.0306649166860974,-0.04951147769429375,0.6145969033241272,1,value_factor,0.6291910409927368,volatility_factor,0.24708516895771027,momentum_factor,0.06786180287599564
2025-11-05,600109.SH,cp,2,cn_a,SIZE_SMALL,-0.0788359427049403,-0.04882701400761387,-0.0788359427049403,0.6145969033241272,0,value_factor,0.6614611744880676,volatility_factor,0.23768536746501923,momentum_factor,0.08068826794624329
2025-11-05,600061.SH,cp,2,cn_a,SIZE_SMALL,-0.0871297126835069,-0.053963757592136535,-0.0871297126835069,0.6145969033241272,1,value_factor,0.6529173851013184,volatility_factor,0.2401740700006485,momentum_factor,0.07729233801364899
2025-11-05,600023.SH,cp,2,cn_a,SIZE_SMALL,-0.08944787649176769,-0.055399511549713044,-0.08944787649176769,0.6145969033241272,0,value_factor,0.672556459903717,volatility_factor,0.2344534993171692,momentum_factor,0.08509831130504608
2025-11-05,600098.SH,cp,2,cn_a,SIZE_SMALL,-0.0972684526491014,-0.060243182703756525,-0.0972684526491014,0.6145969033241272,0,value_factor,0.6603725552558899,volatility_factor,0.23800250887870789,momentum_factor,0.08025554567575455
2025-11-05,600008.SH,cp,2,cn_a,SIZE_SMALL,-0.13237457699934632,-0.08198614874930654,-0.13237457699934632,0.6145969033241272,0,value_factor,0.6589227318763733,volatility_factor,0.23842480778694153,momentum_factor,0.07967928797006607
2025-11-06,600007.SH,cp,2,cn_a,SIZE_SMALL,0.3929087343446647,0.19645436717233236,0.3929087343446647,1.0,1,value_factor,0.48638030886650085,quality_factor,0.33998098969459534,momentum_factor,0.14532321691513062
2025-11-06,600038.SH,cp,2,cn_a,SIZE_SMALL,0.2518523439858651,0.12592617199293255,0.2518523439858651,1.0,0,quality_factor,0.3856099545955658,value_factor,0.3812295198440552,momentum_factor,0.14277823269367218
2025-11-06,600060.SH,cp,2,cn_a,SIZE_SMALL,0.0992666303678025,0.04963331518390125,0.0992666303678025,1.0,0,quality_factor,0.4510604441165924,value_factor,0.23040035367012024,volatility_factor,0.17941151559352875
2025-11-06,600062.SH,cp,2,cn_a,SIZE_SMALL,0.09596101377494193,0.047980506887470964,0.09596101377494193,1.0,1,value_factor,0.4325862526893616,quality_factor,0.36332428455352783,momentum_factor,0.14402121305465698
2025-11-06,600004.SH,cp,2,cn_a,SIZE_SMALL,0.06844769934915268,0.03422384967457634,0.06844769934915268,1.0,1,value_factor,0.604775071144104,quality_factor,0.1645139455795288,momentum_factor,0.11811380088329315
2025-11-06,600095.SH,cp,2,cn_a,SIZE_SMALL,0.03476426149059374,0.01738213074529687,0.03476426149059374,1.0,0,value_factor,0.37430712580680847,quality_factor,0.30094972252845764,volatility_factor,0.3002297580242157
2025-11-06,600023.SH,cp,2,cn_a,SIZE_SMALL,-0.18106522462898458,-0.09053261231449229,-0.18106522462898458,1.0,0,quality_factor,0.4671027362346649,volatility_factor,0.20123307406902313,value_factor,0.1934312880039215
2025-11-06,600109.SH,cp,2,cn_a,SIZE_SMALL,-0.23688700036116558,-0.11844350018058279,-0.23688700036116558,1.0,0,quality_factor,0.39869827032089233,value_factor,0.3510677218437195,momentum_factor,0.1420482099056244
2025-11-06,600098.SH,cp,2,cn_a,SIZE_SMALL,-0.30229422395350475,-0.15114711197675237,-0.30229422395350475,1.0,0,quality_factor,0.3940170705318451,value_factor,0.36185550689697266,momentum_factor,0.142309308052063
2025-11-06,600096.SH,cp,2,cn_a,SIZE_SMALL,-0.33340083800216186,-0.16670041900108093,-0.33340083800216186,1.0,1,value_factor,0.5312784910202026,quality_factor,0.32049793004989624,momentum_factor,0.14640989899635315
2025-11-06,600061.SH,cp,2,cn_a,SIZE_SMALL,-0.33544075505134857,-0.16772037752567429,-0.33544075505134857,1.0,1,value_factor,0.42250147461891174,quality_factor,0.3677004873752594,momentum_factor,0.14377713203430176
2025-11-06,600008.SH,cp,2,cn_a,SIZE_SMALL,-0.4298293075243506,-0.2149146537621753,-0.4298293075243506,1.0,0,quality_factor,0.3881625533103943,value_factor,0.3753471076488495,momentum_factor,0.14263585209846497
2025-11-07,600007.SH,cp,2,cn_a,SIZE_SMALL,0.2767789508761943,0.20740013044982836,0.2767789508761943,0.33451682329177856,1,quality_factor,0.4090408980846405,value_factor,0.3272334635257721,momentum_factor,0.14147134125232697
2025-11-07,600038.SH,cp,2,cn_a,SIZE_SMALL,0.16197825731758556,0.1213759629890719,0.16197825731758556,0.33451682329177856,0,quality_factor,0.5021394491195679,volatility_factor,0.24889181554317474,momentum_factor,0.1362786740064621
2025-11-07,600062.SH,cp,2,cn_a,SIZE_SMALL,0.06458957468857342,0.04839922318406777,0.06458957468857342,0.33451682329177856,1,quality_factor,0.45455098152160645,value_factor,0.22235652804374695,volatility_factor,0.184159517288208
2025-11-07,600004.SH,cp,2,cn_a,SIZE_SMALL,0.0599530209655088,0.044924891613848834,0.0599530209655088,0.33451682329177856,1,value_factor,0.6019499897956848,quality_factor,0.17071786522865295,momentum_factor,0.11925189942121506
2025-11-07,600060.SH,cp,2,cn_a,SIZE_SMALL,0.05511637412536799,0.04130062328560569,0.05511637412536799,0.33451682329177856,0,quality_factor,0.43173718452453613,volatility_factor,0.30816781520843506,value_factor,0.17855900526046753
2025-11-07,600095.SH,cp,2,cn_a,SIZE_SMALL,-0.015536727803212648,-0.011642212541629116,-0.015536727803212648,0.33451682329177856,0,value_factor,0.5184585452079773,volatility_factor,0.27933982014656067,quality_factor,0.17835283279418945
2025-11-07,600023.SH,cp,2,cn_a,SIZE_SMALL,-0.09663232901830325,-0.07240997763963487,-0.09663232901830325,0.33451682329177856,0,quality_factor,0.4040033519268036,volatility_factor,0.306484580039978,value_factor,0.22006800770759583
2025-11-07,600109.SH,cp,2,cn_a,SIZE_SMALL,-0.14818884454631995,-0.1110430746009434,-0.14818884454631995,0.33451682329177856,0,quality_factor,0.5322108864784241,volatility_factor,0.2897965610027313,momentum_factor,0.1346013993024826
2025-11-07,600098.SH,cp,2,cn_a,SIZE_SMALL,-0.19100623847784973,-0.14312764266079278,-0.19100623847784973,0.33451682329177856,0,quality_factor,0.5212632417678833,volatility_factor,0.2749049663543701,momentum_factor,0.1352120339870453
2025-11-07,600061.SH,cp,2,cn_a,SIZE_SMALL,-0.22380721288084146,-0.1677065578872797,-0.22380721288084146,0.33451682329177856,1,quality_factor,0.4635588824748993,value_factor,0.20159801840782166,volatility_factor,0.19641254842281342
2025-11-07,600096.SH,cp,2,cn_a,SIZE_SMALL,-0.24358432904063426,-0.1825262414595944,-0.24358432904063426,0.33451682329177856,1,value_factor,0.4078752100467682,quality_factor,0.3740473985671997,momentum_factor,0.1434231400489807
2025-11-07,600008.SH,cp,2,cn_a,SIZE_SMALL,-0.2749700113479865,-0.2060446289099227,-0.2749700113479865,0.33451682329177856,0,quality_factor,0.5078745484352112,volatility_factor,0.2566929757595062,momentum_factor,0.13595880568027496
2025-11-10,600007.SH,cp,2,cn_a,SIZE_SMALL,0.23973977959059603,0.23639381524710193,0.23973977959059603,0.014154165983200073,1,value_factor,0.40185391902923584,quality_factor,0.3766602575778961,momentum_factor,0.14327740669250488
2025-11-10,600038.SH,cp,2,cn_a,SIZE_SMALL,0.14657082581315148,0.14452518800617267,0.14657082581315148,0.014154165983200073,0,quality_factor,0.4448542296886444,value_factor,0.24470247328281403,volatility_factor,0.17096948623657227
2025-11-10,600062.SH,cp,2,cn_a,SIZE_SMALL,0.05716802042845298,0.05637014634068833,0.05716802042845298,0.014154165983200073,1,quality_factor,0.4107411503791809,value_factor,0.323315292596817,momentum_factor,0.14137651026248932
2025-11-10,600060.SH,cp,2,cn_a,SIZE_SMALL,0.05375562613544397,0.05300537764260498,0.05375562613544397,0.014154165983200073,0,quality_factor,0.5449468493461609,volatility_factor,0.3150390088558197,momentum_factor,0.13089466094970703
2025-11-10,600004.SH,cp,2,cn_a,SIZE_SMALL,0.04716360844630781,0.046505362441237846,0.04716360844630781,0.014154165983200073,1,value_factor,0.6031309366226196,quality_factor,0.1681244969367981,momentum_factor,0.11877615004777908
2025-11-10,600095.SH,cp,2,cn_a,SIZE_SMALL,0.0027982197597308986,0.0027591659841859767,0.0027982197597308986,0.014154165983200073,0,value_factor,0.47998449206352234,volatility_factor,0.2905466854572296,quality_factor,0.22091230750083923
2025-11-10,600023.SH,cp,2,cn_a,SIZE_SMALL,-0.09625693770371972,-0.0949135132544248,-0.09625693770371972,0.014154165983200073,0,quality_factor,0.5062377452850342,volatility_factor,0.3126896023750305,momentum_factor,0.11401771008968353
2025-11-10,600109.SH,cp,2,cn_a,SIZE_SMALL,-0.135945569771648,-0.13404822495098995,-0.135945569771648,0.014154165983200073,0,quality_factor,0.4656519591808319,volatility_factor,0.19925960898399353,value_factor,0.1967746615409851
2025-11-10,600098.SH,cp,2,cn_a,SIZE_SMALL,-0.17435613729141228,-0.17192270959975975,-0.17435613729141228,0.014154165983200073,0,quality_factor,0.4581463634967804,value_factor,0.2140711098909378,volatility_factor,0.1890501081943512
2025-11-10,600061.SH,cp,2,cn_a,SIZE_SMALL,-0.1989291114954583,-0.19615272738814232,-0.1989291114954583,0.014154165983200073,1,quality_factor,0.4173148274421692,value_factor,0.3081663250923157,momentum_factor,0.1410098522901535
2025-11-10,600096.SH,cp,2,cn_a,SIZE_SMALL,-0.20744389164828309,-0.20454866972926686,-0.20744389164828309,0.014154165983200073,1,value_factor,0.4646167755126953,quality_factor,0.3494250774383545,momentum_factor,0.1447964757680893
2025-11-10,600008.SH,cp,2,cn_a,SIZE_SMALL,-0.24947032329231153,-0.24598855315002863,-0.24947032329231153,0.014154165983200073,0,quality_factor,0.4488648772239685,value_factor,0.23545999825000763,volatility_factor,0.1764249950647354
2025-11-11,600007.SH,cp,2,cn_a,SIZE_SMALL,0.2949763310457525,0.19243823012173616,0.2949763310457525,0.5328364968299866,1,value_factor,0.5554800033569336,quality_factor,0.27276575565338135,momentum_factor,0.13797244429588318
2025-11-11,600038.SH,cp,2,cn_a,SIZE_SMALL,0.20038121258894304,0.13072576285546966,0.20038121258894304,0.5328364968299866,0,value_factor,0.5364906787872314,quality_factor,0.3144659698009491,momentum_factor,0.14562229812145233
2025-11-11,600060.SH,cp,2,cn_a,SIZE_SMALL,0.08536982006156146,0.055694017958036884,0.08536982006156146,0.5328364968299866,0,value_factor,0.4706367552280426,quality_factor,0.34681275486946106,momentum_factor,0.14494216442108154
2025-11-11,600062.SH,cp,2,cn_a,SIZE_SMALL,0.07424600819140907,0.048437006316084975,0.07424600819140907,0.5328364968299866,1,value_factor,0.5457890629768372,quality_factor,0.2940467596054077,momentum_factor,0.14187641441822052
2025-11-11,600095.SH,cp,2,cn_a,SIZE_SMALL,0.05540911964079613,0.03614809662346933,0.05540911964079613,0.5328364968299866,0,quality_factor,0.5185532569885254,volatility_factor,0.2712186872959137,momentum_factor,0.13536319136619568
2025-11-11,600004.SH,cp,2,cn_a,SIZE_SMALL,0.04279317623679645,0.02791764026320927,0.04279317623679645,0.5328364968299866,1,value_factor,0.6076065897941589,quality_factor,0.15829616785049438,volatility_factor,0.11712415516376495
2025-11-11,600023.SH,cp,2,cn_a,SIZE_SMALL,-0.15857402670948872,-0.10345136823373727,-0.15857402670948872,0.5328364968299866,0,value_factor,0.4551498591899872,quality_factor,0.3535330593585968,momentum_factor,0.1445673406124115
2025-11-11,600109.SH,cp,2,cn_a,SIZE_SMALL,-0.19152387538055057,-0.12494736602636926,-0.19152387538055057,0.5328364968299866,0,value_factor,0.5253925919532776,quality_factor,0.32305213809013367,momentum_factor,0.14626745879650116
2025-11-11,600098.SH,cp,2,cn_a,SIZE_SMALL,-0.24301395301928205,-0.15853873715265593,-0.24301395301928205,0.5328364968299866,0,value_factor,0.5306294560432434,quality_factor,0.32077962160110474,momentum_factor,0.14639419317245483
2025-11-11,600096.SH,cp,2,cn_a,SIZE_SMALL,-0.24391179088210188,-0.15912447340018737,-0.24391179088210188,0.5328364968299866,1,value_factor,0.5635302662849426,quality_factor,0.25508734583854675,momentum_factor,0.13472937047481537
2025-11-11,600061.SH,cp,2,cn_a,SIZE_SMALL,-0.2609777470482927,-0.17025805279048598,-0.2609777470482927,0.5328364968299866,1,value_factor,0.5439667701721191,quality_factor,0.2980485260486603,momentum_factor,0.14261053502559662
2025-11-11,600008.SH,cp,2,cn_a,SIZE_SMALL,-0.3430641407762281,-0.2238100115869012,-0.3430641407762281,0.5328364968299866,0,value_factor,0.5354227423667908,quality_factor,0.3168112635612488,momentum_factor,0.1460525393486023
2025-11-12,600007.SH,cp,2,cn_a,SIZE_SMALL,0.18031721991634778,0.1698952424975567,0.18031721991634778,0.06134360283613205,1,value_factor,0.512488067150116,quality_factor,0.3286518454551697,momentum_factor,0.14595511555671692
2025-11-12,600038.SH,cp,2,cn_a,SIZE_SMALL,0.11723201889066633,0.11045624088008796,0.11723201889066633,0.06134360283613205,0,value_factor,0.4208841621875763,quality_factor,0.36840230226516724,momentum_factor,0.1437380015850067
2025-11-12,600060.SH,cp,2,cn_a,SIZE_SMALL,0.04713921614612127,0.044414663014466386,0.04713921614612127,0.06134360283613205,0,quality_factor,0.4235060214996338,value_factor,0.29389894008636475,volatility_factor,0.14193052053451538
2025-11-12,600062.SH,cp,2,cn_a,SIZE_SMALL,0.04436085800999804,0.041796888464145025,0.04436085800999804,0.06134360283613205,1,value_factor,0.4653001129627228,quality_factor,0.34912848472595215,momentum_factor,0.14481301605701447
2025-11-12,600004.SH,cp,2,cn_a,SIZE_SMALL,0.030158350866739805,0.028415258044728938,0.030158350866739805,0.06134360283613205,1,value_factor,0.6053669452667236,quality_factor,0.16321423649787903,momentum_factor,0.1178753674030304
2025-11-12,600095.SH,cp,2,cn_a,SIZE_SMALL,0.020232091087700126,0.01906271637934584,0.020232091087700126,0.06134360283613205,0,quality_factor,0.3394384980201721,value_factor,0.31670138239860535,volatility_factor,0.3025658130645752
2025-11-12,600023.SH,cp,2,cn_a,SIZE_SMALL,-0.08640027970052808,-0.0814065150205165,-0.08640027970052808,0.06134360283613205,0,quality_factor,0.4366811215877533,value_factor,0.2635372281074524,volatility_factor,0.15985199809074402
2025-11-12,600109.SH,cp,2,cn_a,SIZE_SMALL,-0.11071104197294192,-0.10431216348541802,-0.11071104197294192,0.06134360283613205,0,value_factor,0.39508211612701416,quality_factor,0.37959879636764526,momentum_factor,0.14311350882053375
2025-11-12,600098.SH,cp,2,cn_a,SIZE_SMALL,-0.14107649078934428,-0.13292254962936562,-0.14107649078934428,0.06134360283613205,0,value_factor,0.4042867124080658,quality_factor,0.3756045699119568,momentum_factor,0.14333629608154297
2025-11-12,600096.SH,cp,2,cn_a,SIZE_SMALL,-0.15207485086919006,-0.1432852263260655,-0.15207485086919006,0.06134360283613205,1,value_factor,0.5408766269683838,quality_factor,0.30483463406562805,momentum_factor,0.14385545253753662
2025-11-12,600061.SH,cp,2,cn_a,SIZE_SMALL,-0.15527828189770226,-0.1463035053992775,-0.15527828189770226,0.06134360283613205,1,value_factor,0.4565298855304718,quality_factor,0.3529343008995056,momentum_factor,0.1446007639169693
2025-11-12,600008.SH,cp,2,cn_a,SIZE_SMALL,-0.20023409110327337,-0.18866095806074648,-0.20023409110327337,0.06134360283613205,0,value_factor,0.4158356785774231,quality_factor,0.37059304118156433,momentum_factor,0.14361581206321716
2025-11-13,600007.SH,cp,2,cn_a,SIZE_SMALL,0.19892618603075557,0.14629893969407884,0.19892618603075557,0.3597239851951599,1,value_factor,0.5915887951850891,quality_factor,0.19347089529037476,momentum_factor,0.1234259083867073
2025-11-13,600038.SH,cp,2,cn_a,SIZE_SMALL,0.14408324802831593,0.105965065911245,0.14408324802831593,0.3597239851951599,0,value_factor,0.5868802666664124,quality_factor,0.20381081104278564,momentum_factor,0.12532274425029755
2025-11-13,600060.SH,cp,2,cn_a,SIZE_SMALL,0.06615947841963572,0.04865654812287778,0.06615947841963572,0.3597239851951599,0,value_factor,0.5815480351448059,quality_factor,0.2155204713344574,momentum_factor,0.12747088074684143
2025-11-13,600095.SH,cp,2,cn_a,SIZE_SMALL,0.06057542322934491,0.04454979189418068,0.06057542322934491,0.3597239851951599,0,value_factor,0.559489905834198,quality_factor,0.2639600336551666,momentum_factor,0.13635705411434174
2025-11-13,600062.SH,cp,2,cn_a,SIZE_SMALL,0.05181465192583669,0.038106740940560095,0.05181465192583669,0.3597239851951599,1,value_factor,0.589057981967926,quality_factor,0.1990286409854889,momentum_factor,0.12444546818733215
2025-11-13,600004.SH,cp,2,cn_a,SIZE_SMALL,0.022053862002333134,0.01621936604465958,0.022053862002333134,0.3597239851951599,1,value_factor,0.6126606464385986,quality_factor,0.14719747006893158,volatility_factor,0.12520483136177063
2025-11-13,600023.SH,cp,2,cn_a,SIZE_SMALL,-0.12486578083622275,-0.09183170755401845,-0.12486578083622275,0.3597239851951599,0,value_factor,0.5804369449615479,quality_factor,0.2179604172706604,momentum_factor,0.12791848182678223
2025-11-13,600109.SH,cp,2,cn_a,SIZE_SMALL,-0.13999294296450435,-0.10295687827239669,-0.13999294296450435,0.3597239851951599,0,value_factor,0.5856964588165283,quality_factor,0.20641037821769714,momentum_factor,0.12579964101314545
2025-11-13,600096.SH,cp,2,cn_a,SIZE_SMALL,-0.15943024976706097,-0.1172519162081408,-0.15943024976706097,0.3597239851951599,1,value_factor,0.5939289927482605,quality_factor,0.18833202123641968,momentum_factor,0.12248319387435913
2025-11-13,600098.SH,cp,2,cn_a,SIZE_SMALL,-0.1766058264009565,-0.1298835797427989,-0.1766058264009565,0.3597239851951599,0,value_factor,0.5861123204231262,quality_factor,0.20549723505973816,momentum_factor,0.1256321221590042
2025-11-13,600061.SH,cp,2,cn_a,SIZE_SMALL,-0.18323997177494064,-0.13476261780890952,-0.18323997177494064,0.3597239851951599,1,value_factor,0.5886130332946777,quality_factor,0.20000556111335754,momentum_factor,0.12462468445301056
2025-11-13,600008.SH,cp,2,cn_a,SIZE_SMALL,-0.24748511396644352,-0.1820112800924112,-0.24748511396644352,0.3597239851951599,0,value_factor,0.5866442322731018,quality_factor,0.20432932674884796,momentum_factor,0.12541787326335907
2025-11-14,600007.SH,cp,2,cn_a,SIZE_SMALL,0.3070714231473696,0.21360452274945124,0.3070714231473696,0.43756982684135437,1,value_factor,0.5419157147407532,quality_factor,0.302552729845047,momentum_factor,0.14343683421611786
2025-11-14,600038.SH,cp,2,cn_a,SIZE_SMALL,0.2042524590165924,0.14208176254715352,0.2042524590165924,0.43756982684135437,0,value_factor,0.48361992835998535,quality_factor,0.3411788046360016,momentum_factor,0.1452564001083374
2025-11-14,600060.SH,cp,2,cn_a,SIZE_SMALL,0.0847011073220889,0.05891964618668499,0.0847011073220889,0.43756982684135437,0,value_factor,0.3893808126449585,quality_factor,0.3820728063583374,momentum_factor,0.14297550916671753
2025-11-14,600062.SH,cp,2,cn_a,SIZE_SMALL,0.07644338647453389,0.053175423873318965,0.07644338647453389,0.43756982684135437,1,value_factor,0.5179903507232666,quality_factor,0.3262642025947571,momentum_factor,0.14608827233314514
2025-11-14,600004.SH,cp,2,cn_a,SIZE_SMALL,0.0478515411703663,0.033286411056285124,0.0478515411703663,0.43756982684135437,1,value_factor,0.6064457297325134,quality_factor,0.1608453243970871,momentum_factor,0.11744078993797302
2025-11-14,600095.SH,cp,2,cn_a,SIZE_SMALL,0.04641379078900569,0.03228628547997584,0.04641379078900569,0.43756982684135437,0,quality_factor,0.43583548069000244,volatility_factor,0.30841657519340515,value_factor,0.17242524027824402
2025-11-14,600023.SH,cp,2,cn_a,SIZE_SMALL,-0.1563731371311153,-0.10877602671511409,-0.1563731371311153,0.43756982684135437,0,quality_factor,0.3914853036403656,value_factor,0.3676898777484894,momentum_factor,0.1424505114555359
2025-11-14,600109.SH,cp,2,cn_a,SIZE_SMALL,-0.19411782636354377,-0.13503192590359023,-0.19411782636354377,0.43756982684135437,0,value_factor,0.4639969766139984,quality_factor,0.34969401359558105,momentum_factor,0.1447814702987671
2025-11-14,600098.SH,cp,2,cn_a,SIZE_SMALL,-0.24680211382184963,-0.17168008405383756,-0.24680211382184963,0.43756982684135437,0,value_factor,0.4709687829017639,quality_factor,0.34666869044303894,momentum_factor,0.14495021104812622
2025-11-14,600096.SH,cp,2,cn_a,SIZE_SMALL,-0.2563691043689835,-0.17833505842111466,-0.2563691043689835,0.43756982684135437,1,value_factor,0.5528638362884521,quality_factor,0.278510719537735,momentum_factor,0.13902635872364044
2025-11-14,600061.SH,cp,2,cn_a,SIZE_SMALL,-0.2681630514494971,-0.1865391446615212,-0.2681630514494971,0.43756982684135437,1,value_factor,0.5111435055732727,quality_factor,0.32923534512519836,momentum_factor,0.14592257142066956
2025-11-14,600008.SH,cp,2,cn_a,SIZE_SMALL,-0.3493004847912413,-0.2429798337638772,-0.3493004847912413,0.43756982684135437,0,value_factor,0.47976091504096985,quality_factor,0.3428534269332886,momentum_factor,0.14516299962997437
2025-11-17,600007.SH,cp,2,cn_a,SIZE_SMALL,0.1308989389753051,0.0839025523231301,0.1308989389753051,0.5601305365562439,1,value_factor,0.5954568982124329,quality_factor,0.18497668206691742,momentum_factor,0.12186765670776367
2025-11-17,600038.SH,cp,2,cn_a,SIZE_SMALL,0.09554188938539873,0.061239674178882625,0.09554188938539873,0.5601305365562439,0,value_factor,0.5916679501533508,quality_factor,0.19329716265201569,momentum_factor,0.12339404225349426
2025-11-17,600060.SH,cp,2,cn_a,SIZE_SMALL,0.04423628988123456,0.028354222390157325,0.04423628988123456,0.5601305365562439,0,value_factor,0.5874759554862976,quality_factor,0.2025027573108673,momentum_factor,0.12508279085159302
2025-11-17,600095.SH,cp,2,cn_a,SIZE_SMALL,0.04175618088969566,0.026764542014910624,0.04175618088969566,0.5601305365562439,0,value_factor,0.5711721181869507,quality_factor,0.23830580711364746,momentum_factor,0.13165082037448883
2025-11-17,600062.SH,cp,2,cn_a,SIZE_SMALL,0.034237990797889827,0.02194559281264107,0.034237990797889827,0.5601305365562439,1,value_factor,0.5934099555015564,quality_factor,0.18947170674800873,momentum_factor,0.12269225716590881
2025-11-17,600004.SH,cp,2,cn_a,SIZE_SMALL,0.013956161584701468,0.008945508548479385,0.013956161584701468,0.5601305365562439,1,value_factor,0.6134933233261108,quality_factor,0.1453687846660614,volatility_factor,0.12653623521327972
2025-11-17,600023.SH,cp,2,cn_a,SIZE_SMALL,-0.08362953748005275,-0.05360419037088639,-0.08362953748005275,0.5601305365562439,0,value_factor,0.5866153836250305,quality_factor,0.20439265668392181,momentum_factor,0.12542949616909027
2025-11-17,600109.SH,cp,2,cn_a,SIZE_SMALL,-0.09300416713064573,-0.05961306531613887,-0.09300416713064573,0.5601305365562439,0,value_factor,0.5907283425331116,quality_factor,0.1953604519367218,momentum_factor,0.12377254664897919
2025-11-17,600096.SH,cp,2,cn_a,SIZE_SMALL,-0.10449625555809564,-0.06697917200985362,-0.10449625555809564,0.5601305365562439,1,value_factor,0.5973713397979736,quality_factor,0.180772602558136,momentum_factor,0.1210964247584343
2025-11-17,600098.SH,cp,2,cn_a,SIZE_SMALL,-0.11725076744897578,-0.07515445677272281,-0.11725076744897578,0.5601305365562439,0,value_factor,0.5910578370094299,quality_factor,0.1946369707584381,momentum_factor,0.12363983690738678
2025-11-17,600061.SH,cp,2,cn_a,SIZE_SMALL,-0.12116854329236992,-0.07766564131909019,-0.12116854329236992,0.5601305365562439,1,value_factor,0.5930527448654175,quality_factor,0.19025637209415436,momentum_factor,0.12283620983362198
2025-11-17,600008.SH,cp,2,cn_a,SIZE_SMALL,-0.16416964866169345,-0.10522814504482894,-0.16416964866169345,0.5601305365562439,0,value_factor,0.5914800763130188,quality_factor,0.193709596991539,momentum_factor,0.12346969544887543
2025-11-18,600095.SH,cp,2,cn_a,SIZE_SMALL,0.06291064262319508,0.045272008105912885,0.06291064262319508,0.38961464166641235,0,value_factor,0.6763259172439575,volatility_factor,0.22699576616287231,momentum_factor,0.08928942680358887
2025-11-18,600038.SH,cp,2,cn_a,SIZE_SMALL,0.057645364589421856,0.041482987681299065,0.057645364589421856,0.38961464166641235,0,value_factor,0.6444610953330994,volatility_factor,0.2426372468471527,momentum_factor,0.07393120229244232
2025-11-18,600007.SH,cp,2,cn_a,SIZE_SMALL,0.05501080578029824,0.039587095940428925,0.05501080578029824,0.38961464166641235,1,value_factor,0.6236106753349304,volatility_factor,0.24871066212654114,momentum_factor,0.06564375013113022
2025-11-18,600060.SH,cp,2,cn_a,SIZE_SMALL,0.035375712785850735,0.025457211835935026,0.035375712785850735,0.38961464166641235,0,value_factor,0.6593084931373596,volatility_factor,0.23831243813037872,momentum_factor,0.07983261346817017
2025-11-18,600062.SH,cp,2,cn_a,SIZE_SMALL,0.017798597799385432,0.012808298091531034,0.017798597799385432,0.38961464166641235,1,value_factor,0.6360668540000916,volatility_factor,0.2450823336839676,momentum_factor,0.07059474289417267
2025-11-18,600004.SH,cp,2,cn_a,SIZE_SMALL,-0.007435607352123041,-0.0053508414837521705,-0.007435607352123041,0.38961464166641235,1,value_factor,0.5670380592346191,quality_factor,0.24738429486751556,momentum_factor,0.1333162635564804
2025-11-18,600096.SH,cp,2,cn_a,SIZE_SMALL,-0.03402684750961845,-0.024486536014275917,-0.03402684750961845,0.38961464166641235,1,value_factor,0.6082684993743896,volatility_factor,0.2531795799732208,quality_factor,0.07900623977184296
2025-11-18,600109.SH,cp,2,cn_a,SIZE_SMALL,-0.06025911713400679,-0.04336390673491674,-0.06025911713400679,0.38961464166641235,0,value_factor,0.6483542919158936,volatility_factor,0.24150320887565613,momentum_factor,0.07547865062952042
2025-11-18,600061.SH,cp,2,cn_a,SIZE_SMALL,-0.06507595729186075,-0.04683022050280137,-0.06507595729186075,0.38961464166641235,1,value_factor,0.6379303336143494,volatility_factor,0.2445395290851593,momentum_factor,0.07133542746305466
2025-11-18,600023.SH,cp,2,cn_a,SIZE_SMALL,-0.07018412753426834,-0.0505061823906139,-0.07018412753426834,0.38961464166641235,0,value_factor,0.661694347858429,volatility_factor,0.23761744797229767,momentum_factor,0.08078093081712723
2025-11-18,600098.SH,cp,2,cn_a,SIZE_SMALL,-0.0741409904233723,-0.05335363587892803,-0.0741409904233723,0.38961464166641235,0,value_factor,0.6470333933830261,volatility_factor,0.24188795685768127,momentum_factor,0.07495363801717758
2025-11-18,600008.SH,cp,2,cn_a,SIZE_SMALL,-0.10051882979832756,-0.07233576208533163,-0.10051882979832756,0.38961464166641235,0,value_factor,0.6452710628509521,volatility_factor,0.24240128695964813,momentum_factor,0.0742531567811966
2025-11-19,600095.SH,cp,2,cn_a,SIZE_SMALL,0.04586565259742997,0.0381847549881006,0.04586565259742997,0.20115089416503906,0,value_factor,0.6303013563156128,volatility_factor,0.2467617690563202,momentum_factor,0.06830309331417084
2025-11-19,600096.SH,cp,2,cn_a,SIZE_SMALL,0.028169956146696633,0.02345247069584753,0.028169956146696633,0.20115089416503906,1,quality_factor,0.3515816330909729,volatility_factor,0.3033028542995453,value_factor,0.29852694272994995
2025-11-19,600060.SH,cp,2,cn_a,SIZE_SMALL,0.0123666697991428,0.01029568379727952,0.0123666697991428,0.20115089416503906,0,value_factor,0.5560793876647949,volatility_factor,0.2683814764022827,quality_factor,0.1367371827363968
2025-11-19,600038.SH,cp,2,cn_a,SIZE_SMALL,0.004979810066268554,0.004145865511535243,0.004979810066268554,0.20115089416503906,0,value_factor,0.5049197673797607,volatility_factor,0.28328344225883484,quality_factor,0.19332921504974365
2025-11-19,600061.SH,cp,2,cn_a,SIZE_SMALL,0.00298748698384341,0.0024871870789557327,0.00298748698384341,0.20115089416503906,1,value_factor,0.4793020486831665,volatility_factor,0.29074546694755554,quality_factor,0.22166718542575836
2025-11-19,600062.SH,cp,2,cn_a,SIZE_SMALL,-0.0015271084487630713,-0.0012713710293864589,-0.0015271084487630713,0.20115089416503906,1,value_factor,0.47159019112586975,volatility_factor,0.29299184679985046,quality_factor,0.23019801080226898
2025-11-19,600109.SH,cp,2,cn_a,SIZE_SMALL,-0.009648751242861204,-0.008032921833329175,-0.009648751242861204,0.20115089416503906,0,value_factor,0.51922607421875,volatility_factor,0.27911627292633057,quality_factor,0.1775038093328476
2025-11-19,600098.SH,cp,2,cn_a,SIZE_SMALL,-0.010046831912336452,-0.008364337870572329,-0.010046831912336452,0.20115089416503906,0,value_factor,0.5144485831260681,volatility_factor,0.2805078327655792,quality_factor,0.18278855085372925
2025-11-19,600008.SH,cp,2,cn_a,SIZE_SMALL,-0.010255853852134183,-0.008538355923435728,-0.010255853852134183,0.20115089416503906,0,value_factor,0.5079531073570251,volatility_factor,0.2823999226093292,quality_factor,0.189973846077919
2025-11-19,600004.SH,cp,2,cn_a,SIZE_SMALL,-0.01763938249048129,-0.014685400956840669,-0.01763938249048129,0.20115089416503906,1,value_factor,0.5929053425788879,quality_factor,0.19057995080947876,momentum_factor,0.12289557605981827
2025-11-19,600007.SH,cp,2,cn_a,SIZE_SMALL,-0.020939699779369738,-0.017433030172221316,-0.020939699779369738,0.20115089416503906,1,value_factor,0.4008522629737854,volatility_factor,0.29915326833724976,quality_factor,0.2832137644290924
2025-11-19,600023.SH,cp,2,cn_a,SIZE_SMALL,-0.0272085345415621,-0.022652053687622388,-0.0272085345415621,0.20115089416503906,0,value_factor,0.5635053515434265,volatility_factor,0.2662183940410614,quality_factor,0.12852264940738678
2025-11-20,600095.SH,cp,2,cn_a,SIZE_SMALL,0.03932065162183667,0.033388473675147676,0.03932065162183667,0.1776714026927948,0,value_factor,0.6579062938690186,volatility_factor,0.23872090876102448,momentum_factor,0.07927525788545609
2025-11-20,600038.SH,cp,2,cn_a,SIZE_SMALL,0.022505238366755508,0.019109946752358553,0.022505238366755508,0.1776714026927948,0,value_factor,0.5815655589103699,volatility_factor,0.2609577178955078,quality_factor,0.10854466259479523
2025-11-20,600060.SH,cp,2,cn_a,SIZE_SMALL,0.01720994560276934,0.014613537467158263,0.01720994560276934,0.1776714026927948,0,value_factor,0.6105167865753174,volatility_factor,0.2525246739387512,quality_factor,0.07651915401220322
2025-11-20,600007.SH,cp,2,cn_a,SIZE_SMALL,0.01209755033494019,0.01027243253180496,0.01209755033494019,0.1776714026927948,1,value_factor,0.5365930795669556,volatility_factor,0.274057537317276,quality_factor,0.15829266607761383
2025-11-20,600062.SH,cp,2,cn_a,SIZE_SMALL,0.005829927633971566,0.004950385543121967,0.005829927633971566,0.1776714026927948,1,value_factor,0.5641067028045654,volatility_factor,0.26604321599006653,quality_factor,0.12785741686820984
2025-11-20,600096.SH,cp,2,cn_a,SIZE_SMALL,-0.0019275083616488392,-0.0016367114871463362,-0.0019275083616488392,0.1776714026927948,1,value_factor,0.4997697174549103,volatility_factor,0.28478360176086426,quality_factor,0.1990261673927307
2025-11-20,600004.SH,cp,2,cn_a,SIZE_SMALL,-0.00910789245041469,-0.007733814542073008,-0.00910789245041469,0.1776714026927948,1,value_factor,0.5858354568481445,quality_factor,0.20610536634922028,momentum_factor,0.12574368715286255
2025-11-20,600061.SH,cp,2,cn_a,SIZE_SMALL,-0.022263314603204565,-0.01890452123478581,-0.022263314603204565,0.1776714026927948,1,value_factor,0.5680546760559082,volatility_factor,0.26489323377609253,quality_factor,0.12349021434783936
2025-11-20,600109.SH,cp,2,cn_a,SIZE_SMALL,-0.025147692025562062,-0.021353742080914687,-0.025147692025562062,0.1776714026927948,0,value_factor,0.5893874168395996,volatility_factor,0.2586793303489685,quality_factor,0.09989221394062042
2025-11-20,600098.SH,cp,2,cn_a,SIZE_SMALL,-0.03027483005756248,-0.02570736558788693,-0.03027483005756248,0.1776714026927948,0,value_factor,0.5867526531219482,volatility_factor,0.2594468295574188,quality_factor,0.10280680656433105
2025-11-20,600023.SH,cp,2,cn_a,SIZE_SMALL,-0.03511990263063288,-0.02982147792803702,-0.03511990263063288,0.1776714026927948,0,value_factor,0.614954948425293,volatility_factor,0.25123193860054016,quality_factor,0.07160977274179459
2025-11-20,600008.SH,cp,2,cn_a,SIZE_SMALL,-0.03981740091380644,-0.03381028002814489,-0.03981740091380644,0.1776714026927948,0,value_factor,0.5832070112228394,volatility_factor,0.260479599237442,quality_factor,0.1067289263010025
2025-11-21,600008.SH,cp,2,cn_a,SIZE_SMALL,0.04447301763548834,0.0423100216016071,0.04447301763548834,0.051122501492500305,0,quality_factor,0.52180016040802,volatility_factor,0.27563536167144775,momentum_factor,0.13518206775188446
2025-11-21,600096.SH,cp,2,cn_a,SIZE_SMALL,0.03996687167457617,0.03802303719886555,0.03996687167457617,0.051122501492500305,1,value_factor,0.39548516273498535,quality_factor,0.37942391633987427,momentum_factor,0.14312325417995453
2025-11-21,600061.SH,cp,2,cn_a,SIZE_SMALL,0.03637152049264841,0.034602550030229176,0.03637152049264841,0.051122501492500305,1,quality_factor,0.47419941425323486,volatility_factor,0.21088634431362152,value_factor,0.17707718908786774
2025-11-21,600098.SH,cp,2,cn_a,SIZE_SMALL,0.030848185536030692,0.029347848780972668,0.030848185536030692,0.051122501492500305,0,quality_factor,0.5362711548805237,volatility_factor,0.29531964659690857,momentum_factor,0.1343749314546585
2025-11-21,600109.SH,cp,2,cn_a,SIZE_SMALL,0.023904651938462758,0.022742021874589007,0.023904651938462758,0.051122501492500305,0,quality_factor,0.5481351613998413,volatility_factor,0.3114576041698456,momentum_factor,0.13371321558952332
2025-11-21,600023.SH,cp,2,cn_a,SIZE_SMALL,0.015267882492327085,0.014525311580064194,0.015267882492327085,0.051122501492500305,0,quality_factor,0.3879735767841339,volatility_factor,0.30551162362098694,value_factor,0.24405954778194427
2025-11-21,600095.SH,cp,2,cn_a,SIZE_SMALL,0.003223607301317066,0.0030668234764664806,0.003223607301317066,0.051122501492500305,0,value_factor,0.5247185230255127,volatility_factor,0.27751636505126953,quality_factor,0.1714281290769577
2025-11-21,600060.SH,cp,2,cn_a,SIZE_SMALL,-0.008756611289213682,-0.00833072349261643,-0.008756611289213682,0.051122501492500305,0,quality_factor,0.41415873169898987,volatility_factor,0.30710092186927795,value_factor,0.20486852526664734
2025-11-21,600004.SH,cp,2,cn_a,SIZE_SMALL,-0.010000811391123805,-0.009514410500770606,-0.010000811391123805,0.051122501492500305,1,value_factor,0.6017143726348877,quality_factor,0.1712353676557541,momentum_factor,0.11934683471918106
2025-11-21,600062.SH,cp,2,cn_a,SIZE_SMALL,-0.010506803180020325,-0.009995792800796141,-0.010506803180020325,0.051122501492500305,1,quality_factor,0.4645792841911316,value_factor,0.19924670457839966,volatility_factor,0.19780045747756958
2025-11-21,600038.SH,cp,2,cn_a,SIZE_SMALL,-0.026214237353345334,-0.024939277963558815,-0.026214237353345334,0.051122501492500305,0,quality_factor,0.5156142711639404,volatility_factor,0.26722097396850586,momentum_factor,0.135527104139328
2025-11-21,600007.SH,cp,2,cn_a,SIZE_SMALL,-0.04524399772013293,-0.04304350418880378,-0.04524399772013293,0.051122501492500305,1,quality_factor,0.41625919938087463,value_factor,0.31059902906417847,momentum_factor,0.1410687267780304
2025-11-24,600008.SH,cp,2,cn_a,SIZE_SMALL,0.09353917288478755,0.08861671682243305,0.09353917288478755,0.05554766580462456,0,value_factor,0.5593286752700806,quality_factor,0.2643139958381653,momentum_factor,0.13642197847366333
2025-11-24,600061.SH,cp,2,cn_a,SIZE_SMALL,0.07035486572321026,0.06665247318952905,0.07035486572321026,0.05554766580462456,1,value_factor,0.5642794966697693,quality_factor,0.25344187021255493,momentum_factor,0.1344275027513504
2025-11-24,600098.SH,cp,2,cn_a,SIZE_SMALL,0.06646668718137268,0.06296890825976989,0.06646668718137268,0.05554766580462456,0,value_factor,0.5579472184181213,quality_factor,0.2673477232456207,momentum_factor,0.13697852194309235
2025-11-24,600096.SH,cp,2,cn_a,SIZE_SMALL,0.06386592399632691,0.060505009044247854,0.06386592399632691,0.05554766580462456,1,value_factor,0.5764806866645813,quality_factor,0.2266482263803482,momentum_factor,0.1295122504234314
2025-11-24,600109.SH,cp,2,cn_a,SIZE_SMALL,0.05251242006028584,0.049748978044468116,0.05251242006028584,0.05554766580462456,0,value_factor,0.5568534731864929,quality_factor,0.2697495222091675,momentum_factor,0.13741911947727203
2025-11-24,600023.SH,cp,2,cn_a,SIZE_SMALL,0.04490823164031749,0.042544956551710714,0.04490823164031749,0.05554766580462456,0,value_factor,0.541898787021637,quality_factor,0.302590012550354,momentum_factor,0.14344367384910583
2025-11-24,600004.SH,cp,2,cn_a,SIZE_SMALL,-0.010260232319755917,-0.009720292300767767,-0.010260232319755917,0.05554766580462456,1,value_factor,0.6093652844429016,quality_factor,0.15443387627601624,volatility_factor,0.11993616819381714
2025-11-24,600095.SH,cp,2,cn_a,SIZE_SMALL,-0.01839718029745223,-0.01742903712392893,-0.01839718029745223,0.05554766580462456,0,quality_factor,0.39684656262397766,value_factor,0.355334997177124,momentum_factor,0.14215148985385895
2025-11-24,600062.SH,cp,2,cn_a,SIZE_SMALL,-0.019964989357348858,-0.0189143409512744,-0.019964989357348858,0.05554766580462456,1,value_factor,0.5653638243675232,quality_factor,0.2510607838630676,momentum_factor,0.13399070501327515
2025-11-24,600060.SH,cp,2,cn_a,SIZE_SMALL,-0.024007026165049485,-0.022743667426237398,-0.024007026165049485,0.05554766580462456,0,value_factor,0.5452421307563782,quality_factor,0.29524803161621094,momentum_factor,0.14209678769111633
2025-11-24,600038.SH,cp,2,cn_a,SIZE_SMALL,-0.05456034320446376,-0.051689130172659914,-0.05456034320446376,0.05554766580462456,0,value_factor,0.5599358081817627,quality_factor,0.26298075914382935,momentum_factor,0.1361774057149887
2025-11-24,600007.SH,cp,2,cn_a,SIZE_SMALL,-0.07821346820455276,-0.07409752032039219,-0.07821346820455276,0.05554766580462456,1,value_factor,0.5713064074516296,quality_factor,0.23801103234291077,momentum_factor,0.13159674406051636
2025-11-25,600008.SH,cp,2,cn_a,SIZE_SMALL,0.018240706764003845,0.01472636691233143,0.018240706764003845,0.23864267766475677,0,value_factor,0.6371383666992188,volatility_factor,0.24477021396160126,momentum_factor,0.07102064788341522
2025-11-25,600098.SH,cp,2,cn_a,SIZE_SMALL,0.01348873921563236,0.010889935650199235,0.01348873921563236,0.23864267766475677,0,value_factor,0.6391006112098694,volatility_factor,0.24419865012168884,momentum_factor,0.0718005821108818
2025-11-25,600023.SH,cp,2,cn_a,SIZE_SMALL,0.01301626751422986,0.010508492555884643,0.01301626751422986,0.23864267766475677,0,value_factor,0.6553270816802979,volatility_factor,0.2394721657037735,momentum_factor,0.07825011014938354
2025-11-25,600061.SH,cp,2,cn_a,SIZE_SMALL,0.011674459390729496,0.009425203459235849,0.011674459390729496,0.23864267766475677,1,value_factor,0.6289376616477966,volatility_factor,0.2471589744091034,momentum_factor,0.06776108592748642
2025-11-25,600109.SH,cp,2,cn_a,SIZE_SMALL,0.010983892547050669,0.008867684452484774,0.010983892547050669,0.23864267766475677,0,value_factor,0.6405697464942932,volatility_factor,0.2437707483768463,momentum_factor,0.07238449156284332
2025-11-25,600096.SH,cp,2,cn_a,SIZE_SMALL,0.0057323538552463684,0.0046279317592157875,0.0057323538552463684,0.23864267766475677,1,value_factor,0.5953457951545715,volatility_factor,0.25694379210472107,quality_factor,0.09330116212368011
2025-11-25,600004.SH,cp,2,cn_a,SIZE_SMALL,0.0015852975895934685,0.001279866743741438,0.0015852975895934685,0.23864267766475677,1,value_factor,0.5714021325111389,quality_factor,0.2378007024526596,momentum_factor,0.1315581500530243
2025-11-25,600062.SH,cp,2,cn_a,SIZE_SMALL,-0.0031830967278905784,-0.002569826429360847,-0.0031830967278905784,0.23864267766475677,1,value_factor,0.6268488764762878,volatility_factor,0.24776743352413177,momentum_factor,0.06693083792924881
2025-11-25,600060.SH,cp,2,cn_a,SIZE_SMALL,-0.006541900222070196,-0.005281507137880321,-0.006541900222070196,0.23864267766475677,0,value_factor,0.6526982188224792,volatility_factor,0.24023792147636414,momentum_factor,0.07720523327589035
2025-11-25,600007.SH,cp,2,cn_a,SIZE_SMALL,-0.009611367405479054,-0.007759596422087282,-0.009611367405479054,0.23864267766475677,1,value_factor,0.6128124594688416,volatility_factor,0.2518559992313385,quality_factor,0.07397972047328949
2025-11-25,600038.SH,cp,2,cn_a,SIZE_SMALL,-0.010448043294133057,-0.008435074422058994,-0.010448043294133057,0.23864267766475677,0,value_factor,0.6362356543540955,volatility_factor,0.24503320455551147,momentum_factor,0.07066182792186737
2025-11-25,600095.SH,cp,2,cn_a,SIZE_SMALL,-0.011967579542687925,-0.009661849712201031,-0.011967579542687925,0.23864267766475677,0,value_factor,0.6783545017242432,volatility_factor,0.23023924231529236,momentum_factor,0.08847218006849289
2025-11-26,600008.SH,cp,2,cn_a,SIZE_SMALL,0.048983905251858625,0.04616036462457698,0.048983905251858625,0.06116807460784912,0,value_factor,0.6311579346656799,volatility_factor,0.15477922558784485,momentum_factor,0.10748541355133057
2025-11-26,600098.SH,cp,2,cn_a,SIZE_SMALL,0.03527689474665188,0.033243456518128225,0.03527689474665188,0.06116807460784912,0,value_factor,0.6311783790588379,volatility_factor,0.15481190383434296,momentum_factor,0.10747717320919037
2025-11-26,600061.SH,cp,2,cn_a,SIZE_SMALL,0.03501967767590562,0.03300106600817879,0.03501967767590562,0.06116807460784912,1,value_factor,0.6310780644416809,volatility_factor,0.15465147793293,momentum_factor,0.10751760005950928
2025-11-26,600109.SH,cp,2,cn_a,SIZE_SMALL,0.028162273596353784,0.026538937865013563,0.028162273596353784,0.06116807460784912,0,value_factor,0.6311941146850586,volatility_factor,0.15483695268630981,momentum_factor,0.10747087746858597
2025-11-26,600096.SH,cp,2,cn_a,SIZE_SMALL,0.027452357282954164,0.02586994269790776,0.027452357282954164,0.06116807460784912,1,value_factor,0.6308225989341736,volatility_factor,0.15424303710460663,momentum_factor,0.10762052237987518
2025-11-26,600023.SH,cp,2,cn_a,SIZE_SMALL,0.027313958484030645,0.025739521511824997,0.027313958484030645,0.06116807460784912,0,value_factor,0.6313709616661072,volatility_factor,0.15511980652809143,momentum_factor,0.1073995977640152
2025-11-26,600004.SH,cp,2,cn_a,SIZE_SMALL,-0.0021760353068705114,-0.002050603819451181,-0.0021760353068705114,0.06116807460784912,1,value_factor,0.628880500793457,volatility_factor,0.15113793313503265,quality_factor,0.11157865822315216
2025-11-26,600062.SH,cp,2,cn_a,SIZE_SMALL,-0.009821986537960244,-0.009255825512457037,-0.009821986537960244,0.06116807460784912,1,value_factor,0.6310590505599976,volatility_factor,0.15462104976177216,momentum_factor,0.10752527415752411
2025-11-26,600060.SH,cp,2,cn_a,SIZE_SMALL,-0.014230331865866632,-0.013410064066547989,-0.014230331865866632,0.06116807460784912,0,value_factor,0.6313365697860718,volatility_factor,0.15506483614444733,momentum_factor,0.10741344839334488
2025-11-26,600095.SH,cp,2,cn_a,SIZE_SMALL,-0.01710478005712986,-0.016118822707186013,-0.01710478005712986,0.06116807460784912,0,value_factor,0.631825864315033,volatility_factor,0.15584710240364075,momentum_factor,0.10721634328365326
2025-11-26,600038.SH,cp,2,cn_a,SIZE_SMALL,-0.028400989916512378,-0.026763894048553866,-0.028400989916512378,0.06116807460784912,0,value_factor,0.6311487555503845,volatility_factor,0.15476448833942413,momentum_factor,0.10748914629220963
2025-11-26,600007.SH,cp,2,cn_a,SIZE_SMALL,-0.035929609907159196,-0.03385854773329555,-0.035929609907159196,0.06116807460784912,1,value_factor,0.6309430599212646,volatility_factor,0.15443561971187592,momentum_factor,0.10757198929786682
2025-11-27,600008.SH,cp,2,cn_a,SIZE_SMALL,0.06947044856104258,0.05934229847527884,0.06947044856104258,0.1706734001636505,0,value_factor,0.46932315826416016,quality_factor,0.3473827838897705,momentum_factor,0.14491038024425507
2025-11-27,600061.SH,cp,2,cn_a,SIZE_SMALL,0.0534215992022799,0.04563322319853516,0.0534215992022799,0.1706734001636505,1,value_factor,0.5021507740020752,quality_factor,0.3331376314163208,momentum_factor,0.14570491015911102
2025-11-27,600096.SH,cp,2,cn_a,SIZE_SMALL,0.05127748925448161,0.0438017046878369,0.05127748925448161,0.1706734001636505,1,value_factor,0.5509158968925476,quality_factor,0.2827882766723633,momentum_factor,0.13981106877326965
2025-11-27,600098.SH,cp,2,cn_a,SIZE_SMALL,0.049062389306756125,0.0419095458638587,0.049062389306756125,0.1706734001636505,0,value_factor,0.4601067006587982,quality_factor,0.3513821065425873,momentum_factor,0.14468729496002197
2025-11-27,600109.SH,cp,2,cn_a,SIZE_SMALL,0.038574980311905184,0.032951104286244266,0.038574980311905184,0.1706734001636505,0,value_factor,0.4527924358844757,quality_factor,0.35455605387687683,momentum_factor,0.14451026916503906
2025-11-27,600023.SH,cp,2,cn_a,SIZE_SMALL,0.03091667304360357,0.02640930752021902,0.03091667304360357,0.1706734001636505,0,quality_factor,0.3986404240131378,value_factor,0.3512010872364044,momentum_factor,0.14205142855644226
2025-11-27,600095.SH,cp,2,cn_a,SIZE_SMALL,-0.00886988234551332,-0.007576735381599765,-0.00886988234551332,0.1706734001636505,0,quality_factor,0.4156300723552704,volatility_factor,0.3071902096271515,value_factor,0.20266638696193695
2025-11-27,600004.SH,cp,2,cn_a,SIZE_SMALL,-0.009671457076651322,-0.008261447916651789,-0.009671457076651322,0.1706734001636505,1,value_factor,0.606255829334259,quality_factor,0.16126225888729095,momentum_factor,0.11751727759838104
2025-11-27,600062.SH,cp,2,cn_a,SIZE_SMALL,-0.015234006783353037,-0.013013029226633098,-0.015234006783353037,0.1706734001636505,1,value_factor,0.5092985033988953,quality_factor,0.3300359547138214,momentum_factor,0.1458779126405716
2025-11-27,600060.SH,cp,2,cn_a,SIZE_SMALL,-0.01676557123763388,-0.014321305722072752,-0.01676557123763388,0.1706734001636505,0,quality_factor,0.3886722922325134,value_factor,0.37417250871658325,momentum_factor,0.1426074355840683
2025-11-27,600038.SH,cp,2,cn_a,SIZE_SMALL,-0.04063090025358123,-0.03470729007958941,-0.04063090025358123,0.1706734001636505,0,value_factor,0.47336578369140625,quality_factor,0.3456284999847412,momentum_factor,0.14500822126865387
2025-11-27,600007.SH,cp,2,cn_a,SIZE_SMALL,-0.06131480630864704,-0.052375673574707036,-0.06131480630864704,0.1706734001636505,1,value_factor,0.5393847227096558,quality_factor,0.3081108033657074,momentum_factor,0.14445644617080688
2025-11-28,600007.SH,cp,2,cn_a,SIZE_SMALL,0.07243916064681162,0.03966596887612814,0.07243916064681162,0.826229453086853,1,quality_factor,0.33327624201774597,value_factor,0.3259243965148926,volatility_factor,0.3021917939186096
2025-11-28,600004.SH,cp,2,cn_a,SIZE_SMALL,0.04007479403605078,0.021944008168476775,0.04007479403605078,0.826229453086853,1,value_factor,0.594590961933136,quality_factor,0.18687841296195984,momentum_factor,0.12221653014421463
2025-11-28,600023.SH,cp,2,cn_a,SIZE_SMALL,0.0389439577262606,0.021324788985542922,0.0389439577262606,0.826229453086853,0,value_factor,0.5420905947685242,volatility_factor,0.27245616912841797,quality_factor,0.15221133828163147
2025-11-28,600062.SH,cp,2,cn_a,SIZE_SMALL,0.010653189902255503,0.005833434503122566,0.010653189902255503,0.826229453086853,1,value_factor,0.41801249980926514,volatility_factor,0.29845741391181946,quality_factor,0.2717483341693878
2025-11-28,600038.SH,cp,2,cn_a,SIZE_SMALL,0.010323083809598906,0.0056526762243101075,0.010323083809598906,0.826229453086853,0,value_factor,0.4704226553440094,volatility_factor,0.29333189129829407,quality_factor,0.23148947954177856
2025-11-28,600109.SH,cp,2,cn_a,SIZE_SMALL,3.276140966478818e-05,1.7939372081318683e-05,3.276140966478818e-05,0.826229453086853,0,value_factor,0.4882379472255707,volatility_factor,0.288142591714859,quality_factor,0.21178241074085236
2025-11-28,600098.SH,cp,2,cn_a,SIZE_SMALL,-0.0044048257045196885,-0.0024119782413290214,-0.0044048257045196885,0.826229453086853,0,value_factor,0.48231178522109985,volatility_factor,0.2898688316345215,quality_factor,0.21833793818950653
2025-11-28,600008.SH,cp,2,cn_a,SIZE_SMALL,-0.014170478762348034,-0.007759418586966632,-0.014170478762348034,0.826229453086853,0,value_factor,0.4742172956466675,volatility_factor,0.2922265827655792,quality_factor,0.22729189693927765
2025-11-28,600060.SH,cp,2,cn_a,SIZE_SMALL,-0.016346589185508912,-0.008951005120346994,-0.016346589185508912,0.826229453086853,0,value_factor,0.5331920981407166,volatility_factor,0.2750481367111206,quality_factor,0.16205471754074097
2025-11-28,600061.SH,cp,2,cn_a,SIZE_SMALL,-0.032626558631043356,-0.017865530848763328,-0.032626558631043356,0.826229453086853,1,value_factor,0.43098610639572144,volatility_factor,0.2979312837123871,quality_factor,0.26308009028434753
2025-11-28,600096.SH,cp,2,cn_a,SIZE_SMALL,-0.08187893523884301,-0.04483496589130356,-0.08187893523884301,0.826229453086853,1,quality_factor,0.41881051659584045,volatility_factor,0.307383269071579,value_factor,0.1979062408208847
2025-11-28,600095.SH,cp,2,cn_a,SIZE_SMALL,-0.08722762035898578,-0.04776377919628118,-0.08722762035898578,0.826229453086853,0,value_factor,0.6198251247406006,volatility_factor,0.24981333315372467,quality_factor,0.0662224143743515
2025-12-01,600007.SH,cp,2,cn_a,SIZE_SMALL,0.05054497924472379,0.04593221447600193,0.05054497924472379,0.10042549669742584,1,quality_factor,0.3338114619255066,value_factor,0.3251233398914337,volatility_factor,0.3022242784500122
2025-12-01,600004.SH,cp,2,cn_a,SIZE_SMALL,0.027873899764290357,0.02533011114827219,0.027873899764290357,0.10042549669742584,1,value_factor,0.5946063995361328,quality_factor,0.1868443638086319,momentum_factor,0.12221027910709381
2025-12-01,600023.SH,cp,2,cn_a,SIZE_SMALL,0.026940057405793118,0.024481491796989177,0.026940057405793118,0.10042549669742584,0,value_factor,0.5418651103973389,volatility_factor,0.27252185344696045,quality_factor,0.15246081352233887
2025-12-01,600062.SH,cp,2,cn_a,SIZE_SMALL,0.007456058122449053,0.0067756138382748625,0.007456058122449053,0.10042549669742584,1,value_factor,0.4173939526081085,volatility_factor,0.2984825074672699,quality_factor,0.272161602973938
2025-12-01,600038.SH,cp,2,cn_a,SIZE_SMALL,0.007319533078531559,0.006651548150796743,0.007319533078531559,0.10042549669742584,0,value_factor,0.47005054354667664,volatility_factor,0.2934402823448181,quality_factor,0.23190107941627502
2025-12-01,600109.SH,cp,2,cn_a,SIZE_SMALL,-0.00011817642262274377,-0.0001073915722397123,-0.00011817642262274377,0.10042549669742584,0,value_factor,0.48790568113327026,volatility_factor,0.28823935985565186,quality_factor,0.2121499925851822
2025-12-01,600098.SH,cp,2,cn_a,SIZE_SMALL,-0.003239129773051797,-0.00294352486982076,-0.003239129773051797,0.10042549669742584,0,value_factor,0.48196646571159363,volatility_factor,0.28996938467025757,quality_factor,0.21871986985206604
2025-12-01,600008.SH,cp,2,cn_a,SIZE_SMALL,-0.010097550462180513,-0.009176042021217024,-0.010097550462180513,0.10042549669742584,0,value_factor,0.4738539159297943,volatility_factor,0.2923324704170227,quality_factor,0.22769391536712646
2025-12-01,600060.SH,cp,2,cn_a,SIZE_SMALL,-0.011294153239876438,-0.010263442120079388,-0.011294153239876438,0.10042549669742584,0,value_factor,0.5329503417015076,volatility_factor,0.2751185894012451,quality_factor,0.16232216358184814
2025-12-01,600061.SH,cp,2,cn_a,SIZE_SMALL,-0.02285971203268861,-0.02077352116144554,-0.02285971203268861,0.10042549669742584,1,value_factor,0.43039146065711975,volatility_factor,0.2979554235935211,quality_factor,0.2634774148464203
2025-12-01,600096.SH,cp,2,cn_a,SIZE_SMALL,-0.05706579057703109,-0.05185793270061369,-0.05706579057703109,0.10042549669742584,1,quality_factor,0.41954120993614197,volatility_factor,0.30742761492729187,value_factor,0.19681258499622345
2025-12-01,600095.SH,cp,2,cn_a,SIZE_SMALL,-0.06056158610885953,-0.05503469985991477,-0.06056158610885953,0.10042549669742584,0,value_factor,0.6197177171707153,volatility_factor,0.24984459578990936,quality_factor,0.06634125858545303
2025-12-02,600008.SH,cp,2,cn_a,SIZE_SMALL,0.06903766488797876,0.0500272503546359,0.06903766488797876,0.3800011873245239,0,value_factor,0.5893897414207458,volatility_factor,0.258678674697876,quality_factor,0.09988969564437866
2025-12-02,600023.SH,cp,2,cn_a,SIZE_SMALL,0.058930786727857565,0.042703431902192474,0.058930786727857565,0.3800011873245239,0,value_factor,0.6194263100624084,volatility_factor,0.2499294877052307,quality_factor,0.06666359305381775
2025-12-02,600098.SH,cp,2,cn_a,SIZE_SMALL,0.05224927104024906,0.037861758033373355,0.05224927104024906,0.3800011873245239,0,value_factor,0.5927311778068542,volatility_factor,0.25770536065101624,quality_factor,0.09619340300559998
2025-12-02,600109.SH,cp,2,cn_a,SIZE_SMALL,0.043259889058252544,0.03134771872343285,0.043259889058252544,0.3800011873245239,0,value_factor,0.5952164530754089,volatility_factor,0.2569814622402191,quality_factor,0.09344428777694702
2025-12-02,600061.SH,cp,2,cn_a,SIZE_SMALL,0.03954361328845755,0.02865476758402121,0.03954361328845755,0.3800011873245239,1,value_factor,0.575146496295929,volatility_factor,0.26282748579978943,quality_factor,0.11564530432224274
2025-12-02,600004.SH,cp,2,cn_a,SIZE_SMALL,0.014139645010409131,0.010246110757210547,0.014139645010409131,0.3800011873245239,1,value_factor,0.5848524570465088,quality_factor,0.20826396346092224,momentum_factor,0.12613968551158905
2025-12-02,600096.SH,cp,2,cn_a,SIZE_SMALL,0.006438827703691967,0.004665813162215635,0.006438827703691967,0.3800011873245239,1,value_factor,0.5116873979568481,volatility_factor,0.28131213784217834,quality_factor,0.18584294617176056
2025-12-02,600062.SH,cp,2,cn_a,SIZE_SMALL,-0.010435449879483147,-0.007561913696404035,-0.010435449879483147,0.3800011873245239,1,value_factor,0.571445107460022,volatility_factor,0.2639056444168091,quality_factor,0.11973972618579865
2025-12-02,600007.SH,cp,2,cn_a,SIZE_SMALL,-0.023574129386754454,-0.01708268775656547,-0.023574129386754454,0.3800011873245239,1,value_factor,0.5457611083984375,volatility_factor,0.2713870108127594,quality_factor,0.14815108478069305
2025-12-02,600060.SH,cp,2,cn_a,SIZE_SMALL,-0.028982491008894246,-0.02100178700938948,-0.028982491008894246,0.3800011873245239,0,value_factor,0.6152116060256958,volatility_factor,0.2511571943759918,quality_factor,0.0713258683681488
2025-12-02,600038.SH,cp,2,cn_a,SIZE_SMALL,-0.03910910716970494,-0.02833990834857736,-0.03910910716970494,0.3800011873245239,0,value_factor,0.5878438949584961,volatility_factor,0.25912895798683167,quality_factor,0.10159966349601746
2025-12-02,600095.SH,cp,2,cn_a,SIZE_SMALL,-0.06431566105272753,-0.04660551138902964,-0.06431566105272753,0.3800011873245239,0,value_factor,0.6604844927787781,volatility_factor,0.23796986043453217,momentum_factor,0.08030005544424057
2025-12-03,600008.SH,cp,2,cn_a,SIZE_SMALL,0.05456940950599739,0.054172156445212186,0.05456940950599739,0.007333218585699797,0,value_factor,0.5935510396957397,volatility_factor,0.25746655464172363,quality_factor,0.09528650343418121
2025-12-03,600023.SH,cp,2,cn_a,SIZE_SMALL,0.04563927086707694,0.04530702721247117,0.04563927086707694,0.007333218585699797,0,value_factor,0.6224579811096191,volatility_factor,0.2490464150905609,momentum_factor,0.06518559902906418
2025-12-03,600098.SH,cp,2,cn_a,SIZE_SMALL,0.04118280839972331,0.040883006792254525,0.04118280839972331,0.007333218585699797,0,value_factor,0.5967583656311035,volatility_factor,0.25653231143951416,quality_factor,0.09173855930566788
2025-12-03,600109.SH,cp,2,cn_a,SIZE_SMALL,0.03402952103576783,0.03378179375576076,0.03402952103576783,0.007333218585699797,0,value_factor,0.599145233631134,volatility_factor,0.2558370530605316,quality_factor,0.08909827470779419
2025-12-03,600061.SH,cp,2,cn_a,SIZE_SMALL,0.031708493341242136,0.03147766262222343,0.031708493341242136,0.007333218585699797,1,value_factor,0.5799031257629395,volatility_factor,0.2614419758319855,quality_factor,0.11038360744714737
2025-12-03,600004.SH,cp,2,cn_a,SIZE_SMALL,0.010383738345041764,0.010308147059057495,0.010383738345041764,0.007333218585699797,1,value_factor,0.5841305255889893,quality_factor,0.2098492980003357,momentum_factor,0.12643051147460938
2025-12-03,600096.SH,cp,2,cn_a,SIZE_SMALL,0.006575212288091744,0.006527346217514787,0.006575212288091744,0.007333218585699797,1,value_factor,0.519557535648346,volatility_factor,0.27901971340179443,quality_factor,0.17713718116283417
2025-12-03,600062.SH,cp,2,cn_a,SIZE_SMALL,-0.008405466300885529,-0.008344276391638174,-0.008405466300885529,0.007333218585699797,1,value_factor,0.5763627290725708,volatility_factor,0.2624732255935669,quality_factor,0.11429998278617859
2025-12-03,600007.SH,cp,2,cn_a,SIZE_SMALL,-0.019880487719586507,-0.019735762228363436,-0.019880487719586507,0.007333218585699797,1,value_factor,0.5518661737442017,volatility_factor,0.26960867643356323,quality_factor,0.14139772951602936
2025-12-03,600060.SH,cp,2,cn_a,SIZE_SMALL,-0.022497406928891177,-0.02233363085282332,-0.022497406928891177,0.007333218585699797,0,value_factor,0.6183914542198181,volatility_factor,0.25023093819618225,quality_factor,0.0678083673119545
2025-12-03,600038.SH,cp,2,cn_a,SIZE_SMALL,-0.030955333830044784,-0.030729985943327015,-0.030955333830044784,0.007333218585699797,0,value_factor,0.5920679569244385,volatility_factor,0.2578985393047333,quality_factor,0.09692704677581787
2025-12-03,600095.SH,cp,2,cn_a,SIZE_SMALL,-0.048984721105008976,-0.0486281233230862,-0.048984721105008976,0.007333218585699797,0,value_factor,0.6622502207756042,volatility_factor,0.23745553195476532,momentum_factor,0.0810018926858902
2025-12-04,600008.SH,cp,2,cn_a,SIZE_SMALL,0.07576649850736951,0.06940474998756846,0.07576649850736951,0.09166160225868225,0,value_factor,0.6321750283241272,volatility_factor,0.24621598422527313,momentum_factor,0.06904786825180054
2025-12-04,600098.SH,cp,2,cn_a,SIZE_SMALL,0.05612420152101574,0.051411722219671115,0.05612420152101574,0.09166160225868225,0,value_factor,0.6342642903327942,volatility_factor,0.2456073760986328,momentum_factor,0.06987828016281128
2025-12-04,600023.SH,cp,2,cn_a,SIZE_SMALL,0.05484080747705836,0.050236088601763686,0.05484080747705836,0.09166160225868225,0,value_factor,0.6514784097671509,volatility_factor,0.24059323966503143,momentum_factor,0.07672037184238434
2025-12-04,600061.SH,cp,2,cn_a,SIZE_SMALL,0.04812004594587324,0.04407963709631895,0.04812004594587324,0.09166160225868225,1,value_factor,0.6234256625175476,volatility_factor,0.24876455962657928,momentum_factor,0.06557021290063858
2025-12-04,600109.SH,cp,2,cn_a,SIZE_SMALL,0.045759178171563046,0.04191700003564274,0.045759178171563046,0.09166160225868225,0,value_factor,0.6358274817466736,volatility_factor,0.24515213072299957,momentum_factor,0.07049957662820816
2025-12-04,600096.SH,cp,2,cn_a,SIZE_SMALL,0.022587171870469963,0.020690635669849876,0.022587171870469963,0.09166160225868225,1,value_factor,0.587283194065094,volatility_factor,0.25929224491119385,quality_factor,0.10221980512142181
2025-12-04,600004.SH,cp,2,cn_a,SIZE_SMALL,0.007237499450179059,0.006629801426365023,0.007237499450179059,0.09166160225868225,1,value_factor,0.5735995173454285,quality_factor,0.2329752892255783,momentum_factor,0.13067293167114258
2025-12-04,600062.SH,cp,2,cn_a,SIZE_SMALL,-0.01309239170404657,-0.011993086533757191,-0.01309239170404657,0.09166160225868225,1,value_factor,0.6211923956871033,volatility_factor,0.24941504001617432,quality_factor,0.06470993906259537
2025-12-04,600060.SH,cp,2,cn_a,SIZE_SMALL,-0.027511692795231083,-0.02520166825450008,-0.027511692795231083,0.09166160225868225,0,value_factor,0.6486970782279968,volatility_factor,0.24140335619449615,momentum_factor,0.07561489194631577
2025-12-04,600007.SH,cp,2,cn_a,SIZE_SMALL,-0.03889620794795377,-0.035630280417797415,-0.03889620794795377,0.09166160225868225,1,value_factor,0.6061371564865112,volatility_factor,0.2538004219532013,quality_factor,0.08136384189128876
2025-12-04,600038.SH,cp,2,cn_a,SIZE_SMALL,-0.0433632188216758,-0.03972221787023586,-0.0433632188216758,0.09166160225868225,0,value_factor,0.6312133073806763,volatility_factor,0.24649612605571747,momentum_factor,0.06866559386253357
2025-12-04,600095.SH,cp,2,cn_a,SIZE_SMALL,-0.0512348801576817,-0.04693293365854907,-0.0512348801576817,0.09166160225868225,0,value_factor,0.679580807685852,volatility_factor,0.23219983279705048,momentum_factor,0.08797819167375565
2025-12-05,600008.SH,cp,2,cn_a,SIZE_SMALL,0.14316532371303375,0.10050924071610495,0.14316532371303375,0.42439961433410645,0,value_factor,0.5891661643981934,quality_factor,0.198791041970253,momentum_factor,0.12440188229084015
2025-12-05,600061.SH,cp,2,cn_a,SIZE_SMALL,0.10582769430601635,0.0742963514178497,0.10582769430601635,0.42439961433410645,1,value_factor,0.5909233093261719,quality_factor,0.19493241608142853,momentum_factor,0.1236940249800682
2025-12-05,600098.SH,cp,2,cn_a,SIZE_SMALL,0.10220765822629677,0.0717549044507976,0.10220765822629677,0.42439961433410645,0,value_factor,0.5886929631233215,quality_factor,0.19983017444610596,momentum_factor,0.12459250539541245
2025-12-05,600096.SH,cp,2,cn_a,SIZE_SMALL,0.09165848334390034,0.06434885436749421,0.09165848334390034,0.42439961433410645,1,value_factor,0.5957095623016357,quality_factor,0.18442191183567047,momentum_factor,0.12176589667797089
2025-12-05,600109.SH,cp,2,cn_a,SIZE_SMALL,0.08104612272347037,0.05689844472568091,0.08104612272347037,0.42439961433410645,0,value_factor,0.5883234739303589,quality_factor,0.2006417214870453,momentum_factor,0.12474139034748077
2025-12-05,600023.SH,cp,2,cn_a,SIZE_SMALL,0.07259281746262392,0.050963800279151567,0.07259281746262392,0.42439961433410645,0,value_factor,0.583681046962738,quality_factor,0.2108362913131714,momentum_factor,0.12661157548427582
2025-12-05,600004.SH,cp,2,cn_a,SIZE_SMALL,-0.01245426950317005,-0.008743522097197635,-0.01245426950317005,0.42439961433410645,1,value_factor,0.6130818724632263,quality_factor,0.14627225697040558,volatility_factor,0.1258784383535385
2025-12-05,600062.SH,cp,2,cn_a,SIZE_SMALL,-0.029913670329471672,-0.0210008975209222,-0.029913670329471672,0.42439961433410645,1,value_factor,0.5913214683532715,quality_factor,0.19405804574489594,momentum_factor,0.12353362143039703
2025-12-05,600095.SH,cp,2,cn_a,SIZE_SMALL,-0.03575083123326358,-0.025098877361025375,-0.03575083123326358,0.42439961433410645,0,value_factor,0.5657601952552795,quality_factor,0.250190407037735,momentum_factor,0.13383103907108307
2025-12-05,600060.SH,cp,2,cn_a,SIZE_SMALL,-0.03842939916323516,-0.026979366447807233,-0.03842939916323516,0.42439961433410645,0,value_factor,0.5846568942070007,quality_factor,0.20869342982769012,momentum_factor,0.12621846795082092
2025-12-05,600038.SH,cp,2,cn_a,SIZE_SMALL,-0.08333314629049976,-0.05850405002353025,-0.08333314629049976,0.42439961433410645,0,value_factor,0.5893764495849609,quality_factor,0.19832931458950043,momentum_factor,0.12431718409061432
2025-12-05,600007.SH,cp,2,cn_a,SIZE_SMALL,-0.11459760278228635,-0.08045326720750319,-0.11459760278228635,0.42439961433410645,1,value_factor,0.5935949087142944,quality_factor,0.1890655755996704,momentum_factor,0.12261775881052017
2025-12-08,600008.SH,cp,2,cn_a,SIZE_SMALL,0.10009941573561834,0.07864985167569476,0.10009941573561834,0.2727223038673401,0,value_factor,0.6713858842849731,volatility_factor,0.21909749507904053,momentum_factor,0.09127949178218842
2025-12-08,600098.SH,cp,2,cn_a,SIZE_SMALL,0.07297009915143701,0.057333875855772085,0.07297009915143701,0.2727223038673401,0,value_factor,0.6710429191589355,volatility_factor,0.21854911744594574,momentum_factor,0.09141766279935837
2025-12-08,600061.SH,cp,2,cn_a,SIZE_SMALL,0.06814576048969619,0.0535433090738301,0.06814576048969619,0.2727223038673401,1,value_factor,0.6727961897850037,volatility_factor,0.22135217487812042,momentum_factor,0.09071140736341476
2025-12-08,600023.SH,cp,2,cn_a,SIZE_SMALL,0.06293323833249888,0.04944773976898387,0.06293323833249888,0.2727223038673401,0,value_factor,0.6681207418441772,volatility_factor,0.21387703716754913,momentum_factor,0.09259486943483353
2025-12-08,600109.SH,cp,2,cn_a,SIZE_SMALL,0.058792730464053096,0.046194470733174384,0.058792730464053096,0.2727223038673401,0,value_factor,0.6707847118377686,volatility_factor,0.218136265873909,momentum_factor,0.09152169525623322
2025-12-08,600096.SH,cp,2,cn_a,SIZE_SMALL,0.0448668921843157,0.03525269742598683,0.0448668921843157,0.2727223038673401,1,value_factor,0.6782070398330688,volatility_factor,0.23000343143939972,momentum_factor,0.08853159099817276
2025-12-08,600004.SH,cp,2,cn_a,SIZE_SMALL,0.001545710940426107,0.001214491965858236,0.001545710940426107,0.2727223038673401,1,quality_factor,0.44172146916389465,value_factor,0.2519218623638153,volatility_factor,0.1667081117630005
2025-12-08,600062.SH,cp,2,cn_a,SIZE_SMALL,-0.01888463261761484,-0.014837984252058827,-0.01888463261761484,0.2727223038673401,1,value_factor,0.6731494069099426,volatility_factor,0.2219170778989792,momentum_factor,0.09056906402111053
2025-12-08,600060.SH,cp,2,cn_a,SIZE_SMALL,-0.03218866762937855,-0.02529119591841963,-0.03218866762937855,0.2727223038673401,0,value_factor,0.6686049103736877,volatility_factor,0.21465103328227997,momentum_factor,0.09239985048770905
2025-12-08,600095.SH,cp,2,cn_a,SIZE_SMALL,-0.048957126280521485,-0.03846646548468475,-0.048957126280521485,0.2727223038673401,0,value_factor,0.6628855466842651,volatility_factor,0.20550674200057983,momentum_factor,0.09470389038324356
2025-12-08,600038.SH,cp,2,cn_a,SIZE_SMALL,-0.057717796515827514,-0.04534987643691589,-0.057717796515827514,0.2727223038673401,0,value_factor,0.6715429425239563,volatility_factor,0.21934862434864044,momentum_factor,0.09121622145175934
2025-12-08,600007.SH,cp,2,cn_a,SIZE_SMALL,-0.06399693586317254,-0.05028350541657013,-0.06399693586317254,0.2727223038673401,1,value_factor,0.6754640936851501,volatility_factor,0.22561785578727722,momentum_factor,0.08963660150766373
2025-12-09,600008.SH,cp,2,cn_a,SIZE_SMALL,0.1267160329329496,0.11009379641266809,0.1267160329329496,0.15098249912261963,0,value_factor,0.6295018792152405,volatility_factor,0.15213143825531006,quality_factor,0.11021407693624496
2025-12-09,600098.SH,cp,2,cn_a,SIZE_SMALL,0.09122040700679203,0.07925438230062426,0.09122040700679203,0.15098249912261963,0,value_factor,0.6295199394226074,volatility_factor,0.15216030180454254,quality_factor,0.11017446964979172
2025-12-09,600061.SH,cp,2,cn_a,SIZE_SMALL,0.09073590888544568,0.07883343921789653,0.09073590888544568,0.15098249912261963,1,value_factor,0.6294315457344055,volatility_factor,0.15201891958713531,quality_factor,0.11036863178014755
2025-12-09,600109.SH,cp,2,cn_a,SIZE_SMALL,0.07280044490600038,0.06325069665394156,0.07280044490600038,0.15098249912261963,0,value_factor,0.6295337677001953,volatility_factor,0.15218240022659302,quality_factor,0.11014407873153687
2025-12-09,600096.SH,cp,2,cn_a,SIZE_SMALL,0.07148893496802104,0.06211122673239273,0.07148893496802104,0.15098249912261963,1,value_factor,0.6292080283164978,volatility_factor,0.15166158974170685,quality_factor,0.11085942387580872
2025-12-09,600023.SH,cp,2,cn_a,SIZE_SMALL,0.07035875944008733,0.0611293043062957,0.07035875944008733,0.15098249912261963,0,value_factor,0.6296906471252441,volatility_factor,0.15243324637413025,quality_factor,0.1097995713353157
2025-12-09,600004.SH,cp,2,cn_a,SIZE_SMALL,-0.005881336429154147,-0.005109840013759914,-0.005881336429154147,0.15098249912261963,1,value_factor,0.6275820136070251,volatility_factor,0.14906182885169983,quality_factor,0.11443017423152924
2025-12-09,600062.SH,cp,2,cn_a,SIZE_SMALL,-0.025458350523876593,-0.02211879897677262,-0.025458350523876593,0.15098249912261963,1,value_factor,0.6294147968292236,volatility_factor,0.15199218690395355,quality_factor,0.11040537059307098
2025-12-09,600060.SH,cp,2,cn_a,SIZE_SMALL,-0.03668150052535909,-0.031869729169054235,-0.03668150052535909,0.15098249912261963,0,value_factor,0.6296601295471191,volatility_factor,0.15238435566425323,quality_factor,0.10986673086881638
2025-12-09,600095.SH,cp,2,cn_a,SIZE_SMALL,-0.04365893379600632,-0.037931883264330266,-0.04365893379600632,0.15098249912261963,0,value_factor,0.630099356174469,volatility_factor,0.15308666229248047,quality_factor,0.10890211910009384
2025-12-09,600038.SH,cp,2,cn_a,SIZE_SMALL,-0.07348374046920239,-0.06384435951477818,-0.07348374046920239,0.15098249912261963,0,value_factor,0.629493772983551,volatility_factor,0.15211842954158783,quality_factor,0.11023195832967758
2025-12-09,600007.SH,cp,2,cn_a,SIZE_SMALL,-0.093342639777012,-0.08109822681766751,-0.093342639777012,0.15098249912261963,1,value_factor,0.6293131113052368,volatility_factor,0.15182961523532867,quality_factor,0.110628642141819
2025-12-10,600008.SH,cp,2,cn_a,SIZE_SMALL,0.06127185018067567,0.04936431405158422,0.06127185018067567,0.2412174940109253,0,quality_factor,0.49647578597068787,volatility_factor,0.24118779599666595,momentum_factor,0.13659457862377167
2025-12-10,600096.SH,cp,2,cn_a,SIZE_SMALL,0.053635224094290376,0.043211785487305,0.053635224094290376,0.2412174940109253,1,value_factor,0.4182870090007782,quality_factor,0.36952927708625793,momentum_factor,0.14367511868476868
2025-12-10,600061.SH,cp,2,cn_a,SIZE_SMALL,0.049675579079975996,0.04002165560803701,0.049675579079975996,0.2412174940109253,1,quality_factor,0.45477294921875,value_factor,0.22184498608112335,volatility_factor,0.18446147441864014
2025-12-10,600098.SH,cp,2,cn_a,SIZE_SMALL,0.042612553582646984,0.034331254424191916,0.042612553582646984,0.2412174940109253,0,quality_factor,0.5090107917785645,volatility_factor,0.25823861360549927,momentum_factor,0.13589541614055634
2025-12-10,600109.SH,cp,2,cn_a,SIZE_SMALL,0.03309219986710553,0.02666108077494938,0.03309219986710553,0.2412174940109253,0,quality_factor,0.5192384123802185,volatility_factor,0.27215075492858887,momentum_factor,0.13532495498657227
2025-12-10,600023.SH,cp,2,cn_a,SIZE_SMALL,0.02194002720433122,0.017676214934284597,0.02194002720433122,0.2412174940109253,0,quality_factor,0.41885489225387573,volatility_factor,0.3073859214782715,value_factor,0.19783979654312134
2025-12-10,600095.SH,cp,2,cn_a,SIZE_SMALL,0.00266054931023718,0.0021434996872625144,0.00266054931023718,0.2412174940109253,0,value_factor,0.512715220451355,volatility_factor,0.28101277351379395,quality_factor,0.18470601737499237
2025-12-10,600060.SH,cp,2,cn_a,SIZE_SMALL,-0.012459576722310024,-0.010038189747106767,-0.012459576722310024,0.2412174940109253,0,quality_factor,0.44806504249572754,volatility_factor,0.3091588318347931,value_factor,0.15412135422229767
2025-12-10,600004.SH,cp,2,cn_a,SIZE_SMALL,-0.013016396417866694,-0.010486797423233968,-0.013016396417866694,0.2412174940109253,1,value_factor,0.6021538376808167,quality_factor,0.17027026414871216,momentum_factor,0.11916978657245636
2025-12-10,600062.SH,cp,2,cn_a,SIZE_SMALL,-0.014324633707971915,-0.011540792630695736,-0.014324633707971915,0.2412174940109253,1,quality_factor,0.44625598192214966,value_factor,0.24147219955921173,volatility_factor,0.17287619411945343
2025-12-10,600038.SH,cp,2,cn_a,SIZE_SMALL,-0.03607546004377337,-0.029064575884438695,-0.03607546004377337,0.2412174940109253,0,quality_factor,0.49109724164009094,volatility_factor,0.2338716685771942,value_factor,0.13813649117946625
2025-12-10,600007.SH,cp,2,cn_a,SIZE_SMALL,-0.06113542403748405,-0.04925440088660717,-0.06113542403748405,0.2412174940109253,1,quality_factor,0.4030165672302246,value_factor,0.34111639857292175,momentum_factor,0.14180734753608704
2025-12-11,600008.SH,cp,2,cn_a,SIZE_SMALL,0.04659684475078018,0.046055012867009,0.04659684475078018,0.011764837428927422,0,quality_factor,0.5041913986206055,volatility_factor,0.25168299674987793,momentum_factor,0.13616423308849335
2025-12-11,600096.SH,cp,2,cn_a,SIZE_SMALL,0.04112019477608141,0.040642045821667735,0.04112019477608141,0.011764837428927422,1,value_factor,0.41121232509613037,quality_factor,0.37259921431541443,momentum_factor,0.14350388944149017
2025-12-11,600061.SH,cp,2,cn_a,SIZE_SMALL,0.03787865029500884,0.03743819428229328,0.03787865029500884,0.011764837428927422,1,quality_factor,0.4607275724411011,value_factor,0.20812273025512695,volatility_factor,0.19256122410297394
2025-12-11,600098.SH,cp,2,cn_a,SIZE_SMALL,0.03238060732177645,0.03200408299793757,0.03238060732177645,0.011764837428927422,0,quality_factor,0.517301082611084,volatility_factor,0.2695154547691345,momentum_factor,0.13543301820755005
2025-12-11,600109.SH,cp,2,cn_a,SIZE_SMALL,0.02512978945350498,0.024837578226946818,0.02512978945350498,0.011764837428927422,0,quality_factor,0.5280131697654724,volatility_factor,0.2840866446495056,momentum_factor,0.13483554124832153
2025-12-11,600023.SH,cp,2,cn_a,SIZE_SMALL,0.016475560449677823,0.01628398129872071,0.016475560449677823,0.011764837428927422,0,quality_factor,0.40861672163009644,volatility_factor,0.3067645728588104,value_factor,0.21316316723823547
2025-12-11,600095.SH,cp,2,cn_a,SIZE_SMALL,0.002435923699229653,0.0024075985812149966,0.002435923699229653,0.011764837428927422,0,value_factor,0.5166687369346619,volatility_factor,0.279861181974411,quality_factor,0.1803327351808548
2025-12-11,600060.SH,cp,2,cn_a,SIZE_SMALL,-0.009383830608980279,-0.009274714666837687,-0.009383830608980279,0.011764837428927422,0,quality_factor,0.4368049204349518,volatility_factor,0.30847540497779846,value_factor,0.1709742397069931
2025-12-11,600004.SH,cp,2,cn_a,SIZE_SMALL,-0.010075448258964462,-0.009958290130786644,-0.010075448258964462,0.011764837428927422,1,value_factor,0.6020147204399109,quality_factor,0.17057569324970245,momentum_factor,0.11922580748796463
2025-12-11,600062.SH,cp,2,cn_a,SIZE_SMALL,-0.010928757876096824,-0.010801677394597366,-0.010928757876096824,0.011764837428927422,1,quality_factor,0.45187926292419434,value_factor,0.22851333022117615,volatility_factor,0.18052533268928528
2025-12-11,600038.SH,cp,2,cn_a,SIZE_SMALL,-0.027444584713496676,-0.02712545686022325,-0.027444584713496676,0.011764837428927422,0,quality_factor,0.4985727369785309,volatility_factor,0.24404022097587585,momentum_factor,0.13647758960723877
2025-12-11,600007.SH,cp,2,cn_a,SIZE_SMALL,-0.046770817126301274,-0.04622696227766076,-0.046770817126301274,0.011764837428927422,1,quality_factor,0.4071058928966522,value_factor,0.3316926062107086,momentum_factor,0.1415792554616928
2025-12-12,600095.SH,cp,2,cn_a,SIZE_SMALL,0.0265056201093497,0.023635257401708746,0.0265056201093497,0.12144415825605392,0,value_factor,0.6739473938941956,volatility_factor,0.22319285571575165,momentum_factor,0.09024761617183685
2025-12-12,600038.SH,cp,2,cn_a,SIZE_SMALL,0.02559792178513213,0.02282585609559049,0.02559792178513213,0.12144415825605392,0,value_factor,0.6539753675460815,volatility_factor,0.23986589908599854,momentum_factor,0.07771284878253937
2025-12-12,600007.SH,cp,2,cn_a,SIZE_SMALL,0.025336968560783525,0.022593162176269225,0.025336968560783525,0.12144415825605392,1,value_factor,0.6358969211578369,volatility_factor,0.24513186514377594,momentum_factor,0.07052717357873917
2025-12-12,600060.SH,cp,2,cn_a,SIZE_SMALL,0.015379491792765931,0.013714006528799077,0.015379491792765931,0.12144415825605392,0,value_factor,0.6670447587966919,volatility_factor,0.23605899512767792,momentum_factor,0.08290756493806839
2025-12-12,600062.SH,cp,2,cn_a,SIZE_SMALL,0.00801204509730258,0.007144399844546443,0.00801204509730258,0.12144415825605392,1,value_factor,0.6466588973999023,volatility_factor,0.24199709296226501,momentum_factor,0.07480475306510925
2025-12-12,600004.SH,cp,2,cn_a,SIZE_SMALL,-0.0027005132263321916,-0.0024080676082188918,-0.0027005132263321916,0.12144415825605392,1,value_factor,0.560293436050415,quality_factor,0.262195348739624,momentum_factor,0.1360333114862442
2025-12-12,600096.SH,cp,2,cn_a,SIZE_SMALL,-0.01621052510936946,-0.014455045080860405,-0.01621052510936946,0.12144415825605392,1,value_factor,0.6227951645851135,volatility_factor,0.24894817173480988,momentum_factor,0.06531964987516403
2025-12-12,600109.SH,cp,2,cn_a,SIZE_SMALL,-0.026601388630229823,-0.023720654899773097,-0.026601388630229823,0.12144415825605392,0,value_factor,0.6573864221572876,volatility_factor,0.23887230455875397,momentum_factor,0.07906866073608398
2025-12-12,600061.SH,cp,2,cn_a,SIZE_SMALL,-0.02920212261613809,-0.02603974862166006,-0.02920212261613809,0.12144415825605392,1,value_factor,0.6482785940170288,volatility_factor,0.24152527749538422,momentum_factor,0.07544855028390884
2025-12-12,600023.SH,cp,2,cn_a,SIZE_SMALL,-0.030417767133738075,-0.027123747824995686,-0.030417767133738075,0.12144415825605392,0,value_factor,0.6691603660583496,volatility_factor,0.23544274270534515,momentum_factor,0.08374844491481781
2025-12-12,600098.SH,cp,2,cn_a,SIZE_SMALL,-0.032794097296317076,-0.029242738998651988,-0.032794097296317076,0.12144415825605392,0,value_factor,0.6562278866767883,volatility_factor,0.23920977115631104,momentum_factor,0.07860816270112991
2025-12-12,600008.SH,cp,2,cn_a,SIZE_SMALL,-0.044580627082913826,-0.0397528747445746,-0.044580627082913826,0.12144415825605392,0,value_factor,0.6546841263771057,volatility_factor,0.23965944349765778,momentum_factor,0.07799457013607025
2025-12-15,600007.SH,cp,2,cn_a,SIZE_SMALL,0.11974247253554712,0.09333903230031648,0.11974247253554712,0.28287672996520996,1,value_factor,0.5932118892669678,quality_factor,0.18990671634674072,momentum_factor,0.12277206778526306
2025-12-15,600038.SH,cp,2,cn_a,SIZE_SMALL,0.08700823281222858,0.06782275395593787,0.08700823281222858,0.28287672996520996,0,value_factor,0.5889019966125488,quality_factor,0.1993710994720459,momentum_factor,0.12450829893350601
2025-12-15,600060.SH,cp,2,cn_a,SIZE_SMALL,0.04009120664759387,0.03125102023534334,0.04009120664759387,0.28287672996520996,0,value_factor,0.5840691328048706,quality_factor,0.2099841982126236,momentum_factor,0.12645526230335236
2025-12-15,600095.SH,cp,2,cn_a,SIZE_SMALL,0.03718430157402573,0.02898509319366493,0.03718430157402573,0.28287672996520996,0,value_factor,0.5645996332168579,quality_factor,0.25273892283439636,momentum_factor,0.13429854810237885
2025-12-15,600062.SH,cp,2,cn_a,SIZE_SMALL,0.031243750427892847,0.024354444739784264,0.031243750427892847,0.28287672996520996,1,value_factor,0.5908904075622559,quality_factor,0.19500476121902466,momentum_factor,0.12370729446411133
2025-12-15,600004.SH,cp,2,cn_a,SIZE_SMALL,0.013063710137008687,0.010183137500173503,0.013063710137008687,0.28287672996520996,1,value_factor,0.6129997372627258,quality_factor,0.1464526504278183,volatility_factor,0.12574708461761475
2025-12-15,600023.SH,cp,2,cn_a,SIZE_SMALL,-0.07571935863544858,-0.05902309775117832,-0.07571935863544858,0.28287672996520996,0,value_factor,0.5830684304237366,quality_factor,0.21218177676200867,momentum_factor,0.1268584132194519
2025-12-15,600109.SH,cp,2,cn_a,SIZE_SMALL,-0.08460461398148285,-0.06594913759467538,-0.08460461398148285,0.28287672996520996,0,value_factor,0.5878247618675232,quality_factor,0.20173680782318115,momentum_factor,0.12494227290153503
2025-12-15,600096.SH,cp,2,cn_a,SIZE_SMALL,-0.09581089738556656,-0.0746844144473373,-0.09581089738556656,0.28287672996520996,1,value_factor,0.5953687429428101,quality_factor,0.18517020344734192,momentum_factor,0.12190316617488861
2025-12-15,600098.SH,cp,2,cn_a,SIZE_SMALL,-0.10670223439055126,-0.08317419117380428,-0.10670223439055126,0.28287672996520996,0,value_factor,0.5882028937339783,quality_factor,0.2009064257144928,momentum_factor,0.12478995323181152
2025-12-15,600061.SH,cp,2,cn_a,SIZE_SMALL,-0.11052530453908475,-0.08615426716959942,-0.11052530453908475,0.28287672996520996,1,value_factor,0.5904834866523743,quality_factor,0.19589824974536896,momentum_factor,0.12387119978666306
2025-12-15,600008.SH,cp,2,cn_a,SIZE_SMALL,-0.1494735090532903,-0.11651431939009746,-0.1494735090532903,0.28287672996520996,0,value_factor,0.588687002658844,quality_factor,0.1998434066772461,momentum_factor,0.12459494173526764
2025-12-16,600007.SH,cp,2,cn_a,SIZE_SMALL,0.12707893582291685,0.10425076638616576,0.12707893582291685,0.21897365152835846,1,value_factor,0.5135602951049805,quality_factor,0.328186571598053,momentum_factor,0.1459810584783554
2025-12-16,600038.SH,cp,2,cn_a,SIZE_SMALL,0.0826672572631073,0.06781710020558032,0.0826672572631073,0.21897365152835846,0,value_factor,0.4224889278411865,quality_factor,0.36770591139793396,momentum_factor,0.14377683401107788
2025-12-16,600060.SH,cp,2,cn_a,SIZE_SMALL,0.0332672755271425,0.027291218224530598,0.0332672755271425,0.21897365152835846,0,quality_factor,0.4224138557910919,value_factor,0.2964157462120056,momentum_factor,0.14072544872760773
2025-12-16,600062.SH,cp,2,cn_a,SIZE_SMALL,0.0312727143208516,0.025654955432326414,0.0312727143208516,0.21897365152835846,1,value_factor,0.4666335880756378,quality_factor,0.34854987263679504,momentum_factor,0.14484527707099915
2025-12-16,600004.SH,cp,2,cn_a,SIZE_SMALL,0.02121785645690031,0.017406329242368544,0.02121785645690031,0.21897365152835846,1,value_factor,0.6053922772407532,quality_factor,0.16315868496894836,momentum_factor,0.1178651824593544
2025-12-16,600095.SH,cp,2,cn_a,SIZE_SMALL,0.014382423965230083,0.011798798212753068,0.014382423965230083,0.21897365152835846,0,quality_factor,0.3412676155567169,value_factor,0.3139638602733612,volatility_factor,0.30267685651779175
2025-12-16,600023.SH,cp,2,cn_a,SIZE_SMALL,-0.060986413525354825,-0.05003095365876768,-0.060986413525354825,0.21897365152835846,0,quality_factor,0.43548136949539185,value_factor,0.2663019895553589,volatility_factor,0.15822003781795502
2025-12-16,600109.SH,cp,2,cn_a,SIZE_SMALL,-0.07808163034355016,-0.06405522481978838,-0.07808163034355016,0.21897365152835846,0,value_factor,0.39685583114624023,quality_factor,0.37882906198501587,momentum_factor,0.14315642416477203
2025-12-16,600098.SH,cp,2,cn_a,SIZE_SMALL,-0.09949182117404642,-0.08161933792869577,-0.09949182117404642,0.21897365152835846,0,value_factor,0.40599918365478516,quality_factor,0.3748614192008972,momentum_factor,0.14337772130966187
2025-12-16,600096.SH,cp,2,cn_a,SIZE_SMALL,-0.10714807809156147,-0.08790024236129639,-0.10714807809156147,0.21897365152835846,1,value_factor,0.5411853194236755,quality_factor,0.304156631231308,momentum_factor,0.14373105764389038
2025-12-16,600061.SH,cp,2,cn_a,SIZE_SMALL,-0.1094713262343258,-0.08980614752032227,-0.1094713262343258,0.21897365152835846,1,value_factor,0.45791488885879517,quality_factor,0.3523332476615906,momentum_factor,0.14463426172733307
2025-12-16,600008.SH,cp,2,cn_a,SIZE_SMALL,-0.1412014413362236,-0.11583633730333717,-0.1412014413362236,0.21897365152835846,0,value_factor,0.41747283935546875,quality_factor,0.36988258361816406,momentum_factor,0.1436554193496704
2025-12-17,600007.SH,cp,2,cn_a,SIZE_SMALL,0.15876743825641035,0.14180907625766587,0.15876743825641035,0.11958591639995575,1,value_factor,0.5271793603897095,quality_factor,0.3222767412662506,momentum_factor,0.1463106870651245
2025-12-17,600038.SH,cp,2,cn_a,SIZE_SMALL,0.10403893096663966,0.09292626282340705,0.10403893096663966,0.11958591639995575,0,value_factor,0.44271165132522583,quality_factor,0.35893046855926514,momentum_factor,0.144266277551651
2025-12-17,600060.SH,cp,2,cn_a,SIZE_SMALL,0.04228985388145602,0.037772764868295075,0.04228985388145602,0.11958591639995575,0,quality_factor,0.4087991714477539,value_factor,0.32779043912887573,momentum_factor,0.1414848119020462
2025-12-17,600062.SH,cp,2,cn_a,SIZE_SMALL,0.03921859882103168,0.035029558529177406,0.03921859882103168,0.11958591639995575,1,value_factor,0.4835011065006256,quality_factor,0.3412303626537323,momentum_factor,0.145253524184227
2025-12-17,600004.SH,cp,2,cn_a,SIZE_SMALL,0.025932658127419763,0.02316272363112697,0.025932658127419763,0.11958591639995575,1,value_factor,0.6057207584381104,quality_factor,0.16243723034858704,momentum_factor,0.11773282289505005
2025-12-17,600095.SH,cp,2,cn_a,SIZE_SMALL,0.019933635359511488,0.01780447204938974,0.019933635359511488,0.11958591639995575,0,quality_factor,0.36664053797721863,volatility_factor,0.30421683192253113,value_factor,0.27598845958709717
2025-12-17,600023.SH,cp,2,cn_a,SIZE_SMALL,-0.07771166675838143,-0.06941108201073265,-0.07771166675838143,0.11958591639995575,0,quality_factor,0.42056384682655334,value_factor,0.3006790578365326,momentum_factor,0.14082862436771393
2025-12-17,600109.SH,cp,2,cn_a,SIZE_SMALL,-0.09846923207027258,-0.0879514779166205,-0.09846923207027258,0.11958591639995575,0,value_factor,0.4191586971282959,quality_factor,0.3691510260105133,momentum_factor,0.14369623363018036
2025-12-17,600098.SH,cp,2,cn_a,SIZE_SMALL,-0.12537820377942466,-0.11198623254279115,-0.12537820377942466,0.11958591639995575,0,value_factor,0.42754900455474854,quality_factor,0.36551013588905334,momentum_factor,0.14389930665493011
2025-12-17,600096.SH,cp,2,cn_a,SIZE_SMALL,-0.1334383185841213,-0.11918542557341007,-0.1334383185841213,0.11958591639995575,1,value_factor,0.5450662970542908,quality_factor,0.29563409090042114,momentum_factor,0.1421675980091095
2025-12-17,600061.SH,cp,2,cn_a,SIZE_SMALL,-0.1373822553631941,-0.12270810023265408,-0.1373822553631941,0.11958591639995575,1,value_factor,0.475422203540802,quality_factor,0.34473612904548645,momentum_factor,0.14505799114704132
2025-12-17,600008.SH,cp,2,cn_a,SIZE_SMALL,-0.1777770337887159,-0.15878820757119427,-0.1777770337887159,0.11958591639995575,0,value_factor,0.4380950629711151,quality_factor,0.3609338402748108,momentum_factor,0.14415454864501953
2025-12-18,600007.SH,cp,2,cn_a,SIZE_SMALL,0.1577434619655955,0.14363007340718167,0.1577434619655955,0.09826203435659409,1,value_factor,0.4549378454685211,quality_factor,0.3536250591278076,momentum_factor,0.14456219971179962
2025-12-18,600038.SH,cp,2,cn_a,SIZE_SMALL,0.09937465982395295,0.09048355797111333,0.09937465982395295,0.09826203435659409,0,quality_factor,0.4069971442222595,value_factor,0.3319432735443115,momentum_factor,0.1415853351354599
2025-12-18,600062.SH,cp,2,cn_a,SIZE_SMALL,0.03818726382347854,0.03477062971638028,0.03818726382347854,0.09826203435659409,1,value_factor,0.3925480544567108,quality_factor,0.38069841265678406,momentum_factor,0.14305217564105988
2025-12-18,600060.SH,cp,2,cn_a,SIZE_SMALL,0.0381855128627869,0.034769035415041005,0.0381855128627869,0.09826203435659409,0,quality_factor,0.48689791560173035,volatility_factor,0.22815945744514465,value_factor,0.1478138566017151
2025-12-18,600004.SH,cp,2,cn_a,SIZE_SMALL,0.02880158491919401,0.02622469232410571,0.02880158491919401,0.09826203435659409,1,value_factor,0.6041187644004822,quality_factor,0.16595518589019775,momentum_factor,0.1183781772851944
2025-12-18,600095.SH,cp,2,cn_a,SIZE_SMALL,0.009450119044527042,0.008604612040073407,0.009450119044527042,0.09826203435659409,0,value_factor,0.4264471232891083,volatility_factor,0.2981153428554535,quality_factor,0.2661128044128418
2025-12-18,600023.SH,cp,2,cn_a,SIZE_SMALL,-0.06921217551244485,-0.06301972662227585,-0.06921217551244485,0.09826203435659409,0,quality_factor,0.507113516330719,volatility_factor,0.25565773248672485,momentum_factor,0.13600125908851624
2025-12-18,600109.SH,cp,2,cn_a,SIZE_SMALL,-0.09300078875301748,-0.08467996041848676,-0.09300078875301748,0.09826203435659409,0,quality_factor,0.42265281081199646,value_factor,0.2958650290966034,volatility_factor,0.14076997339725494
2025-12-18,600098.SH,cp,2,cn_a,SIZE_SMALL,-0.11889339918150127,-0.10825594569360265,-0.11889339918150127,0.09826203435659409,0,quality_factor,0.4170352518558502,value_factor,0.30881062150001526,momentum_factor,0.14102543890476227
2025-12-18,600061.SH,cp,2,cn_a,SIZE_SMALL,-0.13326515940179806,-0.12134185714571633,-0.13326515940179806,0.09826203435659409,1,quality_factor,0.3858273923397064,value_factor,0.3807283639907837,momentum_factor,0.1427660882472992
2025-12-18,600096.SH,cp,2,cn_a,SIZE_SMALL,-0.13483488065755098,-0.12277113463451506,-0.13483488065755098,0.09826203435659409,1,value_factor,0.5061764121055603,quality_factor,0.33139073848724365,momentum_factor,0.1458023488521576
2025-12-18,600008.SH,cp,2,cn_a,SIZE_SMALL,-0.16943399475564955,-0.15427464822430312,-0.16943399475564955,0.09826203435659409,0,quality_factor,0.4100381135940552,value_factor,0.3249354064464569,momentum_factor,0.14141571521759033
2025-12-19,600007.SH,cp,2,cn_a,SIZE_SMALL,0.26449703166465083,0.20925424740677906,0.26449703166465083,0.263998419046402,1,value_factor,0.4594910740852356,quality_factor,0.35164928436279297,momentum_factor,0.14467240869998932
2025-12-19,600038.SH,cp,2,cn_a,SIZE_SMALL,0.1670489038873839,0.13215911136349284,0.1670489038873839,0.263998419046402,0,quality_factor,0.4038538336753845,value_factor,0.3391868770122528,momentum_factor,0.14176064729690552
2025-12-19,600060.SH,cp,2,cn_a,SIZE_SMALL,0.06443265099388085,0.050975263530528774,0.06443265099388085,0.263998419046402,0,quality_factor,0.48151567578315735,volatility_factor,0.2208382785320282,value_factor,0.1602170765399933
2025-12-19,600062.SH,cp,2,cn_a,SIZE_SMALL,0.06411292122595155,0.050722312442418205,0.06411292122595155,0.263998419046402,1,value_factor,0.39838990569114685,quality_factor,0.3781633675098419,momentum_factor,0.1431935578584671
2025-12-19,600004.SH,cp,2,cn_a,SIZE_SMALL,0.04797231472843338,0.037952829004096036,0.04797231472843338,0.263998419046402,1,value_factor,0.6042103171348572,quality_factor,0.1657542735338211,momentum_factor,0.11834133416414261
2025-12-19,600095.SH,cp,2,cn_a,SIZE_SMALL,0.01693985217034192,0.01340179885867783,0.01693985217034192,0.263998419046402,0,value_factor,0.4197908043861389,volatility_factor,0.29838529229164124,quality_factor,0.2705601751804352
2025-12-19,600023.SH,cp,2,cn_a,SIZE_SMALL,-0.116897083246108,-0.09248198750950705,-0.116897083246108,0.263998419046402,0,quality_factor,0.501072108745575,volatility_factor,0.24743996560573578,momentum_factor,0.13633820414543152
2025-12-19,600109.SH,cp,2,cn_a,SIZE_SMALL,-0.15645027020073946,-0.1237741056729533,-0.15645027020073946,0.263998419046402,0,quality_factor,0.4191170930862427,value_factor,0.30401307344436646,momentum_factor,0.1409093290567398
2025-12-19,600098.SH,cp,2,cn_a,SIZE_SMALL,-0.19995488594345745,-0.15819235819045488,-0.19995488594345745,0.263998419046402,0,quality_factor,0.413642942905426,value_factor,0.31662818789482117,momentum_factor,0.14121466875076294
2025-12-19,600061.SH,cp,2,cn_a,SIZE_SMALL,-0.22379439275510704,-0.17705275153787564,-0.22379439275510704,0.263998419046402,1,value_factor,0.3868320882320404,quality_factor,0.38317885994911194,momentum_factor,0.1429138332605362
2025-12-19,600096.SH,cp,2,cn_a,SIZE_SMALL,-0.2258464276696484,-0.1786761989504697,-0.2258464276696484,0.263998419046402,1,value_factor,0.5097887516021729,quality_factor,0.32982316613197327,momentum_factor,0.1458897739648819
2025-12-19,600008.SH,cp,2,cn_a,SIZE_SMALL,-0.2848597137472324,-0.22536398477342176,-0.2848597137472324,0.263998419046402,0,quality_factor,0.4068203568458557,value_factor,0.33235061168670654,momentum_factor,0.14159518480300903
2025-12-22,600007.SH,cp,2,cn_a,SIZE_SMALL,0.1889146241363823,0.16003965288493976,0.1889146241363823,0.18042384088039398,1,value_factor,0.4439459443092346,quality_factor,0.35839492082595825,momentum_factor,0.14429616928100586
2025-12-22,600038.SH,cp,2,cn_a,SIZE_SMALL,0.11828409428289423,0.1002047643340609,0.11828409428289423,0.18042384088039398,0,quality_factor,0.41465142369270325,value_factor,0.3143041431903839,momentum_factor,0.14115840196609497
2025-12-22,600062.SH,cp,2,cn_a,SIZE_SMALL,0.045591481759616824,0.03862297558314834,0.045591481759616824,0.18042384088039398,1,quality_factor,0.3868451714515686,value_factor,0.378383070230484,momentum_factor,0.14270934462547302
2025-12-22,600060.SH,cp,2,cn_a,SIZE_SMALL,0.04503302418996502,0.038149876393466134,0.04503302418996502,0.18042384088039398,0,quality_factor,0.5001761317253113,volatility_factor,0.24622118473052979,momentum_factor,0.1363881677389145
2025-12-22,600004.SH,cp,2,cn_a,SIZE_SMALL,0.035046230208748544,0.02968953061825791,0.035046230208748544,0.18042384088039398,1,value_factor,0.6039025783538818,quality_factor,0.1664300411939621,momentum_factor,0.11846529692411423
2025-12-22,600095.SH,cp,2,cn_a,SIZE_SMALL,0.009430622683462597,0.007989183408377162,0.009430622683462597,0.18042384088039398,0,value_factor,0.44148680567741394,volatility_factor,0.2975054681301117,quality_factor,0.25606417655944824
2025-12-22,600023.SH,cp,2,cn_a,SIZE_SMALL,-0.08143149795822725,-0.06898496464586587,-0.08143149795822725,0.18042384088039398,0,quality_factor,0.5220672488212585,volatility_factor,0.27599862217903137,momentum_factor,0.1351671814918518
2025-12-22,600109.SH,cp,2,cn_a,SIZE_SMALL,-0.11049761984361954,-0.09360842658543138,-0.11049761984361954,0.18042384088039398,0,quality_factor,0.43128475546836853,value_factor,0.27597299218177795,volatility_factor,0.1525115817785263
2025-12-22,600098.SH,cp,2,cn_a,SIZE_SMALL,-0.1413532042086657,-0.11974783762318678,-0.1413532042086657,0.18042384088039398,0,quality_factor,0.4253094494342804,value_factor,0.28974291682243347,volatility_factor,0.14438366889953613
2025-12-22,600061.SH,cp,2,cn_a,SIZE_SMALL,-0.15901047724888204,-0.13470625527438335,-0.15901047724888204,0.18042384088039398,1,quality_factor,0.39225494861602783,value_factor,0.3659162223339081,momentum_factor,0.1424075812101364
2025-12-22,600096.SH,cp,2,cn_a,SIZE_SMALL,-0.16189046202479923,-0.1371460439670732,-0.16189046202479923,0.18042384088039398,1,value_factor,0.49748703837394714,quality_factor,0.33516135811805725,momentum_factor,0.14559203386306763
2025-12-22,600008.SH,cp,2,cn_a,SIZE_SMALL,-0.20160392919190515,-0.17078943991556642,-0.20160392919190515,0.18042384088039398,0,quality_factor,0.41787758469581604,value_factor,0.3068695068359375,momentum_factor,0.14097845554351807
2025-12-23,600007.SH,cp,2,cn_a,SIZE_SMALL,0.15754912742330865,0.11399513480382305,0.15754912742330865,0.38206884264945984,1,value_factor,0.5658462643623352,quality_factor,0.25000137090682983,momentum_factor,0.1337963491678238
2025-12-23,600038.SH,cp,2,cn_a,SIZE_SMALL,0.10887386813188318,0.0787760076954353,0.10887386813188318,0.38206884264945984,0,value_factor,0.5521060228347778,quality_factor,0.28017494082450867,momentum_factor,0.13933165371418
2025-12-23,600060.SH,cp,2,cn_a,SIZE_SMALL,0.04737054869803556,0.03427509991886329,0.04737054869803556,0.38206884264945984,0,value_factor,0.5324535965919495,quality_factor,0.31998807191848755,momentum_factor,0.1464383453130722
2025-12-23,600062.SH,cp,2,cn_a,SIZE_SMALL,0.04001572855719646,0.028953498161208704,0.04001572855719646,0.38206884264945984,1,value_factor,0.5587225556373596,quality_factor,0.26564502716064453,momentum_factor,0.13666614890098572
2025-12-23,600095.SH,cp,2,cn_a,SIZE_SMALL,0.034388360162738336,0.024881799198424596,0.034388360162738336,0.38206884264945984,0,quality_factor,0.4343138635158539,value_factor,0.26899242401123047,volatility_factor,0.1566319614648819
2025-12-23,600004.SH,cp,2,cn_a,SIZE_SMALL,0.021450536335052773,0.01552059869274072,0.021450536335052773,0.38206884264945984,1,value_factor,0.6086980104446411,quality_factor,0.15589933097362518,volatility_factor,0.11886923760175705
2025-12-23,600023.SH,cp,2,cn_a,SIZE_SMALL,-0.08839848964948888,-0.06396098733681084,-0.08839848964948888,0.38206884264945984,0,value_factor,0.5209759473800659,quality_factor,0.32496869564056396,momentum_factor,0.1461605578660965
2025-12-23,600109.SH,cp,2,cn_a,SIZE_SMALL,-0.10453202568163193,-0.07563445481280012,-0.10453202568163193,0.38206884264945984,0,value_factor,0.548301100730896,quality_factor,0.2885303795337677,momentum_factor,0.14086444675922394
2025-12-23,600096.SH,cp,2,cn_a,SIZE_SMALL,-0.12923018226977087,-0.09350487869719348,-0.12923018226977087,0.38206884264945984,1,value_factor,0.571949303150177,quality_factor,0.2365991473197937,momentum_factor,0.1313377320766449
2025-12-23,600098.SH,cp,2,cn_a,SIZE_SMALL,-0.13242345945157555,-0.09581538379969234,-0.13242345945157555,0.38206884264945984,0,value_factor,0.5496551990509033,quality_factor,0.2855567932128906,momentum_factor,0.14031894505023956
2025-12-23,600061.SH,cp,2,cn_a,SIZE_SMALL,-0.14088606446941643,-0.10193852656523937,-0.14088606446941643,0.38206884264945984,1,value_factor,0.5574093461036682,quality_factor,0.26852890849113464,momentum_factor,0.13719521462917328
2025-12-23,600008.SH,cp,2,cn_a,SIZE_SMALL,-0.1865648651749877,-0.1349895572454524,-0.1865648651749877,0.38206884264945984,0,value_factor,0.5513592958450317,quality_factor,0.28181469440460205,momentum_factor,0.1396324634552002
2025-12-24,600007.SH,cp,2,cn_a,SIZE_SMALL,0.24656577943327568,0.17410461459493412,0.24656577943327568,0.41619324684143066,1,value_factor,0.46054160594940186,quality_factor,0.3511933982372284,momentum_factor,0.14469783008098602
2025-12-24,600038.SH,cp,2,cn_a,SIZE_SMALL,0.15581479778113375,0.11002368365239079,0.15581479778113375,0.41619324684143066,0,quality_factor,0.4031308591365814,value_factor,0.3408530354499817,momentum_factor,0.14180098474025726
2025-12-24,600060.SH,cp,2,cn_a,SIZE_SMALL,0.06015161300662147,0.04247415608059072,0.06015161300662147,0.41619324684143066,0,quality_factor,0.4802834093570709,volatility_factor,0.21916209161281586,value_factor,0.16305674612522125
2025-12-24,600062.SH,cp,2,cn_a,SIZE_SMALL,0.05978415767863817,0.042214689140748406,0.05978415767863817,0.41619324684143066,1,value_factor,0.399735689163208,quality_factor,0.3775794208049774,momentum_factor,0.14322613179683685
2025-12-24,600004.SH,cp,2,cn_a,SIZE_SMALL,0.044651075991555156,0.031528942883424636,0.044651075991555156,0.41619324684143066,1,value_factor,0.6042315363883972,quality_factor,0.1657075434923172,momentum_factor,0.11833275854587555
2025-12-24,600095.SH,cp,2,cn_a,SIZE_SMALL,0.01602681073016522,0.01131682471012356,0.01602681073016522,0.41619324684143066,0,value_factor,0.41821691393852234,volatility_factor,0.2984491288661957,quality_factor,0.271611750125885
2025-12-24,600023.SH,cp,2,cn_a,SIZE_SMALL,-0.10915399515937381,-0.07707563597187217,-0.10915399515937381,0.41619324684143066,0,quality_factor,0.49969053268432617,volatility_factor,0.24556072056293488,momentum_factor,0.1364152580499649
2025-12-24,600109.SH,cp,2,cn_a,SIZE_SMALL,-0.14595378138809842,-0.10306063929737173,-0.14595378138809842,0.41619324684143066,0,quality_factor,0.41830459237098694,value_factor,0.30588555335998535,momentum_factor,0.1409546583890915
2025-12-24,600098.SH,cp,2,cn_a,SIZE_SMALL,-0.18652821266389616,-0.13171098865208858,-0.18652821266389616,0.41619324684143066,0,quality_factor,0.4128631055355072,value_factor,0.3184252381324768,momentum_factor,0.1412581503391266
2025-12-24,600061.SH,cp,2,cn_a,SIZE_SMALL,-0.20869596987952335,-0.14736404819397558,-0.20869596987952335,0.41619324684143066,1,value_factor,0.38823768496513367,quality_factor,0.3825688362121582,momentum_factor,0.14294783771038055
2025-12-24,600096.SH,cp,2,cn_a,SIZE_SMALL,-0.21048413862248147,-0.14862670690735832,-0.21048413862248147,0.41619324684143066,1,value_factor,0.5106233358383179,quality_factor,0.32946106791496277,momentum_factor,0.14590999484062195
2025-12-24,600008.SH,cp,2,cn_a,SIZE_SMALL,-0.26571157881577623,-0.1876238143405916,-0.26571157881577623,0.41619324684143066,0,quality_factor,0.40608036518096924,value_factor,0.33405593037605286,momentum_factor,0.141636461019516
2025-12-25,600007.SH,cp,2,cn_a,SIZE_SMALL,0.18734626336295637,0.16301172535795824,0.18734626336295637,0.14928090572357178,1,value_factor,0.5325591564178467,quality_factor,0.3199422359466553,momentum_factor,0.14644089341163635
2025-12-25,600038.SH,cp,2,cn_a,SIZE_SMALL,0.12311957342018698,0.10712748537545097,0.12311957342018698,0.14928090572357178,0,value_factor,0.4506191611289978,quality_factor,0.35549911856651306,momentum_factor,0.14445766806602478
2025-12-25,600060.SH,cp,2,cn_a,SIZE_SMALL,0.05024109600255398,0.04371524468243285,0.05024109600255398,0.14928090572357178,0,quality_factor,0.4035492241382599,value_factor,0.33988893032073975,momentum_factor,0.1417776495218277
2025-12-25,600062.SH,cp,2,cn_a,SIZE_SMALL,0.04634696122293453,0.04032692181008185,0.04634696122293453,0.14928090572357178,1,value_factor,0.4901292622089386,quality_factor,0.338354229927063,momentum_factor,0.14541396498680115
2025-12-25,600004.SH,cp,2,cn_a,SIZE_SMALL,0.030332113252881678,0.026392253714321467,0.030332113252881678,0.14928090572357178,1,value_factor,0.6058543920516968,quality_factor,0.16214390099048615,momentum_factor,0.11767901480197906
2025-12-25,600095.SH,cp,2,cn_a,SIZE_SMALL,0.024437621279319727,0.02126340145182707,0.024437621279319727,0.14928090572357178,0,quality_factor,0.37789976596832275,volatility_factor,0.304900199174881,value_factor,0.2591368854045868
2025-12-25,600023.SH,cp,2,cn_a,SIZE_SMALL,-0.0924075123358732,-0.08040463552093444,-0.0924075123358732,0.14928090572357178,0,quality_factor,0.41483041644096375,value_factor,0.31389158964157104,momentum_factor,0.1411484032869339
2025-12-25,600109.SH,cp,2,cn_a,SIZE_SMALL,-0.11662160689992283,-0.10147354429985891,-0.11662160689992283,0.14928090572357178,0,value_factor,0.4278547465801239,quality_factor,0.3653774857521057,momentum_factor,0.14390669763088226
2025-12-25,600098.SH,cp,2,cn_a,SIZE_SMALL,-0.14844885235636363,-0.12916672644352534,-0.14844885235636363,0.14928090572357178,0,value_factor,0.43595999479293823,quality_factor,0.36186033487319946,momentum_factor,0.14410288631916046
2025-12-25,600096.SH,cp,2,cn_a,SIZE_SMALL,-0.1572581562941237,-0.13683178369270488,-0.1572581562941237,0.14928090572357178,1,value_factor,0.546579122543335,quality_factor,0.29231202602386475,momentum_factor,0.1415581852197647
2025-12-25,600061.SH,cp,2,cn_a,SIZE_SMALL,-0.1623974252966215,-0.14130350942738257,-0.1623974252966215,0.14928090572357178,1,value_factor,0.4822950065135956,quality_factor,0.3417537808418274,momentum_factor,0.14522434771060944
2025-12-25,600008.SH,cp,2,cn_a,SIZE_SMALL,-0.21041416019000306,-0.18308331683064824,-0.21041416019000306,0.14928090572357178,0,value_factor,0.4461542069911957,quality_factor,0.3574366271495819,momentum_factor,0.144349604845047
2025-12-26,600007.SH,cp,2,cn_a,SIZE_SMALL,0.1376042608709193,0.11716986724421338,0.1376042608709193,0.1743997186422348,1,value_factor,0.5391407012939453,quality_factor,0.308646559715271,momentum_factor,0.1445547342300415
2025-12-26,600038.SH,cp,2,cn_a,SIZE_SMALL,0.09115201760022398,0.0776158364113387,0.09115201760022398,0.1743997186422348,0,value_factor,0.47238218784332275,quality_factor,0.34605535864830017,momentum_factor,0.1449844241142273
2025-12-26,600060.SH,cp,2,cn_a,SIZE_SMALL,0.03759416580898824,0.03201138823112572,0.03759416580898824,0.1743997186422348,0,quality_factor,0.38930878043174744,value_factor,0.37270575761795044,momentum_factor,0.14257192611694336
2025-12-26,600062.SH,cp,2,cn_a,SIZE_SMALL,0.0341821374456247,0.029106050069076937,0.0341821374456247,0.1743997186422348,1,value_factor,0.5084664821624756,quality_factor,0.33039700984954834,momentum_factor,0.1458577811717987
2025-12-26,600004.SH,cp,2,cn_a,SIZE_SMALL,0.021729939717128614,0.01850301826241487,0.021729939717128614,0.1743997186422348,1,value_factor,0.6062379479408264,quality_factor,0.16130158305168152,momentum_factor,0.11752448976039886
2025-12-26,600095.SH,cp,2,cn_a,SIZE_SMALL,0.019820728189695085,0.016877326879061894,0.019820728189695085,0.1743997186422348,0,quality_factor,0.4138084948062897,volatility_factor,0.30707964301109314,value_factor,0.20539267361164093
2025-12-26,600023.SH,cp,2,cn_a,SIZE_SMALL,-0.0693181121521481,-0.059024291450579316,-0.0693181121521481,0.1743997186422348,0,quality_factor,0.39933139085769653,value_factor,0.349608838558197,momentum_factor,0.14201289415359497
2025-12-26,600109.SH,cp,2,cn_a,SIZE_SMALL,-0.08653114984772829,-0.07368117292282307,-0.08653114984772829,0.1743997186422348,0,value_factor,0.45171645283699036,quality_factor,0.35502296686172485,momentum_factor,0.1444842368364334
2025-12-26,600098.SH,cp,2,cn_a,SIZE_SMALL,-0.11006032021911573,-0.09371623398367267,-0.11006032021911573,0.1743997186422348,0,value_factor,0.4590640962123871,quality_factor,0.35183456540107727,momentum_factor,0.1446620672941208
2025-12-26,600096.SH,cp,2,cn_a,SIZE_SMALL,-0.11509684789842628,-0.09800483141388014,-0.11509684789842628,0.1743997186422348,1,value_factor,0.5507288575172424,quality_factor,0.28319913148880005,momentum_factor,0.13988643884658813
2025-12-26,600061.SH,cp,2,cn_a,SIZE_SMALL,-0.1198635103359192,-0.10206363890620727,-0.1198635103359192,0.1743997186422348,1,value_factor,0.5012895464897156,quality_factor,0.3335113525390625,momentum_factor,0.14568406343460083
2025-12-26,600008.SH,cp,2,cn_a,SIZE_SMALL,-0.15584808826886423,-0.13270446494281787,-0.15584808826886423,0.1743997186422348,0,value_factor,0.46832171082496643,quality_factor,0.3478173315525055,momentum_factor,0.14488613605499268
2025-12-29,600007.SH,cp,2,cn_a,SIZE_SMALL,0.12429493113244416,0.11984870638120196,0.12429493113244416,0.03709866479039192,1,value_factor,0.5209389328956604,quality_factor,0.32498472929000854,momentum_factor,0.14615964889526367
2025-12-29,600038.SH,cp,2,cn_a,SIZE_SMALL,0.08117758860063032,0.07827373885877978,0.08117758860063032,0.03709866479039192,0,value_factor,0.43348202109336853,quality_factor,0.3629356026649475,momentum_factor,0.14404290914535522
2025-12-29,600060.SH,cp,2,cn_a,SIZE_SMALL,0.03284683404610896,0.031671851243470495,0.03284683404610896,0.03709866479039192,0,quality_factor,0.4149790406227112,value_factor,0.31354907155036926,momentum_factor,0.14114011824131012
2025-12-29,600062.SH,cp,2,cn_a,SIZE_SMALL,0.03065024696655752,0.029553839531010682,0.03065024696655752,0.03709866479039192,1,value_factor,0.4757879674434662,quality_factor,0.3445774018764496,momentum_factor,0.14506685733795166
2025-12-29,600004.SH,cp,2,cn_a,SIZE_SMALL,0.020508669928432637,0.019775042619418006,0.020508669928432637,0.03709866479039192,1,value_factor,0.605568528175354,quality_factor,0.16277150809764862,momentum_factor,0.11779414862394333
2025-12-29,600095.SH,cp,2,cn_a,SIZE_SMALL,0.014900707526715858,0.014367685833774017,0.014900707526715858,0.03709866479039192,0,quality_factor,0.35449638962745667,volatility_factor,0.30347976088523865,value_factor,0.2941645085811615
2025-12-29,600023.SH,cp,2,cn_a,SIZE_SMALL,-0.060294046706299585,-0.05813723403199636,-0.060294046706299585,0.03709866479039192,0,quality_factor,0.4273263216018677,value_factor,0.2850951552391052,volatility_factor,0.14712707698345184
2025-12-29,600109.SH,cp,2,cn_a,SIZE_SMALL,-0.07676003310420408,-0.07401420625523616,-0.07676003310420408,0.03709866479039192,0,value_factor,0.4089910387992859,quality_factor,0.3735632300376892,momentum_factor,0.14345015585422516
2025-12-29,600098.SH,cp,2,cn_a,SIZE_SMALL,-0.09776900594018235,-0.09427165516203694,-0.09776900594018235,0.03709866479039192,0,value_factor,0.4177207350730896,quality_factor,0.36977502703666687,momentum_factor,0.14366143941879272
2025-12-29,600096.SH,cp,2,cn_a,SIZE_SMALL,-0.10461905409835531,-0.10087666634733757,-0.10461905409835531,0.03709866479039192,1,value_factor,0.5432971715927124,quality_factor,0.29951900243759155,momentum_factor,0.14288029074668884
2025-12-29,600061.SH,cp,2,cn_a,SIZE_SMALL,-0.10733309862081024,-0.10349362523788644,-0.10733309862081024,0.03709866479039192,1,value_factor,0.4674195349216461,quality_factor,0.34820878505706787,momentum_factor,0.1448643058538437
2025-12-29,600008.SH,cp,2,cn_a,SIZE_SMALL,-0.1386872180807964,-0.13372615863860002,-0.1386872180807964,0.03709866479039192,0,value_factor,0.42868512868881226,quality_factor,0.3650171756744385,momentum_factor,0.14392681419849396
2025-12-30,600007.SH,cp,2,cn_a,SIZE_SMALL,0.11729887986364759,0.10378070333250572,0.11729887986364759,0.13025717437267303,1,value_factor,0.5570122003555298,quality_factor,0.26940086483955383,momentum_factor,0.13735516369342804
2025-12-30,600038.SH,cp,2,cn_a,SIZE_SMALL,0.0798798913178209,0.070674087533693,0.0798798913178209,0.13025717437267303,0,value_factor,0.5388635396957397,quality_factor,0.30925533175468445,momentum_factor,0.1446664184331894
2025-12-30,600060.SH,cp,2,cn_a,SIZE_SMALL,0.03413702358068557,0.030202882764099,0.03413702358068557,0.13025717437267303,0,value_factor,0.4797893166542053,quality_factor,0.3428410589694977,momentum_factor,0.14516368508338928
2025-12-30,600062.SH,cp,2,cn_a,SIZE_SMALL,0.02956276338628559,0.02615578580330495,0.02956276338628559,0.13025717437267303,1,value_factor,0.5477282404899597,quality_factor,0.28978845477104187,momentum_factor,0.14109523594379425
2025-12-30,600095.SH,cp,2,cn_a,SIZE_SMALL,0.022545227811879166,0.019946990131774565,0.022545227811879166,0.13025717437267303,0,quality_factor,0.504843533039093,volatility_factor,0.2525700330734253,momentum_factor,0.13612785935401917
2025-12-30,600004.SH,cp,2,cn_a,SIZE_SMALL,0.016866952555049077,0.014923110956164283,0.016866952555049077,0.13025717437267303,1,value_factor,0.6077552437782288,quality_factor,0.1579696536064148,volatility_factor,0.117361880838871
2025-12-30,600023.SH,cp,2,cn_a,SIZE_SMALL,-0.06345288051379887,-0.05614021698971334,-0.06345288051379887,0.13025717437267303,0,value_factor,0.4649345576763153,quality_factor,0.34928715229034424,momentum_factor,0.14480414986610413
2025-12-30,600109.SH,cp,2,cn_a,SIZE_SMALL,-0.07639922285844354,-0.06759455070263926,-0.07639922285844354,0.13025717437267303,0,value_factor,0.5324742794036865,quality_factor,0.31997907161712646,momentum_factor,0.1464388519525528
2025-12-30,600096.SH,cp,2,cn_a,SIZE_SMALL,-0.09688130117855374,-0.0857161601864078,-0.09688130117855374,0.13025717437267303,1,value_factor,0.5647597908973694,quality_factor,0.25238725543022156,momentum_factor,0.13423404097557068
2025-12-30,600098.SH,cp,2,cn_a,SIZE_SMALL,-0.09691615354431127,-0.08574699597133024,-0.09691615354431127,0.13025717437267303,0,value_factor,0.535519003868103,quality_factor,0.3165998160839081,momentum_factor,0.1460137516260147
2025-12-30,600061.SH,cp,2,cn_a,SIZE_SMALL,-0.10393876853188984,-0.09196028567615519,-0.10393876853188984,0.13025717437267303,1,value_factor,0.545987606048584,quality_factor,0.2936108708381653,momentum_factor,0.14179645478725433
2025-12-30,600008.SH,cp,2,cn_a,SIZE_SMALL,-0.13677673096886736,-0.12101381834140697,-0.13677673096886736,0.13025717437267303,0,value_factor,0.5378480553627014,quality_factor,0.31148526072502136,momentum_factor,0.1450754851102829
2025-12-31,600007.SH,cp,2,cn_a,SIZE_SMALL,0.10482949008698934,0.10229723175856376,0.10482949008698934,0.024753887206315994,1,value_factor,0.5464978218078613,quality_factor,0.2924903929233551,momentum_factor,0.1415909081697464
2025-12-31,600038.SH,cp,2,cn_a,SIZE_SMALL,0.07021478422692187,0.06851867779742683,0.07021478422692187,0.024753887206315994,0,value_factor,0.5024210214614868,quality_factor,0.33302032947540283,momentum_factor,0.14571146667003632
2025-12-31,600060.SH,cp,2,cn_a,SIZE_SMALL,0.02938209854494262,0.028672345366850163,0.02938209854494262,0.024753887206315994,0,value_factor,0.41687682271003723,quality_factor,0.37014123797416687,momentum_factor,0.14364100992679596
2025-12-31,600062.SH,cp,2,cn_a,SIZE_SMALL,0.026191360642336566,0.025558682842756326,0.026191360642336566,0.024753887206315994,1,value_factor,0.534008800983429,quality_factor,0.3193131983280182,momentum_factor,0.14647598564624786
2025-12-31,600095.SH,cp,2,cn_a,SIZE_SMALL,0.017105509457749173,0.016692309233743468,0.017105509457749173,0.024753887206315994,0,quality_factor,0.47974687814712524,volatility_factor,0.31108176708221436,value_factor,0.10670355707406998
2025-12-31,600004.SH,cp,2,cn_a,SIZE_SMALL,0.015966178089392876,0.015580499523118812,0.015966178089392876,0.024753887206315994,1,value_factor,0.6068091988563538,quality_factor,0.16004693508148193,momentum_factor,0.1172943189740181
2025-12-31,600023.SH,cp,2,cn_a,SIZE_SMALL,-0.05435706286912223,-0.05304401512802508,-0.05435706286912223,0.024753887206315994,0,value_factor,0.39740505814552307,quality_factor,0.37859079241752625,momentum_factor,0.14316971600055695
2025-12-31,600109.SH,cp,2,cn_a,SIZE_SMALL,-0.0668572436408963,-0.06524224187102458,-0.0668572436408963,0.024753887206315994,0,value_factor,0.48448050022125244,quality_factor,0.34080544114112854,momentum_factor,0.1452772468328476
2025-12-31,600098.SH,cp,2,cn_a,SIZE_SMALL,-0.08494545287666715,-0.08289351281351959,-0.08494545287666715,0.024753887206315994,0,value_factor,0.4908466935157776,quality_factor,0.33804285526275635,momentum_factor,0.14543132483959198
2025-12-31,600096.SH,cp,2,cn_a,SIZE_SMALL,-0.08724571807181716,-0.08513821286480433,-0.08724571807181716,0.024753887206315994,1,value_factor,0.5564238429069519,quality_factor,0.27069300413131714,momentum_factor,0.13759219646453857
2025-12-31,600061.SH,cp,2,cn_a,SIZE_SMALL,-0.09194009491580336,-0.08971919246866195,-0.09194009491580336,0.024753887206315994,1,value_factor,0.5276994109153748,quality_factor,0.3220510184764862,momentum_factor,0.1463232785463333
2025-12-31,600008.SH,cp,2,cn_a,SIZE_SMALL,-0.12012190062817382,-0.11722023924415306,-0.12012190062817382,0.024753887206315994,0,value_factor,0.49888738989830017,quality_factor,0.33455368876457214,momentum_factor,0.14562591910362244
