trade_date,stock_code,model,rank,market_id,universe_id,total_score,stock_score,selection_signal,time_regime_score,cluster_label,top_factor_1,top_factor_1_score,top_factor_2,top_factor_2_score,top_factor_3,top_factor_3_score
2020-10-27,600010.SH,tucker,"(2, 2, 2)",cn_a,SIZE_MID,0.7123500802165497,0.7123500802165497,0.7123500802165497,0.0,0,quality_factor,0.754361629486084,momentum_factor,0.0884118601679802,value_factor,0.0786689966917038
2020-10-27,600115.SH,tucker,"(2, 2, 2)",cn_a,SIZE_MID,0.6264591423871697,0.6264591423871697,0.6264591423871697,0.0,0,quality_factor,0.7793253660202026,momentum_factor,0.10042392462491989,volatility_factor,0.06403815746307373
2020-10-27,600029.SH,tucker,"(2, 2, 2)",cn_a,SIZE_MID,0.6157524853413211,0.6157524853413211,0.6157524853413211,0.0,0,quality_factor,0.7695590853691101,momentum_factor,0.10004504770040512,value_factor,0.06881745159626007
2020-10-27,600015.SH,tucker,"(2, 2, 2)",cn_a,SIZE_MID,0.46599869944020517,0.46599869944020517,0.46599869944020517,0.0,1,value_factor,0.7747631669044495,volatility_factor,0.0896255150437355,quality_factor,0.07508962601423264
2020-10-27,600027.SH,tucker,"(2, 2, 2)",cn_a,SIZE_MID,0.11874831360275855,0.11874831360275855,0.11874831360275855,0.0,1,value_factor,0.6661443114280701,quality_factor,0.2002876102924347,momentum_factor,0.0688793957233429
2020-10-27,600039.SH,tucker,"(2, 2, 2)",cn_a,SIZE_MID,0.026114783620110243,0.026114783620110243,0.026114783620110243,0.0,1,value_factor,0.5722021460533142,quality_factor,0.3085688054561615,momentum_factor,0.07610775530338287
2020-10-27,600026.SH,tucker,"(2, 2, 2)",cn_a,SIZE_MID,-0.048664260702183486,-0.048664260702183486,-0.048664260702183486,0.0,0,quality_factor,0.5693097710609436,value_factor,0.3272700309753418,momentum_factor,0.09227647632360458
2020-10-27,600021.SH,tucker,"(2, 2, 2)",cn_a,SIZE_MID,-0.08579570315390994,-0.08579570315390994,-0.08579570315390994,0.0,0,quality_factor,0.5758988261222839,value_factor,0.28357335925102234,volatility_factor,0.08780395984649658
2020-10-27,600048.SH,tucker,"(2, 2, 2)",cn_a,SIZE_MID,-0.1550255518632544,-0.1550255518632544,-0.1550255518632544,0.0,1,value_factor,0.5177040100097656,quality_factor,0.3719812035560608,volatility_factor,0.09836927056312561
2020-10-27,600066.SH,tucker,"(2, 2, 2)",cn_a,SIZE_MID,-0.24900894957277941,-0.24900894957277941,-0.24900894957277941,0.0,1,value_factor,0.6957177519798279,quality_factor,0.17752258479595184,volatility_factor,0.1028093695640564
2020-10-27,600085.SH,tucker,"(2, 2, 2)",cn_a,SIZE_MID,-0.3657886093418633,-0.3657886093418633,-0.3657886093418633,0.0,1,value_factor,0.733424723148346,quality_factor,0.13109929859638214,volatility_factor,0.10327288508415222
2020-10-27,600009.SH,tucker,"(2, 2, 2)",cn_a,SIZE_MID,-0.3895540400104117,-0.3895540400104117,-0.3895540400104117,0.0,1,value_factor,0.727706789970398,quality_factor,0.13813896477222443,volatility_factor,0.10320259630680084
2020-10-28,600010.SH,tucker,"(2, 2, 2)",cn_a,SIZE_MID,1.4961389906933258,0.7480694953466629,1.4961389906933258,1.0,0,quality_factor,0.7625231742858887,momentum_factor,0.09004396200180054,volatility_factor,0.07813464850187302
2020-10-28,600115.SH,tucker,"(2, 2, 2)",cn_a,SIZE_MID,1.3300151588577924,0.6650075794288962,1.3300151588577924,1.0,0,quality_factor,0.7798913717269897,momentum_factor,0.10044588148593903,volatility_factor,0.06418069452047348
2020-10-28,600029.SH,tucker,"(2, 2, 2)",cn_a,SIZE_MID,1.3088838792247413,0.6544419396123706,1.3088838792247413,1.0,0,quality_factor,0.7709017395973206,momentum_factor,0.10009713470935822,value_factor,0.06708447635173798
2020-10-28,600015.SH,tucker,"(2, 2, 2)",cn_a,SIZE_MID,0.8952110560557057,0.44760552802785286,0.8952110560557057,1.0,1,value_factor,0.7687031626701355,volatility_factor,0.08823426067829132,quality_factor,0.08207457512617111
2020-10-28,600027.SH,tucker,"(2, 2, 2)",cn_a,SIZE_MID,0.21850646982083174,0.10925323491041587,0.21850646982083174,1.0,1,value_factor,0.6537789106369019,quality_factor,0.21454045176506042,momentum_factor,0.06983084976673126
2020-10-28,600039.SH,tucker,"(2, 2, 2)",cn_a,SIZE_MID,0.04109313166285788,0.02054656583142894,0.04109313166285788,1.0,1,value_factor,0.5565666556358337,quality_factor,0.326590895652771,momentum_factor,0.07731083780527115
2020-10-28,600026.SH,tucker,"(2, 2, 2)",cn_a,SIZE_MID,-0.10953608768517017,-0.05476804384258509,-0.10953608768517017,1.0,0,quality_factor,0.5825436115264893,value_factor,0.3101896345615387,momentum_factor,0.09278987348079681
2020-10-28,600021.SH,tucker,"(2, 2, 2)",cn_a,SIZE_MID,-0.17726803997200163,-0.08863401998600082,-0.17726803997200163,1.0,0,quality_factor,0.5920794606208801,value_factor,0.26499542593955994,volatility_factor,0.08696562051773071
2020-10-28,600048.SH,tucker,"(2, 2, 2)",cn_a,SIZE_MID,-0.31396593911403176,-0.15698296955701588,-0.31396593911403176,1.0,1,value_factor,0.49719157814979553,quality_factor,0.38984665274620056,volatility_factor,0.09744364023208618
2020-10-28,600066.SH,tucker,"(2, 2, 2)",cn_a,SIZE_MID,-0.49456037615457094,-0.24728018807728547,-0.49456037615457094,1.0,1,value_factor,0.6856777667999268,quality_factor,0.18988347053527832,volatility_factor,0.10268596559762955
2020-10-28,600085.SH,tucker,"(2, 2, 2)",cn_a,SIZE_MID,-0.722812936025911,-0.3614064680129555,-0.722812936025911,1.0,1,value_factor,0.7258163690567017,quality_factor,0.1404663622379303,volatility_factor,0.10317935049533844
2020-10-28,600009.SH,tucker,"(2, 2, 2)",cn_a,SIZE_MID,-0.7703815512575396,-0.3851907756287698,-0.7703815512575396,1.0,1,value_factor,0.719710648059845,quality_factor,0.14798356592655182,volatility_factor,0.10310430079698563
2020-10-29,600010.SH,tucker,"(2, 2, 2)",cn_a,SIZE_MID,0.838801017368132,0.7476385897391777,0.838801017368132,0.12193385511636734,0,quality_factor,0.7614925503730774,momentum_factor,0.08983785659074783,volatility_factor,0.07818803191184998
2020-10-29,600115.SH,tucker,"(2, 2, 2)",cn_a,SIZE_MID,0.7446552546232923,0.6637247605579479,0.7446552546232923,0.12193385511636734,0,quality_factor,0.779820442199707,momentum_factor,0.10044313222169876,volatility_factor,0.06416285783052444
2020-10-29,600029.SH,tucker,"(2, 2, 2)",cn_a,SIZE_MID,0.7327122379926607,0.653079732802768,0.7327122379926607,0.12193385511636734,0,quality_factor,0.7707335948944092,momentum_factor,0.1000906229019165,value_factor,0.06730154901742935
2020-10-29,600015.SH,tucker,"(2, 2, 2)",cn_a,SIZE_MID,0.5078020320081489,0.45261317906895177,0.5078020320081489,0.12193385511636734,1,value_factor,0.7695135474205017,volatility_factor,0.0884203091263771,quality_factor,0.08114051818847656
2020-10-29,600027.SH,tucker,"(2, 2, 2)",cn_a,SIZE_MID,0.1246898452735746,0.11113832499587685,0.1246898452735746,0.12193385511636734,1,value_factor,0.6554153561592102,quality_factor,0.2126542031764984,momentum_factor,0.06970492750406265
2020-10-29,600039.SH,tucker,"(2, 2, 2)",cn_a,SIZE_MID,0.024011557564758878,0.021401937603133206,0.024011557564758878,0.12193385511636734,1,value_factor,0.5586175918579102,quality_factor,0.32422691583633423,momentum_factor,0.07715301960706711
2020-10-29,600026.SH,tucker,"(2, 2, 2)",cn_a,SIZE_MID,-0.0608924558818543,-0.05427455248457865,-0.0608924558818543,0.12193385511636734,0,quality_factor,0.5808557868003845,value_factor,0.3123680055141449,momentum_factor,0.09272439777851105
2020-10-29,600021.SH,tucker,"(2, 2, 2)",cn_a,SIZE_MID,-0.09959129130054085,-0.08876752774080368,-0.09959129130054085,0.12193385511636734,0,quality_factor,0.5900049209594727,value_factor,0.26737719774246216,volatility_factor,0.08707309514284134
2020-10-29,600048.SH,tucker,"(2, 2, 2)",cn_a,SIZE_MID,-0.1768458130918988,-0.15762588690719043,-0.1768458130918988,0.12193385511636734,1,value_factor,0.4998681843280792,quality_factor,0.3875153958797455,volatility_factor,0.09756441414356232
2020-10-29,600066.SH,tucker,"(2, 2, 2)",cn_a,SIZE_MID,-0.27928309142947316,-0.248930094612284,-0.27928309142947316,0.12193385511636734,1,value_factor,0.6870147585868835,quality_factor,0.18823738396167755,volatility_factor,0.10270240157842636
2020-10-29,600085.SH,tucker,"(2, 2, 2)",cn_a,SIZE_MID,-0.4084551998399971,-0.36406354219523557,-0.4084551998399971,0.12193385511636734,1,value_factor,0.7268328666687012,quality_factor,0.13921496272087097,volatility_factor,0.10319185256958008
2020-10-29,600009.SH,tucker,"(2, 2, 2)",cn_a,SIZE_MID,-0.4352901567518006,-0.3879820269441009,-0.4352901567518006,0.12193385511636734,1,value_factor,0.7207782864570618,quality_factor,0.14666900038719177,volatility_factor,0.10311742126941681
2020-10-30,600010.SH,tucker,"(2, 2, 2)",cn_a,SIZE_MID,0.7966013723729695,0.7476268097041089,0.7966013723729695,0.06550668925046921,0,quality_factor,0.7620453834533691,momentum_factor,0.08994840830564499,volatility_factor,0.0781594067811966
2020-10-30,600115.SH,tucker,"(2, 2, 2)",cn_a,SIZE_MID,0.7077062792181689,0.6641969322288837,0.7077062792181689,0.06550668925046921,0,quality_factor,0.7798584699630737,momentum_factor,0.10044461488723755,volatility_factor,0.06417243182659149
2020-10-30,600029.SH,tucker,"(2, 2, 2)",cn_a,SIZE_MID,0.6964129610764315,0.6535979203440189,0.6964129610764315,0.06550668925046921,0,quality_factor,0.7708238959312439,momentum_factor,0.10009412467479706,value_factor,0.06718506664037704
2020-10-30,600015.SH,tucker,"(2, 2, 2)",cn_a,SIZE_MID,0.4792453595246471,0.44978164943350835,0.4792453595246471,0.06550668925046921,1,value_factor,0.7690805792808533,volatility_factor,0.08832090348005295,quality_factor,0.08163952827453613
2020-10-30,600027.SH,tucker,"(2, 2, 2)",cn_a,SIZE_MID,0.1173033978200377,0.11009165703343263,0.1173033978200377,0.06550668925046921,1,value_factor,0.6545404195785522,quality_factor,0.21366265416145325,momentum_factor,0.06977225095033646
2020-10-30,600039.SH,tucker,"(2, 2, 2)",cn_a,SIZE_MID,0.02230790807546799,0.02093643160060489,0.02230790807546799,0.06550668925046921,1,value_factor,0.55752032995224,quality_factor,0.3254915773868561,momentum_factor,0.07723744213581085
2020-10-30,600026.SH,tucker,"(2, 2, 2)",cn_a,SIZE_MID,-0.05809300559775096,-0.054521483325834195,-0.05809300559775096,0.06550668925046921,0,quality_factor,0.5817604660987854,value_factor,0.311200350522995,momentum_factor,0.09275949001312256
2020-10-30,600021.SH,tucker,"(2, 2, 2)",cn_a,SIZE_MID,-0.09447542048522119,-0.08866712971183535,-0.09447542048522119,0.06550668925046921,0,quality_factor,0.5911165475845337,value_factor,0.2661009728908539,volatility_factor,0.08701550960540771
2020-10-30,600048.SH,tucker,"(2, 2, 2)",cn_a,SIZE_MID,-0.16752965938706949,-0.15723003891553525,-0.16752965938706949,0.06550668925046921,1,value_factor,0.49843573570251465,quality_factor,0.3887630105018616,volatility_factor,0.097499780356884
2020-10-30,600066.SH,tucker,"(2, 2, 2)",cn_a,SIZE_MID,-0.2642081127399375,-0.2479647603886122,-0.2642081127399375,0.06550668925046921,1,value_factor,0.6863002181053162,quality_factor,0.18911705911159515,volatility_factor,0.10269361734390259
2020-10-30,600085.SH,tucker,"(2, 2, 2)",cn_a,SIZE_MID,-0.38626843373960945,-0.3625208878888775,-0.38626843373960945,0.06550668925046921,1,value_factor,0.7262897491455078,quality_factor,0.13988356292247772,volatility_factor,0.10318517684936523
2020-10-30,600009.SH,tucker,"(2, 2, 2)",cn_a,SIZE_MID,-0.4116688205045822,-0.3863596744902341,-0.4116688205045822,0.06550668925046921,1,value_factor,0.7202078700065613,quality_factor,0.14737138152122498,volatility_factor,0.1031104251742363
2020-11-02,600010.SH,tucker,"(2, 2, 2)",cn_a,SIZE_MID,0.7795366192292218,0.7437103408949262,0.7795366192292218,0.04817241057753563,0,quality_factor,0.7620362639427185,momentum_factor,0.08994658291339874,volatility_factor,0.078159861266613
2020-11-02,600115.SH,tucker,"(2, 2, 2)",cn_a,SIZE_MID,0.6925375718233688,0.6607096330286095,0.6925375718233688,0.04817241057753563,0,quality_factor,0.7798579335212708,momentum_factor,0.10044458508491516,volatility_factor,0.06417227536439896
2020-11-02,600029.SH,tucker,"(2, 2, 2)",cn_a,SIZE_MID,0.6814853938541019,0.6501653957953643,0.6814853938541019,0.04817241057753563,0,quality_factor,0.7708224058151245,momentum_factor,0.10009405761957169,value_factor,0.06718697398900986
2020-11-02,600015.SH,tucker,"(2, 2, 2)",cn_a,SIZE_MID,0.46902733056728313,0.4474715713164735,0.46902733056728313,0.04817241057753563,1,value_factor,0.7690877318382263,volatility_factor,0.08832254260778427,quality_factor,0.08163130283355713
2020-11-02,600027.SH,tucker,"(2, 2, 2)",cn_a,SIZE_MID,0.1148084145175938,0.10953200015531092,0.1148084145175938,0.04817241057753563,1,value_factor,0.6545548439025879,quality_factor,0.2136460542678833,momentum_factor,0.06977114081382751
2020-11-02,600039.SH,tucker,"(2, 2, 2)",cn_a,SIZE_MID,0.021837990695581903,0.02083435095163343,0.021837990695581903,0.04817241057753563,1,value_factor,0.5575384497642517,quality_factor,0.32547077536582947,momentum_factor,0.07723605632781982
2020-11-02,600026.SH,tucker,"(2, 2, 2)",cn_a,SIZE_MID,-0.056844299343016234,-0.05423182465004472,-0.056844299343016234,0.04817241057753563,0,quality_factor,0.5817456245422363,value_factor,0.3112195134162903,momentum_factor,0.092758908867836
2020-11-02,600021.SH,tucker,"(2, 2, 2)",cn_a,SIZE_MID,-0.09245326734022648,-0.08820426042131992,-0.09245326734022648,0.04817241057753563,0,quality_factor,0.5910982489585876,value_factor,0.2661219835281372,volatility_factor,0.08701646327972412
2020-11-02,600048.SH,tucker,"(2, 2, 2)",cn_a,SIZE_MID,-0.16394758025986855,-0.15641280703980873,-0.16394758025986855,0.04817241057753563,1,value_factor,0.4984593093395233,quality_factor,0.38874250650405884,volatility_factor,0.09750084578990936
2020-11-02,600066.SH,tucker,"(2, 2, 2)",cn_a,SIZE_MID,-0.258564715075896,-0.24668148698727047,-0.258564715075896,0.04817241057753563,1,value_factor,0.6863120198249817,quality_factor,0.18910256028175354,volatility_factor,0.10269375890493393
2020-11-02,600085.SH,tucker,"(2, 2, 2)",cn_a,SIZE_MID,-0.37802011614284764,-0.360646905490746,-0.37802011614284764,0.04817241057753563,1,value_factor,0.7262986898422241,quality_factor,0.13987253606319427,volatility_factor,0.10318528115749359
2020-11-02,600009.SH,tucker,"(2, 2, 2)",cn_a,SIZE_MID,-0.4028777347455199,-0.3843621069948249,-0.4028777347455199,0.04817241057753563,1,value_factor,0.720217227935791,quality_factor,0.14735978841781616,volatility_factor,0.10311052948236465
2020-11-03,600010.SH,tucker,"(2, 2, 2)",cn_a,SIZE_MID,0.886051021210469,0.7333817619644074,0.886051021210469,0.208171546459198,0,quality_factor,0.7605512142181396,momentum_factor,0.08964961022138596,volatility_factor,0.07823680341243744
2020-11-03,600115.SH,tucker,"(2, 2, 2)",cn_a,SIZE_MID,0.7856277418403781,0.6502617160486915,0.7856277418403781,0.208171546459198,0,quality_factor,0.7797556519508362,momentum_factor,0.1004406213760376,volatility_factor,0.06414651870727539
2020-11-03,600029.SH,tucker,"(2, 2, 2)",cn_a,SIZE_MID,0.7729194200607679,0.6397430763820855,0.7729194200607679,0.208171546459198,0,quality_factor,0.7705795764923096,momentum_factor,0.10008464008569717,value_factor,0.06750026345252991
2020-11-03,600015.SH,tucker,"(2, 2, 2)",cn_a,SIZE_MID,0.542108124529261,0.4487012621455488,0.542108124529261,0.208171546459198,1,value_factor,0.7702417373657227,volatility_factor,0.08858747780323029,quality_factor,0.08030114322900772
2020-11-03,600027.SH,tucker,"(2, 2, 2)",cn_a,SIZE_MID,0.13382296895111673,0.11076486840069406,0.13382296895111673,0.208171546459198,1,value_factor,0.6568903923034668,quality_factor,0.2109539955854416,momentum_factor,0.06959143280982971
2020-11-03,600039.SH,tucker,"(2, 2, 2)",cn_a,SIZE_MID,0.026303139098324116,0.021771029021297985,0.026303139098324116,0.208171546459198,1,value_factor,0.5604708790779114,quality_factor,0.32209062576293945,momentum_factor,0.07701040804386139
2020-11-03,600026.SH,tucker,"(2, 2, 2)",cn_a,SIZE_MID,-0.0638223661031644,-0.05282558022621818,-0.0638223661031644,0.208171546459198,0,quality_factor,0.5793184041976929,value_factor,0.3143523335456848,momentum_factor,0.09266475588083267
2020-11-03,600021.SH,tucker,"(2, 2, 2)",cn_a,SIZE_MID,-0.10540115189179662,-0.08724021601135606,-0.10540115189179662,0.208171546459198,0,quality_factor,0.5881181359291077,value_factor,0.2695436179637909,volatility_factor,0.08717086166143417
2020-11-03,600048.SH,tucker,"(2, 2, 2)",cn_a,SIZE_MID,-0.18760166459572536,-0.1552773328342994,-0.18760166459572536,0.208171546459198,1,value_factor,0.502290666103363,quality_factor,0.38540560007095337,volatility_factor,0.09767374396324158
2020-11-03,600066.SH,tucker,"(2, 2, 2)",cn_a,SIZE_MID,-0.29695595097159355,-0.2457895463534852,-0.29695595097159355,0.208171546459198,1,value_factor,0.6882176995277405,quality_factor,0.18675637245178223,volatility_factor,0.10271719098091125
2020-11-03,600085.SH,tucker,"(2, 2, 2)",cn_a,SIZE_MID,-0.43456610699689296,-0.35968905809058505,-0.43456610699689296,0.208171546459198,1,value_factor,0.7277464866638184,quality_factor,0.1380900889635086,volatility_factor,0.10320308059453964
2020-11-03,600009.SH,tucker,"(2, 2, 2)",cn_a,SIZE_MID,-0.46307280779792853,-0.38328396849731844,-0.46307280779792853,0.208171546459198,1,value_factor,0.7217382192611694,quality_factor,0.1454872041940689,volatility_factor,0.10312922298908234
2020-11-04,600010.SH,tucker,"(2, 2, 2)",cn_a,SIZE_MID,0.8331970333333909,0.7408821115682214,0.8331970333333909,0.12460140883922577,0,quality_factor,0.7613272666931152,momentum_factor,0.08980481326580048,volatility_factor,0.07819660753011703
2020-11-04,600115.SH,tucker,"(2, 2, 2)",cn_a,SIZE_MID,0.7395194174195573,0.6575836034023301,0.7395194174195573,0.12460140883922577,0,quality_factor,0.7798091173171997,momentum_factor,0.10044269263744354,volatility_factor,0.06415998935699463
2020-11-04,600029.SH,tucker,"(2, 2, 2)",cn_a,SIZE_MID,0.7276409125779713,0.647021189714779,0.7276409125779713,0.12460140883922577,0,quality_factor,0.7707065939903259,momentum_factor,0.10008955746889114,value_factor,0.06733640283346176
2020-11-04,600015.SH,tucker,"(2, 2, 2)",cn_a,SIZE_MID,0.5053506625717987,0.4493598164538609,0.5053506625717987,0.12460140883922577,1,value_factor,0.769642174243927,volatility_factor,0.08844983577728271,quality_factor,0.080992192029953
2020-11-04,600027.SH,tucker,"(2, 2, 2)",cn_a,SIZE_MID,0.12420501686751803,0.11044359435129245,0.12420501686751803,0.12460140883922577,1,value_factor,0.6556757092475891,quality_factor,0.2123541235923767,momentum_factor,0.06968490034341812
2020-11-04,600039.SH,tucker,"(2, 2, 2)",cn_a,SIZE_MID,0.024006154769722444,0.021346368175687934,0.024006154769722444,0.12460140883922577,1,value_factor,0.5589443445205688,quality_factor,0.32385024428367615,momentum_factor,0.07712787389755249
2020-11-04,600026.SH,tucker,"(2, 2, 2)",cn_a,SIZE_MID,-0.060403062207461805,-0.053710642840880465,-0.060403062207461805,0.12460140883922577,0,quality_factor,0.5805855393409729,value_factor,0.3127167820930481,momentum_factor,0.09271391481161118
2020-11-04,600021.SH,tucker,"(2, 2, 2)",cn_a,SIZE_MID,-0.09895891875492722,-0.0879946636299675,-0.09895891875492722,0.12460140883922577,0,quality_factor,0.5896731615066528,value_factor,0.26775825023651123,volatility_factor,0.08709029853343964
2020-11-04,600048.SH,tucker,"(2, 2, 2)",cn_a,SIZE_MID,-0.17579540418015804,-0.15631797167101702,-0.17579540418015804,0.12460140883922577,1,value_factor,0.5002950429916382,quality_factor,0.387143611907959,volatility_factor,0.09758368134498596
2020-11-04,600066.SH,tucker,"(2, 2, 2)",cn_a,SIZE_MID,-0.27773760602683506,-0.2469653824760179,-0.27773760602683506,0.12460140883922577,1,value_factor,0.6872272491455078,quality_factor,0.18797580897808075,volatility_factor,0.10270500928163528
2020-11-04,600085.SH,tucker,"(2, 2, 2)",cn_a,SIZE_MID,-0.40623850950111234,-0.3612288962616609,-0.40623850950111234,0.12460140883922577,1,value_factor,0.7269942760467529,quality_factor,0.13901622593402863,volatility_factor,0.10319383442401886
2020-11-04,600009.SH,tucker,"(2, 2, 2)",cn_a,SIZE_MID,-0.4329206172749918,-0.38495473247775397,-0.4329206172749918,0.12460140883922577,1,value_factor,0.7209479212760925,quality_factor,0.14646022021770477,volatility_factor,0.10311951488256454
2020-11-05,600010.SH,tucker,"(2, 2, 2)",cn_a,SIZE_MID,0.8187075750854196,0.7447007957951857,0.8187075750854196,0.09937786310911179,0,quality_factor,0.7606128454208374,momentum_factor,0.08966193348169327,volatility_factor,0.07823362201452255
2020-11-05,600115.SH,tucker,"(2, 2, 2)",cn_a,SIZE_MID,0.7259757863665778,0.660351464048466,0.7259757863665778,0.09937786310911179,0,quality_factor,0.7797598838806152,momentum_factor,0.10044077783823013,volatility_factor,0.06414759159088135
2020-11-05,600029.SH,tucker,"(2, 2, 2)",cn_a,SIZE_MID,0.7142389451335318,0.6496755703932019,0.7142389451335318,0.09937786310911179,0,quality_factor,0.7705897092819214,momentum_factor,0.10008502751588821,value_factor,0.06748723983764648
2020-11-05,600015.SH,tucker,"(2, 2, 2)",cn_a,SIZE_MID,0.5005609355312718,0.4553129082691437,0.5005609355312718,0.09937786310911179,1,value_factor,0.7701944708824158,volatility_factor,0.08857662975788116,quality_factor,0.0803556814789772
2020-11-05,600027.SH,tucker,"(2, 2, 2)",cn_a,SIZE_MID,0.12352432618881978,0.11235838877303729,0.12352432618881978,0.09937786310911179,1,value_factor,0.6567944884300232,quality_factor,0.21106462180614471,momentum_factor,0.06959881633520126
2020-11-05,600039.SH,tucker,"(2, 2, 2)",cn_a,SIZE_MID,0.024247209141287477,0.02205539131776706,0.024247209141287477,0.09937786310911179,1,value_factor,0.560350239276886,quality_factor,0.3222297728061676,momentum_factor,0.07701969891786575
2020-11-05,600026.SH,tucker,"(2, 2, 2)",cn_a,SIZE_MID,-0.059001857700832404,-0.05366840581464006,-0.059001857700832404,0.09937786310911179,0,quality_factor,0.5794188380241394,value_factor,0.3142226040363312,momentum_factor,0.09266865253448486
2020-11-05,600021.SH,tucker,"(2, 2, 2)",cn_a,SIZE_MID,-0.09737815450851937,-0.08857569095778163,-0.09737815450851937,0.09937786310911179,0,quality_factor,0.5882413983345032,value_factor,0.2694021165370941,volatility_factor,0.08716446906328201
2020-11-05,600048.SH,tucker,"(2, 2, 2)",cn_a,SIZE_MID,-0.17329516259922637,-0.15763020817492163,-0.17329516259922637,0.09937786310911179,1,value_factor,0.5021327137947083,quality_factor,0.3855430483818054,volatility_factor,0.09766660630702972
2020-11-05,600066.SH,tucker,"(2, 2, 2)",cn_a,SIZE_MID,-0.2742687384153272,-0.2494763136133504,-0.2742687384153272,0.09937786310911179,1,value_factor,0.6881394982337952,quality_factor,0.18685264885425568,volatility_factor,0.10271621495485306
2020-11-05,600085.SH,tucker,"(2, 2, 2)",cn_a,SIZE_MID,-0.4013497135063773,-0.36506984927943886,-0.4013497135063773,0.09937786310911179,1,value_factor,0.7276871204376221,quality_factor,0.13816317915916443,volatility_factor,0.10320235043764114
2020-11-05,600009.SH,tucker,"(2, 2, 2)",cn_a,SIZE_MID,-0.4276801070971904,-0.3890201163313018,-0.4276801070971904,0.09937786310911179,1,value_factor,0.7216758728027344,quality_factor,0.1455639898777008,volatility_factor,0.10312845557928085
2020-11-06,600010.SH,tucker,"(2, 2, 2)",cn_a,SIZE_MID,0.8588498286742,0.7303998482960531,0.8588498286742,0.17586256563663483,0,quality_factor,0.7604458332061768,momentum_factor,0.08962855488061905,volatility_factor,0.07824226468801498
2020-11-06,600115.SH,tucker,"(2, 2, 2)",cn_a,SIZE_MID,0.7614038071064905,0.6475278990986241,0.7614038071064905,0.17586256563663483,0,quality_factor,0.7797484397888184,momentum_factor,0.10044033825397491,volatility_factor,0.06414469331502914
2020-11-06,600029.SH,tucker,"(2, 2, 2)",cn_a,SIZE_MID,0.7490755841146066,0.637043490879166,0.7490755841146066,0.17586256563663483,0,quality_factor,0.7705624103546143,momentum_factor,0.10008396953344345,value_factor,0.06752251833677292
2020-11-06,600015.SH,tucker,"(2, 2, 2)",cn_a,SIZE_MID,0.5260841587511281,0.44740276694931325,0.5260841587511281,0.17586256563663483,1,value_factor,0.7703225016593933,volatility_factor,0.08860602229833603,quality_factor,0.08020803332328796
2020-11-06,600027.SH,tucker,"(2, 2, 2)",cn_a,SIZE_MID,0.12994347523262756,0.1105090685568233,0.12994347523262756,0.17586256563663483,1,value_factor,0.6570543050765991,quality_factor,0.21076510846614838,momentum_factor,0.06957881897687912
2020-11-06,600039.SH,tucker,"(2, 2, 2)",cn_a,SIZE_MID,0.02559749856734418,0.021769124759805948,0.02559749856734418,0.17586256563663483,1,value_factor,0.5606771111488342,quality_factor,0.3218529522418976,momentum_factor,0.07699454575777054
2020-11-06,600026.SH,tucker,"(2, 2, 2)",cn_a,SIZE_MID,-0.061808807996251776,-0.05256465388543232,-0.061808807996251776,0.17586256563663483,0,quality_factor,0.5791466236114502,value_factor,0.3145739734172821,momentum_factor,0.09265808761119843
2020-11-06,600021.SH,tucker,"(2, 2, 2)",cn_a,SIZE_MID,-0.1021870807226884,-0.08690393333708335,-0.1021870807226884,0.17586256563663483,0,quality_factor,0.5879074335098267,value_factor,0.26978543400764465,volatility_factor,0.08718176931142807
2020-11-06,600048.SH,tucker,"(2, 2, 2)",cn_a,SIZE_MID,-0.18192854220181753,-0.15471922469852079,-0.18192854220181753,0.17586256563663483,1,value_factor,0.5025603175163269,quality_factor,0.38517066836357117,volatility_factor,0.09768591076135635
2020-11-06,600066.SH,tucker,"(2, 2, 2)",cn_a,SIZE_MID,-0.2880500969510671,-0.2449691902943067,-0.2880500969510671,0.17586256563663483,1,value_factor,0.6883512139320374,quality_factor,0.1865919828414917,volatility_factor,0.10271883010864258
2020-11-06,600085.SH,tucker,"(2, 2, 2)",cn_a,SIZE_MID,-0.4215617174662418,-0.3585127506633876,-0.4215617174662418,0.17586256563663483,1,value_factor,0.7278478741645813,quality_factor,0.13796530663967133,volatility_factor,0.10320433229207993
2020-11-06,600009.SH,tucker,"(2, 2, 2)",cn_a,SIZE_MID,-0.44921064842511566,-0.38202649463080973,-0.44921064842511566,0.17586256563663483,1,value_factor,0.7218447923660278,quality_factor,0.14535608887672424,volatility_factor,0.10313054174184799
2020-11-09,600010.SH,tucker,"(2, 2, 2)",cn_a,SIZE_MID,1.03446685365874,0.723382555709901,1.03446685365874,0.4300411641597748,0,quality_factor,0.7567132115364075,momentum_factor,0.08888212591409683,volatility_factor,0.07843566685914993
2020-11-09,600115.SH,tucker,"(2, 2, 2)",cn_a,SIZE_MID,0.9125822246242418,0.6381510046545061,0.9125822246242418,0.4300411641597748,0,quality_factor,0.7794896960258484,momentum_factor,0.10043030232191086,volatility_factor,0.06407953053712845
2020-11-09,600029.SH,tucker,"(2, 2, 2)",cn_a,SIZE_MID,0.8973044239632995,0.627467535726864,0.8973044239632995,0.4300411641597748,0,quality_factor,0.769948422908783,momentum_factor,0.10006015002727509,value_factor,0.06831483542919159
2020-11-09,600015.SH,tucker,"(2, 2, 2)",cn_a,SIZE_MID,0.6600675149615435,0.4615723782982425,0.6600675149615435,0.4300411641597748,1,value_factor,0.7730977535247803,volatility_factor,0.08924318104982376,quality_factor,0.07700911164283752
2020-11-09,600027.SH,tucker,"(2, 2, 2)",cn_a,SIZE_MID,0.1662849053107702,0.11627980089864288,0.1662849053107702,0.4300411641597748,1,value_factor,0.6627166867256165,quality_factor,0.20423845946788788,momentum_factor,0.0691431388258934
2020-11-09,600039.SH,tucker,"(2, 2, 2)",cn_a,SIZE_MID,0.03518129948708771,0.02460159863619997,0.03518129948708771,0.4300411641597748,1,value_factor,0.5678359270095825,quality_factor,0.313601553440094,momentum_factor,0.07644372433423996
2020-11-09,600026.SH,tucker,"(2, 2, 2)",cn_a,SIZE_MID,-0.07213046441415093,-0.05043943119869505,-0.07213046441415093,0.4300411641597748,0,quality_factor,0.5730918645858765,value_factor,0.32238852977752686,momentum_factor,0.09242319315671921
2020-11-09,600021.SH,tucker,"(2, 2, 2)",cn_a,SIZE_MID,-0.12400793600526719,-0.08671633833266623,-0.12400793600526719,0.4300411641597748,0,quality_factor,0.5805033445358276,value_factor,0.2782866060733795,volatility_factor,0.08756539225578308
2020-11-09,600048.SH,tucker,"(2, 2, 2)",cn_a,SIZE_MID,-0.22280738832665625,-0.15580487420040132,-0.22280738832665625,0.4300411641597748,1,value_factor,0.5119510293006897,quality_factor,0.3769918382167816,volatility_factor,0.09810967743396759
2020-11-09,600066.SH,tucker,"(2, 2, 2)",cn_a,SIZE_MID,-0.35594023430306265,-0.248902084643372,-0.35594023430306265,0.4300411641597748,1,value_factor,0.692949116230011,quality_factor,0.18093127012252808,volatility_factor,0.10277534276247025
2020-11-09,600085.SH,tucker,"(2, 2, 2)",cn_a,SIZE_MID,-0.5221335889141566,-0.365117865917921,-0.5221335889141566,0.4300411641597748,1,value_factor,0.7313323020935059,quality_factor,0.1336754709482193,volatility_factor,0.10324716567993164
2020-11-09,600009.SH,tucker,"(2, 2, 2)",cn_a,SIZE_MID,-0.5561778618223976,-0.3889243639768456,-0.5561778618223976,0.4300411641597748,1,value_factor,0.7255067229270935,quality_factor,0.1408475786447525,volatility_factor,0.10317554324865341
2020-11-10,600010.SH,tucker,"(2, 2, 2)",cn_a,SIZE_MID,0.9491259587276276,0.7363866512200279,0.9491259587276276,0.2888961732387543,0,quality_factor,0.7589496374130249,momentum_factor,0.08932933956384659,volatility_factor,0.07831979542970657
2020-11-10,600115.SH,tucker,"(2, 2, 2)",cn_a,SIZE_MID,0.839777785556004,0.6515480327854147,0.839777785556004,0.2888961732387543,0,quality_factor,0.7796449065208435,momentum_factor,0.10043632984161377,volatility_factor,0.0641186386346817
2020-11-10,600029.SH,tucker,"(2, 2, 2)",cn_a,SIZE_MID,0.8259960780633684,0.6408553893746277,0.8259960780633684,0.2888961732387543,0,quality_factor,0.7703169584274292,momentum_factor,0.10007445514202118,value_factor,0.06783932447433472
2020-11-10,600015.SH,tucker,"(2, 2, 2)",cn_a,SIZE_MID,0.5910928930229322,0.45860395245814395,0.5910928930229322,0.2888961732387543,1,value_factor,0.7714551687240601,volatility_factor,0.08886606991291046,quality_factor,0.07890250533819199
2020-11-10,600027.SH,tucker,"(2, 2, 2)",cn_a,SIZE_MID,0.14719472191787852,0.114202153416684,0.14719472191787852,0.2888961732387543,1,value_factor,0.6593577265739441,quality_factor,0.20811010897159576,momentum_factor,0.06940159201622009
2020-11-10,600039.SH,tucker,"(2, 2, 2)",cn_a,SIZE_MID,0.029887417420827796,0.023188381927350045,0.029887417420827796,0.2888961732387543,1,value_factor,0.5635811686515808,quality_factor,0.3185056447982788,momentum_factor,0.0767710953950882
2020-11-10,600026.SH,tucker,"(2, 2, 2)",cn_a,SIZE_MID,-0.06745379496876669,-0.052334543937373176,-0.06745379496876669,0.2888961732387543,0,quality_factor,0.5767119526863098,value_factor,0.3177162706851959,momentum_factor,0.09256363660097122
2020-11-10,600021.SH,tucker,"(2, 2, 2)",cn_a,SIZE_MID,-0.1132686223203744,-0.08788032896141953,-0.1132686223203744,0.2888961732387543,0,quality_factor,0.5849253535270691,value_factor,0.27320945262908936,volatility_factor,0.08733628690242767
2020-11-10,600048.SH,tucker,"(2, 2, 2)",cn_a,SIZE_MID,-0.2024039881815124,-0.15703668588979608,-0.2024039881815124,0.2888961732387543,1,value_factor,0.506363570690155,quality_factor,0.3818581998348236,volatility_factor,0.0978575348854065
2020-11-10,600066.SH,tucker,"(2, 2, 2)",cn_a,SIZE_MID,-0.3216332796184194,-0.24954164568065615,-0.3216332796184194,0.2888961732387543,1,value_factor,0.6902253031730652,quality_factor,0.1842847466468811,volatility_factor,0.10274185985326767
2020-11-10,600085.SH,tucker,"(2, 2, 2)",cn_a,SIZE_MID,-0.47115732659307247,-0.3655510237995921,-0.47115732659307247,0.2888961732387543,1,value_factor,0.7292694449424744,quality_factor,0.13621506094932556,volatility_factor,0.10322180390357971
2020-11-10,600009.SH,tucker,"(2, 2, 2)",cn_a,SIZE_MID,-0.5019852286712752,-0.38946908795826213,-0.5019852286712752,0.2888961732387543,1,value_factor,0.7233386039733887,quality_factor,0.1435168981552124,volatility_factor,0.10314889252185822
2020-11-11,600010.SH,tucker,"(2, 2, 2)",cn_a,SIZE_MID,0.9424204571969317,0.7478120966546741,0.9424204571969317,0.26023703813552856,0,quality_factor,0.7609159350395203,momentum_factor,0.08972255140542984,volatility_factor,0.07821791619062424
2020-11-11,600115.SH,tucker,"(2, 2, 2)",cn_a,SIZE_MID,0.836009862069405,0.6633751241325898,0.836009862069405,0.26023703813552856,0,quality_factor,0.7797808051109314,momentum_factor,0.1004415974020958,volatility_factor,0.06415285915136337
2020-11-11,600029.SH,tucker,"(2, 2, 2)",cn_a,SIZE_MID,0.8225311927773189,0.6526797791127994,0.8225311927773189,0.26023703813552856,0,quality_factor,0.7706393003463745,momentum_factor,0.10008694976568222,value_factor,0.06742322444915771
2020-11-11,600015.SH,tucker,"(2, 2, 2)",cn_a,SIZE_MID,0.5742468189649041,0.4556657428306302,0.5742468189649041,0.26023703813552856,1,value_factor,0.7699609994888306,volatility_factor,0.0885230228304863,quality_factor,0.08062480390071869
2020-11-11,600027.SH,tucker,"(2, 2, 2)",cn_a,SIZE_MID,0.14146738022407435,0.11225458595016738,0.14146738022407435,0.26023703813552856,1,value_factor,0.656321108341217,quality_factor,0.21161013841629028,momentum_factor,0.06963523477315903
2020-11-11,600039.SH,tucker,"(2, 2, 2)",cn_a,SIZE_MID,0.027589551134365578,0.021892351680180014,0.027589551134365578,0.26023703813552856,1,value_factor,0.5597551465034485,quality_factor,0.3229156732559204,momentum_factor,0.07706549018621445
2020-11-11,600026.SH,tucker,"(2, 2, 2)",cn_a,SIZE_MID,-0.06808878947958114,-0.05402856021488543,-0.06808878947958114,0.26023703813552856,0,quality_factor,0.5799134969711304,value_factor,0.31358417868614197,momentum_factor,0.09268784523010254
2020-11-11,600021.SH,tucker,"(2, 2, 2)",cn_a,SIZE_MID,-0.11202428410704007,-0.08889144344711415,-0.11202428410704007,0.26023703813552856,0,quality_factor,0.5888482332229614,value_factor,0.2687053382396698,volatility_factor,0.08713303506374359
2020-11-11,600048.SH,tucker,"(2, 2, 2)",cn_a,SIZE_MID,-0.19920941507155862,-0.1580729802927908,-0.19920941507155862,0.26023703813552856,1,value_factor,0.5013546347618103,quality_factor,0.3862207531929016,volatility_factor,0.09763149917125702
2020-11-11,600066.SH,tucker,"(2, 2, 2)",cn_a,SIZE_MID,-0.3150481397106606,-0.24999118822709576,-0.3150481397106606,0.26023703813552856,1,value_factor,0.6877537369728088,quality_factor,0.18732762336730957,volatility_factor,0.10271148383617401
2020-11-11,600085.SH,tucker,"(2, 2, 2)",cn_a,SIZE_MID,-0.46093413197833355,-0.36575194969732255,-0.46093413197833355,0.26023703813552856,1,value_factor,0.727394163608551,quality_factor,0.13852384686470032,volatility_factor,0.10319875180721283
2020-11-11,600009.SH,tucker,"(2, 2, 2)",cn_a,SIZE_MID,-0.4911884077073102,-0.38975876448246355,-0.4911884077073102,0.26023703813552856,1,value_factor,0.7213680744171143,quality_factor,0.14594294130802155,volatility_factor,0.10312467068433762
2020-11-12,600010.SH,tucker,"(2, 2, 2)",cn_a,SIZE_MID,0.9822174652224068,0.7544678753296241,0.9822174652224068,0.30186787247657776,0,quality_factor,0.7633973956108093,momentum_factor,0.09021877497434616,volatility_factor,0.07808934897184372
2020-11-12,600115.SH,tucker,"(2, 2, 2)",cn_a,SIZE_MID,0.8741594064229752,0.6714655495501792,0.8741594064229752,0.30186787247657776,0,quality_factor,0.779951274394989,momentum_factor,0.10044821351766586,volatility_factor,0.06419579684734344
2020-11-12,600029.SH,tucker,"(2, 2, 2)",cn_a,SIZE_MID,0.860381922458245,0.6608826904356712,0.860381922458245,0.30186787247657776,0,quality_factor,0.7710441946983337,momentum_factor,0.10010266304016113,value_factor,0.06690074503421783
2020-11-12,600015.SH,tucker,"(2, 2, 2)",cn_a,SIZE_MID,0.5818407504358258,0.44692766144421164,0.5818407504358258,0.30186787247657776,1,value_factor,0.7680047154426575,volatility_factor,0.08807390928268433,quality_factor,0.08287958800792694
2020-11-12,600027.SH,tucker,"(2, 2, 2)",cn_a,SIZE_MID,0.14127939589628158,0.10852053585260234,0.14127939589628158,0.30186787247657776,1,value_factor,0.6523726582527161,quality_factor,0.2161613404750824,momentum_factor,0.06993905454874039
2020-11-12,600039.SH,tucker,"(2, 2, 2)",cn_a,SIZE_MID,0.026011486989174566,0.019980128655565067,0.026011486989174566,0.30186787247657776,1,value_factor,0.5548086166381836,quality_factor,0.3286171853542328,momentum_factor,0.0774460881948471
2020-11-12,600026.SH,tucker,"(2, 2, 2)",cn_a,SIZE_MID,-0.07242528706237213,-0.055631827354763144,-0.07242528706237213,0.30186787247657776,0,quality_factor,0.5839791893959045,value_factor,0.3083367645740509,momentum_factor,0.09284556657075882
2020-11-12,600021.SH,tucker,"(2, 2, 2)",cn_a,SIZE_MID,-0.11617109668909757,-0.08923417022918595,-0.11617109668909757,0.30186787247657776,0,quality_factor,0.593846321105957,value_factor,0.26296666264533997,volatility_factor,0.08687406778335571
2020-11-12,600048.SH,tucker,"(2, 2, 2)",cn_a,SIZE_MID,-0.20530203646959147,-0.15769806253748966,-0.20530203646959147,0.30186787247657776,1,value_factor,0.49490058422088623,quality_factor,0.39184194803237915,volatility_factor,0.09734024852514267
2020-11-12,600066.SH,tucker,"(2, 2, 2)",cn_a,SIZE_MID,-0.32268264479521663,-0.24786129145979383,-0.32268264479521663,0.30186787247657776,1,value_factor,0.684526801109314,quality_factor,0.19130046665668488,volatility_factor,0.10267181694507599
2020-11-12,600085.SH,tucker,"(2, 2, 2)",cn_a,SIZE_MID,-0.4713353893806416,-0.3620454964249209,-0.4713353893806416,0.30186787247657776,1,value_factor,0.7249406576156616,quality_factor,0.14154461026191711,volatility_factor,0.10316859930753708
2020-11-12,600009.SH,tucker,"(2, 2, 2)",cn_a,SIZE_MID,-0.502399495384973,-0.3859066787861969,-0.502399495384973,0.30186787247657776,1,value_factor,0.7187907695770264,quality_factor,0.14911606907844543,volatility_factor,0.10309299826622009
2020-11-13,600010.SH,tucker,"(2, 2, 2)",cn_a,SIZE_MID,0.8160229433442167,0.7570025051020358,0.8160229433442167,0.07796591520309448,0,quality_factor,0.7640044093132019,momentum_factor,0.09034017473459244,volatility_factor,0.07805789262056351
2020-11-13,600115.SH,tucker,"(2, 2, 2)",cn_a,SIZE_MID,0.7268269502531738,0.6742577847902919,0.7268269502531738,0.07796591520309448,0,quality_factor,0.7799928188323975,momentum_factor,0.1004498228430748,volatility_factor,0.06420625746250153
2020-11-13,600029.SH,tucker,"(2, 2, 2)",cn_a,SIZE_MID,0.7154355974843329,0.6636903336507765,0.7154355974843329,0.07796591520309448,0,quality_factor,0.7711428999900818,momentum_factor,0.10010650008916855,value_factor,0.06677336990833282
2020-11-13,600015.SH,tucker,"(2, 2, 2)",cn_a,SIZE_MID,0.48000719262031477,0.44528974368224056,0.48000719262031477,0.07796591520309448,1,value_factor,0.767513632774353,volatility_factor,0.08796116709709167,quality_factor,0.08344563841819763
2020-11-13,600027.SH,tucker,"(2, 2, 2)",cn_a,SIZE_MID,0.11612244706719843,0.10772366640599158,0.11612244706719843,0.07796591520309448,1,value_factor,0.6513862013816833,quality_factor,0.21729840338230133,momentum_factor,0.07001496106386185
2020-11-13,600039.SH,tucker,"(2, 2, 2)",cn_a,SIZE_MID,0.021052900206663137,0.019530208465455536,0.021052900206663137,0.07796591520309448,1,value_factor,0.5535777807235718,quality_factor,0.33003583550453186,momentum_factor,0.0775407925248146
2020-11-13,600026.SH,tucker,"(2, 2, 2)",cn_a,SIZE_MID,-0.060467574972696676,-0.05609414061838211,-0.060467574972696676,0.07796591520309448,0,quality_factor,0.5849781632423401,value_factor,0.30704736709594727,momentum_factor,0.09288431704044342
2020-11-13,600021.SH,tucker,"(2, 2, 2)",cn_a,SIZE_MID,-0.09639593476431677,-0.08942391227284281,-0.09639593476431677,0.07796591520309448,0,quality_factor,0.5950773358345032,value_factor,0.2615533173084259,volatility_factor,0.08681029081344604
2020-11-13,600048.SH,tucker,"(2, 2, 2)",cn_a,SIZE_MID,-0.17009291592288803,-0.15779061667806812,-0.17009291592288803,0.07796591520309448,1,value_factor,0.4932984709739685,quality_factor,0.3932373821735382,volatility_factor,0.09726795554161072
2020-11-13,600066.SH,tucker,"(2, 2, 2)",cn_a,SIZE_MID,-0.2669317055055565,-0.24762535343767705,-0.2669317055055565,0.07796591520309448,1,value_factor,0.6837183237075806,quality_factor,0.1922958791255951,volatility_factor,0.10266187787055969
2020-11-13,600085.SH,tucker,"(2, 2, 2)",cn_a,SIZE_MID,-0.3897423434949864,-0.3615534744169443,-0.3897423434949864,0.07796591520309448,1,value_factor,0.7243249416351318,quality_factor,0.14230260252952576,volatility_factor,0.1031610295176506
2020-11-13,600009.SH,tucker,"(2, 2, 2)",cn_a,SIZE_MID,-0.41545525652362886,-0.38540665126070184,-0.41545525652362886,0.07796591520309448,1,value_factor,0.7181441187858582,quality_factor,0.14991210401058197,volatility_factor,0.10308504104614258
2020-11-16,600010.SH,tucker,"(2, 2, 2)",cn_a,SIZE_MID,0.9994345683809138,0.7758306366796764,0.9994345683809138,0.2882123291492462,0,quality_factor,0.7654682993888855,momentum_factor,0.09063290059566498,volatility_factor,0.07798205316066742
2020-11-16,600115.SH,tucker,"(2, 2, 2)",cn_a,SIZE_MID,0.891897883997808,0.6923531815757134,0.891897883997808,0.2882123291492462,0,quality_factor,0.7800927758216858,momentum_factor,0.1004537045955658,volatility_factor,0.06423142552375793
2020-11-16,600029.SH,tucker,"(2, 2, 2)",cn_a,SIZE_MID,0.87810836165979,0.6816487950821138,0.87810836165979,0.2882123291492462,0,quality_factor,0.7713802456855774,momentum_factor,0.10011570155620575,value_factor,0.06646694242954254
2020-11-16,600015.SH,tucker,"(2, 2, 2)",cn_a,SIZE_MID,0.5779039486532731,0.4486092462758267,0.5779039486532731,0.2882123291492462,1,value_factor,0.7663085460662842,volatility_factor,0.0876845121383667,quality_factor,0.08483462780714035
2020-11-16,600027.SH,tucker,"(2, 2, 2)",cn_a,SIZE_MID,0.13852617072844436,0.10753365015896219,0.13852617072844436,0.2882123291492462,1,value_factor,0.6489734649658203,quality_factor,0.22007933259010315,momentum_factor,0.0702005997300148
2020-11-16,600039.SH,tucker,"(2, 2, 2)",cn_a,SIZE_MID,0.02413932278129268,0.01873862157156117,0.02413932278129268,0.2882123291492462,1,value_factor,0.5505760908126831,quality_factor,0.3334958255290985,momentum_factor,0.07777177542448044
2020-11-16,600026.SH,tucker,"(2, 2, 2)",cn_a,SIZE_MID,-0.07493495573631247,-0.05816972542049298,-0.07493495573631247,0.2882123291492462,0,quality_factor,0.5873940587043762,value_factor,0.3039294183254242,momentum_factor,0.09297805279493332
2020-11-16,600021.SH,tucker,"(2, 2, 2)",cn_a,SIZE_MID,-0.11771195759756421,-0.09137621000609902,-0.11771195759756421,0.2882123291492462,0,quality_factor,0.5980586409568787,value_factor,0.2581302523612976,volatility_factor,0.08665582537651062
2020-11-16,600048.SH,tucker,"(2, 2, 2)",cn_a,SIZE_MID,-0.2069319947120103,-0.16063500932021624,-0.2069319947120103,0.2882123291492462,1,value_factor,0.4893973469734192,quality_factor,0.3966350555419922,volatility_factor,0.0970919206738472
2020-11-16,600066.SH,tucker,"(2, 2, 2)",cn_a,SIZE_MID,-0.3235271344536179,-0.2511442676161641,-0.3235271344536179,0.2882123291492462,1,value_factor,0.6817370057106018,quality_factor,0.19473519921302795,volatility_factor,0.10263752937316895
2020-11-16,600085.SH,tucker,"(2, 2, 2)",cn_a,SIZE_MID,-0.4719052454295993,-0.3663256791359917,-0.4719052454295993,0.2882123291492462,1,value_factor,0.7228146195411682,quality_factor,0.14416201412677765,volatility_factor,0.10314245522022247
2020-11-16,600009.SH,tucker,"(2, 2, 2)",cn_a,SIZE_MID,-0.5031168746395756,-0.3905543169356769,-0.5031168746395756,0.2882123291492462,1,value_factor,0.7165582776069641,quality_factor,0.15186458826065063,volatility_factor,0.10306555777788162
2020-11-17,600010.SH,tucker,"(2, 2, 2)",cn_a,SIZE_MID,0.8314535308861056,0.7723111064527699,0.8314535308861056,0.07657846063375473,0,quality_factor,0.7659793496131897,momentum_factor,0.09073510766029358,volatility_factor,0.07795557379722595
2020-11-17,600115.SH,tucker,"(2, 2, 2)",cn_a,SIZE_MID,0.7424869878701043,0.6896728750644928,0.7424869878701043,0.07657846063375473,0,quality_factor,0.7801275849342346,momentum_factor,0.10045504570007324,volatility_factor,0.06424018740653992
2020-11-17,600029.SH,tucker,"(2, 2, 2)",cn_a,SIZE_MID,0.7310622533746547,0.6790607975263695,0.7310622533746547,0.07657846063375473,0,quality_factor,0.7714630365371704,momentum_factor,0.10011891275644302,value_factor,0.06636019051074982
2020-11-17,600015.SH,tucker,"(2, 2, 2)",cn_a,SIZE_MID,0.47787066248769927,0.44387907005923644,0.47787066248769927,0.07657846063375473,1,value_factor,0.7658807039260864,volatility_factor,0.08758626878261566,quality_factor,0.08532784879207611
2020-11-17,600027.SH,tucker,"(2, 2, 2)",cn_a,SIZE_MID,0.1141698092674745,0.10604875491345203,0.1141698092674745,0.07657846063375473,1,value_factor,0.6481195688247681,quality_factor,0.22106365859508514,momentum_factor,0.07026630640029907
2020-11-17,600039.SH,tucker,"(2, 2, 2)",cn_a,SIZE_MID,0.019604219602995934,0.018209744706474594,0.019604219602995934,0.07657846063375473,1,value_factor,0.5495163798332214,quality_factor,0.3347172141075134,momentum_factor,0.07785329967737198
2020-11-17,600026.SH,tucker,"(2, 2, 2)",cn_a,SIZE_MID,-0.06259472932506978,-0.058142280797865015,-0.06259472932506978,0.07657846063375473,0,quality_factor,0.5882399082183838,value_factor,0.30283769965171814,momentum_factor,0.09301085770130157
2020-11-17,600021.SH,tucker,"(2, 2, 2)",cn_a,SIZE_MID,-0.09782569350727655,-0.09086721841399403,-0.09782569350727655,0.07657846063375473,0,quality_factor,0.599104106426239,value_factor,0.2569299042224884,volatility_factor,0.08660165220499039
2020-11-17,600048.SH,tucker,"(2, 2, 2)",cn_a,SIZE_MID,-0.17174758059208595,-0.15953094078065783,-0.17174758059208595,0.07657846063375473,1,value_factor,0.4880223870277405,quality_factor,0.39783263206481934,volatility_factor,0.09702987968921661
2020-11-17,600066.SH,tucker,"(2, 2, 2)",cn_a,SIZE_MID,-0.26816232070738705,-0.24908756884313996,-0.26816232070738705,0.07657846063375473,1,value_factor,0.6810342669487,quality_factor,0.1956002414226532,volatility_factor,0.10262888669967651
2020-11-17,600085.SH,tucker,"(2, 2, 2)",cn_a,SIZE_MID,-0.39101041317651086,-0.3631973088298448,-0.39101041317651086,0.07657846063375473,1,value_factor,0.7222784757614136,quality_factor,0.14482209086418152,volatility_factor,0.10313586890697479
2020-11-17,600009.SH,tucker,"(2, 2, 2)",cn_a,SIZE_MID,-0.4168946288091118,-0.38724034487729714,-0.4168946288091118,0.07657846063375473,1,value_factor,0.7159953713417053,quality_factor,0.1525575816631317,volatility_factor,0.10305862873792648
2020-11-18,600010.SH,tucker,"(2, 2, 2)",cn_a,SIZE_MID,0.8674507212714851,0.7754995749407162,0.8674507212714851,0.11857015639543533,0,quality_factor,0.7668939828872681,momentum_factor,0.09091800451278687,volatility_factor,0.07790818810462952
2020-11-18,600115.SH,tucker,"(2, 2, 2)",cn_a,SIZE_MID,0.7755578583327993,0.6933475005905085,0.7755578583327993,0.11857015639543533,0,quality_factor,0.7801896929740906,momentum_factor,0.10045745968818665,volatility_factor,0.06425584107637405
2020-11-18,600029.SH,tucker,"(2, 2, 2)",cn_a,SIZE_MID,0.7637264101043267,0.6827702045584472,0.7637264101043267,0.11857015639543533,0,quality_factor,0.7716107368469238,momentum_factor,0.10012464970350266,value_factor,0.06616947799921036
2020-11-18,600015.SH,tucker,"(2, 2, 2)",cn_a,SIZE_MID,0.49314405979519205,0.44087001068504605,0.49314405979519205,0.11857015639543533,1,value_factor,0.7651055455207825,volatility_factor,0.08740831166505814,quality_factor,0.08622130006551743
2020-11-18,600027.SH,tucker,"(2, 2, 2)",cn_a,SIZE_MID,0.11710912263462991,0.104695370696928,0.11710912263462991,0.11857015639543533,1,value_factor,0.6465762257575989,quality_factor,0.22284257411956787,momentum_factor,0.07038506865501404
2020-11-18,600039.SH,tucker,"(2, 2, 2)",cn_a,SIZE_MID,0.019561027275399198,0.01748752749348194,0.019561027275399198,0.11857015639543533,1,value_factor,0.5476051568984985,quality_factor,0.33692029118537903,momentum_factor,0.07800038158893585
2020-11-18,600026.SH,tucker,"(2, 2, 2)",cn_a,SIZE_MID,-0.06577984375305199,-0.05880707643586511,-0.06577984375305199,0.11857015639543533,0,quality_factor,0.5897566080093384,value_factor,0.30088022351264954,momentum_factor,0.09306970238685608
2020-11-18,600021.SH,tucker,"(2, 2, 2)",cn_a,SIZE_MID,-0.10187115999488874,-0.09107265616075157,-0.10187115999488874,0.11857015639543533,0,quality_factor,0.6009805798530579,value_factor,0.25477543473243713,volatility_factor,0.08650443702936172
2020-11-18,600048.SH,tucker,"(2, 2, 2)",cn_a,SIZE_MID,-0.17842900922425733,-0.15951525247184464,-0.17842900922425733,0.11857015639543533,1,value_factor,0.4855451285839081,quality_factor,0.39999017119407654,volatility_factor,0.09691808372735977
2020-11-18,600066.SH,tucker,"(2, 2, 2)",cn_a,SIZE_MID,-0.2779287478127984,-0.24846786164026413,-0.2779287478127984,0.11857015639543533,1,value_factor,0.6797627210617065,quality_factor,0.1971658170223236,volatility_factor,0.10261324793100357
2020-11-18,600085.SH,tucker,"(2, 2, 2)",cn_a,SIZE_MID,-0.40499195080834294,-0.3620621644603912,-0.40499195080834294,0.11857015639543533,1,value_factor,0.7213075160980225,quality_factor,0.14601753652095795,volatility_factor,0.10312393307685852
2020-11-18,600009.SH,tucker,"(2, 2, 2)",cn_a,SIZE_MID,-0.4318447097052282,-0.3860684885083975,-0.4318447097052282,0.11857015639543533,1,value_factor,0.7149760723114014,quality_factor,0.15381251275539398,volatility_factor,0.10304610431194305
2020-11-19,600010.SH,tucker,"(2, 2, 2)",cn_a,SIZE_MID,0.9487916107119271,0.7774558399684836,0.9487916107119271,0.2203800529241562,0,quality_factor,0.7651137113571167,momentum_factor,0.09056200087070465,volatility_factor,0.07800042629241943
2020-11-19,600115.SH,tucker,"(2, 2, 2)",cn_a,SIZE_MID,0.8463114577572882,0.6934818750894475,0.8463114577572882,0.2203800529241562,0,quality_factor,0.780068576335907,momentum_factor,0.10045275837182999,volatility_factor,0.06422533839941025
2020-11-19,600029.SH,tucker,"(2, 2, 2)",cn_a,SIZE_MID,0.8331833841424124,0.6827245102643487,0.8331833841424124,0.2203800529241562,0,quality_factor,0.7713227868080139,momentum_factor,0.10011347383260727,value_factor,0.06654106825590134
2020-11-19,600015.SH,tucker,"(2, 2, 2)",cn_a,SIZE_MID,0.5509177250828783,0.4514312709683943,0.5509177250828783,0.2203800529241562,1,value_factor,0.7666032314300537,volatility_factor,0.08775215595960617,quality_factor,0.08449500799179077
2020-11-19,600027.SH,tucker,"(2, 2, 2)",cn_a,SIZE_MID,0.1323566636830359,0.10845528140990676,0.1323566636830359,0.2203800529241562,1,value_factor,0.6495623588562012,quality_factor,0.2194005697965622,momentum_factor,0.07015528529882431
2020-11-19,600039.SH,tucker,"(2, 2, 2)",cn_a,SIZE_MID,0.02329446892561085,0.01908788052161564,0.02329446892561085,0.2203800529241562,1,value_factor,0.5513076186180115,quality_factor,0.33265259861946106,momentum_factor,0.07771548628807068
2020-11-19,600026.SH,tucker,"(2, 2, 2)",cn_a,SIZE_MID,-0.07093635516219171,-0.05812644522177282,-0.07093635516219171,0.2203800529241562,0,quality_factor,0.5868080258369446,value_factor,0.3046858608722687,momentum_factor,0.09295531362295151
2020-11-19,600021.SH,tucker,"(2, 2, 2)",cn_a,SIZE_MID,-0.11182782007641962,-0.09163360089590254,-0.11182782007641962,0.2203800529241562,0,quality_factor,0.5973348021507263,value_factor,0.25896137952804565,volatility_factor,0.08669333159923553
2020-11-19,600048.SH,tucker,"(2, 2, 2)",cn_a,SIZE_MID,-0.19676634312225375,-0.16123365852155042,-0.19676634312225375,0.2203800529241562,1,value_factor,0.49034732580184937,quality_factor,0.3958077132701874,volatility_factor,0.0971347913146019
2020-11-19,600066.SH,tucker,"(2, 2, 2)",cn_a,SIZE_MID,-0.3079154159474505,-0.25231108247789313,-0.3079154159474505,0.2203800529241562,1,value_factor,0.6822211146354675,quality_factor,0.19413916766643524,volatility_factor,0.10264347493648529
2020-11-19,600085.SH,tucker,"(2, 2, 2)",cn_a,SIZE_MID,-0.4492430316671857,-0.3681173132135172,-0.4492430316671857,0.2203800529241562,1,value_factor,0.723183810710907,quality_factor,0.14370743930339813,volatility_factor,0.103146992623806
2020-11-19,600009.SH,tucker,"(2, 2, 2)",cn_a,SIZE_MID,-0.4789376298624058,-0.392449567548132,-0.4789376298624058,0.2203800529241562,1,value_factor,0.7169458866119385,quality_factor,0.1513872891664505,volatility_factor,0.10307031124830246
2020-11-20,600010.SH,tucker,"(2, 2, 2)",cn_a,SIZE_MID,0.8206168017699512,0.7766051453780409,0.8206168017699512,0.056671902537345886,0,quality_factor,0.7655649185180664,momentum_factor,0.0906522199511528,volatility_factor,0.07797704637050629
2020-11-20,600115.SH,tucker,"(2, 2, 2)",cn_a,SIZE_MID,0.7324129881185512,0.6931319147838103,0.7324129881185512,0.056671902537345886,0,quality_factor,0.7800993323326111,momentum_factor,0.10045395791530609,volatility_factor,0.06423307955265045
2020-11-20,600029.SH,tucker,"(2, 2, 2)",cn_a,SIZE_MID,0.7210994616662142,0.6824251600155615,0.7210994616662142,0.056671902537345886,0,quality_factor,0.7713958621025085,momentum_factor,0.1001162976026535,value_factor,0.06644674390554428
2020-11-20,600015.SH,tucker,"(2, 2, 2)",cn_a,SIZE_MID,0.47396454300335433,0.4485446825232612,0.47396454300335433,0.056671902537345886,1,value_factor,0.7662279605865479,volatility_factor,0.08766600489616394,quality_factor,0.08492754399776459
2020-11-20,600027.SH,tucker,"(2, 2, 2)",cn_a,SIZE_MID,0.11354090157073801,0.10745142943760479,0.11354090157073801,0.056671902537345886,1,value_factor,0.6488125324249268,quality_factor,0.22026489675045013,momentum_factor,0.07021299004554749
2020-11-20,600039.SH,tucker,"(2, 2, 2)",cn_a,SIZE_MID,0.01973116629593351,0.018672936304352482,0.01973116629593351,0.056671902537345886,1,value_factor,0.5503761768341064,quality_factor,0.33372625708580017,momentum_factor,0.07778716087341309
2020-11-20,600026.SH,tucker,"(2, 2, 2)",cn_a,SIZE_MID,-0.061575174920627446,-0.058272749921488634,-0.061575174920627446,0.056671902537345886,0,quality_factor,0.587553858757019,value_factor,0.30372312664985657,momentum_factor,0.09298424422740936
2020-11-20,600021.SH,tucker,"(2, 2, 2)",cn_a,SIZE_MID,-0.09663208118497224,-0.0914494698316887,-0.09663208118497224,0.056671902537345886,0,quality_factor,0.5982561111450195,value_factor,0.257903516292572,volatility_factor,0.08664558827877045
2020-11-20,600048.SH,tucker,"(2, 2, 2)",cn_a,SIZE_MID,-0.1698325335724952,-0.1607240055778958,-0.1698325335724952,0.056671902537345886,1,value_factor,0.4891378581523895,quality_factor,0.3968609869480133,volatility_factor,0.09708020091056824
2020-11-20,600066.SH,tucker,"(2, 2, 2)",cn_a,SIZE_MID,-0.26545769844677336,-0.25122056244684293,-0.26545769844677336,0.056671902537345886,1,value_factor,0.6816045641899109,quality_factor,0.19489820301532745,volatility_factor,0.10263589769601822
2020-11-20,600085.SH,tucker,"(2, 2, 2)",cn_a,SIZE_MID,-0.38717782945218887,-0.36641254953632335,-0.38717782945218887,0.056671902537345886,1,value_factor,0.7227135896682739,quality_factor,0.1442863792181015,volatility_factor,0.10314121842384338
2020-11-20,600009.SH,tucker,"(2, 2, 2)",cn_a,SIZE_MID,-0.41278990107740604,-0.39065098404684484,-0.41278990107740604,0.056671902537345886,1,value_factor,0.7164521813392639,quality_factor,0.15199513733386993,volatility_factor,0.10306423902511597
2020-11-23,600010.SH,tucker,"(2, 2, 2)",cn_a,SIZE_MID,0.8956544820846359,0.7760546129387946,0.8956544820846359,0.15411269664764404,0,quality_factor,0.7643113136291504,momentum_factor,0.0904015377163887,volatility_factor,0.07804199308156967
2020-11-23,600115.SH,tucker,"(2, 2, 2)",cn_a,SIZE_MID,0.7980750420765493,0.691505296141981,0.7980750420765493,0.15411269664764404,0,quality_factor,0.7800137996673584,momentum_factor,0.10045063495635986,volatility_factor,0.06421153992414474
2020-11-23,600029.SH,tucker,"(2, 2, 2)",cn_a,SIZE_MID,0.7856025339451344,0.6806982855548486,0.7856025339451344,0.15411269664764404,0,quality_factor,0.7711926102638245,momentum_factor,0.10010842233896255,value_factor,0.06670904904603958
2020-11-23,600015.SH,tucker,"(2, 2, 2)",cn_a,SIZE_MID,0.5249716700284839,0.45487037059151264,0.5249716700284839,0.15411269664764404,1,value_factor,0.7672635316848755,volatility_factor,0.08790374547243118,quality_factor,0.0837339237332344
2020-11-23,600027.SH,tucker,"(2, 2, 2)",cn_a,SIZE_MID,0.12675983495519763,0.10983315175666765,0.12675983495519763,0.15411269664764404,1,value_factor,0.6508845686912537,quality_factor,0.21787668764591217,momentum_factor,0.0700535699725151
2020-11-23,600039.SH,tucker,"(2, 2, 2)",cn_a,SIZE_MID,0.02279821218749404,0.019753887340219115,0.02279821218749404,0.15411269664764404,1,value_factor,0.5529527068138123,quality_factor,0.3307564854621887,momentum_factor,0.07758890837430954
2020-11-23,600026.SH,tucker,"(2, 2, 2)",cn_a,SIZE_MID,-0.06653296810665828,-0.057648588651625504,-0.06653296810665828,0.15411269664764404,0,quality_factor,0.5854837894439697,value_factor,0.30639493465423584,momentum_factor,0.09290394186973572
2020-11-23,600021.SH,tucker,"(2, 2, 2)",cn_a,SIZE_MID,-0.105736933673437,-0.09161751186047214,-0.105736933673437,0.15411269664764404,0,quality_factor,0.5957006812095642,value_factor,0.2608376145362854,volatility_factor,0.08677799999713898
2020-11-23,600048.SH,tucker,"(2, 2, 2)",cn_a,SIZE_MID,-0.18643000535631138,-0.16153535603397778,-0.18643000535631138,0.15411269664764404,1,value_factor,0.49248525500297546,quality_factor,0.3939456343650818,volatility_factor,0.09723126143217087
2020-11-23,600066.SH,tucker,"(2, 2, 2)",cn_a,SIZE_MID,-0.2923412979343936,-0.2533039440459832,-0.2923412979343936,0.15411269664764404,1,value_factor,0.6833068132400513,quality_factor,0.1928025335073471,volatility_factor,0.10265681892633438
2020-11-23,600085.SH,tucker,"(2, 2, 2)",cn_a,SIZE_MID,-0.42675394326448296,-0.36976799969714996,-0.42675394326448296,0.15411269664764404,1,value_factor,0.7240113615989685,quality_factor,0.1426885724067688,volatility_factor,0.1031571626663208
2020-11-23,600009.SH,tucker,"(2, 2, 2)",cn_a,SIZE_MID,-0.45492333506611843,-0.39417583429030467,-0.45492333506611843,0.15411269664764404,1,value_factor,0.7178148627281189,quality_factor,0.15031744539737701,volatility_factor,0.10308099538087845
2020-11-24,600010.SH,tucker,"(2, 2, 2)",cn_a,SIZE_MID,0.9103312410418889,0.7807118480386815,0.9103312410418889,0.16602718830108643,0,quality_factor,0.7655861973762512,momentum_factor,0.09065648168325424,volatility_factor,0.07797595113515854
2020-11-24,600115.SH,tucker,"(2, 2, 2)",cn_a,SIZE_MID,0.812507063046572,0.6968165675711243,0.812507063046572,0.16602718830108643,0,quality_factor,0.7801007628440857,momentum_factor,0.10045401006937027,volatility_factor,0.0642334446310997
2020-11-24,600029.SH,tucker,"(2, 2, 2)",cn_a,SIZE_MID,0.7999588225932436,0.6860550342387743,0.7999588225932436,0.16602718830108643,0,quality_factor,0.7713993191719055,momentum_factor,0.10011643916368484,value_factor,0.06644231081008911
2020-11-24,600015.SH,tucker,"(2, 2, 2)",cn_a,SIZE_MID,0.5256489153292654,0.45080330939378976,0.5256489153292654,0.16602718830108643,1,value_factor,0.7662102580070496,volatility_factor,0.08766192197799683,quality_factor,0.08494801074266434
2020-11-24,600027.SH,tucker,"(2, 2, 2)",cn_a,SIZE_MID,0.1259049610772428,0.10797772328163945,0.1259049610772428,0.16602718830108643,1,value_factor,0.6487770676612854,quality_factor,0.22030574083328247,momentum_factor,0.07021571695804596
2020-11-24,600039.SH,tucker,"(2, 2, 2)",cn_a,SIZE_MID,0.021866532750929712,0.01875302134488774,0.021866532750929712,0.16602718830108643,1,value_factor,0.5503321290016174,quality_factor,0.33377692103385925,momentum_factor,0.07779053598642349
2020-11-24,600026.SH,tucker,"(2, 2, 2)",cn_a,SIZE_MID,-0.06831850770856338,-0.0585908359547809,-0.06831850770856338,0.16602718830108643,0,quality_factor,0.5875890254974365,value_factor,0.3036777377128601,momentum_factor,0.0929856076836586
2020-11-24,600021.SH,tucker,"(2, 2, 2)",cn_a,SIZE_MID,-0.10719181310518089,-0.09192908551417267,-0.10719181310518089,0.16602718830108643,0,quality_factor,0.5982995629310608,value_factor,0.257853627204895,volatility_factor,0.08664333820343018
2020-11-24,600048.SH,tucker,"(2, 2, 2)",cn_a,SIZE_MID,-0.1883811830416886,-0.16155813940853464,-0.1883811830416886,0.16602718830108643,1,value_factor,0.4890808165073395,quality_factor,0.39691075682640076,volatility_factor,0.09707764536142349
2020-11-24,600066.SH,tucker,"(2, 2, 2)",cn_a,SIZE_MID,-0.29443406114899284,-0.25251045953567025,-0.29443406114899284,0.16602718830108643,1,value_factor,0.6815754175186157,quality_factor,0.19493411481380463,volatility_factor,0.10263553261756897
2020-11-24,600085.SH,tucker,"(2, 2, 2)",cn_a,SIZE_MID,-0.429434404873459,-0.36828850063020346,-0.429434404873459,0.16602718830108643,1,value_factor,0.7226913571357727,quality_factor,0.1443137675523758,volatility_factor,0.1031409353017807
2020-11-24,600009.SH,tucker,"(2, 2, 2)",cn_a,SIZE_MID,-0.4578428222853402,-0.3926519268838164,-0.4578428222853402,0.16602718830108643,1,value_factor,0.7164288759231567,quality_factor,0.15202389657497406,volatility_factor,0.10306396335363388
2020-11-25,600010.SH,tucker,"(2, 2, 2)",cn_a,SIZE_MID,0.9139407764458619,0.7658512383445687,0.9139407764458619,0.19336597621440887,0,quality_factor,0.7650410532951355,momentum_factor,0.09054746478796005,volatility_factor,0.07800418883562088
2020-11-25,600115.SH,tucker,"(2, 2, 2)",cn_a,SIZE_MID,0.8151474084929056,0.6830657612798149,0.8151474084929056,0.19336597621440887,0,quality_factor,0.7800636291503906,momentum_factor,0.10045257210731506,volatility_factor,0.06422408670186996
2020-11-25,600029.SH,tucker,"(2, 2, 2)",cn_a,SIZE_MID,0.802494190886441,0.6724627959425655,0.802494190886441,0.19336597621440887,0,quality_factor,0.7713109850883484,momentum_factor,0.10011301189661026,value_factor,0.06655626744031906
2020-11-25,600015.SH,tucker,"(2, 2, 2)",cn_a,SIZE_MID,0.5311350375285819,0.4450730689589151,0.5311350375285819,0.19336597621440887,1,value_factor,0.7666633725166321,volatility_factor,0.08776596188545227,quality_factor,0.08442565053701401
2020-11-25,600027.SH,tucker,"(2, 2, 2)",cn_a,SIZE_MID,0.1276627477341699,0.10697703391996083,0.1276627477341699,0.19336597621440887,1,value_factor,0.6496827602386475,quality_factor,0.21926186978816986,momentum_factor,0.07014603167772293
2020-11-25,600039.SH,tucker,"(2, 2, 2)",cn_a,SIZE_MID,0.02251351381463333,0.018865557680307565,0.02251351381463333,0.19336597621440887,1,value_factor,0.5514572262763977,quality_factor,0.33248019218444824,momentum_factor,0.07770396769046783
2020-11-25,600026.SH,tucker,"(2, 2, 2)",cn_a,SIZE_MID,-0.06829094695088325,-0.05722548729409412,-0.06829094695088325,0.19336597621440887,0,quality_factor,0.5866879820823669,value_factor,0.3048407733440399,momentum_factor,0.09295066446065903
2020-11-25,600021.SH,tucker,"(2, 2, 2)",cn_a,SIZE_MID,-0.10773607820223752,-0.09027916363075025,-0.10773607820223752,0.19336597621440887,0,quality_factor,0.5971865653991699,value_factor,0.2591315805912018,volatility_factor,0.08670101314783096
2020-11-25,600048.SH,tucker,"(2, 2, 2)",cn_a,SIZE_MID,-0.18960192213699195,-0.158879952184437,-0.18960192213699195,0.19336597621440887,1,value_factor,0.49054160714149475,quality_factor,0.39563849568367004,volatility_factor,0.09714355319738388
2020-11-25,600066.SH,tucker,"(2, 2, 2)",cn_a,SIZE_MID,-0.29675950055564004,-0.2486743527024537,-0.29675950055564004,0.19336597621440887,1,value_factor,0.6823199391365051,quality_factor,0.1940174251794815,volatility_factor,0.10264468938112259
2020-11-25,600085.SH,tucker,"(2, 2, 2)",cn_a,SIZE_MID,-0.43298830693636947,-0.3628294519755238,-0.43298830693636947,0.19336597621440887,1,value_factor,0.7232592701911926,quality_factor,0.14361460506916046,volatility_factor,0.10314791649580002
2020-11-25,600009.SH,tucker,"(2, 2, 2)",cn_a,SIZE_MID,-0.46160490550780353,-0.38680918678763,-0.46160490550780353,0.19336597621440887,1,value_factor,0.717025101184845,quality_factor,0.15128982067108154,volatility_factor,0.10307128727436066
2020-11-26,600010.SH,tucker,"(2, 2, 2)",cn_a,SIZE_MID,1.075118396977796,0.7671735098356987,1.075118396977796,0.4014018774032593,0,quality_factor,0.7683466076850891,momentum_factor,0.09120850265026093,volatility_factor,0.07783292233943939
2020-11-26,600115.SH,tucker,"(2, 2, 2)",cn_a,SIZE_MID,0.963047696518127,0.6872030871705519,0.963047696518127,0.4014018774032593,0,quality_factor,0.7802881598472595,momentum_factor,0.10046127438545227,volatility_factor,0.06428063660860062
2020-11-26,600029.SH,tucker,"(2, 2, 2)",cn_a,SIZE_MID,0.9485568182264051,0.676862813958864,0.9485568182264051,0.4014018774032593,0,quality_factor,0.7718448042869568,momentum_factor,0.10013372451066971,value_factor,0.0658673420548439
2020-11-26,600015.SH,tucker,"(2, 2, 2)",cn_a,SIZE_MID,0.6005442313197278,0.42853105950772086,0.6005442313197278,0.4014018774032593,1,value_factor,0.7638487815856934,quality_factor,0.08766992390155792,volatility_factor,0.08711978048086166
2020-11-26,600027.SH,tucker,"(2, 2, 2)",cn_a,SIZE_MID,0.14120181445079819,0.10075754623109212,0.14120181445079819,0.4014018774032593,1,value_factor,0.6440837979316711,quality_factor,0.22571544349193573,momentum_factor,0.07057684659957886
2020-11-26,600039.SH,tucker,"(2, 2, 2)",cn_a,SIZE_MID,0.02248851763610286,0.016047158205448653,0.02248851763610286,0.4014018774032593,1,value_factor,0.544528603553772,quality_factor,0.34046635031700134,momentum_factor,0.07823709398508072
2020-11-26,600026.SH,tucker,"(2, 2, 2)",cn_a,SIZE_MID,-0.0824626124949112,-0.058842944215053476,-0.0824626124949112,0.4014018774032593,0,quality_factor,0.59217369556427,value_factor,0.29776057600975037,momentum_factor,0.09316347539424896
2020-11-26,600021.SH,tucker,"(2, 2, 2)",cn_a,SIZE_MID,-0.12588551612405768,-0.08982827706590377,-0.12588551612405768,0.4014018774032593,0,quality_factor,0.6039765477180481,value_factor,0.2513355612754822,volatility_factor,0.08634921163320541
2020-11-26,600048.SH,tucker,"(2, 2, 2)",cn_a,SIZE_MID,-0.21966045956371674,-0.15674337469187544,-0.21966045956371674,0.4014018774032593,1,value_factor,0.4815652370452881,quality_factor,0.40345650911331177,volatility_factor,0.09673849493265152
2020-11-26,600066.SH,tucker,"(2, 2, 2)",cn_a,SIZE_MID,-0.340836777142075,-0.24321130336547836,-0.340836777142075,0.4014018774032593,1,value_factor,0.6777042150497437,quality_factor,0.19970013201236725,volatility_factor,0.10258795320987701
2020-11-26,600085.SH,tucker,"(2, 2, 2)",cn_a,SIZE_MID,-0.496147105740717,-0.3540362787725513,-0.496147105740717,0.4014018774032593,1,value_factor,0.719733715057373,quality_factor,0.147955060005188,volatility_factor,0.10310458391904831
2020-11-26,600009.SH,tucker,"(2, 2, 2)",cn_a,SIZE_MID,-0.5291290776050893,-0.3775712635589899,-0.5291290776050893,0.4014018774032593,1,value_factor,0.7133243680000305,quality_factor,0.15584608912467957,volatility_factor,0.10302580147981644
2020-11-27,600010.SH,tucker,"(2, 2, 2)",cn_a,SIZE_MID,0.8552207380145639,0.7630813418529862,0.8552207380145639,0.12074652314186096,0,quality_factor,0.7674463987350464,momentum_factor,0.09102848172187805,volatility_factor,0.07787957042455673
2020-11-27,600115.SH,tucker,"(2, 2, 2)",cn_a,SIZE_MID,0.7651744444912822,0.6827364163426982,0.7651744444912822,0.12074652314186096,0,quality_factor,0.7802271246910095,momentum_factor,0.10045891255140305,volatility_factor,0.06426528096199036
2020-11-27,600029.SH,tucker,"(2, 2, 2)",cn_a,SIZE_MID,0.7535621475575262,0.6723751999545439,0.7535621475575262,0.12074652314186096,0,quality_factor,0.7716999053955078,momentum_factor,0.10012810677289963,value_factor,0.06605447083711624
2020-11-27,600015.SH,tucker,"(2, 2, 2)",cn_a,SIZE_MID,0.48296686619635226,0.43093319414030395,0.48296686619635226,0.12074652314186096,1,value_factor,0.7646313905715942,volatility_factor,0.08729945123195648,quality_factor,0.08676785230636597
2020-11-27,600027.SH,tucker,"(2, 2, 2)",cn_a,SIZE_MID,0.11426510029545642,0.10195445711810847,0.11426510029545642,0.12074652314186096,1,value_factor,0.6456344723701477,quality_factor,0.22392813861370087,momentum_factor,0.07045753300189972
2020-11-27,600039.SH,tucker,"(2, 2, 2)",cn_a,SIZE_MID,0.018754181407966867,0.016733651650413996,0.018754181407966867,0.12074652314186096,1,value_factor,0.5464410781860352,quality_factor,0.3382619321346283,momentum_factor,0.07808993011713028
2020-11-27,600026.SH,tucker,"(2, 2, 2)",cn_a,SIZE_MID,-0.06513531392917601,-0.058117794091944376,-0.06513531392917601,0.12074652314186096,0,quality_factor,0.5906745195388794,value_factor,0.2996954023838043,momentum_factor,0.09310530126094818
2020-11-27,600021.SH,tucker,"(2, 2, 2)",cn_a,SIZE_MID,-0.10032187996362811,-0.08951344533293565,-0.10032187996362811,0.12074652314186096,0,quality_factor,0.602117657661438,value_factor,0.25346988439559937,volatility_factor,0.08644552528858185
2020-11-27,600048.SH,tucker,"(2, 2, 2)",cn_a,SIZE_MID,-0.17546429655753254,-0.1565602012589785,-0.17546429655753254,0.12074652314186096,1,value_factor,0.48403826355934143,quality_factor,0.40130260586738586,volatility_factor,0.09685008227825165
2020-11-27,600066.SH,tucker,"(2, 2, 2)",cn_a,SIZE_MID,-0.2729127007036547,-0.24350975204967584,-0.2729127007036547,0.12074652314186096,1,value_factor,0.678985595703125,quality_factor,0.19812257587909698,volatility_factor,0.10260370373725891
2020-11-27,600085.SH,tucker,"(2, 2, 2)",cn_a,SIZE_MID,-0.397527443604874,-0.3546988065252327,-0.397527443604874,0.12074652314186096,1,value_factor,0.7207136154174805,quality_factor,0.1467486321926117,volatility_factor,0.10311662405729294
2020-11-27,600009.SH,tucker,"(2, 2, 2)",cn_a,SIZE_MID,-0.4239110547105685,-0.37823991172831756,-0.4239110547105685,0.12074652314186096,1,value_factor,0.7143527865409851,quality_factor,0.15457992255687714,volatility_factor,0.10303843766450882
2020-11-30,600010.SH,tucker,"(2, 2, 2)",cn_a,SIZE_MID,0.9270422850554421,0.7626224999940534,0.9270422850554421,0.21559783816337585,0,quality_factor,0.7656614780426025,momentum_factor,0.09067154675722122,volatility_factor,0.07797203958034515
2020-11-30,600115.SH,tucker,"(2, 2, 2)",cn_a,SIZE_MID,0.8275038259041302,0.6807381352921892,0.8275038259041302,0.21559783816337585,0,quality_factor,0.7801058888435364,momentum_factor,0.10045420378446579,volatility_factor,0.06423473358154297
2020-11-30,600029.SH,tucker,"(2, 2, 2)",cn_a,SIZE_MID,0.814732977127739,0.6702323182675483,0.814732977127739,0.21559783816337585,0,quality_factor,0.7714115381240845,momentum_factor,0.10011691600084305,value_factor,0.06642657518386841
2020-11-30,600015.SH,tucker,"(2, 2, 2)",cn_a,SIZE_MID,0.5348214341664631,0.4399657553377304,0.5348214341664631,0.21559783816337585,1,value_factor,0.7661473155021667,volatility_factor,0.08764747530221939,quality_factor,0.08502058684825897
2020-11-30,600027.SH,tucker,"(2, 2, 2)",cn_a,SIZE_MID,0.1280397872898044,0.10533071064370889,0.1280397872898044,0.21559783816337585,1,value_factor,0.6486513614654541,quality_factor,0.22045062482357025,momentum_factor,0.07022538781166077
2020-11-30,600039.SH,tucker,"(2, 2, 2)",cn_a,SIZE_MID,0.02218939969580988,0.01825389816859733,0.02218939969580988,0.21559783816337585,1,value_factor,0.5501761436462402,quality_factor,0.3339567482471466,momentum_factor,0.07780253887176514
2020-11-30,600026.SH,tucker,"(2, 2, 2)",cn_a,SIZE_MID,-0.06961447383150605,-0.05726768338941381,-0.06961447383150605,0.21559783816337585,0,quality_factor,0.5877136588096619,value_factor,0.30351686477661133,momentum_factor,0.092990443110466
2020-11-30,600021.SH,tucker,"(2, 2, 2)",cn_a,SIZE_MID,-0.10914282913320676,-0.08978530812649184,-0.10914282913320676,0.21559783816337585,0,quality_factor,0.5984536409378052,value_factor,0.25767678022384644,volatility_factor,0.08663536608219147
2020-11-30,600048.SH,tucker,"(2, 2, 2)",cn_a,SIZE_MID,-0.19177289998719707,-0.15776014835245541,-0.19177289998719707,0.21559783816337585,1,value_factor,0.4888783097267151,quality_factor,0.39708709716796875,volatility_factor,0.09706848859786987
2020-11-30,600066.SH,tucker,"(2, 2, 2)",cn_a,SIZE_MID,-0.2996766923279047,-0.24652617467108046,-0.2996766923279047,0.21559783816337585,1,value_factor,0.6814720034599304,quality_factor,0.19506141543388367,volatility_factor,0.1026342585682869
2020-11-30,600085.SH,tucker,"(2, 2, 2)",cn_a,SIZE_MID,-0.43705808260604123,-0.359541665976642,-0.43705808260604123,0.21559783816337585,1,value_factor,0.7226124405860901,quality_factor,0.1444108784198761,volatility_factor,0.1031399667263031
2020-11-30,600009.SH,tucker,"(2, 2, 2)",cn_a,SIZE_MID,-0.4659746036224265,-0.38332956638220705,-0.4659746036224265,0.21559783816337585,1,value_factor,0.7163460850715637,quality_factor,0.15212588012218475,volatility_factor,0.1030629500746727
2020-12-01,600010.SH,tucker,"(2, 2, 2)",cn_a,SIZE_MID,0.8001164290335089,0.7591834084639281,0.8001164290335089,0.053917158395051956,0,quality_factor,0.7653783559799194,momentum_factor,0.09061490744352341,volatility_factor,0.0779867172241211
2020-12-01,600115.SH,tucker,"(2, 2, 2)",cn_a,SIZE_MID,0.7139419026741614,0.6774174700700869,0.7139419026741614,0.053917158395051956,0,quality_factor,0.7800865769386292,momentum_factor,0.1004534587264061,volatility_factor,0.06422987580299377
2020-12-01,600029.SH,tucker,"(2, 2, 2)",cn_a,SIZE_MID,0.7028944594156814,0.6669352010859146,0.7028944594156814,0.053917158395051956,0,quality_factor,0.7713657021522522,momentum_factor,0.10011514276266098,value_factor,0.06648574769496918
2020-12-01,600015.SH,tucker,"(2, 2, 2)",cn_a,SIZE_MID,0.46314350233095714,0.43944962251588987,0.46314350233095714,0.053917158395051956,1,value_factor,0.7663835287094116,volatility_factor,0.0877017080783844,quality_factor,0.0847482681274414
2020-12-01,600027.SH,tucker,"(2, 2, 2)",cn_a,SIZE_MID,0.1110815924567831,0.10539878812488397,0.1110815924567831,0.053917158395051956,1,value_factor,0.6491231918334961,quality_factor,0.2199067920446396,momentum_factor,0.07018908858299255
2020-12-01,600039.SH,tucker,"(2, 2, 2)",cn_a,SIZE_MID,0.019406137699478968,0.018413342395190043,0.019406137699478968,0.053917158395051956,1,value_factor,0.5507619976997375,quality_factor,0.33328160643577576,momentum_factor,0.07775747776031494
2020-12-01,600026.SH,tucker,"(2, 2, 2)",cn_a,SIZE_MID,-0.05994749367819786,-0.05688065002547026,-0.05994749367819786,0.053917158395051956,0,quality_factor,0.5872452855110168,value_factor,0.3041214048862457,momentum_factor,0.0929722711443901
2020-12-01,600021.SH,tucker,"(2, 2, 2)",cn_a,SIZE_MID,-0.09425378192198273,-0.0894318686926373,-0.09425378192198273,0.053917158395051956,0,quality_factor,0.5978748798370361,value_factor,0.2583412230014801,volatility_factor,0.08666534721851349
2020-12-01,600048.SH,tucker,"(2, 2, 2)",cn_a,SIZE_MID,-0.16573180749019784,-0.1572531620845228,-0.16573180749019784,0.053917158395051956,1,value_factor,0.48963868618011475,quality_factor,0.39642491936683655,volatility_factor,0.0971028208732605
2020-12-01,600066.SH,tucker,"(2, 2, 2)",cn_a,SIZE_MID,-0.25917311647520014,-0.24591412300524174,-0.25917311647520014,0.053917158395051956,1,value_factor,0.681860089302063,quality_factor,0.1945836842060089,volatility_factor,0.10263904184103012
2020-12-01,600085.SH,tucker,"(2, 2, 2)",cn_a,SIZE_MID,-0.37806018781313805,-0.3587190708422145,-0.37806018781313805,0.053917158395051956,1,value_factor,0.7229084968566895,quality_factor,0.14404642581939697,volatility_factor,0.103143610060215
2020-12-01,600009.SH,tucker,"(2, 2, 2)",cn_a,SIZE_MID,-0.4030610559288911,-0.38244092379004296,-0.4030610559288911,0.053917158395051956,1,value_factor,0.7166568636894226,quality_factor,0.15174323320388794,volatility_factor,0.10306676477193832
2020-12-02,600010.SH,tucker,"(2, 2, 2)",cn_a,SIZE_MID,0.9710011009284386,0.7709074867450842,0.9710011009284386,0.25955596566200256,0,quality_factor,0.7671674489974976,momentum_factor,0.09097269922494888,volatility_factor,0.07789401710033417
2020-12-02,600115.SH,tucker,"(2, 2, 2)",cn_a,SIZE_MID,0.8684484554372802,0.6894878033697973,0.8684484554372802,0.25955596566200256,0,quality_factor,0.7802082300186157,momentum_factor,0.10045817494392395,volatility_factor,0.06426052004098892
2020-12-02,600029.SH,tucker,"(2, 2, 2)",cn_a,SIZE_MID,0.8552340757090637,0.6789965029423992,0.8552340757090637,0.25955596566200256,0,quality_factor,0.7716548442840576,momentum_factor,0.10012635588645935,value_factor,0.06611251085996628
2020-12-02,600015.SH,tucker,"(2, 2, 2)",cn_a,SIZE_MID,0.5501994810831667,0.436820204183819,0.5501994810831667,0.25955596566200256,1,value_factor,0.76487135887146,volatility_factor,0.08735454082489014,quality_factor,0.08649127185344696
2020-12-02,600027.SH,tucker,"(2, 2, 2)",cn_a,SIZE_MID,0.13041816103066797,0.10354296884929856,0.13041816103066797,0.25955596566200256,1,value_factor,0.6461108326911926,quality_factor,0.22337904572486877,momentum_factor,0.07042087614536285
2020-12-02,600039.SH,tucker,"(2, 2, 2)",cn_a,SIZE_MID,0.021597532952370067,0.017146942297270172,0.021597532952370067,0.25955596566200256,1,value_factor,0.5470296740531921,quality_factor,0.3375835418701172,momentum_factor,0.07804465293884277
2020-12-02,600026.SH,tucker,"(2, 2, 2)",cn_a,SIZE_MID,-0.07379123032452765,-0.058585115772697455,-0.07379123032452765,0.25955596566200256,0,quality_factor,0.5902109146118164,value_factor,0.30029380321502686,momentum_factor,0.0930873230099678
2020-12-02,600021.SH,tucker,"(2, 2, 2)",cn_a,SIZE_MID,-0.11396830738327098,-0.0904829266716802,-0.11396830738327098,0.25955596566200256,0,quality_factor,0.6015432476997375,value_factor,0.25412940979003906,volatility_factor,0.08647528290748596
2020-12-02,600048.SH,tucker,"(2, 2, 2)",cn_a,SIZE_MID,-0.1994761822031482,-0.15837024503957456,-0.1994761822031482,0.25955596566200256,1,value_factor,0.4848000109195709,quality_factor,0.400639146566391,volatility_factor,0.09688446670770645
2020-12-02,600066.SH,tucker,"(2, 2, 2)",cn_a,SIZE_MID,-0.3104889370636695,-0.24650666812327995,-0.3104889370636695,0.25955596566200256,1,value_factor,0.6793788075447083,quality_factor,0.19763848185539246,volatility_factor,0.10260853171348572
2020-12-02,600085.SH,tucker,"(2, 2, 2)",cn_a,SIZE_MID,-0.4523507086554778,-0.3591350695725446,-0.4523507086554778,0.25955596566200256,1,value_factor,0.7210142016410828,quality_factor,0.14637866616249084,volatility_factor,0.10312032699584961
2020-12-02,600009.SH,tucker,"(2, 2, 2)",cn_a,SIZE_MID,-0.48235805727038156,-0.38295882186538976,-0.48235805727038156,0.25955596566200256,1,value_factor,0.7146682143211365,quality_factor,0.15419159829616547,volatility_factor,0.10304232686758041
2020-12-03,600010.SH,tucker,"(2, 2, 2)",cn_a,SIZE_MID,0.8367745970636317,0.7762477613567054,0.8367745970636317,0.07797359675168991,0,quality_factor,0.7668217420578003,momentum_factor,0.09090356528759003,volatility_factor,0.07791192829608917
2020-12-03,600115.SH,tucker,"(2, 2, 2)",cn_a,SIZE_MID,0.7480609381109963,0.6939510718952915,0.7480609381109963,0.07797359675168991,0,quality_factor,0.780184805393219,momentum_factor,0.10045726597309113,volatility_factor,0.06425460427999496
2020-12-03,600029.SH,tucker,"(2, 2, 2)",cn_a,SIZE_MID,0.7366411989731515,0.6833573624636995,0.7366411989731515,0.07797359675168991,0,quality_factor,0.7715991139411926,momentum_factor,0.10012418776750565,value_factor,0.06618451327085495
2020-12-03,600015.SH,tucker,"(2, 2, 2)",cn_a,SIZE_MID,0.47611703786642173,0.441677825885877,0.47611703786642173,0.07797359675168991,1,value_factor,0.7651671767234802,volatility_factor,0.0874224603176117,quality_factor,0.08615026623010635
2020-12-03,600027.SH,tucker,"(2, 2, 2)",cn_a,SIZE_MID,0.11312026322847805,0.10493787861548808,0.11312026322847805,0.07797359675168991,1,value_factor,0.6466987133026123,quality_factor,0.2227013260126114,momentum_factor,0.07037563621997833
2020-12-03,600039.SH,tucker,"(2, 2, 2)",cn_a,SIZE_MID,0.01893718385691592,0.017567391059570468,0.01893718385691592,0.07797359675168991,1,value_factor,0.5477566123008728,quality_factor,0.3367455303668976,momentum_factor,0.07798869907855988
2020-12-03,600026.SH,tucker,"(2, 2, 2)",cn_a,SIZE_MID,-0.0634174650190548,-0.0588302577835247,-0.0634174650190548,0.07797359675168991,0,quality_factor,0.5896366834640503,value_factor,0.3010348975658417,momentum_factor,0.093065045773983
2020-12-03,600021.SH,tucker,"(2, 2, 2)",cn_a,SIZE_MID,-0.09828308720372343,-0.09117392746963926,-0.09828308720372343,0.07797359675168991,0,quality_factor,0.6008322238922119,value_factor,0.2549457848072052,volatility_factor,0.08651211857795715
2020-12-03,600048.SH,tucker,"(2, 2, 2)",cn_a,SIZE_MID,-0.1721765505701335,-0.1597224179691754,-0.1721765505701335,0.07797359675168991,1,value_factor,0.48574143648147583,quality_factor,0.39981919527053833,volatility_factor,0.09692694991827011
2020-12-03,600066.SH,tucker,"(2, 2, 2)",cn_a,SIZE_MID,-0.26824054818008614,-0.24883777036320975,-0.26824054818008614,0.07797359675168991,1,value_factor,0.679863691329956,quality_factor,0.19704140722751617,volatility_factor,0.10261449217796326
2020-12-03,600085.SH,tucker,"(2, 2, 2)",cn_a,SIZE_MID,-0.3908943573991006,-0.36261960021588185,-0.3908943573991006,0.07797359675168991,1,value_factor,0.7213847041130066,quality_factor,0.1459224969148636,volatility_factor,0.10312487930059433
2020-12-03,600009.SH,tucker,"(2, 2, 2)",cn_a,SIZE_MID,-0.41680908684279344,-0.3866598265652742,-0.41680908684279344,0.07797359675168991,1,value_factor,0.7150571346282959,quality_factor,0.15371276438236237,volatility_factor,0.10304710268974304
2020-12-04,600010.SH,tucker,"(2, 2, 2)",cn_a,SIZE_MID,0.7934803353693388,0.774241892668277,0.7934803353693388,0.024848157539963722,0,quality_factor,0.7668473124504089,momentum_factor,0.09090866893529892,volatility_factor,0.07791060209274292
2020-12-04,600115.SH,tucker,"(2, 2, 2)",cn_a,SIZE_MID,0.7093803060572261,0.6921809228299264,0.7093803060572261,0.024848157539963722,0,quality_factor,0.7801865339279175,momentum_factor,0.1004573404788971,volatility_factor,0.06425504386425018
2020-12-04,600029.SH,tucker,"(2, 2, 2)",cn_a,SIZE_MID,0.6985536630786932,0.6816167787959834,0.6985536630786932,0.024848157539963722,0,quality_factor,0.7716032266616821,momentum_factor,0.10012434422969818,value_factor,0.06617918610572815
2020-12-04,600015.SH,tucker,"(2, 2, 2)",cn_a,SIZE_MID,0.4513446974356818,0.44040155402935816,0.4513446974356818,0.024848157539963722,1,value_factor,0.7651453614234924,volatility_factor,0.08741746097803116,quality_factor,0.08617538213729858
2020-12-04,600027.SH,tucker,"(2, 2, 2)",cn_a,SIZE_MID,0.10721631525662283,0.10461678651502723,0.10721631525662283,0.024848157539963722,1,value_factor,0.6466553807258606,quality_factor,0.22275127470493317,momentum_factor,0.07037897408008575
2020-12-04,600039.SH,tucker,"(2, 2, 2)",cn_a,SIZE_MID,0.01793460602956585,0.017499769934597828,0.01793460602956585,0.024848157539963722,1,value_factor,0.5477030873298645,quality_factor,0.33680737018585205,momentum_factor,0.07799283415079117
2020-12-04,600026.SH,tucker,"(2, 2, 2)",cn_a,SIZE_MID,-0.06014841345021073,-0.05869007635710176,-0.06014841345021073,0.024848157539963722,0,quality_factor,0.5896790623664856,value_factor,0.30098018050193787,momentum_factor,0.09306668490171432
2020-12-04,600021.SH,tucker,"(2, 2, 2)",cn_a,SIZE_MID,-0.09319312605260603,-0.09093359858131544,-0.09319312605260603,0.024848157539963722,0,quality_factor,0.6008846759796143,value_factor,0.2548855245113373,volatility_factor,0.08650940656661987
2020-12-04,600048.SH,tucker,"(2, 2, 2)",cn_a,SIZE_MID,-0.16324896750654588,-0.1592908909577171,-0.16324896750654588,0.024848157539963722,1,value_factor,0.4856720268726349,quality_factor,0.39987966418266296,volatility_factor,0.09692380577325821
2020-12-04,600066.SH,tucker,"(2, 2, 2)",cn_a,SIZE_MID,-0.2543148502306415,-0.24814882259756355,-0.2543148502306415,0.024848157539963722,1,value_factor,0.6798280477523804,quality_factor,0.1970854103565216,volatility_factor,0.10261405259370804
2020-12-04,600085.SH,tucker,"(2, 2, 2)",cn_a,SIZE_MID,-0.3705944369796083,-0.3616091357397914,-0.3705944369796083,0.024848157539963722,1,value_factor,0.7213574051856995,quality_factor,0.1459560990333557,volatility_factor,0.10312454402446747
2020-12-04,600009.SH,tucker,"(2, 2, 2)",cn_a,SIZE_MID,-0.39516446826081036,-0.385583450759485,-0.39516446826081036,0.024848157539963722,1,value_factor,0.7150284647941589,quality_factor,0.1537480354309082,volatility_factor,0.10304674506187439
2020-12-07,600010.SH,tucker,"(2, 2, 2)",cn_a,SIZE_MID,0.9185641621370656,0.7668880315924755,0.9185641621370656,0.19778136909008026,0,quality_factor,0.7653996348381042,momentum_factor,0.09061917662620544,volatility_factor,0.07798561453819275
2020-12-07,600115.SH,tucker,"(2, 2, 2)",cn_a,SIZE_MID,0.8196553723525003,0.6843113644072378,0.8196553723525003,0.19778136909008026,0,quality_factor,0.7800880670547485,momentum_factor,0.10045351833105087,volatility_factor,0.06423024088144302
2020-12-07,600029.SH,tucker,"(2, 2, 2)",cn_a,SIZE_MID,0.8069746571680154,0.6737245277899789,0.8069746571680154,0.19778136909008026,0,quality_factor,0.7713691592216492,momentum_factor,0.10011526197195053,value_factor,0.06648129224777222
2020-12-07,600015.SH,tucker,"(2, 2, 2)",cn_a,SIZE_MID,0.5315726665954169,0.44379775821571094,0.5315726665954169,0.19778136909008026,1,value_factor,0.7663657665252686,volatility_factor,0.08769764006137848,quality_factor,0.08476872742176056
2020-12-07,600027.SH,tucker,"(2, 2, 2)",cn_a,SIZE_MID,0.1274764279422888,0.10642712934898327,0.1274764279422888,0.19778136909008026,1,value_factor,0.6490877270698547,quality_factor,0.2199476808309555,momentum_factor,0.07019181549549103
2020-12-07,600039.SH,tucker,"(2, 2, 2)",cn_a,SIZE_MID,0.02225696102710836,0.01858182338792643,0.02225696102710836,0.19778136909008026,1,value_factor,0.550717830657959,quality_factor,0.3333323299884796,momentum_factor,0.07776085287332535
2020-12-07,600026.SH,tucker,"(2, 2, 2)",cn_a,SIZE_MID,-0.06883374021674157,-0.05746770200478159,-0.06883374021674157,0.19778136909008026,0,quality_factor,0.5872805714607239,value_factor,0.3040758967399597,momentum_factor,0.09297364950180054
2020-12-07,600021.SH,tucker,"(2, 2, 2)",cn_a,SIZE_MID,-0.10820224730913992,-0.09033556051189232,-0.10820224730913992,0.19778136909008026,0,quality_factor,0.5979184508323669,value_factor,0.25829121470451355,volatility_factor,0.08666308224201202
2020-12-07,600048.SH,tucker,"(2, 2, 2)",cn_a,SIZE_MID,-0.19024780789445886,-0.15883350660178966,-0.19024780789445886,0.19778136909008026,1,value_factor,0.48958152532577515,quality_factor,0.3964747190475464,volatility_factor,0.09710023552179337
2020-12-07,600066.SH,tucker,"(2, 2, 2)",cn_a,SIZE_MID,-0.2974950967727514,-0.24837179434660453,-0.2974950967727514,0.19778136909008026,1,value_factor,0.6818309426307678,quality_factor,0.1946195811033249,volatility_factor,0.10263868421316147
2020-12-07,600085.SH,tucker,"(2, 2, 2)",cn_a,SIZE_MID,-0.4339547377215172,-0.36229880103010664,-0.4339547377215172,0.19778136909008026,1,value_factor,0.7228862643241882,quality_factor,0.14407381415367126,volatility_factor,0.10314333438873291
2020-12-07,600009.SH,tucker,"(2, 2, 2)",cn_a,SIZE_MID,-0.4626529316788295,-0.38625826121956075,-0.4626529316788295,0.19778136909008026,1,value_factor,0.7166334390640259,quality_factor,0.15177197754383087,volatility_factor,0.10306647419929504
2020-12-08,600010.SH,tucker,"(2, 2, 2)",cn_a,SIZE_MID,0.9689710261261264,0.7508322847399526,0.9689710261261264,0.2905292212963104,0,quality_factor,0.76716548204422,momentum_factor,0.09097229689359665,volatility_factor,0.07789411395788193
2020-12-08,600115.SH,tucker,"(2, 2, 2)",cn_a,SIZE_MID,0.86663051491037,0.6715310901884665,0.86663051491037,0.2905292212963104,0,quality_factor,0.7802082300186157,momentum_factor,0.10045818239450455,volatility_factor,0.06426048278808594
2020-12-08,600029.SH,tucker,"(2, 2, 2)",cn_a,SIZE_MID,0.8534435466123408,0.6613128264127301,0.8534435466123408,0.2905292212963104,0,quality_factor,0.7716545462608337,momentum_factor,0.10012634098529816,value_factor,0.0661129280924797
2020-12-08,600015.SH,tucker,"(2, 2, 2)",cn_a,SIZE_MID,0.5490624783151533,0.42545527569230546,0.5490624783151533,0.2905292212963104,1,value_factor,0.7648730278015137,volatility_factor,0.08735493570566177,quality_factor,0.08648927509784698
2020-12-08,600027.SH,tucker,"(2, 2, 2)",cn_a,SIZE_MID,0.1301504162083795,0.10085041939001531,0.1301504162083795,0.2905292212963104,1,value_factor,0.6461142301559448,quality_factor,0.22337506711483002,momentum_factor,0.07042060792446136
2020-12-08,600039.SH,tucker,"(2, 2, 2)",cn_a,SIZE_MID,0.02155456953675193,0.016702116219684628,0.02155456953675193,0.2905292212963104,1,value_factor,0.5470339059829712,quality_factor,0.3375786542892456,momentum_factor,0.07804432511329651
2020-12-08,600026.SH,tucker,"(2, 2, 2)",cn_a,SIZE_MID,-0.07363578789342541,-0.057058596564734165,-0.07363578789342541,0.2905292212963104,0,quality_factor,0.5902076363563538,value_factor,0.30029815435409546,momentum_factor,0.09308720380067825
2020-12-08,600021.SH,tucker,"(2, 2, 2)",cn_a,SIZE_MID,-0.1137304997298437,-0.08812702202063569,-0.1137304997298437,0.2905292212963104,0,quality_factor,0.6015390753746033,value_factor,0.2541341483592987,volatility_factor,0.08647550642490387
2020-12-08,600048.SH,tucker,"(2, 2, 2)",cn_a,SIZE_MID,-0.1990609892356668,-0.1542475608872913,-0.1990609892356668,0.2905292212963104,1,value_factor,0.48480546474456787,quality_factor,0.4006343483924866,volatility_factor,0.09688470512628555
2020-12-08,600066.SH,tucker,"(2, 2, 2)",cn_a,SIZE_MID,-0.30984432450315713,-0.24009089622678864,-0.30984432450315713,0.2905292212963104,1,value_factor,0.6793816089630127,quality_factor,0.1976349949836731,volatility_factor,0.1026085689663887
2020-12-08,600085.SH,tucker,"(2, 2, 2)",cn_a,SIZE_MID,-0.45141221549730276,-0.3497884415351405,-0.45141221549730276,0.2905292212963104,1,value_factor,0.7210162878036499,quality_factor,0.14637601375579834,volatility_factor,0.1031203493475914
2020-12-08,600009.SH,tucker,"(2, 2, 2)",cn_a,SIZE_MID,-0.4813572012078147,-0.37299208894183017,-0.4813572012078147,0.2905292212963104,1,value_factor,0.7146704792976379,quality_factor,0.15418879687786102,volatility_factor,0.10304234176874161
2020-12-09,600010.SH,tucker,"(2, 2, 2)",cn_a,SIZE_MID,1.003438697313939,0.7516824100795638,1.003438697313939,0.33492371439933777,0,quality_factor,0.7643521428108215,momentum_factor,0.09040971100330353,volatility_factor,0.07803989201784134
2020-12-09,600115.SH,tucker,"(2, 2, 2)",cn_a,SIZE_MID,0.894164228958701,0.66982419995342,0.894164228958701,0.33492371439933777,0,quality_factor,0.7800165414810181,momentum_factor,0.10045073926448822,volatility_factor,0.06421224027872086
2020-12-09,600029.SH,tucker,"(2, 2, 2)",cn_a,SIZE_MID,0.8801953046439202,0.6593599885140357,0.8801953046439202,0.33492371439933777,0,quality_factor,0.7711993455886841,momentum_factor,0.10010868310928345,value_factor,0.06670050323009491
2020-12-09,600015.SH,tucker,"(2, 2, 2)",cn_a,SIZE_MID,0.587867664520122,0.44037546494589563,0.587867664520122,0.33492371439933777,1,value_factor,0.7672301530838013,volatility_factor,0.08789607882499695,quality_factor,0.08377239108085632
2020-12-09,600027.SH,tucker,"(2, 2, 2)",cn_a,SIZE_MID,0.1419107718049604,0.10630627586134436,0.1419107718049604,0.33492371439933777,1,value_factor,0.6508175730705261,quality_factor,0.21795380115509033,momentum_factor,0.07005871087312698
2020-12-09,600039.SH,tucker,"(2, 2, 2)",cn_a,SIZE_MID,0.025495700745096925,0.019098994122952254,0.025495700745096925,0.33492371439933777,1,value_factor,0.5528693795204163,quality_factor,0.3308525085449219,momentum_factor,0.0775953158736229
2020-12-09,600026.SH,tucker,"(2, 2, 2)",cn_a,SIZE_MID,-0.07456417593164308,-0.05585650585325048,-0.07456417593164308,0.33492371439933777,0,quality_factor,0.5855510830879211,value_factor,0.3063080608844757,momentum_factor,0.09290654957294464
2020-12-09,600021.SH,tucker,"(2, 2, 2)",cn_a,SIZE_MID,-0.1184516461403211,-0.08873289328684471,-0.1184516461403211,0.33492371439933777,0,quality_factor,0.5957837104797363,value_factor,0.26074230670928955,volatility_factor,0.08677370101213455
2020-12-09,600048.SH,tucker,"(2, 2, 2)",cn_a,SIZE_MID,-0.20882626753673292,-0.15643310596862572,-0.20882626753673292,0.33492371439933777,1,value_factor,0.4923768639564514,quality_factor,0.3940400183200836,volatility_factor,0.09722636640071869
2020-12-09,600066.SH,tucker,"(2, 2, 2)",cn_a,SIZE_MID,-0.32742679318207996,-0.2452775258544036,-0.32742679318207996,0.33492371439933777,1,value_factor,0.6832518577575684,quality_factor,0.1928701251745224,volatility_factor,0.10265614837408066
2020-12-09,600085.SH,tucker,"(2, 2, 2)",cn_a,SIZE_MID,-0.4779578223220382,-0.35804129216974623,-0.4779578223220382,0.33492371439933777,1,value_factor,0.723969578742981,quality_factor,0.14274010062217712,volatility_factor,0.1031566634774208
2020-12-09,600009.SH,tucker,"(2, 2, 2)",cn_a,SIZE_MID,-0.5095092978172281,-0.38167670627653405,-0.5095092978172281,0.33492371439933777,1,value_factor,0.7177709341049194,quality_factor,0.15037155151367188,volatility_factor,0.10308045893907547
2020-12-10,600010.SH,tucker,"(2, 2, 2)",cn_a,SIZE_MID,0.8302325349102765,0.7528006466673403,0.8302325349102765,0.10285844653844833,0,quality_factor,0.7652106285095215,momentum_factor,0.09058138728141785,volatility_factor,0.07799539715051651
2020-12-10,600115.SH,tucker,"(2, 2, 2)",cn_a,SIZE_MID,0.7406520131324721,0.6715748793220304,0.7406520131324721,0.10285844653844833,0,quality_factor,0.780075192451477,momentum_factor,0.10045301169157028,volatility_factor,0.06422699987888336
2020-12-10,600029.SH,tucker,"(2, 2, 2)",cn_a,SIZE_MID,0.7291733189642571,0.6611667490339748,0.7291733189642571,0.10285844653844833,0,quality_factor,0.7713385224342346,momentum_factor,0.10011408478021622,value_factor,0.0665207952260971
2020-12-10,600015.SH,tucker,"(2, 2, 2)",cn_a,SIZE_MID,0.4815265391497937,0.43661682097127863,0.4815265391497937,0.10285844653844833,1,value_factor,0.7665228843688965,volatility_factor,0.08773370087146759,quality_factor,0.08458766341209412
2020-12-10,600027.SH,tucker,"(2, 2, 2)",cn_a,SIZE_MID,0.11561430394790374,0.10483150095458764,0.11561430394790374,0.10285844653844833,1,value_factor,0.6494016051292419,quality_factor,0.2195858210325241,momentum_factor,0.0701676532626152
2020-12-10,600039.SH,tucker,"(2, 2, 2)",cn_a,SIZE_MID,0.020293118097425972,0.018400474306020702,0.020293118097425972,0.10285844653844833,1,value_factor,0.5511078834533691,quality_factor,0.3328828513622284,momentum_factor,0.07773085683584213
2020-12-10,600026.SH,tucker,"(2, 2, 2)",cn_a,SIZE_MID,-0.06212051088626508,-0.05632682266726603,-0.06212051088626508,0.10285844653844833,0,quality_factor,0.586968183517456,value_factor,0.30447906255722046,momentum_factor,0.09296152740716934
2020-12-10,600021.SH,tucker,"(2, 2, 2)",cn_a,SIZE_MID,-0.09783477728672893,-0.08871018721997463,-0.09783477728672893,0.10285844653844833,0,quality_factor,0.5975326299667358,value_factor,0.25873425602912903,volatility_factor,0.08668307960033417
2020-12-10,600048.SH,tucker,"(2, 2, 2)",cn_a,SIZE_MID,-0.17210227168525005,-0.15605110131172584,-0.17210227168525005,0.10285844653844833,1,value_factor,0.4900878965854645,quality_factor,0.3960336744785309,volatility_factor,0.09712308645248413
2020-12-10,600066.SH,tucker,"(2, 2, 2)",cn_a,SIZE_MID,-0.2692518404399993,-0.24413998618050792,-0.2692518404399993,0.10285844653844833,1,value_factor,0.6820889711380005,quality_factor,0.1943017989397049,volatility_factor,0.10264185070991516
2020-12-10,600085.SH,tucker,"(2, 2, 2)",cn_a,SIZE_MID,-0.3928074511698305,-0.35617214554035165,-0.3928074511698305,0.10285844653844833,1,value_factor,0.7230830788612366,quality_factor,0.14383146166801453,volatility_factor,0.10314574837684631
2020-12-10,600009.SH,tucker,"(2, 2, 2)",cn_a,SIZE_MID,-0.41877603677121983,-0.3797187631586009,-0.41877603677121983,0.10285844653844833,1,value_factor,0.7168402075767517,quality_factor,0.15151752531528473,volatility_factor,0.10306902229785919
2020-12-11,600010.SH,tucker,"(2, 2, 2)",cn_a,SIZE_MID,0.8501657743272166,0.7561344523968265,0.8501657743272166,0.12435787916183472,0,quality_factor,0.7661980390548706,momentum_factor,0.09077882766723633,volatility_factor,0.07794424146413803
2020-12-11,600115.SH,tucker,"(2, 2, 2)",cn_a,SIZE_MID,0.7594138310901366,0.6754199929635228,0.7594138310901366,0.12435787916183472,0,quality_factor,0.7801423668861389,momentum_factor,0.1004556193947792,volatility_factor,0.06424392759799957
2020-12-11,600029.SH,tucker,"(2, 2, 2)",cn_a,SIZE_MID,0.7477525760571824,0.66504851371222,0.7477525760571824,0.12435787916183472,0,quality_factor,0.7714982628822327,momentum_factor,0.10012026876211166,value_factor,0.06631456315517426
2020-12-11,600015.SH,tucker,"(2, 2, 2)",cn_a,SIZE_MID,0.487356433823883,0.43345309978293595,0.487356433823883,0.12435787916183472,1,value_factor,0.7656965255737305,volatility_factor,0.08754398673772812,quality_factor,0.08554015308618546
2020-12-11,600027.SH,tucker,"(2, 2, 2)",cn_a,SIZE_MID,0.11626979976584391,0.10340995136602335,0.11626979976584391,0.12435787916183472,1,value_factor,0.6477524042129517,quality_factor,0.22148685157299042,momentum_factor,0.07029455900192261
2020-12-11,600039.SH,tucker,"(2, 2, 2)",cn_a,SIZE_MID,0.019836433541736077,0.017642454291289484,0.019836433541736077,0.12435787916183472,1,value_factor,0.5490612983703613,quality_factor,0.33524182438850403,momentum_factor,0.07788832485675812
2020-12-11,600026.SH,tucker,"(2, 2, 2)",cn_a,SIZE_MID,-0.06411477614174374,-0.057023456615678224,-0.06411477614174374,0.12435787916183472,0,quality_factor,0.5886020660400391,value_factor,0.30237019062042236,momentum_factor,0.09302490204572678
2020-12-11,600021.SH,tucker,"(2, 2, 2)",cn_a,SIZE_MID,-0.09998282785163877,-0.08892437577425638,-0.09998282785163877,0.12435787916183472,0,quality_factor,0.5995520353317261,value_factor,0.2564156949520111,volatility_factor,0.08657845109701157
2020-12-11,600048.SH,tucker,"(2, 2, 2)",cn_a,SIZE_MID,-0.1754361105365628,-0.1560322602684976,-0.1754361105365628,0.12435787916183472,1,value_factor,0.48743218183517456,quality_factor,0.3983466923236847,volatility_factor,0.09700324386358261
2020-12-11,600066.SH,tucker,"(2, 2, 2)",cn_a,SIZE_MID,-0.2737654998853092,-0.24348607364808955,-0.2737654998853092,0.12435787916183472,1,value_factor,0.680732011795044,quality_factor,0.19597242772579193,volatility_factor,0.10262516140937805
2020-12-11,600085.SH,tucker,"(2, 2, 2)",cn_a,SIZE_MID,-0.3991197854614312,-0.3549757347729505,-0.3991197854614312,0.12435787916183472,1,value_factor,0.722047746181488,quality_factor,0.14510618150234222,volatility_factor,0.10313303768634796
2020-12-11,600009.SH,tucker,"(2, 2, 2)",cn_a,SIZE_MID,-0.42555090029882736,-0.37848347543638505,-0.42555090029882736,0.12435787916183472,1,value_factor,0.7157531976699829,quality_factor,0.15285582840442657,volatility_factor,0.10305566340684891
2020-12-14,600010.SH,tucker,"(2, 2, 2)",cn_a,SIZE_MID,0.8684484760799024,0.752462477863437,0.8684484760799024,0.15414196252822876,0,quality_factor,0.7649584412574768,momentum_factor,0.09053095430135727,volatility_factor,0.07800846546888351
2020-12-14,600115.SH,tucker,"(2, 2, 2)",cn_a,SIZE_MID,0.774488932582447,0.67105174036275,0.774488932582447,0.15414196252822876,0,quality_factor,0.7800579071044922,momentum_factor,0.10045234858989716,volatility_factor,0.06422266364097595
2020-12-14,600029.SH,tucker,"(2, 2, 2)",cn_a,SIZE_MID,0.7624575889159482,0.6606272478146309,0.7624575889159482,0.15414196252822876,0,quality_factor,0.7712976336479187,momentum_factor,0.10011249780654907,value_factor,0.06657356023788452
2020-12-14,600015.SH,tucker,"(2, 2, 2)",cn_a,SIZE_MID,0.50518716344097,0.4377166812514723,0.50518716344097,0.15414196252822876,1,value_factor,0.7667316794395447,volatility_factor,0.0877816453576088,quality_factor,0.08434690535068512
2020-12-14,600027.SH,tucker,"(2, 2, 2)",cn_a,SIZE_MID,0.12148945076692587,0.10526387652954813,0.12148945076692587,0.15414196252822876,1,value_factor,0.6498193144798279,quality_factor,0.2191043496131897,momentum_factor,0.07013551145792007
2020-12-14,600039.SH,tucker,"(2, 2, 2)",cn_a,SIZE_MID,0.021473565484343118,0.018605654495298996,0.021473565484343118,0.15414196252822876,1,value_factor,0.5516271591186523,quality_factor,0.3322843611240387,momentum_factor,0.07769089937210083
2020-12-14,600026.SH,tucker,"(2, 2, 2)",cn_a,SIZE_MID,-0.06484871924333463,-0.05618782151403118,-0.06484871924333463,0.15414196252822876,0,quality_factor,0.5865514874458313,value_factor,0.3050168454647064,momentum_factor,0.09294535219669342
2020-12-14,600021.SH,tucker,"(2, 2, 2)",cn_a,SIZE_MID,-0.10239058055871023,-0.088715763892934,-0.10239058055871023,0.15414196252822876,0,quality_factor,0.5970181226730347,value_factor,0.25932496786117554,volatility_factor,0.08670973032712936
2020-12-14,600048.SH,tucker,"(2, 2, 2)",cn_a,SIZE_MID,-0.18023252953053934,-0.15616149892312903,-0.18023252953053934,0.15414196252822876,1,value_factor,0.49076229333877563,quality_factor,0.395446240901947,volatility_factor,0.09715350717306137
2020-12-14,600066.SH,tucker,"(2, 2, 2)",cn_a,SIZE_MID,-0.28215476254067706,-0.24447146561956046,-0.28215476254067706,0.15414196252822876,1,value_factor,0.6824321746826172,quality_factor,0.19387918710708618,volatility_factor,0.10264605283737183
2020-12-14,600085.SH,tucker,"(2, 2, 2)",cn_a,SIZE_MID,-0.411702468234352,-0.3567173734802097,-0.411702468234352,0.15414196252822876,1,value_factor,0.7233449220657349,quality_factor,0.14350920915603638,volatility_factor,0.10314898192882538
2020-12-14,600009.SH,tucker,"(2, 2, 2)",cn_a,SIZE_MID,-0.43890840583524104,-0.38028981074461626,-0.43890840583524104,0.15414196252822876,1,value_factor,0.7171149849891663,quality_factor,0.15117916464805603,volatility_factor,0.103072389960289
2020-12-15,600010.SH,tucker,"(2, 2, 2)",cn_a,SIZE_MID,0.7697704276189279,0.7511412714931051,0.7697704276189279,0.024801170453429222,0,quality_factor,0.7647978067398071,momentum_factor,0.09049882739782333,volatility_factor,0.07801679521799088
2020-12-15,600115.SH,tucker,"(2, 2, 2)",cn_a,SIZE_MID,0.6863427803882982,0.6697326504678298,0.6863427803882982,0.024801170453429222,0,quality_factor,0.7800469994544983,momentum_factor,0.10045191645622253,volatility_factor,0.0642198994755745
2020-12-15,600029.SH,tucker,"(2, 2, 2)",cn_a,SIZE_MID,0.6756647963517239,0.6593130835184664,0.6756647963517239,0.024801170453429222,0,quality_factor,0.7712715864181519,momentum_factor,0.10011148452758789,value_factor,0.06660717725753784
2020-12-15,600015.SH,tucker,"(2, 2, 2)",cn_a,SIZE_MID,0.44862950849885286,0.43777225956253274,0.44862950849885286,0.024801170453429222,1,value_factor,0.7668642997741699,volatility_factor,0.08781208842992783,quality_factor,0.08419410139322281
2020-12-15,600027.SH,tucker,"(2, 2, 2)",cn_a,SIZE_MID,0.10799759087437744,0.10538394931395172,0.10799759087437744,0.024801170453429222,1,value_factor,0.6500846743583679,quality_factor,0.21879853308200836,momentum_factor,0.0701150968670845
2020-12-15,600039.SH,tucker,"(2, 2, 2)",cn_a,SIZE_MID,0.019172716456983544,0.018708718990442658,0.019172716456983544,0.024801170453429222,1,value_factor,0.5519570708274841,quality_factor,0.33190399408340454,momentum_factor,0.07766550779342651
2020-12-15,600026.SH,tucker,"(2, 2, 2)",cn_a,SIZE_MID,-0.05740614397143815,-0.05601686220605082,-0.05740614397143815,0.024801170453429222,0,quality_factor,0.5862862467765808,value_factor,0.30535921454429626,momentum_factor,0.09293507039546967
2020-12-15,600021.SH,tucker,"(2, 2, 2)",cn_a,SIZE_MID,-0.09078598502808771,-0.08858888024405967,-0.09078598502808771,0.024801170453429222,0,quality_factor,0.5966906547546387,value_factor,0.2597008943557739,volatility_factor,0.08672669529914856
2020-12-15,600048.SH,tucker,"(2, 2, 2)",cn_a,SIZE_MID,-0.15987111361639003,-0.15600208484013356,-0.15987111361639003,0.024801170453429222,1,value_factor,0.49119099974632263,quality_factor,0.3950728178024292,volatility_factor,0.09717285633087158
2020-12-15,600066.SH,tucker,"(2, 2, 2)",cn_a,SIZE_MID,-0.2503822269243371,-0.24432274551384342,-0.2503822269243371,0.024801170453429222,1,value_factor,0.6826501488685608,quality_factor,0.19361087679862976,volatility_factor,0.10264874249696732
2020-12-15,600085.SH,tucker,"(2, 2, 2)",cn_a,SIZE_MID,-0.36538208008513573,-0.3565394958921593,-0.36538208008513573,0.024801170453429222,1,value_factor,0.7235110402107239,quality_factor,0.14330466091632843,volatility_factor,0.10315102338790894
2020-12-15,600009.SH,tucker,"(2, 2, 2)",cn_a,SIZE_MID,-0.3895204439785348,-0.3800936890595108,-0.3895204439785348,0.024801170453429222,1,value_factor,0.7172894477844238,quality_factor,0.15096436440944672,volatility_factor,0.10307454317808151
2020-12-16,600010.SH,tucker,"(2, 2, 2)",cn_a,SIZE_MID,1.1184805852483075,0.7483384354042733,1.1184805852483075,0.4946187138557434,0,quality_factor,0.7606292963027954,momentum_factor,0.08966522663831711,volatility_factor,0.0782327726483345
2020-12-16,600115.SH,tucker,"(2, 2, 2)",cn_a,SIZE_MID,0.9918161679529169,0.663591455340079,0.9918161679529169,0.4946187138557434,0,quality_factor,0.7797610759735107,momentum_factor,0.10044083744287491,volatility_factor,0.06414788216352463
2020-12-16,600029.SH,tucker,"(2, 2, 2)",cn_a,SIZE_MID,0.9757838766808781,0.6528647785209194,0.9757838766808781,0.4946187138557434,0,quality_factor,0.7705923914909363,momentum_factor,0.10008513927459717,value_factor,0.06748377531766891
2020-12-16,600015.SH,tucker,"(2, 2, 2)",cn_a,SIZE_MID,0.6837175836212002,0.45745286376329036,0.6837175836212002,0.4946187138557434,1,value_factor,0.7701817750930786,volatility_factor,0.08857372403144836,quality_factor,0.08037024736404419
2020-12-16,600027.SH,tucker,"(2, 2, 2)",cn_a,SIZE_MID,0.16870673643997666,0.112876107868806,0.16870673643997666,0.4946187138557434,1,value_factor,0.6567688584327698,quality_factor,0.21109417080879211,momentum_factor,0.06960079818964005
2020-12-16,600039.SH,tucker,"(2, 2, 2)",cn_a,SIZE_MID,0.033104715767459804,0.02214927244036535,0.033104715767459804,0.4946187138557434,1,value_factor,0.5603179931640625,quality_factor,0.32226690649986267,momentum_factor,0.07702217996120453
2020-12-16,600026.SH,tucker,"(2, 2, 2)",cn_a,SIZE_MID,-0.08061664976527502,-0.05393793897592508,-0.08061664976527502,0.4946187138557434,0,quality_factor,0.5794457197189331,value_factor,0.31418800354003906,momentum_factor,0.09266969561576843
2020-12-16,600021.SH,tucker,"(2, 2, 2)",cn_a,SIZE_MID,-0.13302914367409957,-0.08900540836669528,-0.13302914367409957,0.4946187138557434,0,quality_factor,0.5882743000984192,value_factor,0.2693643569946289,volatility_factor,0.08716277033090591
2020-12-16,600048.SH,tucker,"(2, 2, 2)",cn_a,SIZE_MID,-0.23673036171647566,-0.1583884698903969,-0.23673036171647566,0.4946187138557434,1,value_factor,0.502090573310852,quality_factor,0.38557976484298706,volatility_factor,0.09766470640897751
2020-12-16,600066.SH,tucker,"(2, 2, 2)",cn_a,SIZE_MID,-0.37465052701913354,-0.25066629936240015,-0.37465052701913354,0.4946187138557434,1,value_factor,0.6881186366081238,quality_factor,0.18687833845615387,volatility_factor,0.10271596908569336
2020-12-16,600085.SH,tucker,"(2, 2, 2)",cn_a,SIZE_MID,-0.5482370869169281,-0.3668073360101548,-0.5482370869169281,0.4946187138557434,1,value_factor,0.7276713252067566,quality_factor,0.13818271458148956,volatility_factor,0.10320216417312622
2020-12-16,600009.SH,tucker,"(2, 2, 2)",cn_a,SIZE_MID,-0.5842049274526376,-0.39087223071316635,-0.5842049274526376,0.4946187138557434,1,value_factor,0.7216591835021973,quality_factor,0.14558449387550354,volatility_factor,0.10312825441360474
2020-12-17,600010.SH,tucker,"(2, 2, 2)",cn_a,SIZE_MID,0.9933673420923816,0.7558327576945146,0.9933673420923816,0.31426870822906494,0,quality_factor,0.7631980180740356,momentum_factor,0.09017889946699142,volatility_factor,0.07809968292713165
2020-12-17,600115.SH,tucker,"(2, 2, 2)",cn_a,SIZE_MID,0.8838513879803073,0.672504323085702,0.8838513879803073,0.31426870822906494,0,quality_factor,0.7799375653266907,momentum_factor,0.10044767707586288,volatility_factor,0.06419234722852707
2020-12-17,600029.SH,tucker,"(2, 2, 2)",cn_a,SIZE_MID,0.8698955378066777,0.6618856040320964,0.8698955378066777,0.31426870822906494,0,quality_factor,0.7710117101669312,momentum_factor,0.10010139644145966,value_factor,0.06694262474775314
2020-12-17,600015.SH,tucker,"(2, 2, 2)",cn_a,SIZE_MID,0.5897989445720212,0.44876587327925993,0.5897989445720212,0.31426870822906494,1,value_factor,0.7681649327278137,volatility_factor,0.08811069279909134,quality_factor,0.08269491791725159
2020-12-17,600027.SH,tucker,"(2, 2, 2)",cn_a,SIZE_MID,0.143383826975502,0.10909780174916218,0.143383826975502,0.31426870822906494,1,value_factor,0.6526948809623718,quality_factor,0.21578989923000336,momentum_factor,0.06991425156593323
2020-12-17,600039.SH,tucker,"(2, 2, 2)",cn_a,SIZE_MID,0.026529644798465705,0.02018586049592062,0.026529644798465705,0.31426870822906494,1,value_factor,0.5552111268043518,quality_factor,0.32815325260162354,momentum_factor,0.07741512358188629
2020-12-17,600026.SH,tucker,"(2, 2, 2)",cn_a,SIZE_MID,-0.07312871522661275,-0.05564213373469978,-0.07312871522661275,0.31426870822906494,0,quality_factor,0.5836514234542847,value_factor,0.30875980854034424,momentum_factor,0.09283284842967987
2020-12-17,600021.SH,tucker,"(2, 2, 2)",cn_a,SIZE_MID,-0.11753727554487299,-0.08943169293230051,-0.11753727554487299,0.31426870822906494,0,quality_factor,0.5934427380561829,value_factor,0.263430118560791,volatility_factor,0.08689498156309128
2020-12-17,600048.SH,tucker,"(2, 2, 2)",cn_a,SIZE_MID,-0.2078210493578089,-0.1581267575318301,-0.2078210493578089,0.31426870822906494,1,value_factor,0.4954248368740082,quality_factor,0.39138537645339966,volatility_factor,0.0973639115691185
2020-12-17,600066.SH,tucker,"(2, 2, 2)",cn_a,SIZE_MID,-0.3268063075920084,-0.2486601906792481,-0.3268063075920084,0.31426870822906494,1,value_factor,0.6847907304763794,quality_factor,0.19097553193569183,volatility_factor,0.10267505794763565
2020-12-17,600085.SH,tucker,"(2, 2, 2)",cn_a,SIZE_MID,-0.47742226886488465,-0.3632607745094958,-0.47742226886488465,0.31426870822906494,1,value_factor,0.7251415252685547,quality_factor,0.14129728078842163,volatility_factor,0.10317106544971466
2020-12-17,600009.SH,tucker,"(2, 2, 2)",cn_a,SIZE_MID,-0.5088770127152688,-0.38719404146885933,-0.5088770127152688,0.31426870822906494,1,value_factor,0.7190017104148865,quality_factor,0.14885631203651428,volatility_factor,0.10309558361768723
2020-12-18,600010.SH,tucker,"(2, 2, 2)",cn_a,SIZE_MID,0.9356892583243,0.7548044924298944,0.9356892583243,0.23964454233646393,0,quality_factor,0.7651948928833008,momentum_factor,0.09057823568582535,volatility_factor,0.07799621671438217
2020-12-18,600115.SH,tucker,"(2, 2, 2)",cn_a,SIZE_MID,0.8347129494241547,0.6733486341855517,0.8347129494241547,0.23964454233646393,0,quality_factor,0.7800741195678711,momentum_factor,0.1004529818892479,volatility_factor,0.06422673165798187
2020-12-18,600029.SH,tucker,"(2, 2, 2)",cn_a,SIZE_MID,0.8217745889053107,0.6629114804430896,0.8217745889053107,0.23964454233646393,0,quality_factor,0.771336019039154,momentum_factor,0.10011398792266846,value_factor,0.06652409583330154
2020-12-18,600015.SH,tucker,"(2, 2, 2)",cn_a,SIZE_MID,0.5427910713861647,0.43786025701185777,0.5427910713861647,0.23964454233646393,1,value_factor,0.7665358781814575,volatility_factor,0.08773669600486755,quality_factor,0.08457258343696594
2020-12-18,600027.SH,tucker,"(2, 2, 2)",cn_a,SIZE_MID,0.1303369662411082,0.10514059745075631,0.1303369662411082,0.23964454233646393,1,value_factor,0.6494277715682983,quality_factor,0.21955569088459015,momentum_factor,0.07016564160585403
2020-12-18,600039.SH,tucker,"(2, 2, 2)",cn_a,SIZE_MID,0.02288734774786276,0.01846283127245706,0.02288734774786276,0.23964454233646393,1,value_factor,0.5511403679847717,quality_factor,0.33284538984298706,momentum_factor,0.07772835344076157
2020-12-18,600026.SH,tucker,"(2, 2, 2)",cn_a,SIZE_MID,-0.07000226842098546,-0.05646963050432931,-0.07000226842098546,0.23964454233646393,0,quality_factor,0.5869421362876892,value_factor,0.30451270937919617,momentum_factor,0.09296051412820816
2020-12-18,600021.SH,tucker,"(2, 2, 2)",cn_a,SIZE_MID,-0.11026534921573769,-0.08894916790692037,-0.11026534921573769,0.23964454233646393,0,quality_factor,0.5975004434585571,value_factor,0.2587711811065674,volatility_factor,0.08668474853038788
2020-12-18,600048.SH,tucker,"(2, 2, 2)",cn_a,SIZE_MID,-0.19397684747259597,-0.15647779922355173,-0.19397684747259597,0.23964454233646393,1,value_factor,0.4901300370693207,quality_factor,0.39599689841270447,volatility_factor,0.09712497889995575
2020-12-18,600066.SH,tucker,"(2, 2, 2)",cn_a,SIZE_MID,-0.3034866742341007,-0.24481750011189374,-0.3034866742341007,0.23964454233646393,1,value_factor,0.6821104288101196,quality_factor,0.19427534937858582,volatility_factor,0.10264210402965546
2020-12-18,600085.SH,tucker,"(2, 2, 2)",cn_a,SIZE_MID,-0.4427569229812832,-0.35716442349590477,-0.4427569229812832,0.23964454233646393,1,value_factor,0.7230995297431946,quality_factor,0.14381128549575806,volatility_factor,0.10314595699310303
2020-12-18,600009.SH,tucker,"(2, 2, 2)",cn_a,SIZE_MID,-0.4720268845151446,-0.380775999948727,-0.4720268845151446,0.23964454233646393,1,value_factor,0.716857373714447,quality_factor,0.15149632096290588,volatility_factor,0.10306922346353531
2020-12-21,600010.SH,tucker,"(2, 2, 2)",cn_a,SIZE_MID,0.8458351710077914,0.7440245476370779,0.8458351710077914,0.1368376910686493,0,quality_factor,0.76546311378479,momentum_factor,0.0906318724155426,volatility_factor,0.07798231393098831
2020-12-21,600115.SH,tucker,"(2, 2, 2)",cn_a,SIZE_MID,0.7548203391094163,0.6639648960021503,0.7548203391094163,0.1368376910686493,0,quality_factor,0.7800924181938171,momentum_factor,0.1004536896944046,volatility_factor,0.06423133611679077
2020-12-21,600029.SH,tucker,"(2, 2, 2)",cn_a,SIZE_MID,0.7431495964911158,0.653698925403146,0.7431495964911158,0.1368376910686493,0,quality_factor,0.7713794112205505,momentum_factor,0.10011567175388336,value_factor,0.0664680153131485
2020-12-21,600015.SH,tucker,"(2, 2, 2)",cn_a,SIZE_MID,0.4891176560147502,0.4302440419024976,0.4891176560147502,0.1368376910686493,1,value_factor,0.7663128972053528,volatility_factor,0.0876854881644249,quality_factor,0.08482969552278519
2020-12-21,600027.SH,tucker,"(2, 2, 2)",cn_a,SIZE_MID,0.11724755665567063,0.10313482259002026,0.11724755665567063,0.1368376910686493,1,value_factor,0.648982048034668,quality_factor,0.22006946802139282,momentum_factor,0.07019994407892227
2020-12-21,600039.SH,tucker,"(2, 2, 2)",cn_a,SIZE_MID,0.020434318791345323,0.017974701592140933,0.020434318791345323,0.1368376910686493,1,value_factor,0.5505866408348083,quality_factor,0.33348357677459717,momentum_factor,0.07777094841003418
2020-12-21,600026.SH,tucker,"(2, 2, 2)",cn_a,SIZE_MID,-0.06341588090089653,-0.055782702963366994,-0.06341588090089653,0.1368376910686493,0,quality_factor,0.5873855352401733,value_factor,0.3039403557777405,momentum_factor,0.09297771751880646
2020-12-21,600021.SH,tucker,"(2, 2, 2)",cn_a,SIZE_MID,-0.09962228118334404,-0.08763104826168143,-0.09962228118334404,0.1368376910686493,0,quality_factor,0.5980481505393982,value_factor,0.25814229249954224,volatility_factor,0.0866563618183136
2020-12-21,600048.SH,tucker,"(2, 2, 2)",cn_a,SIZE_MID,-0.17513350880013506,-0.15405321760959786,-0.17513350880013506,0.1368376910686493,1,value_factor,0.4894111156463623,quality_factor,0.39662304520606995,volatility_factor,0.09709253162145615
2020-12-21,600066.SH,tucker,"(2, 2, 2)",cn_a,SIZE_MID,-0.2738155315463952,-0.24085718350075105,-0.2738155315463952,0.1368376910686493,1,value_factor,0.6817439794540405,quality_factor,0.19472654163837433,volatility_factor,0.10263760387897491
2020-12-21,600085.SH,tucker,"(2, 2, 2)",cn_a,SIZE_MID,-0.39939599661797787,-0.3513219075031979,-0.39939599661797787,0.1368376910686493,1,value_factor,0.722819983959198,quality_factor,0.14415542781352997,volatility_factor,0.10314252227544785
2020-12-21,600009.SH,tucker,"(2, 2, 2)",cn_a,SIZE_MID,-0.4258116581241921,-0.3745579956635875,-0.4258116581241921,0.1368376910686493,1,value_factor,0.7165639400482178,quality_factor,0.1518576741218567,volatility_factor,0.10306563228368759
2020-12-22,600010.SH,tucker,"(2, 2, 2)",cn_a,SIZE_MID,1.1439612953452256,0.7146664882644785,1.1439612953452256,0.6006925106048584,0,quality_factor,0.7611703872680664,momentum_factor,0.08977343142032623,volatility_factor,0.07820472866296768
2020-12-22,600115.SH,tucker,"(2, 2, 2)",cn_a,SIZE_MID,1.0151343275842697,0.6341844675718998,1.0151343275842697,0.6006925106048584,0,quality_factor,0.7797983288764954,momentum_factor,0.10044227540493011,volatility_factor,0.06415726989507675
2020-12-22,600029.SH,tucker,"(2, 2, 2)",cn_a,SIZE_MID,0.9988054842402879,0.6239833557182487,0.9988054842402879,0.6006925106048584,0,quality_factor,0.7706809639930725,momentum_factor,0.10008857399225235,value_factor,0.06736951321363449
2020-12-22,600015.SH,tucker,"(2, 2, 2)",cn_a,SIZE_MID,0.6950623008028124,0.434225996684502,0.6950623008028124,0.6006925106048584,1,value_factor,0.7697640061378479,volatility_factor,0.08847781270742416,quality_factor,0.08085176348686218
2020-12-22,600027.SH,tucker,"(2, 2, 2)",cn_a,SIZE_MID,0.17098467496655745,0.10681918846608894,0.17098467496655745,0.6006925106048584,1,value_factor,0.6559223532676697,quality_factor,0.21206986904144287,momentum_factor,0.06966592371463776
2020-12-22,600039.SH,tucker,"(2, 2, 2)",cn_a,SIZE_MID,0.03316199128510175,0.02071727771911092,0.03316199128510175,0.6006925106048584,1,value_factor,0.559253990650177,quality_factor,0.32349327206611633,momentum_factor,0.07710403949022293
2020-12-22,600026.SH,tucker,"(2, 2, 2)",cn_a,SIZE_MID,-0.08282444620285263,-0.05174288356703532,-0.08282444620285263,0.6006925106048584,0,quality_factor,0.5803291201591492,value_factor,0.31304773688316345,momentum_factor,0.09270396083593369
2020-12-22,600021.SH,tucker,"(2, 2, 2)",cn_a,SIZE_MID,-0.13591143474103273,-0.08490789695122361,-0.13591143474103273,0.6006925106048584,0,quality_factor,0.5893582701683044,value_factor,0.2681196630001068,volatility_factor,0.0871066078543663
2020-12-22,600048.SH,tucker,"(2, 2, 2)",cn_a,SIZE_MID,-0.2415341180522869,-0.15089351418344407,-0.2415341180522869,0.6006925106048584,1,value_factor,0.5006996989250183,quality_factor,0.3867911994457245,volatility_factor,0.09760195016860962
2020-12-22,600066.SH,tucker,"(2, 2, 2)",cn_a,SIZE_MID,-0.38174528647695094,-0.23848758206077925,-0.38174528647695094,0.6006925106048584,1,value_factor,0.6874284744262695,quality_factor,0.18772809207439423,volatility_factor,0.10270749032497406
2020-12-22,600085.SH,tucker,"(2, 2, 2)",cn_a,SIZE_MID,-0.5584242109700875,-0.3488641367848183,-0.5584242109700875,0.6006925106048584,1,value_factor,0.727147102355957,quality_factor,0.13882802426815033,volatility_factor,0.10319571197032928
2020-12-22,600009.SH,tucker,"(2, 2, 2)",cn_a,SIZE_MID,-0.5950926177148682,-0.3717719760492906,-0.5950926177148682,0.6006925106048584,1,value_factor,0.7211084961891174,quality_factor,0.1462624967098236,volatility_factor,0.10312148928642273
2020-12-23,600010.SH,tucker,"(2, 2, 2)",cn_a,SIZE_MID,0.9585960671014748,0.7287240847961338,0.9585960671014748,0.3154444694519043,0,quality_factor,0.7635627388954163,momentum_factor,0.09025183320045471,volatility_factor,0.07808078825473785
2020-12-23,600115.SH,tucker,"(2, 2, 2)",cn_a,SIZE_MID,0.8533216989719217,0.6486945810243654,0.8533216989719217,0.3154444694519043,0,quality_factor,0.7799625992774963,momentum_factor,0.10044865310192108,volatility_factor,0.06419864296913147
2020-12-23,600029.SH,tucker,"(2, 2, 2)",cn_a,SIZE_MID,0.8398931244912444,0.6384861877454971,0.8398931244912444,0.3154444694519043,0,quality_factor,0.7710710167884827,momentum_factor,0.1001036986708641,value_factor,0.06686604022979736
2020-12-23,600015.SH,tucker,"(2, 2, 2)",cn_a,SIZE_MID,0.5667654114894027,0.4308546842160143,0.5667654114894027,0.3154444694519043,1,value_factor,0.7678715586662292,volatility_factor,0.08804332464933395,quality_factor,0.08303315937519073
2020-12-23,600027.SH,tucker,"(2, 2, 2)",cn_a,SIZE_MID,0.13748123306552082,0.10451314081148863,0.13748123306552082,0.3154444694519043,1,value_factor,0.6521047949790955,quality_factor,0.21647003293037415,momentum_factor,0.06995965540409088
2020-12-23,600039.SH,tucker,"(2, 2, 2)",cn_a,SIZE_MID,0.025207631410492978,0.019162824426177442,0.025207631410492978,0.3154444694519043,1,value_factor,0.5544743537902832,quality_factor,0.32900258898735046,momentum_factor,0.07747182250022888
2020-12-23,600026.SH,tucker,"(2, 2, 2)",cn_a,SIZE_MID,-0.07077850655889278,-0.053805773031516485,-0.07077850655889278,0.3154444694519043,0,quality_factor,0.5842511653900146,value_factor,0.30798590183258057,momentum_factor,0.09285612404346466
2020-12-23,600021.SH,tucker,"(2, 2, 2)",cn_a,SIZE_MID,-0.11333934455204968,-0.08616049341807175,-0.11333934455204968,0.3154444694519043,0,quality_factor,0.59418123960495,value_factor,0.2625821828842163,volatility_factor,0.08685671538114548
2020-12-23,600048.SH,tucker,"(2, 2, 2)",cn_a,SIZE_MID,-0.2002139366521505,-0.15220249984065998,-0.2002139366521505,0.3154444694519043,1,value_factor,0.4944652318954468,quality_factor,0.3922211527824402,volatility_factor,0.09732060879468918
2020-12-23,600066.SH,tucker,"(2, 2, 2)",cn_a,SIZE_MID,-0.31455391420512063,-0.23912367379231392,-0.31455391420512063,0.3154444694519043,1,value_factor,0.6843073964118958,quality_factor,0.19157059490680695,volatility_factor,0.1026691198348999
2020-12-23,600085.SH,tucker,"(2, 2, 2)",cn_a,SIZE_MID,-0.45941110393387136,-0.34924401189302234,-0.45941110393387136,0.3154444694519043,1,value_factor,0.7247735857963562,quality_factor,0.1417502611875534,volatility_factor,0.10316653549671173
2020-12-23,600009.SH,tucker,"(2, 2, 2)",cn_a,SIZE_MID,-0.4896977429969034,-0.37226789451700826,-0.4896977429969034,0.3154444694519043,1,value_factor,0.7186152935028076,quality_factor,0.14933206140995026,volatility_factor,0.10309083759784698
2020-12-24,600010.SH,tucker,"(2, 2, 2)",cn_a,SIZE_MID,0.8595354492208911,0.7360904155924859,0.8595354492208911,0.16770367324352264,0,quality_factor,0.7648049592971802,momentum_factor,0.09050025790929794,volatility_factor,0.07801642268896103
2020-12-24,600115.SH,tucker,"(2, 2, 2)",cn_a,SIZE_MID,0.7663862790204644,0.6563191723388448,0.7663862790204644,0.16770367324352264,0,quality_factor,0.7800474762916565,momentum_factor,0.10045193880796432,volatility_factor,0.06422002613544464
2020-12-24,600029.SH,tucker,"(2, 2, 2)",cn_a,SIZE_MID,0.7544637903828988,0.6461089714401185,0.7544637903828988,0.16770367324352264,0,quality_factor,0.7712727785110474,momentum_factor,0.10011152923107147,value_factor,0.06660567224025726
2020-12-24,600015.SH,tucker,"(2, 2, 2)",cn_a,SIZE_MID,0.5009032695980629,0.4289643856158383,0.5009032695980629,0.16770367324352264,1,value_factor,0.7668583989143372,volatility_factor,0.08781073242425919,quality_factor,0.084200918674469
2020-12-24,600027.SH,tucker,"(2, 2, 2)",cn_a,SIZE_MID,0.12057589140021839,0.10325898494549723,0.12057589140021839,0.16770367324352264,1,value_factor,0.6500728130340576,quality_factor,0.21881218254566193,momentum_factor,0.07011601328849792
2020-12-24,600039.SH,tucker,"(2, 2, 2)",cn_a,SIZE_MID,0.021401557866969945,0.018327902169601003,0.021401557866969945,0.16770367324352264,1,value_factor,0.5519423484802246,quality_factor,0.3319210112094879,momentum_factor,0.07766664028167725
2020-12-24,600026.SH,tucker,"(2, 2, 2)",cn_a,SIZE_MID,-0.06410412785199719,-0.054897600971014836,-0.06410412785199719,0.16770367324352264,0,quality_factor,0.5862981081008911,value_factor,0.3053439259529114,momentum_factor,0.09293553233146667
2020-12-24,600021.SH,tucker,"(2, 2, 2)",cn_a,SIZE_MID,-0.10137130822466972,-0.08681253166217581,-0.10137130822466972,0.16770367324352264,0,quality_factor,0.5967053174972534,value_factor,0.25968411564826965,volatility_factor,0.08672594279050827
2020-12-24,600048.SH,tucker,"(2, 2, 2)",cn_a,SIZE_MID,-0.1785082489530204,-0.15287119487348547,-0.1785082489530204,0.16770367324352264,1,value_factor,0.49117183685302734,quality_factor,0.3950895071029663,volatility_factor,0.09717199206352234
2020-12-24,600066.SH,tucker,"(2, 2, 2)",cn_a,SIZE_MID,-0.27956563286827746,-0.2394148875068701,-0.27956563286827746,0.16770367324352264,1,value_factor,0.6826404333114624,quality_factor,0.19362285733222961,volatility_factor,0.10264862328767776
2020-12-24,600085.SH,tucker,"(2, 2, 2)",cn_a,SIZE_MID,-0.4079673438519932,-0.34937576100715567,-0.4079673438519932,0.16770367324352264,1,value_factor,0.723503589630127,quality_factor,0.14331378042697906,volatility_factor,0.10315092653036118
2020-12-24,600009.SH,tucker,"(2, 2, 2)",cn_a,SIZE_MID,-0.43491936434337974,-0.3724569777068796,-0.43491936434337974,0.16770367324352264,1,value_factor,0.717281699180603,quality_factor,0.15097394585609436,volatility_factor,0.10307443886995316
2020-12-25,600010.SH,tucker,"(2, 2, 2)",cn_a,SIZE_MID,0.8605831435315888,0.738245433015739,0.8605831435315888,0.16571417450904846,0,quality_factor,0.7662099003791809,momentum_factor,0.09078121185302734,volatility_factor,0.07794362306594849
2020-12-25,600115.SH,tucker,"(2, 2, 2)",cn_a,SIZE_MID,0.7687311789181649,0.6594508459975534,0.7687311789181649,0.16571417450904846,0,quality_factor,0.7801432013511658,momentum_factor,0.10045564919710159,volatility_factor,0.06424413621425629
2020-12-25,600029.SH,tucker,"(2, 2, 2)",cn_a,SIZE_MID,0.7569281738638315,0.6493257178879491,0.7569281738638315,0.16571417450904846,0,quality_factor,0.7715002298355103,momentum_factor,0.10012035816907883,value_factor,0.06631206721067429
2020-12-25,600015.SH,tucker,"(2, 2, 2)",cn_a,SIZE_MID,0.49325799345087035,0.42313803576173104,0.49325799345087035,0.16571417450904846,1,value_factor,0.7656863927841187,volatility_factor,0.08754166960716248,quality_factor,0.08555176854133606
2020-12-25,600027.SH,tucker,"(2, 2, 2)",cn_a,SIZE_MID,0.11766852773156436,0.10094115119549121,0.11766852773156436,0.16571417450904846,1,value_factor,0.6477323174476624,quality_factor,0.22151002287864685,momentum_factor,0.07029610872268677
2020-12-25,600039.SH,tucker,"(2, 2, 2)",cn_a,SIZE_MID,0.02006793704134411,0.017215144152165077,0.02006793704134411,0.16571417450904846,1,value_factor,0.5490363836288452,quality_factor,0.3352705240249634,momentum_factor,0.07789023965597153
2020-12-25,600026.SH,tucker,"(2, 2, 2)",cn_a,SIZE_MID,-0.06490655347776307,-0.0556796481989094,-0.06490655347776307,0.16571417450904846,0,quality_factor,0.588621973991394,value_factor,0.3023446798324585,momentum_factor,0.09302568435668945
2020-12-25,600021.SH,tucker,"(2, 2, 2)",cn_a,SIZE_MID,-0.10120549125944449,-0.08681844663119025,-0.10120549125944449,0.16571417450904846,0,quality_factor,0.5995765328407288,value_factor,0.2563875615596771,volatility_factor,0.08657718449831009
2020-12-25,600048.SH,tucker,"(2, 2, 2)",cn_a,SIZE_MID,-0.17757601386058738,-0.15233238325787193,-0.17757601386058738,0.16571417450904846,1,value_factor,0.4873998761177063,quality_factor,0.3983747959136963,volatility_factor,0.09700178354978561
2020-12-25,600066.SH,tucker,"(2, 2, 2)",cn_a,SIZE_MID,-0.2770961510345515,-0.2377050602781046,-0.2770961510345515,0.16571417450904846,1,value_factor,0.6807154417037964,quality_factor,0.19599281251430511,volatility_factor,0.10262496024370193
2020-12-25,600085.SH,tucker,"(2, 2, 2)",cn_a,SIZE_MID,-0.40397214430885625,-0.3465447735563754,-0.40397214430885625,0.16571417450904846,1,value_factor,0.7220351099967957,quality_factor,0.1451217234134674,volatility_factor,0.10313287377357483
2020-12-25,600009.SH,tucker,"(2, 2, 2)",cn_a,SIZE_MID,-0.4307251574844053,-0.3694946650859834,-0.4307251574844053,0.16571417450904846,1,value_factor,0.715739905834198,quality_factor,0.15287214517593384,volatility_factor,0.10305549204349518
2020-12-28,600010.SH,tucker,"(2, 2, 2)",cn_a,SIZE_MID,0.9313825464702411,0.7251000509027493,0.9313825464702411,0.284488320350647,0,quality_factor,0.7641615867614746,momentum_factor,0.09037160128355026,volatility_factor,0.07804975658655167
2020-12-28,600115.SH,tucker,"(2, 2, 2)",cn_a,SIZE_MID,0.8297478767566112,0.6459754157438363,0.8297478767566112,0.284488320350647,0,quality_factor,0.7800034880638123,momentum_factor,0.10045024007558823,volatility_factor,0.06420896202325821
2020-12-28,600029.SH,tucker,"(2, 2, 2)",cn_a,SIZE_MID,0.8167623747254463,0.6358659411573956,0.8167623747254463,0.284488320350647,0,quality_factor,0.7711683511734009,momentum_factor,0.10010748356580734,value_factor,0.06674042344093323
2020-12-28,600015.SH,tucker,"(2, 2, 2)",cn_a,SIZE_MID,0.546865408656637,0.4257457230186029,0.546865408656637,0.284488320350647,1,value_factor,0.767385721206665,volatility_factor,0.0879318043589592,quality_factor,0.08359307050704956
2020-12-28,600027.SH,tucker,"(2, 2, 2)",cn_a,SIZE_MID,0.1321686857726536,0.10289598097441122,0.1321686857726536,0.284488320350647,1,value_factor,0.6511295437812805,quality_factor,0.2175942063331604,momentum_factor,0.0700347051024437
2020-12-28,600039.SH,tucker,"(2, 2, 2)",cn_a,SIZE_MID,0.023864497004924327,0.01857899104789809,0.023864497004924327,0.284488320350647,1,value_factor,0.5532580614089966,quality_factor,0.3304045498371124,momentum_factor,0.07756541669368744
2020-12-28,600026.SH,tucker,"(2, 2, 2)",cn_a,SIZE_MID,-0.06910344561239745,-0.05379842270074764,-0.06910344561239745,0.284488320350647,0,quality_factor,0.5852370858192444,value_factor,0.306713342666626,momentum_factor,0.09289436787366867
2020-12-28,600021.SH,tucker,"(2, 2, 2)",cn_a,SIZE_MID,-0.10998821036469482,-0.08562803462056362,-0.10998821036469482,0.284488320350647,0,quality_factor,0.5953963994979858,value_factor,0.26118695735931396,volatility_factor,0.08679375797510147
2020-12-28,600048.SH,tucker,"(2, 2, 2)",cn_a,SIZE_MID,-0.1939994245106958,-0.1510324550539601,-0.1939994245106958,0.284488320350647,1,value_factor,0.4928823709487915,quality_factor,0.3935997784137726,volatility_factor,0.09724918752908707
2020-12-28,600066.SH,tucker,"(2, 2, 2)",cn_a,SIZE_MID,-0.3043271109471543,-0.2369247786263073,-0.3043271109471543,0.284488320350647,1,value_factor,0.6835078597068787,quality_factor,0.1925550103187561,volatility_factor,0.10265929996967316
2020-12-28,600085.SH,tucker,"(2, 2, 2)",cn_a,SIZE_MID,-0.44429559700199617,-0.345893061044502,-0.44429559700199617,0.284488320350647,1,value_factor,0.724164605140686,quality_factor,0.14250001311302185,volatility_factor,0.10315905511379242
2020-12-28,600009.SH,tucker,"(2, 2, 2)",cn_a,SIZE_MID,-0.47361542558682806,-0.36871913748311685,-0.47361542558682806,0.284488320350647,1,value_factor,0.7179757952690125,quality_factor,0.15011942386627197,volatility_factor,0.10308297723531723
2020-12-29,600010.SH,tucker,"(2, 2, 2)",cn_a,SIZE_MID,1.141066214274309,0.7056169017965287,1.141066214274309,0.6171185970306396,0,quality_factor,0.7590055465698242,momentum_factor,0.08934051543474197,volatility_factor,0.07831689715385437
2020-12-29,600115.SH,tucker,"(2, 2, 2)",cn_a,SIZE_MID,1.009679246708148,0.6243693248980782,1.009679246708148,0.6171185970306396,0,quality_factor,0.7796488404273987,momentum_factor,0.10043647885322571,volatility_factor,0.0641196146607399
2020-12-29,600029.SH,tucker,"(2, 2, 2)",cn_a,SIZE_MID,0.9931175648031013,0.6141278485243248,0.9931175648031013,0.6171185970306396,0,quality_factor,0.7703261375427246,momentum_factor,0.10007481276988983,value_factor,0.06782747805118561
2020-12-29,600015.SH,tucker,"(2, 2, 2)",cn_a,SIZE_MID,0.7101926111553745,0.43917163061474485,0.7101926111553745,0.6171185970306396,1,value_factor,0.7714133858680725,volatility_factor,0.08885647356510162,quality_factor,0.07895068824291229
2020-12-29,600027.SH,tucker,"(2, 2, 2)",cn_a,SIZE_MID,0.17680035050788054,0.10933047881121528,0.17680035050788054,0.6171185970306396,1,value_factor,0.6592724919319153,quality_factor,0.20820830762386322,momentum_factor,0.06940814107656479
2020-12-29,600039.SH,tucker,"(2, 2, 2)",cn_a,SIZE_MID,0.03585968352161075,0.022175048625039908,0.03585968352161075,0.6171185970306396,1,value_factor,0.5634735226631165,quality_factor,0.3186296820640564,momentum_factor,0.07677937299013138
2020-12-29,600026.SH,tucker,"(2, 2, 2)",cn_a,SIZE_MID,-0.08113312703294445,-0.05017141425614761,-0.08113312703294445,0.6171185970306396,0,quality_factor,0.5768027305603027,value_factor,0.31759917736053467,momentum_factor,0.09256716817617416
2020-12-29,600021.SH,tucker,"(2, 2, 2)",cn_a,SIZE_MID,-0.13615947338492063,-0.08419881735015432,-0.13615947338492063,0.6171185970306396,0,quality_factor,0.5850363373756409,value_factor,0.2730819582939148,volatility_factor,0.08733052760362625
2020-12-29,600048.SH,tucker,"(2, 2, 2)",cn_a,SIZE_MID,-0.24327509629244343,-0.15043738705321072,-0.24327509629244343,0.6171185970306396,1,value_factor,0.5062224864959717,quality_factor,0.38198110461235046,volatility_factor,0.09785117208957672
2020-12-29,600066.SH,tucker,"(2, 2, 2)",cn_a,SIZE_MID,-0.3865282371081083,-0.23902281367479983,-0.3865282371081083,0.6171185970306396,1,value_factor,0.6901560425758362,quality_factor,0.1843699812889099,volatility_factor,0.10274101793766022
2020-12-29,600085.SH,tucker,"(2, 2, 2)",cn_a,SIZE_MID,-0.5662014428739892,-0.3501298197384229,-0.5662014428739892,0.6171185970306396,1,value_factor,0.729216992855072,quality_factor,0.13627967238426208,volatility_factor,0.10322115570306778
2020-12-29,600009.SH,tucker,"(2, 2, 2)",cn_a,SIZE_MID,-0.6032513765199816,-0.37304089980022154,-0.6032513765199816,0.6171185970306396,1,value_factor,0.7232834696769714,quality_factor,0.14358481764793396,volatility_factor,0.10314822196960449
2020-12-30,600010.SH,tucker,"(2, 2, 2)",cn_a,SIZE_MID,0.7614406540947556,0.6990284693016573,0.7614406540947556,0.08928420394659042,0,quality_factor,0.7592721581459045,momentum_factor,0.08939383178949356,volatility_factor,0.07830308377742767
2020-12-30,600115.SH,tucker,"(2, 2, 2)",cn_a,SIZE_MID,0.674002573581197,0.6187573316215541,0.674002573581197,0.08928420394659042,0,quality_factor,0.7796672582626343,momentum_factor,0.10043719410896301,volatility_factor,0.06412427127361298
2020-12-30,600029.SH,tucker,"(2, 2, 2)",cn_a,SIZE_MID,0.6629733988745165,0.6086321733818261,0.6629733988745165,0.08928420394659042,0,quality_factor,0.7703699469566345,momentum_factor,0.10007651150226593,value_factor,0.06777094304561615
2020-12-30,600015.SH,tucker,"(2, 2, 2)",cn_a,SIZE_MID,0.47252747198332384,0.4337963223623466,0.47252747198332384,0.08928420394659042,1,value_factor,0.7712132930755615,volatility_factor,0.08881054073572159,quality_factor,0.0791812315583229
2020-12-30,600027.SH,tucker,"(2, 2, 2)",cn_a,SIZE_MID,0.11746628679604676,0.10783805436709949,0.11746628679604676,0.08928420394659042,1,value_factor,0.6588650345802307,quality_factor,0.20867794752120972,momentum_factor,0.06943949311971664
2020-12-30,600039.SH,tucker,"(2, 2, 2)",cn_a,SIZE_MID,0.023700707657243025,0.021758057316633588,0.023700707657243025,0.08928420394659042,1,value_factor,0.5629591345787048,quality_factor,0.319222629070282,momentum_factor,0.07681895047426224
2020-12-30,600026.SH,tucker,"(2, 2, 2)",cn_a,SIZE_MID,-0.054262461018013276,-0.04981478840403817,-0.054262461018013276,0.08928420394659042,0,quality_factor,0.5772359371185303,value_factor,0.3170400559902191,momentum_factor,0.09258396923542023
2020-12-30,600021.SH,tucker,"(2, 2, 2)",cn_a,SIZE_MID,-0.0908114023903325,-0.08336796212111813,-0.0908114023903325,0.08928420394659042,0,quality_factor,0.585566520690918,value_factor,0.27247321605682373,volatility_factor,0.0873030498623848
2020-12-30,600048.SH,tucker,"(2, 2, 2)",cn_a,SIZE_MID,-0.1621456159870318,-0.14885520117406856,-0.1621456159870318,0.08928420394659042,1,value_factor,0.5055482387542725,quality_factor,0.382568359375,volatility_factor,0.09782074391841888
2020-12-30,600066.SH,tucker,"(2, 2, 2)",cn_a,SIZE_MID,-0.2574600755616439,-0.2363571232483061,-0.2574600755616439,0.08928420394659042,1,value_factor,0.6898248791694641,quality_factor,0.18477769196033478,volatility_factor,0.1027369424700737
2020-12-30,600085.SH,tucker,"(2, 2, 2)",cn_a,SIZE_MID,-0.37707420664018676,-0.3461669718622948,-0.37707420664018676,0.08928420394659042,1,value_factor,0.7289659380912781,quality_factor,0.13658881187438965,volatility_factor,0.10321807116270065
2020-12-30,600009.SH,tucker,"(2, 2, 2)",cn_a,SIZE_MID,-0.40175886452852266,-0.36882832902273244,-0.40175886452852266,0.08928420394659042,1,value_factor,0.7230195999145508,quality_factor,0.14390966296195984,volatility_factor,0.10314497351646423
2020-12-31,600010.SH,tucker,"(2, 2, 2)",cn_a,SIZE_MID,0.8352525822865287,0.7116798012455687,0.8352525822865287,0.17363539338111877,0,quality_factor,0.7587196826934814,momentum_factor,0.08928336203098297,volatility_factor,0.07833170145750046
2020-12-31,600115.SH,tucker,"(2, 2, 2)",cn_a,SIZE_MID,0.7387992752982819,0.6294964332409364,0.7387992752982819,0.17363539338111877,0,quality_factor,0.7796290516853333,momentum_factor,0.10043571144342422,volatility_factor,0.06411463767290115
2020-12-31,600029.SH,tucker,"(2, 2, 2)",cn_a,SIZE_MID,0.7266497388636095,0.6191443794329934,0.7266497388636095,0.17363539338111877,0,quality_factor,0.7702791094779968,momentum_factor,0.10007298737764359,value_factor,0.06788809597492218
2020-12-31,600015.SH,tucker,"(2, 2, 2)",cn_a,SIZE_MID,0.5214885553790083,0.44433609582862255,0.5214885553790083,0.17363539338111877,1,value_factor,0.7716267108917236,volatility_factor,0.0889054611325264,quality_factor,0.07870470732450485
2020-12-31,600027.SH,tucker,"(2, 2, 2)",cn_a,SIZE_MID,0.1300205855993672,0.11078448181971279,0.1300205855993672,0.17363539338111877,1,value_factor,0.6597076058387756,quality_factor,0.20770682394504547,momentum_factor,0.06937466561794281
2020-12-31,600039.SH,tucker,"(2, 2, 2)",cn_a,SIZE_MID,0.02651790318295473,0.022594669525032893,0.02651790318295473,0.17363539338111877,1,value_factor,0.5640232563018799,quality_factor,0.3179961144924164,momentum_factor,0.07673708349466324
2020-12-31,600026.SH,tucker,"(2, 2, 2)",cn_a,SIZE_MID,-0.059245670510029776,-0.0504804748975614,-0.059245670510029776,0.17363539338111877,0,quality_factor,0.5763387680053711,value_factor,0.31819793581962585,momentum_factor,0.0925491601228714
2020-12-31,600021.SH,tucker,"(2, 2, 2)",cn_a,SIZE_MID,-0.09972501404701652,-0.08497103712257142,-0.09972501404701652,0.17363539338111877,0,quality_factor,0.5844687819480896,value_factor,0.27373358607292175,volatility_factor,0.08735992759466171
2020-12-31,600048.SH,tucker,"(2, 2, 2)",cn_a,SIZE_MID,-0.17830304957285104,-0.15192371933063348,-0.17830304957285104,0.17363539338111877,1,value_factor,0.5069433450698853,quality_factor,0.38135331869125366,volatility_factor,0.0978836938738823
2020-12-31,600066.SH,tucker,"(2, 2, 2)",cn_a,SIZE_MID,-0.28349168412285536,-0.24155005287025172,-0.28349168412285536,0.17363539338111877,1,value_factor,0.6905094385147095,quality_factor,0.18393480777740479,volatility_factor,0.10274534672498703
2020-12-31,600085.SH,tucker,"(2, 2, 2)",cn_a,SIZE_MID,-0.4153438653675675,-0.35389515198404453,-0.4153438653675675,0.17363539338111877,1,value_factor,0.7294849157333374,quality_factor,0.13594983518123627,volatility_factor,0.10322444885969162
2020-12-31,600009.SH,tucker,"(2, 2, 2)",cn_a,SIZE_MID,-0.4425100075931523,-0.377042155788315,-0.4425100075931523,0.17363539338111877,1,value_factor,0.7235650420188904,quality_factor,0.14323817193508148,volatility_factor,0.10315168648958206
