trade_date,stock_code,model,rank,market_id,universe_id,total_score,stock_score,selection_signal,time_regime_score,cluster_label,top_factor_1,top_factor_1_score,top_factor_2,top_factor_2_score,top_factor_3,top_factor_3_score
2021-10-27,600528.SH,pca,3,cn_a,INDUSTRY_C35,0.9913966925157328,0.9913966925157328,0.9913966925157328,0.0,0,quality_factor,0.4244193136692047,value_factor,0.3880019783973694,momentum_factor,0.14735016226768494
2021-10-27,600582.SH,pca,3,cn_a,INDUSTRY_C35,0.7521905156212056,0.7521905156212056,0.7521905156212056,0.0,0,quality_factor,0.39439254999160767,value_factor,0.3439396023750305,momentum_factor,0.2482222467660904
2021-10-27,603338.SH,pca,3,cn_a,INDUSTRY_C35,0.6854432662733962,0.6854432662733962,0.6854432662733962,0.0,0,volatility_factor,0.457567423582077,momentum_factor,0.326442688703537,value_factor,0.11886303126811981
2021-10-27,601717.SH,pca,3,cn_a,INDUSTRY_C35,0.4535803728906643,0.4535803728906643,0.4535803728906643,0.0,0,quality_factor,0.34407782554626465,value_factor,0.31213951110839844,momentum_factor,0.23056314885616302
2021-10-27,002837.SZ,pca,3,cn_a,INDUSTRY_C35,0.4079589115410213,0.4079589115410213,0.4079589115410213,0.0,0,momentum_factor,0.5178024172782898,volatility_factor,0.18195576965808868,quality_factor,0.17151442170143127
2021-10-27,002223.SZ,pca,3,cn_a,INDUSTRY_C35,0.23323506347777595,0.23323506347777595,0.23323506347777595,0.0,2,momentum_factor,0.7634798288345337,value_factor,0.13720981776714325,quality_factor,0.06602952629327774
2021-10-27,688425.SH,pca,3,cn_a,INDUSTRY_C35,0.1897382841161135,0.1897382841161135,0.1897382841161135,0.0,0,quality_factor,0.3525599539279938,momentum_factor,0.34287577867507935,value_factor,0.2909478545188904
2021-10-27,600031.SH,pca,3,cn_a,INDUSTRY_C35,0.10166998729424465,0.10166998729424465,0.10166998729424465,0.0,0,quality_factor,0.29417166113853455,value_factor,0.27141425013542175,momentum_factor,0.24829138815402985
2021-10-27,002432.SZ,pca,3,cn_a,INDUSTRY_C35,-0.021705700150888133,-0.021705700150888133,-0.021705700150888133,0.0,1,momentum_factor,0.512873113155365,quality_factor,0.2796860337257385,value_factor,0.2001415640115738
2021-10-27,300751.SZ,pca,3,cn_a,INDUSTRY_C35,-0.040848012050908156,-0.040848012050908156,-0.040848012050908156,0.0,0,volatility_factor,0.2955475449562073,value_factor,0.2659216821193695,quality_factor,0.25735267996788025
2021-10-27,002595.SZ,pca,3,cn_a,INDUSTRY_C35,-0.04955114136208445,-0.04955114136208445,-0.04955114136208445,0.0,0,momentum_factor,0.38601958751678467,quality_factor,0.24273788928985596,value_factor,0.20173107087612152
2021-10-27,688301.SH,pca,3,cn_a,INDUSTRY_C35,-0.12474034670027564,-0.12474034670027564,-0.12474034670027564,0.0,0,momentum_factor,0.4148590564727783,quality_factor,0.2864958941936493,value_factor,0.21360670030117035
2021-10-27,002430.SZ,pca,3,cn_a,INDUSTRY_C35,-0.1372034763265991,-0.1372034763265991,-0.1372034763265991,0.0,0,momentum_factor,0.48551568388938904,volatility_factor,0.20032276213169098,quality_factor,0.1802397519350052
2021-10-27,300003.SZ,pca,3,cn_a,INDUSTRY_C35,-0.14115862980458346,-0.14115862980458346,-0.14115862980458346,0.0,0,volatility_factor,0.4788389205932617,momentum_factor,0.1912759244441986,value_factor,0.17970827221870422
2021-10-27,601608.SH,pca,3,cn_a,INDUSTRY_C35,-0.1846824877511748,-0.1846824877511748,-0.1846824877511748,0.0,1,momentum_factor,0.5003582835197449,volatility_factor,0.3802560567855835,value_factor,0.11727499216794968
2021-10-27,601399.SH,pca,3,cn_a,INDUSTRY_C35,-0.18579524518759027,-0.18579524518759027,-0.18579524518759027,0.0,2,momentum_factor,0.692018449306488,volatility_factor,0.18857839703559875,quality_factor,0.10509295016527176
2021-10-27,002008.SZ,pca,3,cn_a,INDUSTRY_C35,-0.2476003521335694,-0.2476003521335694,-0.2476003521335694,0.0,2,volatility_factor,0.6489506363868713,momentum_factor,0.19772055745124817,quality_factor,0.13388600945472717
2021-10-27,601106.SH,pca,3,cn_a,INDUSTRY_C35,-0.2499892060506951,-0.2499892060506951,-0.2499892060506951,0.0,1,momentum_factor,0.5873900651931763,volatility_factor,0.28199851512908936,value_factor,0.1216043010354042
2021-10-27,300450.SZ,pca,3,cn_a,INDUSTRY_C35,-0.2577334429789103,-0.2577334429789103,-0.2577334429789103,0.0,0,quality_factor,0.35473698377609253,momentum_factor,0.2990214228630066,value_factor,0.2973788380622864
2021-10-27,300757.SZ,pca,3,cn_a,INDUSTRY_C35,-0.34595441751347916,-0.34595441751347916,-0.34595441751347916,0.0,0,quality_factor,0.37196341156959534,value_factor,0.3170580565929413,momentum_factor,0.1721055805683136
2021-10-27,002353.SZ,pca,3,cn_a,INDUSTRY_C35,-0.35944483111539133,-0.35944483111539133,-0.35944483111539133,0.0,0,volatility_factor,0.5030195116996765,momentum_factor,0.4349226951599121,value_factor,0.036392390727996826
2021-10-27,600499.SH,pca,3,cn_a,INDUSTRY_C35,-0.4933337946163958,-0.4933337946163958,-0.4933337946163958,0.0,0,volatility_factor,0.542134702205658,quality_factor,0.24461421370506287,value_factor,0.16682937741279602
2021-10-27,688037.SH,pca,3,cn_a,INDUSTRY_C35,-0.4978350461804711,-0.4978350461804711,-0.4978350461804711,0.0,0,momentum_factor,0.3222484886646271,volatility_factor,0.30031439661979675,value_factor,0.2255350947380066
2021-10-27,300724.SZ,pca,3,cn_a,INDUSTRY_C35,-0.503081012815066,-0.503081012815066,-0.503081012815066,0.0,1,quality_factor,0.3236880898475647,value_factor,0.2890159785747528,volatility_factor,0.26477792859077454
2021-10-27,688012.SH,pca,3,cn_a,INDUSTRY_C35,-0.6242102553194464,-0.6242102553194464,-0.6242102553194464,0.0,1,quality_factor,0.2910752296447754,value_factor,0.27202412486076355,volatility_factor,0.22986900806427002
2021-10-27,300529.SZ,pca,3,cn_a,INDUSTRY_C35,-0.6448986678174837,-0.6448986678174837,-0.6448986678174837,0.0,1,volatility_factor,0.4002072513103485,quality_factor,0.21298018097877502,momentum_factor,0.21185673773288727
2021-10-27,300604.SZ,pca,3,cn_a,INDUSTRY_C35,-0.7158920076725757,-0.7158920076725757,-0.7158920076725757,0.0,0,quality_factor,0.3211100399494171,value_factor,0.2941758632659912,volatility_factor,0.2281568944454193
2021-10-27,688617.SH,pca,3,cn_a,INDUSTRY_C35,-0.8635154608699181,-0.8635154608699181,-0.8635154608699181,0.0,1,volatility_factor,0.29662013053894043,quality_factor,0.25487345457077026,value_factor,0.2288738340139389
2021-10-28,600528.SH,pca,3,cn_a,INDUSTRY_C35,1.9393907372004517,1.056318955799052,1.9393907372004517,0.8359897136688232,0,quality_factor,0.4416464567184448,value_factor,0.3968881666660309,momentum_factor,0.1563384085893631
2021-10-28,600582.SH,pca,3,cn_a,INDUSTRY_C35,1.593601966930971,0.8679797904458334,1.593601966930971,0.8359897136688232,0,quality_factor,0.3876875042915344,value_factor,0.3309888243675232,momentum_factor,0.2373531460762024
2021-10-28,002432.SZ,pca,3,cn_a,INDUSTRY_C35,1.3375726683556524,0.7285295001369079,1.3375726683556524,0.8359897136688232,1,quality_factor,0.3850330412387848,value_factor,0.32762953639030457,momentum_factor,0.24762628972530365
2021-10-28,603338.SH,pca,3,cn_a,INDUSTRY_C35,1.0286735706544192,0.5602828616064741,1.0286735706544192,0.8359897136688232,0,volatility_factor,0.43151038885116577,momentum_factor,0.3295254409313202,value_factor,0.1281207948923111
2021-10-28,601717.SH,pca,3,cn_a,INDUSTRY_C35,0.8668545637996148,0.47214565383778534,0.8668545637996148,0.8359897136688232,0,quality_factor,0.3482266068458557,value_factor,0.31281834840774536,momentum_factor,0.24064815044403076
2021-10-28,688425.SH,pca,3,cn_a,INDUSTRY_C35,0.35194027665840905,0.19168967780060897,0.35194027665840905,0.8359897136688232,0,momentum_factor,0.35829031467437744,quality_factor,0.3406970202922821,value_factor,0.27963685989379883
2021-10-28,002223.SZ,pca,3,cn_a,INDUSTRY_C35,0.3463936514797433,0.1886686231959064,0.3463936514797433,0.8359897136688232,2,momentum_factor,0.6825871467590332,value_factor,0.18256652355194092,quality_factor,0.12360160797834396
2021-10-28,600031.SH,pca,3,cn_a,INDUSTRY_C35,0.20087210582019205,0.10940807801084743,0.20087210582019205,0.8359897136688232,0,momentum_factor,0.3518376350402832,quality_factor,0.30576691031455994,value_factor,0.25659456849098206
2021-10-28,002595.SZ,pca,3,cn_a,INDUSTRY_C35,-0.03153191417190988,-0.01717434141224041,-0.03153191417190988,0.8359897136688232,0,momentum_factor,0.3801477551460266,quality_factor,0.26239779591560364,value_factor,0.2165088802576065
2021-10-28,601608.SH,pca,3,cn_a,INDUSTRY_C35,-0.08714875647267757,-0.04746690889598171,-0.08714875647267757,0.8359897136688232,1,volatility_factor,0.45597606897354126,momentum_factor,0.42649775743484497,value_factor,0.09985143691301346
2021-10-28,002837.SZ,pca,3,cn_a,INDUSTRY_C35,-0.22348506617716657,-0.12172457422464564,-0.22348506617716657,0.8359897136688232,0,momentum_factor,0.3937114477157593,quality_factor,0.29062455892562866,value_factor,0.2194359302520752
2021-10-28,002430.SZ,pca,3,cn_a,INDUSTRY_C35,-0.24481836434691984,-0.13334408277141377,-0.24481836434691984,0.8359897136688232,0,momentum_factor,0.6101129055023193,quality_factor,0.21069039404392242,value_factor,0.12802819907665253
2021-10-28,601399.SH,pca,3,cn_a,INDUSTRY_C35,-0.29528596502121557,-0.16083203670632296,-0.29528596502121557,0.8359897136688232,2,momentum_factor,0.6558090448379517,volatility_factor,0.22422105073928833,quality_factor,0.11212179809808731
2021-10-28,300751.SZ,pca,3,cn_a,INDUSTRY_C35,-0.33770721095909484,-0.1839374199348105,-0.33770721095909484,0.8359897136688232,0,quality_factor,0.32013994455337524,value_factor,0.3056620955467224,momentum_factor,0.20454679429531097
2021-10-28,688301.SH,pca,3,cn_a,INDUSTRY_C35,-0.3466131415339784,-0.1887881718255098,-0.3466131415339784,0.8359897136688232,0,momentum_factor,0.3484792113304138,quality_factor,0.32503464818000793,value_factor,0.2612802982330322
2021-10-28,300003.SZ,pca,3,cn_a,INDUSTRY_C35,-0.4081382788480981,-0.22229878294498892,-0.4081382788480981,0.8359897136688232,0,volatility_factor,0.5348836779594421,momentum_factor,0.19666068255901337,value_factor,0.15394602715969086
2021-10-28,002008.SZ,pca,3,cn_a,INDUSTRY_C35,-0.43610834576235186,-0.23753310953517537,-0.43610834576235186,0.8359897136688232,2,volatility_factor,0.6645812392234802,momentum_factor,0.1640044003725052,quality_factor,0.14173592627048492
2021-10-28,601106.SH,pca,3,cn_a,INDUSTRY_C35,-0.5175131079276398,-0.28187146369872806,-0.5175131079276398,0.8359897136688232,1,momentum_factor,0.6232450008392334,volatility_factor,0.26211708784103394,value_factor,0.10868629813194275
2021-10-28,300450.SZ,pca,3,cn_a,INDUSTRY_C35,-0.6771910774776605,-0.36884252261111117,-0.6771910774776605,0.8359897136688232,0,quality_factor,0.3556388318538666,value_factor,0.2964521050453186,momentum_factor,0.21170248091220856
2021-10-28,002353.SZ,pca,3,cn_a,INDUSTRY_C35,-0.7951094723980459,-0.43306858773690715,-0.7951094723980459,0.8359897136688232,0,momentum_factor,0.45679375529289246,volatility_factor,0.4476814270019531,value_factor,0.0481320396065712
2021-10-28,688037.SH,pca,3,cn_a,INDUSTRY_C35,-0.8296985375886348,-0.45190805341205537,-0.8296985375886348,0.8359897136688232,0,volatility_factor,0.3240179419517517,momentum_factor,0.31255459785461426,value_factor,0.21979516744613647
2021-10-28,600499.SH,pca,3,cn_a,INDUSTRY_C35,-0.8415071429543676,-0.4583397917152814,-0.8415071429543676,0.8359897136688232,0,volatility_factor,0.4487304389476776,quality_factor,0.2247425615787506,value_factor,0.1739487498998642
2021-10-28,300604.SZ,pca,3,cn_a,INDUSTRY_C35,-1.0165859229538505,-0.5536991386092388,-1.0165859229538505,0.8359897136688232,0,value_factor,0.3302568793296814,quality_factor,0.29627883434295654,momentum_factor,0.26641419529914856
2021-10-28,300529.SZ,pca,3,cn_a,INDUSTRY_C35,-1.1512258565427476,-0.6270328466286855,-1.1512258565427476,0.8359897136688232,1,volatility_factor,0.40875768661499023,quality_factor,0.22476740181446075,momentum_factor,0.18466050922870636
2021-10-28,300757.SZ,pca,3,cn_a,INDUSTRY_C35,-1.2106125554231024,-0.6593787244068805,-1.2106125554231024,0.8359897136688232,0,volatility_factor,0.3673224151134491,quality_factor,0.2928091883659363,value_factor,0.24151456356048584
2021-10-28,300724.SZ,pca,3,cn_a,INDUSTRY_C35,-1.21869517892518,-0.6637810494536404,-1.21869517892518,0.8359897136688232,1,volatility_factor,0.31370431184768677,momentum_factor,0.2498706728219986,quality_factor,0.22947673499584198
2021-10-28,688012.SH,pca,3,cn_a,INDUSTRY_C35,-1.2229013716167527,-0.6660720169140012,-1.2229013716167527,0.8359897136688232,1,momentum_factor,0.38806959986686707,value_factor,0.26612600684165955,quality_factor,0.24372230470180511
2021-10-28,688617.SH,pca,3,cn_a,INDUSTRY_C35,-1.333774153222469,-0.7264605805210169,-1.333774153222469,0.8359897136688232,1,momentum_factor,0.3157695233821869,value_factor,0.29134103655815125,quality_factor,0.2811727523803711
2021-10-29,600528.SH,pca,3,cn_a,INDUSTRY_C35,1.3055383120033603,1.0414698516940009,1.3055383120033603,0.2535536289215088,0,quality_factor,0.43779468536376953,value_factor,0.401084840297699,momentum_factor,0.13118861615657806
2021-10-29,600582.SH,pca,3,cn_a,INDUSTRY_C35,1.0715513530158478,0.8548109377161262,1.0715513530158478,0.2535536289215088,0,quality_factor,0.3901985287666321,value_factor,0.3341832458972931,momentum_factor,0.2392958253622055
2021-10-29,002432.SZ,pca,3,cn_a,INDUSTRY_C35,0.9560346034460984,0.7626595156272811,0.9560346034460984,0.2535536289215088,1,quality_factor,0.3931935429573059,value_factor,0.33726003766059875,momentum_factor,0.22418330609798431
2021-10-29,002837.SZ,pca,3,cn_a,INDUSTRY_C35,0.7824796323429825,0.6242091397527096,0.7824796323429825,0.2535536289215088,0,momentum_factor,0.42715489864349365,volatility_factor,0.321058064699173,quality_factor,0.13142462074756622
2021-10-29,601717.SH,pca,3,cn_a,INDUSTRY_C35,0.6398009809271767,0.5103897959895243,0.6398009809271767,0.2535536289215088,0,quality_factor,0.3545280396938324,value_factor,0.3264312744140625,momentum_factor,0.19986453652381897
2021-10-29,603338.SH,pca,3,cn_a,INDUSTRY_C35,0.5305760779849311,0.42325758208000297,0.5305760779849311,0.2535536289215088,0,volatility_factor,0.5127363204956055,momentum_factor,0.22586314380168915,value_factor,0.15137901902198792
2021-10-29,688425.SH,pca,3,cn_a,INDUSTRY_C35,0.2345326560356722,0.1870942340436218,0.2345326560356722,0.2535536289215088,0,quality_factor,0.33084845542907715,momentum_factor,0.29172998666763306,value_factor,0.28765687346458435
2021-10-29,688301.SH,pca,3,cn_a,INDUSTRY_C35,0.05207493950277232,0.0415418521404424,0.05207493950277232,0.2535536289215088,0,volatility_factor,0.2733898162841797,momentum_factor,0.25319501757621765,quality_factor,0.2375044971704483
2021-10-29,002223.SZ,pca,3,cn_a,INDUSTRY_C35,-0.01908862158840287,-0.015227606659976495,-0.01908862158840287,0.2535536289215088,2,volatility_factor,0.5269544720649719,momentum_factor,0.2866738438606262,value_factor,0.14095230400562286
2021-10-29,600031.SH,pca,3,cn_a,INDUSTRY_C35,-0.026446510926742862,-0.02109723135618541,-0.026446510926742862,0.2535536289215088,0,momentum_factor,0.3011060953140259,quality_factor,0.25568515062332153,value_factor,0.23261956870555878
2021-10-29,601608.SH,pca,3,cn_a,INDUSTRY_C35,-0.09286031615259531,-0.07407765731769084,-0.09286031615259531,0.2535536289215088,1,volatility_factor,0.4451589286327362,momentum_factor,0.43769022822380066,value_factor,0.10446424037218094
2021-10-29,002595.SZ,pca,3,cn_a,INDUSTRY_C35,-0.10855531268100237,-0.08659806024764781,-0.10855531268100237,0.2535536289215088,0,volatility_factor,0.33786848187446594,momentum_factor,0.2534850239753723,value_factor,0.20455411076545715
2021-10-29,601399.SH,pca,3,cn_a,INDUSTRY_C35,-0.15363158424479215,-0.12255685014207858,-0.15363158424479215,0.2535536289215088,2,momentum_factor,0.673259437084198,volatility_factor,0.20053400099277496,quality_factor,0.12380561977624893
2021-10-29,002430.SZ,pca,3,cn_a,INDUSTRY_C35,-0.16549115232169187,-0.1320176085837442,-0.16549115232169187,0.2535536289215088,0,momentum_factor,0.47458741068840027,quality_factor,0.19477054476737976,volatility_factor,0.18324008584022522
2021-10-29,300751.SZ,pca,3,cn_a,INDUSTRY_C35,-0.2037166676106266,-0.16251133011827634,-0.2037166676106266,0.2535536289215088,0,momentum_factor,0.40462613105773926,quality_factor,0.29953622817993164,value_factor,0.22921933233737946
2021-10-29,601106.SH,pca,3,cn_a,INDUSTRY_C35,-0.25868258032500996,-0.2063594044616717,-0.25868258032500996,0.2535536289215088,1,momentum_factor,0.5787061452865601,volatility_factor,0.30560141801834106,value_factor,0.11560507118701935
2021-10-29,002008.SZ,pca,3,cn_a,INDUSTRY_C35,-0.2856714874636353,-0.2278893227004671,-0.2856714874636353,0.2535536289215088,2,volatility_factor,0.6991544961929321,quality_factor,0.1694169044494629,momentum_factor,0.0663074478507042
2021-10-29,300450.SZ,pca,3,cn_a,INDUSTRY_C35,-0.44144724506382854,-0.35215664880937436,-0.44144724506382854,0.2535536289215088,0,quality_factor,0.3096514046192169,momentum_factor,0.2650333642959595,value_factor,0.2391209900379181
2021-10-29,002353.SZ,pca,3,cn_a,INDUSTRY_C35,-0.4696509207211563,-0.3746556269197825,-0.4696509207211563,0.2535536289215088,0,momentum_factor,0.49736902117729187,volatility_factor,0.3408195972442627,quality_factor,0.09146224707365036
2021-10-29,600499.SH,pca,3,cn_a,INDUSTRY_C35,-0.510439741997291,-0.40719417998609786,-0.510439741997291,0.2535536289215088,0,volatility_factor,0.5331411957740784,quality_factor,0.2467069774866104,value_factor,0.1574559062719345
2021-10-29,300003.SZ,pca,3,cn_a,INDUSTRY_C35,-0.6120838072718324,-0.48827891615489716,-0.6120838072718324,0.2535536289215088,0,momentum_factor,0.5703982710838318,volatility_factor,0.2677875757217407,quality_factor,0.10055994987487793
2021-10-29,688037.SH,pca,3,cn_a,INDUSTRY_C35,-0.715224487693711,-0.5705575503052489,-0.715224487693711,0.2535536289215088,0,momentum_factor,0.34284257888793945,volatility_factor,0.25689634680747986,value_factor,0.23485152423381805
2021-10-29,300604.SZ,pca,3,cn_a,INDUSTRY_C35,-0.7605224846121191,-0.6066932176379501,-0.7605224846121191,0.2535536289215088,0,quality_factor,0.38271114230155945,value_factor,0.356406569480896,volatility_factor,0.15825696289539337
2021-10-29,688012.SH,pca,3,cn_a,INDUSTRY_C35,-0.8268942367597154,-0.6596400965079823,-0.8268942367597154,0.2535536289215088,1,quality_factor,0.28381335735321045,volatility_factor,0.2742655873298645,value_factor,0.25624755024909973
2021-10-29,300757.SZ,pca,3,cn_a,INDUSTRY_C35,-0.8272985690435746,-0.6599626453599264,-0.8272985690435746,0.2535536289215088,0,volatility_factor,0.34793880581855774,quality_factor,0.2923963963985443,value_factor,0.2456618696451187
2021-10-29,300529.SZ,pca,3,cn_a,INDUSTRY_C35,-0.8391300562664962,-0.6694010028022808,-0.8391300562664962,0.2535536289215088,1,volatility_factor,0.3396526873111725,momentum_factor,0.27845335006713867,quality_factor,0.20158252120018005
2021-10-29,688617.SH,pca,3,cn_a,INDUSTRY_C35,-1.0985385381251456,-0.8763394822368071,-1.0985385381251456,0.2535536289215088,1,momentum_factor,0.46344587206840515,value_factor,0.2389552891254425,quality_factor,0.20513290166854858
2021-10-29,300724.SZ,pca,3,cn_a,INDUSTRY_C35,-1.1021896043242307,-0.8792520550337335,-1.1021896043242307,0.2535536289215088,1,momentum_factor,0.42695581912994385,volatility_factor,0.2690712809562683,value_factor,0.1560276448726654
2021-11-01,600528.SH,pca,3,cn_a,INDUSTRY_C35,1.6010419587098164,0.9865340953988895,1.6010419587098164,0.6228957772254944,0,quality_factor,0.41473832726478577,value_factor,0.3949172794818878,volatility_factor,0.10399772971868515
2021-11-01,002837.SZ,pca,3,cn_a,INDUSTRY_C35,1.3732126125072799,0.8461496309327855,1.3732126125072799,0.6228957772254944,0,volatility_factor,0.40930017828941345,momentum_factor,0.3682846426963806,value_factor,0.11577372252941132
2021-11-01,600582.SH,pca,3,cn_a,INDUSTRY_C35,1.2564900330856295,0.7742272158605683,1.2564900330856295,0.6228957772254944,0,quality_factor,0.38846978545188904,value_factor,0.3471616208553314,momentum_factor,0.21560236811637878
2021-11-01,002432.SZ,pca,3,cn_a,INDUSTRY_C35,1.1480526518733154,0.7074099952376177,1.1480526518733154,0.6228957772254944,1,quality_factor,0.40606382489204407,value_factor,0.36364874243736267,momentum_factor,0.196280837059021
2021-11-01,603338.SH,pca,3,cn_a,INDUSTRY_C35,0.9550146378501719,0.5884633420872012,0.9550146378501719,0.6228957772254944,0,volatility_factor,0.5154803991317749,momentum_factor,0.26143068075180054,value_factor,0.1305440366268158
2021-11-01,601717.SH,pca,3,cn_a,INDUSTRY_C35,0.7636667136928635,0.4705580927974793,0.7636667136928635,0.6228957772254944,0,quality_factor,0.33721113204956055,value_factor,0.3265739381313324,volatility_factor,0.19122424721717834
2021-11-01,002223.SZ,pca,3,cn_a,INDUSTRY_C35,0.5417116988025058,0.3337932887004288,0.5417116988025058,0.6228957772254944,2,momentum_factor,0.48953771591186523,volatility_factor,0.3970535695552826,quality_factor,0.06076546758413315
2021-11-01,600499.SH,pca,3,cn_a,INDUSTRY_C35,0.291681076527804,0.1797287856273389,0.291681076527804,0.6228957772254944,0,momentum_factor,0.3756650686264038,volatility_factor,0.28874167799949646,quality_factor,0.17230772972106934
2021-11-01,688425.SH,pca,3,cn_a,INDUSTRY_C35,0.19782707069515065,0.12189758623872848,0.19782707069515065,0.6228957772254944,0,quality_factor,0.2902597188949585,value_factor,0.2809388041496277,volatility_factor,0.2337704449892044
2021-11-01,600031.SH,pca,3,cn_a,INDUSTRY_C35,-0.025730631460567456,-0.01585476576294645,-0.025730631460567456,0.6228957772254944,0,volatility_factor,0.259458988904953,quality_factor,0.2505081593990326,momentum_factor,0.24946078658103943
2021-11-01,300751.SZ,pca,3,cn_a,INDUSTRY_C35,-0.1560781118774501,-0.09617260689199378,-0.1560781118774501,0.6228957772254944,0,momentum_factor,0.31481900811195374,quality_factor,0.2963174283504486,value_factor,0.2636098861694336
2021-11-01,300450.SZ,pca,3,cn_a,INDUSTRY_C35,-0.22248133688307814,-0.13708911451761902,-0.22248133688307814,0.6228957772254944,0,momentum_factor,0.3509308099746704,quality_factor,0.32427912950515747,value_factor,0.27575528621673584
2021-11-01,002595.SZ,pca,3,cn_a,INDUSTRY_C35,-0.2712672979619682,-0.1671501717680564,-0.2712672979619682,0.6228957772254944,0,volatility_factor,0.5396032929420471,value_factor,0.1868666112422943,quality_factor,0.14059849083423615
2021-11-01,002430.SZ,pca,3,cn_a,INDUSTRY_C35,-0.3119457812608075,-0.1922155427941588,-0.3119457812608075,0.6228957772254944,0,volatility_factor,0.518427312374115,momentum_factor,0.19769605994224548,value_factor,0.15998825430870056
2021-11-01,002008.SZ,pca,3,cn_a,INDUSTRY_C35,-0.3708553014948574,-0.22851456040473622,-0.3708553014948574,0.6228957772254944,2,volatility_factor,0.5923348665237427,momentum_factor,0.24516437947750092,quality_factor,0.13772432506084442
2021-11-01,688301.SH,pca,3,cn_a,INDUSTRY_C35,-0.40503386674556674,-0.24957479543993294,-0.40503386674556674,0.6228957772254944,0,quality_factor,0.38525041937828064,value_factor,0.3719794452190399,momentum_factor,0.1221071183681488
2021-11-01,601399.SH,pca,3,cn_a,INDUSTRY_C35,-0.4205806242603523,-0.25915443592205645,-0.4205806242603523,0.6228957772254944,2,volatility_factor,0.48816391825675964,momentum_factor,0.41207820177078247,value_factor,0.05419155955314636
2021-11-01,601608.SH,pca,3,cn_a,INDUSTRY_C35,-0.5488795129725598,-0.33820997061795943,-0.5488795129725598,0.6228957772254944,1,momentum_factor,0.646266758441925,volatility_factor,0.20236535370349884,value_factor,0.1296161711215973
2021-11-01,300757.SZ,pca,3,cn_a,INDUSTRY_C35,-0.6683688658292604,-0.4118372231637181,-0.6683688658292604,0.6228957772254944,0,quality_factor,0.34520190954208374,value_factor,0.2821912169456482,volatility_factor,0.22860802710056305
2021-11-01,601106.SH,pca,3,cn_a,INDUSTRY_C35,-0.7157061399031575,-0.4410056247806089,-0.7157061399031575,0.6228957772254944,1,momentum_factor,0.5855187773704529,volatility_factor,0.30506405234336853,value_factor,0.0700121745467186
2021-11-01,002353.SZ,pca,3,cn_a,INDUSTRY_C35,-0.7805819218986213,-0.4809809486976448,-0.7805819218986213,0.6228957772254944,0,momentum_factor,0.4997328221797943,volatility_factor,0.3474661111831665,quality_factor,0.08602666854858398
2021-11-01,300003.SZ,pca,3,cn_a,INDUSTRY_C35,-0.8107291688482874,-0.4995571557960662,-0.8107291688482874,0.6228957772254944,0,momentum_factor,0.5607327222824097,volatility_factor,0.2793138921260834,quality_factor,0.09816284477710724
2021-11-01,300529.SZ,pca,3,cn_a,INDUSTRY_C35,-0.9680309810209776,-0.5964837854400789,-0.9680309810209776,0.6228957772254944,1,momentum_factor,0.4634073078632355,value_factor,0.2294389307498932,quality_factor,0.19632436335086823
2021-11-01,688012.SH,pca,3,cn_a,INDUSTRY_C35,-1.1260259461315596,-0.6938375238196471,-1.1260259461315596,0.6228957772254944,1,volatility_factor,0.3953601121902466,quality_factor,0.28497377038002014,value_factor,0.2290985882282257
2021-11-01,300604.SZ,pca,3,cn_a,INDUSTRY_C35,-1.184313814384771,-0.7297534903357588,-1.184313814384771,0.6228957772254944,0,volatility_factor,0.36865758895874023,quality_factor,0.3363339304924011,value_factor,0.2730836272239685
2021-11-01,688037.SH,pca,3,cn_a,INDUSTRY_C35,-1.2084195063040073,-0.7446069967302269,-1.2084195063040073,0.6228957772254944,0,momentum_factor,0.4054214656352997,value_factor,0.2627858817577362,quality_factor,0.2059224247932434
2021-11-01,300724.SZ,pca,3,cn_a,INDUSTRY_C35,-1.2416971344212442,-0.7651120900371595,-1.2416971344212442,0.6228957772254944,1,momentum_factor,0.4290757179260254,volatility_factor,0.22123445570468903,value_factor,0.18201369047164917
2021-11-01,688617.SH,pca,3,cn_a,INDUSTRY_C35,-1.3437261722505571,-0.8279806013786564,-1.3437261722505571,0.6228957772254944,1,momentum_factor,0.49004554748535156,value_factor,0.25480467081069946,quality_factor,0.2112560123205185
2021-11-02,600528.SH,pca,3,cn_a,INDUSTRY_C35,1.6375481258286213,1.0038988342598316,1.6375481258286213,0.6311884522438049,0,quality_factor,0.4213577210903168,value_factor,0.3972924053668976,momentum_factor,0.09653840959072113
2021-11-02,600582.SH,pca,3,cn_a,INDUSTRY_C35,1.5079842304406192,0.9244696916956328,1.5079842304406192,0.6311884522438049,0,quality_factor,0.39485394954681396,value_factor,0.33992916345596313,momentum_factor,0.23088376224040985
2021-11-02,002837.SZ,pca,3,cn_a,INDUSTRY_C35,1.3739527930126623,0.8423017226046423,1.3739527930126623,0.6311884522438049,0,volatility_factor,0.4082723557949066,momentum_factor,0.36735403537750244,value_factor,0.11670685559511185
2021-11-02,002432.SZ,pca,3,cn_a,INDUSTRY_C35,1.1865579166985405,0.7274192987474393,1.1865579166985405,0.6311884522438049,1,quality_factor,0.4139455258846283,value_factor,0.3645130395889282,momentum_factor,0.21716810762882233
2021-11-02,600499.SH,pca,3,cn_a,INDUSTRY_C35,0.7527127624147285,0.46145053864494867,0.7527127624147285,0.6311884522438049,0,volatility_factor,0.5089388489723206,momentum_factor,0.2764350175857544,value_factor,0.12544001638889313
2021-11-02,601717.SH,pca,3,cn_a,INDUSTRY_C35,0.7342542732703339,0.45013456237409627,0.7342542732703339,0.6311884522438049,0,quality_factor,0.333386093378067,value_factor,0.31802359223365784,volatility_factor,0.17750117182731628
2021-11-02,002223.SZ,pca,3,cn_a,INDUSTRY_C35,0.6168593336916476,0.37816559783974923,0.6168593336916476,0.6311884522438049,2,momentum_factor,0.5335516929626465,volatility_factor,0.3665015995502472,value_factor,0.05141580477356911
2021-11-02,300450.SZ,pca,3,cn_a,INDUSTRY_C35,0.16063214442640997,0.0984755317971073,0.16063214442640997,0.6311884522438049,0,momentum_factor,0.40210431814193726,quality_factor,0.24223192036151886,value_factor,0.20517012476921082
2021-11-02,688425.SH,pca,3,cn_a,INDUSTRY_C35,0.15971339204091015,0.09791229067201976,0.15971339204091015,0.6311884522438049,0,quality_factor,0.28375735878944397,value_factor,0.26860424876213074,momentum_factor,0.2302340716123581
2021-11-02,603338.SH,pca,3,cn_a,INDUSTRY_C35,0.08841339689012047,0.05420183057278452,0.08841339689012047,0.6311884522438049,0,volatility_factor,0.2879215478897095,momentum_factor,0.2618214190006256,value_factor,0.225894957780838
2021-11-02,600031.SH,pca,3,cn_a,INDUSTRY_C35,-0.006020272895822075,-0.003690728135995164,-0.006020272895822075,0.6311884522438049,0,momentum_factor,0.29805654287338257,quality_factor,0.2609204053878784,value_factor,0.2371024489402771
2021-11-02,002595.SZ,pca,3,cn_a,INDUSTRY_C35,-0.026505688783001018,-0.016249311791703275,-0.026505688783001018,0.6311884522438049,0,volatility_factor,0.5269554853439331,value_factor,0.2423272728919983,quality_factor,0.1817169487476349
2021-11-02,300751.SZ,pca,3,cn_a,INDUSTRY_C35,-0.030836671871717656,-0.018904420857130955,-0.030836671871717656,0.6311884522438049,0,momentum_factor,0.35996925830841064,quality_factor,0.2736527919769287,value_factor,0.23711146414279938
2021-11-02,002008.SZ,pca,3,cn_a,INDUSTRY_C35,-0.10231609080879667,-0.06272487670369924,-0.10231609080879667,0.6311884522438049,2,volatility_factor,0.3395053744316101,momentum_factor,0.3316309452056885,quality_factor,0.20632363855838776
2021-11-02,601399.SH,pca,3,cn_a,INDUSTRY_C35,-0.2251359502617546,-0.13801958822027835,-0.2251359502617546,0.6311884522438049,2,momentum_factor,0.7440618872642517,volatility_factor,0.14895537495613098,quality_factor,0.09707622975111008
2021-11-02,002430.SZ,pca,3,cn_a,INDUSTRY_C35,-0.23405431867985554,-0.14348699373784188,-0.23405431867985554,0.6311884522438049,0,momentum_factor,0.49944838881492615,quality_factor,0.18614855408668518,volatility_factor,0.17893894016742706
2021-11-02,688301.SH,pca,3,cn_a,INDUSTRY_C35,-0.3270013442589157,-0.20046816525579128,-0.3270013442589157,0.6311884522438049,0,quality_factor,0.3569135069847107,value_factor,0.329106867313385,momentum_factor,0.2210054248571396
2021-11-02,300757.SZ,pca,3,cn_a,INDUSTRY_C35,-0.4305324443169203,-0.2639379033468635,-0.4305324443169203,0.6311884522438049,0,quality_factor,0.39045101404190063,value_factor,0.3421676754951477,momentum_factor,0.23370853066444397
2021-11-02,601608.SH,pca,3,cn_a,INDUSTRY_C35,-0.45794774580188835,-0.2807448531809117,-0.45794774580188835,0.6311884522438049,1,momentum_factor,0.5949428677558899,volatility_factor,0.2838187515735626,value_factor,0.11736901849508286
2021-11-02,601106.SH,pca,3,cn_a,INDUSTRY_C35,-0.615798110542828,-0.37751501501706086,-0.615798110542828,0.6311884522438049,1,momentum_factor,0.714572548866272,volatility_factor,0.13315148651599884,value_factor,0.11145250499248505
2021-11-02,300003.SZ,pca,3,cn_a,INDUSTRY_C35,-0.6273472168431559,-0.38459519432218836,-0.6273472168431559,0.6311884522438049,0,momentum_factor,0.618200421333313,volatility_factor,0.17086534202098846,quality_factor,0.13577556610107422
2021-11-02,002353.SZ,pca,3,cn_a,INDUSTRY_C35,-0.7092673492910573,-0.43481632930424874,-0.7092673492910573,0.6311884522438049,0,momentum_factor,0.6169100403785706,volatility_factor,0.21013763546943665,quality_factor,0.11337917298078537
2021-11-02,688012.SH,pca,3,cn_a,INDUSTRY_C35,-1.0566821312426362,-0.6477989519855466,-1.0566821312426362,0.6311884522438049,1,volatility_factor,0.3377262055873871,quality_factor,0.29822245240211487,value_factor,0.25238609313964844
2021-11-02,300604.SZ,pca,3,cn_a,INDUSTRY_C35,-1.0951290820753334,-0.6713688541539237,-1.0951290820753334,0.6311884522438049,0,quality_factor,0.3492780327796936,value_factor,0.3156115710735321,volatility_factor,0.22651100158691406
2021-11-02,300529.SZ,pca,3,cn_a,INDUSTRY_C35,-1.1122320711251095,-0.681853841128423,-1.1122320711251095,0.6311884522438049,1,momentum_factor,0.4279155135154724,volatility_factor,0.20860706269741058,value_factor,0.18975548446178436
2021-11-02,688037.SH,pca,3,cn_a,INDUSTRY_C35,-1.1989398422178268,-0.7350100378522296,-1.1989398422178268,0.6311884522438049,0,momentum_factor,0.3956553637981415,value_factor,0.27089962363243103,quality_factor,0.2169993817806244
2021-11-02,300724.SZ,pca,3,cn_a,INDUSTRY_C35,-1.346832143107625,-0.8256754089137033,-1.346832143107625,0.6311884522438049,1,momentum_factor,0.4137965142726898,volatility_factor,0.2675624489784241,value_factor,0.1625622808933258
2021-11-02,688617.SH,pca,3,cn_a,INDUSTRY_C35,-1.3698783718752714,-0.8398038988365375,-1.3698783718752714,0.6311884522438049,1,momentum_factor,0.4832965135574341,value_factor,0.24801979959011078,quality_factor,0.20750842988491058
2021-11-03,600528.SH,pca,3,cn_a,INDUSTRY_C35,1.5976414835114114,1.0503151833700284,1.5976414835114114,0.5211067199707031,0,quality_factor,0.43228018283843994,value_factor,0.41115492582321167,volatility_factor,0.08732951432466507
2021-11-03,600582.SH,pca,3,cn_a,INDUSTRY_C35,1.3943524200311248,0.9166696864359263,1.3943524200311248,0.5211067199707031,0,quality_factor,0.39577174186706543,value_factor,0.34110134840011597,momentum_factor,0.23191092908382416
2021-11-03,002837.SZ,pca,3,cn_a,INDUSTRY_C35,1.3096644409068439,0.8609944481292333,1.3096644409068439,0.5211067199707031,0,volatility_factor,0.4133146107196808,momentum_factor,0.3719194233417511,value_factor,0.11212920397520065
2021-11-03,002432.SZ,pca,3,cn_a,INDUSTRY_C35,1.3046355972535233,0.8576884055042836,1.3046355972535233,0.5211067199707031,1,quality_factor,0.43407079577445984,value_factor,0.3865547478199005,momentum_factor,0.14508597552776337
2021-11-03,601717.SH,pca,3,cn_a,INDUSTRY_C35,1.106624018335999,0.7275124117243482,1.106624018335999,0.5211067199707031,0,quality_factor,0.43073323369026184,value_factor,0.3860793709754944,momentum_factor,0.17329798638820648
2021-11-03,600499.SH,pca,3,cn_a,INDUSTRY_C35,0.7945701411037994,0.5223631785145904,0.7945701411037994,0.5211067199707031,0,volatility_factor,0.5451849102973938,momentum_factor,0.26021257042884827,value_factor,0.11918872594833374
2021-11-03,002223.SZ,pca,3,cn_a,INDUSTRY_C35,0.5013487735660345,0.32959473979293874,0.5013487735660345,0.5211067199707031,2,momentum_factor,0.570340633392334,volatility_factor,0.31119927763938904,value_factor,0.06608372181653976
2021-11-03,002008.SZ,pca,3,cn_a,INDUSTRY_C35,0.43469825011348834,0.28577761468430085,0.43469825011348834,0.5211067199707031,2,momentum_factor,0.4923061430454254,volatility_factor,0.3516789376735687,quality_factor,0.08186769485473633
2021-11-03,300450.SZ,pca,3,cn_a,INDUSTRY_C35,0.3632490654319258,0.23880577257519583,0.3632490654319258,0.5211067199707031,0,momentum_factor,0.3536309003829956,volatility_factor,0.2578866183757782,quality_factor,0.2015243023633957
2021-11-03,688425.SH,pca,3,cn_a,INDUSTRY_C35,0.138012493198539,0.09073163071766402,0.138012493198539,0.5211067199707031,0,quality_factor,0.27807480096817017,value_factor,0.2691783607006073,volatility_factor,0.24261970818042755
2021-11-03,600031.SH,pca,3,cn_a,INDUSTRY_C35,0.07724510747715027,0.05078217488818801,0.07724510747715027,0.5211067199707031,0,momentum_factor,0.2966667115688324,quality_factor,0.2791604995727539,value_factor,0.2501578629016876
2021-11-03,002595.SZ,pca,3,cn_a,INDUSTRY_C35,-0.001178426142448434,-0.000774716281886606,-0.001178426142448434,0.5211067199707031,0,volatility_factor,0.5009847283363342,value_factor,0.2053198665380478,momentum_factor,0.16373878717422485
2021-11-03,300751.SZ,pca,3,cn_a,INDUSTRY_C35,-0.09684468222133104,-0.06366725026577773,-0.09684468222133104,0.5211067199707031,0,momentum_factor,0.3268255889415741,quality_factor,0.2853202223777771,value_factor,0.25300997495651245
2021-11-03,300757.SZ,pca,3,cn_a,INDUSTRY_C35,-0.21916244872928203,-0.1440809154623307,-0.21916244872928203,0.5211067199707031,0,quality_factor,0.3250424563884735,value_factor,0.2994295656681061,momentum_factor,0.2511262595653534
2021-11-03,688301.SH,pca,3,cn_a,INDUSTRY_C35,-0.2747061866577484,-0.1805962612952228,-0.2747061866577484,0.5211067199707031,0,quality_factor,0.34456175565719604,value_factor,0.3204810619354248,momentum_factor,0.22015422582626343
2021-11-03,601399.SH,pca,3,cn_a,INDUSTRY_C35,-0.28611192661033674,-0.18809457801609564,-0.28611192661033674,0.5211067199707031,2,volatility_factor,0.5276543498039246,momentum_factor,0.37026214599609375,value_factor,0.05918017402291298
2021-11-03,002430.SZ,pca,3,cn_a,INDUSTRY_C35,-0.3184510338931487,-0.2093548267930091,-0.3184510338931487,0.5211067199707031,0,volatility_factor,0.39159664511680603,momentum_factor,0.32976409792900085,value_factor,0.1405443698167801
2021-11-03,601106.SH,pca,3,cn_a,INDUSTRY_C35,-0.4499664821083192,-0.29581519573918236,-0.4499664821083192,0.5211067199707031,1,momentum_factor,0.38026776909828186,volatility_factor,0.33957090973854065,quality_factor,0.14062798023223877
2021-11-03,603338.SH,pca,3,cn_a,INDUSTRY_C35,-0.45571656714283765,-0.2995953940375826,-0.45571656714283765,0.5211067199707031,0,quality_factor,0.3839120864868164,value_factor,0.33255457878112793,volatility_factor,0.21890045702457428
2021-11-03,601608.SH,pca,3,cn_a,INDUSTRY_C35,-0.5253156411449122,-0.345350943657017,-0.5253156411449122,0.5211067199707031,1,momentum_factor,0.7649164199829102,value_factor,0.1587429642677307,quality_factor,0.0658591166138649
2021-11-03,300003.SZ,pca,3,cn_a,INDUSTRY_C35,-0.5956236177102666,-0.39157253721273316,-0.5956236177102666,0.5211067199707031,0,momentum_factor,0.6515443921089172,volatility_factor,0.15883201360702515,quality_factor,0.1278172880411148
2021-11-03,002353.SZ,pca,3,cn_a,INDUSTRY_C35,-0.6599844771269506,-0.43388440039214476,-0.6599844771269506,0.5211067199707031,0,momentum_factor,0.44681477546691895,volatility_factor,0.39132338762283325,quality_factor,0.08448904007673264
2021-11-03,300529.SZ,pca,3,cn_a,INDUSTRY_C35,-0.7219978405269949,-0.47465298196887906,-0.7219978405269949,0.5211067199707031,1,momentum_factor,0.4811086058616638,value_factor,0.246504008769989,quality_factor,0.18257781863212585
2021-11-03,688012.SH,pca,3,cn_a,INDUSTRY_C35,-0.8847117344858759,-0.5816237104671497,-0.8847117344858759,0.5211067199707031,1,quality_factor,0.33339962363243103,volatility_factor,0.33015361428260803,value_factor,0.28056100010871887
2021-11-03,300604.SZ,pca,3,cn_a,INDUSTRY_C35,-0.9039805881813537,-0.5942913645130465,-0.9039805881813537,0.5211067199707031,0,quality_factor,0.3919792175292969,value_factor,0.3377765119075775,volatility_factor,0.2536434829235077
2021-11-03,300724.SZ,pca,3,cn_a,INDUSTRY_C35,-0.9672072750986789,-0.6358576044666396,-0.9672072750986789,0.5211067199707031,1,momentum_factor,0.33364614844322205,volatility_factor,0.22843649983406067,quality_factor,0.2189827263355255
2021-11-03,688037.SH,pca,3,cn_a,INDUSTRY_C35,-1.0309188010554076,-0.6777425853954963,-1.0309188010554076,0.5211067199707031,0,momentum_factor,0.357236385345459,value_factor,0.283517450094223,quality_factor,0.2336341291666031
2021-11-03,688617.SH,pca,3,cn_a,INDUSTRY_C35,-1.4421536593755138,-0.9480949892873328,-1.4421536593755138,0.5211067199707031,1,momentum_factor,0.42908793687820435,value_factor,0.21028533577919006,quality_factor,0.19071540236473083
2021-11-04,600582.SH,pca,3,cn_a,INDUSTRY_C35,1.6547389613915413,1.1269198118206696,1.6547389613915413,0.4683733284473419,0,quality_factor,0.36207184195518494,value_factor,0.2982334792613983,momentum_factor,0.2061014175415039
2021-11-04,600528.SH,pca,3,cn_a,INDUSTRY_C35,1.5002264833698822,1.021692838431655,1.5002264833698822,0.4683733284473419,0,quality_factor,0.42190277576446533,value_factor,0.40594783425331116,volatility_factor,0.11230946332216263
2021-11-04,002432.SZ,pca,3,cn_a,INDUSTRY_C35,1.2971473751603082,0.8833907401866307,1.2971473751603082,0.4683733284473419,1,quality_factor,0.4042443335056305,value_factor,0.3497854173183441,momentum_factor,0.16884475946426392
2021-11-04,002837.SZ,pca,3,cn_a,INDUSTRY_C35,1.260861039713082,0.8586788120408992,1.260861039713082,0.4683733284473419,0,volatility_factor,0.4126832187175751,momentum_factor,0.3713477551937103,value_factor,0.11270242929458618
2021-11-04,601717.SH,pca,3,cn_a,INDUSTRY_C35,1.1558280083821117,0.7871486150345302,1.1558280083821117,0.4683733284473419,0,quality_factor,0.39241743087768555,value_factor,0.3355616629123688,momentum_factor,0.19900617003440857
2021-11-04,002008.SZ,pca,3,cn_a,INDUSTRY_C35,0.3795452903160526,0.2584801090201573,0.3795452903160526,0.4683733284473419,2,momentum_factor,0.5420976281166077,volatility_factor,0.2798692286014557,quality_factor,0.10122067481279373
2021-11-04,600031.SH,pca,3,cn_a,INDUSTRY_C35,0.3199959085721892,0.21792544775056444,0.3199959085721892,0.4683733284473419,0,momentum_factor,0.35517165064811707,quality_factor,0.3369700014591217,value_factor,0.2677621841430664
2021-11-04,688425.SH,pca,3,cn_a,INDUSTRY_C35,0.3057274070747509,0.20820823107916014,0.3057274070747509,0.4683733284473419,0,quality_factor,0.3282099962234497,value_factor,0.29614725708961487,momentum_factor,0.24655458331108093
2021-11-04,002223.SZ,pca,3,cn_a,INDUSTRY_C35,0.20436212030116732,0.13917586249337816,0.20436212030116732,0.4683733284473419,2,momentum_factor,0.6515651345252991,volatility_factor,0.18123161792755127,value_factor,0.12779976427555084
2021-11-04,600499.SH,pca,3,cn_a,INDUSTRY_C35,0.14620238112524453,0.09956758357030644,0.14620238112524453,0.4683733284473419,0,volatility_factor,0.3710322976112366,momentum_factor,0.24766653776168823,value_factor,0.19988343119621277
2021-11-04,002595.SZ,pca,3,cn_a,INDUSTRY_C35,0.06608993984115967,0.04500894963300267,0.06608993984115967,0.4683733284473419,0,volatility_factor,0.4506188631057739,momentum_factor,0.32424893975257874,value_factor,0.15840303897857666
2021-11-04,601399.SH,pca,3,cn_a,INDUSTRY_C35,0.03873735406840615,0.026381134895432975,0.03873735406840615,0.4683733284473419,2,momentum_factor,0.6507325768470764,quality_factor,0.19468945264816284,value_factor,0.13344675302505493
2021-11-04,300450.SZ,pca,3,cn_a,INDUSTRY_C35,-0.057430594204078304,-0.03911171243516476,-0.057430594204078304,0.4683733284473419,0,momentum_factor,0.346323698759079,quality_factor,0.27986782789230347,value_factor,0.24488170444965363
2021-11-04,002430.SZ,pca,3,cn_a,INDUSTRY_C35,-0.06506756627064537,-0.04431268692415491,-0.06506756627064537,0.4683733284473419,0,momentum_factor,0.4704853594303131,quality_factor,0.23872683942317963,value_factor,0.17623600363731384
2021-11-04,601608.SH,pca,3,cn_a,INDUSTRY_C35,-0.08820641541935278,-0.06007083859448248,-0.08820641541935278,0.4683733284473419,1,volatility_factor,0.4629232883453369,momentum_factor,0.4118470251560211,value_factor,0.12054736167192459
2021-11-04,300751.SZ,pca,3,cn_a,INDUSTRY_C35,-0.25559664502386387,-0.17406789217682075,-0.25559664502386387,0.4683733284473419,0,momentum_factor,0.35714399814605713,quality_factor,0.3374119997024536,value_factor,0.28350380063056946
2021-11-04,601106.SH,pca,3,cn_a,INDUSTRY_C35,-0.31396671970065876,-0.21381941498825938,-0.31396671970065876,0.4683733284473419,1,momentum_factor,0.5431116223335266,value_factor,0.22355592250823975,quality_factor,0.16569238901138306
2021-11-04,688301.SH,pca,3,cn_a,INDUSTRY_C35,-0.4575278172626644,-0.31158821648749696,-0.4575278172626644,0.4683733284473419,0,quality_factor,0.33516639471054077,value_factor,0.27168968319892883,momentum_factor,0.24765317142009735
2021-11-04,002353.SZ,pca,3,cn_a,INDUSTRY_C35,-0.490038528667822,-0.333728847507659,-0.490038528667822,0.4683733284473419,0,momentum_factor,0.6153984665870667,volatility_factor,0.17093347012996674,quality_factor,0.13728466629981995
2021-11-04,300003.SZ,pca,3,cn_a,INDUSTRY_C35,-0.6459350078280086,-0.4398983612846013,-0.6459350078280086,0.4683733284473419,0,momentum_factor,0.6088347434997559,volatility_factor,0.21668538451194763,quality_factor,0.11317437142133713
2021-11-04,300529.SZ,pca,3,cn_a,INDUSTRY_C35,-0.6497485791238626,-0.44249550146644273,-0.6497485791238626,0.4683733284473419,1,momentum_factor,0.43595990538597107,value_factor,0.25135236978530884,quality_factor,0.18837030231952667
2021-11-04,688012.SH,pca,3,cn_a,INDUSTRY_C35,-0.6810829497441668,-0.46383501414296635,-0.6810829497441668,0.4683733284473419,1,quality_factor,0.3985966444015503,value_factor,0.3474505841732025,volatility_factor,0.23900966346263885
2021-11-04,688037.SH,pca,3,cn_a,INDUSTRY_C35,-0.7002671162198125,-0.4768999251525498,-0.7002671162198125,0.4683733284473419,0,momentum_factor,0.31498056650161743,volatility_factor,0.3092215955257416,value_factor,0.22492870688438416
2021-11-04,300604.SZ,pca,3,cn_a,INDUSTRY_C35,-0.700505129960452,-0.4770620186344043,-0.700505129960452,0.4683733284473419,0,quality_factor,0.4870964288711548,value_factor,0.4613059163093567,volatility_factor,0.042431071400642395
2021-11-04,603338.SH,pca,3,cn_a,INDUSTRY_C35,-0.7042004251832248,-0.4795786097670425,-0.7042004251832248,0.4683733284473419,0,volatility_factor,0.3961776793003082,quality_factor,0.27885541319847107,value_factor,0.2258545458316803
2021-11-04,300757.SZ,pca,3,cn_a,INDUSTRY_C35,-0.8276549031805994,-0.5636542859668859,-0.8276549031805994,0.4683733284473419,0,volatility_factor,0.3866628408432007,quality_factor,0.2928139567375183,value_factor,0.21433016657829285
2021-11-04,300724.SZ,pca,3,cn_a,INDUSTRY_C35,-0.8307952715376004,-0.5657929576247667,-0.8307952715376004,0.4683733284473419,1,momentum_factor,0.2867664694786072,quality_factor,0.26489222049713135,value_factor,0.26333948969841003
2021-11-04,688617.SH,pca,3,cn_a,INDUSTRY_C35,-0.9916703667501624,-0.6753530370412296,-0.9916703667501624,0.4683733284473419,1,momentum_factor,0.44488731026649475,value_factor,0.24501627683639526,quality_factor,0.18155096471309662
2021-11-05,600582.SH,pca,3,cn_a,INDUSTRY_C35,2.058814742523514,1.1101997854019623,2.058814742523514,0.8544542193412781,0,quality_factor,0.36865925788879395,value_factor,0.30657172203063965,momentum_factor,0.2083398848772049
2021-11-05,600528.SH,pca,3,cn_a,INDUSTRY_C35,1.9022415645759077,1.0257689209017045,1.9022415645759077,0.8544542193412781,0,quality_factor,0.4237353801727295,value_factor,0.4063126742839813,volatility_factor,0.10599149018526077
2021-11-05,002837.SZ,pca,3,cn_a,INDUSTRY_C35,1.6394045820343932,0.8840361289285792,1.6394045820343932,0.8544542193412781,0,volatility_factor,0.41970449686050415,momentum_factor,0.37770503759384155,value_factor,0.10632802546024323
2021-11-05,601717.SH,pca,3,cn_a,INDUSTRY_C35,1.5642805752999398,0.8435260944740472,1.5642805752999398,0.8544542193412781,0,quality_factor,0.34484732151031494,value_factor,0.27625375986099243,momentum_factor,0.21369285881519318
2021-11-05,002432.SZ,pca,3,cn_a,INDUSTRY_C35,1.4862487316794903,0.8014480316679894,1.4862487316794903,0.8544542193412781,1,quality_factor,0.4039374887943268,value_factor,0.35019686818122864,momentum_factor,0.20176251232624054
2021-11-05,300751.SZ,pca,3,cn_a,INDUSTRY_C35,1.0275405788281975,0.5540932394473778,1.0275405788281975,0.8544542193412781,0,volatility_factor,0.4302666485309601,momentum_factor,0.26073122024536133,value_factor,0.1659419983625412
2021-11-05,600031.SH,pca,3,cn_a,INDUSTRY_C35,0.4623463670830031,0.24931667085683132,0.4623463670830031,0.8544542193412781,0,momentum_factor,0.3471236824989319,quality_factor,0.3067530393600464,value_factor,0.22981972992420197
2021-11-05,002008.SZ,pca,3,cn_a,INDUSTRY_C35,0.41960058799273997,0.22626634301884335,0.41960058799273997,0.8544542193412781,2,momentum_factor,0.5331121683120728,volatility_factor,0.2808339595794678,quality_factor,0.1043546050786972
2021-11-05,688425.SH,pca,3,cn_a,INDUSTRY_C35,0.3747775327461865,0.20209586022213022,0.3747775327461865,0.8544542193412781,0,quality_factor,0.32846394181251526,value_factor,0.29016435146331787,momentum_factor,0.2740586996078491
2021-11-05,600499.SH,pca,3,cn_a,INDUSTRY_C35,0.28064022632477326,0.15133305226823385,0.28064022632477326,0.8544542193412781,0,volatility_factor,0.47103846073150635,momentum_factor,0.193743035197258,value_factor,0.18762119114398956
2021-11-05,002223.SZ,pca,3,cn_a,INDUSTRY_C35,0.194680892184137,0.10498015205572725,0.194680892184137,0.8544542193412781,2,momentum_factor,0.4826135039329529,value_factor,0.20177848637104034,volatility_factor,0.170755535364151
2021-11-05,300450.SZ,pca,3,cn_a,INDUSTRY_C35,0.1689291425849051,0.09109372201989521,0.1689291425849051,0.8544542193412781,0,momentum_factor,0.3308399021625519,quality_factor,0.23480601608753204,volatility_factor,0.21833394467830658
2021-11-05,300003.SZ,pca,3,cn_a,INDUSTRY_C35,0.13312083927988716,0.07178437386741798,0.13312083927988716,0.8544542193412781,0,momentum_factor,0.45947015285491943,volatility_factor,0.417472243309021,quality_factor,0.12242802232503891
2021-11-05,002595.SZ,pca,3,cn_a,INDUSTRY_C35,0.07425585521035478,0.04004189051916773,0.07425585521035478,0.8544542193412781,0,volatility_factor,0.4408266246318817,momentum_factor,0.22408661246299744,value_factor,0.2040640115737915
2021-11-05,601399.SH,pca,3,cn_a,INDUSTRY_C35,-0.13150963961910964,-0.07091554702220003,-0.13150963961910964,0.8544542193412781,2,momentum_factor,0.7610474824905396,volatility_factor,0.1318386197090149,value_factor,0.06950830668210983
2021-11-05,002353.SZ,pca,3,cn_a,INDUSTRY_C35,-0.22166167736437378,-0.11952932993870677,-0.22166167736437378,0.8544542193412781,0,momentum_factor,0.5859044194221497,volatility_factor,0.22672028839588165,quality_factor,0.14997030794620514
2021-11-05,002430.SZ,pca,3,cn_a,INDUSTRY_C35,-0.3056455922487263,-0.16481700073104855,-0.3056455922487263,0.8544542193412781,0,momentum_factor,0.5289686918258667,quality_factor,0.20228727161884308,value_factor,0.14156709611415863
2021-11-05,688301.SH,pca,3,cn_a,INDUSTRY_C35,-0.31938127776966474,-0.17222386197151324,-0.31938127776966474,0.8544542193412781,0,quality_factor,0.34064269065856934,value_factor,0.31202390789985657,momentum_factor,0.24476639926433563
2021-11-05,601608.SH,pca,3,cn_a,INDUSTRY_C35,-0.3959806584423879,-0.21352948031022065,-0.3959806584423879,0.8544542193412781,1,momentum_factor,0.5408112406730652,volatility_factor,0.3175976872444153,value_factor,0.12660132348537445
2021-11-05,300724.SZ,pca,3,cn_a,INDUSTRY_C35,-0.4383700105115037,-0.23638760765818098,-0.4383700105115037,0.8544542193412781,1,value_factor,0.33031296730041504,quality_factor,0.29068300127983093,volatility_factor,0.256902277469635
2021-11-05,601106.SH,pca,3,cn_a,INDUSTRY_C35,-0.4874887810074855,-0.2628745213845744,-0.4874887810074855,0.8544542193412781,1,momentum_factor,0.5813324451446533,value_factor,0.16153621673583984,volatility_factor,0.14768464863300323
2021-11-05,688617.SH,pca,3,cn_a,INDUSTRY_C35,-0.7263808120091715,-0.3916951850773309,-0.7263808120091715,0.8544542193412781,1,momentum_factor,0.33868953585624695,volatility_factor,0.3350023925304413,value_factor,0.20420725643634796
2021-11-05,603338.SH,pca,3,cn_a,INDUSTRY_C35,-0.8169254802904505,-0.44052069094676916,-0.8169254802904505,0.8544542193412781,0,volatility_factor,0.3535614311695099,quality_factor,0.3049355745315552,value_factor,0.25537413358688354
2021-11-05,300529.SZ,pca,3,cn_a,INDUSTRY_C35,-0.8874170035233548,-0.4785326948193973,-0.8874170035233548,0.8544542193412781,1,momentum_factor,0.4776950180530548,value_factor,0.24116173386573792,quality_factor,0.17521196603775024
2021-11-05,300757.SZ,pca,3,cn_a,INDUSTRY_C35,-1.0858585171295985,-0.5855407326336477,-1.0858585171295985,0.8544542193412781,0,quality_factor,0.32008489966392517,value_factor,0.2947058379650116,volatility_factor,0.2256430685520172
2021-11-05,688012.SH,pca,3,cn_a,INDUSTRY_C35,-1.158687047512961,-0.624812949376979,-1.158687047512961,0.8544542193412781,1,volatility_factor,0.40263333916664124,quality_factor,0.3185204267501831,value_factor,0.25261661410331726
2021-11-05,688037.SH,pca,3,cn_a,INDUSTRY_C35,-1.2751123890932654,-0.687594406381398,-1.2751123890932654,0.8544542193412781,0,momentum_factor,0.3745481073856354,value_factor,0.2655165195465088,quality_factor,0.20896004140377045
2021-11-05,300604.SZ,pca,3,cn_a,INDUSTRY_C35,-1.2951450805537787,-0.698396878940549,-1.2951450805537787,0.8544542193412781,0,volatility_factor,0.3596005439758301,quality_factor,0.34163543581962585,value_factor,0.27377963066101074
2021-11-08,600582.SH,pca,3,cn_a,INDUSTRY_C35,1.6860462519760404,1.117091025687712,1.6860462519760404,0.5093186497688293,0,quality_factor,0.36505135893821716,value_factor,0.3020080626010895,momentum_factor,0.2073303759098053
2021-11-08,600528.SH,pca,3,cn_a,INDUSTRY_C35,1.5770589017850636,1.044881386913488,1.5770589017850636,0.5093186497688293,0,quality_factor,0.42743980884552,value_factor,0.41288596391677856,volatility_factor,0.11327900737524033
2021-11-08,002432.SZ,pca,3,cn_a,INDUSTRY_C35,1.3380617441260882,0.886533666812209,1.3380617441260882,0.5093186497688293,1,quality_factor,0.41502347588539124,value_factor,0.3626704812049866,momentum_factor,0.14590038359165192
2021-11-08,002837.SZ,pca,3,cn_a,INDUSTRY_C35,1.3255823650984726,0.8782654462331078,1.3255823650984726,0.5093186497688293,0,volatility_factor,0.41808566451072693,momentum_factor,0.37623926997184753,value_factor,0.10779772698879242
2021-11-08,601717.SH,pca,3,cn_a,INDUSTRY_C35,1.197461681957283,0.7933790054404766,1.197461681957283,0.5093186497688293,0,quality_factor,0.36800697445869446,value_factor,0.3053727149963379,momentum_factor,0.2161928415298462
2021-11-08,600499.SH,pca,3,cn_a,INDUSTRY_C35,0.5743956063143373,0.3805661773846264,0.5743956063143373,0.5093186497688293,0,momentum_factor,0.4009358286857605,volatility_factor,0.3493698239326477,quality_factor,0.12605290114879608
2021-11-08,002008.SZ,pca,3,cn_a,INDUSTRY_C35,0.4351426036347632,0.28830401114149673,0.4351426036347632,0.5093186497688293,2,momentum_factor,0.4702982008457184,volatility_factor,0.36143696308135986,quality_factor,0.08626823127269745
2021-11-08,300751.SZ,pca,3,cn_a,INDUSTRY_C35,0.3439204326847668,0.2278647032680853,0.3439204326847668,0.5093186497688293,0,volatility_factor,0.36256903409957886,momentum_factor,0.23901404440402985,value_factor,0.20616531372070312
2021-11-08,600031.SH,pca,3,cn_a,INDUSTRY_C35,0.32913270079541135,0.21806708201984587,0.32913270079541135,0.5093186497688293,0,momentum_factor,0.36204439401626587,quality_factor,0.3201249837875366,value_factor,0.24689970910549164
2021-11-08,688425.SH,pca,3,cn_a,INDUSTRY_C35,0.31851137347525754,0.2110299147912898,0.31851137347525754,0.5093186497688293,0,quality_factor,0.33191052079200745,value_factor,0.30004724860191345,momentum_factor,0.24034006893634796
2021-11-08,300450.SZ,pca,3,cn_a,INDUSTRY_C35,0.1836619042733453,0.12168531247823991,0.1836619042733453,0.5093186497688293,0,momentum_factor,0.3739306330680847,quality_factor,0.23242679238319397,value_factor,0.20450924336910248
2021-11-08,300003.SZ,pca,3,cn_a,INDUSTRY_C35,0.1051869310484426,0.0696916686337245,0.1051869310484426,0.5093186497688293,0,momentum_factor,0.46056947112083435,volatility_factor,0.40828239917755127,quality_factor,0.12600035965442657
2021-11-08,002595.SZ,pca,3,cn_a,INDUSTRY_C35,0.06871454415941673,0.045526865306775244,0.06871454415941673,0.5093186497688293,0,volatility_factor,0.44647717475891113,momentum_factor,0.30113235116004944,value_factor,0.1697462499141693
2021-11-08,002353.SZ,pca,3,cn_a,INDUSTRY_C35,-0.05388962830595069,-0.035704607799264265,-0.05388962830595069,0.5093186497688293,0,momentum_factor,0.5229519605636597,volatility_factor,0.32372939586639404,quality_factor,0.13535957038402557
2021-11-08,002223.SZ,pca,3,cn_a,INDUSTRY_C35,-0.14067999159476155,-0.09320761866416705,-0.14067999159476155,0.5093186497688293,2,volatility_factor,0.5068681836128235,momentum_factor,0.20009416341781616,value_factor,0.16059188544750214
2021-11-08,601399.SH,pca,3,cn_a,INDUSTRY_C35,-0.22370312037198936,-0.14821464588709188,-0.22370312037198936,0.5093186497688293,2,volatility_factor,0.7296814322471619,momentum_factor,0.20781826972961426,quality_factor,0.04722251743078232
2021-11-08,601106.SH,pca,3,cn_a,INDUSTRY_C35,-0.33168474628170447,-0.21975794139368787,-0.33168474628170447,0.5093186497688293,1,momentum_factor,0.6815440654754639,value_factor,0.17112301290035248,quality_factor,0.07446856051683426
2021-11-08,002430.SZ,pca,3,cn_a,INDUSTRY_C35,-0.3492042032708692,-0.23136546885895215,-0.3492042032708692,0.5093186497688293,0,momentum_factor,0.4947076439857483,volatility_factor,0.19828152656555176,quality_factor,0.1759023666381836
2021-11-08,601608.SH,pca,3,cn_a,INDUSTRY_C35,-0.43986130081307023,-0.291430386983587,-0.43986130081307023,0.5093186497688293,1,momentum_factor,0.660104513168335,value_factor,0.15354527533054352,volatility_factor,0.13289225101470947
2021-11-08,300724.SZ,pca,3,cn_a,INDUSTRY_C35,-0.5519669072811543,-0.3657060284542782,-0.5519669072811543,0.5093186497688293,1,value_factor,0.33707767724990845,quality_factor,0.30335745215415955,momentum_factor,0.2672714591026306
2021-11-08,688617.SH,pca,3,cn_a,INDUSTRY_C35,-0.6284363318587005,-0.4163708947561156,-0.6284363318587005,0.5093186497688293,1,momentum_factor,0.34379085898399353,volatility_factor,0.32204732298851013,value_factor,0.20742745697498322
2021-11-08,688301.SH,pca,3,cn_a,INDUSTRY_C35,-0.6467311664781595,-0.42849214916766365,-0.6467311664781595,0.5093186497688293,0,quality_factor,0.3957516849040985,value_factor,0.3448651432991028,volatility_factor,0.19534800946712494
2021-11-08,603338.SH,pca,3,cn_a,INDUSTRY_C35,-0.662874908081782,-0.43918819552184407,-0.662874908081782,0.5093186497688293,0,quality_factor,0.30520370602607727,volatility_factor,0.3043617904186249,value_factor,0.2668982148170471
2021-11-08,300529.SZ,pca,3,cn_a,INDUSTRY_C35,-0.7782789642787754,-0.5156492269760712,-0.7782789642787754,0.5093186497688293,1,momentum_factor,0.5244041085243225,value_factor,0.23205037415027618,quality_factor,0.16359703242778778
2021-11-08,688012.SH,pca,3,cn_a,INDUSTRY_C35,-0.8075422110000816,-0.5350376098609086,-0.8075422110000816,0.5093186497688293,1,quality_factor,0.3522617816925049,value_factor,0.3028663098812103,volatility_factor,0.29533401131629944
2021-11-08,300604.SZ,pca,3,cn_a,INDUSTRY_C35,-0.8424420927711445,-0.5581605489133366,-0.8424420927711445,0.5093186497688293,0,volatility_factor,0.29933229088783264,quality_factor,0.29725804924964905,value_factor,0.22096775472164154
2021-11-08,300757.SZ,pca,3,cn_a,INDUSTRY_C35,-0.9353452726329937,-0.619713610319506,-0.9353452726329937,0.5093186497688293,0,volatility_factor,0.4127187430858612,quality_factor,0.312094509601593,value_factor,0.23727042973041534
2021-11-08,688037.SH,pca,3,cn_a,INDUSTRY_C35,-1.1662544167243314,-0.7727026118438425,-1.1662544167243314,0.5093186497688293,0,momentum_factor,0.3515845239162445,value_factor,0.3110484480857849,quality_factor,0.2885262966156006
2021-11-09,600582.SH,pca,3,cn_a,INDUSTRY_C35,2.4180706882515217,1.2090353441257609,2.4180706882515217,1.0,0,quality_factor,0.3541381359100342,value_factor,0.2881086766719818,momentum_factor,0.197799414396286
2021-11-09,600528.SH,pca,3,cn_a,INDUSTRY_C35,2.0734798625741395,1.0367399312870698,2.0734798625741395,1.0,0,quality_factor,0.4236852526664734,value_factor,0.41215240955352783,volatility_factor,0.12627090513706207
2021-11-09,002432.SZ,pca,3,cn_a,INDUSTRY_C35,1.7992269571264405,0.8996134785632203,1.7992269571264405,1.0,1,quality_factor,0.40508341789245605,value_factor,0.35043153166770935,momentum_factor,0.15398918092250824
2021-11-09,002837.SZ,pca,3,cn_a,INDUSTRY_C35,1.7523370048288558,0.8761685024144279,1.7523370048288558,1.0,0,volatility_factor,0.41750049591064453,momentum_factor,0.3757094442844391,value_factor,0.10832897573709488
2021-11-09,601717.SH,pca,3,cn_a,INDUSTRY_C35,1.5792550079229155,0.7896275039614578,1.5792550079229155,1.0,0,quality_factor,0.38366204500198364,value_factor,0.32487693428993225,momentum_factor,0.2097216248512268
2021-11-09,600499.SH,pca,3,cn_a,INDUSTRY_C35,1.2959281876538846,0.6479640938269423,1.2959281876538846,1.0,0,momentum_factor,0.4413086771965027,volatility_factor,0.3704160153865814,quality_factor,0.0959077700972557
2021-11-09,002595.SZ,pca,3,cn_a,INDUSTRY_C35,0.8338707104571276,0.4169353552285638,0.8338707104571276,1.0,0,momentum_factor,0.5159736275672913,volatility_factor,0.2257559448480606,value_factor,0.1376681625843048
2021-11-09,300450.SZ,pca,3,cn_a,INDUSTRY_C35,0.8214607878214492,0.4107303939107246,0.8214607878214492,1.0,0,volatility_factor,0.3405225872993469,momentum_factor,0.3230828642845154,value_factor,0.16920781135559082
2021-11-09,002008.SZ,pca,3,cn_a,INDUSTRY_C35,0.7939280307249308,0.3969640153624654,0.7939280307249308,1.0,2,momentum_factor,0.5044652223587036,volatility_factor,0.3607432544231415,quality_factor,0.0717991292476654
2021-11-09,688425.SH,pca,3,cn_a,INDUSTRY_C35,0.5322341472334507,0.2661170736167254,0.5322341472334507,1.0,0,quality_factor,0.3564603924751282,value_factor,0.32024097442626953,momentum_factor,0.22719904780387878
2021-11-09,688301.SH,pca,3,cn_a,INDUSTRY_C35,0.5257994798332524,0.2628997399166262,0.5257994798332524,1.0,0,volatility_factor,0.3240257501602173,momentum_factor,0.30711549520492554,value_factor,0.18504716455936432
2021-11-09,600031.SH,pca,3,cn_a,INDUSTRY_C35,0.5155652581358654,0.2577826290679327,0.5155652581358654,1.0,0,momentum_factor,0.34727874398231506,quality_factor,0.31769806146621704,value_factor,0.24373112618923187
2021-11-09,300751.SZ,pca,3,cn_a,INDUSTRY_C35,0.4062026176143625,0.20310130880718125,0.4062026176143625,1.0,0,volatility_factor,0.3410288691520691,momentum_factor,0.2515046000480652,value_factor,0.20829463005065918
2021-11-09,300003.SZ,pca,3,cn_a,INDUSTRY_C35,0.3438519740150803,0.17192598700754014,0.3438519740150803,1.0,0,volatility_factor,0.4701656401157379,momentum_factor,0.4075315594673157,quality_factor,0.11611056327819824
2021-11-09,300604.SZ,pca,3,cn_a,INDUSTRY_C35,0.1877433635295686,0.0938716817647843,0.1877433635295686,1.0,0,momentum_factor,0.46030479669570923,quality_factor,0.25378715991973877,value_factor,0.20003241300582886
2021-11-09,002223.SZ,pca,3,cn_a,INDUSTRY_C35,0.08632788189480418,0.04316394094740209,0.08632788189480418,1.0,2,volatility_factor,0.3316313326358795,momentum_factor,0.25147947669029236,value_factor,0.23134194314479828
2021-11-09,002353.SZ,pca,3,cn_a,INDUSTRY_C35,-0.012440191532352762,-0.006220095766176381,-0.012440191532352762,1.0,0,momentum_factor,0.5060838460922241,volatility_factor,0.31458863615989685,quality_factor,0.14792881906032562
2021-11-09,002430.SZ,pca,3,cn_a,INDUSTRY_C35,-0.4616618743478112,-0.2308309371739056,-0.4616618743478112,1.0,0,momentum_factor,0.43657979369163513,volatility_factor,0.2583119571208954,quality_factor,0.16713646054267883
2021-11-09,688012.SH,pca,3,cn_a,INDUSTRY_C35,-0.5346490435600201,-0.26732452178001004,-0.5346490435600201,1.0,1,quality_factor,0.37723255157470703,value_factor,0.325450599193573,momentum_factor,0.2380281239748001
2021-11-09,601399.SH,pca,3,cn_a,INDUSTRY_C35,-0.5552136227154373,-0.27760681135771864,-0.5552136227154373,1.0,2,volatility_factor,0.850040853023529,value_factor,0.06336144357919693,quality_factor,0.04386921972036362
2021-11-09,601106.SH,pca,3,cn_a,INDUSTRY_C35,-0.6220590531899142,-0.3110295265949571,-0.6220590531899142,1.0,1,volatility_factor,0.4146775007247925,momentum_factor,0.38468462228775024,quality_factor,0.10506563633680344
2021-11-09,300724.SZ,pca,3,cn_a,INDUSTRY_C35,-0.649459318509706,-0.324729659254853,-0.649459318509706,1.0,1,value_factor,0.3748900294303894,quality_factor,0.3535888195037842,momentum_factor,0.18022926151752472
2021-11-09,601608.SH,pca,3,cn_a,INDUSTRY_C35,-0.6717424612116667,-0.33587123060583335,-0.6717424612116667,1.0,1,volatility_factor,0.5152574181556702,momentum_factor,0.22551444172859192,quality_factor,0.15233731269836426
2021-11-09,688617.SH,pca,3,cn_a,INDUSTRY_C35,-0.8524475023147601,-0.42622375115738004,-0.8524475023147601,1.0,1,momentum_factor,0.34910574555397034,volatility_factor,0.3150724470615387,value_factor,0.20807717740535736
2021-11-09,300757.SZ,pca,3,cn_a,INDUSTRY_C35,-0.9356374181388185,-0.46781870906940926,-0.9356374181388185,1.0,0,volatility_factor,0.30499881505966187,quality_factor,0.2998262345790863,value_factor,0.22472180426120758
2021-11-09,300529.SZ,pca,3,cn_a,INDUSTRY_C35,-0.9626144837087145,-0.48130724185435725,-0.9626144837087145,1.0,1,momentum_factor,0.4996374249458313,value_factor,0.22644072771072388,quality_factor,0.15519732236862183
2021-11-09,603338.SH,pca,3,cn_a,INDUSTRY_C35,-1.1511462298491253,-0.5755731149245626,-1.1511462298491253,1.0,0,volatility_factor,0.40792298316955566,quality_factor,0.2328770011663437,value_factor,0.18833360075950623
2021-11-09,688037.SH,pca,3,cn_a,INDUSTRY_C35,-1.429059283799407,-0.7145296418997035,-1.429059283799407,1.0,0,value_factor,0.3316948413848877,quality_factor,0.32061123847961426,momentum_factor,0.28432929515838623
2021-11-10,600582.SH,pca,3,cn_a,INDUSTRY_C35,2.0572055944065286,1.0815689521398626,2.0572055944065286,0.9020568132400513,0,quality_factor,0.38191288709640503,value_factor,0.3230784237384796,momentum_factor,0.2034081518650055
2021-11-10,600528.SH,pca,3,cn_a,INDUSTRY_C35,1.888209455284844,0.9927197979267407,1.888209455284844,0.9020568132400513,0,quality_factor,0.412166565656662,value_factor,0.40050235390663147,volatility_factor,0.13382093608379364
2021-11-10,002837.SZ,pca,3,cn_a,INDUSTRY_C35,1.6492759605513667,0.8671013132052108,1.6492759605513667,0.9020568132400513,0,volatility_factor,0.41498908400535583,momentum_factor,0.3734355568885803,value_factor,0.1106090098619461
2021-11-10,002432.SZ,pca,3,cn_a,INDUSTRY_C35,1.4899026422092816,0.7833113247922983,1.4899026422092816,0.9020568132400513,1,quality_factor,0.43698421120643616,value_factor,0.3992176651954651,momentum_factor,0.13485033810138702
2021-11-10,601717.SH,pca,3,cn_a,INDUSTRY_C35,1.311493502551786,0.6895133170694978,1.311493502551786,0.9020568132400513,0,quality_factor,0.4088897705078125,value_factor,0.36923038959503174,momentum_factor,0.17998933792114258
2021-11-10,002595.SZ,pca,3,cn_a,INDUSTRY_C35,0.8265829365643881,0.4345732108581702,0.8265829365643881,0.9020568132400513,0,momentum_factor,0.5457823872566223,volatility_factor,0.21644145250320435,value_factor,0.1303103268146515
2021-11-10,600499.SH,pca,3,cn_a,INDUSTRY_C35,0.7975246506810314,0.41929591436466673,0.7975246506810314,0.9020568132400513,0,momentum_factor,0.43155232071876526,volatility_factor,0.3384091854095459,quality_factor,0.11863134801387787
2021-11-10,002008.SZ,pca,3,cn_a,INDUSTRY_C35,0.7003186944170223,0.36819020837977345,0.7003186944170223,0.9020568132400513,2,momentum_factor,0.5018793940544128,volatility_factor,0.3539811670780182,quality_factor,0.07680585980415344
2021-11-10,300450.SZ,pca,3,cn_a,INDUSTRY_C35,0.5991145953074902,0.31498249218272867,0.5991145953074902,0.9020568132400513,0,momentum_factor,0.32844722270965576,volatility_factor,0.3079055845737457,quality_factor,0.18375307321548462
2021-11-10,688425.SH,pca,3,cn_a,INDUSTRY_C35,0.5610484110732941,0.29496932329669917,0.5610484110732941,0.9020568132400513,0,quality_factor,0.3748932182788849,value_factor,0.3276713788509369,momentum_factor,0.25170692801475525
2021-11-10,600031.SH,pca,3,cn_a,INDUSTRY_C35,0.43002892256629804,0.22608626596897857,0.43002892256629804,0.9020568132400513,0,momentum_factor,0.37075644731521606,quality_factor,0.31847208738327026,value_factor,0.24538679420948029
2021-11-10,300604.SZ,pca,3,cn_a,INDUSTRY_C35,0.40798581079716006,0.21449717377378347,0.40798581079716006,0.9020568132400513,0,momentum_factor,0.48548251390457153,quality_factor,0.22957740724086761,value_factor,0.17693684995174408
2021-11-10,300003.SZ,pca,3,cn_a,INDUSTRY_C35,0.15992334063279234,0.08407916079035072,0.15992334063279234,0.9020568132400513,0,momentum_factor,0.44694775342941284,volatility_factor,0.4312615990638733,quality_factor,0.11531004309654236
2021-11-10,002353.SZ,pca,3,cn_a,INDUSTRY_C35,-0.1590055515528076,-0.08359663625501818,-0.1590055515528076,0.9020568132400513,0,momentum_factor,0.615027129650116,quality_factor,0.20652171969413757,value_factor,0.1200823038816452
2021-11-10,002223.SZ,pca,3,cn_a,INDUSTRY_C35,-0.25098891335207213,-0.13195658068936755,-0.25098891335207213,0.9020568132400513,2,volatility_factor,0.5276315808296204,momentum_factor,0.2215685397386551,value_factor,0.141106978058815
2021-11-10,688012.SH,pca,3,cn_a,INDUSTRY_C35,-0.33286698328694997,-0.17500370176636784,-0.33286698328694997,0.9020568132400513,1,momentum_factor,0.3644636273384094,quality_factor,0.31976503133773804,value_factor,0.254856139421463
2021-11-10,300751.SZ,pca,3,cn_a,INDUSTRY_C35,-0.42851284284198254,-0.2252891921309301,-0.42851284284198254,0.9020568132400513,0,quality_factor,0.33906054496765137,value_factor,0.3307356536388397,volatility_factor,0.17593233287334442
2021-11-10,002430.SZ,pca,3,cn_a,INDUSTRY_C35,-0.4420735286380788,-0.23241867727653748,-0.4420735286380788,0.9020568132400513,0,momentum_factor,0.46964696049690247,volatility_factor,0.2192183881998062,quality_factor,0.17494836449623108
2021-11-10,601399.SH,pca,3,cn_a,INDUSTRY_C35,-0.44432150036031715,-0.23360054088155202,-0.44432150036031715,0.9020568132400513,2,volatility_factor,0.7320368885993958,momentum_factor,0.15133731067180634,quality_factor,0.06891652941703796
2021-11-10,688301.SH,pca,3,cn_a,INDUSTRY_C35,-0.5020452776174437,-0.26394862347052434,-0.5020452776174437,0.9020568132400513,0,quality_factor,0.3732289671897888,value_factor,0.32049858570098877,momentum_factor,0.2506532371044159
2021-11-10,688617.SH,pca,3,cn_a,INDUSTRY_C35,-0.6308460662354934,-0.3316652067615589,-0.6308460662354934,0.9020568132400513,1,volatility_factor,0.3672870695590973,momentum_factor,0.32130488753318787,value_factor,0.19815410673618317
2021-11-10,601608.SH,pca,3,cn_a,INDUSTRY_C35,-0.7177700742853158,-0.37736521290477815,-0.7177700742853158,0.9020568132400513,1,volatility_factor,0.6327682137489319,momentum_factor,0.1515204757452011,quality_factor,0.14328265190124512
2021-11-10,601106.SH,pca,3,cn_a,INDUSTRY_C35,-0.8814009875491307,-0.46339361759006115,-0.8814009875491307,0.9020568132400513,1,volatility_factor,0.6451411247253418,momentum_factor,0.22176679968833923,quality_factor,0.09808240085840225
2021-11-10,300529.SZ,pca,3,cn_a,INDUSTRY_C35,-0.9038115039573674,-0.47517587154390684,-0.9038115039573674,0.9020568132400513,1,momentum_factor,0.4864446520805359,value_factor,0.25456076860427856,quality_factor,0.1937582939863205
2021-11-10,300757.SZ,pca,3,cn_a,INDUSTRY_C35,-0.9671966011136996,-0.508500374111398,-0.9671966011136996,0.9020568132400513,0,quality_factor,0.34084707498550415,volatility_factor,0.3030770719051361,value_factor,0.27497193217277527
2021-11-10,300724.SZ,pca,3,cn_a,INDUSTRY_C35,-1.1756704969746328,-0.6181048267280416,-1.1756704969746328,0.9020568132400513,1,momentum_factor,0.573196291923523,value_factor,0.23794321715831757,quality_factor,0.17719435691833496
2021-11-10,603338.SH,pca,3,cn_a,INDUSTRY_C35,-1.186698721511815,-0.6239028788474187,-1.186698721511815,0.9020568132400513,0,volatility_factor,0.3995164930820465,momentum_factor,0.22349625825881958,quality_factor,0.20652812719345093
2021-11-10,688037.SH,pca,3,cn_a,INDUSTRY_C35,-1.323115701380398,-0.6956236491835077,-1.323115701380398,0.9020568132400513,0,quality_factor,0.3471474051475525,value_factor,0.3251694440841675,volatility_factor,0.1775573045015335
2021-11-11,600582.SH,pca,3,cn_a,INDUSTRY_C35,1.2045914759547902,1.1176004229279324,1.2045914759547902,0.07783731073141098,0,quality_factor,0.37974631786346436,value_factor,0.320096492767334,momentum_factor,0.19288578629493713
2021-11-11,600528.SH,pca,3,cn_a,INDUSTRY_C35,1.0597306080694835,0.9832008605484934,1.0597306080694835,0.07783731073141098,0,quality_factor,0.40763482451438904,value_factor,0.40012040734291077,volatility_factor,0.15123246610164642
2021-11-11,002432.SZ,pca,3,cn_a,INDUSTRY_C35,0.9979054096309917,0.9258404447546704,0.9979054096309917,0.07783731073141098,1,quality_factor,0.4746219217777252,value_factor,0.4350215792655945,momentum_factor,0.05271293595433235
2021-11-11,601717.SH,pca,3,cn_a,INDUSTRY_C35,0.8252399657316304,0.7656442479701866,0.8252399657316304,0.07783731073141098,0,quality_factor,0.3876117169857025,value_factor,0.32989293336868286,momentum_factor,0.213213711977005
2021-11-11,002595.SZ,pca,3,cn_a,INDUSTRY_C35,0.6946070053993462,0.6444451073237953,0.6946070053993462,0.07783731073141098,0,momentum_factor,0.4526948630809784,volatility_factor,0.40604162216186523,quality_factor,0.07606401294469833
2021-11-11,002837.SZ,pca,3,cn_a,INDUSTRY_C35,0.6452117505206737,0.5986169914480117,0.6452117505206737,0.07783731073141098,0,volatility_factor,0.47382819652557373,momentum_factor,0.27253013849258423,value_factor,0.1415957510471344
2021-11-11,600499.SH,pca,3,cn_a,INDUSTRY_C35,0.3409627491094667,0.3163397053805087,0.3409627491094667,0.07783731073141098,0,momentum_factor,0.4639028310775757,volatility_factor,0.2712027430534363,quality_factor,0.14304210245609283
2021-11-11,688425.SH,pca,3,cn_a,INDUSTRY_C35,0.32376508841434054,0.30038399487624023,0.32376508841434054,0.07783731073141098,0,quality_factor,0.38029810786247253,value_factor,0.3377285599708557,momentum_factor,0.22334937751293182
2021-11-11,600031.SH,pca,3,cn_a,INDUSTRY_C35,0.27539540741819146,0.25550738980534876,0.27539540741819146,0.07783731073141098,0,momentum_factor,0.34379878640174866,quality_factor,0.31658822298049927,value_factor,0.24213850498199463
2021-11-11,300604.SZ,pca,3,cn_a,INDUSTRY_C35,0.2742744047929593,0.25446734176161695,0.2742744047929593,0.07783731073141098,0,momentum_factor,0.37247562408447266,volatility_factor,0.23578503727912903,quality_factor,0.20602895319461823
2021-11-11,002008.SZ,pca,3,cn_a,INDUSTRY_C35,0.24496433046906532,0.22727393045637007,0.24496433046906532,0.07783731073141098,2,momentum_factor,0.5036100149154663,volatility_factor,0.29994121193885803,quality_factor,0.10667656362056732
2021-11-11,300003.SZ,pca,3,cn_a,INDUSTRY_C35,0.07827967523335606,0.07262661233603429,0.07827967523335606,0.07783731073141098,0,momentum_factor,0.45025870203971863,volatility_factor,0.42750605940818787,quality_factor,0.1184573844075203
2021-11-11,300450.SZ,pca,3,cn_a,INDUSTRY_C35,0.041826828721280726,0.038806252909589695,0.041826828721280726,0.07783731073141098,0,momentum_factor,0.31279709935188293,quality_factor,0.2481565773487091,value_factor,0.22969496250152588
2021-11-11,002353.SZ,pca,3,cn_a,INDUSTRY_C35,0.03753719469561426,0.034826400074012415,0.03753719469561426,0.07783731073141098,0,momentum_factor,0.462983638048172,volatility_factor,0.3558361828327179,quality_factor,0.1494244933128357
2021-11-11,601399.SH,pca,3,cn_a,INDUSTRY_C35,-0.07143415229657502,-0.06627544724643798,-0.07143415229657502,0.07783731073141098,2,volatility_factor,0.6908590197563171,momentum_factor,0.20533540844917297,quality_factor,0.07078976184129715
2021-11-11,002223.SZ,pca,3,cn_a,INDUSTRY_C35,-0.11337434454639428,-0.10518687699810922,-0.11337434454639428,0.07783731073141098,2,volatility_factor,0.4799036979675293,momentum_factor,0.23794153332710266,value_factor,0.15147021412849426
2021-11-11,688012.SH,pca,3,cn_a,INDUSTRY_C35,-0.12372358327484834,-0.11478873273989473,-0.12372358327484834,0.07783731073141098,1,momentum_factor,0.41754159331321716,quality_factor,0.3035178482532501,value_factor,0.235321044921875
2021-11-11,688301.SH,pca,3,cn_a,INDUSTRY_C35,-0.13882914980067804,-0.12880343222500623,-0.13882914980067804,0.07783731073141098,0,quality_factor,0.3079836964607239,value_factor,0.2976986765861511,momentum_factor,0.2043701857328415
2021-11-11,002430.SZ,pca,3,cn_a,INDUSTRY_C35,-0.2992337383926364,-0.2776242064280289,-0.2992337383926364,0.07783731073141098,0,momentum_factor,0.48121193051338196,volatility_factor,0.23818138241767883,quality_factor,0.15855228900909424
2021-11-11,601608.SH,pca,3,cn_a,INDUSTRY_C35,-0.3846261063016157,-0.3568498596016486,-0.3846261063016157,0.07783731073141098,1,volatility_factor,0.5921380519866943,momentum_factor,0.20397590100765228,quality_factor,0.130918949842453
2021-11-11,688037.SH,pca,3,cn_a,INDUSTRY_C35,-0.4179601124818129,-0.3877766095816301,-0.4179601124818129,0.07783731073141098,0,momentum_factor,0.30099016427993774,quality_factor,0.28213754296302795,volatility_factor,0.21246378123760223
2021-11-11,688617.SH,pca,3,cn_a,INDUSTRY_C35,-0.4741765793693288,-0.43993333526259437,-0.4741765793693288,0.07783731073141098,1,momentum_factor,0.35067078471183777,volatility_factor,0.3083086907863617,value_factor,0.2102220207452774
2021-11-11,601106.SH,pca,3,cn_a,INDUSTRY_C35,-0.5045068131439795,-0.46807323395080735,-0.5045068131439795,0.07783731073141098,1,volatility_factor,0.6387759447097778,momentum_factor,0.22942949831485748,quality_factor,0.09652412682771683
2021-11-11,300757.SZ,pca,3,cn_a,INDUSTRY_C35,-0.5895957982596108,-0.5470174134921435,-0.5895957982596108,0.07783731073141098,0,volatility_factor,0.3497471809387207,quality_factor,0.3145025372505188,value_factor,0.24161624908447266
2021-11-11,300751.SZ,pca,3,cn_a,INDUSTRY_C35,-0.6016494144387484,-0.5582005629735373,-0.6016494144387484,0.07783731073141098,0,quality_factor,0.4170253276824951,value_factor,0.3791221082210541,volatility_factor,0.17133258283138275
2021-11-11,300529.SZ,pca,3,cn_a,INDUSTRY_C35,-0.6166691439504699,-0.5721356242699474,-0.6166691439504699,0.07783731073141098,1,momentum_factor,0.4412415623664856,value_factor,0.22919943928718567,quality_factor,0.20121949911117554
2021-11-11,603338.SH,pca,3,cn_a,INDUSTRY_C35,-0.6361641810775648,-0.5902228033452994,-0.6361641810775648,0.07783731073141098,0,volatility_factor,0.35659360885620117,momentum_factor,0.2467208355665207,quality_factor,0.21205799281597137
2021-11-11,300724.SZ,pca,3,cn_a,INDUSTRY_C35,-0.8247849025760964,-0.7652220477593802,-0.8247849025760964,0.07783731073141098,1,momentum_factor,0.5302761793136597,value_factor,0.17536242306232452,volatility_factor,0.155951127409935
2021-11-12,600582.SH,pca,3,cn_a,INDUSTRY_C35,2.15559203753074,1.1879375942293042,2.15559203753074,0.8145667314529419,0,quality_factor,0.36880868673324585,value_factor,0.30616021156311035,momentum_factor,0.18392491340637207
2021-11-12,600528.SH,pca,3,cn_a,INDUSTRY_C35,1.742973333594512,0.9605451832564436,1.742973333594512,0.8145667314529419,0,quality_factor,0.39984437823295593,value_factor,0.396546870470047,volatility_factor,0.17113834619522095
2021-11-12,002432.SZ,pca,3,cn_a,INDUSTRY_C35,1.7072143341448724,0.94083855090735,1.7072143341448724,0.8145667314529419,1,quality_factor,0.5054647922515869,value_factor,0.47758910059928894,momentum_factor,0.01019218098372221
2021-11-12,601717.SH,pca,3,cn_a,INDUSTRY_C35,1.2693087613568017,0.6995106541716729,1.2693087613568017,0.8145667314529419,0,quality_factor,0.43860283493995667,value_factor,0.39501073956489563,momentum_factor,0.1576189547777176
2021-11-12,002595.SZ,pca,3,cn_a,INDUSTRY_C35,0.8245240067807061,0.45439166964143635,0.8245240067807061,0.8145667314529419,0,momentum_factor,0.3810476064682007,volatility_factor,0.347422331571579,quality_factor,0.1440362185239792
2021-11-12,002837.SZ,pca,3,cn_a,INDUSTRY_C35,0.694555822839878,0.3827667568245011,0.694555822839878,0.8145667314529419,0,momentum_factor,0.39348742365837097,volatility_factor,0.2957805395126343,quality_factor,0.16121743619441986
2021-11-12,688425.SH,pca,3,cn_a,INDUSTRY_C35,0.5530753340513705,0.3047974618208268,0.5530753340513705,0.8145667314529419,0,quality_factor,0.38104909658432007,value_factor,0.34022772312164307,momentum_factor,0.21463382244110107
2021-11-12,600031.SH,pca,3,cn_a,INDUSTRY_C35,0.32183185443246576,0.17736016474564797,0.32183185443246576,0.8145667314529419,0,momentum_factor,0.3726028501987457,quality_factor,0.3393651843070984,value_factor,0.27537572383880615
2021-11-12,002008.SZ,pca,3,cn_a,INDUSTRY_C35,0.287877929356485,0.15864830119858872,0.287877929356485,0.8145667314529419,2,momentum_factor,0.6157868504524231,quality_factor,0.15598173439502716,volatility_factor,0.12793505191802979
2021-11-12,002430.SZ,pca,3,cn_a,INDUSTRY_C35,0.07865642827914672,0.04334722273683797,0.07865642827914672,0.8145667314529419,0,momentum_factor,0.4575077295303345,volatility_factor,0.23950272798538208,quality_factor,0.203176349401474
2021-11-12,002353.SZ,pca,3,cn_a,INDUSTRY_C35,0.0697475201054098,0.038437561372880596,0.0697475201054098,0.8145667314529419,0,momentum_factor,0.4658925235271454,volatility_factor,0.3559369444847107,quality_factor,0.14760074019432068
2021-11-12,300003.SZ,pca,3,cn_a,INDUSTRY_C35,0.06298816948685654,0.034712512025623476,0.06298816948685654,0.8145667314529419,0,momentum_factor,0.47504159808158875,volatility_factor,0.3983934819698334,quality_factor,0.12422234565019608
2021-11-12,601399.SH,pca,3,cn_a,INDUSTRY_C35,-0.16706852348945897,-0.09207075198369008,-0.16706852348945897,0.8145667314529419,2,volatility_factor,0.6038662791252136,momentum_factor,0.2845417857170105,quality_factor,0.06939318031072617
2021-11-12,600499.SH,pca,3,cn_a,INDUSTRY_C35,-0.25240864279522596,-0.13910132838879935,-0.25240864279522596,0.8145667314529419,0,momentum_factor,0.35285013914108276,volatility_factor,0.2667740285396576,quality_factor,0.23317201435565948
2021-11-12,300450.SZ,pca,3,cn_a,INDUSTRY_C35,-0.343996024084898,-0.1895747442748809,-0.343996024084898,0.8145667314529419,0,quality_factor,0.3438802659511566,momentum_factor,0.3010725677013397,value_factor,0.3010604679584503
2021-11-12,002223.SZ,pca,3,cn_a,INDUSTRY_C35,-0.3885433183849686,-0.2141245684989816,-0.3885433183849686,0.8145667314529419,2,volatility_factor,0.5883743166923523,momentum_factor,0.20860332250595093,value_factor,0.12431976944208145
2021-11-12,300757.SZ,pca,3,cn_a,INDUSTRY_C35,-0.5033651523955684,-0.2774023923565042,-0.5033651523955684,0.8145667314529419,0,momentum_factor,0.36668145656585693,volatility_factor,0.25919607281684875,quality_factor,0.23177555203437805
2021-11-12,688301.SH,pca,3,cn_a,INDUSTRY_C35,-0.5076840213296396,-0.27978250263804405,-0.5076840213296396,0.8145667314529419,0,quality_factor,0.415274977684021,value_factor,0.37300407886505127,momentum_factor,0.19862797856330872
2021-11-12,300604.SZ,pca,3,cn_a,INDUSTRY_C35,-0.5594269883958818,-0.308297831487268,-0.5594269883958818,0.8145667314529419,0,quality_factor,0.35193607211112976,value_factor,0.29302170872688293,momentum_factor,0.2833517789840698
2021-11-12,688037.SH,pca,3,cn_a,INDUSTRY_C35,-0.5971205782115582,-0.3290706083503679,-0.5971205782115582,0.8145667314529419,0,quality_factor,0.34882310032844543,value_factor,0.2888105809688568,momentum_factor,0.27857521176338196
2021-11-12,601608.SH,pca,3,cn_a,INDUSTRY_C35,-0.724210962736601,-0.3991095781617896,-0.724210962736601,0.8145667314529419,1,volatility_factor,0.7250871658325195,quality_factor,0.146932452917099,momentum_factor,0.0744028091430664
2021-11-12,601106.SH,pca,3,cn_a,INDUSTRY_C35,-0.7694120771714191,-0.42401971987844345,-0.7694120771714191,0.8145667314529419,1,volatility_factor,0.6487830281257629,momentum_factor,0.20900873839855194,quality_factor,0.10353932529687881
2021-11-12,300529.SZ,pca,3,cn_a,INDUSTRY_C35,-0.7766410073677994,-0.42800355253175787,-0.7766410073677994,0.8145667314529419,1,quality_factor,0.31399932503700256,value_factor,0.3089466691017151,momentum_factor,0.22670143842697144
2021-11-12,688617.SH,pca,3,cn_a,INDUSTRY_C35,-0.7841260321146819,-0.4321285178015053,-0.7841260321146819,0.8145667314529419,1,momentum_factor,0.3416138291358948,volatility_factor,0.30469292402267456,value_factor,0.2156164050102234
2021-11-12,688012.SH,pca,3,cn_a,INDUSTRY_C35,-0.8341295645335598,-0.45968525162238805,-0.8341295645335598,0.8145667314529419,1,volatility_factor,0.30453091859817505,quality_factor,0.2947809100151062,value_factor,0.2185678780078888
2021-11-12,300751.SZ,pca,3,cn_a,INDUSTRY_C35,-1.0311033475042186,-0.5682366647814621,-1.0311033475042186,0.8145667314529419,0,quality_factor,0.3929634690284729,value_factor,0.3394621014595032,volatility_factor,0.23408454656600952
2021-11-12,603338.SH,pca,3,cn_a,INDUSTRY_C35,-1.1685169819106225,-0.6439647336502081,-1.1685169819106225,0.8145667314529419,0,volatility_factor,0.4084791839122772,momentum_factor,0.2307049036026001,quality_factor,0.1984841674566269
2021-11-12,300724.SZ,pca,3,cn_a,INDUSTRY_C35,-1.3943459396899553,-0.7684181107924802,-1.3943459396899553,0.8145667314529419,1,momentum_factor,0.5280854105949402,value_factor,0.17631104588508606,volatility_factor,0.15590810775756836
2021-11-15,600582.SH,pca,3,cn_a,INDUSTRY_C35,1.6290971613609886,1.196719022187353,1.6290971613609886,0.3613029420375824,0,quality_factor,0.35339048504829407,value_factor,0.287087082862854,momentum_factor,0.19554518163204193
2021-11-15,600528.SH,pca,3,cn_a,INDUSTRY_C35,1.2954634566784575,0.9516349287973271,1.2954634566784575,0.3613029420375824,0,quality_factor,0.39798811078071594,value_factor,0.3940584659576416,volatility_factor,0.17025494575500488
2021-11-15,002432.SZ,pca,3,cn_a,INDUSTRY_C35,1.2053583443257525,0.8854445845340504,1.2053583443257525,0.3613029420375824,1,value_factor,0.33816665410995483,quality_factor,0.3119247555732727,volatility_factor,0.17545020580291748
2021-11-15,601717.SH,pca,3,cn_a,INDUSTRY_C35,1.1700623621473822,0.8595164973201769,1.1700623621473822,0.3613029420375824,0,quality_factor,0.3750300407409668,value_factor,0.311466246843338,volatility_factor,0.1924104243516922
2021-11-15,002595.SZ,pca,3,cn_a,INDUSTRY_C35,0.71029026079427,0.5217723574306596,0.71029026079427,0.3613029420375824,0,volatility_factor,0.3938518762588501,momentum_factor,0.3792472183704376,quality_factor,0.12414839118719101
2021-11-15,688425.SH,pca,3,cn_a,INDUSTRY_C35,0.33546601736918724,0.2464300925721034,0.33546601736918724,0.3613029420375824,0,quality_factor,0.34547093510627747,value_factor,0.32213467359542847,momentum_factor,0.18398548662662506
2021-11-15,600031.SH,pca,3,cn_a,INDUSTRY_C35,0.25774838507200093,0.1893394713769223,0.25774838507200093,0.3613029420375824,0,quality_factor,0.34101173281669617,momentum_factor,0.3408545255661011,value_factor,0.28365829586982727
2021-11-15,002837.SZ,pca,3,cn_a,INDUSTRY_C35,0.20373586077800487,0.14966239330443856,0.20373586077800487,0.3613029420375824,0,volatility_factor,0.3402443528175354,momentum_factor,0.26083365082740784,value_factor,0.20409530401229858
2021-11-15,002353.SZ,pca,3,cn_a,INDUSTRY_C35,0.12126560355279768,0.08908053979262087,0.12126560355279768,0.3613029420375824,0,volatility_factor,0.4460730254650116,momentum_factor,0.430771142244339,quality_factor,0.1200890988111496
2021-11-15,002008.SZ,pca,3,cn_a,INDUSTRY_C35,0.10869081978999394,0.0798432252322861,0.10869081978999394,0.3613029420375824,2,momentum_factor,0.4866030812263489,volatility_factor,0.21010513603687286,quality_factor,0.1639915257692337
2021-11-15,300003.SZ,pca,3,cn_a,INDUSTRY_C35,0.10439457340807266,0.07668724418266379,0.10439457340807266,0.3613029420375824,0,momentum_factor,0.44077247381210327,volatility_factor,0.43625396490097046,quality_factor,0.12040288746356964
2021-11-15,002430.SZ,pca,3,cn_a,INDUSTRY_C35,0.03459494021151786,0.02541310856374622,0.03459494021151786,0.3613029420375824,0,momentum_factor,0.4660366177558899,quality_factor,0.249057799577713,value_factor,0.15568643808364868
2021-11-15,601399.SH,pca,3,cn_a,INDUSTRY_C35,-0.12536240788094674,-0.09209001263804625,-0.12536240788094674,0.3613029420375824,2,volatility_factor,0.6430391669273376,momentum_factor,0.24658140540122986,quality_factor,0.05851025879383087
2021-11-15,688301.SH,pca,3,cn_a,INDUSTRY_C35,-0.1989602566848789,-0.14615428071531272,-0.1989602566848789,0.3613029420375824,0,quality_factor,0.3297215402126312,value_factor,0.2949047386646271,momentum_factor,0.28563833236694336
2021-11-15,300757.SZ,pca,3,cn_a,INDUSTRY_C35,-0.2631161823966759,-0.19328260338773395,-0.2631161823966759,0.3613029420375824,0,momentum_factor,0.37564313411712646,quality_factor,0.28490564227104187,value_factor,0.2104402333498001
2021-11-15,002223.SZ,pca,3,cn_a,INDUSTRY_C35,-0.29332483575632556,-0.21547358804328084,-0.29332483575632556,0.3613029420375824,2,volatility_factor,0.7372444868087769,value_factor,0.13047420978546143,momentum_factor,0.08394300192594528
2021-11-15,300529.SZ,pca,3,cn_a,INDUSTRY_C35,-0.3661375656113465,-0.26896111533238165,-0.3661375656113465,0.3613029420375824,1,quality_factor,0.4490520656108856,value_factor,0.4466971457004547,volatility_factor,0.06570877134799957
2021-11-15,688037.SH,pca,3,cn_a,INDUSTRY_C35,-0.3993204398378016,-0.29333693387746707,-0.3993204398378016,0.3613029420375824,0,quality_factor,0.3858581483364105,value_factor,0.339657187461853,momentum_factor,0.2619851529598236
2021-11-15,300450.SZ,pca,3,cn_a,INDUSTRY_C35,-0.4213646294871512,-0.30953038243767644,-0.4213646294871512,0.3613029420375824,0,quality_factor,0.4099847674369812,value_factor,0.38521862030029297,momentum_factor,0.13959084451198578
2021-11-15,600499.SH,pca,3,cn_a,INDUSTRY_C35,-0.4916383413591075,-0.3611527716674421,-0.4916383413591075,0.3613029420375824,0,volatility_factor,0.40199553966522217,quality_factor,0.26618677377700806,value_factor,0.2167046070098877
2021-11-15,601106.SH,pca,3,cn_a,INDUSTRY_C35,-0.5000049630447096,-0.36729881105667084,-0.5000049630447096,0.3613029420375824,1,momentum_factor,0.46463707089424133,volatility_factor,0.3967786133289337,value_factor,0.07089833915233612
2021-11-15,300604.SZ,pca,3,cn_a,INDUSTRY_C35,-0.501029783533791,-0.3680516342784524,-0.501029783533791,0.3613029420375824,0,quality_factor,0.4357866942882538,value_factor,0.405555784702301,momentum_factor,0.12999239563941956
2021-11-15,601608.SH,pca,3,cn_a,INDUSTRY_C35,-0.5193889512583189,-0.38153810136499233,-0.5193889512583189,0.3613029420375824,1,volatility_factor,0.5462969541549683,momentum_factor,0.23973239958286285,quality_factor,0.1308966726064682
2021-11-15,688012.SH,pca,3,cn_a,INDUSTRY_C35,-0.6473714071088535,-0.47555277590695455,-0.6473714071088535,0.3613029420375824,1,volatility_factor,0.3310254216194153,quality_factor,0.2783230245113373,value_factor,0.19782382249832153
2021-11-15,688617.SH,pca,3,cn_a,INDUSTRY_C35,-0.7083105566467279,-0.5203180859066165,-0.7083105566467279,0.3613029420375824,1,momentum_factor,0.3606248199939728,value_factor,0.24174608290195465,volatility_factor,0.22271840274333954
2021-11-15,603338.SH,pca,3,cn_a,INDUSTRY_C35,-0.8493115773864313,-0.6238960723332014,-0.8493115773864313,0.3613029420375824,0,volatility_factor,0.3897464871406555,momentum_factor,0.24199920892715454,quality_factor,0.20021861791610718
2021-11-15,300724.SZ,pca,3,cn_a,INDUSTRY_C35,-0.9013438342845124,-0.6621184651248336,-0.9013438342845124,0.3613029420375824,1,momentum_factor,0.6115573048591614,value_factor,0.2100629210472107,quality_factor,0.1462188959121704
2021-11-15,300751.SZ,pca,3,cn_a,INDUSTRY_C35,-1.061678784699652,-0.779898969341639,-1.061678784699652,0.3613029420375824,0,quality_factor,0.30380162596702576,volatility_factor,0.30299094319343567,value_factor,0.2639021873474121
2021-11-16,600582.SH,pca,3,cn_a,INDUSTRY_C35,1.6061492498742225,1.29760718499682,1.6061492498742225,0.2377777397632599,0,quality_factor,0.3408564031124115,value_factor,0.27123451232910156,volatility_factor,0.19886262714862823
2021-11-16,002432.SZ,pca,3,cn_a,INDUSTRY_C35,1.3124791503382496,1.0603512567532578,1.3124791503382496,0.2377777397632599,1,momentum_factor,0.2988092005252838,value_factor,0.29369184374809265,quality_factor,0.25206509232521057
2021-11-16,600528.SH,pca,3,cn_a,INDUSTRY_C35,1.1667640789216969,0.942628122587955,1.1667640789216969,0.2377777397632599,0,quality_factor,0.39613208174705505,value_factor,0.3915703594684601,volatility_factor,0.16937164962291718
2021-11-16,601717.SH,pca,3,cn_a,INDUSTRY_C35,1.1382701394936343,0.9196078830095886,1.1382701394936343,0.2377777397632599,0,quality_factor,0.3831906020641327,value_factor,0.3202050030231476,volatility_factor,0.23213355243206024
2021-11-16,002595.SZ,pca,3,cn_a,INDUSTRY_C35,0.5622224145209982,0.4542192107650259,0.5622224145209982,0.2377777397632599,0,momentum_factor,0.38275957107543945,volatility_factor,0.35585612058639526,quality_factor,0.1393207460641861
2021-11-16,600031.SH,pca,3,cn_a,INDUSTRY_C35,0.3269103160672488,0.2641106827473615,0.3269103160672488,0.2377777397632599,0,momentum_factor,0.34080883860588074,quality_factor,0.3266514539718628,value_factor,0.25479254126548767
2021-11-16,688425.SH,pca,3,cn_a,INDUSTRY_C35,0.30725877317139644,0.24823421095625733,0.30725877317139644,0.2377777397632599,0,quality_factor,0.3453885018825531,value_factor,0.31917858123779297,momentum_factor,0.19716297090053558
2021-11-16,300757.SZ,pca,3,cn_a,INDUSTRY_C35,0.2191740697450042,0.17707062260146939,0.2191740697450042,0.2377777397632599,0,momentum_factor,0.4996371865272522,quality_factor,0.23217682540416718,value_factor,0.17595639824867249
2021-11-16,002837.SZ,pca,3,cn_a,INDUSTRY_C35,0.05910619574757604,0.047751866326176895,0.05910619574757604,0.2377777397632599,0,volatility_factor,0.28855934739112854,momentum_factor,0.24848110973834991,value_factor,0.23255307972431183
2021-11-16,300003.SZ,pca,3,cn_a,INDUSTRY_C35,0.05368285413744385,0.04337035132030129,0.05368285413744385,0.2377777397632599,0,momentum_factor,0.46486160159111023,volatility_factor,0.4064881205558777,quality_factor,0.12549184262752533
2021-11-16,002430.SZ,pca,3,cn_a,INDUSTRY_C35,0.02266461515332624,0.018310731378448804,0.02266461515332624,0.2377777397632599,0,momentum_factor,0.4744078516960144,quality_factor,0.2533138394355774,value_factor,0.1608821451663971
2021-11-16,002008.SZ,pca,3,cn_a,INDUSTRY_C35,-0.04686556200704258,-0.0378626643781795,-0.04686556200704258,0.2377777397632599,2,quality_factor,0.32483839988708496,value_factor,0.29241177439689636,momentum_factor,0.2553529739379883
2021-11-16,002353.SZ,pca,3,cn_a,INDUSTRY_C35,-0.05874625268538365,-0.04746106850416429,-0.05874625268538365,0.2377777397632599,0,momentum_factor,0.5334432721138,volatility_factor,0.3306918442249298,quality_factor,0.12768688797950745
2021-11-16,688301.SH,pca,3,cn_a,INDUSTRY_C35,-0.13978831655803817,-0.11293491184491414,-0.13978831655803817,0.2377777397632599,0,quality_factor,0.301512748003006,value_factor,0.2904139459133148,momentum_factor,0.21619266271591187
2021-11-16,002223.SZ,pca,3,cn_a,INDUSTRY_C35,-0.14743261215371448,-0.11911073447781448,-0.14743261215371448,0.2377777397632599,2,volatility_factor,0.7166419625282288,momentum_factor,0.16014841198921204,value_factor,0.1159549131989479
2021-11-16,300450.SZ,pca,3,cn_a,INDUSTRY_C35,-0.25068148745535124,-0.20252544979442422,-0.25068148745535124,0.2377777397632599,0,value_factor,0.3319024443626404,quality_factor,0.33078572154045105,volatility_factor,0.2132030427455902
2021-11-16,601399.SH,pca,3,cn_a,INDUSTRY_C35,-0.2654060415372616,-0.21442140975833007,-0.2654060415372616,0.2377777397632599,2,volatility_factor,0.8601827621459961,value_factor,0.0745578482747078,quality_factor,0.04038083925843239
2021-11-16,300604.SZ,pca,3,cn_a,INDUSTRY_C35,-0.2735205441728652,-0.22097711242634765,-0.2735205441728652,0.2377777397632599,0,value_factor,0.3467913866043091,volatility_factor,0.324204683303833,quality_factor,0.3166138827800751
2021-11-16,300529.SZ,pca,3,cn_a,INDUSTRY_C35,-0.2920711568064079,-0.2359641432027607,-0.2920711568064079,0.2377777397632599,1,value_factor,0.4144728183746338,quality_factor,0.4042421579360962,volatility_factor,0.1533287763595581
2021-11-16,688617.SH,pca,3,cn_a,INDUSTRY_C35,-0.481069067635505,-0.3886554619332149,-0.481069067635505,0.2377777397632599,1,volatility_factor,0.321437269449234,momentum_factor,0.3157947361469269,value_factor,0.21967150270938873
2021-11-16,601106.SH,pca,3,cn_a,INDUSTRY_C35,-0.4999888766558654,-0.4039407662880311,-0.4999888766558654,0.2377777397632599,1,volatility_factor,0.476712703704834,momentum_factor,0.4164142608642578,quality_factor,0.06034603342413902
2021-11-16,688012.SH,pca,3,cn_a,INDUSTRY_C35,-0.5112669168254049,-0.4130522893658667,-0.5112669168254049,0.2377777397632599,1,quality_factor,0.3358196020126343,value_factor,0.2704744040966034,volatility_factor,0.23747214674949646
2021-11-16,601608.SH,pca,3,cn_a,INDUSTRY_C35,-0.5471352631374423,-0.4420303086203654,-0.5471352631374423,0.2377777397632599,1,volatility_factor,0.4987548291683197,momentum_factor,0.3437899947166443,quality_factor,0.09260769188404083
2021-11-16,600499.SH,pca,3,cn_a,INDUSTRY_C35,-0.6996967467435031,-0.5652846558091473,-0.6996967467435031,0.2377777397632599,0,volatility_factor,0.3888876736164093,momentum_factor,0.3344089686870575,quality_factor,0.14727278053760529
2021-11-16,688037.SH,pca,3,cn_a,INDUSTRY_C35,-0.7108998338161862,-0.5743356243170845,-0.7108998338161862,0.2377777397632599,0,quality_factor,0.3256992697715759,volatility_factor,0.27389416098594666,value_factor,0.25618013739585876
2021-11-16,603338.SH,pca,3,cn_a,INDUSTRY_C35,-0.7268084054218069,-0.5871881514530941,-0.7268084054218069,0.2377777397632599,0,volatility_factor,0.35952994227409363,momentum_factor,0.23964658379554749,quality_factor,0.2148125320672989
2021-11-16,300751.SZ,pca,3,cn_a,INDUSTRY_C35,-0.8138327929818112,-0.657495111143579,-0.8138327929818112,0.2377777397632599,0,quality_factor,0.35397815704345703,value_factor,0.31931838393211365,volatility_factor,0.2258293479681015
2021-11-16,300724.SZ,pca,3,cn_a,INDUSTRY_C35,-0.8231308472055207,-0.6650070045545556,-0.8231308472055207,0.2377777397632599,1,momentum_factor,0.6090232133865356,value_factor,0.20077404379844666,quality_factor,0.13945958018302917
2021-11-17,600582.SH,pca,3,cn_a,INDUSTRY_C35,2.1764967465070484,1.2487340508652947,2.1764967465070484,0.742962658405304,0,quality_factor,0.34485968947410583,value_factor,0.27626872062683105,momentum_factor,0.1907300502061844
2021-11-17,002432.SZ,pca,3,cn_a,INDUSTRY_C35,2.1193345973426228,1.2159380808291278,2.1193345973426228,0.742962658405304,1,momentum_factor,0.3689574897289276,value_factor,0.296367883682251,quality_factor,0.2577635645866394
2021-11-17,601717.SH,pca,3,cn_a,INDUSTRY_C35,1.7168008115861344,0.9849900466983476,1.7168008115861344,0.742962658405304,0,quality_factor,0.33076557517051697,value_factor,0.30447810888290405,volatility_factor,0.19044142961502075
2021-11-17,600528.SH,pca,3,cn_a,INDUSTRY_C35,1.6820637788371813,0.9650601682414857,1.6820637788371813,0.742962658405304,0,quality_factor,0.40079277753829956,value_factor,0.3978182077407837,volatility_factor,0.1715896725654602
2021-11-17,002595.SZ,pca,3,cn_a,INDUSTRY_C35,0.7623823438123959,0.4374060260025056,0.7623823438123959,0.742962658405304,0,momentum_factor,0.367794394493103,volatility_factor,0.3613967001438141,quality_factor,0.14558015763759613
2021-11-17,002837.SZ,pca,3,cn_a,INDUSTRY_C35,0.5578704467709036,0.3200702339538306,0.5578704467709036,0.742962658405304,0,volatility_factor,0.3687087893486023,momentum_factor,0.30084705352783203,value_factor,0.17002242803573608
2021-11-17,600031.SH,pca,3,cn_a,INDUSTRY_C35,0.5452389912620035,0.3128231160193483,0.5452389912620035,0.742962658405304,0,quality_factor,0.3212778568267822,momentum_factor,0.31445497274398804,value_factor,0.24745610356330872
2021-11-17,688425.SH,pca,3,cn_a,INDUSTRY_C35,0.4348620653708219,0.24949592473760054,0.4348620653708219,0.742962658405304,0,quality_factor,0.34451037645339966,value_factor,0.3220707178115845,momentum_factor,0.18150068819522858
2021-11-17,300604.SZ,pca,3,cn_a,INDUSTRY_C35,0.43291096651826144,0.24837650952243584,0.43291096651826144,0.742962658405304,0,volatility_factor,0.45355090498924255,value_factor,0.21500548720359802,quality_factor,0.17766359448432922
2021-11-17,300757.SZ,pca,3,cn_a,INDUSTRY_C35,0.15702631510316015,0.09009161482364034,0.15702631510316015,0.742962658405304,0,momentum_factor,0.5499861836433411,quality_factor,0.2595241665840149,value_factor,0.18208801746368408
2021-11-17,002430.SZ,pca,3,cn_a,INDUSTRY_C35,0.07375988061254102,0.04231868237637201,0.07375988061254102,0.742962658405304,0,momentum_factor,0.4338211417198181,quality_factor,0.27653568983078003,value_factor,0.18817856907844543
2021-11-17,688301.SH,pca,3,cn_a,INDUSTRY_C35,0.05103461282496523,0.02928038321653166,0.05103461282496523,0.742962658405304,0,momentum_factor,0.3636496961116791,quality_factor,0.25672072172164917,value_factor,0.22458866238594055
2021-11-17,002008.SZ,pca,3,cn_a,INDUSTRY_C35,0.03239265125266693,0.01858482291872268,0.03239265125266693,0.742962658405304,2,momentum_factor,0.4483600854873657,quality_factor,0.22891290485858917,value_factor,0.20004910230636597
2021-11-17,300003.SZ,pca,3,cn_a,INDUSTRY_C35,-0.029336670459201877,-0.0168314974052734,-0.029336670459201877,0.742962658405304,0,momentum_factor,0.5150842070579529,volatility_factor,0.33913329243659973,quality_factor,0.13277247548103333
2021-11-17,601399.SH,pca,3,cn_a,INDUSTRY_C35,-0.1239516643691425,-0.07111550440292536,-0.1239516643691425,0.742962658405304,2,volatility_factor,0.6568119525909424,momentum_factor,0.23612377047538757,value_factor,0.06545332074165344
2021-11-17,002353.SZ,pca,3,cn_a,INDUSTRY_C35,-0.25001938898037873,-0.14344506827192866,-0.25001938898037873,0.742962658405304,0,momentum_factor,0.6511979103088379,quality_factor,0.15394052863121033,volatility_factor,0.15289656817913055
2021-11-17,688012.SH,pca,3,cn_a,INDUSTRY_C35,-0.28819685324381056,-0.16534884537517913,-0.28819685324381056,0.742962658405304,1,quality_factor,0.33217570185661316,value_factor,0.31368666887283325,momentum_factor,0.21073128283023834
2021-11-17,002223.SZ,pca,3,cn_a,INDUSTRY_C35,-0.29969305818907344,-0.17194462944603267,-0.29969305818907344,0.742962658405304,2,volatility_factor,0.7640984654426575,momentum_factor,0.11929003894329071,value_factor,0.11439058929681778
2021-11-17,300450.SZ,pca,3,cn_a,INDUSTRY_C35,-0.3703308630666335,-0.2124720652763633,-0.3703308630666335,0.742962658405304,0,quality_factor,0.33962157368659973,value_factor,0.3340229094028473,volatility_factor,0.18361976742744446
2021-11-17,300724.SZ,pca,3,cn_a,INDUSTRY_C35,-0.43559587590285304,-0.24991693809298526,-0.43559587590285304,0.742962658405304,1,momentum_factor,0.3950197994709015,volatility_factor,0.37703657150268555,value_factor,0.16300031542778015
2021-11-17,300529.SZ,pca,3,cn_a,INDUSTRY_C35,-0.5661165845117067,-0.3248013381935184,-0.5661165845117067,0.742962658405304,1,quality_factor,0.3681638836860657,value_factor,0.31225308775901794,volatility_factor,0.21805831789970398
2021-11-17,601608.SH,pca,3,cn_a,INDUSTRY_C35,-0.6144391573097281,-0.3525257270193443,-0.6144391573097281,0.742962658405304,1,volatility_factor,0.39988258481025696,momentum_factor,0.3613322377204895,quality_factor,0.12553134560585022
2021-11-17,603338.SH,pca,3,cn_a,INDUSTRY_C35,-0.694136736057753,-0.3982510792459871,-0.694136736057753,0.742962658405304,0,value_factor,0.3259424567222595,momentum_factor,0.3252563774585724,quality_factor,0.30372461676597595
2021-11-17,600499.SH,pca,3,cn_a,INDUSTRY_C35,-0.6983315717002571,-0.4006578065305488,-0.6983315717002571,0.742962658405304,0,volatility_factor,0.3198274075984955,quality_factor,0.25447240471839905,value_factor,0.22630003094673157
2021-11-17,601106.SH,pca,3,cn_a,INDUSTRY_C35,-0.7496037640583102,-0.43007449762497263,-0.7496037640583102,0.742962658405304,1,volatility_factor,0.5376787781715393,momentum_factor,0.37312909960746765,quality_factor,0.05843668803572655
2021-11-17,688617.SH,pca,3,cn_a,INDUSTRY_C35,-0.8302519802257512,-0.4763452645495959,-0.8302519802257512,0.742962658405304,1,momentum_factor,0.36002597212791443,volatility_factor,0.2800682783126831,value_factor,0.21802541613578796
2021-11-17,688037.SH,pca,3,cn_a,INDUSTRY_C35,-0.9037383181695461,-0.5185070057105142,-0.9037383181695461,0.742962658405304,0,quality_factor,0.33228299021720886,value_factor,0.26518914103507996,volatility_factor,0.23217307031154633
2021-11-17,300751.SZ,pca,3,cn_a,INDUSTRY_C35,-1.2515098726594303,-0.7180359885637249,-1.2515098726594303,0.742962658405304,0,quality_factor,0.3114098012447357,value_factor,0.3073227107524872,momentum_factor,0.24157069623470306
2021-11-18,002432.SZ,pca,3,cn_a,INDUSTRY_C35,1.8425328680325226,1.4206360626829877,1.8425328680325226,0.29697737097740173,1,momentum_factor,0.37290990352630615,value_factor,0.2735385298728943,quality_factor,0.25839754939079285
2021-11-18,600582.SH,pca,3,cn_a,INDUSTRY_C35,1.5621657943985428,1.2044664721678198,1.5621657943985428,0.29697737097740173,0,quality_factor,0.36926034092903137,value_factor,0.3063802719116211,momentum_factor,0.17100468277931213
2021-11-18,600528.SH,pca,3,cn_a,INDUSTRY_C35,1.2869774462927626,0.9922898005154526,1.2869774462927626,0.29697737097740173,0,quality_factor,0.40869975090026855,value_factor,0.40363451838493347,volatility_factor,0.15891088545322418
2021-11-18,601717.SH,pca,3,cn_a,INDUSTRY_C35,1.147751413213447,0.8849432631003712,1.147751413213447,0.29697737097740173,0,quality_factor,0.4172673523426056,value_factor,0.3806975483894348,volatility_factor,0.13621018826961517
2021-11-18,002595.SZ,pca,3,cn_a,INDUSTRY_C35,0.7618023666292985,0.5873674947391634,0.7618023666292985,0.29697737097740173,0,volatility_factor,0.4396156072616577,momentum_factor,0.3812950551509857,quality_factor,0.10243590176105499
2021-11-18,300604.SZ,pca,3,cn_a,INDUSTRY_C35,0.524898136884732,0.40470877639746905,0.524898136884732,0.29697737097740173,0,volatility_factor,0.3747028708457947,momentum_factor,0.2783139944076538,value_factor,0.17946112155914307
2021-11-18,300757.SZ,pca,3,cn_a,INDUSTRY_C35,0.4104439536948498,0.3164619163357024,0.4104439536948498,0.29697737097740173,0,momentum_factor,0.4932897388935089,quality_factor,0.20182332396507263,value_factor,0.15556877851486206
2021-11-18,688425.SH,pca,3,cn_a,INDUSTRY_C35,0.2512426857454546,0.19371400426438512,0.2512426857454546,0.29697737097740173,0,quality_factor,0.3154068887233734,value_factor,0.3024188280105591,volatility_factor,0.203817680478096
2021-11-18,600031.SH,pca,3,cn_a,INDUSTRY_C35,0.24270241725974678,0.1871292569275591,0.24270241725974678,0.29697737097740173,0,momentum_factor,0.34273555874824524,quality_factor,0.33613044023513794,value_factor,0.27994510531425476
2021-11-18,002837.SZ,pca,3,cn_a,INDUSTRY_C35,0.09364432678992471,0.0722019726277629,0.09364432678992471,0.29697737097740173,0,momentum_factor,0.34679898619651794,quality_factor,0.23488298058509827,value_factor,0.2132720649242401
2021-11-18,601399.SH,pca,3,cn_a,INDUSTRY_C35,0.03894971200048059,0.03003114161978812,0.03894971200048059,0.29697737097740173,2,momentum_factor,0.5322394967079163,volatility_factor,0.36341530084609985,quality_factor,0.0632902979850769
2021-11-18,002008.SZ,pca,3,cn_a,INDUSTRY_C35,0.029067626749643225,0.022411822081223765,0.029067626749643225,0.29697737097740173,2,momentum_factor,0.4097850024700165,quality_factor,0.2130529135465622,value_factor,0.19814419746398926
2021-11-18,002430.SZ,pca,3,cn_a,INDUSTRY_C35,-0.0011579486114126532,-0.0008928055421139267,-0.0011579486114126532,0.29697737097740173,0,momentum_factor,0.30005621910095215,quality_factor,0.26486751437187195,value_factor,0.23346397280693054
2021-11-18,688037.SH,pca,3,cn_a,INDUSTRY_C35,-0.04531817930902204,-0.03494137930373914,-0.04531817930902204,0.29697737097740173,0,volatility_factor,0.38298362493515015,value_factor,0.27524107694625854,quality_factor,0.24403893947601318
2021-11-18,300003.SZ,pca,3,cn_a,INDUSTRY_C35,-0.0968302679106792,-0.07465840796645049,-0.0968302679106792,0.29697737097740173,0,momentum_factor,0.5701209306716919,volatility_factor,0.26061877608299255,quality_factor,0.14269810914993286
2021-11-18,688012.SH,pca,3,cn_a,INDUSTRY_C35,-0.12818672383179444,-0.09883497102935673,-0.12818672383179444,0.29697737097740173,1,quality_factor,0.2902053892612457,value_factor,0.2876852750778198,volatility_factor,0.22984668612480164
2021-11-18,601608.SH,pca,3,cn_a,INDUSTRY_C35,-0.16995455988640776,-0.13103895240135527,-0.16995455988640776,0.29697737097740173,1,quality_factor,0.4278307259082794,value_factor,0.39876824617385864,volatility_factor,0.09973382949829102
2021-11-18,688301.SH,pca,3,cn_a,INDUSTRY_C35,-0.20035432565195055,-0.15447788491264414,-0.20035432565195055,0.29697737097740173,0,momentum_factor,0.3738967180252075,quality_factor,0.3396717309951782,value_factor,0.2803998291492462
2021-11-18,300724.SZ,pca,3,cn_a,INDUSTRY_C35,-0.20216686451699487,-0.1558753948954354,-0.20216686451699487,0.29697737097740173,1,volatility_factor,0.43170398473739624,momentum_factor,0.35098031163215637,value_factor,0.158913254737854
2021-11-18,002353.SZ,pca,3,cn_a,INDUSTRY_C35,-0.20743923478605958,-0.15994051605012555,-0.20743923478605958,0.29697737097740173,0,momentum_factor,0.6278139352798462,volatility_factor,0.17222431302070618,quality_factor,0.15531177818775177
2021-11-18,002223.SZ,pca,3,cn_a,INDUSTRY_C35,-0.2911838490050782,-0.2245095780620562,-0.2911838490050782,0.29697737097740173,2,volatility_factor,0.7925237417221069,value_factor,0.12534187734127045,momentum_factor,0.05120721831917763
2021-11-18,603338.SH,pca,3,cn_a,INDUSTRY_C35,-0.3152290244062231,-0.2430489723388487,-0.3152290244062231,0.29697737097740173,0,quality_factor,0.3737892210483551,value_factor,0.32172369956970215,momentum_factor,0.1955166459083557
2021-11-18,600499.SH,pca,3,cn_a,INDUSTRY_C35,-0.32132087303579615,-0.24774593053250016,-0.32132087303579615,0.29697737097740173,0,quality_factor,0.2862461507320404,volatility_factor,0.2765166759490967,momentum_factor,0.22591616213321686
2021-11-18,300450.SZ,pca,3,cn_a,INDUSTRY_C35,-0.37239007796099455,-0.2871214854916662,-0.37239007796099455,0.29697737097740173,0,quality_factor,0.3897513747215271,value_factor,0.3793024718761444,volatility_factor,0.1290072649717331
2021-11-18,300529.SZ,pca,3,cn_a,INDUSTRY_C35,-0.5085562452026708,-0.39210879456876746,-0.5085562452026708,0.29697737097740173,1,quality_factor,0.3646605908870697,value_factor,0.3211731016635895,volatility_factor,0.2623863220214844
2021-11-18,601106.SH,pca,3,cn_a,INDUSTRY_C35,-0.5242227746910153,-0.404188056303726,-0.5242227746910153,0.29697737097740173,1,volatility_factor,0.5653195977210999,momentum_factor,0.3136078715324402,quality_factor,0.08021436631679535
2021-11-18,688617.SH,pca,3,cn_a,INDUSTRY_C35,-0.83162954818167,-0.6412058896953072,-0.83162954818167,0.29697737097740173,1,momentum_factor,0.42692044377326965,value_factor,0.2553899586200714,quality_factor,0.1954832524061203
2021-11-18,300751.SZ,pca,3,cn_a,INDUSTRY_C35,-1.0747991950066846,-0.8286953915777799,-1.0747991950066846,0.29697737097740173,0,volatility_factor,0.32203659415245056,quality_factor,0.28610605001449585,value_factor,0.24625590443611145
2021-11-19,002432.SZ,pca,3,cn_a,INDUSTRY_C35,2.2401052990040853,1.4673880291754005,2.2401052990040853,0.5265936255455017,1,momentum_factor,0.35996168851852417,value_factor,0.24862734973430634,quality_factor,0.24163392186164856
2021-11-19,600582.SH,pca,3,cn_a,INDUSTRY_C35,1.7765817921571103,1.1637554965926487,1.7765817921571103,0.5265936255455017,0,quality_factor,0.3944209814071655,value_factor,0.33753758668899536,momentum_factor,0.15456396341323853
2021-11-19,600528.SH,pca,3,cn_a,INDUSTRY_C35,1.5378294496235037,1.0073600228945347,1.5378294496235037,0.5265936255455017,0,quality_factor,0.4117598235607147,value_factor,0.40832507610321045,volatility_factor,0.16238945722579956
2021-11-19,300757.SZ,pca,3,cn_a,INDUSTRY_C35,1.1834509267504456,0.7752232557113248,1.1834509267504456,0.5265936255455017,0,volatility_factor,0.38825997710227966,momentum_factor,0.35497838258743286,value_factor,0.1317407488822937
2021-11-19,601717.SH,pca,3,cn_a,INDUSTRY_C35,1.03055887687884,0.6750708370560832,1.03055887687884,0.5265936255455017,0,value_factor,0.34354907274246216,quality_factor,0.32024627923965454,momentum_factor,0.17087942361831665
2021-11-19,002595.SZ,pca,3,cn_a,INDUSTRY_C35,0.5029096089875096,0.32943252279865576,0.5029096089875096,0.5265936255455017,0,momentum_factor,0.49482789635658264,value_factor,0.18307526409626007,quality_factor,0.16316860914230347
2021-11-19,600031.SH,pca,3,cn_a,INDUSTRY_C35,0.4101268344915947,0.26865487423476214,0.4101268344915947,0.5265936255455017,0,momentum_factor,0.3451906740665436,quality_factor,0.3178167939186096,value_factor,0.2439272105693817
2021-11-19,688425.SH,pca,3,cn_a,INDUSTRY_C35,0.2914817381252345,0.19093603030105952,0.2914817381252345,0.5265936255455017,0,quality_factor,0.3120490610599518,value_factor,0.30366650223731995,volatility_factor,0.2219535857439041
2021-11-19,601399.SH,pca,3,cn_a,INDUSTRY_C35,0.2521444884772013,0.16516804106418262,0.2521444884772013,0.5265936255455017,2,momentum_factor,0.8382783532142639,volatility_factor,0.08555103838443756,quality_factor,0.051024388521909714
2021-11-19,002008.SZ,pca,3,cn_a,INDUSTRY_C35,0.21817174469646344,0.1429140882860428,0.21817174469646344,0.5265936255455017,2,momentum_factor,0.47018951177597046,volatility_factor,0.26916372776031494,quality_factor,0.13893939554691315
2021-11-19,300604.SZ,pca,3,cn_a,INDUSTRY_C35,0.0993974534810868,0.0651106148597167,0.0993974534810868,0.5265936255455017,0,momentum_factor,0.27110591530799866,volatility_factor,0.26196858286857605,quality_factor,0.2364196926355362
2021-11-19,002430.SZ,pca,3,cn_a,INDUSTRY_C35,-0.0692243014185628,-0.04534559659976212,-0.0692243014185628,0.5265936255455017,0,volatility_factor,0.5678911209106445,value_factor,0.18656514585018158,momentum_factor,0.14118656516075134
2021-11-19,300003.SZ,pca,3,cn_a,INDUSTRY_C35,-0.11646309116712944,-0.07628951455781427,-0.11646309116712944,0.5265936255455017,0,momentum_factor,0.5739158987998962,volatility_factor,0.26036742329597473,quality_factor,0.1411677896976471
2021-11-19,002837.SZ,pca,3,cn_a,INDUSTRY_C35,-0.21424927095142704,-0.14034465950928834,-0.21424927095142704,0.5265936255455017,0,momentum_factor,0.36564967036247253,quality_factor,0.3395044207572937,value_factor,0.280830055475235
2021-11-19,300450.SZ,pca,3,cn_a,INDUSTRY_C35,-0.23234491551542402,-0.15219826845580853,-0.23234491551542402,0.5265936255455017,0,value_factor,0.3142053484916687,quality_factor,0.2999282777309418,volatility_factor,0.28131139278411865
2021-11-19,002353.SZ,pca,3,cn_a,INDUSTRY_C35,-0.24202459267782267,-0.15853897145789556,-0.24202459267782267,0.5265936255455017,0,momentum_factor,0.6714139580726624,quality_factor,0.190368190407753,value_factor,0.08816225826740265
2021-11-19,002223.SZ,pca,3,cn_a,INDUSTRY_C35,-0.3057672436190371,-0.20029379565327082,-0.3057672436190371,0.5265936255455017,2,volatility_factor,0.8160082101821899,value_factor,0.13589191436767578,quality_factor,0.030250273644924164
2021-11-19,300724.SZ,pca,3,cn_a,INDUSTRY_C35,-0.3440118074375102,-0.22534601759712852,-0.3440118074375102,0.5265936255455017,1,volatility_factor,0.3951934278011322,momentum_factor,0.36371055245399475,value_factor,0.16871418058872223
2021-11-19,688037.SH,pca,3,cn_a,INDUSTRY_C35,-0.3738225773647508,-0.2448736562983908,-0.3738225773647508,0.5265936255455017,0,value_factor,0.3459557294845581,quality_factor,0.3300135135650635,volatility_factor,0.266282320022583
2021-11-19,603338.SH,pca,3,cn_a,INDUSTRY_C35,-0.38549984187387615,-0.2525228851814363,-0.38549984187387615,0.5265936255455017,0,value_factor,0.3945080041885376,quality_factor,0.3778633177280426,volatility_factor,0.13776955008506775
2021-11-19,600499.SH,pca,3,cn_a,INDUSTRY_C35,-0.43867989867818863,-0.2873586488306761,-0.43867989867818863,0.5265936255455017,0,volatility_factor,0.3820095360279083,momentum_factor,0.2696022391319275,quality_factor,0.22056236863136292
2021-11-19,601608.SH,pca,3,cn_a,INDUSTRY_C35,-0.4390416308873699,-0.28759560265322887,-0.4390416308873699,0.5265936255455017,1,volatility_factor,0.6033710241317749,quality_factor,0.2198428511619568,value_factor,0.12623542547225952
2021-11-19,688012.SH,pca,3,cn_a,INDUSTRY_C35,-0.5827784345546433,-0.38175084845665713,-0.5827784345546433,0.5265936255455017,1,quality_factor,0.4233003556728363,value_factor,0.3804400861263275,volatility_factor,0.115195631980896
2021-11-19,601106.SH,pca,3,cn_a,INDUSTRY_C35,-0.6221663329911571,-0.407552015341898,-0.6221663329911571,0.5265936255455017,1,volatility_factor,0.7337532043457031,momentum_factor,0.14741185307502747,quality_factor,0.10120704025030136
2021-11-19,688301.SH,pca,3,cn_a,INDUSTRY_C35,-0.7785381498261731,-0.5099838663027096,-0.7785381498261731,0.5265936255455017,0,quality_factor,0.38347142934799194,value_factor,0.32794275879859924,volatility_factor,0.26511693000793457
2021-11-19,300529.SZ,pca,3,cn_a,INDUSTRY_C35,-0.885576503104879,-0.5800996766325409,-0.885576503104879,0.5265936255455017,1,volatility_factor,0.38187000155448914,quality_factor,0.2514714300632477,value_factor,0.20805233716964722
2021-11-19,300751.SZ,pca,3,cn_a,INDUSTRY_C35,-0.9522355034539266,-0.6237648646897622,-0.9522355034539266,0.5265936255455017,0,quality_factor,0.3669842779636383,value_factor,0.3409556448459625,volatility_factor,0.1743926703929901
2021-11-19,688617.SH,pca,3,cn_a,INDUSTRY_C35,-1.0175509380938057,-0.6665499457989214,-1.0175509380938057,0.5265936255455017,1,momentum_factor,0.44238266348838806,value_factor,0.2595602571964264,quality_factor,0.20165535807609558
2021-11-22,002432.SZ,pca,3,cn_a,INDUSTRY_C35,2.1751814683176365,1.8755764871741205,2.1751814683176365,0.15974026918411255,1,volatility_factor,0.35224080085754395,momentum_factor,0.2825329303741455,quality_factor,0.1963292956352234
2021-11-22,600582.SH,pca,3,cn_a,INDUSTRY_C35,1.328059135018048,1.1451350259724238,1.328059135018048,0.15974026918411255,0,quality_factor,0.3983449339866638,value_factor,0.34244075417518616,momentum_factor,0.15421153604984283
2021-11-22,600528.SH,pca,3,cn_a,INDUSTRY_C35,1.1349768143838426,0.9786474634654561,1.1349768143838426,0.15974026918411255,0,quality_factor,0.40479862689971924,value_factor,0.40060457587242126,volatility_factor,0.16461531817913055
2021-11-22,601717.SH,pca,3,cn_a,INDUSTRY_C35,0.8575263364761352,0.7394124385728438,0.8575263364761352,0.15974026918411255,0,momentum_factor,0.3278094530105591,value_factor,0.2773441672325134,quality_factor,0.2305532842874527
2021-11-22,300757.SZ,pca,3,cn_a,INDUSTRY_C35,0.630642140871525,0.5437788012025568,0.630642140871525,0.15974026918411255,0,momentum_factor,0.41254472732543945,volatility_factor,0.2864953279495239,quality_factor,0.15835383534431458
2021-11-22,600031.SH,pca,3,cn_a,INDUSTRY_C35,0.3013302382106476,0.25982563657072183,0.3013302382106476,0.15974026918411255,0,momentum_factor,0.3381020128726959,quality_factor,0.33443841338157654,value_factor,0.26441460847854614
2021-11-22,688425.SH,pca,3,cn_a,INDUSTRY_C35,0.245192380219474,0.21142009063252448,0.245192380219474,0.15974026918411255,0,quality_factor,0.3233517110347748,value_factor,0.32219550013542175,volatility_factor,0.24035049974918365
2021-11-22,300604.SZ,pca,3,cn_a,INDUSTRY_C35,0.20882631344510863,0.18006301042267986,0.20882631344510863,0.15974026918411255,0,momentum_factor,0.4965604245662689,quality_factor,0.23872631788253784,value_factor,0.1809663325548172
2021-11-22,002595.SZ,pca,3,cn_a,INDUSTRY_C35,0.06923245322713951,0.059696518802468554,0.06923245322713951,0.15974026918411255,0,volatility_factor,0.3956156075000763,value_factor,0.22343076765537262,momentum_factor,0.2209712117910385
2021-11-22,002008.SZ,pca,3,cn_a,INDUSTRY_C35,0.012004856361571054,0.010351332360825985,0.012004856361571054,0.15974026918411255,2,momentum_factor,0.5161266922950745,volatility_factor,0.21587777137756348,quality_factor,0.1804041862487793
2021-11-22,300724.SZ,pca,3,cn_a,INDUSTRY_C35,-0.0661761745837491,-0.05706120563651507,-0.0661761745837491,0.15974026918411255,1,volatility_factor,0.4776354730129242,momentum_factor,0.31321805715560913,value_factor,0.15580014884471893
2021-11-22,002430.SZ,pca,3,cn_a,INDUSTRY_C35,-0.0819080492778,-0.07062620455964064,-0.0819080492778,0.15974026918411255,0,volatility_factor,0.5581333041191101,value_factor,0.2157558798789978,quality_factor,0.1633225828409195
2021-11-22,601399.SH,pca,3,cn_a,INDUSTRY_C35,-0.09254378799848614,-0.07979699870201393,-0.09254378799848614,0.15974026918411255,2,volatility_factor,0.6094776391983032,momentum_factor,0.2803725004196167,quality_factor,0.05820509046316147
2021-11-22,300003.SZ,pca,3,cn_a,INDUSTRY_C35,-0.12843866783052166,-0.11074779228107877,-0.12843866783052166,0.15974026918411255,0,momentum_factor,0.6129909157752991,volatility_factor,0.21287892758846283,quality_factor,0.1446157842874527
2021-11-22,600499.SH,pca,3,cn_a,INDUSTRY_C35,-0.13827856434821134,-0.11923236187383068,-0.13827856434821134,0.15974026918411255,0,momentum_factor,0.4208400547504425,volatility_factor,0.2505161762237549,quality_factor,0.2105964571237564
2021-11-22,603338.SH,pca,3,cn_a,INDUSTRY_C35,-0.20558121355083836,-0.1772648838530691,-0.20558121355083836,0.15974026918411255,0,value_factor,0.37771645188331604,quality_factor,0.3589012026786804,volatility_factor,0.24336999654769897
2021-11-22,002223.SZ,pca,3,cn_a,INDUSTRY_C35,-0.2545220759015248,-0.21946473339388378,-0.2545220759015248,0.15974026918411255,2,volatility_factor,0.43052515387535095,momentum_factor,0.40076521039009094,value_factor,0.08437841385602951
2021-11-22,002353.SZ,pca,3,cn_a,INDUSTRY_C35,-0.25750615400608995,-0.22203779077338706,-0.25750615400608995,0.15974026918411255,0,momentum_factor,0.7013992667198181,quality_factor,0.17593979835510254,value_factor,0.07173638045787811
2021-11-22,601608.SH,pca,3,cn_a,INDUSTRY_C35,-0.31747062625321143,-0.2737428810615518,-0.31747062625321143,0.15974026918411255,1,volatility_factor,0.5402817130088806,quality_factor,0.2388300746679306,value_factor,0.1666913777589798
2021-11-22,601106.SH,pca,3,cn_a,INDUSTRY_C35,-0.36214356125299696,-0.3122626587072578,-0.36214356125299696,0.15974026918411255,1,momentum_factor,0.4159354567527771,volatility_factor,0.4118214249610901,quality_factor,0.08838658034801483
2021-11-22,002837.SZ,pca,3,cn_a,INDUSTRY_C35,-0.3866156352905249,-0.33336400005542205,-0.3866156352905249,0.15974026918411255,0,quality_factor,0.47249388694763184,value_factor,0.44303280115127563,volatility_factor,0.05544881895184517
2021-11-22,300450.SZ,pca,3,cn_a,INDUSTRY_C35,-0.38816735556590326,-0.3347019896004608,-0.38816735556590326,0.15974026918411255,0,quality_factor,0.4383157789707184,value_factor,0.40154844522476196,momentum_factor,0.15743426978588104
2021-11-22,688012.SH,pca,3,cn_a,INDUSTRY_C35,-0.44920036995048307,-0.3873284432496888,-0.44920036995048307,0.15974026918411255,1,quality_factor,0.3672001361846924,value_factor,0.310241162776947,volatility_factor,0.17620649933815002
2021-11-22,688301.SH,pca,3,cn_a,INDUSTRY_C35,-0.49409879304406396,-0.42604265072712155,-0.49409879304406396,0.15974026918411255,0,quality_factor,0.3824618458747864,value_factor,0.3286030888557434,volatility_factor,0.1799611747264862
2021-11-22,688037.SH,pca,3,cn_a,INDUSTRY_C35,-0.539425579568146,-0.46512621974515006,-0.539425579568146,0.15974026918411255,0,quality_factor,0.4217424690723419,value_factor,0.3775806427001953,momentum_factor,0.10567078739404678
2021-11-22,300529.SZ,pca,3,cn_a,INDUSTRY_C35,-0.6224427352686958,-0.5367087647106752,-0.6224427352686958,0.15974026918411255,1,volatility_factor,0.3480747640132904,quality_factor,0.26569876074790955,value_factor,0.22666850686073303
2021-11-22,688617.SH,pca,3,cn_a,INDUSTRY_C35,-0.6982975705130979,-0.6021155123752301,-0.6982975705130979,0.15974026918411255,1,momentum_factor,0.3972315192222595,value_factor,0.260981947183609,quality_factor,0.2025572508573532
2021-11-22,300751.SZ,pca,3,cn_a,INDUSTRY_C35,-0.8378680063220237,-0.7224618060158854,-0.8378680063220237,0.15974026918411255,0,quality_factor,0.314359188079834,value_factor,0.29924336075782776,momentum_factor,0.2021441012620926
2021-11-23,002432.SZ,pca,3,cn_a,INDUSTRY_C35,2.600529643302807,1.8462192923432164,2.600529643302807,0.408570259809494,1,volatility_factor,0.35903236269950867,momentum_factor,0.2860105335712433,quality_factor,0.1913360059261322
2021-11-23,600582.SH,pca,3,cn_a,INDUSTRY_C35,1.7406550616444996,1.235760170778699,1.7406550616444996,0.408570259809494,0,quality_factor,0.4096297025680542,value_factor,0.3553737998008728,volatility_factor,0.1302037388086319
2021-11-23,600528.SH,pca,3,cn_a,INDUSTRY_C35,1.4369350938063772,1.0201373012080055,1.4369350938063772,0.408570259809494,0,quality_factor,0.41435012221336365,value_factor,0.4124204218387604,volatility_factor,0.16576334834098816
2021-11-23,601717.SH,pca,3,cn_a,INDUSTRY_C35,1.130612495590175,0.8026667209499053,1.130612495590175,0.408570259809494,0,momentum_factor,0.36847519874572754,value_factor,0.28116223216056824,quality_factor,0.2371467649936676
2021-11-23,300757.SZ,pca,3,cn_a,INDUSTRY_C35,0.9715554176566723,0.6897457832398413,0.9715554176566723,0.408570259809494,0,momentum_factor,0.3726889491081238,volatility_factor,0.3549078702926636,quality_factor,0.13647162914276123
2021-11-23,600031.SH,pca,3,cn_a,INDUSTRY_C35,0.4367429192284105,0.3100611467169105,0.4367429192284105,0.408570259809494,0,quality_factor,0.34868696331977844,value_factor,0.2804354429244995,momentum_factor,0.27926093339920044
2021-11-23,600499.SH,pca,3,cn_a,INDUSTRY_C35,0.3619284410395184,0.25694737686059044,0.3619284410395184,0.408570259809494,0,momentum_factor,0.4196617603302002,volatility_factor,0.2432568222284317,quality_factor,0.17972849309444427
2021-11-23,002595.SZ,pca,3,cn_a,INDUSTRY_C35,0.3595059585789606,0.2552275603356903,0.3595059585789606,0.408570259809494,0,momentum_factor,0.5205320715904236,value_factor,0.23584097623825073,quality_factor,0.2010524868965149
2021-11-23,688425.SH,pca,3,cn_a,INDUSTRY_C35,0.34660205123626364,0.24606656394249424,0.34660205123626364,0.408570259809494,0,quality_factor,0.3443763554096222,value_factor,0.3336026072502136,volatility_factor,0.19312988221645355
2021-11-23,300724.SZ,pca,3,cn_a,INDUSTRY_C35,0.08602956340668548,0.06107580433944415,0.08602956340668548,0.408570259809494,1,volatility_factor,0.5260739922523499,momentum_factor,0.2293415665626526,value_factor,0.17147296667099
2021-11-23,300604.SZ,pca,3,cn_a,INDUSTRY_C35,-0.03822891409347988,-0.027140224648650846,-0.03822891409347988,0.408570259809494,0,momentum_factor,0.48806458711624146,quality_factor,0.24775463342666626,value_factor,0.16511160135269165
2021-11-23,601399.SH,pca,3,cn_a,INDUSTRY_C35,-0.046875941338767796,-0.03327909276837451,-0.046875941338767796,0.408570259809494,2,volatility_factor,0.5174914598464966,momentum_factor,0.3739549517631531,value_factor,0.06021272763609886
2021-11-23,002430.SZ,pca,3,cn_a,INDUSTRY_C35,-0.1318637555388413,-0.09361531796555302,-0.1318637555388413,0.408570259809494,0,volatility_factor,0.4978524148464203,value_factor,0.19690760970115662,quality_factor,0.16131895780563354
2021-11-23,603338.SH,pca,3,cn_a,INDUSTRY_C35,-0.16660647957733554,-0.11828055781529377,-0.16660647957733554,0.408570259809494,0,momentum_factor,0.3951805830001831,quality_factor,0.2972954511642456,value_factor,0.2279496192932129
2021-11-23,300003.SZ,pca,3,cn_a,INDUSTRY_C35,-0.20012324589919608,-0.14207544158435106,-0.20012324589919608,0.408570259809494,0,momentum_factor,0.6568999290466309,quality_factor,0.15828034281730652,volatility_factor,0.13755212724208832
2021-11-23,002353.SZ,pca,3,cn_a,INDUSTRY_C35,-0.2125297073011676,-0.15088328134461648,-0.2125297073011676,0.408570259809494,0,momentum_factor,0.6135966777801514,volatility_factor,0.17208893597126007,quality_factor,0.16169199347496033
2021-11-23,601608.SH,pca,3,cn_a,INDUSTRY_C35,-0.29243383497384723,-0.20761039554116834,-0.29243383497384723,0.408570259809494,1,volatility_factor,0.4660378396511078,quality_factor,0.27076876163482666,value_factor,0.19385643303394318
2021-11-23,002008.SZ,pca,3,cn_a,INDUSTRY_C35,-0.3076423533615884,-0.21840752685928838,-0.3076423533615884,0.408570259809494,2,volatility_factor,0.5604466199874878,quality_factor,0.19791863858699799,momentum_factor,0.14038124680519104
2021-11-23,002223.SZ,pca,3,cn_a,INDUSTRY_C35,-0.3532077576724597,-0.250756217334244,-0.3532077576724597,0.408570259809494,2,volatility_factor,0.6614282131195068,momentum_factor,0.2044222503900528,value_factor,0.09611485153436661
2021-11-23,601106.SH,pca,3,cn_a,INDUSTRY_C35,-0.3627819544914688,-0.25755331996349773,-0.3627819544914688,0.408570259809494,1,momentum_factor,0.39324823021888733,volatility_factor,0.3752705454826355,quality_factor,0.11670823395252228
2021-11-23,688301.SH,pca,3,cn_a,INDUSTRY_C35,-0.48925130235215236,-0.34733893364099255,-0.48925130235215236,0.408570259809494,0,quality_factor,0.32495686411857605,value_factor,0.25829482078552246,momentum_factor,0.24138137698173523
2021-11-23,688012.SH,pca,3,cn_a,INDUSTRY_C35,-0.6154181094747104,-0.4369097616309312,-0.6154181094747104,0.408570259809494,1,quality_factor,0.35923072695732117,value_factor,0.2991888225078583,volatility_factor,0.23463590443134308
2021-11-23,002837.SZ,pca,3,cn_a,INDUSTRY_C35,-0.6562168719205854,-0.4658744237047838,-0.6562168719205854,0.408570259809494,0,volatility_factor,0.37616682052612305,quality_factor,0.26723065972328186,value_factor,0.1837138831615448
2021-11-23,688037.SH,pca,3,cn_a,INDUSTRY_C35,-0.6848278977432462,-0.48618652742702373,-0.6848278977432462,0.408570259809494,0,quality_factor,0.377226322889328,value_factor,0.32168710231781006,volatility_factor,0.16161946952342987
2021-11-23,300450.SZ,pca,3,cn_a,INDUSTRY_C35,-0.7159532860447155,-0.5082836769487896,-0.7159532860447155,0.408570259809494,0,quality_factor,0.36109721660614014,value_factor,0.30063295364379883,volatility_factor,0.24431006610393524
2021-11-23,300529.SZ,pca,3,cn_a,INDUSTRY_C35,-0.8586478232679884,-0.6095881970537803,-0.8586478232679884,0.408570259809494,1,volatility_factor,0.3703537881374359,quality_factor,0.23435023427009583,value_factor,0.19783857464790344
2021-11-23,688617.SH,pca,3,cn_a,INDUSTRY_C35,-1.0246107091803802,-0.7274118421614227,-1.0246107091803802,0.408570259809494,1,momentum_factor,0.4806504547595978,value_factor,0.2605963945388794,quality_factor,0.20404459536075592
2021-11-23,300751.SZ,pca,3,cn_a,INDUSTRY_C35,-1.0666265673994255,-0.757240568870279,-1.0666265673994255,0.408570259809494,0,quality_factor,0.3140445649623871,volatility_factor,0.3077940046787262,value_factor,0.2704659700393677
2021-11-24,002432.SZ,pca,3,cn_a,INDUSTRY_C35,2.6155225303192586,1.8195645521600796,2.6155225303192586,0.43744415044784546,1,volatility_factor,0.36538851261138916,momentum_factor,0.2892652153968811,quality_factor,0.18666282296180725
2021-11-24,601717.SH,pca,3,cn_a,INDUSTRY_C35,2.4344678892316614,1.693608609090132,2.4344678892316614,0.43744415044784546,0,volatility_factor,0.3591708540916443,momentum_factor,0.3327538073062897,quality_factor,0.16447556018829346
2021-11-24,600582.SH,pca,3,cn_a,INDUSTRY_C35,1.5950111017205286,1.1096160049664012,1.5950111017205286,0.43744415044784546,0,quality_factor,0.48421263694763184,value_factor,0.44797781109809875,momentum_factor,0.06654056906700134
2021-11-24,600528.SH,pca,3,cn_a,INDUSTRY_C35,1.5672761531380701,1.0903213788595238,1.5672761531380701,0.43744415044784546,0,quality_factor,0.43100863695144653,value_factor,0.4257678985595703,volatility_factor,0.1380346417427063
2021-11-24,300757.SZ,pca,3,cn_a,INDUSTRY_C35,1.1070441492201564,0.7701475587561977,1.1070441492201564,0.43744415044784546,0,volatility_factor,0.3872377872467041,momentum_factor,0.3536238968372345,value_factor,0.1329028457403183
2021-11-24,002595.SZ,pca,3,cn_a,INDUSTRY_C35,0.5205890700947349,0.3621629740160315,0.5205890700947349,0.43744415044784546,0,momentum_factor,0.4822286069393158,volatility_factor,0.21282915771007538,value_factor,0.1587490737438202
2021-11-24,600031.SH,pca,3,cn_a,INDUSTRY_C35,0.3795376253802444,0.2640364215362383,0.3795376253802444,0.43744415044784546,0,quality_factor,0.3799613416194916,value_factor,0.32276326417922974,momentum_factor,0.28774917125701904
2021-11-24,688425.SH,pca,3,cn_a,INDUSTRY_C35,0.33302864424086875,0.23168109197692463,0.33302864424086875,0.43744415044784546,0,quality_factor,0.3340443968772888,value_factor,0.32913970947265625,volatility_factor,0.22021856904029846
2021-11-24,300604.SZ,pca,3,cn_a,INDUSTRY_C35,0.33257756963464863,0.2313672887676831,0.33257756963464863,0.43744415044784546,0,momentum_factor,0.47620585560798645,quality_factor,0.22521577775478363,value_factor,0.17590157687664032
2021-11-24,300724.SZ,pca,3,cn_a,INDUSTRY_C35,0.10334093747529925,0.07189213797141081,0.10334093747529925,0.43744415044784546,1,volatility_factor,0.5309720039367676,momentum_factor,0.2211320847272873,value_factor,0.1729430854320526
2021-11-24,601399.SH,pca,3,cn_a,INDUSTRY_C35,-0.07256412308274118,-0.050481349171869014,-0.07256412308274118,0.43744415044784546,2,volatility_factor,0.6417834758758545,momentum_factor,0.25356683135032654,value_factor,0.10363545268774033
2021-11-24,600499.SH,pca,3,cn_a,INDUSTRY_C35,-0.0823884467437291,-0.057315926536530115,-0.0823884467437291,0.43744415044784546,0,momentum_factor,0.46485447883605957,quality_factor,0.21226602792739868,volatility_factor,0.20198534429073334
2021-11-24,002430.SZ,pca,3,cn_a,INDUSTRY_C35,-0.11115070080147882,-0.07732522766738892,-0.11115070080147882,0.43744415044784546,0,volatility_factor,0.4300033450126648,value_factor,0.1970234215259552,momentum_factor,0.19469678401947021
2021-11-24,300003.SZ,pca,3,cn_a,INDUSTRY_C35,-0.22413134193808665,-0.15592350671467256,-0.22413134193808665,0.43744415044784546,0,momentum_factor,0.7110605835914612,quality_factor,0.17856714129447937,value_factor,0.07262404263019562
2021-11-24,002353.SZ,pca,3,cn_a,INDUSTRY_C35,-0.2693833100454492,-0.1874043584867981,-0.2693833100454492,0.43744415044784546,0,momentum_factor,0.6986297965049744,quality_factor,0.19001027941703796,value_factor,0.0884842649102211
2021-11-24,300529.SZ,pca,3,cn_a,INDUSTRY_C35,-0.29548943105363285,-0.20556584317303184,-0.29548943105363285,0.43744415044784546,1,quality_factor,0.42066463828086853,value_factor,0.38633987307548523,momentum_factor,0.1788897067308426
2021-11-24,688301.SH,pca,3,cn_a,INDUSTRY_C35,-0.31555604356120986,-0.21952576757722436,-0.31555604356120986,0.43744415044784546,0,momentum_factor,0.35712379217147827,quality_factor,0.29388147592544556,value_factor,0.22134922444820404
2021-11-24,002223.SZ,pca,3,cn_a,INDUSTRY_C35,-0.32037970614049427,-0.22288148917361822,-0.32037970614049427,0.43744415044784546,2,volatility_factor,0.7556301355361938,momentum_factor,0.11694782227277756,value_factor,0.10432195663452148
2021-11-24,601106.SH,pca,3,cn_a,INDUSTRY_C35,-0.3745644232132559,-0.26057666836306514,-0.3745644232132559,0.43744415044784546,1,volatility_factor,0.48357048630714417,momentum_factor,0.299453467130661,quality_factor,0.12273887544870377
2021-11-24,002008.SZ,pca,3,cn_a,INDUSTRY_C35,-0.3964749608287685,-0.27581937306234006,-0.3964749608287685,0.43744415044784546,2,volatility_factor,0.6280502080917358,quality_factor,0.17454849183559418,momentum_factor,0.12764383852481842
2021-11-24,603338.SH,pca,3,cn_a,INDUSTRY_C35,-0.4197855039411762,-0.2920360324285888,-0.4197855039411762,0.43744415044784546,0,momentum_factor,0.30904683470726013,volatility_factor,0.30396828055381775,quality_factor,0.23761874437332153
2021-11-24,688012.SH,pca,3,cn_a,INDUSTRY_C35,-0.43476779287695855,-0.30245889881255456,-0.43476779287695855,0.43744415044784546,1,quality_factor,0.40199244022369385,value_factor,0.3557397425174713,momentum_factor,0.18494383990764618
2021-11-24,601608.SH,pca,3,cn_a,INDUSTRY_C35,-0.46671511431360574,-0.3246839849851028,-0.46671511431360574,0.43744415044784546,1,volatility_factor,0.6149253845214844,quality_factor,0.18072299659252167,momentum_factor,0.12802164256572723
2021-11-24,688037.SH,pca,3,cn_a,INDUSTRY_C35,-0.47038618055809556,-0.32723786931592896,-0.47038618055809556,0.43744415044784546,0,quality_factor,0.36950069665908813,value_factor,0.31478774547576904,momentum_factor,0.2629997730255127
2021-11-24,688617.SH,pca,3,cn_a,INDUSTRY_C35,-0.7593596898976798,-0.5282707214563483,-0.7593596898976798,0.43744415044784546,1,momentum_factor,0.3342275321483612,value_factor,0.28015244007110596,quality_factor,0.2277010977268219
2021-11-24,002837.SZ,pca,3,cn_a,INDUSTRY_C35,-0.8296535736877079,-0.5771727124334182,-0.8296535736877079,0.43744415044784546,0,volatility_factor,0.41449517011642456,quality_factor,0.3009096384048462,value_factor,0.23715904355049133
2021-11-24,300450.SZ,pca,3,cn_a,INDUSTRY_C35,-0.9488731114216336,-0.6601112619090685,-0.9488731114216336,0.43744415044784546,0,quality_factor,0.33656421303749084,volatility_factor,0.3252636790275574,value_factor,0.28355976939201355
2021-11-24,300751.SZ,pca,3,cn_a,INDUSTRY_C35,-1.1796296936957227,-0.8206438103449225,-1.1796296936957227,0.43744415044784546,0,volatility_factor,0.3261730968952179,quality_factor,0.2897507846355438,value_factor,0.24802932143211365
2021-11-25,002432.SZ,pca,3,cn_a,INDUSTRY_C35,2.8537280898338575,1.795387625007848,2.8537280898338575,0.5894774198532104,1,volatility_factor,0.3713170289993286,momentum_factor,0.29230090975761414,quality_factor,0.1823040246963501
2021-11-25,601717.SH,pca,3,cn_a,INDUSTRY_C35,2.427712411665579,1.527365146143303,2.427712411665579,0.5894774198532104,0,momentum_factor,0.3679339289665222,volatility_factor,0.2727222144603729,quality_factor,0.1826031506061554
2021-11-25,600582.SH,pca,3,cn_a,INDUSTRY_C35,1.6349408645800625,1.0286027622405927,1.6349408645800625,0.5894774198532104,0,quality_factor,0.4486570656299591,value_factor,0.43624624609947205,volatility_factor,0.10652776062488556
2021-11-25,600528.SH,pca,3,cn_a,INDUSTRY_C35,1.5911213865228342,1.0010342812355117,1.5911213865228342,0.5894774198532104,0,quality_factor,0.40942710638046265,value_factor,0.4073505997657776,volatility_factor,0.16867850720882416
2021-11-25,300757.SZ,pca,3,cn_a,INDUSTRY_C35,1.2219234171186575,0.76875795897214,1.2219234171186575,0.5894774198532104,0,volatility_factor,0.38695910573005676,momentum_factor,0.3532545566558838,value_factor,0.13321968913078308
2021-11-25,002595.SZ,pca,3,cn_a,INDUSTRY_C35,0.6263792339028633,0.3940787242895907,0.6263792339028633,0.5894774198532104,0,momentum_factor,0.41470760107040405,volatility_factor,0.30316516757011414,quality_factor,0.14472198486328125
2021-11-25,300604.SZ,pca,3,cn_a,INDUSTRY_C35,0.5989238838910756,0.3768055314345936,0.5989238838910756,0.5894774198532104,0,momentum_factor,0.3979986608028412,volatility_factor,0.24549835920333862,quality_factor,0.18889744579792023
2021-11-25,600499.SH,pca,3,cn_a,INDUSTRY_C35,0.5769724830023152,0.3629950798895898,0.5769724830023152,0.5894774198532104,0,momentum_factor,0.5280635356903076,volatility_factor,0.17372499406337738,quality_factor,0.1715078353881836
2021-11-25,600031.SH,pca,3,cn_a,INDUSTRY_C35,0.40983498239721755,0.25784259485426736,0.40983498239721755,0.5894774198532104,0,quality_factor,0.3576538860797882,value_factor,0.3426010310649872,volatility_factor,0.17008726298809052
2021-11-25,688425.SH,pca,3,cn_a,INDUSTRY_C35,0.3286843781794735,0.20678769894688265,0.3286843781794735,0.5894774198532104,0,volatility_factor,0.3318268060684204,value_factor,0.33073434233665466,quality_factor,0.3082504868507385
2021-11-25,601608.SH,pca,3,cn_a,INDUSTRY_C35,0.11560844780178939,0.07273362072200178,0.11560844780178939,0.5894774198532104,1,momentum_factor,0.39751356840133667,volatility_factor,0.22713881731033325,quality_factor,0.19635947048664093
2021-11-25,601399.SH,pca,3,cn_a,INDUSTRY_C35,0.09496189174840851,0.05974409611756442,0.09496189174840851,0.5894774198532104,2,momentum_factor,0.5421144366264343,volatility_factor,0.1910998672246933,value_factor,0.16268998384475708
2021-11-25,688012.SH,pca,3,cn_a,INDUSTRY_C35,0.0161126428907139,0.010137069384856007,0.0161126428907139,0.5894774198532104,1,momentum_factor,0.3111773729324341,quality_factor,0.2566748857498169,value_factor,0.23654066026210785
2021-11-25,688301.SH,pca,3,cn_a,INDUSTRY_C35,-0.05057706172413445,-0.031819930936046445,-0.05057706172413445,0.5894774198532104,0,momentum_factor,0.47947368025779724,quality_factor,0.2939266562461853,value_factor,0.22427719831466675
2021-11-25,603338.SH,pca,3,cn_a,INDUSTRY_C35,-0.09064346085794682,-0.05702720889631626,-0.09064346085794682,0.5894774198532104,0,momentum_factor,0.395778626203537,quality_factor,0.3030359745025635,value_factor,0.251598984003067
2021-11-25,300003.SZ,pca,3,cn_a,INDUSTRY_C35,-0.1348410471662393,-0.08483357201682801,-0.1348410471662393,0.5894774198532104,0,momentum_factor,0.598954975605011,volatility_factor,0.20814354717731476,quality_factor,0.15345533192157745
2021-11-25,002353.SZ,pca,3,cn_a,INDUSTRY_C35,-0.14415000040338471,-0.09069018446119045,-0.14415000040338471,0.5894774198532104,0,momentum_factor,0.6044207215309143,quality_factor,0.20146222412586212,value_factor,0.10012710839509964
2021-11-25,688037.SH,pca,3,cn_a,INDUSTRY_C35,-0.21471290665174458,-0.13508396153974525,-0.21471290665174458,0.5894774198532104,0,momentum_factor,0.39608585834503174,quality_factor,0.3207315504550934,value_factor,0.2625385522842407
2021-11-25,002430.SZ,pca,3,cn_a,INDUSTRY_C35,-0.22185896695159085,-0.13957981672497097,-0.22185896695159085,0.5894774198532104,0,volatility_factor,0.6266946196556091,value_factor,0.1943584680557251,quality_factor,0.12695851922035217
2021-11-25,300724.SZ,pca,3,cn_a,INDUSTRY_C35,-0.22202054882469313,-0.13968147395588476,-0.22202054882469313,0.5894774198532104,1,volatility_factor,0.40481069684028625,value_factor,0.23179125785827637,momentum_factor,0.20735624432563782
2021-11-25,002223.SZ,pca,3,cn_a,INDUSTRY_C35,-0.2809377349350728,-0.17674849068382337,-0.2809377349350728,0.5894774198532104,2,volatility_factor,0.7709214091300964,momentum_factor,0.11585500836372375,value_factor,0.09822574257850647
2021-11-25,002008.SZ,pca,3,cn_a,INDUSTRY_C35,-0.4389153608946735,-0.2761381542212834,-0.4389153608946735,0.5894774198532104,2,volatility_factor,0.66203773021698,quality_factor,0.17714931070804596,momentum_factor,0.08787861466407776
2021-11-25,002837.SZ,pca,3,cn_a,INDUSTRY_C35,-0.487874279906377,-0.3069400507441198,-0.487874279906377,0.5894774198532104,0,quality_factor,0.39184293150901794,value_factor,0.34264227747917175,momentum_factor,0.13399921357631683
2021-11-25,601106.SH,pca,3,cn_a,INDUSTRY_C35,-0.5682934331738289,-0.35753476336034473,-0.5682934331738289,0.5894774198532104,1,volatility_factor,0.7367469072341919,quality_factor,0.120315782725811,momentum_factor,0.1110716313123703
2021-11-25,300529.SZ,pca,3,cn_a,INDUSTRY_C35,-0.6054879201811703,-0.3809352134345435,-0.6054879201811703,0.5894774198532104,1,quality_factor,0.3477533757686615,volatility_factor,0.31582823395729065,value_factor,0.28506460785865784
2021-11-25,688617.SH,pca,3,cn_a,INDUSTRY_C35,-0.680450738711314,-0.4280971407408569,-0.680450738711314,0.5894774198532104,1,momentum_factor,0.27647894620895386,value_factor,0.2737085819244385,volatility_factor,0.2325219064950943
2021-11-25,300450.SZ,pca,3,cn_a,INDUSTRY_C35,-1.0808578556023773,-0.6800083109719139,-1.0808578556023773,0.5894774198532104,0,volatility_factor,0.33723247051239014,quality_factor,0.32640379667282104,value_factor,0.27318793535232544
2021-11-25,300751.SZ,pca,3,cn_a,INDUSTRY_C35,-1.2038691793347955,-0.7573993592472511,-1.2038691793347955,0.5894774198532104,0,volatility_factor,0.32214266061782837,quality_factor,0.31497421860694885,value_factor,0.2678548991680145
2021-11-26,002432.SZ,pca,3,cn_a,INDUSTRY_C35,3.1881331045777794,1.801404863209079,3.1881331045777794,0.7698037624359131,1,volatility_factor,0.36982664465904236,momentum_factor,0.29153773188591003,quality_factor,0.18339978158473969
2021-11-26,601717.SH,pca,3,cn_a,INDUSTRY_C35,2.8428918459053145,1.6063316771303673,2.8428918459053145,0.7698037624359131,0,momentum_factor,0.34625330567359924,volatility_factor,0.29708269238471985,quality_factor,0.18423901498317719
2021-11-26,600528.SH,pca,3,cn_a,INDUSTRY_C35,1.763137996742915,0.9962336131075779,1.763137996742915,0.7698037624359131,0,quality_factor,0.40989434719085693,value_factor,0.4044678509235382,volatility_factor,0.1568395048379898
2021-11-26,600582.SH,pca,3,cn_a,INDUSTRY_C35,1.7551498423551901,0.9917200311177135,1.7551498423551901,0.7698037624359131,0,quality_factor,0.43324413895606995,value_factor,0.4199276268482208,volatility_factor,0.11400602757930756
2021-11-26,300757.SZ,pca,3,cn_a,INDUSTRY_C35,1.3642362106468735,0.770840383325422,1.3642362106468735,0.7698037624359131,0,volatility_factor,0.38737690448760986,momentum_factor,0.3538082242012024,value_factor,0.1327446699142456
2021-11-26,002595.SZ,pca,3,cn_a,INDUSTRY_C35,0.7043428994248858,0.3979779647747195,0.7043428994248858,0.7698037624359131,0,momentum_factor,0.5535635948181152,volatility_factor,0.21711082756519318,value_factor,0.12634988129138947
2021-11-26,600031.SH,pca,3,cn_a,INDUSTRY_C35,0.404097165346701,0.22832879775920006,0.404097165346701,0.7698037624359131,0,quality_factor,0.3402177393436432,value_factor,0.3241221010684967,volatility_factor,0.1777598112821579
2021-11-26,600499.SH,pca,3,cn_a,INDUSTRY_C35,0.3622194136984261,0.2046664276495132,0.3622194136984261,0.7698037624359131,0,momentum_factor,0.6039013862609863,quality_factor,0.21872170269489288,value_factor,0.14357328414916992
2021-11-26,688425.SH,pca,3,cn_a,INDUSTRY_C35,0.3617682199197837,0.20441148764530542,0.3617682199197837,0.7698037624359131,0,value_factor,0.3229299485683441,quality_factor,0.30973583459854126,volatility_factor,0.2984519898891449
2021-11-26,603338.SH,pca,3,cn_a,INDUSTRY_C35,0.3007783246528305,0.1699500990091957,0.3007783246528305,0.7698037624359131,0,momentum_factor,0.4251136779785156,quality_factor,0.20880359411239624,volatility_factor,0.18917962908744812
2021-11-26,002430.SZ,pca,3,cn_a,INDUSTRY_C35,0.05783156296790474,0.032676822253054114,0.05783156296790474,0.7698037624359131,0,volatility_factor,0.32891806960105896,value_factor,0.2900323271751404,quality_factor,0.28269511461257935
2021-11-26,601399.SH,pca,3,cn_a,INDUSTRY_C35,-0.01811533849936454,-0.010235789347871567,-0.01811533849936454,0.7698037624359131,2,volatility_factor,0.5495248436927795,value_factor,0.1803869605064392,momentum_factor,0.15298670530319214
2021-11-26,300003.SZ,pca,3,cn_a,INDUSTRY_C35,-0.05677205697046387,-0.03207816492169971,-0.05677205697046387,0.7698037624359131,0,volatility_factor,0.5640930533409119,value_factor,0.21342699229717255,quality_factor,0.14384222030639648
2021-11-26,601608.SH,pca,3,cn_a,INDUSTRY_C35,-0.18619792738287086,-0.10520823344086055,-0.18619792738287086,0.7698037624359131,1,momentum_factor,0.30791622400283813,volatility_factor,0.2974763810634613,quality_factor,0.23792558908462524
2021-11-26,300604.SZ,pca,3,cn_a,INDUSTRY_C35,-0.2251654870400754,-0.12722624497654098,-0.2251654870400754,0.7698037624359131,0,momentum_factor,0.3291796147823334,quality_factor,0.3096129894256592,value_factor,0.2697964906692505
2021-11-26,002353.SZ,pca,3,cn_a,INDUSTRY_C35,-0.26581899469241704,-0.15019687511939206,-0.26581899469241704,0.7698037624359131,0,momentum_factor,0.41258418560028076,volatility_factor,0.2655473053455353,quality_factor,0.1746722310781479
2021-11-26,688301.SH,pca,3,cn_a,INDUSTRY_C35,-0.363501362851678,-0.20539077301506237,-0.363501362851678,0.7698037624359131,0,momentum_factor,0.3571244478225708,quality_factor,0.3098165988922119,value_factor,0.2416844218969345
2021-11-26,002223.SZ,pca,3,cn_a,INDUSTRY_C35,-0.3854771110103925,-0.217807826603234,-0.3854771110103925,0.7698037624359131,2,volatility_factor,0.8407105803489685,value_factor,0.10151258111000061,momentum_factor,0.04491882398724556
2021-11-26,002008.SZ,pca,3,cn_a,INDUSTRY_C35,-0.4700240731591736,-0.265579768297161,-0.4700240731591736,0.7698037624359131,2,volatility_factor,0.7049862742424011,quality_factor,0.19288702309131622,value_factor,0.09508620947599411
2021-11-26,601106.SH,pca,3,cn_a,INDUSTRY_C35,-0.6540257335847949,-0.36954703536431094,-0.6540257335847949,0.7698037624359131,1,volatility_factor,0.6933717131614685,momentum_factor,0.17507101595401764,quality_factor,0.10285225510597229
2021-11-26,688037.SH,pca,3,cn_a,INDUSTRY_C35,-0.6842449417543837,-0.3866219274009262,-0.6842449417543837,0.7698037624359131,0,quality_factor,0.3368968665599823,value_factor,0.27295824885368347,momentum_factor,0.2502908706665039
2021-11-26,300529.SZ,pca,3,cn_a,INDUSTRY_C35,-0.6994589311440573,-0.3952183547069308,-0.6994589311440573,0.7698037624359131,1,volatility_factor,0.34213459491729736,quality_factor,0.3263006806373596,value_factor,0.25798749923706055
2021-11-26,300724.SZ,pca,3,cn_a,INDUSTRY_C35,-0.7114766350407626,-0.40200877076987573,-0.7114766350407626,0.7698037624359131,1,volatility_factor,0.33811524510383606,quality_factor,0.3169972002506256,value_factor,0.24638597667217255
2021-11-26,688617.SH,pca,3,cn_a,INDUSTRY_C35,-0.7284299992102967,-0.41158800465408896,-0.7284299992102967,0.7698037624359131,1,quality_factor,0.35374507308006287,value_factor,0.2931782007217407,volatility_factor,0.18502536416053772
2021-11-26,688012.SH,pca,3,cn_a,INDUSTRY_C35,-0.8567199953176395,-0.4840762651213216,-0.8567199953176395,0.7698037624359131,1,quality_factor,0.3806270956993103,value_factor,0.32472938299179077,volatility_factor,0.26490190625190735
2021-11-26,300751.SZ,pca,3,cn_a,INDUSTRY_C35,-0.9473618358901632,-0.5352920227642857,-0.9473618358901632,0.7698037624359131,0,value_factor,0.2943025529384613,momentum_factor,0.2835550904273987,quality_factor,0.246642604470253
2021-11-26,002837.SZ,pca,3,cn_a,INDUSTRY_C35,-1.082615449418602,-0.6117149665952328,-1.082615449418602,0.7698037624359131,0,volatility_factor,0.31432396173477173,quality_factor,0.2683754861354828,value_factor,0.23588576912879944
2021-11-26,300450.SZ,pca,3,cn_a,INDUSTRY_C35,-1.264036755820286,-0.7142242448849232,-1.264036755820286,0.7698037624359131,0,quality_factor,0.306170791387558,volatility_factor,0.3007534146308899,value_factor,0.266439288854599
2021-11-29,002432.SZ,pca,3,cn_a,INDUSTRY_C35,2.418504741964559,1.7788396204760435,2.418504741964559,0.3595968186855316,1,volatility_factor,0.37546777725219727,momentum_factor,0.294426292181015,quality_factor,0.17925235629081726
2021-11-29,601717.SH,pca,3,cn_a,INDUSTRY_C35,2.343391556330372,1.7235929598812296,2.343391556330372,0.3595968186855316,0,volatility_factor,0.35999196767807007,momentum_factor,0.29973629117012024,quality_factor,0.1830737292766571
2021-11-29,600528.SH,pca,3,cn_a,INDUSTRY_C35,1.3080423853215002,0.9620810659985769,1.3080423853215002,0.3595968186855316,0,quality_factor,0.40067219734191895,value_factor,0.3964891731739044,volatility_factor,0.16751950979232788
2021-11-29,600582.SH,pca,3,cn_a,INDUSTRY_C35,1.2797261104544635,0.9412541018153853,1.2797261104544635,0.3595968186855316,0,quality_factor,0.4126180112361908,value_factor,0.40816420316696167,volatility_factor,0.15874361991882324
2021-11-29,300757.SZ,pca,3,cn_a,INDUSTRY_C35,1.047447522299147,0.7704103782412558,1.047447522299147,0.3595968186855316,0,volatility_factor,0.3872905671596527,momentum_factor,0.35369381308555603,value_factor,0.13284286856651306
2021-11-29,600499.SH,pca,3,cn_a,INDUSTRY_C35,0.7979785792839112,0.5869229398195681,0.7979785792839112,0.3595968186855316,0,momentum_factor,0.4115109443664551,volatility_factor,0.35009923577308655,quality_factor,0.1213914081454277
2021-11-29,300604.SZ,pca,3,cn_a,INDUSTRY_C35,0.6036493892032022,0.4439914595819946,0.6036493892032022,0.3595968186855316,0,volatility_factor,0.42137521505355835,momentum_factor,0.23991134762763977,value_factor,0.18106529116630554
2021-11-29,688425.SH,pca,3,cn_a,INDUSTRY_C35,0.2704423295327045,0.19891361901396792,0.2704423295327045,0.3595968186855316,0,value_factor,0.31639015674591064,quality_factor,0.3078112006187439,volatility_factor,0.28350046277046204
2021-11-29,600031.SH,pca,3,cn_a,INDUSTRY_C35,0.2683718258397746,0.19739073839297155,0.2683718258397746,0.3595968186855316,0,quality_factor,0.3244483768939972,value_factor,0.30471739172935486,momentum_factor,0.1956455111503601
2021-11-29,002595.SZ,pca,3,cn_a,INDUSTRY_C35,0.18317770603810948,0.134729428243262,0.18317770603810948,0.3595968186855316,0,momentum_factor,0.36318445205688477,volatility_factor,0.232569620013237,value_factor,0.22995655238628387
2021-11-29,603338.SH,pca,3,cn_a,INDUSTRY_C35,0.1725002171565546,0.126876005448534,0.1725002171565546,0.3595968186855316,0,momentum_factor,0.3719344437122345,volatility_factor,0.21940165758132935,quality_factor,0.21508832275867462
2021-11-29,688037.SH,pca,3,cn_a,INDUSTRY_C35,0.03083677010837828,0.022680819055056645,0.03083677010837828,0.3595968186855316,0,momentum_factor,0.29723647236824036,quality_factor,0.25235140323638916,value_factor,0.23593692481517792
2021-11-29,688301.SH,pca,3,cn_a,INDUSTRY_C35,0.024777869343339965,0.018224423931916256,0.024777869343339965,0.3595968186855316,0,momentum_factor,0.37805330753326416,quality_factor,0.26308923959732056,value_factor,0.22573767602443695
2021-11-29,300003.SZ,pca,3,cn_a,INDUSTRY_C35,-0.034706502830608076,-0.025527054486194717,-0.034706502830608076,0.3595968186855316,0,volatility_factor,0.5514122247695923,value_factor,0.21396002173423767,quality_factor,0.14497464895248413
2021-11-29,601399.SH,pca,3,cn_a,INDUSTRY_C35,-0.17262666775061644,-0.1269690113967329,-0.17262666775061644,0.3595968186855316,2,volatility_factor,0.7613975405693054,value_factor,0.11559907346963882,momentum_factor,0.08680984377861023
2021-11-29,601608.SH,pca,3,cn_a,INDUSTRY_C35,-0.20365343600173944,-0.14978957639409296,-0.20365343600173944,0.3595968186855316,1,volatility_factor,0.3768429756164551,momentum_factor,0.26735371351242065,quality_factor,0.2218938171863556
2021-11-29,002430.SZ,pca,3,cn_a,INDUSTRY_C35,-0.2187885238041006,-0.16092161735108285,-0.2187885238041006,0.3595968186855316,0,volatility_factor,0.4896189570426941,momentum_factor,0.19688735902309418,value_factor,0.17228911817073822
2021-11-29,002353.SZ,pca,3,cn_a,INDUSTRY_C35,-0.2283128578757762,-0.16792688077330142,-0.2283128578757762,0.3595968186855316,0,momentum_factor,0.3600141406059265,volatility_factor,0.3186179995536804,quality_factor,0.16711309552192688
2021-11-29,002223.SZ,pca,3,cn_a,INDUSTRY_C35,-0.27098337051271837,-0.19931156122795265,-0.27098337051271837,0.3595968186855316,2,volatility_factor,0.70183926820755,momentum_factor,0.17412707209587097,value_factor,0.09479853510856628
2021-11-29,002008.SZ,pca,3,cn_a,INDUSTRY_C35,-0.45430028150278035,-0.3341433764045966,-0.45430028150278035,0.3595968186855316,2,volatility_factor,0.617801308631897,momentum_factor,0.15919117629528046,quality_factor,0.14504821598529816
2021-11-29,601106.SH,pca,3,cn_a,INDUSTRY_C35,-0.46997959063348704,-0.34567569876040766,-0.46997959063348704,0.3595968186855316,1,volatility_factor,0.811215341091156,quality_factor,0.12789060175418854,momentum_factor,0.04032197967171669
2021-11-29,300724.SZ,pca,3,cn_a,INDUSTRY_C35,-0.549492620001074,-0.40415849787547,-0.549492620001074,0.3595968186855316,1,volatility_factor,0.36244332790374756,quality_factor,0.263877272605896,momentum_factor,0.19336701929569244
2021-11-29,300529.SZ,pca,3,cn_a,INDUSTRY_C35,-0.573767585300421,-0.422013029773176,-0.573767585300421,0.3595968186855316,1,volatility_factor,0.376830518245697,quality_factor,0.34308648109436035,value_factor,0.2780292332172394
2021-11-29,688012.SH,pca,3,cn_a,INDUSTRY_C35,-0.6439960795739708,-0.473666940527425,-0.6439960795739708,0.3595968186855316,1,quality_factor,0.393881231546402,value_factor,0.3637349307537079,volatility_factor,0.1669401228427887
2021-11-29,688617.SH,pca,3,cn_a,INDUSTRY_C35,-0.6925727918562551,-0.5093957025764922,-0.6925727918562551,0.3595968186855316,1,volatility_factor,0.3227238357067108,quality_factor,0.2821979224681854,value_factor,0.20244692265987396
2021-11-29,002837.SZ,pca,3,cn_a,INDUSTRY_C35,-0.7337827332027345,-0.5397061151023179,-0.7337827332027345,0.3595968186855316,0,quality_factor,0.3135073482990265,value_factor,0.3001067340373993,momentum_factor,0.20397044718265533
2021-11-29,300751.SZ,pca,3,cn_a,INDUSTRY_C35,-0.7668558988044716,-0.5640318302130297,-0.7668558988044716,0.3595968186855316,0,value_factor,0.39861035346984863,quality_factor,0.3901502788066864,momentum_factor,0.20791874825954437
2021-11-29,300450.SZ,pca,3,cn_a,INDUSTRY_C35,-0.9851889818857595,-0.7246184653792692,-0.9851889818857595,0.3595968186855316,0,volatility_factor,0.33793264627456665,quality_factor,0.3071129620075226,value_factor,0.258543998003006
2021-11-30,002432.SZ,pca,3,cn_a,INDUSTRY_C35,2.3872307912664166,1.7584081515450998,2.3872307912664166,0.35760897397994995,1,volatility_factor,0.38070032000541687,momentum_factor,0.297105610370636,quality_factor,0.17540523409843445
2021-11-30,601717.SH,pca,3,cn_a,INDUSTRY_C35,2.28287148397158,1.6815382245534614,2.28287148397158,0.35760897397994995,0,volatility_factor,0.3683231770992279,momentum_factor,0.24238736927509308,quality_factor,0.2123638242483139
2021-11-30,600582.SH,pca,3,cn_a,INDUSTRY_C35,1.6904499442798073,1.245166982880475,1.6904499442798073,0.35760897397994995,0,quality_factor,0.4408766031265259,value_factor,0.4312067925930023,momentum_factor,0.08335873484611511
2021-11-30,600528.SH,pca,3,cn_a,INDUSTRY_C35,1.3928360241308626,1.0259478168418308,1.3928360241308626,0.35760897397994995,0,quality_factor,0.4190978705883026,value_factor,0.410876989364624,volatility_factor,0.14084140956401825
2021-11-30,600499.SH,pca,3,cn_a,INDUSTRY_C35,1.0972768823624712,0.8082421781366985,1.0972768823624712,0.35760897397994995,0,volatility_factor,0.47208327054977417,momentum_factor,0.3335345983505249,value_factor,0.10886818170547485
2021-11-30,300757.SZ,pca,3,cn_a,INDUSTRY_C35,1.0474077130204031,0.7715090921683511,1.0474077130204031,0.35760897397994995,0,volatility_factor,0.38751134276390076,momentum_factor,0.35398638248443604,value_factor,0.1325918734073639
2021-11-30,300604.SZ,pca,3,cn_a,INDUSTRY_C35,0.5408415456483235,0.3983779808980056,0.5408415456483235,0.35760897397994995,0,volatility_factor,0.40730369091033936,momentum_factor,0.24228326976299286,value_factor,0.1856369972229004
2021-11-30,688425.SH,pca,3,cn_a,INDUSTRY_C35,0.445224430656073,0.32794745736223796,0.445224430656073,0.35760897397994995,0,value_factor,0.3766030967235565,quality_factor,0.3722522258758545,volatility_factor,0.2259158045053482
2021-11-30,603338.SH,pca,3,cn_a,INDUSTRY_C35,0.2919810790946529,0.21507007678323545,0.2919810790946529,0.35760897397994995,0,volatility_factor,0.3675113022327423,momentum_factor,0.26901859045028687,value_factor,0.18820223212242126
2021-11-30,600031.SH,pca,3,cn_a,INDUSTRY_C35,0.2374060785235273,0.1748707268812779,0.2374060785235273,0.35760897397994995,0,quality_factor,0.3055053651332855,value_factor,0.30332058668136597,volatility_factor,0.24818019568920135
2021-11-30,300003.SZ,pca,3,cn_a,INDUSTRY_C35,0.13947510154433887,0.10273583785463812,0.13947510154433887,0.35760897397994995,0,momentum_factor,0.32621628046035767,volatility_factor,0.2813854217529297,value_factor,0.22505508363246918
2021-11-30,688301.SH,pca,3,cn_a,INDUSTRY_C35,0.0897490519840013,0.06610817235579988,0.0897490519840013,0.35760897397994995,0,momentum_factor,0.35809510946273804,quality_factor,0.2448122799396515,value_factor,0.21712130308151245
2021-11-30,601608.SH,pca,3,cn_a,INDUSTRY_C35,-0.05850127671899771,-0.043091402069219076,-0.05850127671899771,0.35760897397994995,1,momentum_factor,0.4320787191390991,quality_factor,0.22898264229297638,volatility_factor,0.19205288589000702
2021-11-30,002595.SZ,pca,3,cn_a,INDUSTRY_C35,-0.18738659915628822,-0.13802692418856233,-0.18738659915628822,0.35760897397994995,0,volatility_factor,0.5371649265289307,value_factor,0.183113694190979,momentum_factor,0.1404210925102234
2021-11-30,002008.SZ,pca,3,cn_a,INDUSTRY_C35,-0.19084104291863344,-0.14057142976924794,-0.19084104291863344,0.35760897397994995,2,volatility_factor,0.425428181886673,quality_factor,0.23651987314224243,momentum_factor,0.1835688352584839
2021-11-30,688037.SH,pca,3,cn_a,INDUSTRY_C35,-0.19251768960726087,-0.1418064294246351,-0.19251768960726087,0.35760897397994995,0,quality_factor,0.30394864082336426,value_factor,0.2844696342945099,momentum_factor,0.2463846206665039
2021-11-30,002353.SZ,pca,3,cn_a,INDUSTRY_C35,-0.19887514067920092,-0.14648925851214786,-0.19887514067920092,0.35760897397994995,0,volatility_factor,0.37518438696861267,momentum_factor,0.29351863265037537,value_factor,0.16692712903022766
2021-11-30,002430.SZ,pca,3,cn_a,INDUSTRY_C35,-0.23274745407687478,-0.1714392349484701,-0.23274745407687478,0.35760897397994995,0,volatility_factor,0.5039955377578735,momentum_factor,0.1867247372865677,value_factor,0.17200598120689392
2021-11-30,601399.SH,pca,3,cn_a,INDUSTRY_C35,-0.3365739239266578,-0.2479166796923684,-0.3365739239266578,0.35760897397994995,2,volatility_factor,0.7617706656455994,momentum_factor,0.15523700416088104,value_factor,0.08080706745386124
2021-11-30,002223.SZ,pca,3,cn_a,INDUSTRY_C35,-0.3593348606201745,-0.26468213729500334,-0.3593348606201745,0.35760897397994995,2,volatility_factor,0.692842960357666,momentum_factor,0.19251765310764313,value_factor,0.08960291743278503
2021-11-30,300724.SZ,pca,3,cn_a,INDUSTRY_C35,-0.37088538140246935,-0.27319012486473626,-0.37088538140246935,0.35760897397994995,1,quality_factor,0.36128172278404236,value_factor,0.30511415004730225,momentum_factor,0.17735400795936584
2021-11-30,601106.SH,pca,3,cn_a,INDUSTRY_C35,-0.4793891464181012,-0.3531128141894687,-0.4793891464181012,0.35760897397994995,1,volatility_factor,0.793293833732605,quality_factor,0.14671236276626587,value_factor,0.03225259855389595
2021-11-30,300529.SZ,pca,3,cn_a,INDUSTRY_C35,-0.541897979088304,-0.39915613824216456,-0.541897979088304,0.35760897397994995,1,quality_factor,0.33688515424728394,value_factor,0.2950384020805359,volatility_factor,0.28621068596839905
2021-11-30,002837.SZ,pca,3,cn_a,INDUSTRY_C35,-0.5747516968127362,-0.4233558282204245,-0.5747516968127362,0.35760897397994995,0,quality_factor,0.40365681052207947,value_factor,0.40118661522865295,momentum_factor,0.15717150270938873
2021-11-30,688617.SH,pca,3,cn_a,INDUSTRY_C35,-0.6421357771896832,-0.47299020653553325,-0.6421357771896832,0.35760897397994995,1,quality_factor,0.2984156012535095,volatility_factor,0.2885916829109192,value_factor,0.223116934299469
2021-11-30,688012.SH,pca,3,cn_a,INDUSTRY_C35,-0.7094123525202233,-0.5225453978065465,-0.7094123525202233,0.35760897397994995,1,quality_factor,0.3708789348602295,value_factor,0.3194800615310669,volatility_factor,0.28344014286994934
2021-11-30,300751.SZ,pca,3,cn_a,INDUSTRY_C35,-0.8050730802731029,-0.5930080460258941,-0.8050730802731029,0.35760897397994995,0,value_factor,0.37809619307518005,quality_factor,0.3756938576698303,momentum_factor,0.2045183777809143
2021-11-30,300450.SZ,pca,3,cn_a,INDUSTRY_C35,-1.0665580987750214,-0.7856150573474823,-1.0665580987750214,0.35760897397994995,0,quality_factor,0.26927196979522705,value_factor,0.25105610489845276,volatility_factor,0.2476188987493515
2021-12-01,002432.SZ,pca,3,cn_a,INDUSTRY_C35,1.8317846538919176,1.7397552046086693,1.8317846538919176,0.05289798602461815,1,volatility_factor,0.3855847418308258,momentum_factor,0.29960668087005615,quality_factor,0.17181412875652313
2021-12-01,601717.SH,pca,3,cn_a,INDUSTRY_C35,1.7112052223460412,1.6252337224273523,1.7112052223460412,0.05289798602461815,0,volatility_factor,0.3806752562522888,quality_factor,0.2275080531835556,momentum_factor,0.20657023787498474
2021-12-01,600582.SH,pca,3,cn_a,INDUSTRY_C35,1.3566940564299304,1.2885333113369815,1.3566940564299304,0.05289798602461815,0,quality_factor,0.4240120053291321,value_factor,0.41857606172561646,momentum_factor,0.12230759114027023
2021-12-01,600528.SH,pca,3,cn_a,INDUSTRY_C35,1.045227764543214,0.9927151859810461,1.045227764543214,0.05289798602461815,0,quality_factor,0.40787750482559204,value_factor,0.4046425521373749,volatility_factor,0.165772944688797
2021-12-01,600499.SH,pca,3,cn_a,INDUSTRY_C35,0.8579360559146896,0.8148330729421455,0.8579360559146896,0.05289798602461815,0,volatility_factor,0.47374895215034485,momentum_factor,0.33543339371681213,value_factor,0.10714232176542282
2021-12-01,300757.SZ,pca,3,cn_a,INDUSTRY_C35,0.8151756127190108,0.7742209281449957,0.8151756127190108,0.05289798602461815,0,volatility_factor,0.3880575895309448,momentum_factor,0.3547102212905884,value_factor,0.1319708377122879
2021-12-01,688425.SH,pca,3,cn_a,INDUSTRY_C35,0.3850425161072962,0.36569785644290664,0.3850425161072962,0.05289798602461815,0,value_factor,0.3944794535636902,quality_factor,0.38993003964424133,volatility_factor,0.20685185492038727
2021-12-01,688301.SH,pca,3,cn_a,INDUSTRY_C35,0.29286487331094624,0.27815124802319724,0.29286487331094624,0.05289798602461815,0,volatility_factor,0.31723111867904663,momentum_factor,0.31209293007850647,quality_factor,0.18562157452106476
2021-12-01,603338.SH,pca,3,cn_a,INDUSTRY_C35,0.21121122158734595,0.20059990198499686,0.21121122158734595,0.05289798602461815,0,volatility_factor,0.3575528562068939,momentum_factor,0.2717334032058716,value_factor,0.1908736526966095
2021-12-01,300604.SZ,pca,3,cn_a,INDUSTRY_C35,0.20548555873895144,0.1951618982768838,0.20548555873895144,0.05289798602461815,0,volatility_factor,0.36691969633102417,momentum_factor,0.21976597607135773,value_factor,0.2148832082748413
2021-12-01,600031.SH,pca,3,cn_a,INDUSTRY_C35,0.1288176286507092,0.12234578961793266,0.1288176286507092,0.05289798602461815,0,volatility_factor,0.29184675216674805,value_factor,0.28937390446662903,quality_factor,0.2832653522491455
2021-12-01,002430.SZ,pca,3,cn_a,INDUSTRY_C35,-0.03433904113365675,-0.03261383667922982,-0.03433904113365675,0.05289798602461815,0,volatility_factor,0.5434154868125916,momentum_factor,0.2528654932975769,value_factor,0.1496562957763672
2021-12-01,601608.SH,pca,3,cn_a,INDUSTRY_C35,-0.05425265182023711,-0.0515269811697247,-0.05425265182023711,0.05289798602461815,1,momentum_factor,0.4122392535209656,quality_factor,0.23680202662944794,volatility_factor,0.193942129611969
2021-12-01,300003.SZ,pca,3,cn_a,INDUSTRY_C35,-0.05976318749432489,-0.056760665761855594,-0.05976318749432489,0.05289798602461815,0,volatility_factor,0.6087802648544312,value_factor,0.22177132964134216,quality_factor,0.15350964665412903
2021-12-01,002595.SZ,pca,3,cn_a,INDUSTRY_C35,-0.07056863314322558,-0.06702324235122158,-0.07056863314322558,0.05289798602461815,0,volatility_factor,0.6105271577835083,value_factor,0.20800136029720306,quality_factor,0.13320787250995636
2021-12-01,688037.SH,pca,3,cn_a,INDUSTRY_C35,-0.1308155578570412,-0.12424334221931005,-0.1308155578570412,0.05289798602461815,0,quality_factor,0.29389119148254395,value_factor,0.28180763125419617,momentum_factor,0.22631554305553436
2021-12-01,002353.SZ,pca,3,cn_a,INDUSTRY_C35,-0.152572258756838,-0.1449069794788069,-0.152572258756838,0.05289798602461815,0,volatility_factor,0.3997481167316437,momentum_factor,0.28349554538726807,value_factor,0.16192325949668884
2021-12-01,002008.SZ,pca,3,cn_a,INDUSTRY_C35,-0.2105789691908551,-0.1999994141519515,-0.2105789691908551,0.05289798602461815,2,volatility_factor,0.5921698808670044,quality_factor,0.23729035258293152,value_factor,0.1567026674747467
2021-12-01,601399.SH,pca,3,cn_a,INDUSTRY_C35,-0.2913268158323444,-0.27669046304626255,-0.2913268158323444,0.05289798602461815,2,volatility_factor,0.8428491950035095,value_factor,0.0825042724609375,momentum_factor,0.053009968250989914
2021-12-01,002223.SZ,pca,3,cn_a,INDUSTRY_C35,-0.3179546280056487,-0.3019804853845443,-0.3179546280056487,0.05289798602461815,2,volatility_factor,0.6479532122612,momentum_factor,0.22907458245754242,value_factor,0.08877471834421158
2021-12-01,688617.SH,pca,3,cn_a,INDUSTRY_C35,-0.31886278769388715,-0.30284301883839304,-0.31886278769388715,0.05289798602461815,1,quality_factor,0.34461531043052673,value_factor,0.28378385305404663,momentum_factor,0.260938823223114
2021-12-01,601106.SH,pca,3,cn_a,INDUSTRY_C35,-0.32377442715086574,-0.3075078959516959,-0.32377442715086574,0.05289798602461815,1,volatility_factor,0.5113736987113953,momentum_factor,0.2682338058948517,quality_factor,0.12914477288722992
2021-12-01,300529.SZ,pca,3,cn_a,INDUSTRY_C35,-0.3521137769008397,-0.33442346766914066,-0.3521137769008397,0.05289798602461815,1,quality_factor,0.3878215551376343,value_factor,0.3657798767089844,volatility_factor,0.14727658033370972
2021-12-01,002837.SZ,pca,3,cn_a,INDUSTRY_C35,-0.526452736415461,-0.5000035818693542,-0.526452736415461,0.05289798602461815,0,quality_factor,0.34381669759750366,value_factor,0.30481022596359253,volatility_factor,0.2609924077987671
2021-12-01,300724.SZ,pca,3,cn_a,INDUSTRY_C35,-0.5509481156193304,-0.5232683053554095,-0.5509481156193304,0.05289798602461815,1,volatility_factor,0.4205642640590668,quality_factor,0.30272138118743896,value_factor,0.23751258850097656
2021-12-01,300751.SZ,pca,3,cn_a,INDUSTRY_C35,-0.5777291256432164,-0.5487038288350606,-0.5777291256432164,0.05289798602461815,0,quality_factor,0.413860946893692,value_factor,0.40146055817604065,momentum_factor,0.1204000860452652
2021-12-01,688012.SH,pca,3,cn_a,INDUSTRY_C35,-0.5997876376939241,-0.569654114156321,-0.5997876376939241,0.05289798602461815,1,quality_factor,0.34569746255874634,volatility_factor,0.3389851152896881,value_factor,0.2877143919467926
2021-12-01,300450.SZ,pca,3,cn_a,INDUSTRY_C35,-0.7160953839096411,-0.6801185218503037,-0.7160953839096411,0.05289798602461815,0,quality_factor,0.31629717350006104,value_factor,0.2887974679470062,volatility_factor,0.23679021000862122
2021-12-02,002432.SZ,pca,3,cn_a,INDUSTRY_C35,2.751662045471793,1.7364250521764502,2.751662045471793,0.5846707820892334,1,volatility_factor,0.3864677846431732,momentum_factor,0.3000588119029999,quality_factor,0.1711648851633072
2021-12-02,601717.SH,pca,3,cn_a,INDUSTRY_C35,2.60906924292047,1.6464424487467784,2.60906924292047,0.5846707820892334,0,volatility_factor,0.37588074803352356,quality_factor,0.22383306920528412,momentum_factor,0.21663907170295715
2021-12-02,600582.SH,pca,3,cn_a,INDUSTRY_C35,2.1535432838889954,1.3589846599239745,2.1535432838889954,0.5846707820892334,0,quality_factor,0.43867936730384827,value_factor,0.42580243945121765,momentum_factor,0.122669517993927
2021-12-02,600528.SH,pca,3,cn_a,INDUSTRY_C35,1.5653520120202309,0.9878089693535381,1.5653520120202309,0.5846707820892334,0,quality_factor,0.40565231442451477,value_factor,0.4043327271938324,volatility_factor,0.17390233278274536
2021-12-02,600499.SH,pca,3,cn_a,INDUSTRY_C35,1.3502638530278055,0.8520784684675101,1.3502638530278055,0.5846707820892334,0,volatility_factor,0.4606178402900696,momentum_factor,0.3535751700401306,value_factor,0.1026390865445137
2021-12-02,300757.SZ,pca,3,cn_a,INDUSTRY_C35,1.1011251743789843,0.6948605267570205,1.1011251743789843,0.5846707820892334,0,volatility_factor,0.40956613421440125,momentum_factor,0.3207559883594513,value_factor,0.14166592061519623
2021-12-02,688425.SH,pca,3,cn_a,INDUSTRY_C35,0.5693434096958645,0.359281824421121,0.5693434096958645,0.5846707820892334,0,value_factor,0.3718090355396271,quality_factor,0.3587239682674408,volatility_factor,0.22261753678321838
2021-12-02,603338.SH,pca,3,cn_a,INDUSTRY_C35,0.21248195481402216,0.13408586642449827,0.21248195481402216,0.5846707820892334,0,volatility_factor,0.3274223506450653,momentum_factor,0.2689953148365021,value_factor,0.20506495237350464
2021-12-02,600031.SH,pca,3,cn_a,INDUSTRY_C35,0.20225841166584937,0.12763434143664304,0.20225841166584937,0.5846707820892334,0,volatility_factor,0.3042799234390259,value_factor,0.29440560936927795,quality_factor,0.28455018997192383
2021-12-02,688301.SH,pca,3,cn_a,INDUSTRY_C35,0.05030376324584105,0.031743983554439276,0.05030376324584105,0.5846707820892334,0,volatility_factor,0.27858200669288635,momentum_factor,0.24058519303798676,value_factor,0.24055834114551544
2021-12-02,002430.SZ,pca,3,cn_a,INDUSTRY_C35,-0.038865865852215326,-0.024526145298756935,-0.038865865852215326,0.5846707820892334,0,volatility_factor,0.5331575870513916,momentum_factor,0.34431102871894836,value_factor,0.11496474593877792
2021-12-02,300003.SZ,pca,3,cn_a,INDUSTRY_C35,-0.06440112823167633,-0.04064006793055763,-0.06440112823167633,0.5846707820892334,0,volatility_factor,0.4994279146194458,value_factor,0.2290060818195343,quality_factor,0.189847931265831
2021-12-02,300604.SZ,pca,3,cn_a,INDUSTRY_C35,-0.12153788225156903,-0.07669598229818639,-0.12153788225156903,0.5846707820892334,0,value_factor,0.2748943567276001,volatility_factor,0.2728056311607361,quality_factor,0.2701930105686188
2021-12-02,688037.SH,pca,3,cn_a,INDUSTRY_C35,-0.2704833511966752,-0.17068740981017483,-0.2704833511966752,0.5846707820892334,0,value_factor,0.30733761191368103,quality_factor,0.3032075762748718,volatility_factor,0.24621519446372986
2021-12-02,601399.SH,pca,3,cn_a,INDUSTRY_C35,-0.2822837344339142,-0.17813399327130314,-0.2822837344339142,0.5846707820892334,2,momentum_factor,0.7640416622161865,volatility_factor,0.15021243691444397,quality_factor,0.07267574220895767
2021-12-02,002595.SZ,pca,3,cn_a,INDUSTRY_C35,-0.32818750917395356,-0.20710138211879595,-0.32818750917395356,0.5846707820892334,0,volatility_factor,0.550611674785614,momentum_factor,0.1919931322336197,value_factor,0.1496337503194809
2021-12-02,002353.SZ,pca,3,cn_a,INDUSTRY_C35,-0.3426438223422605,-0.21622397927380105,-0.3426438223422605,0.5846707820892334,0,volatility_factor,0.4997358024120331,momentum_factor,0.21309371292591095,value_factor,0.159688338637352
2021-12-02,002008.SZ,pca,3,cn_a,INDUSTRY_C35,-0.36467474755630425,-0.23012650430489812,-0.36467474755630425,0.5846707820892334,2,volatility_factor,0.5314109921455383,momentum_factor,0.19056037068367004,quality_factor,0.1888265311717987
2021-12-02,002223.SZ,pca,3,cn_a,INDUSTRY_C35,-0.4739561067547666,-0.2990880579812937,-0.4739561067547666,0.5846707820892334,2,volatility_factor,0.5238645076751709,momentum_factor,0.3278450071811676,value_factor,0.08641864359378815
2021-12-02,601106.SH,pca,3,cn_a,INDUSTRY_C35,-0.4859713845058826,-0.30667024974435186,-0.4859713845058826,0.5846707820892334,1,volatility_factor,0.48805415630340576,momentum_factor,0.29983630776405334,quality_factor,0.1212921217083931
2021-12-02,601608.SH,pca,3,cn_a,INDUSTRY_C35,-0.544659959491939,-0.34370543437032275,-0.544659959491939,0.5846707820892334,1,volatility_factor,0.6791528463363647,quality_factor,0.20367255806922913,value_factor,0.10705026239156723
2021-12-02,300529.SZ,pca,3,cn_a,INDUSTRY_C35,-0.8507767689025466,-0.5368791918917573,-0.8507767689025466,0.5846707820892334,1,volatility_factor,0.30937179923057556,quality_factor,0.2419464886188507,momentum_factor,0.23069539666175842
2021-12-02,002837.SZ,pca,3,cn_a,INDUSTRY_C35,-0.8521859342895035,-0.5377684399317186,-0.8521859342895035,0.5846707820892334,0,value_factor,0.2921806573867798,quality_factor,0.28917935490608215,momentum_factor,0.27999773621559143
2021-12-02,300751.SZ,pca,3,cn_a,INDUSTRY_C35,-0.8716451729161071,-0.5500481126855435,-0.8716451729161071,0.5846707820892334,0,quality_factor,0.41249048709869385,value_factor,0.40099918842315674,momentum_factor,0.12468116730451584
2021-12-02,688617.SH,pca,3,cn_a,INDUSTRY_C35,-0.8895989842307257,-0.5613777917062852,-0.8895989842307257,0.5846707820892334,1,quality_factor,0.36102724075317383,volatility_factor,0.3129432797431946,value_factor,0.2992119789123535
2021-12-02,688012.SH,pca,3,cn_a,INDUSTRY_C35,-0.9166314113499736,-0.5784364940088595,-0.9166314113499736,0.5846707820892334,1,quality_factor,0.3141796290874481,value_factor,0.2924380898475647,volatility_factor,0.21670588850975037
2021-12-02,300724.SZ,pca,3,cn_a,INDUSTRY_C35,-0.9189178395753441,-0.5798793351662866,-0.9189178395753441,0.5846707820892334,1,momentum_factor,0.3149472773075104,value_factor,0.24023275077342987,quality_factor,0.239967480301857
2021-12-02,300450.SZ,pca,3,cn_a,INDUSTRY_C35,-1.0111827206472248,-0.6381027100872518,-1.0111827206472248,0.5846707820892334,0,quality_factor,0.33945539593696594,value_factor,0.30762970447540283,volatility_factor,0.23038318753242493
2021-12-03,002432.SZ,pca,3,cn_a,INDUSTRY_C35,2.7788328825914044,1.7521262359734917,2.7788328825914044,0.5859776139259338,1,volatility_factor,0.3823336660861969,momentum_factor,0.2979419529438019,quality_factor,0.17420437932014465
2021-12-03,601717.SH,pca,3,cn_a,INDUSTRY_C35,2.413694845648864,1.521897229297039,2.413694845648864,0.5859776139259338,0,volatility_factor,0.35583165287971497,quality_factor,0.23789829015731812,momentum_factor,0.2077188491821289
2021-12-03,600582.SH,pca,3,cn_a,INDUSTRY_C35,2.25450705393181,1.4215251961094837,2.25450705393181,0.5859776139259338,0,quality_factor,0.4166155159473419,value_factor,0.4072977900505066,momentum_factor,0.1534484624862671
2021-12-03,600528.SH,pca,3,cn_a,INDUSTRY_C35,1.612952859588607,1.0170086299101893,1.612952859588607,0.5859776139259338,0,quality_factor,0.41399306058883667,value_factor,0.41114044189453125,volatility_factor,0.16283901035785675
2021-12-03,600499.SH,pca,3,cn_a,INDUSTRY_C35,1.4634386787466205,0.9227360593844542,1.4634386787466205,0.5859776139259338,0,volatility_factor,0.4353693127632141,momentum_factor,0.3859074115753174,value_factor,0.09537535905838013
2021-12-03,300757.SZ,pca,3,cn_a,INDUSTRY_C35,1.2263094652495508,0.7732199373870354,1.2263094652495508,0.5859776139259338,0,volatility_factor,0.38785573840141296,momentum_factor,0.3544427454471588,value_factor,0.13220033049583435
2021-12-03,688425.SH,pca,3,cn_a,INDUSTRY_C35,0.5644918356589026,0.35592674948068476,0.5644918356589026,0.5859776139259338,0,value_factor,0.34763458371162415,quality_factor,0.32535362243652344,volatility_factor,0.2404264509677887
2021-12-03,002430.SZ,pca,3,cn_a,INDUSTRY_C35,0.5540464873904516,0.3493406863677544,0.5540464873904516,0.5859776139259338,0,momentum_factor,0.8144035339355469,value_factor,0.11905495822429657,volatility_factor,0.04154425114393234
2021-12-03,600031.SH,pca,3,cn_a,INDUSTRY_C35,0.237201321900792,0.14956158821699156,0.237201321900792,0.5859776139259338,0,quality_factor,0.29903480410575867,value_factor,0.2971321940422058,volatility_factor,0.25415346026420593
2021-12-03,688301.SH,pca,3,cn_a,INDUSTRY_C35,0.22912108382475024,0.144466788448845,0.22912108382475024,0.5859776139259338,0,momentum_factor,0.2959097623825073,volatility_factor,0.28090721368789673,quality_factor,0.21403568983078003
2021-12-03,603338.SH,pca,3,cn_a,INDUSTRY_C35,0.05146044787372264,0.03244714764941606,0.05146044787372264,0.5859776139259338,0,momentum_factor,0.2762995660305023,volatility_factor,0.25094565749168396,quality_factor,0.23964571952819824
2021-12-03,688037.SH,pca,3,cn_a,INDUSTRY_C35,-0.04968258548785674,-0.03132615928421392,-0.04968258548785674,0.5859776139259338,0,quality_factor,0.2605592608451843,value_factor,0.2565915882587433,volatility_factor,0.2507168650627136
2021-12-03,300003.SZ,pca,3,cn_a,INDUSTRY_C35,-0.1645912167441263,-0.10377903287197672,-0.1645912167441263,0.5859776139259338,0,volatility_factor,0.5789114832878113,value_factor,0.1919335424900055,quality_factor,0.13820506632328033
2021-12-03,601608.SH,pca,3,cn_a,INDUSTRY_C35,-0.17927011081123323,-0.11303445646048312,-0.17927011081123323,0.5859776139259338,1,momentum_factor,0.34250375628471375,volatility_factor,0.3231653869152069,quality_factor,0.21202044188976288
2021-12-03,002595.SZ,pca,3,cn_a,INDUSTRY_C35,-0.22049274378662126,-0.13902639617177937,-0.22049274378662126,0.5859776139259338,0,volatility_factor,0.49019914865493774,momentum_factor,0.19534826278686523,value_factor,0.17242878675460815
2021-12-03,300604.SZ,pca,3,cn_a,INDUSTRY_C35,-0.23031697720492963,-0.14522083025537685,-0.23031697720492963,0.5859776139259338,0,quality_factor,0.3114519715309143,momentum_factor,0.28725171089172363,value_factor,0.28060904145240784
2021-12-03,002223.SZ,pca,3,cn_a,INDUSTRY_C35,-0.2566237967570087,-0.16180796257663907,-0.2566237967570087,0.5859776139259338,2,volatility_factor,0.4834407567977905,momentum_factor,0.2971563935279846,value_factor,0.1185033991932869
2021-12-03,002353.SZ,pca,3,cn_a,INDUSTRY_C35,-0.32139341259495396,-0.2026468859658563,-0.32139341259495396,0.5859776139259338,0,volatility_factor,0.5473423004150391,value_factor,0.16792400181293488,momentum_factor,0.16170130670070648
2021-12-03,601399.SH,pca,3,cn_a,INDUSTRY_C35,-0.3294596832166086,-0.20773287889159264,-0.3294596832166086,0.5859776139259338,2,volatility_factor,0.6104701161384583,momentum_factor,0.33337998390197754,value_factor,0.04494429752230644
2021-12-03,002008.SZ,pca,3,cn_a,INDUSTRY_C35,-0.3347888908793442,-0.21109308260205195,-0.3347888908793442,0.5859776139259338,2,volatility_factor,0.49123111367225647,momentum_factor,0.26046833395957947,quality_factor,0.17548607289791107
2021-12-03,601106.SH,pca,3,cn_a,INDUSTRY_C35,-0.3986977895730788,-0.25138930149846883,-0.3986977895730788,0.5859776139259338,1,volatility_factor,0.6658477783203125,quality_factor,0.19838349521160126,value_factor,0.10054264217615128
2021-12-03,688617.SH,pca,3,cn_a,INDUSTRY_C35,-0.5573928625899803,-0.35145066276080666,-0.5573928625899803,0.5859776139259338,1,quality_factor,0.4612247049808502,value_factor,0.4479855000972748,volatility_factor,0.06416760385036469
2021-12-03,002837.SZ,pca,3,cn_a,INDUSTRY_C35,-0.6251393925053067,-0.39416660771900514,-0.6251393925053067,0.5859776139259338,0,quality_factor,0.30156609416007996,volatility_factor,0.29597267508506775,value_factor,0.22773154079914093
2021-12-03,300529.SZ,pca,3,cn_a,INDUSTRY_C35,-0.6479961698836257,-0.40857839893007336,-0.6479961698836257,0.5859776139259338,1,quality_factor,0.31345680356025696,value_factor,0.29636478424072266,volatility_factor,0.20444335043430328
2021-12-03,688012.SH,pca,3,cn_a,INDUSTRY_C35,-0.9735336088006807,-0.6138382010187398,-0.9735336088006807,0.5859776139259338,1,volatility_factor,0.3317609131336212,quality_factor,0.31494274735450745,value_factor,0.266326367855072
2021-12-03,300724.SZ,pca,3,cn_a,INDUSTRY_C35,-0.9838401511043914,-0.6203367433692469,-0.9838401511043914,0.5859776139259338,1,momentum_factor,0.4053228795528412,value_factor,0.2263489067554474,quality_factor,0.20778913795948029
2021-12-03,300450.SZ,pca,3,cn_a,INDUSTRY_C35,-1.025196017128826,-0.6464126899750188,-1.025196017128826,0.5859776139259338,0,quality_factor,0.3272370398044586,value_factor,0.3108164370059967,momentum_factor,0.18496088683605194
2021-12-03,300751.SZ,pca,3,cn_a,INDUSTRY_C35,-1.1430469287607765,-0.7207207476841863,-1.1430469287607765,0.5859776139259338,0,quality_factor,0.3259638845920563,value_factor,0.2919275760650635,volatility_factor,0.2534703016281128
2021-12-06,002432.SZ,pca,3,cn_a,INDUSTRY_C35,2.1315402234723284,1.7488327478781032,2.1315402234723284,0.21883592009544373,1,volatility_factor,0.3831947147846222,momentum_factor,0.29838284850120544,quality_factor,0.17357133328914642
2021-12-06,601717.SH,pca,3,cn_a,INDUSTRY_C35,1.8559813242203613,1.522749082332235,1.8559813242203613,0.21883592009544373,0,volatility_factor,0.35306939482688904,quality_factor,0.2548314034938812,value_factor,0.2117183357477188
2021-12-06,600582.SH,pca,3,cn_a,INDUSTRY_C35,1.5981866773144484,1.3112401857268008,1.5981866773144484,0.21883592009544373,0,quality_factor,0.4297129213809967,value_factor,0.42264047265052795,momentum_factor,0.12094978243112564
2021-12-06,600528.SH,pca,3,cn_a,INDUSTRY_C35,1.2588113982637312,1.0327980548730271,1.2588113982637312,0.21883592009544373,0,quality_factor,0.42242321372032166,value_factor,0.411278635263443,volatility_factor,0.12848219275474548
2021-12-06,300757.SZ,pca,3,cn_a,INDUSTRY_C35,0.8974918778637653,0.7363516623701863,0.8974918778637653,0.21883592009544373,0,volatility_factor,0.3961760699748993,momentum_factor,0.3395974040031433,value_factor,0.13688600063323975
2021-12-06,600499.SH,pca,3,cn_a,INDUSTRY_C35,0.6108788803618886,0.501198607091568,0.6108788803618886,0.21883592009544373,0,volatility_factor,0.46316421031951904,momentum_factor,0.2873609662055969,value_factor,0.13814009726047516
2021-12-06,002430.SZ,pca,3,cn_a,INDUSTRY_C35,0.4827235507595636,0.39605293132357444,0.4827235507595636,0.21883592009544373,0,momentum_factor,0.840610921382904,value_factor,0.0905730202794075,volatility_factor,0.05695537477731705
2021-12-06,688037.SH,pca,3,cn_a,INDUSTRY_C35,0.3081446716617585,0.2528188241310122,0.3081446716617585,0.21883592009544373,0,volatility_factor,0.3417941629886627,momentum_factor,0.2637774646282196,value_factor,0.20116524398326874
2021-12-06,688301.SH,pca,3,cn_a,INDUSTRY_C35,0.27296901947449503,0.22395878583774234,0.27296901947449503,0.21883592009544373,0,volatility_factor,0.348438024520874,momentum_factor,0.26222607493400574,value_factor,0.1994589865207672
2021-12-06,688425.SH,pca,3,cn_a,INDUSTRY_C35,0.2501524343640558,0.2052388054233535,0.2501524343640558,0.21883592009544373,0,volatility_factor,0.35326051712036133,value_factor,0.33242443203926086,quality_factor,0.30444809794425964
2021-12-06,600031.SH,pca,3,cn_a,INDUSTRY_C35,0.24658160461552225,0.20230910044637682,0.24658160461552225,0.21883592009544373,0,quality_factor,0.3222464919090271,value_factor,0.32156604528427124,volatility_factor,0.2432129979133606
2021-12-06,601608.SH,pca,3,cn_a,INDUSTRY_C35,-0.02459296325381186,-0.02017741867219676,-0.02459296325381186,0.21883592009544373,1,momentum_factor,0.47276702523231506,quality_factor,0.21993492543697357,volatility_factor,0.17218592762947083
2021-12-06,300003.SZ,pca,3,cn_a,INDUSTRY_C35,-0.07668222684146328,-0.06291431332321241,-0.07668222684146328,0.21883592009544373,0,volatility_factor,0.530372142791748,value_factor,0.21529722213745117,quality_factor,0.17016901075839996
2021-12-06,002223.SZ,pca,3,cn_a,INDUSTRY_C35,-0.15734143894807598,-0.12909156393136706,-0.15734143894807598,0.21883592009544373,2,volatility_factor,0.43298962712287903,momentum_factor,0.3013628423213959,value_factor,0.1369161158800125
2021-12-06,603338.SH,pca,3,cn_a,INDUSTRY_C35,-0.1785089962469538,-0.14645859129928587,-0.1785089962469538,0.21883592009544373,0,quality_factor,0.34884077310562134,value_factor,0.3356834650039673,momentum_factor,0.1731284260749817
2021-12-06,002353.SZ,pca,3,cn_a,INDUSTRY_C35,-0.18084445003443975,-0.14837472594208323,-0.18084445003443975,0.21883592009544373,0,volatility_factor,0.347763329744339,momentum_factor,0.31263288855552673,quality_factor,0.17157074809074402
2021-12-06,300604.SZ,pca,3,cn_a,INDUSTRY_C35,-0.25403226700258025,-0.20842203335394566,-0.25403226700258025,0.21883592009544373,0,momentum_factor,0.35599884390830994,quality_factor,0.3496812880039215,value_factor,0.29240065813064575
2021-12-06,002595.SZ,pca,3,cn_a,INDUSTRY_C35,-0.28210240200472525,-0.2314523148323509,-0.28210240200472525,0.21883592009544373,0,volatility_factor,0.5472310781478882,momentum_factor,0.19903142750263214,value_factor,0.14746901392936707
2021-12-06,002837.SZ,pca,3,cn_a,INDUSTRY_C35,-0.2921278027305639,-0.23967770457957616,-0.2921278027305639,0.21883592009544373,0,quality_factor,0.4104975759983063,value_factor,0.3883368670940399,momentum_factor,0.13321688771247864
2021-12-06,601399.SH,pca,3,cn_a,INDUSTRY_C35,-0.301542004661128,-0.24740163324393316,-0.301542004661128,0.21883592009544373,2,volatility_factor,0.49979206919670105,momentum_factor,0.4141347110271454,value_factor,0.047905512154102325
2021-12-06,601106.SH,pca,3,cn_a,INDUSTRY_C35,-0.3639728365655542,-0.298623318910214,-0.3639728365655542,0.21883592009544373,1,volatility_factor,0.6993218660354614,quality_factor,0.16289661824703217,momentum_factor,0.08348172903060913
2021-12-06,002008.SZ,pca,3,cn_a,INDUSTRY_C35,-0.37079886613497665,-0.3042237687246414,-0.37079886613497665,0.21883592009544373,2,volatility_factor,0.6125283241271973,quality_factor,0.17187969386577606,momentum_factor,0.14984983205795288
2021-12-06,300529.SZ,pca,3,cn_a,INDUSTRY_C35,-0.4087737102505219,-0.33538041791826795,-0.4087737102505219,0.21883592009544373,1,quality_factor,0.3840477764606476,value_factor,0.3546505570411682,volatility_factor,0.18345686793327332
2021-12-06,688617.SH,pca,3,cn_a,INDUSTRY_C35,-0.47562517167812174,-0.39022903100127326,-0.47562517167812174,0.21883592009544373,1,quality_factor,0.48794931173324585,value_factor,0.4612833559513092,momentum_factor,0.029892748221755028
2021-12-06,688012.SH,pca,3,cn_a,INDUSTRY_C35,-0.6874668438302833,-0.5640355815628403,-0.6874668438302833,0.21883592009544373,1,quality_factor,0.3362703025341034,volatility_factor,0.3092986047267914,value_factor,0.28760209679603577
2021-12-06,300724.SZ,pca,3,cn_a,INDUSTRY_C35,-0.7964212607468876,-0.6534277732894981,-0.7964212607468876,0.21883592009544373,1,volatility_factor,0.3235943913459778,momentum_factor,0.26868313550949097,quality_factor,0.2142566591501236
2021-12-06,300450.SZ,pca,3,cn_a,INDUSTRY_C35,-0.8094497102823941,-0.6641170293264564,-0.8094497102823941,0.21883592009544373,0,value_factor,0.31482937932014465,quality_factor,0.3032585084438324,momentum_factor,0.29998767375946045
2021-12-06,300751.SZ,pca,3,cn_a,INDUSTRY_C35,-0.95140179245683,-0.7805823191682457,-0.95140179245683,0.21883592009544373,0,quality_factor,0.30447304248809814,volatility_factor,0.3033829927444458,value_factor,0.26430633664131165
2021-12-07,002432.SZ,pca,3,cn_a,INDUSTRY_C35,2.703140480046287,1.7583001725098073,2.703140480046287,0.5373600721359253,1,volatility_factor,0.3807283043861389,momentum_factor,0.29711994528770447,quality_factor,0.17538468539714813
2021-12-07,600582.SH,pca,3,cn_a,INDUSTRY_C35,2.190784891298362,1.4250304343175788,2.190784891298362,0.5373600721359253,0,quality_factor,0.4208272397518158,value_factor,0.407524436712265,momentum_factor,0.13642019033432007
2021-12-07,601717.SH,pca,3,cn_a,INDUSTRY_C35,2.180012418442483,1.418023310188934,2.180012418442483,0.5373600721359253,0,volatility_factor,0.2943592369556427,quality_factor,0.2766163647174835,value_factor,0.24122551083564758
2021-12-07,600528.SH,pca,3,cn_a,INDUSTRY_C35,1.6088608821106511,1.0465088246212786,1.6088608821106511,0.5373600721359253,0,quality_factor,0.4241301715373993,value_factor,0.4169473648071289,volatility_factor,0.1409137099981308
2021-12-07,300757.SZ,pca,3,cn_a,INDUSTRY_C35,0.9642238826333006,0.6271945656125048,0.9642238826333006,0.5373600721359253,0,volatility_factor,0.3977811932563782,momentum_factor,0.3181699514389038,value_factor,0.1480022817850113
2021-12-07,002430.SZ,pca,3,cn_a,INDUSTRY_C35,0.4640116831709701,0.30182368566805384,0.4640116831709701,0.5373600721359253,0,momentum_factor,0.7263138294219971,volatility_factor,0.1558898240327835,value_factor,0.10954248160123825
2021-12-07,688425.SH,pca,3,cn_a,INDUSTRY_C35,0.41029593416127147,0.2668834332292944,0.41029593416127147,0.5373600721359253,0,value_factor,0.3235192596912384,volatility_factor,0.31790849566459656,quality_factor,0.2905624210834503
2021-12-07,600031.SH,pca,3,cn_a,INDUSTRY_C35,0.3967869645217908,0.2580963117966999,0.3967869645217908,0.5373600721359253,0,volatility_factor,0.3151848018169403,value_factor,0.29906949400901794,quality_factor,0.2578001618385315
2021-12-07,600499.SH,pca,3,cn_a,INDUSTRY_C35,0.3157951565757339,0.20541391850835902,0.3157951565757339,0.5373600721359253,0,volatility_factor,0.4028817415237427,momentum_factor,0.24861648678779602,value_factor,0.18495862185955048
2021-12-07,603338.SH,pca,3,cn_a,INDUSTRY_C35,0.2507385207993738,0.16309680818691435,0.2507385207993738,0.5373600721359253,0,momentum_factor,0.3463527262210846,volatility_factor,0.2633999288082123,quality_factor,0.20105452835559845
2021-12-07,688301.SH,pca,3,cn_a,INDUSTRY_C35,0.07750786468852895,0.050416207688315784,0.07750786468852895,0.5373600721359253,0,volatility_factor,0.34381580352783203,value_factor,0.24303558468818665,quality_factor,0.22657375037670135
2021-12-07,601608.SH,pca,3,cn_a,INDUSTRY_C35,-0.11404001376329978,-0.07417911771629318,-0.11404001376329978,0.5373600721359253,1,momentum_factor,0.3907354176044464,volatility_factor,0.2317851036787033,quality_factor,0.2304013967514038
2021-12-07,002353.SZ,pca,3,cn_a,INDUSTRY_C35,-0.19101016379595845,-0.124245560462995,-0.19101016379595845,0.5373600721359253,0,momentum_factor,0.47408828139305115,quality_factor,0.20192952454090118,volatility_factor,0.17127877473831177
2021-12-07,300003.SZ,pca,3,cn_a,INDUSTRY_C35,-0.19536539126150418,-0.1270784865578524,-0.19536539126150418,0.5373600721359253,0,volatility_factor,0.5392839312553406,value_factor,0.17994141578674316,momentum_factor,0.14387139678001404
2021-12-07,688037.SH,pca,3,cn_a,INDUSTRY_C35,-0.2123792102345051,-0.13814539227588815,-0.2123792102345051,0.5373600721359253,0,quality_factor,0.30137941241264343,value_factor,0.2844125032424927,momentum_factor,0.2385215163230896
2021-12-07,002595.SZ,pca,3,cn_a,INDUSTRY_C35,-0.2615275247063036,-0.17011468519730147,-0.2615275247063036,0.5373600721359253,0,volatility_factor,0.5016009211540222,momentum_factor,0.2090044915676117,value_factor,0.16048456728458405
2021-12-07,002008.SZ,pca,3,cn_a,INDUSTRY_C35,-0.3878353021706338,-0.2522735624529368,-0.3878353021706338,0.5373600721359253,2,volatility_factor,0.5889703035354614,quality_factor,0.19710209965705872,momentum_factor,0.11501994729042053
2021-12-07,002837.SZ,pca,3,cn_a,INDUSTRY_C35,-0.40594626102732634,-0.26405412003664597,-0.40594626102732634,0.5373600721359253,0,value_factor,0.3517756462097168,quality_factor,0.32040882110595703,volatility_factor,0.21259146928787231
2021-12-07,002223.SZ,pca,3,cn_a,INDUSTRY_C35,-0.411973077762987,-0.2679743576211224,-0.411973077762987,0.5373600721359253,2,volatility_factor,0.4842697083950043,momentum_factor,0.32656577229499817,value_factor,0.1035839095711708
2021-12-07,601399.SH,pca,3,cn_a,INDUSTRY_C35,-0.4221347297810709,-0.27458416374413813,-0.4221347297810709,0.5373600721359253,2,volatility_factor,0.6838723421096802,momentum_factor,0.2489508092403412,value_factor,0.06214422732591629
2021-12-07,601106.SH,pca,3,cn_a,INDUSTRY_C35,-0.508148537884489,-0.33053319589502206,-0.508148537884489,0.5373600721359253,1,volatility_factor,0.7337942719459534,quality_factor,0.1562093198299408,momentum_factor,0.06502493470907211
2021-12-07,300529.SZ,pca,3,cn_a,INDUSTRY_C35,-0.6476033358644019,-0.42124375909194567,-0.6476033358644019,0.5373600721359253,1,volatility_factor,0.35683131217956543,quality_factor,0.31839463114738464,value_factor,0.2648202180862427
2021-12-07,688617.SH,pca,3,cn_a,INDUSTRY_C35,-0.6966519737358879,-0.45314821580346965,-0.6966519737358879,0.5373600721359253,1,quality_factor,0.43316611647605896,value_factor,0.4174559414386749,momentum_factor,0.08871148526668549
2021-12-07,300604.SZ,pca,3,cn_a,INDUSTRY_C35,-0.9318393326897302,-0.6061295265689337,-0.9318393326897302,0.5373600721359253,0,quality_factor,0.3681006133556366,value_factor,0.30822134017944336,volatility_factor,0.26315590739250183
2021-12-07,300724.SZ,pca,3,cn_a,INDUSTRY_C35,-1.0089388508150885,-0.6562801188229919,-1.0089388508150885,0.5373600721359253,1,volatility_factor,0.33714374899864197,momentum_factor,0.2501245141029358,quality_factor,0.21893423795700073
2021-12-07,300450.SZ,pca,3,cn_a,INDUSTRY_C35,-1.0294632278657814,-0.6696305221687595,-1.0294632278657814,0.5373600721359253,0,momentum_factor,0.34903785586357117,value_factor,0.3158833086490631,quality_factor,0.292499303817749
2021-12-07,688012.SH,pca,3,cn_a,INDUSTRY_C35,-1.1650263136459738,-0.7578096600540359,-1.1650263136459738,0.5373600721359253,1,volatility_factor,0.3431800603866577,quality_factor,0.24565894901752472,value_factor,0.211720809340477
2021-12-07,300751.SZ,pca,3,cn_a,INDUSTRY_C35,-1.2958208029899412,-0.8428869895063669,-1.2958208029899412,0.5373600721359253,0,volatility_factor,0.31790846586227417,quality_factor,0.2817770540714264,value_factor,0.24395476281642914
2021-12-08,002432.SZ,pca,3,cn_a,INDUSTRY_C35,2.6611614218071677,1.7632735589030195,2.6611614218071677,0.5092164278030396,1,volatility_factor,0.3794432580471039,momentum_factor,0.29646193981170654,quality_factor,0.17632946372032166
2021-12-08,600582.SH,pca,3,cn_a,INDUSTRY_C35,2.3097721534591824,1.5304446141111177,2.3097721534591824,0.5092164278030396,0,quality_factor,0.3927755355834961,value_factor,0.37341687083244324,momentum_factor,0.14003311097621918
2021-12-08,601717.SH,pca,3,cn_a,INDUSTRY_C35,2.0945813977334966,1.3878601896631688,2.0945813977334966,0.5092164278030396,0,quality_factor,0.2781057059764862,volatility_factor,0.27628543972969055,value_factor,0.24644741415977478
2021-12-08,600528.SH,pca,3,cn_a,INDUSTRY_C35,1.50791793151598,0.9991396222151188,1.50791793151598,0.5092164278030396,0,quality_factor,0.40812450647354126,value_factor,0.40764689445495605,volatility_factor,0.175078883767128
2021-12-08,002430.SZ,pca,3,cn_a,INDUSTRY_C35,1.0508316572235834,0.6962763178726294,1.0508316572235834,0.5092164278030396,0,momentum_factor,0.510498583316803,volatility_factor,0.41804274916648865,quality_factor,0.037381045520305634
2021-12-08,600499.SH,pca,3,cn_a,INDUSTRY_C35,0.9824407845055949,0.650960833984381,0.9824407845055949,0.5092164278030396,0,momentum_factor,0.397685170173645,volatility_factor,0.37798282504081726,value_factor,0.11293541640043259
2021-12-08,300757.SZ,pca,3,cn_a,INDUSTRY_C35,0.7065947566818143,0.4681864997390742,0.7065947566818143,0.5092164278030396,0,volatility_factor,0.35824301838874817,momentum_factor,0.323223739862442,value_factor,0.16175219416618347
2021-12-08,688425.SH,pca,3,cn_a,INDUSTRY_C35,0.4615494478175444,0.30582058299578685,0.4615494478175444,0.5092164278030396,0,value_factor,0.31372499465942383,volatility_factor,0.2910952568054199,quality_factor,0.2779952585697174
2021-12-08,603338.SH,pca,3,cn_a,INDUSTRY_C35,0.42912905590020667,0.28433897749502246,0.42912905590020667,0.5092164278030396,0,volatility_factor,0.3333950936794281,momentum_factor,0.33202826976776123,value_factor,0.1677538901567459
2021-12-08,600031.SH,pca,3,cn_a,INDUSTRY_C35,0.4081982291240262,0.2704703060502984,0.4081982291240262,0.5092164278030396,0,volatility_factor,0.3112186789512634,value_factor,0.3048626184463501,quality_factor,0.26561444997787476
2021-12-08,688301.SH,pca,3,cn_a,INDUSTRY_C35,0.35641344364474215,0.23615794068950854,0.35641344364474215,0.5092164278030396,0,momentum_factor,0.3194897472858429,volatility_factor,0.2941828966140747,quality_factor,0.1957150399684906
2021-12-08,601608.SH,pca,3,cn_a,INDUSTRY_C35,-0.03334350214542133,-0.022093254175585234,-0.03334350214542133,0.5092164278030396,1,momentum_factor,0.47025105357170105,quality_factor,0.2206282913684845,volatility_factor,0.17321377992630005
2021-12-08,002353.SZ,pca,3,cn_a,INDUSTRY_C35,-0.17166428564802014,-0.11374398163549754,-0.17166428564802014,0.5092164278030396,0,momentum_factor,0.4288747012615204,volatility_factor,0.2386782318353653,quality_factor,0.18376924097537994
2021-12-08,002223.SZ,pca,3,cn_a,INDUSTRY_C35,-0.290768619826976,-0.19266197642060306,-0.290768619826976,0.5092164278030396,2,volatility_factor,0.5850536823272705,momentum_factor,0.20735782384872437,value_factor,0.12603464722633362
2021-12-08,002008.SZ,pca,3,cn_a,INDUSTRY_C35,-0.3489519562384113,-0.23121399277794724,-0.3489519562384113,0.5092164278030396,2,volatility_factor,0.48746806383132935,momentum_factor,0.2754318416118622,quality_factor,0.1708010733127594
2021-12-08,300724.SZ,pca,3,cn_a,INDUSTRY_C35,-0.34939979291861073,-0.23151072734295017,-0.34939979291861073,0.5092164278030396,1,quality_factor,0.4523131847381592,value_factor,0.4243360161781311,momentum_factor,0.11260101199150085
2021-12-08,300003.SZ,pca,3,cn_a,INDUSTRY_C35,-0.3498366837134496,-0.23180020921366826,-0.3498366837134496,0.5092164278030396,0,volatility_factor,0.5862857103347778,momentum_factor,0.17185144126415253,value_factor,0.1460038423538208
2021-12-08,002595.SZ,pca,3,cn_a,INDUSTRY_C35,-0.3558077848678919,-0.23575663391488513,-0.3558077848678919,0.5092164278030396,0,volatility_factor,0.5662992596626282,momentum_factor,0.18842098116874695,value_factor,0.14531931281089783
2021-12-08,601399.SH,pca,3,cn_a,INDUSTRY_C35,-0.4061826314084502,-0.2691347800922951,-0.4061826314084502,0.5092164278030396,2,volatility_factor,0.5359901189804077,momentum_factor,0.39662688970565796,value_factor,0.04263836890459061
2021-12-08,601106.SH,pca,3,cn_a,INDUSTRY_C35,-0.4634865518681353,-0.30710409940529926,-0.4634865518681353,0.5092164278030396,1,volatility_factor,0.6665923595428467,quality_factor,0.15629607439041138,momentum_factor,0.13114279508590698
2021-12-08,688037.SH,pca,3,cn_a,INDUSTRY_C35,-0.5516276740083101,-0.3655060095067428,-0.5516276740083101,0.5092164278030396,0,quality_factor,0.4244230091571808,value_factor,0.39243248105049133,momentum_factor,0.15124185383319855
2021-12-08,688617.SH,pca,3,cn_a,INDUSTRY_C35,-0.6844428709770237,-0.4535087601540122,-0.6844428709770237,0.5092164278030396,1,quality_factor,0.446340948343277,value_factor,0.41342559456825256,volatility_factor,0.12059532850980759
2021-12-08,002837.SZ,pca,3,cn_a,INDUSTRY_C35,-0.71103263553265,-0.47112701825522624,-0.71103263553265,0.5092164278030396,0,volatility_factor,0.3344580829143524,quality_factor,0.32470691204071045,value_factor,0.2550840377807617
2021-12-08,300529.SZ,pca,3,cn_a,INDUSTRY_C35,-0.7117260561972891,-0.4715864756609799,-0.7117260561972891,0.5092164278030396,1,volatility_factor,0.4157784581184387,quality_factor,0.2957697808742523,value_factor,0.23394694924354553
2021-12-08,300604.SZ,pca,3,cn_a,INDUSTRY_C35,-0.9638230642696959,-0.6386248165034417,-0.9638230642696959,0.5092164278030396,0,quality_factor,0.3933306634426117,value_factor,0.33893564343452454,volatility_factor,0.26550689339637756
2021-12-08,300751.SZ,pca,3,cn_a,INDUSTRY_C35,-0.9860433261480077,-0.6533478618327705,-0.9860433261480077,0.5092164278030396,0,quality_factor,0.3610359728336334,value_factor,0.31902939081192017,volatility_factor,0.24990367889404297
2021-12-08,300450.SZ,pca,3,cn_a,INDUSTRY_C35,-1.0738642055793266,-0.7115375805593016,-1.0738642055793266,0.5092164278030396,0,quality_factor,0.290985643863678,value_factor,0.28474727272987366,momentum_factor,0.2519889771938324
2021-12-08,688012.SH,pca,3,cn_a,INDUSTRY_C35,-1.1129875686434494,-0.7374605445182048,-1.1129875686434494,0.5092164278030396,1,momentum_factor,0.3309306204319,value_factor,0.23825806379318237,quality_factor,0.23547981679439545
2021-12-09,002432.SZ,pca,3,cn_a,INDUSTRY_C35,2.189697615279741,1.7537634426874524,2.189697615279741,0.24857062101364136,1,volatility_factor,0.3819068670272827,momentum_factor,0.2977234125137329,quality_factor,0.1745181679725647
2021-12-09,600582.SH,pca,3,cn_a,INDUSTRY_C35,1.765349415109192,1.413896259549359,1.765349415109192,0.24857062101364136,0,quality_factor,0.4269859790802002,value_factor,0.4091089367866516,momentum_factor,0.11579792201519012
2021-12-09,601717.SH,pca,3,cn_a,INDUSTRY_C35,1.6750871161646659,1.341603757133854,1.6750871161646659,0.24857062101364136,0,quality_factor,0.2966519594192505,volatility_factor,0.2670844793319702,value_factor,0.262230783700943
2021-12-09,600528.SH,pca,3,cn_a,INDUSTRY_C35,1.230313581539767,0.9853776006741739,1.230313581539767,0.24857062101364136,0,quality_factor,0.4051263630390167,value_factor,0.4036276638507843,volatility_factor,0.1736520379781723
2021-12-09,002430.SZ,pca,3,cn_a,INDUSTRY_C35,0.8758671300579887,0.7014958333189945,0.8758671300579887,0.24857062101364136,0,volatility_factor,0.5179844498634338,momentum_factor,0.3963392674922943,quality_factor,0.05874112620949745
2021-12-09,600499.SH,pca,3,cn_a,INDUSTRY_C35,0.6798736449509574,0.5445215521273391,0.6798736449509574,0.24857062101364136,0,volatility_factor,0.4029366672039032,momentum_factor,0.35659608244895935,value_factor,0.12519609928131104
2021-12-09,300757.SZ,pca,3,cn_a,INDUSTRY_C35,0.6192935163379947,0.49600196925281276,0.6192935163379947,0.24857062101364136,0,momentum_factor,0.4078689515590668,volatility_factor,0.2786811590194702,quality_factor,0.16501887142658234
2021-12-09,688425.SH,pca,3,cn_a,INDUSTRY_C35,0.3319379048959953,0.26585431649862323,0.3319379048959953,0.24857062101364136,0,value_factor,0.33051106333732605,volatility_factor,0.30957895517349243,quality_factor,0.30042585730552673
2021-12-09,603338.SH,pca,3,cn_a,INDUSTRY_C35,0.26668319767583537,0.2135907897050531,0.26668319767583537,0.24857062101364136,0,momentum_factor,0.35410797595977783,volatility_factor,0.2820558547973633,quality_factor,0.1867162138223648
2021-12-09,600031.SH,pca,3,cn_a,INDUSTRY_C35,0.24273579859602895,0.194410939135482,0.24273579859602895,0.24857062101364136,0,volatility_factor,0.3536970615386963,value_factor,0.32248127460479736,quality_factor,0.2887094020843506
2021-12-09,688301.SH,pca,3,cn_a,INDUSTRY_C35,0.20794832899318372,0.16654910468521392,0.20794832899318372,0.24857062101364136,0,momentum_factor,0.31035569310188293,volatility_factor,0.27579089999198914,quality_factor,0.21052244305610657
2021-12-09,601608.SH,pca,3,cn_a,INDUSTRY_C35,-0.021104683681138596,-0.016903074858916005,-0.021104683681138596,0.24857062101364136,1,momentum_factor,0.476935476064682,quality_factor,0.21308720111846924,volatility_factor,0.1833023577928543
2021-12-09,002008.SZ,pca,3,cn_a,INDUSTRY_C35,-0.035359838213434705,-0.028320253520549343,-0.035359838213434705,0.24857062101364136,2,momentum_factor,0.46149516105651855,quality_factor,0.21639901399612427,volatility_factor,0.19165556132793427
2021-12-09,300724.SZ,pca,3,cn_a,INDUSTRY_C35,-0.0504884410785716,-0.04043699076256538,-0.0504884410785716,0.24857062101364136,1,quality_factor,0.2729593515396118,value_factor,0.2681299149990082,volatility_factor,0.22963735461235046
2021-12-09,002353.SZ,pca,3,cn_a,INDUSTRY_C35,-0.11706495173877121,-0.0937591708310828,-0.11706495173877121,0.24857062101364136,0,momentum_factor,0.5269537568092346,quality_factor,0.22235341370105743,value_factor,0.1546066403388977
2021-12-09,300003.SZ,pca,3,cn_a,INDUSTRY_C35,-0.22534906061765705,-0.1804856257765602,-0.22534906061765705,0.24857062101364136,0,volatility_factor,0.6464791297912598,value_factor,0.15463370084762573,momentum_factor,0.10896946489810944
2021-12-09,002595.SZ,pca,3,cn_a,INDUSTRY_C35,-0.2710506377386732,-0.2170887415075695,-0.2710506377386732,0.24857062101364136,0,volatility_factor,0.43520301580429077,momentum_factor,0.30092766880989075,value_factor,0.1381477415561676
2021-12-09,002223.SZ,pca,3,cn_a,INDUSTRY_C35,-0.29055372633750115,-0.2327090735412915,-0.29055372633750115,0.24857062101364136,2,volatility_factor,0.702315092086792,momentum_factor,0.12408924102783203,value_factor,0.12323770672082901
2021-12-09,601399.SH,pca,3,cn_a,INDUSTRY_C35,-0.3956915981589215,-0.3169156574804215,-0.3956915981589215,0.24857062101364136,2,volatility_factor,0.6056938171386719,momentum_factor,0.32758358120918274,value_factor,0.0521169938147068
2021-12-09,601106.SH,pca,3,cn_a,INDUSTRY_C35,-0.4341984401473439,-0.3477563960835048,-0.4341984401473439,0.24857062101364136,1,volatility_factor,0.7456904053688049,quality_factor,0.15251672267913818,momentum_factor,0.06187980994582176
2021-12-09,002837.SZ,pca,3,cn_a,INDUSTRY_C35,-0.5986632690422241,-0.47947887799653355,-0.5986632690422241,0.24857062101364136,0,volatility_factor,0.3636685907840729,quality_factor,0.30682098865509033,value_factor,0.23259378969669342
2021-12-09,300529.SZ,pca,3,cn_a,INDUSTRY_C35,-0.6234644193078371,-0.4993425113899844,-0.6234644193078371,0.24857062101364136,1,volatility_factor,0.48392781615257263,quality_factor,0.2826058566570282,value_factor,0.2011319249868393
2021-12-09,688012.SH,pca,3,cn_a,INDUSTRY_C35,-0.6819097823026677,-0.5461523267269013,-0.6819097823026677,0.24857062101364136,1,momentum_factor,0.3845120072364807,value_factor,0.2823162078857422,quality_factor,0.2315097451210022
2021-12-09,688617.SH,pca,3,cn_a,INDUSTRY_C35,-0.7497864808861604,-0.6005158478612278,-0.7497864808861604,0.24857062101364136,1,quality_factor,0.35240617394447327,volatility_factor,0.34853219985961914,value_factor,0.28781241178512573
2021-12-09,300604.SZ,pca,3,cn_a,INDUSTRY_C35,-0.7607553841183282,-0.6093010158957167,-0.7607553841183282,0.24857062101364136,0,quality_factor,0.351602703332901,value_factor,0.2877155840396881,volatility_factor,0.2791062295436859
2021-12-09,300751.SZ,pca,3,cn_a,INDUSTRY_C35,-0.845293388641817,-0.677008840399193,-0.845293388641817,0.24857062101364136,0,quality_factor,0.3498230576515198,value_factor,0.30677130818367004,volatility_factor,0.26659855246543884
2021-12-09,688037.SH,pca,3,cn_a,INDUSTRY_C35,-0.905702018182358,-0.725391066954943,-0.905702018182358,0.24857062101364136,0,momentum_factor,0.3591524064540863,value_factor,0.32337644696235657,quality_factor,0.2892965078353882
2021-12-09,300450.SZ,pca,3,cn_a,INDUSTRY_C35,-0.9403082208080668,-0.7531077218171026,-0.9403082208080668,0.24857062101364136,0,quality_factor,0.2799924910068512,value_factor,0.2631724178791046,volatility_factor,0.2299702763557434
2021-12-10,002432.SZ,pca,3,cn_a,INDUSTRY_C35,2.2008515316886395,1.7592759199552563,2.2008515316886395,0.25099852681159973,1,volatility_factor,0.38047561049461365,momentum_factor,0.2969905436038971,quality_factor,0.17557045817375183
2021-12-10,600582.SH,pca,3,cn_a,INDUSTRY_C35,1.7114595020019863,1.3680747867351708,1.7114595020019863,0.25099852681159973,0,quality_factor,0.44959548115730286,value_factor,0.4272000193595886,momentum_factor,0.08124472945928574
2021-12-10,601717.SH,pca,3,cn_a,INDUSTRY_C35,1.3100526867591282,1.0472056440443613,1.3100526867591282,0.25099852681159973,0,quality_factor,0.3773525059223175,value_factor,0.3431830406188965,volatility_factor,0.17264661192893982
2021-12-10,600528.SH,pca,3,cn_a,INDUSTRY_C35,1.234939987949796,0.9871634465605899,1.234939987949796,0.25099852681159973,0,quality_factor,0.40753206610679626,value_factor,0.4021941125392914,volatility_factor,0.1587846726179123
2021-12-10,600499.SH,pca,3,cn_a,INDUSTRY_C35,0.9494821141155033,0.7589794203473468,0.9494821141155033,0.25099852681159973,0,momentum_factor,0.4035772979259491,volatility_factor,0.3869568705558777,value_factor,0.10588371753692627
2021-12-10,002430.SZ,pca,3,cn_a,INDUSTRY_C35,0.5752166434395931,0.4598060228007831,0.5752166434395931,0.25099852681159973,0,volatility_factor,0.44467177987098694,momentum_factor,0.40593209862709045,quality_factor,0.08665969967842102
2021-12-10,688301.SH,pca,3,cn_a,INDUSTRY_C35,0.44542465679126936,0.3560553093038337,0.44542465679126936,0.25099852681159973,0,momentum_factor,0.3584447503089905,volatility_factor,0.29398486018180847,quality_factor,0.17832036316394806
2021-12-10,688425.SH,pca,3,cn_a,INDUSTRY_C35,0.36622781257793735,0.29274840333818675,0.36622781257793735,0.25099852681159973,0,value_factor,0.36362388730049133,quality_factor,0.3464058041572571,volatility_factor,0.2737346291542053
2021-12-10,603338.SH,pca,3,cn_a,INDUSTRY_C35,0.2853672883271107,0.22811161564888313,0.2853672883271107,0.25099852681159973,0,momentum_factor,0.33505430817604065,volatility_factor,0.30872267484664917,quality_factor,0.17976267635822296
2021-12-10,600031.SH,pca,3,cn_a,INDUSTRY_C35,0.26688165873192476,0.21333491556540662,0.26688165873192476,0.25099852681159973,0,value_factor,0.34049364924430847,volatility_factor,0.338712602853775,quality_factor,0.3134407699108124
2021-12-10,300757.SZ,pca,3,cn_a,INDUSTRY_C35,0.10534492435426368,0.08420867379625832,0.10534492435426368,0.25099852681159973,0,momentum_factor,0.4452964961528778,quality_factor,0.25216758251190186,value_factor,0.20248174667358398
2021-12-10,601608.SH,pca,3,cn_a,INDUSTRY_C35,-0.042563231200354004,-0.034023407144060186,-0.042563231200354004,0.25099852681159973,1,momentum_factor,0.43774938583374023,quality_factor,0.2552705407142639,value_factor,0.18163275718688965
2021-12-10,002008.SZ,pca,3,cn_a,INDUSTRY_C35,-0.11167319703819639,-0.08926725116390626,-0.11167319703819639,0.25099852681159973,2,momentum_factor,0.37739086151123047,volatility_factor,0.26632532477378845,quality_factor,0.2214219868183136
2021-12-10,300724.SZ,pca,3,cn_a,INDUSTRY_C35,-0.13860387082914852,-0.11079459420655134,-0.13860387082914852,0.25099852681159973,1,momentum_factor,0.37454453110694885,quality_factor,0.3409229516983032,value_factor,0.283866822719574
2021-12-10,002353.SZ,pca,3,cn_a,INDUSTRY_C35,-0.15313694396656552,-0.12241177294190615,-0.15313694396656552,0.25099852681159973,0,momentum_factor,0.35035333037376404,volatility_factor,0.3071724772453308,quality_factor,0.17877449095249176
2021-12-10,002595.SZ,pca,3,cn_a,INDUSTRY_C35,-0.23668670612993778,-0.18919823380745637,-0.23668670612993778,0.25099852681159973,0,volatility_factor,0.5745064616203308,value_factor,0.16746042668819427,momentum_factor,0.14141952991485596
2021-12-10,002223.SZ,pca,3,cn_a,INDUSTRY_C35,-0.25701217476619376,-0.20544563033498814,-0.25701217476619376,0.25099852681159973,2,volatility_factor,0.6822340488433838,value_factor,0.13195572793483734,momentum_factor,0.12298011034727097
2021-12-10,300003.SZ,pca,3,cn_a,INDUSTRY_C35,-0.2684258739014307,-0.2145693016763393,-0.2684258739014307,0.25099852681159973,0,volatility_factor,0.5750951766967773,momentum_factor,0.18704520165920258,value_factor,0.14205209910869598
2021-12-10,601106.SH,pca,3,cn_a,INDUSTRY_C35,-0.3227625940596746,-0.2580039822839859,-0.3227625940596746,0.25099852681159973,1,volatility_factor,0.7322233319282532,quality_factor,0.18346856534481049,value_factor,0.08145290613174438
2021-12-10,601399.SH,pca,3,cn_a,INDUSTRY_C35,-0.40169118045703467,-0.32109645328699044,-0.40169118045703467,0.25099852681159973,2,volatility_factor,0.5485464930534363,momentum_factor,0.37459710240364075,value_factor,0.050239209085702896
2021-12-10,300604.SZ,pca,3,cn_a,INDUSTRY_C35,-0.4251010729334524,-0.3398094193955693,-0.4251010729334524,0.25099852681159973,0,quality_factor,0.3902920186519623,value_factor,0.3406398892402649,momentum_factor,0.23523350059986115
2021-12-10,300529.SZ,pca,3,cn_a,INDUSTRY_C35,-0.6074553522961487,-0.4855764045667305,-0.6074553522961487,0.25099852681159973,1,quality_factor,0.26830458641052246,value_factor,0.25907033681869507,momentum_factor,0.2551631033420563
2021-12-10,002837.SZ,pca,3,cn_a,INDUSTRY_C35,-0.6227149654334164,-0.49777435138581017,-0.6227149654334164,0.25099852681159973,0,volatility_factor,0.3604738712310791,quality_factor,0.33818575739860535,value_factor,0.271124005317688
2021-12-10,300450.SZ,pca,3,cn_a,INDUSTRY_C35,-0.8466178601168166,-0.6767536988579916,-0.8466178601168166,0.25099852681159973,0,value_factor,0.30538710951805115,quality_factor,0.303839772939682,momentum_factor,0.2661816477775574
2021-12-10,688012.SH,pca,3,cn_a,INDUSTRY_C35,-0.8518613349196773,-0.6809451305946372,-0.8518613349196773,0.25099852681159973,1,momentum_factor,0.37284451723098755,value_factor,0.2654954493045807,quality_factor,0.2469073385000229
2021-12-10,688617.SH,pca,3,cn_a,INDUSTRY_C35,-0.8972834505620875,-0.717253819814488,-0.8972834505620875,0.25099852681159973,1,volatility_factor,0.35709574818611145,quality_factor,0.293799489736557,value_factor,0.2443186193704605
2021-12-10,300751.SZ,pca,3,cn_a,INDUSTRY_C35,-0.9073526108049946,-0.7253027185677472,-0.9073526108049946,0.25099852681159973,0,quality_factor,0.3338843286037445,volatility_factor,0.3229900300502777,value_factor,0.2817879915237427
2021-12-10,688037.SH,pca,3,cn_a,INDUSTRY_C35,-1.0741669853820053,-0.8586477025751689,-1.0741669853820053,0.25099852681159973,0,momentum_factor,0.31107959151268005,value_factor,0.2760656476020813,quality_factor,0.27065497636795044
2021-12-13,002432.SZ,pca,3,cn_a,INDUSTRY_C35,2.720131957967277,1.7405617628918562,2.720131957967277,0.5627897381782532,1,volatility_factor,0.3853713572025299,momentum_factor,0.2994973957538605,quality_factor,0.17197099328041077
2021-12-13,600582.SH,pca,3,cn_a,INDUSTRY_C35,2.0233638236250666,1.2947128147607387,2.0233638236250666,0.5627897381782532,0,quality_factor,0.46381959319114685,value_factor,0.44738855957984924,momentum_factor,0.08369749784469604
2021-12-13,600528.SH,pca,3,cn_a,INDUSTRY_C35,1.5081860701303038,0.9650601682414857,1.5081860701303038,0.5627897381782532,0,quality_factor,0.40079277753829956,value_factor,0.3978182077407837,volatility_factor,0.1715896725654602
2021-12-13,600499.SH,pca,3,cn_a,INDUSTRY_C35,1.1764937919471452,0.7528164589754369,1.1764937919471452,0.5627897381782532,0,momentum_factor,0.41725510358810425,volatility_factor,0.37366417050361633,quality_factor,0.1051541417837143
2021-12-13,601717.SH,pca,3,cn_a,INDUSTRY_C35,0.9253116776181234,0.5920897036270902,0.9253116776181234,0.5627897381782532,0,quality_factor,0.4091610312461853,value_factor,0.3986869752407074,volatility_factor,0.14411284029483795
2021-12-13,002430.SZ,pca,3,cn_a,INDUSTRY_C35,0.8332357927902206,0.5331720603317094,0.8332357927902206,0.5627897381782532,0,volatility_factor,0.5252425670623779,momentum_factor,0.35288506746292114,quality_factor,0.08109301328659058
2021-12-13,300757.SZ,pca,3,cn_a,INDUSTRY_C35,0.692809128203287,0.44331565386049177,0.692809128203287,0.5627897381782532,0,momentum_factor,0.4347167909145355,volatility_factor,0.2367641180753708,quality_factor,0.17735619843006134
2021-12-13,600031.SH,pca,3,cn_a,INDUSTRY_C35,0.43874835921640637,0.280746901026926,0.43874835921640637,0.5627897381782532,0,value_factor,0.31361162662506104,volatility_factor,0.2889857590198517,quality_factor,0.2783174514770508
2021-12-13,603338.SH,pca,3,cn_a,INDUSTRY_C35,0.35197335981469646,0.22522119555841325,0.35197335981469646,0.5627897381782532,0,momentum_factor,0.416459321975708,volatility_factor,0.22386007010936737,quality_factor,0.19255957007408142
2021-12-13,688425.SH,pca,3,cn_a,INDUSTRY_C35,0.3446581875125487,0.22054035308649184,0.3446581875125487,0.5627897381782532,0,volatility_factor,0.3431379795074463,value_factor,0.3382245898246765,quality_factor,0.309988796710968
2021-12-13,300604.SZ,pca,3,cn_a,INDUSTRY_C35,0.294951121046117,0.18873372731468588,0.294951121046117,0.5627897381782532,0,volatility_factor,0.3104434907436371,momentum_factor,0.27298155426979065,value_factor,0.20919974148273468
2021-12-13,688301.SH,pca,3,cn_a,INDUSTRY_C35,0.2880190324139715,0.18429801294621592,0.2880190324139715,0.5627897381782532,0,momentum_factor,0.35599806904792786,volatility_factor,0.23734043538570404,quality_factor,0.21237187087535858
2021-12-13,002008.SZ,pca,3,cn_a,INDUSTRY_C35,0.15511430381301294,0.09925475317612098,0.15511430381301294,0.5627897381782532,2,momentum_factor,0.6059531569480896,quality_factor,0.21509845554828644,value_factor,0.14389893412590027
2021-12-13,002353.SZ,pca,3,cn_a,INDUSTRY_C35,0.06008940833416405,0.03845009290630134,0.06008940833416405,0.5627897381782532,0,momentum_factor,0.43200868368148804,quality_factor,0.23643025755882263,volatility_factor,0.19514963030815125
2021-12-13,601608.SH,pca,3,cn_a,INDUSTRY_C35,0.03252663581983917,0.020813188278493704,0.03252663581983917,0.5627897381782532,1,momentum_factor,0.40799760818481445,quality_factor,0.24612967669963837,value_factor,0.21301648020744324
2021-12-13,300724.SZ,pca,3,cn_a,INDUSTRY_C35,-0.03381125240949799,-0.021635190501359237,-0.03381125240949799,0.5627897381782532,1,momentum_factor,0.3806544542312622,quality_factor,0.28109827637672424,value_factor,0.23942053318023682
2021-12-13,002837.SZ,pca,3,cn_a,INDUSTRY_C35,-0.0784236369443684,-0.0501818242208685,-0.0784236369443684,0.5627897381782532,0,momentum_factor,0.3761764466762543,quality_factor,0.29288777709007263,value_factor,0.2482064813375473
2021-12-13,601106.SH,pca,3,cn_a,INDUSTRY_C35,-0.28008950391448767,-0.17922405538929037,-0.28008950391448767,0.5627897381782532,1,volatility_factor,0.5905748605728149,quality_factor,0.18641842901706696,momentum_factor,0.13404080271720886
2021-12-13,300003.SZ,pca,3,cn_a,INDUSTRY_C35,-0.2932581761161567,-0.18765044339416145,-0.2932581761161567,0.5627897381782532,0,volatility_factor,0.44689637422561646,momentum_factor,0.29113730788230896,value_factor,0.13817685842514038
2021-12-13,002595.SZ,pca,3,cn_a,INDUSTRY_C35,-0.3184640697007419,-0.2037792251043089,-0.3184640697007419,0.5627897381782532,0,volatility_factor,0.5915893316268921,value_factor,0.16191145777702332,momentum_factor,0.13866400718688965
2021-12-13,002223.SZ,pca,3,cn_a,INDUSTRY_C35,-0.33003203175031104,-0.21118134850464226,-0.33003203175031104,0.5627897381782532,2,volatility_factor,0.6347870230674744,momentum_factor,0.18595711886882782,value_factor,0.11710691452026367
2021-12-13,601399.SH,pca,3,cn_a,INDUSTRY_C35,-0.40335365321575234,-0.2580984880728812,-0.40335365321575234,0.5627897381782532,2,volatility_factor,0.5604808926582336,momentum_factor,0.36046302318573,value_factor,0.05219617113471031
2021-12-13,300529.SZ,pca,3,cn_a,INDUSTRY_C35,-0.6162843793863765,-0.3943488927754325,-0.6162843793863765,0.5627897381782532,1,momentum_factor,0.3473908603191376,value_factor,0.32349893450737,quality_factor,0.28595367074012756
2021-12-13,300751.SZ,pca,3,cn_a,INDUSTRY_C35,-0.9591405001416723,-0.6137361369170933,-0.9591405001416723,0.5627897381782532,0,quality_factor,0.33674073219299316,volatility_factor,0.31034398078918457,value_factor,0.2690013349056244
2021-12-13,688617.SH,pca,3,cn_a,INDUSTRY_C35,-1.0081187721410085,-0.6450764206871011,-1.0081187721410085,0.5627897381782532,1,quality_factor,0.3226659893989563,volatility_factor,0.3035251498222351,value_factor,0.27835237979888916
2021-12-13,688012.SH,pca,3,cn_a,INDUSTRY_C35,-1.0122203395389084,-0.6477009372513797,-1.0122203395389084,0.5627897381782532,1,momentum_factor,0.3960915505886078,value_factor,0.28075721859931946,quality_factor,0.25333791971206665
2021-12-13,300450.SZ,pca,3,cn_a,INDUSTRY_C35,-1.066068296709828,-0.6821572418387427,-1.066068296709828,0.5627897381782532,0,quality_factor,0.3110661804676056,value_factor,0.29115334153175354,volatility_factor,0.20965787768363953
2021-12-13,688037.SH,pca,3,cn_a,INDUSTRY_C35,-1.332071417705569,-0.8523676832325762,-1.332071417705569,0.5627897381782532,0,quality_factor,0.29216301441192627,volatility_factor,0.2862807512283325,value_factor,0.25888118147850037
2021-12-14,002432.SZ,pca,3,cn_a,INDUSTRY_C35,1.9993028171800646,1.7235445772397653,1.9993028171800646,0.15999490022659302,1,volatility_factor,0.38991543650627136,momentum_factor,0.3018242120742798,quality_factor,0.16863009333610535
2021-12-14,600582.SH,pca,3,cn_a,INDUSTRY_C35,1.6151939851732569,1.3924148010065691,1.6151939851732569,0.15999490022659302,0,quality_factor,0.44001641869544983,value_factor,0.42008519172668457,momentum_factor,0.09769901633262634
2021-12-14,600528.SH,pca,3,cn_a,INDUSTRY_C35,1.1788025037723047,1.0162135748295849,1.1788025037723047,0.15999490022659302,0,quality_factor,0.4158549904823303,value_factor,0.40893271565437317,volatility_factor,0.14755754172801971
2021-12-14,600499.SH,pca,3,cn_a,INDUSTRY_C35,0.9298028929139907,0.8015577831496761,0.9298028929139907,0.15999490022659302,0,momentum_factor,0.42063412070274353,volatility_factor,0.3831641972064972,value_factor,0.09811852127313614
2021-12-14,600031.SH,pca,3,cn_a,INDUSTRY_C35,0.5823517252586164,0.5020295822577797,0.5823517252586164,0.15999490022659302,0,quality_factor,0.4184831380844116,value_factor,0.3974493145942688,momentum_factor,0.12538571655750275
2021-12-14,002430.SZ,pca,3,cn_a,INDUSTRY_C35,0.5153253432928182,0.444247961496552,0.5153253432928182,0.15999490022659302,0,volatility_factor,0.43508604168891907,momentum_factor,0.4254807233810425,quality_factor,0.07976771891117096
2021-12-14,601717.SH,pca,3,cn_a,INDUSTRY_C35,0.4689097101595439,0.4042343066872014,0.4689097101595439,0.15999490022659302,0,quality_factor,0.3347512483596802,value_factor,0.3330879211425781,volatility_factor,0.2250836342573166
2021-12-14,300604.SZ,pca,3,cn_a,INDUSTRY_C35,0.41027269979782727,0.35368493499320525,0.41027269979782727,0.15999490022659302,0,momentum_factor,0.32750847935676575,volatility_factor,0.3090653717517853,quality_factor,0.18362249433994293
2021-12-14,603338.SH,pca,3,cn_a,INDUSTRY_C35,0.40742657815431954,0.35123137093943607,0.40742657815431954,0.15999490022659302,0,volatility_factor,0.34967347979545593,momentum_factor,0.3383396565914154,value_factor,0.15742790699005127
2021-12-14,688425.SH,pca,3,cn_a,INDUSTRY_C35,0.39071157879773083,0.3368218246455692,0.39071157879773083,0.15999490022659302,0,value_factor,0.39209339022636414,quality_factor,0.386547714471817,volatility_factor,0.22038555145263672
2021-12-14,002008.SZ,pca,3,cn_a,INDUSTRY_C35,0.3390114376562501,0.29225253922205735,0.3390114376562501,0.15999490022659302,2,momentum_factor,0.6184453964233398,quality_factor,0.15305426716804504,volatility_factor,0.13389943540096283
2021-12-14,300724.SZ,pca,3,cn_a,INDUSTRY_C35,0.20369284634289864,0.17559806234455813,0.20369284634289864,0.15999490022659302,1,momentum_factor,0.34732335805892944,volatility_factor,0.274247944355011,quality_factor,0.19421547651290894
2021-12-14,688301.SH,pca,3,cn_a,INDUSTRY_C35,0.15841781655903692,0.13656769065808852,0.15841781655903692,0.15999490022659302,0,momentum_factor,0.3641453981399536,quality_factor,0.22514885663986206,volatility_factor,0.2090659886598587
2021-12-14,601608.SH,pca,3,cn_a,INDUSTRY_C35,0.09312718599682966,0.08028241396909848,0.09312718599682966,0.15999490022659302,1,momentum_factor,0.3573942184448242,volatility_factor,0.2801882326602936,quality_factor,0.1834927350282669
2021-12-14,300757.SZ,pca,3,cn_a,INDUSTRY_C35,0.013888597105005455,0.011972981791504245,0.013888597105005455,0.15999490022659302,0,momentum_factor,0.45701631903648376,quality_factor,0.2760610580444336,value_factor,0.21696776151657104
2021-12-14,002353.SZ,pca,3,cn_a,INDUSTRY_C35,-0.03950439940245554,-0.03405566819700222,-0.03950439940245554,0.15999490022659302,0,momentum_factor,0.3811527192592621,quality_factor,0.23900602757930756,value_factor,0.19674651324748993
2021-12-14,002223.SZ,pca,3,cn_a,INDUSTRY_C35,-0.09481206251131745,-0.08173490018324786,-0.09481206251131745,0.15999490022659302,2,momentum_factor,0.5170755982398987,volatility_factor,0.23405323922634125,quality_factor,0.15071408450603485
2021-12-14,601106.SH,pca,3,cn_a,INDUSTRY_C35,-0.17406929963228582,-0.15006040849195157,-0.17406929963228582,0.15999490022659302,1,volatility_factor,0.5999166369438171,quality_factor,0.19584740698337555,value_factor,0.10372685641050339
2021-12-14,300003.SZ,pca,3,cn_a,INDUSTRY_C35,-0.19583569530771647,-0.16882462615326485,-0.19583569530771647,0.15999490022659302,0,volatility_factor,0.415571391582489,momentum_factor,0.309424489736557,value_factor,0.1410001814365387
2021-12-14,002595.SZ,pca,3,cn_a,INDUSTRY_C35,-0.24660626121656556,-0.21259255005336403,-0.24660626121656556,0.15999490022659302,0,volatility_factor,0.5655799508094788,momentum_factor,0.16401736438274384,value_factor,0.15896525979042053
2021-12-14,002837.SZ,pca,3,cn_a,INDUSTRY_C35,-0.30012132572566336,-0.2587264315458066,-0.30012132572566336,0.15999490022659302,0,momentum_factor,0.3169572651386261,quality_factor,0.2740038335323334,volatility_factor,0.21334195137023926
2021-12-14,601399.SH,pca,3,cn_a,INDUSTRY_C35,-0.3760929116691575,-0.32421946934480306,-0.3760929116691575,0.15999490022659302,2,volatility_factor,0.6388193368911743,momentum_factor,0.27361446619033813,value_factor,0.06814247369766235
2021-12-14,300529.SZ,pca,3,cn_a,INDUSTRY_C35,-0.41928769577404323,-0.3614565178145413,-0.41928769577404323,0.15999490022659302,1,momentum_factor,0.3168398141860962,value_factor,0.30971062183380127,quality_factor,0.2661821246147156
2021-12-14,300751.SZ,pca,3,cn_a,INDUSTRY_C35,-0.6828337530433799,-0.5886524052790343,-0.6828337530433799,0.15999490022659302,0,quality_factor,0.3129742443561554,volatility_factor,0.310389906167984,value_factor,0.23996113240718842
2021-12-14,300450.SZ,pca,3,cn_a,INDUSTRY_C35,-0.6860331170733571,-0.5914104899859127,-0.6860331170733571,0.15999490022659302,0,quality_factor,0.3781058192253113,value_factor,0.32405298948287964,volatility_factor,0.2845971882343292
2021-12-14,688012.SH,pca,3,cn_a,INDUSTRY_C35,-0.6867164119333136,-0.5919995398989193,-0.6867164119333136,0.15999490022659302,1,momentum_factor,0.3491121828556061,value_factor,0.3036409616470337,quality_factor,0.28229978680610657
2021-12-14,688617.SH,pca,3,cn_a,INDUSTRY_C35,-0.7090661610664774,-0.6112666507088093,-0.7090661610664774,0.15999490022659302,1,quality_factor,0.34025996923446655,value_factor,0.3002207577228546,volatility_factor,0.2658874988555908
2021-12-14,688037.SH,pca,3,cn_a,INDUSTRY_C35,-1.0195065743723062,-0.8788888869761549,-1.0195065743723062,0.15999490022659302,0,quality_factor,0.2793733477592468,volatility_factor,0.27312806248664856,value_factor,0.2523588240146637
2021-12-15,002432.SZ,pca,3,cn_a,INDUSTRY_C35,2.8458135195057577,1.7080660184280867,2.8458135195057577,0.6661027669906616,1,volatility_factor,0.39412733912467957,momentum_factor,0.30398091673851013,quality_factor,0.16553343832492828
2021-12-15,600582.SH,pca,3,cn_a,INDUSTRY_C35,2.1638122023465143,1.298726732358066,2.1638122023465143,0.6661027669906616,0,quality_factor,0.46719902753829956,value_factor,0.44899889826774597,momentum_factor,0.08038739860057831
2021-12-15,600528.SH,pca,3,cn_a,INDUSTRY_C35,1.6942524496733182,1.0168955260385895,1.6942524496733182,0.6661027669906616,0,quality_factor,0.4151087999343872,value_factor,0.410005658864975,volatility_factor,0.15432848036289215
2021-12-15,601717.SH,pca,3,cn_a,INDUSTRY_C35,0.7435493619745287,0.44628061168011746,0.7435493619745287,0.6661027669906616,0,quality_factor,0.3633366525173187,value_factor,0.31980782747268677,momentum_factor,0.25575098395347595
2021-12-15,600031.SH,pca,3,cn_a,INDUSTRY_C35,0.7050899264742625,0.4231971403227461,0.7050899264742625,0.6661027669906616,0,quality_factor,0.4126168191432953,value_factor,0.4080783426761627,momentum_factor,0.099245585501194
2021-12-15,002430.SZ,pca,3,cn_a,INDUSTRY_C35,0.6774392606965967,0.4066011257638069,0.6774392606965967,0.6661027669906616,0,volatility_factor,0.45855748653411865,momentum_factor,0.35394999384880066,quality_factor,0.1107618510723114
2021-12-15,600499.SH,pca,3,cn_a,INDUSTRY_C35,0.662218564479087,0.39746561712708484,0.662218564479087,0.6661027669906616,0,volatility_factor,0.4488624930381775,momentum_factor,0.27472543716430664,value_factor,0.15114738047122955
2021-12-15,002008.SZ,pca,3,cn_a,INDUSTRY_C35,0.6420996959456352,0.38539021041625465,0.6420996959456352,0.6661027669906616,2,momentum_factor,0.48629042506217957,volatility_factor,0.2990538775920868,quality_factor,0.11660702526569366
2021-12-15,688425.SH,pca,3,cn_a,INDUSTRY_C35,0.632716817676386,0.37975857804930485,0.632716817676386,0.6661027669906616,0,quality_factor,0.4180588722229004,value_factor,0.414014607667923,volatility_factor,0.16011910140514374
2021-12-15,300724.SZ,pca,3,cn_a,INDUSTRY_C35,0.34116875415140213,0.20477053451368185,0.34116875415140213,0.6661027669906616,1,momentum_factor,0.42154958844184875,volatility_factor,0.21020571887493134,quality_factor,0.19819025695323944
2021-12-15,300604.SZ,pca,3,cn_a,INDUSTRY_C35,0.16868012820483697,0.10124233123357054,0.16868012820483697,0.6661027669906616,0,volatility_factor,0.3012655973434448,momentum_factor,0.24750253558158875,value_factor,0.22704540193080902
2021-12-15,601608.SH,pca,3,cn_a,INDUSTRY_C35,0.06953476024322913,0.04173497674985788,0.06953476024322913,0.6661027669906616,1,momentum_factor,0.45935535430908203,quality_factor,0.23590801656246185,value_factor,0.1930113583803177
2021-12-15,603338.SH,pca,3,cn_a,INDUSTRY_C35,-0.033417695781881626,-0.0200574036871934,-0.033417695781881626,0.6661027669906616,0,momentum_factor,0.2657310962677002,quality_factor,0.26479217410087585,value_factor,0.25368455052375793
2021-12-15,601106.SH,pca,3,cn_a,INDUSTRY_C35,-0.07563893379271203,-0.04539872046988563,-0.07563893379271203,0.6661027669906616,1,momentum_factor,0.34700676798820496,volatility_factor,0.24338795244693756,quality_factor,0.24009576439857483
2021-12-15,688301.SH,pca,3,cn_a,INDUSTRY_C35,-0.1619706058108945,-0.09721525527710881,-0.1619706058108945,0.6661027669906616,0,quality_factor,0.2878309488296509,value_factor,0.28224635124206543,volatility_factor,0.22235962748527527
2021-12-15,002837.SZ,pca,3,cn_a,INDUSTRY_C35,-0.24715708362983968,-0.14834444100723648,-0.24715708362983968,0.6661027669906616,0,momentum_factor,0.370218962430954,quality_factor,0.33039191365242004,value_factor,0.26897263526916504
2021-12-15,002223.SZ,pca,3,cn_a,INDUSTRY_C35,-0.27062617227943425,-0.16243066012563143,-0.27062617227943425,0.6661027669906616,2,volatility_factor,0.49425452947616577,momentum_factor,0.33001840114593506,value_factor,0.09535661339759827
2021-12-15,300003.SZ,pca,3,cn_a,INDUSTRY_C35,-0.31472571728788107,-0.18889934253956203,-0.31472571728788107,0.6661027669906616,0,volatility_factor,0.4211181104183197,momentum_factor,0.31102272868156433,value_factor,0.1380981057882309
2021-12-15,002595.SZ,pca,3,cn_a,INDUSTRY_C35,-0.3441887423126819,-0.20658314068727013,-0.3441887423126819,0.6661027669906616,0,volatility_factor,0.5514602065086365,momentum_factor,0.17341025173664093,value_factor,0.1596626192331314
2021-12-15,002353.SZ,pca,3,cn_a,INDUSTRY_C35,-0.3594920474660482,-0.2157682314611168,-0.3594920474660482,0.6661027669906616,0,volatility_factor,0.4289056658744812,momentum_factor,0.3007330596446991,value_factor,0.14092782139778137
2021-12-15,601399.SH,pca,3,cn_a,INDUSTRY_C35,-0.5138216995833806,-0.30839736285382485,-0.5138216995833806,0.6661027669906616,2,volatility_factor,0.6150601506233215,momentum_factor,0.30126938223838806,value_factor,0.06266837567090988
2021-12-15,300757.SZ,pca,3,cn_a,INDUSTRY_C35,-0.590417850240966,-0.3543706078271433,-0.590417850240966,0.6661027669906616,0,quality_factor,0.2987960875034332,momentum_factor,0.2786579430103302,value_factor,0.22551994025707245
2021-12-15,300529.SZ,pca,3,cn_a,INDUSTRY_C35,-0.7242149975651405,-0.43467606675501047,-0.7242149975651405,0.6661027669906616,1,momentum_factor,0.3906976580619812,value_factor,0.3168874680995941,quality_factor,0.2815207839012146
2021-12-15,300450.SZ,pca,3,cn_a,INDUSTRY_C35,-1.024868720066186,-0.6151293547860306,-1.024868720066186,0.6661027669906616,0,quality_factor,0.33950820565223694,volatility_factor,0.3386000990867615,value_factor,0.2719981372356415
2021-12-15,300751.SZ,pca,3,cn_a,INDUSTRY_C35,-1.050568248294887,-0.6305542905930336,-1.050568248294887,0.6661027669906616,0,quality_factor,0.32734572887420654,volatility_factor,0.3272770941257477,value_factor,0.257123738527298
2021-12-15,688617.SH,pca,3,cn_a,INDUSTRY_C35,-1.074554953350913,-0.644951184668992,-1.074554953350913,0.6661027669906616,1,volatility_factor,0.36309367418289185,quality_factor,0.3322142958641052,value_factor,0.27172577381134033
2021-12-15,688012.SH,pca,3,cn_a,INDUSTRY_C35,-1.0853603243744547,-0.6514366015578066,-1.0853603243744547,0.6661027669906616,1,momentum_factor,0.3859495222568512,value_factor,0.27442237734794617,quality_factor,0.2507326304912567
2021-12-15,688037.SH,pca,3,cn_a,INDUSTRY_C35,-1.4196814112338507,-0.8520971451227461,-1.4196814112338507,0.6661027669906616,0,volatility_factor,0.31476348638534546,quality_factor,0.2954098880290985,value_factor,0.25473731756210327
2021-12-16,002432.SZ,pca,3,cn_a,INDUSTRY_C35,3.1375364899302514,1.7033605232484623,3.1375364899302514,0.8419684767723083,1,volatility_factor,0.39542287588119507,momentum_factor,0.30464428663253784,quality_factor,0.16458088159561157
2021-12-16,600582.SH,pca,3,cn_a,INDUSTRY_C35,2.184340954997236,1.1858731090454508,2.184340954997236,0.8419684767723083,0,quality_factor,0.4333637058734894,value_factor,0.426045298576355,momentum_factor,0.07426232844591141
2021-12-16,600528.SH,pca,3,cn_a,INDUSTRY_C35,1.9604860272403715,1.0643428421945444,1.9604860272403715,0.8419684767723083,0,quality_factor,0.42793670296669006,value_factor,0.42298805713653564,volatility_factor,0.14594873785972595
2021-12-16,600031.SH,pca,3,cn_a,INDUSTRY_C35,0.9702142558358623,0.5267268341858967,0.9702142558358623,0.8419684767723083,0,quality_factor,0.38572990894317627,value_factor,0.3777133822441101,momentum_factor,0.19653470814228058
2021-12-16,002008.SZ,pca,3,cn_a,INDUSTRY_C35,0.930086706298318,0.504941690332966,0.930086706298318,0.8419684767723083,2,momentum_factor,0.4705689251422882,volatility_factor,0.34216630458831787,quality_factor,0.09881865978240967
2021-12-16,601717.SH,pca,3,cn_a,INDUSTRY_C35,0.7963278202736159,0.43232433374782137,0.7963278202736159,0.8419684767723083,0,quality_factor,0.3499895930290222,value_factor,0.3343193531036377,volatility_factor,0.16644509136676788
2021-12-16,688425.SH,pca,3,cn_a,INDUSTRY_C35,0.7434478235944494,0.4036159190084586,0.7434478235944494,0.8419684767723083,0,value_factor,0.4003317356109619,quality_factor,0.39971721172332764,volatility_factor,0.14826513826847076
2021-12-16,002430.SZ,pca,3,cn_a,INDUSTRY_C35,0.581311699681521,0.3155926326651203,0.581311699681521,0.8419684767723083,0,momentum_factor,0.5980100631713867,volatility_factor,0.24791528284549713,value_factor,0.08941429108381271
2021-12-16,300724.SZ,pca,3,cn_a,INDUSTRY_C35,0.009755161445768027,0.005296052160019993,0.009755161445768027,0.8419684767723083,1,momentum_factor,0.503934919834137,quality_factor,0.26137086749076843,value_factor,0.1844371259212494
2021-12-16,300757.SZ,pca,3,cn_a,INDUSTRY_C35,-0.023485455238815282,-0.012750193488652,-0.023485455238815282,0.8419684767723083,0,momentum_factor,0.35955649614334106,quality_factor,0.27170035243034363,value_factor,0.2359626740217209
2021-12-16,002353.SZ,pca,3,cn_a,INDUSTRY_C35,-0.21703225658799458,-0.11782625615032742,-0.21703225658799458,0.8419684767723083,0,volatility_factor,0.5866470336914062,value_factor,0.1944912225008011,quality_factor,0.13744479417800903
2021-12-16,601106.SH,pca,3,cn_a,INDUSTRY_C35,-0.3022462568765708,-0.1640887186222366,-0.3022462568765708,0.8419684767723083,1,volatility_factor,0.5456030368804932,momentum_factor,0.18558378517627716,quality_factor,0.18329887092113495
2021-12-16,600499.SH,pca,3,cn_a,INDUSTRY_C35,-0.3629908225616209,-0.1970667877289604,-0.3629908225616209,0.8419684767723083,0,quality_factor,0.3679351210594177,value_factor,0.3158678412437439,momentum_factor,0.2297300100326538
2021-12-16,002595.SZ,pca,3,cn_a,INDUSTRY_C35,-0.39420860722285445,-0.21401484305385599,-0.39420860722285445,0.8419684767723083,0,volatility_factor,0.437821626663208,momentum_factor,0.2825150787830353,value_factor,0.14728431403636932
2021-12-16,002223.SZ,pca,3,cn_a,INDUSTRY_C35,-0.4024021223629722,-0.21846308143486215,-0.4024021223629722,0.8419684767723083,2,volatility_factor,0.7281911373138428,momentum_factor,0.13087786734104156,value_factor,0.10815870016813278
2021-12-16,688301.SH,pca,3,cn_a,INDUSTRY_C35,-0.40547246713242024,-0.22012996374517962,-0.40547246713242024,0.8419684767723083,0,quality_factor,0.355692058801651,value_factor,0.33772900700569153,momentum_factor,0.17799749970436096
2021-12-16,601399.SH,pca,3,cn_a,INDUSTRY_C35,-0.44056565941011794,-0.23918196793778324,-0.44056565941011794,0.8419684767723083,2,volatility_factor,0.6034323573112488,momentum_factor,0.34174293279647827,value_factor,0.04401325061917305
2021-12-16,300003.SZ,pca,3,cn_a,INDUSTRY_C35,-0.45569875953961275,-0.24739768923303446,-0.45569875953961275,0.8419684767723083,0,volatility_factor,0.5465179085731506,momentum_factor,0.2198788970708847,value_factor,0.13632963597774506
2021-12-16,300604.SZ,pca,3,cn_a,INDUSTRY_C35,-0.5199043877750898,-0.28225476033250385,-0.5199043877750898,0.8419684767723083,0,quality_factor,0.3819456100463867,value_factor,0.33332356810569763,momentum_factor,0.2776351571083069
2021-12-16,688617.SH,pca,3,cn_a,INDUSTRY_C35,-0.6273462457088773,-0.3405846697809679,-0.6273462457088773,0.8419684767723083,1,quality_factor,0.39481645822525024,value_factor,0.34597787261009216,momentum_factor,0.17987529933452606
2021-12-16,002837.SZ,pca,3,cn_a,INDUSTRY_C35,-0.7216075136154315,-0.39175887066713544,-0.7216075136154315,0.8419684767723083,0,quality_factor,0.3167930543422699,volatility_factor,0.27029532194137573,value_factor,0.246864452958107
2021-12-16,300751.SZ,pca,3,cn_a,INDUSTRY_C35,-0.8098358665750393,-0.43965781748256144,-0.8098358665750393,0.8419684767723083,0,quality_factor,0.33887672424316406,value_factor,0.27446621656417847,momentum_factor,0.19923415780067444
2021-12-16,601608.SH,pca,3,cn_a,INDUSTRY_C35,-0.824228342972735,-0.44747145605100563,-0.824228342972735,0.8419684767723083,1,volatility_factor,0.6421384215354919,quality_factor,0.18531686067581177,value_factor,0.10043288767337799
2021-12-16,603338.SH,pca,3,cn_a,INDUSTRY_C35,-0.9633988324974824,-0.5230267583139248,-0.9633988324974824,0.8419684767723083,0,volatility_factor,0.3870300352573395,quality_factor,0.2955144941806793,value_factor,0.2398899793624878
2021-12-16,300529.SZ,pca,3,cn_a,INDUSTRY_C35,-1.0200920084080767,-0.553805338290164,-1.0200920084080767,0.8419684767723083,1,volatility_factor,0.31945380568504333,quality_factor,0.24870659410953522,value_factor,0.2205413579940796
2021-12-16,300450.SZ,pca,3,cn_a,INDUSTRY_C35,-1.228356101759991,-0.6668713810802096,-1.228356101759991,0.8419684767723083,0,volatility_factor,0.3819505572319031,quality_factor,0.33692842721939087,value_factor,0.26786813139915466
2021-12-16,688012.SH,pca,3,cn_a,INDUSTRY_C35,-1.2340196083094075,-0.6699460842782111,-1.2340196083094075,0.8419684767723083,1,momentum_factor,0.3692006766796112,value_factor,0.26477310061454773,quality_factor,0.24714058637619019
2021-12-16,688037.SH,pca,3,cn_a,INDUSTRY_C35,-1.379949034090875,-0.7491707957211668,-1.379949034090875,0.8419684767723083,0,quality_factor,0.34252282977104187,volatility_factor,0.3410239815711975,value_factor,0.28393489122390747
2021-12-17,002432.SZ,pca,3,cn_a,INDUSTRY_C35,2.849213933573726,1.6897619153150063,2.849213933573726,0.6861628890037537,1,volatility_factor,0.3992076516151428,momentum_factor,0.3065822720527649,quality_factor,0.16179828345775604
2021-12-17,600582.SH,pca,3,cn_a,INDUSTRY_C35,1.852438775470159,1.0986119562163248,1.852438775470159,0.6861628890037537,0,value_factor,0.40771570801734924,quality_factor,0.40719130635261536,volatility_factor,0.1185353621840477
2021-12-17,600528.SH,pca,3,cn_a,INDUSTRY_C35,1.7111261662935742,1.0148047480854552,1.7111261662935742,0.6861628890037537,0,value_factor,0.4110828638076782,quality_factor,0.4101313054561615,volatility_factor,0.17656289041042328
2021-12-17,601717.SH,pca,3,cn_a,INDUSTRY_C35,0.7895617763907049,0.46825947459131134,0.7895617763907049,0.6861628890037537,0,quality_factor,0.3662607967853546,value_factor,0.33180317282676697,momentum_factor,0.2115458995103836
2021-12-17,600031.SH,pca,3,cn_a,INDUSTRY_C35,0.6504567580343042,0.3857615057732887,0.6504567580343042,0.6861628890037537,0,value_factor,0.3740614056587219,quality_factor,0.36406010389328003,volatility_factor,0.15828293561935425
2021-12-17,688425.SH,pca,3,cn_a,INDUSTRY_C35,0.5770691842511053,0.34223808839315584,0.5770691842511053,0.6861628890037537,0,value_factor,0.37753960490226746,quality_factor,0.3665502369403839,volatility_factor,0.22623732686042786
2021-12-17,002008.SZ,pca,3,cn_a,INDUSTRY_C35,0.30526217876561623,0.18103954841229974,0.30526217876561623,0.6861628890037537,2,momentum_factor,0.490692675113678,volatility_factor,0.20230412483215332,quality_factor,0.17037548124790192
2021-12-17,600499.SH,pca,3,cn_a,INDUSTRY_C35,0.1101963529391153,0.06535332366902089,0.1101963529391153,0.6861628890037537,0,volatility_factor,0.4169149100780487,value_factor,0.23766259849071503,quality_factor,0.202998548746109
2021-12-17,002430.SZ,pca,3,cn_a,INDUSTRY_C35,-0.06660390157706494,-0.0395002758375361,-0.06660390157706494,0.6861628890037537,0,volatility_factor,0.5782021284103394,momentum_factor,0.1871764212846756,value_factor,0.16146086156368256
2021-12-17,300757.SZ,pca,3,cn_a,INDUSTRY_C35,-0.18755151199726372,-0.11122976705902074,-0.18755151199726372,0.6861628890037537,0,quality_factor,0.2921895682811737,value_factor,0.28416362404823303,momentum_factor,0.21207097172737122
2021-12-17,688301.SH,pca,3,cn_a,INDUSTRY_C35,-0.2545394815710399,-0.15095781921973378,-0.2545394815710399,0.6861628890037537,0,value_factor,0.314027339220047,quality_factor,0.30462706089019775,volatility_factor,0.2605310082435608
2021-12-17,300724.SZ,pca,3,cn_a,INDUSTRY_C35,-0.2860865247110263,-0.169667187235454,-0.2860865247110263,0.6861628890037537,1,momentum_factor,0.33933907747268677,quality_factor,0.3085084855556488,value_factor,0.24110624194145203
2021-12-17,601399.SH,pca,3,cn_a,INDUSTRY_C35,-0.31738720725556985,-0.18823044802254232,-0.31738720725556985,0.6861628890037537,2,volatility_factor,0.6598518490791321,momentum_factor,0.29559430480003357,value_factor,0.03218943625688553
2021-12-17,002353.SZ,pca,3,cn_a,INDUSTRY_C35,-0.3242518322415324,-0.19230159962246807,-0.3242518322415324,0.6861628890037537,0,volatility_factor,0.5851054787635803,value_factor,0.17102469503879547,momentum_factor,0.1270463764667511
2021-12-17,002223.SZ,pca,3,cn_a,INDUSTRY_C35,-0.33869366876832246,-0.20086651118022053,-0.33869366876832246,0.6861628890037537,2,volatility_factor,0.7397960424423218,momentum_factor,0.1131223812699318,value_factor,0.11275774240493774
2021-12-17,601106.SH,pca,3,cn_a,INDUSTRY_C35,-0.37443246794791657,-0.22206185247810017,-0.37443246794791657,0.6861628890037537,1,volatility_factor,0.6471885442733765,quality_factor,0.16553711891174316,momentum_factor,0.12692414224147797
2021-12-17,002595.SZ,pca,3,cn_a,INDUSTRY_C35,-0.4217856155932747,-0.25014522821852847,-0.4217856155932747,0.6861628890037537,0,volatility_factor,0.41878706216812134,momentum_factor,0.301578551530838,value_factor,0.14514417946338654
2021-12-17,300003.SZ,pca,3,cn_a,INDUSTRY_C35,-0.4300230156294848,-0.2550305212105305,-0.4300230156294848,0.6861628890037537,0,volatility_factor,0.49177131056785583,momentum_factor,0.27100345492362976,value_factor,0.1311999261379242
2021-12-17,300604.SZ,pca,3,cn_a,INDUSTRY_C35,-0.5786982000025165,-0.34320419653398265,-0.5786982000025165,0.6861628890037537,0,quality_factor,0.4057123363018036,value_factor,0.3860584497451782,momentum_factor,0.12039665132761002
2021-12-17,601608.SH,pca,3,cn_a,INDUSTRY_C35,-0.5850061928907964,-0.34694523051500203,-0.5850061928907964,0.6861628890037537,1,volatility_factor,0.6195337176322937,quality_factor,0.20806291699409485,value_factor,0.10989183187484741
2021-12-17,300751.SZ,pca,3,cn_a,INDUSTRY_C35,-0.7108156094786107,-0.4215580766172401,-0.7108156094786107,0.6861628890037537,0,quality_factor,0.4198409616947174,value_factor,0.37590843439102173,momentum_factor,0.12662407755851746
2021-12-17,603338.SH,pca,3,cn_a,INDUSTRY_C35,-0.7588300054390352,-0.45003361393114627,-0.7588300054390352,0.6861628890037537,0,quality_factor,0.3243435323238373,volatility_factor,0.3120809495449066,value_factor,0.2791626453399658
2021-12-17,688617.SH,pca,3,cn_a,INDUSTRY_C35,-0.8402203257614443,-0.49830316011562453,-0.8402203257614443,0.6861628890037537,1,quality_factor,0.3620056211948395,value_factor,0.3016306161880493,volatility_factor,0.26280197501182556
2021-12-17,300529.SZ,pca,3,cn_a,INDUSTRY_C35,-0.9412091581050609,-0.5581958486763376,-0.9412091581050609,0.6861628890037537,1,volatility_factor,0.3003925681114197,momentum_factor,0.24380552768707275,quality_factor,0.2384796440601349
2021-12-17,002837.SZ,pca,3,cn_a,INDUSTRY_C35,-1.0716193929838418,-0.6355372675388559,-1.0716193929838418,0.6861628890037537,0,volatility_factor,0.4236879348754883,quality_factor,0.2875363826751709,value_factor,0.22478531301021576
2021-12-17,300450.SZ,pca,3,cn_a,INDUSTRY_C35,-1.1541547342623155,-0.6844858827047808,-1.1541547342623155,0.6861628890037537,0,volatility_factor,0.32651665806770325,quality_factor,0.32336410880088806,value_factor,0.27337977290153503
2021-12-17,688012.SH,pca,3,cn_a,INDUSTRY_C35,-1.2080528831013189,-0.7164508531624022,-1.2080528831013189,0.6861628890037537,1,momentum_factor,0.45964449644088745,value_factor,0.24916619062423706,quality_factor,0.21354122459888458
2021-12-17,688037.SH,pca,3,cn_a,INDUSTRY_C35,-1.4876924142245471,-0.882294570315609,-1.4876924142245471,0.6861628890037537,0,volatility_factor,0.27824851870536804,quality_factor,0.27802956104278564,value_factor,0.250177264213562
2021-12-20,002432.SZ,pca,3,cn_a,INDUSTRY_C35,3.0556068193812593,1.6773931154829649,3.0556068193812593,0.8216403126716614,1,volatility_factor,0.40270334482192993,momentum_factor,0.30837225914001465,quality_factor,0.1592281311750412
2021-12-20,600582.SH,pca,3,cn_a,INDUSTRY_C35,1.948884550817079,1.0698514964937926,1.948884550817079,0.8216403126716614,0,quality_factor,0.42454394698143005,value_factor,0.42052561044692993,volatility_factor,0.1190142035484314
2021-12-20,600528.SH,pca,3,cn_a,INDUSTRY_C35,1.8966228779665686,1.0411621475608628,1.8966228779665686,0.8216403126716614,0,value_factor,0.4110059142112732,quality_factor,0.4102534055709839,volatility_factor,0.16755777597427368
2021-12-20,601717.SH,pca,3,cn_a,INDUSTRY_C35,1.1025377598528603,0.6052445086215927,1.1025377598528603,0.8216403126716614,0,quality_factor,0.3326999843120575,momentum_factor,0.28488031029701233,value_factor,0.26255032420158386
2021-12-20,600031.SH,pca,3,cn_a,INDUSTRY_C35,0.8192913723653714,0.44975475865004966,0.8192913723653714,0.8216403126716614,0,quality_factor,0.49535539746284485,value_factor,0.4662143588066101,momentum_factor,0.033713068813085556
2021-12-20,688425.SH,pca,3,cn_a,INDUSTRY_C35,0.32122174207050297,0.17633654149312736,0.32122174207050297,0.8216403126716614,0,volatility_factor,0.32795459032058716,value_factor,0.31914961338043213,quality_factor,0.29959434270858765
2021-12-20,002430.SZ,pca,3,cn_a,INDUSTRY_C35,0.16293265869441584,0.08944282957081849,0.16293265869441584,0.8216403126716614,0,momentum_factor,0.4434429109096527,volatility_factor,0.2906714677810669,value_factor,0.1707884520292282
2021-12-20,002008.SZ,pca,3,cn_a,INDUSTRY_C35,0.017326530940197964,0.009511499820574362,0.017326530940197964,0.8216403126716614,2,momentum_factor,0.5169804692268372,quality_factor,0.27310657501220703,value_factor,0.2057141363620758
2021-12-20,002353.SZ,pca,3,cn_a,INDUSTRY_C35,-0.10013722095320254,-0.054970909203727714,-0.10013722095320254,0.8216403126716614,0,volatility_factor,0.45365995168685913,value_factor,0.22148294746875763,quality_factor,0.19258840382099152
2021-12-20,601399.SH,pca,3,cn_a,INDUSTRY_C35,-0.14905367365012154,-0.08182388009881003,-0.14905367365012154,0.8216403126716614,2,volatility_factor,0.48445844650268555,momentum_factor,0.3730885088443756,quality_factor,0.12636205554008484
2021-12-20,300003.SZ,pca,3,cn_a,INDUSTRY_C35,-0.4133110739176027,-0.2268895152167003,-0.4133110739176027,0.8216403126716614,0,volatility_factor,0.4593607187271118,momentum_factor,0.2889358103275299,value_factor,0.1346682459115982
2021-12-20,002223.SZ,pca,3,cn_a,INDUSTRY_C35,-0.43041859170100244,-0.23628078649246215,-0.43041859170100244,0.8216403126716614,2,volatility_factor,0.8106948137283325,value_factor,0.11339616775512695,momentum_factor,0.059104397892951965
2021-12-20,002595.SZ,pca,3,cn_a,INDUSTRY_C35,-0.4691743384172539,-0.25755597880938647,-0.4691743384172539,0.8216403126716614,0,volatility_factor,0.42218369245529175,momentum_factor,0.30520808696746826,value_factor,0.1417452096939087
2021-12-20,601106.SH,pca,3,cn_a,INDUSTRY_C35,-0.4834461520943392,-0.2653905738415595,-0.4834461520943392,0.8216403126716614,1,volatility_factor,0.6911999583244324,quality_factor,0.16040094196796417,momentum_factor,0.09618804603815079
2021-12-20,300757.SZ,pca,3,cn_a,INDUSTRY_C35,-0.5052909659573216,-0.2773824113222054,-0.5052909659573216,0.8216403126716614,0,value_factor,0.3793184757232666,quality_factor,0.3708357810974121,volatility_factor,0.2080685794353485
2021-12-20,300724.SZ,pca,3,cn_a,INDUSTRY_C35,-0.5280991651061859,-0.2899031047524605,-0.5280991651061859,0.8216403126716614,1,quality_factor,0.28313905000686646,momentum_factor,0.25756216049194336,volatility_factor,0.2527424991130829
2021-12-20,601608.SH,pca,3,cn_a,INDUSTRY_C35,-0.7480128587479867,-0.4106260044970954,-0.7480128587479867,0.8216403126716614,1,volatility_factor,0.6499485969543457,quality_factor,0.17929618060588837,value_factor,0.09464026987552643
2021-12-20,600499.SH,pca,3,cn_a,INDUSTRY_C35,-0.7898912363003023,-0.4336153831528463,-0.7898912363003023,0.8216403126716614,0,quality_factor,0.2811640202999115,value_factor,0.2726614773273468,momentum_factor,0.24398387968540192
2021-12-20,688301.SH,pca,3,cn_a,INDUSTRY_C35,-0.8242059528109578,-0.4524526461376103,-0.8242059528109578,0.8216403126716614,0,quality_factor,0.4434871971607208,value_factor,0.41992539167404175,volatility_factor,0.08318452537059784
2021-12-20,603338.SH,pca,3,cn_a,INDUSTRY_C35,-0.9526621957823831,-0.5229694470016388,-0.9526621957823831,0.8216403126716614,0,volatility_factor,0.27667808532714844,quality_factor,0.26602059602737427,value_factor,0.24343104660511017
2021-12-20,300751.SZ,pca,3,cn_a,INDUSTRY_C35,-1.076643525472641,-0.5910297182223235,-1.076643525472641,0.8216403126716614,0,quality_factor,0.3929606080055237,value_factor,0.36255401372909546,volatility_factor,0.16494517028331757
2021-12-20,300529.SZ,pca,3,cn_a,INDUSTRY_C35,-1.172198777704005,-0.6434853290765973,-1.172198777704005,0.8216403126716614,1,volatility_factor,0.3946743905544281,momentum_factor,0.2147514820098877,quality_factor,0.21376091241836548
2021-12-20,002837.SZ,pca,3,cn_a,INDUSTRY_C35,-1.1863324795050103,-0.6512441067920155,-1.1863324795050103,0.8216403126716614,0,volatility_factor,0.31247633695602417,quality_factor,0.25434935092926025,value_factor,0.22570373117923737
2021-12-20,688617.SH,pca,3,cn_a,INDUSTRY_C35,-1.2337347169023163,-0.6772658404013255,-1.2337347169023163,0.8216403126716614,1,volatility_factor,0.3443661332130432,quality_factor,0.308594286441803,value_factor,0.25838184356689453
2021-12-20,688012.SH,pca,3,cn_a,INDUSTRY_C35,-1.2478723993667782,-0.6850268033250745,-1.2478723993667782,0.8216403126716614,1,momentum_factor,0.5247764587402344,value_factor,0.2436007857322693,quality_factor,0.18090765178203583
2021-12-20,300450.SZ,pca,3,cn_a,INDUSTRY_C35,-1.4775647700557595,-0.8111177646453782,-1.4775647700557595,0.8216403126716614,0,volatility_factor,0.2842522859573364,quality_factor,0.26050347089767456,value_factor,0.23605437576770782
2021-12-20,688037.SH,pca,3,cn_a,INDUSTRY_C35,-1.664260364979343,-0.9136053961133654,-1.664260364979343,0.8216403126716614,0,momentum_factor,0.2808941900730133,quality_factor,0.2585965394973755,value_factor,0.25166064500808716
2021-12-20,300604.SZ,pca,3,cn_a,INDUSTRY_C35,-1.7623178514169138,-0.9674346229722228,-1.7623178514169138,0.8216403126716614,0,momentum_factor,0.2638666033744812,volatility_factor,0.25937318801879883,quality_factor,0.24610069394111633
2021-12-21,002432.SZ,pca,3,cn_a,INDUSTRY_C35,2.1285063503138644,1.6661310845435562,2.1285063503138644,0.2775143086910248,1,volatility_factor,0.40593141317367554,momentum_factor,0.3100251853466034,quality_factor,0.1568547934293747
2021-12-21,600528.SH,pca,3,cn_a,INDUSTRY_C35,1.3058717388849919,1.0221973245522147,1.3058717388849919,0.2775143086910248,0,value_factor,0.40624964237213135,quality_factor,0.403641015291214,volatility_factor,0.1747763752937317
2021-12-21,600582.SH,pca,3,cn_a,INDUSTRY_C35,1.134583651992534,0.8881181351988736,1.134583651992534,0.2775143086910248,0,value_factor,0.4010067880153656,quality_factor,0.3987094461917877,volatility_factor,0.19170749187469482
2021-12-21,601717.SH,pca,3,cn_a,INDUSTRY_C35,0.8964688593183736,0.7017290000640115,0.8964688593183736,0.2775143086910248,0,quality_factor,0.3086995780467987,momentum_factor,0.25900447368621826,value_factor,0.231780007481575
2021-12-21,600031.SH,pca,3,cn_a,INDUSTRY_C35,0.2870453060546105,0.2246904769719775,0.2870453060546105,0.2775143086910248,0,value_factor,0.34483325481414795,quality_factor,0.33706074953079224,volatility_factor,0.263647198677063
2021-12-21,688425.SH,pca,3,cn_a,INDUSTRY_C35,0.20679253282511176,0.1618710073101764,0.20679253282511176,0.2775143086910248,0,volatility_factor,0.3634427487850189,value_factor,0.3191698491573334,quality_factor,0.2910754680633545
2021-12-21,002430.SZ,pca,3,cn_a,INDUSTRY_C35,0.18932127686621916,0.148195030898438,0.18932127686621916,0.2775143086910248,0,momentum_factor,0.5641853213310242,value_factor,0.21008698642253876,quality_factor,0.15721862018108368
2021-12-21,002008.SZ,pca,3,cn_a,INDUSTRY_C35,0.1187745735280396,0.0929731823347814,0.1187745735280396,0.2775143086910248,2,momentum_factor,0.3847508132457733,volatility_factor,0.241215318441391,quality_factor,0.19484759867191315
2021-12-21,601399.SH,pca,3,cn_a,INDUSTRY_C35,-0.08998800570464098,-0.07043991835799626,-0.08998800570464098,0.2775143086910248,2,volatility_factor,0.5021328926086426,momentum_factor,0.36367425322532654,quality_factor,0.12179543077945709
2021-12-21,002353.SZ,pca,3,cn_a,INDUSTRY_C35,-0.0989754157869397,-0.07747499406047186,-0.0989754157869397,0.2775143086910248,0,volatility_factor,0.4379417300224304,value_factor,0.20968112349510193,quality_factor,0.1855921447277069
2021-12-21,002595.SZ,pca,3,cn_a,INDUSTRY_C35,-0.2719913100551544,-0.2129066593302826,-0.2719913100551544,0.2775143086910248,0,volatility_factor,0.4535088837146759,momentum_factor,0.2638355791568756,value_factor,0.15101604163646698
2021-12-21,300003.SZ,pca,3,cn_a,INDUSTRY_C35,-0.292434416656721,-0.22890891150513995,-0.292434416656721,0.2775143086910248,0,volatility_factor,0.5435570478439331,momentum_factor,0.2131773680448532,value_factor,0.1411052644252777
2021-12-21,002223.SZ,pca,3,cn_a,INDUSTRY_C35,-0.31823082316476514,-0.2491015666721007,-0.31823082316476514,0.2775143086910248,2,volatility_factor,0.7858932018280029,momentum_factor,0.10214366018772125,value_factor,0.10016470402479172
2021-12-21,601106.SH,pca,3,cn_a,INDUSTRY_C35,-0.4004050401258801,-0.3134250849959953,-0.4004050401258801,0.2775143086910248,1,volatility_factor,0.6636855006217957,quality_factor,0.15070973336696625,momentum_factor,0.14674045145511627
2021-12-21,300757.SZ,pca,3,cn_a,INDUSTRY_C35,-0.4832961395852434,-0.37830975748986495,-0.4832961395852434,0.2775143086910248,0,value_factor,0.4245089292526245,quality_factor,0.421548992395401,volatility_factor,0.11389005184173584
2021-12-21,601608.SH,pca,3,cn_a,INDUSTRY_C35,-0.5163235345989073,-0.4041626141025079,-0.5163235345989073,0.2775143086910248,1,volatility_factor,0.6419833302497864,quality_factor,0.18208912014961243,value_factor,0.09862721711397171
2021-12-21,300724.SZ,pca,3,cn_a,INDUSTRY_C35,-0.5734811955823514,-0.44890392092091413,-0.5734811955823514,0.2775143086910248,1,volatility_factor,0.35925593972206116,quality_factor,0.33348891139030457,value_factor,0.26593533158302307
2021-12-21,688617.SH,pca,3,cn_a,INDUSTRY_C35,-0.5781772269560077,-0.45257983377148503,-0.5781772269560077,0.2775143086910248,1,quality_factor,0.4344349205493927,value_factor,0.40726613998413086,volatility_factor,0.10910595208406448
2021-12-21,300751.SZ,pca,3,cn_a,INDUSTRY_C35,-0.7426300817991655,-0.5813086079918255,-0.7426300817991655,0.2775143086910248,0,quality_factor,0.38642749190330505,value_factor,0.3789976239204407,momentum_factor,0.16191239655017853
2021-12-21,002837.SZ,pca,3,cn_a,INDUSTRY_C35,-0.7710819226878985,-0.6035798577394316,-0.7710819226878985,0.2775143086910248,0,quality_factor,0.26767656207084656,volatility_factor,0.26043701171875,value_factor,0.24780629575252533
2021-12-21,300529.SZ,pca,3,cn_a,INDUSTRY_C35,-0.8117902548607464,-0.6354451221409707,-0.8117902548607464,0.2775143086910248,1,volatility_factor,0.40816420316696167,quality_factor,0.22005067765712738,momentum_factor,0.1933731883764267
2021-12-21,600499.SH,pca,3,cn_a,INDUSTRY_C35,-0.8500772967471399,-0.6654150729530671,-0.8500772967471399,0.2775143086910248,0,volatility_factor,0.32507485151290894,momentum_factor,0.31732460856437683,quality_factor,0.185683473944664
2021-12-21,688301.SH,pca,3,cn_a,INDUSTRY_C35,-0.8648661524029112,-0.6769913466669205,-0.8648661524029112,0.2775143086910248,0,quality_factor,0.30207911133766174,volatility_factor,0.2715757489204407,value_factor,0.27029457688331604
2021-12-21,603338.SH,pca,3,cn_a,INDUSTRY_C35,-0.9286740736851135,-0.7269382782664945,-0.9286740736851135,0.2775143086910248,0,momentum_factor,0.32791608572006226,volatility_factor,0.3038647770881653,quality_factor,0.18915098905563354
2021-12-21,688012.SH,pca,3,cn_a,INDUSTRY_C35,-0.9670841784997519,-0.7570045590566874,-0.9670841784997519,0.2775143086910248,1,momentum_factor,0.5226771831512451,value_factor,0.23606866598129272,quality_factor,0.18837879598140717
2021-12-21,688037.SH,pca,3,cn_a,INDUSTRY_C35,-1.024293029233138,-0.8017859356797131,-1.024293029233138,0.2775143086910248,0,momentum_factor,0.36707696318626404,value_factor,0.30263715982437134,quality_factor,0.27828651666641235
2021-12-21,300450.SZ,pca,3,cn_a,INDUSTRY_C35,-1.1391457770726225,-0.8916892302094148,-1.1391457770726225,0.2775143086910248,0,volatility_factor,0.3017478585243225,momentum_factor,0.24989821016788483,quality_factor,0.23525847494602203
2021-12-21,300604.SZ,pca,3,cn_a,INDUSTRY_C35,-1.194306464494447,-0.9348673658747091,-1.194306464494447,0.2775143086910248,0,volatility_factor,0.2624787986278534,quality_factor,0.256791889667511,momentum_factor,0.24278947710990906
2021-12-22,002432.SZ,pca,3,cn_a,INDUSTRY_C35,1.928634003404928,1.6559053529757433,1.928634003404928,0.16470058262348175,1,volatility_factor,0.40890049934387207,momentum_factor,0.3115455210208893,quality_factor,0.15467186272144318
2021-12-22,600528.SH,pca,3,cn_a,INDUSTRY_C35,1.1987220627726514,1.029210455156847,1.1987220627726514,0.16470058262348175,0,value_factor,0.4053493142127991,quality_factor,0.4024359881877899,volatility_factor,0.1739627569913864
2021-12-22,600582.SH,pca,3,cn_a,INDUSTRY_C35,1.0297495147940685,0.8841323603966669,1.0297495147940685,0.16470058262348175,0,value_factor,0.4007542133331299,quality_factor,0.3983491361141205,volatility_factor,0.19234953820705414
2021-12-22,601717.SH,pca,3,cn_a,INDUSTRY_C35,0.9137344366327672,0.7845230054780896,0.9137344366327672,0.16470058262348175,0,quality_factor,0.29100894927978516,volatility_factor,0.2525889277458191,momentum_factor,0.24706120789051056
2021-12-22,600031.SH,pca,3,cn_a,INDUSTRY_C35,0.3251478359632521,0.2791685934861042,0.3251478359632521,0.16470058262348175,0,value_factor,0.37084031105041504,quality_factor,0.3692232370376587,volatility_factor,0.22070081532001495
2021-12-22,002008.SZ,pca,3,cn_a,INDUSTRY_C35,0.2121335297128274,0.1821356705196273,0.2121335297128274,0.16470058262348175,2,momentum_factor,0.45565012097358704,volatility_factor,0.2297760397195816,quality_factor,0.17030245065689087
2021-12-22,688425.SH,pca,3,cn_a,INDUSTRY_C35,0.17950956011190225,0.15412506518854024,0.17950956011190225,0.16470058262348175,0,volatility_factor,0.3444169759750366,value_factor,0.31099483370780945,quality_factor,0.28873521089553833
2021-12-22,002430.SZ,pca,3,cn_a,INDUSTRY_C35,0.08821386812405371,0.07573952143093464,0.08821386812405371,0.16470058262348175,0,momentum_factor,0.413946270942688,volatility_factor,0.34878116846084595,value_factor,0.16013318300247192
2021-12-22,300003.SZ,pca,3,cn_a,INDUSTRY_C35,-0.18729155345878196,-0.16080660477415865,-0.18729155345878196,0.16470058262348175,0,volatility_factor,0.6361424922943115,value_factor,0.16042602062225342,momentum_factor,0.10578981786966324
2021-12-22,002837.SZ,pca,3,cn_a,INDUSTRY_C35,-0.21090575282838434,-0.1810815138929061,-0.21090575282838434,0.16470058262348175,0,value_factor,0.355878084897995,quality_factor,0.339840829372406,volatility_factor,0.25242727994918823
2021-12-22,601399.SH,pca,3,cn_a,INDUSTRY_C35,-0.21412452422381856,-0.18384511796412692,-0.21412452422381856,0.16470058262348175,2,volatility_factor,0.6881394386291504,momentum_factor,0.1963757425546646,quality_factor,0.07589925825595856
2021-12-22,002595.SZ,pca,3,cn_a,INDUSTRY_C35,-0.21984140057764695,-0.18875356930320522,-0.21984140057764695,0.16470058262348175,0,volatility_factor,0.47690069675445557,momentum_factor,0.23566491901874542,value_factor,0.15644320845603943
2021-12-22,002353.SZ,pca,3,cn_a,INDUSTRY_C35,-0.2296146275524041,-0.19714476163662664,-0.2296146275524041,0.16470058262348175,0,volatility_factor,0.5318477749824524,momentum_factor,0.1720820665359497,value_factor,0.16866624355316162
2021-12-22,002223.SZ,pca,3,cn_a,INDUSTRY_C35,-0.32132925854441113,-0.2758900021217252,-0.32132925854441113,0.16470058262348175,2,volatility_factor,0.679625391960144,momentum_factor,0.2047032117843628,value_factor,0.08858636766672134
2021-12-22,601106.SH,pca,3,cn_a,INDUSTRY_C35,-0.3739933460102934,-0.3211068468887349,-0.3739933460102934,0.16470058262348175,1,volatility_factor,0.7125426530838013,quality_factor,0.14948312938213348,momentum_factor,0.10105512291193008
2021-12-22,601608.SH,pca,3,cn_a,INDUSTRY_C35,-0.45235406800190175,-0.3883865582180311,-0.45235406800190175,0.16470058262348175,1,volatility_factor,0.5683376789093018,quality_factor,0.16928894817829132,momentum_factor,0.15605971217155457
2021-12-22,600499.SH,pca,3,cn_a,INDUSTRY_C35,-0.5949667788420453,-0.5108323674621159,-0.5949667788420453,0.16470058262348175,0,momentum_factor,0.49312111735343933,value_factor,0.25675642490386963,quality_factor,0.21030977368354797
2021-12-22,300751.SZ,pca,3,cn_a,INDUSTRY_C35,-0.6314576449469037,-0.5421630504279236,-0.6314576449469037,0.16470058262348175,0,quality_factor,0.41172468662261963,value_factor,0.40776219964027405,momentum_factor,0.15030650794506073
2021-12-22,300757.SZ,pca,3,cn_a,INDUSTRY_C35,-0.6558752532217381,-0.5631277581836615,-0.6558752532217381,0.16470058262348175,0,quality_factor,0.37714216113090515,value_factor,0.355405330657959,volatility_factor,0.1459522396326065
2021-12-22,300529.SZ,pca,3,cn_a,INDUSTRY_C35,-0.6631177143351157,-0.5693460609332696,-0.6631177143351157,0.16470058262348175,1,volatility_factor,0.29776832461357117,momentum_factor,0.2516685426235199,quality_factor,0.23516832292079926
2021-12-22,603338.SH,pca,3,cn_a,INDUSTRY_C35,-0.7277971956260734,-0.6248791994698218,-0.7277971956260734,0.16470058262348175,0,momentum_factor,0.3829001784324646,value_factor,0.22058433294296265,quality_factor,0.2085539549589157
2021-12-22,300724.SZ,pca,3,cn_a,INDUSTRY_C35,-0.7617379202803979,-0.6540203571699081,-0.7617379202803979,0.16470058262348175,1,volatility_factor,0.4030485451221466,quality_factor,0.23102092742919922,value_factor,0.18760421872138977
2021-12-22,300450.SZ,pca,3,cn_a,INDUSTRY_C35,-0.766393478357302,-0.6580175715335586,-0.766393478357302,0.16470058262348175,0,quality_factor,0.31200775504112244,value_factor,0.299731969833374,momentum_factor,0.2123546302318573
2021-12-22,688301.SH,pca,3,cn_a,INDUSTRY_C35,-0.8324327722528492,-0.7147182312104663,-0.8324327722528492,0.16470058262348175,0,volatility_factor,0.3510430157184601,quality_factor,0.30150291323661804,value_factor,0.2514221668243408
2021-12-22,688012.SH,pca,3,cn_a,INDUSTRY_C35,-0.8467641382812973,-0.7270229949344622,-0.8467641382812973,0.16470058262348175,1,momentum_factor,0.5418379902839661,value_factor,0.24626775085926056,quality_factor,0.1918073296546936
2021-12-22,688617.SH,pca,3,cn_a,INDUSTRY_C35,-0.9366360043196529,-0.8041860563510386,-0.9366360043196529,0.16470058262348175,1,volatility_factor,0.33590927720069885,quality_factor,0.2538353204727173,value_factor,0.21926914155483246
2021-12-22,300604.SZ,pca,3,cn_a,INDUSTRY_C35,-0.9967179725571959,-0.8557718173851281,-0.9967179725571959,0.16470058262348175,0,quality_factor,0.28031235933303833,value_factor,0.26123911142349243,volatility_factor,0.23782634735107422
2021-12-22,688037.SH,pca,3,cn_a,INDUSTRY_C35,-1.07382786291041,-0.9219775775126764,-1.07382786291041,0.16470058262348175,0,momentum_factor,0.40786048769950867,value_factor,0.2647806704044342,quality_factor,0.23894552886486053
2021-12-23,002432.SZ,pca,3,cn_a,INDUSTRY_C35,2.097979688352642,1.6644925550517937,2.097979688352642,0.2604319751262665,1,volatility_factor,0.4064047038555145,momentum_factor,0.31026753783226013,quality_factor,0.15650680661201477
2021-12-23,600528.SH,pca,3,cn_a,INDUSTRY_C35,1.3412952285915707,1.0641551653296548,1.3412952285915707,0.2604319751262665,0,quality_factor,0.41995227336883545,value_factor,0.41790035367012024,volatility_factor,0.15362289547920227
2021-12-23,600582.SH,pca,3,cn_a,INDUSTRY_C35,1.1112041258874414,0.8816057681353449,1.1112041258874414,0.2604319751262665,0,value_factor,0.40140387415885925,quality_factor,0.4001735746860504,volatility_factor,0.18709993362426758
2021-12-23,601717.SH,pca,3,cn_a,INDUSTRY_C35,0.8889887822797252,0.705304831044886,0.8889887822797252,0.2604319751262665,0,quality_factor,0.31604382395744324,value_factor,0.24043048918247223,momentum_factor,0.24005413055419922
2021-12-23,002008.SZ,pca,3,cn_a,INDUSTRY_C35,0.45218754407118894,0.35875599977073586,0.45218754407118894,0.2604319751262665,2,momentum_factor,0.44129678606987,volatility_factor,0.32003161311149597,quality_factor,0.12474864721298218
2021-12-23,600031.SH,pca,3,cn_a,INDUSTRY_C35,0.36541920915442566,0.2899158445085095,0.36541920915442566,0.2604319751262665,0,value_factor,0.38375675678253174,quality_factor,0.38235601782798767,volatility_factor,0.2117866575717926
2021-12-23,002430.SZ,pca,3,cn_a,INDUSTRY_C35,0.31430283574232454,0.24936119879003843,0.31430283574232454,0.2604319751262665,0,momentum_factor,0.3926054835319519,volatility_factor,0.33118385076522827,quality_factor,0.14695776998996735
2021-12-23,688425.SH,pca,3,cn_a,INDUSTRY_C35,0.23326868257799363,0.18507042162199755,0.23326868257799363,0.2604319751262665,0,value_factor,0.31979092955589294,volatility_factor,0.31572186946868896,quality_factor,0.30303388833999634
2021-12-23,002353.SZ,pca,3,cn_a,INDUSTRY_C35,-0.18349164149725714,-0.1455783737478588,-0.18349164149725714,0.2604319751262665,0,volatility_factor,0.5035903453826904,value_factor,0.18156398832798004,momentum_factor,0.16919784247875214
2021-12-23,002595.SZ,pca,3,cn_a,INDUSTRY_C35,-0.1945071004110763,-0.15431780504660886,-0.1945071004110763,0.2604319751262665,0,volatility_factor,0.4181377589702606,momentum_factor,0.26702234148979187,value_factor,0.16347457468509674
2021-12-23,601399.SH,pca,3,cn_a,INDUSTRY_C35,-0.2154871465962164,-0.17096292838773564,-0.2154871465962164,0.2604319751262665,2,volatility_factor,0.6512244939804077,momentum_factor,0.2335548996925354,quality_factor,0.07213544100522995
2021-12-23,300003.SZ,pca,3,cn_a,INDUSTRY_C35,-0.22109919652824386,-0.1754154096878637,-0.22109919652824386,0.2604319751262665,0,volatility_factor,0.460970401763916,momentum_factor,0.2719305753707886,value_factor,0.14268772304058075
2021-12-23,002837.SZ,pca,3,cn_a,INDUSTRY_C35,-0.29733317563114736,-0.23589783063941883,-0.29733317563114736,0.2604319751262665,0,quality_factor,0.4092821180820465,value_factor,0.3753821849822998,momentum_factor,0.1859884411096573
2021-12-23,601106.SH,pca,3,cn_a,INDUSTRY_C35,-0.3106403766765697,-0.24645548150308144,-0.3106403766765697,0.2604319751262665,1,volatility_factor,0.6412023901939392,quality_factor,0.16408570110797882,momentum_factor,0.1371801495552063
2021-12-23,002223.SZ,pca,3,cn_a,INDUSTRY_C35,-0.313793770272227,-0.2489573170509942,-0.313793770272227,0.2604319751262665,2,volatility_factor,0.5886293053627014,momentum_factor,0.2985084652900696,value_factor,0.07460299134254456
2021-12-23,601608.SH,pca,3,cn_a,INDUSTRY_C35,-0.4129462999651354,-0.3276228295936767,-0.4129462999651354,0.2604319751262665,1,volatility_factor,0.5430319309234619,quality_factor,0.196571946144104,value_factor,0.13341307640075684
2021-12-23,300751.SZ,pca,3,cn_a,INDUSTRY_C35,-0.6279343352560618,-0.49818977366544903,-0.6279343352560618,0.2604319751262665,0,quality_factor,0.44019532203674316,value_factor,0.4362373352050781,momentum_factor,0.11373136192560196
2021-12-23,300724.SZ,pca,3,cn_a,INDUSTRY_C35,-0.6935083580035667,-0.5502148115025516,-0.6935083580035667,0.2604319751262665,1,momentum_factor,0.3378215730190277,value_factor,0.23988784849643707,quality_factor,0.23405317962169647
2021-12-23,300757.SZ,pca,3,cn_a,INDUSTRY_C35,-0.7325003517488701,-0.5811502317337385,-0.7325003517488701,0.2604319751262665,0,quality_factor,0.36092621088027954,value_factor,0.3485907316207886,momentum_factor,0.16763804852962494
2021-12-23,300529.SZ,pca,3,cn_a,INDUSTRY_C35,-0.7596904462973859,-0.6027222756378889,-0.7596904462973859,0.2604319751262665,1,volatility_factor,0.31171900033950806,momentum_factor,0.27042320370674133,quality_factor,0.21834343671798706
2021-12-23,600499.SH,pca,3,cn_a,INDUSTRY_C35,-0.7601000318237586,-0.6030472321010469,-0.7601000318237586,0.2604319751262665,0,momentum_factor,0.4354778826236725,value_factor,0.20216503739356995,quality_factor,0.18133123219013214
2021-12-23,300450.SZ,pca,3,cn_a,INDUSTRY_C35,-0.8357493669544366,-0.6630658089341256,-0.8357493669544366,0.2604319751262665,0,quality_factor,0.3171583414077759,value_factor,0.2914019823074341,volatility_factor,0.22860850393772125
2021-12-23,688012.SH,pca,3,cn_a,INDUSTRY_C35,-0.8697752206226427,-0.6900611990346284,-0.8697752206226427,0.2604319751262665,1,momentum_factor,0.5402172207832336,value_factor,0.2440120428800583,quality_factor,0.1817561537027359
2021-12-23,688301.SH,pca,3,cn_a,INDUSTRY_C35,-0.8796234041634645,-0.6978745388279002,-0.8796234041634645,0.2604319751262665,0,quality_factor,0.28610578179359436,value_factor,0.2760273516178131,momentum_factor,0.24309203028678894
2021-12-23,603338.SH,pca,3,cn_a,INDUSTRY_C35,-0.8815405008555892,-0.6993955226529922,-0.8815405008555892,0.2604319751262665,0,momentum_factor,0.35925301909446716,volatility_factor,0.2728348970413208,quality_factor,0.1848040223121643
2021-12-23,688617.SH,pca,3,cn_a,INDUSTRY_C35,-1.046738367032746,-0.8304600033478601,-1.046738367032746,0.2604319751262665,1,volatility_factor,0.28433606028556824,momentum_factor,0.2650188207626343,quality_factor,0.23416633903980255
2021-12-23,300604.SZ,pca,3,cn_a,INDUSTRY_C35,-1.0988983478120067,-0.8718426250008353,-1.0988983478120067,0.2604319751262665,0,volatility_factor,0.2930382490158081,quality_factor,0.28156358003616333,value_factor,0.2494238317012787
2021-12-23,688037.SH,pca,3,cn_a,INDUSTRY_C35,-1.1927036478187933,-0.946265759005673,-1.1927036478187933,0.2604319751262665,0,momentum_factor,0.42805635929107666,value_factor,0.25968483090400696,quality_factor,0.23017847537994385
2021-12-24,002432.SZ,pca,3,cn_a,INDUSTRY_C35,2.014732312824726,1.654418311255562,2.014732312824726,0.21778889000415802,1,volatility_factor,0.40933534502983093,momentum_factor,0.31176817417144775,quality_factor,0.15435217320919037
2021-12-24,600528.SH,pca,3,cn_a,INDUSTRY_C35,1.4187092557014092,1.1649878031138483,1.4187092557014092,0.21778889000415802,0,quality_factor,0.4319903552532196,value_factor,0.42595285177230835,volatility_factor,0.10927616059780121
2021-12-24,600582.SH,pca,3,cn_a,INDUSTRY_C35,1.1659601140308014,0.9574402269558453,1.1659601140308014,0.21778889000415802,0,quality_factor,0.4215297996997833,value_factor,0.41575732827186584,volatility_factor,0.14812137186527252
2021-12-24,601717.SH,pca,3,cn_a,INDUSTRY_C35,0.8703619225270037,0.7147067096121663,0.8703619225270037,0.21778889000415802,0,quality_factor,0.3229283094406128,value_factor,0.24919873476028442,momentum_factor,0.24220353364944458
2021-12-24,002008.SZ,pca,3,cn_a,INDUSTRY_C35,0.4535439651194084,0.37243232566265033,0.4535439651194084,0.21778889000415802,2,momentum_factor,0.45322030782699585,volatility_factor,0.31611910462379456,quality_factor,0.12164949625730515
2021-12-24,600031.SH,pca,3,cn_a,INDUSTRY_C35,0.3556193566846768,0.29202051894982234,0.3556193566846768,0.21778889000415802,0,value_factor,0.383980393409729,quality_factor,0.378600150346756,volatility_factor,0.22773003578186035
2021-12-24,688425.SH,pca,3,cn_a,INDUSTRY_C35,0.2635059030345092,0.21638060219176644,0.2635059030345092,0.21778889000415802,0,value_factor,0.32983195781707764,quality_factor,0.3159647285938263,volatility_factor,0.29683056473731995
2021-12-24,002430.SZ,pca,3,cn_a,INDUSTRY_C35,0.25894972744635625,0.2126392514056823,0.25894972744635625,0.21778889000415802,0,momentum_factor,0.4131127893924713,volatility_factor,0.23083949089050293,quality_factor,0.18049314618110657
2021-12-24,002595.SZ,pca,3,cn_a,INDUSTRY_C35,-0.00800243288161661,-0.006571280665756565,-0.00800243288161661,0.21778889000415802,0,momentum_factor,0.511797308921814,quality_factor,0.26554161310195923,value_factor,0.17480987310409546
2021-12-24,601399.SH,pca,3,cn_a,INDUSTRY_C35,-0.0655849673988332,-0.053855775438276896,-0.0655849673988332,0.21778889000415802,2,volatility_factor,0.5009477734565735,momentum_factor,0.3871738612651825,quality_factor,0.08207959681749344
2021-12-24,300003.SZ,pca,3,cn_a,INDUSTRY_C35,-0.11215704727770379,-0.09209892131646744,-0.11215704727770379,0.21778889000415802,0,volatility_factor,0.6844004988670349,value_factor,0.18869848549365997,quality_factor,0.11254702508449554
2021-12-24,002353.SZ,pca,3,cn_a,INDUSTRY_C35,-0.18822062565363007,-0.15455931671674844,-0.18822062565363007,0.21778889000415802,0,volatility_factor,0.6334404349327087,value_factor,0.1877540498971939,quality_factor,0.11969248205423355
2021-12-24,002223.SZ,pca,3,cn_a,INDUSTRY_C35,-0.30602964694516327,-0.2512994150489902,-0.30602964694516327,0.21778889000415802,2,volatility_factor,0.6329988241195679,momentum_factor,0.2614556550979614,value_factor,0.07642468065023422
2021-12-24,601106.SH,pca,3,cn_a,INDUSTRY_C35,-0.31107421752580033,-0.2554418164429133,-0.31107421752580033,0.21778889000415802,1,volatility_factor,0.7556323409080505,quality_factor,0.1627756804227829,value_factor,0.055517978966236115
2021-12-24,002837.SZ,pca,3,cn_a,INDUSTRY_C35,-0.47480851470441027,-0.3898939308546099,-0.47480851470441027,0.21778889000415802,0,quality_factor,0.42335045337677,value_factor,0.38453811407089233,volatility_factor,0.17582383751869202
2021-12-24,601608.SH,pca,3,cn_a,INDUSTRY_C35,-0.47976369757783954,-0.3939629306067048,-0.47976369757783954,0.21778889000415802,1,volatility_factor,0.4829164445400238,momentum_factor,0.2959026098251343,quality_factor,0.12677578628063202
2021-12-24,300529.SZ,pca,3,cn_a,INDUSTRY_C35,-0.6324505911735648,-0.5193433551154735,-0.6324505911735648,0.21778889000415802,1,momentum_factor,0.2947325110435486,quality_factor,0.2481456995010376,value_factor,0.24509528279304504
2021-12-24,300757.SZ,pca,3,cn_a,INDUSTRY_C35,-0.7078698610139534,-0.5812746698867763,-0.7078698610139534,0.21778889000415802,0,quality_factor,0.3673914074897766,value_factor,0.3410853147506714,volatility_factor,0.1763043999671936
2021-12-24,600499.SH,pca,3,cn_a,INDUSTRY_C35,-0.7326090725942664,-0.6015895297736025,-0.7326090725942664,0.21778889000415802,0,momentum_factor,0.5763288736343384,value_factor,0.2060168981552124,quality_factor,0.1509976089000702
2021-12-24,688012.SH,pca,3,cn_a,INDUSTRY_C35,-0.7433231102703608,-0.6103874728085066,-0.7433231102703608,0.21778889000415802,1,momentum_factor,0.49347227811813354,value_factor,0.22692538797855377,quality_factor,0.15682794153690338
2021-12-24,603338.SH,pca,3,cn_a,INDUSTRY_C35,-0.8145040407233706,-0.6688384312827667,-0.8145040407233706,0.21778889000415802,0,momentum_factor,0.42341363430023193,volatility_factor,0.20556305348873138,value_factor,0.19340437650680542
2021-12-24,300724.SZ,pca,3,cn_a,INDUSTRY_C35,-0.8889261984649485,-0.7299509571240732,-0.8889261984649485,0.21778889000415802,1,momentum_factor,0.3758701682090759,volatility_factor,0.2893514335155487,quality_factor,0.1680227816104889
2021-12-24,688301.SH,pca,3,cn_a,INDUSTRY_C35,-0.8942141274311644,-0.7342931947775015,-0.8942141274311644,0.21778889000415802,0,volatility_factor,0.28230226039886475,quality_factor,0.2794934809207916,value_factor,0.2508509159088135
2021-12-24,688617.SH,pca,3,cn_a,INDUSTRY_C35,-0.9318920745522531,-0.7652328313986326,-0.9318920745522531,0.21778889000415802,1,momentum_factor,0.4183407723903656,value_factor,0.25901105999946594,quality_factor,0.23135699331760406
2021-12-24,300751.SZ,pca,3,cn_a,INDUSTRY_C35,-0.9423974613620023,-0.7738594386130193,-0.9423974613620023,0.21778889000415802,0,quality_factor,0.30358943343162537,value_factor,0.2713140845298767,volatility_factor,0.27016445994377136
2021-12-24,688037.SH,pca,3,cn_a,INDUSTRY_C35,-0.9775601386017121,-0.802733635312919,-0.9775601386017121,0.21778889000415802,0,momentum_factor,0.4354914724826813,value_factor,0.27451765537261963,quality_factor,0.22300182282924652
2021-12-24,300604.SZ,pca,3,cn_a,INDUSTRY_C35,-0.9864088871925777,-0.8099998768911363,-0.9864088871925777,0.21778889000415802,0,volatility_factor,0.3153458535671234,quality_factor,0.30708691477775574,value_factor,0.2633844017982483
2021-12-24,300450.SZ,pca,3,cn_a,INDUSTRY_C35,-1.0892088929718289,-0.8944151666424188,-1.0892088929718289,0.21778889000415802,0,volatility_factor,0.30222922563552856,momentum_factor,0.2584681212902069,quality_factor,0.230124831199646
2021-12-27,002432.SZ,pca,3,cn_a,INDUSTRY_C35,2.0025242144672726,1.6452590106808969,2.0025242144672726,0.2171483337879181,1,volatility_factor,0.4120309352874756,momentum_factor,0.3131484389305115,quality_factor,0.15237030386924744
2021-12-27,600528.SH,pca,3,cn_a,INDUSTRY_C35,1.4623612347110224,1.2014651213187975,1.4623612347110224,0.2171483337879181,0,quality_factor,0.43058639764785767,value_factor,0.42466428875923157,volatility_factor,0.09586942195892334
2021-12-27,600582.SH,pca,3,cn_a,INDUSTRY_C35,1.1461555471947542,0.9416728786801303,1.1461555471947542,0.2171483337879181,0,quality_factor,0.41479364037513733,value_factor,0.41235172748565674,volatility_factor,0.16423025727272034
2021-12-27,601717.SH,pca,3,cn_a,INDUSTRY_C35,0.891460930503139,0.7324176746449207,0.891460930503139,0.2171483337879181,0,quality_factor,0.3266456127166748,value_factor,0.25360992550849915,momentum_factor,0.2320840209722519
2021-12-27,600031.SH,pca,3,cn_a,INDUSTRY_C35,0.41717985671433744,0.34275186955300935,0.41717985671433744,0.2171483337879181,0,value_factor,0.3693539798259735,quality_factor,0.3565027713775635,volatility_factor,0.20234717428684235
2021-12-27,002008.SZ,pca,3,cn_a,INDUSTRY_C35,0.39428871827198025,0.323944680349032,0.39428871827198025,0.2171483337879181,2,momentum_factor,0.5012534856796265,volatility_factor,0.25089046359062195,quality_factor,0.13791312277317047
2021-12-27,002430.SZ,pca,3,cn_a,INDUSTRY_C35,0.3875906569299238,0.3184416029342885,0.3875906569299238,0.2171483337879181,0,momentum_factor,0.5042451024055481,volatility_factor,0.31283730268478394,value_factor,0.09314168989658356
2021-12-27,688425.SH,pca,3,cn_a,INDUSTRY_C35,0.35342463596774937,0.29037105405351815,0.35342463596774937,0.2171483337879181,0,value_factor,0.3627835810184479,quality_factor,0.3546239733695984,volatility_factor,0.25129473209381104
2021-12-27,601399.SH,pca,3,cn_a,INDUSTRY_C35,0.2832404389391575,0.23270823942462604,0.2832404389391575,0.2171483337879181,2,momentum_factor,0.5375555157661438,volatility_factor,0.3632248342037201,quality_factor,0.05324622988700867
2021-12-27,002595.SZ,pca,3,cn_a,INDUSTRY_C35,-0.041102240190830044,-0.033769295045015704,-0.041102240190830044,0.2171483337879181,0,momentum_factor,0.38275909423828125,quality_factor,0.2400769740343094,value_factor,0.19728508591651917
2021-12-27,002353.SZ,pca,3,cn_a,INDUSTRY_C35,-0.10270073540904498,-0.08437816088043482,-0.10270073540904498,0.2171483337879181,0,volatility_factor,0.5584556460380554,value_factor,0.21848058700561523,quality_factor,0.1639697104692459
2021-12-27,300003.SZ,pca,3,cn_a,INDUSTRY_C35,-0.1079190049545403,-0.08866545235379752,-0.1079190049545403,0.2171483337879181,0,volatility_factor,0.6957358717918396,value_factor,0.19124820828437805,quality_factor,0.11220315843820572
2021-12-27,002223.SZ,pca,3,cn_a,INDUSTRY_C35,-0.29931758423830107,-0.24591710250770174,-0.29931758423830107,0.2171483337879181,2,volatility_factor,0.7889131903648376,momentum_factor,0.1249464601278305,value_factor,0.08449789881706238
2021-12-27,601106.SH,pca,3,cn_a,INDUSTRY_C35,-0.30533688751111415,-0.2508625173376799,-0.30533688751111415,0.2171483337879181,1,volatility_factor,0.7142682075500488,quality_factor,0.16635626554489136,value_factor,0.06023133546113968
2021-12-27,300529.SZ,pca,3,cn_a,INDUSTRY_C35,-0.6185526662571802,-0.5081982731534911,-0.6185526662571802,0.2171483337879181,1,volatility_factor,0.3087194263935089,quality_factor,0.2696802020072937,value_factor,0.2389007806777954
2021-12-27,601608.SH,pca,3,cn_a,INDUSTRY_C35,-0.6319878654328508,-0.5192365329380026,-0.6319878654328508,0.2171483337879181,1,volatility_factor,0.5586603879928589,momentum_factor,0.27411583065986633,quality_factor,0.10657768696546555
2021-12-27,600499.SH,pca,3,cn_a,INDUSTRY_C35,-0.6760109736003632,-0.5554055914030699,-0.6760109736003632,0.2171483337879181,0,momentum_factor,0.516327977180481,value_factor,0.22435441613197327,quality_factor,0.17945252358913422
2021-12-27,688012.SH,pca,3,cn_a,INDUSTRY_C35,-0.6850945915403416,-0.5628686243878209,-0.6850945915403416,0.2171483337879181,1,momentum_factor,0.4650554060935974,value_factor,0.21856418251991272,volatility_factor,0.17184703052043915
2021-12-27,002837.SZ,pca,3,cn_a,INDUSTRY_C35,-0.7206781923669477,-0.5921038463489299,-0.7206781923669477,0.2171483337879181,0,momentum_factor,0.36003589630126953,value_factor,0.2695377469062805,quality_factor,0.25263339281082153
2021-12-27,603338.SH,pca,3,cn_a,INDUSTRY_C35,-0.722194203315273,-0.5933493896761982,-0.722194203315273,0.2171483337879181,0,momentum_factor,0.3813374936580658,value_factor,0.2213406264781952,quality_factor,0.209324449300766
2021-12-27,300757.SZ,pca,3,cn_a,INDUSTRY_C35,-0.8572183333511718,-0.7042842113357753,-0.8572183333511718,0.2171483337879181,0,volatility_factor,0.3301366865634918,quality_factor,0.3173295855522156,value_factor,0.2679879367351532
2021-12-27,688301.SH,pca,3,cn_a,INDUSTRY_C35,-0.920073607839855,-0.7559256376786962,-0.920073607839855,0.2171483337879181,0,momentum_factor,0.30824461579322815,value_factor,0.2527647018432617,quality_factor,0.25245290994644165
2021-12-27,300604.SZ,pca,3,cn_a,INDUSTRY_C35,-0.9399852767984672,-0.7722849168999799,-0.9399852767984672,0.2171483337879181,0,quality_factor,0.309427410364151,value_factor,0.286482036113739,volatility_factor,0.22300215065479279
2021-12-27,688617.SH,pca,3,cn_a,INDUSTRY_C35,-0.9427424089695047,-0.7745501561990933,-0.9427424089695047,0.2171483337879181,1,momentum_factor,0.5234569907188416,value_factor,0.2628594934940338,quality_factor,0.20953652262687683
2021-12-27,300450.SZ,pca,3,cn_a,INDUSTRY_C35,-0.9451340629362526,-0.7765151213220092,-0.9451340629362526,0.2171483337879181,0,momentum_factor,0.2977569103240967,quality_factor,0.25513923168182373,value_factor,0.25291332602500916
2021-12-27,688037.SH,pca,3,cn_a,INDUSTRY_C35,-0.972863642989467,-0.7992975381913529,-0.972863642989467,0.2171483337879181,0,momentum_factor,0.4344192445278168,value_factor,0.2737886607646942,quality_factor,0.22195401787757874
2021-12-27,300751.SZ,pca,3,cn_a,INDUSTRY_C35,-1.0268905570520064,-0.8436856492256667,-1.0268905570520064,0.2171483337879181,0,momentum_factor,0.3104456961154938,value_factor,0.26335999369621277,quality_factor,0.26066821813583374
2021-12-27,300724.SZ,pca,3,cn_a,INDUSTRY_C35,-1.081201641388295,-0.888307232444774,-1.081201641388295,0.2171483337879181,1,momentum_factor,0.42785030603408813,volatility_factor,0.3071950674057007,value_factor,0.13438130915164948
2021-12-28,002432.SZ,pca,3,cn_a,INDUSTRY_C35,2.195953101118861,1.6389549360250688,2.195953101118861,0.3398496210575104,1,volatility_factor,0.41390374302864075,momentum_factor,0.31410741806030273,quality_factor,0.15099339187145233
2021-12-28,600528.SH,pca,3,cn_a,INDUSTRY_C35,1.6570215757481865,1.2367220817643179,1.6570215757481865,0.3398496210575104,0,quality_factor,0.450508713722229,value_factor,0.43887341022491455,volatility_factor,0.06957181543111801
2021-12-28,600582.SH,pca,3,cn_a,INDUSTRY_C35,1.1634157140504897,0.8683181467858546,1.1634157140504897,0.3398496210575104,0,quality_factor,0.39312100410461426,value_factor,0.39023879170417786,volatility_factor,0.17768992483615875
2021-12-28,601717.SH,pca,3,cn_a,INDUSTRY_C35,0.7424324495826716,0.5541162638167106,0.7424324495826716,0.3398496210575104,0,quality_factor,0.4034692645072937,value_factor,0.35177329182624817,momentum_factor,0.23916079103946686
2021-12-28,600031.SH,pca,3,cn_a,INDUSTRY_C35,0.575079568508943,0.4292120341434752,0.575079568508943,0.3398496210575104,0,value_factor,0.381817102432251,quality_factor,0.37621644139289856,momentum_factor,0.14071916043758392
2021-12-28,002430.SZ,pca,3,cn_a,INDUSTRY_C35,0.42397094479566844,0.3164317454457609,0.42397094479566844,0.3398496210575104,0,momentum_factor,0.5426307320594788,volatility_factor,0.27366378903388977,value_factor,0.09862575680017471
2021-12-28,688425.SH,pca,3,cn_a,INDUSTRY_C35,0.3877484175207161,0.28939697414652976,0.3877484175207161,0.3398496210575104,0,value_factor,0.35680434107780457,quality_factor,0.3557462692260742,volatility_factor,0.22585810720920563
2021-12-28,002008.SZ,pca,3,cn_a,INDUSTRY_C35,0.26790126740642695,0.19994876227521452,0.26790126740642695,0.3398496210575104,2,momentum_factor,0.5084772109985352,volatility_factor,0.18508829176425934,quality_factor,0.172649547457695
2021-12-28,601399.SH,pca,3,cn_a,INDUSTRY_C35,0.13316458847880955,0.09938771437326728,0.13316458847880955,0.3398496210575104,2,momentum_factor,0.7641004323959351,volatility_factor,0.11212922632694244,quality_factor,0.09212194383144379
2021-12-28,300003.SZ,pca,3,cn_a,INDUSTRY_C35,-0.18652868102979045,-0.13921613459242693,-0.18652868102979045,0.3398496210575104,0,volatility_factor,0.7100057005882263,value_factor,0.1699114441871643,quality_factor,0.08875775337219238
2021-12-28,002353.SZ,pca,3,cn_a,INDUSTRY_C35,-0.19954926555617003,-0.148934079510544,-0.19954926555617003,0.3398496210575104,0,volatility_factor,0.660976231098175,value_factor,0.19503533840179443,quality_factor,0.11908410489559174
2021-12-28,002595.SZ,pca,3,cn_a,INDUSTRY_C35,-0.20921735427930094,-0.15614988103500743,-0.20921735427930094,0.3398496210575104,0,volatility_factor,0.5418230891227722,value_factor,0.1760360151529312,momentum_factor,0.15010559558868408
2021-12-28,002223.SZ,pca,3,cn_a,INDUSTRY_C35,-0.33482502694943594,-0.24989747292139533,-0.33482502694943594,0.3398496210575104,2,volatility_factor,0.8419892191886902,value_factor,0.09113219380378723,momentum_factor,0.05548696592450142
2021-12-28,601106.SH,pca,3,cn_a,INDUSTRY_C35,-0.44267627758865014,-0.3303925160539441,-0.44267627758865014,0.3398496210575104,1,volatility_factor,0.642046332359314,momentum_factor,0.1793195605278015,quality_factor,0.12270534038543701
2021-12-28,600499.SH,pca,3,cn_a,INDUSTRY_C35,-0.6180164672910297,-0.46125809294165926,-0.6180164672910297,0.3398496210575104,0,quality_factor,0.2775594890117645,value_factor,0.25996309518814087,volatility_factor,0.24445223808288574
2021-12-28,002837.SZ,pca,3,cn_a,INDUSTRY_C35,-0.663118589259158,-0.4949201713290371,-0.663118589259158,0.3398496210575104,0,momentum_factor,0.3939616084098816,value_factor,0.2754880487918854,quality_factor,0.2217291295528412
2021-12-28,601608.SH,pca,3,cn_a,INDUSTRY_C35,-0.6793396108659989,-0.5070267702433562,-0.6793396108659989,0.3398496210575104,1,volatility_factor,0.5345194339752197,momentum_factor,0.2858046591281891,quality_factor,0.11048369109630585
2021-12-28,688012.SH,pca,3,cn_a,INDUSTRY_C35,-0.6882486357584635,-0.5136760426322954,-0.6882486357584635,0.3398496210575104,1,momentum_factor,0.44114798307418823,volatility_factor,0.21560576558113098,value_factor,0.2105041742324829
2021-12-28,300529.SZ,pca,3,cn_a,INDUSTRY_C35,-0.6885824365318456,-0.5139251756510765,-0.6885824365318456,0.3398496210575104,1,volatility_factor,0.4878841042518616,quality_factor,0.2885924279689789,value_factor,0.2083052098751068
2021-12-28,603338.SH,pca,3,cn_a,INDUSTRY_C35,-0.7979526491719411,-0.5955538997660245,-0.7979526491719411,0.3398496210575104,0,momentum_factor,0.39335697889328003,value_factor,0.2224586457014084,quality_factor,0.20737817883491516
2021-12-28,300757.SZ,pca,3,cn_a,INDUSTRY_C35,-0.8226683864805374,-0.61400055039749,-0.8226683864805374,0.3398496210575104,0,volatility_factor,0.3413986265659332,quality_factor,0.3362143933773041,value_factor,0.26792213320732117
2021-12-28,688301.SH,pca,3,cn_a,INDUSTRY_C35,-0.8635633237705465,-0.6445225862714556,-0.8635633237705465,0.3398496210575104,0,momentum_factor,0.3263082504272461,value_factor,0.30858275294303894,quality_factor,0.29195263981819153
2021-12-28,300724.SZ,pca,3,cn_a,INDUSTRY_C35,-0.8929261605145462,-0.666437610864994,-0.8929261605145462,0.3398496210575104,1,momentum_factor,0.3567335903644562,volatility_factor,0.26618295907974243,quality_factor,0.18910308182239532
2021-12-28,300450.SZ,pca,3,cn_a,INDUSTRY_C35,-0.9127503812126769,-0.6812334661815292,-0.9127503812126769,0.3398496210575104,0,quality_factor,0.29780977964401245,value_factor,0.28856995701789856,momentum_factor,0.23538069427013397
2021-12-28,300604.SZ,pca,3,cn_a,INDUSTRY_C35,-0.9602517086591539,-0.7166861974108437,-0.9602517086591539,0.3398496210575104,0,quality_factor,0.3454822599887848,value_factor,0.30294501781463623,volatility_factor,0.2684559226036072
2021-12-28,300751.SZ,pca,3,cn_a,INDUSTRY_C35,-1.0001418032041554,-0.7464582664590059,-1.0001418032041554,0.3398496210575104,0,value_factor,0.299907386302948,quality_factor,0.29413482546806335,momentum_factor,0.29014381766319275
2021-12-28,688617.SH,pca,3,cn_a,INDUSTRY_C35,-1.0205671399351517,-0.7617027661881596,-1.0205671399351517,0.3398496210575104,1,momentum_factor,0.5052779912948608,value_factor,0.26351261138916016,quality_factor,0.214312344789505
2021-12-28,688037.SH,pca,3,cn_a,INDUSTRY_C35,-1.0603234223541775,-0.7913749642307635,-1.0603234223541775,0.3398496210575104,0,momentum_factor,0.4307291805744171,value_factor,0.2721071243286133,quality_factor,0.2195165455341339
2021-12-29,002432.SZ,pca,3,cn_a,INDUSTRY_C35,2.2641808800922845,1.6311970635855504,2.2641808800922845,0.3880486786365509,1,volatility_factor,0.4162282943725586,momentum_factor,0.3152976930141449,quality_factor,0.14928431808948517
2021-12-29,600528.SH,pca,3,cn_a,INDUSTRY_C35,1.5892975491495205,1.1449869213765047,1.5892975491495205,0.3880486786365509,0,quality_factor,0.4412100911140442,value_factor,0.432738333940506,volatility_factor,0.10879141837358475
2021-12-29,600582.SH,pca,3,cn_a,INDUSTRY_C35,1.1738550008317292,0.845687218396565,1.1738550008317292,0.3880486786365509,0,quality_factor,0.3911973237991333,value_factor,0.38430309295654297,volatility_factor,0.16528479754924774
2021-12-29,601717.SH,pca,3,cn_a,INDUSTRY_C35,0.7110746203988567,0.5122836443780716,0.7110746203988567,0.3880486786365509,0,quality_factor,0.38073450326919556,value_factor,0.33955371379852295,momentum_factor,0.222517192363739
2021-12-29,002008.SZ,pca,3,cn_a,INDUSTRY_C35,0.5610766669839637,0.40421974219361234,0.5610766669839637,0.3880486786365509,2,momentum_factor,0.3978925049304962,volatility_factor,0.38424620032310486,value_factor,0.1109451875090599
2021-12-29,600031.SH,pca,3,cn_a,INDUSTRY_C35,0.48276255105589033,0.34779944597860096,0.48276255105589033,0.3880486786365509,0,value_factor,0.38185417652130127,quality_factor,0.37382203340530396,volatility_factor,0.19043220579624176
2021-12-29,688425.SH,pca,3,cn_a,INDUSTRY_C35,0.31005361042084634,0.22337373454543474,0.31005361042084634,0.3880486786365509,0,value_factor,0.3284373879432678,quality_factor,0.3194165527820587,volatility_factor,0.2775215208530426
2021-12-29,601399.SH,pca,3,cn_a,INDUSTRY_C35,-0.012636071072564401,-0.009103478529500372,-0.012636071072564401,0.3880486786365509,2,momentum_factor,0.48438993096351624,volatility_factor,0.4046346843242645,quality_factor,0.11042018979787827
2021-12-29,002430.SZ,pca,3,cn_a,INDUSTRY_C35,-0.14158801639625446,-0.10200508210945566,-0.14158801639625446,0.3880486786365509,0,volatility_factor,0.677748441696167,momentum_factor,0.19246964156627655,value_factor,0.11854174733161926
2021-12-29,002353.SZ,pca,3,cn_a,INDUSTRY_C35,-0.18013633902159562,-0.12977667545938362,-0.18013633902159562,0.3880486786365509,0,volatility_factor,0.5553715229034424,value_factor,0.18674007058143616,quality_factor,0.1382058709859848
2021-12-29,300003.SZ,pca,3,cn_a,INDUSTRY_C35,-0.20222318551980206,-0.14568883136022787,-0.20222318551980206,0.3880486786365509,0,volatility_factor,0.7423647046089172,value_factor,0.17269451916217804,quality_factor,0.08233056217432022
2021-12-29,002595.SZ,pca,3,cn_a,INDUSTRY_C35,-0.2351624574092947,-0.16941946350857304,-0.2351624574092947,0.3880486786365509,0,volatility_factor,0.40849584341049194,momentum_factor,0.29118645191192627,value_factor,0.1543143391609192
2021-12-29,002223.SZ,pca,3,cn_a,INDUSTRY_C35,-0.3034262723508825,-0.21859916264874374,-0.3034262723508825,0.3880486786365509,2,volatility_factor,0.8300195336341858,value_factor,0.10817081481218338,momentum_factor,0.05310139060020447
2021-12-29,601106.SH,pca,3,cn_a,INDUSTRY_C35,-0.5293778502826519,-0.38138277842585494,-0.5293778502826519,0.3880486786365509,1,volatility_factor,0.6984236836433411,momentum_factor,0.14367878437042236,quality_factor,0.11876767128705978
2021-12-29,600499.SH,pca,3,cn_a,INDUSTRY_C35,-0.6378557530301818,-0.45953414785994257,-0.6378557530301818,0.3880486786365509,0,volatility_factor,0.35160210728645325,quality_factor,0.2973092496395111,value_factor,0.24996601045131683
2021-12-29,601608.SH,pca,3,cn_a,INDUSTRY_C35,-0.661802575056269,-0.47678629680025475,-0.661802575056269,0.3880486786365509,1,volatility_factor,0.529003918170929,momentum_factor,0.28202304244041443,quality_factor,0.1149337887763977
2021-12-29,688012.SH,pca,3,cn_a,INDUSTRY_C35,-0.6645675362305971,-0.47877827393783573,-0.6645675362305971,0.3880486786365509,1,momentum_factor,0.4269387125968933,volatility_factor,0.24324922263622284,value_factor,0.20503540337085724
2021-12-29,300529.SZ,pca,3,cn_a,INDUSTRY_C35,-0.7079498571008095,-0.5100324528937734,-0.7079498571008095,0.3880486786365509,1,volatility_factor,0.44949597120285034,quality_factor,0.2869012951850891,value_factor,0.2192676067352295
2021-12-29,300757.SZ,pca,3,cn_a,INDUSTRY_C35,-0.7391916354586023,-0.5325401498567233,-0.7391916354586023,0.3880486786365509,0,quality_factor,0.33097246289253235,volatility_factor,0.28615251183509827,value_factor,0.26280567049980164
2021-12-29,603338.SH,pca,3,cn_a,INDUSTRY_C35,-0.7924641701220271,-0.5709195933352832,-0.7924641701220271,0.3880486786365509,0,momentum_factor,0.38694748282432556,value_factor,0.23595011234283447,quality_factor,0.21943879127502441
2021-12-29,300724.SZ,pca,3,cn_a,INDUSTRY_C35,-0.9312438616391381,-0.6709014575398751,-0.9312438616391381,0.3880486786365509,1,momentum_factor,0.32159510254859924,volatility_factor,0.29636648297309875,quality_factor,0.19595137238502502
2021-12-29,688037.SH,pca,3,cn_a,INDUSTRY_C35,-0.9682711310177669,-0.6975772296100591,-0.9682711310177669,0.3880486786365509,0,momentum_factor,0.39154091477394104,value_factor,0.25412657856941223,quality_factor,0.19345712661743164
2021-12-29,300450.SZ,pca,3,cn_a,INDUSTRY_C35,-1.0284905752388651,-0.7409614757398142,-1.0284905752388651,0.3880486786365509,0,momentum_factor,0.30733272433280945,value_factor,0.26917994022369385,quality_factor,0.2656398415565491
2021-12-29,300751.SZ,pca,3,cn_a,INDUSTRY_C35,-1.0325746585622297,-0.7439037957563314,-1.0325746585622297,0.3880486786365509,0,momentum_factor,0.35239750146865845,value_factor,0.30841460824012756,quality_factor,0.28612422943115234
2021-12-29,002837.SZ,pca,3,cn_a,INDUSTRY_C35,-1.0742772686477944,-0.7739478508552569,-1.0742772686477944,0.3880486786365509,0,volatility_factor,0.3231464922428131,momentum_factor,0.28941768407821655,quality_factor,0.20285186171531677
2021-12-29,688617.SH,pca,3,cn_a,INDUSTRY_C35,-1.0918847065727924,-0.7866328802595115,-1.0918847065727924,0.3880486786365509,1,momentum_factor,0.5156012177467346,value_factor,0.2538091540336609,quality_factor,0.20425914227962494
2021-12-29,300604.SZ,pca,3,cn_a,INDUSTRY_C35,-1.1267504976183376,-0.8117514458622572,-1.1267504976183376,0.3880486786365509,0,volatility_factor,0.318869411945343,quality_factor,0.3066806197166443,value_factor,0.2622676491737366
2021-12-29,688301.SH,pca,3,cn_a,INDUSTRY_C35,-1.1672692277310612,-0.8409425913936144,-1.1672692277310612,0.3880486786365509,0,volatility_factor,0.29017892479896545,momentum_factor,0.2548474669456482,quality_factor,0.23744554817676544
2021-12-30,002432.SZ,pca,3,cn_a,INDUSTRY_C35,2.0426239642865975,1.6241380487208348,2.0426239642865975,0.2576664686203003,1,volatility_factor,0.41836273670196533,momentum_factor,0.31639063358306885,quality_factor,0.1477150171995163
2021-12-30,600528.SH,pca,3,cn_a,INDUSTRY_C35,1.3300750582999374,1.0575737617931975,1.3300750582999374,0.2576664686203003,0,quality_factor,0.421978622674942,value_factor,0.41934511065483093,volatility_factor,0.15160608291625977
2021-12-30,600582.SH,pca,3,cn_a,INDUSTRY_C35,1.0478812128924733,0.833194840633727,1.0478812128924733,0.2576664686203003,0,quality_factor,0.3861407935619354,value_factor,0.383708119392395,volatility_factor,0.18413911759853363
2021-12-30,601717.SH,pca,3,cn_a,INDUSTRY_C35,0.587822866141551,0.467391697885061,0.587822866141551,0.2576664686203003,0,quality_factor,0.36436566710472107,value_factor,0.33030563592910767,momentum_factor,0.21235787868499756
2021-12-30,600031.SH,pca,3,cn_a,INDUSTRY_C35,0.3879801351583493,0.30849207229320164,0.3879801351583493,0.2576664686203003,0,quality_factor,0.3882725238800049,value_factor,0.3881406784057617,volatility_factor,0.20189432799816132
2021-12-30,002008.SZ,pca,3,cn_a,INDUSTRY_C35,0.2742662995772739,0.21807554420859504,0.2742662995772739,0.2576664686203003,2,momentum_factor,0.39497536420822144,volatility_factor,0.30455493927001953,quality_factor,0.15430374443531036
2021-12-30,688425.SH,pca,3,cn_a,INDUSTRY_C35,0.17530490569184434,0.13938902727060803,0.17530490569184434,0.2576664686203003,0,volatility_factor,0.31987717747688293,value_factor,0.29895707964897156,quality_factor,0.2844563126564026
2021-12-30,601399.SH,pca,3,cn_a,INDUSTRY_C35,-0.08830536803587309,-0.07021366176101272,-0.08830536803587309,0.2576664686203003,2,volatility_factor,0.49716049432754517,momentum_factor,0.3895810842514038,quality_factor,0.1083153709769249
2021-12-30,002223.SZ,pca,3,cn_a,INDUSTRY_C35,-0.0903179223610993,-0.07181389073700988,-0.0903179223610993,0.2576664686203003,2,volatility_factor,0.6718183159828186,momentum_factor,0.18645483255386353,value_factor,0.12185200303792953
2021-12-30,002353.SZ,pca,3,cn_a,INDUSTRY_C35,-0.15049754411928704,-0.11966411435329716,-0.15049754411928704,0.2576664686203003,0,volatility_factor,0.6604241728782654,value_factor,0.20327813923358917,quality_factor,0.12368710339069366
2021-12-30,300003.SZ,pca,3,cn_a,INDUSTRY_C35,-0.20759463150204324,-0.16506334285097152,-0.20759463150204324,0.2576664686203003,0,volatility_factor,0.7321933507919312,value_factor,0.1580856740474701,quality_factor,0.06125464290380478
2021-12-30,002595.SZ,pca,3,cn_a,INDUSTRY_C35,-0.20788744147344396,-0.16529616290199978,-0.20788744147344396,0.2576664686203003,0,volatility_factor,0.43963170051574707,momentum_factor,0.25654518604278564,value_factor,0.16032329201698303
2021-12-30,002430.SZ,pca,3,cn_a,INDUSTRY_C35,-0.23966982960537053,-0.1905670824382365,-0.23966982960537053,0.2576664686203003,0,volatility_factor,0.5349814295768738,momentum_factor,0.2865484356880188,value_factor,0.1030493974685669
2021-12-30,601106.SH,pca,3,cn_a,INDUSTRY_C35,-0.4509678265753274,-0.3585750577178489,-0.4509678265753274,0.2576664686203003,1,volatility_factor,0.6972870826721191,momentum_factor,0.138627290725708,quality_factor,0.12195473164319992
2021-12-30,600499.SH,pca,3,cn_a,INDUSTRY_C35,-0.47675675247461574,-0.37908043536982655,-0.47675675247461574,0.2576664686203003,0,quality_factor,0.3501295745372772,value_factor,0.3186153769493103,volatility_factor,0.22760461270809174
2021-12-30,603338.SH,pca,3,cn_a,INDUSTRY_C35,-0.4971273151625047,-0.39527754580900054,-0.4971273151625047,0.2576664686203003,0,quality_factor,0.35067152976989746,value_factor,0.3490549921989441,momentum_factor,0.20441576838493347
2021-12-30,300757.SZ,pca,3,cn_a,INDUSTRY_C35,-0.5106960884719297,-0.4060663945602202,-0.5106960884719297,0.2576664686203003,0,quality_factor,0.3571455180644989,value_factor,0.2976287603378296,momentum_factor,0.1793113350868225
2021-12-30,300529.SZ,pca,3,cn_a,INDUSTRY_C35,-0.5696251759283714,-0.45292228912906307,-0.5696251759283714,0.2576664686203003,1,volatility_factor,0.43110892176628113,quality_factor,0.2902057468891144,value_factor,0.21164260804653168
2021-12-30,601608.SH,pca,3,cn_a,INDUSTRY_C35,-0.6061948772580212,-0.48199971326502494,-0.6061948772580212,0.2576664686203003,1,volatility_factor,0.6008287668228149,momentum_factor,0.21277287602424622,quality_factor,0.12297269701957703
2021-12-30,688012.SH,pca,3,cn_a,INDUSTRY_C35,-0.6163857478685277,-0.49010271264107275,-0.6163857478685277,0.2576664686203003,1,momentum_factor,0.4150238633155823,value_factor,0.2308444231748581,volatility_factor,0.19380491971969604
2021-12-30,300724.SZ,pca,3,cn_a,INDUSTRY_C35,-0.7009744723174336,-0.5573611842306845,-0.7009744723174336,0.2576664686203003,1,momentum_factor,0.3373543918132782,value_factor,0.23157064616680145,quality_factor,0.22761493921279907
2021-12-30,002837.SZ,pca,3,cn_a,INDUSTRY_C35,-0.7497974030785568,-0.5961814374371515,-0.7497974030785568,0.2576664686203003,0,momentum_factor,0.2678426504135132,quality_factor,0.25407540798187256,value_factor,0.24380037188529968
2021-12-30,688617.SH,pca,3,cn_a,INDUSTRY_C35,-0.8642642095437733,-0.6871966702681501,-0.8642642095437733,0.2576664686203003,1,momentum_factor,0.45370811223983765,value_factor,0.2868725061416626,quality_factor,0.2447471022605896
2021-12-30,688037.SH,pca,3,cn_a,INDUSTRY_C35,-0.8794421948871373,-0.6992650411137327,-0.8794421948871373,0.2576664686203003,0,momentum_factor,0.3888692855834961,value_factor,0.2580837905406952,quality_factor,0.19891870021820068
2021-12-30,688301.SH,pca,3,cn_a,INDUSTRY_C35,-0.904977815585794,-0.7195690098811199,-0.904977815585794,0.2576664686203003,0,quality_factor,0.28211918473243713,value_factor,0.2586928904056549,volatility_factor,0.25691860914230347
2021-12-30,300450.SZ,pca,3,cn_a,INDUSTRY_C35,-0.910175078908266,-0.7237014754052851,-0.910175078908266,0.2576664686203003,0,momentum_factor,0.29619958996772766,value_factor,0.27706754207611084,quality_factor,0.274465411901474
2021-12-30,300604.SZ,pca,3,cn_a,INDUSTRY_C35,-0.9549284777308872,-0.7592859486652879,-0.9549284777308872,0.2576664686203003,0,volatility_factor,0.3543749153614044,quality_factor,0.3352539539337158,value_factor,0.2754458785057068
2021-12-30,300751.SZ,pca,3,cn_a,INDUSTRY_C35,-0.9621757646718293,-0.76504843587614,-0.9621757646718293,0.2576664686203003,0,momentum_factor,0.3195384442806244,value_factor,0.2953842580318451,quality_factor,0.28365346789360046
2021-12-31,002432.SZ,pca,3,cn_a,INDUSTRY_C35,2.646485770969127,1.6319798965309174,2.646485770969127,0.6216411590576172,1,volatility_factor,0.41599270701408386,momentum_factor,0.3151770532131195,quality_factor,0.14945751428604126
2021-12-31,600528.SH,pca,3,cn_a,INDUSTRY_C35,1.7186100218669687,1.0597967449628023,1.7186100218669687,0.6216411590576172,0,quality_factor,0.422992467880249,value_factor,0.4200249910354614,volatility_factor,0.14835186302661896
2021-12-31,600582.SH,pca,3,cn_a,INDUSTRY_C35,1.477414310984591,0.9110611818974547,1.477414310984591,0.6216411590576172,0,quality_factor,0.4129669964313507,value_factor,0.4117376506328583,volatility_factor,0.1698649823665619
2021-12-31,601717.SH,pca,3,cn_a,INDUSTRY_C35,0.933893887113206,0.5758942919627908,0.933893887113206,0.6216411590576172,0,quality_factor,0.4253537654876709,value_factor,0.37687942385673523,momentum_factor,0.19538412988185883
2021-12-31,600031.SH,pca,3,cn_a,INDUSTRY_C35,0.41392550610248685,0.2552509868108127,0.41392550610248685,0.6216411590576172,0,value_factor,0.34969452023506165,quality_factor,0.3494877517223358,volatility_factor,0.22829480469226837
2021-12-31,688425.SH,pca,3,cn_a,INDUSTRY_C35,0.25373654313993566,0.1564689831179355,0.25373654313993566,0.6216411590576172,0,value_factor,0.30186113715171814,quality_factor,0.29473915696144104,volatility_factor,0.2876458168029785
2021-12-31,002008.SZ,pca,3,cn_a,INDUSTRY_C35,0.17524419350787082,0.10806595067537032,0.17524419350787082,0.6216411590576172,2,momentum_factor,0.4255746901035309,quality_factor,0.2018604874610901,volatility_factor,0.19854973256587982
2021-12-31,002223.SZ,pca,3,cn_a,INDUSTRY_C35,-0.012186393310393038,-0.007514852001829372,-0.012186393310393038,0.6216411590576172,2,volatility_factor,0.48486343026161194,momentum_factor,0.40827107429504395,value_factor,0.07649777084589005
2021-12-31,601399.SH,pca,3,cn_a,INDUSTRY_C35,-0.08801619101100938,-0.054275997201599244,-0.08801619101100938,0.6216411590576172,2,volatility_factor,0.48899683356285095,momentum_factor,0.3992353677749634,quality_factor,0.10866036266088486
2021-12-31,300003.SZ,pca,3,cn_a,INDUSTRY_C35,-0.08941354159262846,-0.055137686345226505,-0.08941354159262846,0.6216411590576172,0,volatility_factor,0.6271044015884399,value_factor,0.2164219319820404,quality_factor,0.1482296884059906
2021-12-31,002353.SZ,pca,3,cn_a,INDUSTRY_C35,-0.16274212952269457,-0.10035643743605321,-0.16274212952269457,0.6216411590576172,0,volatility_factor,0.5762352347373962,value_factor,0.20782247185707092,quality_factor,0.15091441571712494
2021-12-31,600499.SH,pca,3,cn_a,INDUSTRY_C35,-0.2472665785949015,-0.15247921971750847,-0.2472665785949015,0.6216411590576172,0,value_factor,0.3269546329975128,volatility_factor,0.3213998079299927,quality_factor,0.2836684286594391
2021-12-31,002430.SZ,pca,3,cn_a,INDUSTRY_C35,-0.2703343966073911,-0.1667042027747312,-0.2703343966073911,0.6216411590576172,0,volatility_factor,0.651055097579956,momentum_factor,0.1651988923549652,value_factor,0.12071793526411057
2021-12-31,002595.SZ,pca,3,cn_a,INDUSTRY_C35,-0.3200351065561299,-0.19735260465521953,-0.3200351065561299,0.6216411590576172,0,volatility_factor,0.5800837874412537,value_factor,0.16235479712486267,momentum_factor,0.14649231731891632
2021-12-31,603338.SH,pca,3,cn_a,INDUSTRY_C35,-0.4439955519302513,-0.27379395833062725,-0.4439955519302513,0.6216411590576172,0,value_factor,0.3434159755706787,quality_factor,0.3094214200973511,volatility_factor,0.1802099198102951
2021-12-31,601608.SH,pca,3,cn_a,INDUSTRY_C35,-0.5408760913348363,-0.33353623785002784,-0.5408760913348363,0.6216411590576172,1,momentum_factor,0.44028159976005554,volatility_factor,0.28447186946868896,value_factor,0.14421997964382172
2021-12-31,601106.SH,pca,3,cn_a,INDUSTRY_C35,-0.5511125474646619,-0.3398486430776889,-0.5511125474646619,0.6216411590576172,1,volatility_factor,0.5413957834243774,momentum_factor,0.27173373103141785,quality_factor,0.11425244063138962
2021-12-31,300724.SZ,pca,3,cn_a,INDUSTRY_C35,-0.5936354969819929,-0.36607081268643415,-0.5936354969819929,0.6216411590576172,1,quality_factor,0.36569350957870483,value_factor,0.36320608854293823,momentum_factor,0.18643471598625183
2021-12-31,688012.SH,pca,3,cn_a,INDUSTRY_C35,-0.6573494289129627,-0.4053605973438461,-0.6573494289129627,0.6216411590576172,1,momentum_factor,0.38840410113334656,volatility_factor,0.2944710850715637,value_factor,0.20010098814964294
2021-12-31,300529.SZ,pca,3,cn_a,INDUSTRY_C35,-0.7090421437046107,-0.4372373874110692,-0.7090421437046107,0.6216411590576172,1,volatility_factor,0.40941673517227173,quality_factor,0.30099421739578247,value_factor,0.2254045307636261
2021-12-31,688037.SH,pca,3,cn_a,INDUSTRY_C35,-0.8225837876117522,-0.507253890922317,-0.8225837876117522,0.6216411590576172,0,momentum_factor,0.3292192220687866,volatility_factor,0.29182666540145874,value_factor,0.22611549496650696
2021-12-31,300450.SZ,pca,3,cn_a,INDUSTRY_C35,-0.8519025945660603,-0.5253336040515435,-0.8519025945660603,0.6216411590576172,0,value_factor,0.31539851427078247,momentum_factor,0.2968010902404785,quality_factor,0.2759017050266266
2021-12-31,688617.SH,pca,3,cn_a,INDUSTRY_C35,-0.9699496151129078,-0.5981283896842959,-0.9699496151129078,0.6216411590576172,1,momentum_factor,0.3283505439758301,value_factor,0.32493317127227783,quality_factor,0.3041672706604004
2021-12-31,300604.SZ,pca,3,cn_a,INDUSTRY_C35,-1.0550207260926427,-0.6505882760806009,-1.0550207260926427,0.6216411590576172,0,quality_factor,0.3764406144618988,value_factor,0.3415113091468811,volatility_factor,0.2017609179019928
2021-12-31,300757.SZ,pca,3,cn_a,INDUSTRY_C35,-1.059460078847655,-0.6533258439637397,-1.059460078847655,0.6216411590576172,0,volatility_factor,0.3717755675315857,quality_factor,0.34021443128585815,value_factor,0.272134929895401
2021-12-31,688301.SH,pca,3,cn_a,INDUSTRY_C35,-1.1532129731499652,-0.7111394322404414,-1.1532129731499652,0.6216411590576172,0,quality_factor,0.27628010511398315,value_factor,0.2662949562072754,momentum_factor,0.25221025943756104
2021-12-31,002837.SZ,pca,3,cn_a,INDUSTRY_C35,-1.1775261474438814,-0.7261323757520906,-1.1775261474438814,0.6216411590576172,0,momentum_factor,0.2970556616783142,volatility_factor,0.29248425364494324,quality_factor,0.2119213193655014
2021-12-31,300751.SZ,pca,3,cn_a,INDUSTRY_C35,-1.259430493817901,-0.7766394475025491,-1.259430493817901,0.6216411590576172,0,quality_factor,0.2901299297809601,value_factor,0.2807430922985077,momentum_factor,0.24335622787475586
