trade_date,stock_code,model,rank,market_id,universe_id,total_score,stock_score,selection_signal,time_regime_score,cluster_label,top_factor_1,top_factor_1_score,top_factor_2,top_factor_2_score,top_factor_3,top_factor_3_score
2020-10-27,600707.SH,cp,3,cn_a,INDUSTRY_C39,0.26335822519511,0.26335822519511,0.26335822519511,0.0,2,quality_factor,0.41700688004493713,value_factor,0.32116204500198364,momentum_factor,0.17930889129638672
2020-10-27,002429.SZ,cp,3,cn_a,INDUSTRY_C39,0.200294964122269,0.200294964122269,0.200294964122269,0.0,2,quality_factor,0.41705334186553955,value_factor,0.32127130031585693,momentum_factor,0.1792009174823761
2020-10-27,600060.SH,cp,3,cn_a,INDUSTRY_C39,0.1939966568047854,0.1939966568047854,0.1939966568047854,0.0,2,quality_factor,0.42182794213294983,value_factor,0.33180487155914307,momentum_factor,0.16871511936187744
2020-10-27,600699.SH,cp,3,cn_a,INDUSTRY_C39,0.16405588495665274,0.16405588495665274,0.16405588495665274,0.0,2,quality_factor,0.416872501373291,value_factor,0.33298471570014954,momentum_factor,0.16892388463020325
2020-10-27,600498.SH,cp,3,cn_a,INDUSTRY_C39,0.14513536816458056,0.14513536816458056,0.14513536816458056,0.0,0,quality_factor,0.37996864318847656,value_factor,0.32762613892555237,momentum_factor,0.18294402956962585
2020-10-27,600884.SH,cp,3,cn_a,INDUSTRY_C39,0.11400058907877131,0.11400058907877131,0.11400058907877131,0.0,0,quality_factor,0.3889569044113159,value_factor,0.3321385383605957,momentum_factor,0.1767028421163559
2020-10-27,603920.SH,cp,3,cn_a,INDUSTRY_C39,0.0879521675047632,0.0879521675047632,0.0879521675047632,0.0,2,quality_factor,0.4097137153148651,value_factor,0.31744760274887085,momentum_factor,0.18441979587078094
2020-10-27,002583.SZ,cp,3,cn_a,INDUSTRY_C39,0.07623100363374852,0.07623100363374852,0.07623100363374852,0.0,1,quality_factor,0.41887131333351135,value_factor,0.307291716337204,momentum_factor,0.1910625696182251
2020-10-27,002130.SZ,cp,3,cn_a,INDUSTRY_C39,0.07201401333511892,0.07201401333511892,0.07201401333511892,0.0,0,quality_factor,0.43911534547805786,value_factor,0.3329205811023712,momentum_factor,0.16337640583515167
2020-10-27,002152.SZ,cp,3,cn_a,INDUSTRY_C39,0.06800861333689867,0.06800861333689867,0.06800861333689867,0.0,2,quality_factor,0.40101465582847595,value_factor,0.30671781301498413,momentum_factor,0.1960672289133072
2020-10-27,600601.SH,cp,3,cn_a,INDUSTRY_C39,0.051051534065820414,0.051051534065820414,0.051051534065820414,0.0,0,quality_factor,0.53721022605896,value_factor,0.2785540521144867,momentum_factor,0.1668982356786728
2020-10-27,300073.SZ,cp,3,cn_a,INDUSTRY_C39,0.05052186829889266,0.05052186829889266,0.05052186829889266,0.0,0,quality_factor,0.49813297390937805,value_factor,0.3106081783771515,momentum_factor,0.16817015409469604
2020-10-27,601231.SH,cp,3,cn_a,INDUSTRY_C39,0.036421002845807376,0.036421002845807376,0.036421002845807376,0.0,1,quality_factor,0.43140509724617004,value_factor,0.3005419671535492,momentum_factor,0.1938530057668686
2020-10-27,600363.SH,cp,3,cn_a,INDUSTRY_C39,0.031691526407666204,0.031691526407666204,0.031691526407666204,0.0,0,quality_factor,0.5005822777748108,value_factor,0.32202401757240295,momentum_factor,0.1574927419424057
2020-10-27,300735.SZ,cp,3,cn_a,INDUSTRY_C39,0.022442041767484072,0.022442041767484072,0.022442041767484072,0.0,0,quality_factor,0.3004675805568695,value_factor,0.2736121416091919,momentum_factor,0.25057452917099
2020-10-27,603228.SH,cp,3,cn_a,INDUSTRY_C39,0.022343195382746622,0.022343195382746622,0.022343195382746622,0.0,0,quality_factor,0.3691878318786621,value_factor,0.2570991814136505,momentum_factor,0.2478129118680954
2020-10-27,603290.SH,cp,3,cn_a,INDUSTRY_C39,0.017337999442257484,0.017337999442257484,0.017337999442257484,0.0,0,value_factor,0.3524097204208374,quality_factor,0.3259928226470947,momentum_factor,0.17470219731330872
2020-10-27,002414.SZ,cp,3,cn_a,INDUSTRY_C39,0.01718883728784225,0.01718883728784225,0.01718883728784225,0.0,0,value_factor,0.45757970213890076,quality_factor,0.3344839811325073,volatility_factor,0.12805578112602234
2020-10-27,600563.SH,cp,3,cn_a,INDUSTRY_C39,0.016750267888222037,0.016750267888222037,0.016750267888222037,0.0,0,quality_factor,0.5085570812225342,momentum_factor,0.2494846135377884,value_factor,0.21535749733448029
2020-10-27,300623.SZ,cp,3,cn_a,INDUSTRY_C39,0.015786226498245525,0.015786226498245525,0.015786226498245525,0.0,0,value_factor,0.38323402404785156,quality_factor,0.3428407907485962,momentum_factor,0.1432931125164032
2020-10-27,300054.SZ,cp,3,cn_a,INDUSTRY_C39,0.014187547170552229,0.014187547170552229,0.014187547170552229,0.0,0,quality_factor,0.480464905500412,value_factor,0.4182160794734955,momentum_factor,0.07779085636138916
2020-10-27,300390.SZ,cp,3,cn_a,INDUSTRY_C39,0.012552520606556011,0.012552520606556011,0.012552520606556011,0.0,0,value_factor,0.4444037079811096,quality_factor,0.3781355321407318,volatility_factor,0.09696655720472336
2020-10-27,002156.SZ,cp,3,cn_a,INDUSTRY_C39,0.01025728582823289,0.01025728582823289,0.01025728582823289,0.0,0,value_factor,0.42017945647239685,volatility_factor,0.24709638953208923,quality_factor,0.18128657341003418
2020-10-27,002185.SZ,cp,3,cn_a,INDUSTRY_C39,0.008756438005317141,0.008756438005317141,0.008756438005317141,0.0,1,value_factor,0.5500860810279846,quality_factor,0.3042290210723877,volatility_factor,0.10131675004959106
2020-10-27,002436.SZ,cp,3,cn_a,INDUSTRY_C39,0.0032146577250315306,0.0032146577250315306,0.0032146577250315306,0.0,1,value_factor,0.5407958626747131,quality_factor,0.2574300467967987,momentum_factor,0.19257177412509918
2020-10-27,002273.SZ,cp,3,cn_a,INDUSTRY_C39,0.00017582059387583754,0.00017582059387583754,0.00017582059387583754,0.0,0,quality_factor,0.40811726450920105,volatility_factor,0.22792638838291168,value_factor,0.2117067575454712
2020-10-27,300570.SZ,cp,3,cn_a,INDUSTRY_C39,-0.015006832325961762,-0.015006832325961762,-0.015006832325961762,0.0,0,quality_factor,0.4917715787887573,value_factor,0.3839174807071686,momentum_factor,0.1051681712269783
2020-10-27,002025.SZ,cp,3,cn_a,INDUSTRY_C39,-0.015847224960209072,-0.015847224960209072,-0.015847224960209072,0.0,0,value_factor,0.41682612895965576,quality_factor,0.2560001015663147,volatility_factor,0.1916048526763916
2020-10-27,300627.SZ,cp,3,cn_a,INDUSTRY_C39,-0.016952503534134536,-0.016952503534134536,-0.016952503534134536,0.0,0,quality_factor,0.45291489362716675,value_factor,0.3089757561683655,momentum_factor,0.18100130558013916
2020-10-27,300346.SZ,cp,3,cn_a,INDUSTRY_C39,-0.01922082657029814,-0.01922082657029814,-0.01922082657029814,0.0,0,quality_factor,0.5026395320892334,momentum_factor,0.24502219259738922,value_factor,0.2221129834651947
2020-10-27,600171.SH,cp,3,cn_a,INDUSTRY_C39,-0.02267333978443639,-0.02267333978443639,-0.02267333978443639,0.0,1,quality_factor,0.4420430660247803,value_factor,0.27277377247810364,momentum_factor,0.21564389765262604
2020-10-27,300037.SZ,cp,3,cn_a,INDUSTRY_C39,-0.03288892895640042,-0.03288892895640042,-0.03288892895640042,0.0,0,quality_factor,0.3883848190307617,value_factor,0.33241304755210876,momentum_factor,0.1766050159931183
2020-10-27,605358.SH,cp,3,cn_a,INDUSTRY_C39,-0.033866249225805875,-0.033866249225805875,-0.033866249225805875,0.0,0,quality_factor,0.3762459456920624,value_factor,0.3182259202003479,momentum_factor,0.19216598570346832
2020-10-27,688027.SH,cp,3,cn_a,INDUSTRY_C39,-0.03498374054336356,-0.03498374054336356,-0.03498374054336356,0.0,1,quality_factor,0.40702295303344727,value_factor,0.3067566454410553,momentum_factor,0.1945192962884903
2020-10-27,002402.SZ,cp,3,cn_a,INDUSTRY_C39,-0.036002738039681306,-0.036002738039681306,-0.036002738039681306,0.0,2,quality_factor,0.4198169410228729,value_factor,0.3372975289821625,momentum_factor,0.16438131034374237
2020-10-27,002465.SZ,cp,3,cn_a,INDUSTRY_C39,-0.046414333422305304,-0.046414333422305304,-0.046414333422305304,0.0,0,quality_factor,0.39413124322891235,value_factor,0.3081577718257904,momentum_factor,0.19653254747390747
2020-10-27,603659.SH,cp,3,cn_a,INDUSTRY_C39,-0.04926548124814839,-0.04926548124814839,-0.04926548124814839,0.0,2,quality_factor,0.40786799788475037,value_factor,0.33886948227882385,momentum_factor,0.16600652039051056
2020-10-27,002138.SZ,cp,3,cn_a,INDUSTRY_C39,-0.04931680551529448,-0.04931680551529448,-0.04931680551529448,0.0,2,quality_factor,0.4034516215324402,value_factor,0.3407331109046936,momentum_factor,0.16547688841819763
2020-10-27,300373.SZ,cp,3,cn_a,INDUSTRY_C39,-0.05039650748940358,-0.05039650748940358,-0.05039650748940358,0.0,1,quality_factor,0.4030480682849884,value_factor,0.30743059515953064,momentum_factor,0.19492681324481964
2020-10-27,603160.SH,cp,3,cn_a,INDUSTRY_C39,-0.05075757447807372,-0.05075757447807372,-0.05075757447807372,0.0,1,quality_factor,0.40791529417037964,value_factor,0.30249693989753723,momentum_factor,0.19804833829402924
2020-10-27,300679.SZ,cp,3,cn_a,INDUSTRY_C39,-0.05228126734584235,-0.05228126734584235,-0.05228126734584235,0.0,1,quality_factor,0.4213115870952606,value_factor,0.3227734863758087,momentum_factor,0.17680424451828003
2020-10-27,688100.SH,cp,3,cn_a,INDUSTRY_C39,-0.054224065101358354,-0.054224065101358354,-0.054224065101358354,0.0,2,quality_factor,0.40563225746154785,value_factor,0.3407393991947174,momentum_factor,0.16492190957069397
2020-10-27,300919.SZ,cp,3,cn_a,INDUSTRY_C39,-0.0596113482745903,-0.0596113482745903,-0.0596113482745903,0.0,2,quality_factor,0.40384435653686523,value_factor,0.32500776648521423,momentum_factor,0.17923612892627716
2020-10-27,688608.SH,cp,3,cn_a,INDUSTRY_C39,-0.0596113482745903,-0.0596113482745903,-0.0596113482745903,0.0,2,quality_factor,0.40384435653686523,value_factor,0.32500776648521423,momentum_factor,0.17923612892627716
2020-10-27,689009.SH,cp,3,cn_a,INDUSTRY_C39,-0.0596113482745903,-0.0596113482745903,-0.0596113482745903,0.0,2,quality_factor,0.40384435653686523,value_factor,0.32500776648521423,momentum_factor,0.17923612892627716
2020-10-27,688019.SH,cp,3,cn_a,INDUSTRY_C39,-0.06051569512532903,-0.06051569512532903,-0.06051569512532903,0.0,0,quality_factor,0.3887147605419159,value_factor,0.29602494835853577,momentum_factor,0.2085893750190735
2020-10-27,002281.SZ,cp,3,cn_a,INDUSTRY_C39,-0.060569464460289435,-0.060569464460289435,-0.060569464460289435,0.0,2,quality_factor,0.42345768213272095,value_factor,0.3255511224269867,momentum_factor,0.17381568253040314
2020-10-27,688008.SH,cp,3,cn_a,INDUSTRY_C39,-0.0622039673270422,-0.0622039673270422,-0.0622039673270422,0.0,1,quality_factor,0.4094213545322418,value_factor,0.2989463806152344,momentum_factor,0.20079787075519562
2020-10-27,688981.SH,cp,3,cn_a,INDUSTRY_C39,-0.06461018741928451,-0.06461018741928451,-0.06461018741928451,0.0,2,quality_factor,0.41107383370399475,value_factor,0.31808510422706604,momentum_factor,0.183515265583992
2020-10-27,600118.SH,cp,3,cn_a,INDUSTRY_C39,-0.0669295391491534,-0.0669295391491534,-0.0669295391491534,0.0,1,quality_factor,0.411223828792572,value_factor,0.3013938069343567,momentum_factor,0.19818691909313202
2020-10-27,600764.SH,cp,3,cn_a,INDUSTRY_C39,-0.06772085659290392,-0.06772085659290392,-0.06772085659290392,0.0,0,quality_factor,0.39364075660705566,value_factor,0.307991087436676,momentum_factor,0.19680295884609222
2020-10-27,603486.SH,cp,3,cn_a,INDUSTRY_C39,-0.07108857340984531,-0.07108857340984531,-0.07108857340984531,0.0,2,quality_factor,0.40129554271698,value_factor,0.3403184711933136,momentum_factor,0.1663855016231537
2020-10-27,603019.SH,cp,3,cn_a,INDUSTRY_C39,-0.07207715507644741,-0.07207715507644741,-0.07207715507644741,0.0,1,quality_factor,0.4243602752685547,value_factor,0.3122052252292633,momentum_factor,0.18534956872463226
2020-10-27,688002.SH,cp,3,cn_a,INDUSTRY_C39,-0.08791250121542957,-0.08791250121542957,-0.08791250121542957,0.0,0,quality_factor,0.38370367884635925,value_factor,0.3100965917110443,momentum_factor,0.19745109975337982
2020-10-27,300136.SZ,cp,3,cn_a,INDUSTRY_C39,-0.09248594856410566,-0.09248594856410566,-0.09248594856410566,0.0,2,quality_factor,0.4036763906478882,value_factor,0.3355737030506134,momentum_factor,0.16996701061725616
2020-10-27,002841.SZ,cp,3,cn_a,INDUSTRY_C39,-0.09363025852121862,-0.09363025852121862,-0.09363025852121862,0.0,2,quality_factor,0.41939637064933777,value_factor,0.34926947951316833,momentum_factor,0.15393689274787903
2020-10-27,300857.SZ,cp,3,cn_a,INDUSTRY_C39,-0.09548418838656669,-0.09548418838656669,-0.09548418838656669,0.0,0,quality_factor,0.38394683599472046,value_factor,0.31374216079711914,momentum_factor,0.19417716562747955
2020-10-27,603501.SH,cp,3,cn_a,INDUSTRY_C39,-0.10573106880748678,-0.10573106880748678,-0.10573106880748678,0.0,1,quality_factor,0.4119100272655487,value_factor,0.312896728515625,momentum_factor,0.18787692487239838
2020-10-27,300458.SZ,cp,3,cn_a,INDUSTRY_C39,-0.10767444355245692,-0.10767444355245692,-0.10767444355245692,0.0,2,quality_factor,0.40908846259117126,value_factor,0.321944922208786,momentum_factor,0.18061403930187225
2020-10-27,300115.SZ,cp,3,cn_a,INDUSTRY_C39,-0.11850373264685554,-0.11850373264685554,-0.11850373264685554,0.0,2,quality_factor,0.41059988737106323,value_factor,0.31556907296180725,momentum_factor,0.1858520209789276
2020-10-27,300223.SZ,cp,3,cn_a,INDUSTRY_C39,-0.12410091691870445,-0.12410091691870445,-0.12410091691870445,0.0,1,quality_factor,0.42389795184135437,value_factor,0.31610384583473206,momentum_factor,0.1820303201675415
2020-10-27,600562.SH,cp,3,cn_a,INDUSTRY_C39,-0.12831135432470925,-0.12831135432470925,-0.12831135432470925,0.0,2,quality_factor,0.41562333703041077,value_factor,0.3224296569824219,momentum_factor,0.1785404086112976
2020-10-27,300474.SZ,cp,3,cn_a,INDUSTRY_C39,-0.14570285104972663,-0.14570285104972663,-0.14570285104972663,0.0,2,quality_factor,0.40658503770828247,value_factor,0.32304447889328003,momentum_factor,0.18027573823928833
2020-10-27,600435.SH,cp,3,cn_a,INDUSTRY_C39,-0.15695091348008622,-0.15695091348008622,-0.15695091348008622,0.0,2,quality_factor,0.41108715534210205,value_factor,0.32043057680130005,momentum_factor,0.18144500255584717
2020-10-28,600707.SH,cp,3,cn_a,INDUSTRY_C39,0.21296340278728607,0.16616591215435983,0.21296340278728607,0.28163114190101624,2,quality_factor,0.40519559383392334,value_factor,0.35608962178230286,momentum_factor,0.15150438249111176
2020-10-28,002429.SZ,cp,3,cn_a,INDUSTRY_C39,0.16183313286665946,0.12627122682879852,0.16183313286665946,0.28163114190101624,2,quality_factor,0.4050781726837158,value_factor,0.3560119569301605,momentum_factor,0.1516023725271225
2020-10-28,600060.SH,cp,3,cn_a,INDUSTRY_C39,0.144244758028967,0.11254779684051491,0.144244758028967,0.28163114190101624,2,quality_factor,0.3921349346637726,value_factor,0.3473362624645233,momentum_factor,0.16250894963741302
2020-10-28,600699.SH,cp,3,cn_a,INDUSTRY_C39,0.11991254955128602,0.09356245211223617,0.11991254955128602,0.28163114190101624,2,quality_factor,0.40237900614738464,value_factor,0.35628536343574524,momentum_factor,0.1520414799451828
2020-10-28,600498.SH,cp,3,cn_a,INDUSTRY_C39,0.10591835046238171,0.08264339829339701,0.10591835046238171,0.28163114190101624,0,quality_factor,0.4841890335083008,value_factor,0.4242224395275116,momentum_factor,0.0715593472123146
2020-10-28,600884.SH,cp,3,cn_a,INDUSTRY_C39,0.08082850164405501,0.0630669003592593,0.08082850164405501,0.28163114190101624,0,quality_factor,0.46512338519096375,value_factor,0.40917277336120605,momentum_factor,0.08962557464838028
2020-10-28,603920.SH,cp,3,cn_a,INDUSTRY_C39,0.07263511008485973,0.05667395976828188,0.07263511008485973,0.28163114190101624,2,quality_factor,0.4201016128063202,value_factor,0.3679642677307129,momentum_factor,0.13728415966033936
2020-10-28,002583.SZ,cp,3,cn_a,INDUSTRY_C39,0.06872266203897272,0.05362124982003451,0.06872266203897272,0.28163114190101624,1,quality_factor,0.404864639043808,value_factor,0.35336095094680786,momentum_factor,0.1539924591779709
2020-10-28,002152.SZ,cp,3,cn_a,INDUSTRY_C39,0.06037169162526213,0.047105357427226005,0.06037169162526213,0.28163114190101624,2,quality_factor,0.4369674324989319,value_factor,0.3803360164165497,momentum_factor,0.12213215231895447
2020-10-28,600601.SH,cp,3,cn_a,INDUSTRY_C39,0.05921086497670246,0.04619961580032464,0.05921086497670246,0.28163114190101624,0,momentum_factor,0.34060120582580566,volatility_factor,0.24539685249328613,quality_factor,0.21935750544071198
2020-10-28,002130.SZ,cp,3,cn_a,INDUSTRY_C39,0.054242820415855805,0.042323270638329163,0.054242820415855805,0.28163114190101624,0,quality_factor,0.3555257022380829,value_factor,0.3166202902793884,momentum_factor,0.19880135357379913
2020-10-28,300073.SZ,cp,3,cn_a,INDUSTRY_C39,0.04838522868808569,0.037752851215396926,0.04838522868808569,0.28163114190101624,0,momentum_factor,0.2851308584213257,quality_factor,0.272626668214798,value_factor,0.24235934019088745
2020-10-28,601231.SH,cp,3,cn_a,INDUSTRY_C39,0.034896089151063174,0.0272278729984326,0.034896089151063174,0.28163114190101624,1,quality_factor,0.3854385018348694,value_factor,0.3359757363796234,momentum_factor,0.17420770227909088
2020-10-28,600363.SH,cp,3,cn_a,INDUSTRY_C39,0.028053336936614628,0.02188877647537503,0.028053336936614628,0.28163114190101624,0,momentum_factor,0.30112022161483765,quality_factor,0.25488942861557007,value_factor,0.2292865514755249
2020-10-28,600563.SH,cp,3,cn_a,INDUSTRY_C39,0.026684171097838418,0.02082047700460596,0.026684171097838418,0.28163114190101624,0,quality_factor,0.32658663392066956,value_factor,0.27911925315856934,momentum_factor,0.23914074897766113
2020-10-28,603228.SH,cp,3,cn_a,INDUSTRY_C39,0.026410298249775796,0.020606786149665532,0.026410298249775796,0.28163114190101624,0,quality_factor,0.4799366593360901,value_factor,0.4105933606624603,momentum_factor,0.08464150875806808
2020-10-28,300735.SZ,cp,3,cn_a,INDUSTRY_C39,0.02257807488076674,0.0176166719640527,0.02257807488076674,0.28163114190101624,0,quality_factor,0.49032318592071533,value_factor,0.4193296730518341,volatility_factor,0.06214684247970581
2020-10-28,603290.SH,cp,3,cn_a,INDUSTRY_C39,0.008912584576887974,0.006954095053367936,0.008912584576887974,0.28163114190101624,0,quality_factor,0.4390648603439331,value_factor,0.3861551880836487,volatility_factor,0.09291502088308334
2020-10-28,300623.SZ,cp,3,cn_a,INDUSTRY_C39,0.0051831388089897375,0.004044173678416916,0.0051831388089897375,0.28163114190101624,0,quality_factor,0.41043832898139954,value_factor,0.3714486062526703,momentum_factor,0.11086670309305191
2020-10-28,300054.SZ,cp,3,cn_a,INDUSTRY_C39,0.0033218176388020142,0.002591867197545227,0.0033218176388020142,0.28163114190101624,0,momentum_factor,0.4897880256175995,volatility_factor,0.4169531762599945,quality_factor,0.08575616031885147
2020-10-28,002273.SZ,cp,3,cn_a,INDUSTRY_C39,0.0030485292279202048,0.002378632353055306,0.0030485292279202048,0.28163114190101624,0,momentum_factor,0.41611501574516296,volatility_factor,0.3004910945892334,quality_factor,0.15645404160022736
2020-10-28,002025.SZ,cp,3,cn_a,INDUSTRY_C39,-0.0003558756682823971,-0.00027767402407986516,-0.0003558756682823971,0.28163114190101624,0,momentum_factor,0.2685559391975403,quality_factor,0.26850903034210205,value_factor,0.24371129274368286
2020-10-28,300390.SZ,cp,3,cn_a,INDUSTRY_C39,-0.00048180681896423886,-0.00037593252412175884,-0.00048180681896423886,0.28163114190101624,0,momentum_factor,0.3822193443775177,value_factor,0.2387055605649948,volatility_factor,0.23787400126457214
2020-10-28,002156.SZ,cp,3,cn_a,INDUSTRY_C39,-0.0007492343960395939,-0.000584594419538325,-0.0007492343960395939,0.28163114190101624,0,momentum_factor,0.29053938388824463,quality_factor,0.24976737797260284,volatility_factor,0.23742787539958954
2020-10-28,002414.SZ,cp,3,cn_a,INDUSTRY_C39,-0.0028841439066496157,-0.0022503697666380607,-0.0028841439066496157,0.28163114190101624,0,momentum_factor,0.43475639820098877,volatility_factor,0.3097703754901886,value_factor,0.1476232260465622
2020-10-28,300570.SZ,cp,3,cn_a,INDUSTRY_C39,-0.007058429598161438,-0.005507380034340094,-0.007058429598161438,0.28163114190101624,0,momentum_factor,0.41014859080314636,volatility_factor,0.3208569288253784,value_factor,0.14218547940254211
2020-10-28,002436.SZ,cp,3,cn_a,INDUSTRY_C39,-0.009175270683291522,-0.007159057389194347,-0.009175270683291522,0.28163114190101624,1,quality_factor,0.4437326192855835,value_factor,0.3574983477592468,momentum_factor,0.14055362343788147
2020-10-28,002185.SZ,cp,3,cn_a,INDUSTRY_C39,-0.009868787583057195,-0.007700177913828012,-0.009868787583057195,0.28163114190101624,1,quality_factor,0.33606138825416565,value_factor,0.2577953338623047,momentum_factor,0.2555454969406128
2020-10-28,300627.SZ,cp,3,cn_a,INDUSTRY_C39,-0.01566312261452653,-0.012221240937946555,-0.01566312261452653,0.28163114190101624,0,quality_factor,0.3459368646144867,value_factor,0.3039364218711853,momentum_factor,0.21239502727985382
2020-10-28,300037.SZ,cp,3,cn_a,INDUSTRY_C39,-0.02324108828938836,-0.0181339919653875,-0.02324108828938836,0.28163114190101624,0,quality_factor,0.46653637290000916,value_factor,0.41043639183044434,momentum_factor,0.08815599977970123
2020-10-28,002402.SZ,cp,3,cn_a,INDUSTRY_C39,-0.025400579004824474,-0.019818946938039428,-0.025400579004824474,0.28163114190101624,2,quality_factor,0.394466757774353,value_factor,0.35066795349121094,momentum_factor,0.15898537635803223
2020-10-28,600171.SH,cp,3,cn_a,INDUSTRY_C39,-0.026093120261205686,-0.020359306211346365,-0.026093120261205686,0.28163114190101624,1,quality_factor,0.37868696451187134,value_factor,0.32700565457344055,momentum_factor,0.18381375074386597
2020-10-28,605358.SH,cp,3,cn_a,INDUSTRY_C39,-0.026680455589025057,-0.02081757795761944,-0.026680455589025057,0.28163114190101624,0,quality_factor,0.48817726969718933,value_factor,0.4255879819393158,momentum_factor,0.06935115903615952
2020-10-28,300346.SZ,cp,3,cn_a,INDUSTRY_C39,-0.02965590106973368,-0.023139186299224283,-0.02965590106973368,0.28163114190101624,0,quality_factor,0.32928794622421265,value_factor,0.2817542254924774,momentum_factor,0.23613804578781128
2020-10-28,688027.SH,cp,3,cn_a,INDUSTRY_C39,-0.03125315011625194,-0.024385448996376458,-0.03125315011625194,0.28163114190101624,1,quality_factor,0.4260644018650055,value_factor,0.3711499273777008,momentum_factor,0.13297444581985474
2020-10-28,002138.SZ,cp,3,cn_a,INDUSTRY_C39,-0.03288806168742173,-0.025661098093637053,-0.03288806168742173,0.28163114190101624,2,quality_factor,0.43187415599823,value_factor,0.3832956552505493,momentum_factor,0.12080709636211395
2020-10-28,603659.SH,cp,3,cn_a,INDUSTRY_C39,-0.03367039495342603,-0.02627151809563218,-0.03367039495342603,0.28163114190101624,2,quality_factor,0.421476811170578,value_factor,0.3739660382270813,momentum_factor,0.13164852559566498
2020-10-28,688100.SH,cp,3,cn_a,INDUSTRY_C39,-0.03627464862681282,-0.02830350190813676,-0.03627464862681282,0.28163114190101624,2,quality_factor,0.42660558223724365,value_factor,0.37883231043815613,momentum_factor,0.1260679066181183
2020-10-28,002465.SZ,cp,3,cn_a,INDUSTRY_C39,-0.040449423308744153,-0.0315608937134083,-0.040449423308744153,0.28163114190101624,0,quality_factor,0.44979986548423767,value_factor,0.3913899064064026,momentum_factor,0.10915765911340714
2020-10-28,300679.SZ,cp,3,cn_a,INDUSTRY_C39,-0.04194549240896272,-0.032728210179195964,-0.04194549240896272,0.28163114190101624,1,quality_factor,0.3962785303592682,value_factor,0.3488774299621582,momentum_factor,0.16010682284832
2020-10-28,300373.SZ,cp,3,cn_a,INDUSTRY_C39,-0.044602380898586494,-0.03480126260788824,-0.044602380898586494,0.28163114190101624,1,quality_factor,0.4332556128501892,value_factor,0.37732112407684326,momentum_factor,0.1257242113351822
2020-10-28,300919.SZ,cp,3,cn_a,INDUSTRY_C39,-0.04592814415927178,-0.03583569696904722,-0.04592814415927178,0.28163114190101624,2,quality_factor,0.4313998818397522,value_factor,0.37901797890663147,momentum_factor,0.12469635903835297
2020-10-28,688608.SH,cp,3,cn_a,INDUSTRY_C39,-0.04592814415927178,-0.03583569696904722,-0.04592814415927178,0.28163114190101624,2,quality_factor,0.4313998818397522,value_factor,0.37901797890663147,momentum_factor,0.12469635903835297
2020-10-28,689009.SH,cp,3,cn_a,INDUSTRY_C39,-0.04592814415927178,-0.03583569696904722,-0.04592814415927178,0.28163114190101624,2,quality_factor,0.4313998818397522,value_factor,0.37901797890663147,momentum_factor,0.12469635903835297
2020-10-28,603160.SH,cp,3,cn_a,INDUSTRY_C39,-0.046808365897881093,-0.03652249501124513,-0.046808365897881093,0.28163114190101624,1,quality_factor,0.42476117610931396,value_factor,0.36939412355422974,momentum_factor,0.13485009968280792
2020-10-28,603486.SH,cp,3,cn_a,INDUSTRY_C39,-0.04744974719086308,-0.037022936430720126,-0.04744974719086308,0.28163114190101624,2,quality_factor,0.437105655670166,value_factor,0.38761141896247864,momentum_factor,0.11568577587604523
2020-10-28,002281.SZ,cp,3,cn_a,INDUSTRY_C39,-0.047618913274959505,-0.03715492923465527,-0.047618913274959505,0.28163114190101624,2,quality_factor,0.3910762667655945,value_factor,0.34505221247673035,momentum_factor,0.16478855907917023
2020-10-28,688981.SH,cp,3,cn_a,INDUSTRY_C39,-0.05317430718418627,-0.041489557082546466,-0.05317430718418627,0.28163114190101624,2,quality_factor,0.4173766076564789,value_factor,0.36578336358070374,momentum_factor,0.13989269733428955
2020-10-28,688019.SH,cp,3,cn_a,INDUSTRY_C39,-0.057234590813536816,-0.04465761658970197,-0.057234590813536816,0.28163114190101624,0,quality_factor,0.45786774158477783,value_factor,0.3963490128517151,momentum_factor,0.10275472700595856
2020-10-28,002841.SZ,cp,3,cn_a,INDUSTRY_C39,-0.05866279048769989,-0.04577197754792213,-0.05866279048769989,0.28163114190101624,2,quality_factor,0.39050889015197754,value_factor,0.3508255183696747,momentum_factor,0.15984371304512024
2020-10-28,688008.SH,cp,3,cn_a,INDUSTRY_C39,-0.0589057381673327,-0.045961538863451515,-0.0589057381673327,0.28163114190101624,1,quality_factor,0.42244112491607666,value_factor,0.36692193150520325,momentum_factor,0.13761332631111145
2020-10-28,600764.SH,cp,3,cn_a,INDUSTRY_C39,-0.05905915188430401,-0.046081240792909275,-0.05905915188430401,0.28163114190101624,0,quality_factor,0.45069947838783264,value_factor,0.39212098717689514,momentum_factor,0.10828667879104614
2020-10-28,600118.SH,cp,3,cn_a,INDUSTRY_C39,-0.06242442838603927,-0.04870701701663449,-0.06242442838603927,0.28163114190101624,1,quality_factor,0.4191281497478485,value_factor,0.364484041929245,momentum_factor,0.1405964195728302
2020-10-28,603019.SH,cp,3,cn_a,INDUSTRY_C39,-0.06304295457807983,-0.04918962561297835,-0.06304295457807983,0.28163114190101624,1,quality_factor,0.39379653334617615,value_factor,0.3448311686515808,momentum_factor,0.16429799795150757
2020-10-28,300136.SZ,cp,3,cn_a,INDUSTRY_C39,-0.06482836697623341,-0.05058270384063618,-0.06482836697623341,0.28163114190101624,2,quality_factor,0.4314819574356079,value_factor,0.38156557083129883,momentum_factor,0.12243063747882843
2020-10-28,688002.SH,cp,3,cn_a,INDUSTRY_C39,-0.07459413950452773,-0.058202503669233255,-0.07459413950452773,0.28163114190101624,0,quality_factor,0.47010886669158936,value_factor,0.4088435769081116,momentum_factor,0.08865963667631149
2020-10-28,300857.SZ,cp,3,cn_a,INDUSTRY_C39,-0.07875718720623569,-0.06145074543116341,-0.07875718720623569,0.28163114190101624,0,quality_factor,0.4706546366214752,value_factor,0.40994852781295776,momentum_factor,0.08754837512969971
2020-10-28,300458.SZ,cp,3,cn_a,INDUSTRY_C39,-0.08567855225847501,-0.06685118007019575,-0.08567855225847501,0.28163114190101624,2,quality_factor,0.4208292067050934,value_factor,0.3694513738155365,momentum_factor,0.1357903629541397
2020-10-28,603501.SH,cp,3,cn_a,INDUSTRY_C39,-0.09070392610685712,-0.07077225673643942,-0.09070392610685712,0.28163114190101624,1,quality_factor,0.4164941608905792,value_factor,0.3640994429588318,momentum_factor,0.14159898459911346
2020-10-28,300115.SZ,cp,3,cn_a,INDUSTRY_C39,-0.09943028339489704,-0.07758104688335646,-0.09943028339489704,0.28163114190101624,2,quality_factor,0.41861820220947266,value_factor,0.36636611819267273,momentum_factor,0.13906630873680115
2020-10-28,600562.SH,cp,3,cn_a,INDUSTRY_C39,-0.10251634954132804,-0.07998896763161101,-0.10251634954132804,0.28163114190101624,2,quality_factor,0.40764403343200684,value_factor,0.3584102690219879,momentum_factor,0.14884236454963684
2020-10-28,300223.SZ,cp,3,cn_a,INDUSTRY_C39,-0.10531440392810906,-0.08217216555835231,-0.10531440392810906,0.28163114190101624,1,quality_factor,0.3934299051761627,value_factor,0.345202773809433,momentum_factor,0.16406288743019104
2020-10-28,300474.SZ,cp,3,cn_a,INDUSTRY_C39,-0.11452824119434143,-0.0893613147443022,-0.11452824119434143,0.28163114190101624,2,quality_factor,0.42581671476364136,value_factor,0.3738887310028076,momentum_factor,0.1306232511997223
2020-10-28,600435.SH,cp,3,cn_a,INDUSTRY_C39,-0.12675712288983731,-0.098902969577783,-0.12675712288983731,0.28163114190101624,2,quality_factor,0.4170241951942444,value_factor,0.36593666672706604,momentum_factor,0.13984636962413788
2020-10-29,600707.SH,cp,3,cn_a,INDUSTRY_C39,0.32575871633839937,0.24577955875325588,0.32575871633839937,0.3254101276397705,2,quality_factor,0.3922821879386902,value_factor,0.3773769736289978,momentum_factor,0.13599811494350433
2020-10-29,002429.SZ,cp,3,cn_a,INDUSTRY_C39,0.2473596047315614,0.1866287268922926,0.2473596047315614,0.3254101276397705,2,quality_factor,0.39193499088287354,value_factor,0.3771292567253113,momentum_factor,0.13630390167236328
2020-10-29,600060.SH,cp,3,cn_a,INDUSTRY_C39,0.20277346547912972,0.1529892229209229,0.20277346547912972,0.3254101276397705,2,quality_factor,0.35031306743621826,value_factor,0.3474329113960266,momentum_factor,0.17296066880226135
2020-10-29,600699.SH,cp,3,cn_a,INDUSTRY_C39,0.16889125867056629,0.12742565878179918,0.16889125867056629,0.3254101276397705,2,quality_factor,0.3827283978462219,value_factor,0.37056586146354675,momentum_factor,0.14440755546092987
2020-10-29,600498.SH,cp,3,cn_a,INDUSTRY_C39,0.1684191292788684,0.1270694449715587,0.1684191292788684,0.3254101276397705,0,quality_factor,0.47291529178619385,value_factor,0.41261324286460876,volatility_factor,0.06919963657855988
2020-10-29,600884.SH,cp,3,cn_a,INDUSTRY_C39,0.12223306436907072,0.09222282357743693,0.12223306436907072,0.3254101276397705,0,quality_factor,0.4973883628845215,value_factor,0.44023165106773376,volatility_factor,0.045716628432273865
2020-10-29,603920.SH,cp,3,cn_a,INDUSTRY_C39,0.11516898823371714,0.08689309507450708,0.11516898823371714,0.3254101276397705,2,quality_factor,0.4343309998512268,value_factor,0.4073821008205414,momentum_factor,0.09896166622638702
2020-10-29,002583.SZ,cp,3,cn_a,INDUSTRY_C39,0.11271800174921835,0.08504386634644281,0.11271800174921835,0.3254101276397705,1,quality_factor,0.39190852642059326,value_factor,0.37710487842559814,momentum_factor,0.13633209466934204
2020-10-29,002152.SZ,cp,3,cn_a,INDUSTRY_C39,0.10245835176509019,0.07730313027526303,0.10245835176509019,0.3254101276397705,2,quality_factor,0.476237952709198,value_factor,0.43728378415107727,momentum_factor,0.06205218285322189
2020-10-29,600601.SH,cp,3,cn_a,INDUSTRY_C39,0.08526080805239986,0.0643278682382097,0.08526080805239986,0.3254101276397705,0,momentum_factor,0.44933316111564636,volatility_factor,0.4008404612541199,quality_factor,0.12725012004375458
2020-10-29,002130.SZ,cp,3,cn_a,INDUSTRY_C39,0.0726178331551289,0.05478895297446037,0.0726178331551289,0.3254101276397705,0,momentum_factor,0.2821870744228363,value_factor,0.25894179940223694,volatility_factor,0.2325626015663147
2020-10-29,300073.SZ,cp,3,cn_a,INDUSTRY_C39,0.06776174471558753,0.05112511463621795,0.06776174471558753,0.3254101276397705,0,momentum_factor,0.4792770445346832,volatility_factor,0.420775830745697,value_factor,0.07246952503919601
2020-10-29,601231.SH,cp,3,cn_a,INDUSTRY_C39,0.0577142431938592,0.043544441067938776,0.0577142431938592,0.3254101276397705,1,value_factor,0.3399040699005127,quality_factor,0.3397817015647888,momentum_factor,0.18224893510341644
2020-10-29,603228.SH,cp,3,cn_a,INDUSTRY_C39,0.053838657406172184,0.04062037574893561,0.053838657406172184,0.3254101276397705,0,quality_factor,0.5045201778411865,value_factor,0.4482552111148834,volatility_factor,0.038891877979040146
2020-10-29,600563.SH,cp,3,cn_a,INDUSTRY_C39,0.05030760019342964,0.037956251536281155,0.05030760019342964,0.3254101276397705,0,momentum_factor,0.2979297637939453,volatility_factor,0.24742712080478668,value_factor,0.24617981910705566
2020-10-29,300735.SZ,cp,3,cn_a,INDUSTRY_C39,0.04910987474081928,0.03705258750985394,0.04910987474081928,0.3254101276397705,0,quality_factor,0.41540125012397766,value_factor,0.34770381450653076,volatility_factor,0.12438955157995224
2020-10-29,600363.SH,cp,3,cn_a,INDUSTRY_C39,0.036075484553959855,0.027218355889736125,0.036075484553959855,0.3254101276397705,0,momentum_factor,0.4731220304965973,volatility_factor,0.42008164525032043,quality_factor,0.1022755429148674
2020-10-29,603290.SH,cp,3,cn_a,INDUSTRY_C39,0.013508856926660701,0.010192208920809027,0.013508856926660701,0.3254101276397705,0,quality_factor,0.3640514314174652,value_factor,0.28977853059768677,volatility_factor,0.17364397644996643
2020-10-29,002273.SZ,cp,3,cn_a,INDUSTRY_C39,0.00610230102335957,0.004604085102492967,0.00610230102335957,0.3254101276397705,0,momentum_factor,0.4608907699584961,volatility_factor,0.41031473875045776,quality_factor,0.11735807359218597
2020-10-29,002025.SZ,cp,3,cn_a,INDUSTRY_C39,0.00447007111737507,0.0033725946589341117,0.00447007111737507,0.3254101276397705,0,momentum_factor,0.2794131636619568,quality_factor,0.2726099491119385,volatility_factor,0.2613685131072998
2020-10-29,300623.SZ,cp,3,cn_a,INDUSTRY_C39,0.0034896451026072742,0.0026328794611079924,0.0034896451026072742,0.3254101276397705,0,quality_factor,0.32185429334640503,value_factor,0.2421809732913971,momentum_factor,0.221847802400589
2020-10-29,300570.SZ,cp,3,cn_a,INDUSTRY_C39,-0.0009049914431657033,-0.0006828010623227019,-0.0009049914431657033,0.3254101276397705,0,quality_factor,0.2846325635910034,momentum_factor,0.26537027955055237,volatility_factor,0.24986550211906433
2020-10-29,002156.SZ,cp,3,cn_a,INDUSTRY_C39,-0.0027318551897639676,-0.0020611395165877674,-0.0027318551897639676,0.3254101276397705,0,quality_factor,0.2799026668071747,momentum_factor,0.2708900272846222,volatility_factor,0.2543763518333435
2020-10-29,300054.SZ,cp,3,cn_a,INDUSTRY_C39,-0.007528928023379925,-0.005680451557124506,-0.007528928023379925,0.3254101276397705,0,quality_factor,0.3503112196922302,value_factor,0.274232417345047,momentum_factor,0.18859823048114777
2020-10-29,300390.SZ,cp,3,cn_a,INDUSTRY_C39,-0.011150550203462157,-0.008412905538392516,-0.011150550203462157,0.3254101276397705,0,momentum_factor,0.29764237999916077,volatility_factor,0.24711237847805023,value_factor,0.24639549851417542
2020-10-29,002414.SZ,cp,3,cn_a,INDUSTRY_C39,-0.018496535260257477,-0.013955329655730982,-0.018496535260257477,0.3254101276397705,0,momentum_factor,0.47887691855430603,volatility_factor,0.42073196172714233,value_factor,0.06735613942146301
2020-10-29,300627.SZ,cp,3,cn_a,INDUSTRY_C39,-0.023988874097074234,-0.01809920838600541,-0.023988874097074234,0.3254101276397705,0,momentum_factor,0.2874395251274109,value_factor,0.25468313694000244,volatility_factor,0.23752011358737946
2020-10-29,002436.SZ,cp,3,cn_a,INDUSTRY_C39,-0.027548927454554596,-0.020785209709852197,-0.027548927454554596,0.3254101276397705,1,quality_factor,0.4531225860118866,value_factor,0.42075589299201965,momentum_factor,0.08244139701128006
2020-10-29,002185.SZ,cp,3,cn_a,INDUSTRY_C39,-0.0318771386967115,-0.024050773441332343,-0.0318771386967115,0.3254101276397705,1,value_factor,0.3123754560947418,quality_factor,0.30125823616981506,momentum_factor,0.21621470153331757
2020-10-29,002402.SZ,cp,3,cn_a,INDUSTRY_C39,-0.03423146528222999,-0.02582707387575785,-0.03423146528222999,0.3254101276397705,2,quality_factor,0.35585808753967285,value_factor,0.3513939082622528,momentum_factor,0.16807293891906738
2020-10-29,300037.SZ,cp,3,cn_a,INDUSTRY_C39,-0.03512422111929087,-0.026500643375826978,-0.03512422111929087,0.3254101276397705,0,quality_factor,0.49479350447654724,value_factor,0.437303751707077,volatility_factor,0.04820617660880089
2020-10-29,002138.SZ,cp,3,cn_a,INDUSTRY_C39,-0.044721459275144426,-0.03374160068837134,-0.044721459275144426,0.3254101276397705,2,quality_factor,0.47849541902542114,value_factor,0.43891289830207825,momentum_factor,0.06004771962761879
2020-10-29,605358.SH,cp,3,cn_a,INDUSTRY_C39,-0.04501536411115883,-0.03396334702174045,-0.04501536411115883,0.3254101276397705,0,quality_factor,0.4737715721130371,value_factor,0.41357508301734924,volatility_factor,0.06838134676218033
2020-10-29,603659.SH,cp,3,cn_a,INDUSTRY_C39,-0.046069807231558166,-0.034758906900460435,-0.046069807231558166,0.3254101276397705,2,quality_factor,0.44424349069595337,value_factor,0.41446852684020996,momentum_factor,0.09021927416324615
2020-10-29,600171.SH,cp,3,cn_a,INDUSTRY_C39,-0.04674372660841039,-0.03526736791399766,-0.04674372660841039,0.3254101276397705,1,value_factor,0.3312479853630066,quality_factor,0.3276604413986206,momentum_factor,0.19293110072612762
2020-10-29,688100.SH,cp,3,cn_a,INDUSTRY_C39,-0.04904734889592664,-0.03700541279495722,-0.04904734889592664,0.3254101276397705,2,quality_factor,0.46162697672843933,value_factor,0.4268752336502075,momentum_factor,0.07490595430135727
2020-10-29,688027.SH,cp,3,cn_a,INDUSTRY_C39,-0.0524709740407994,-0.03958848129087206,-0.0524709740407994,0.3254101276397705,1,quality_factor,0.44820719957351685,value_factor,0.4172804653644562,momentum_factor,0.08674254268407822
2020-10-29,300346.SZ,cp,3,cn_a,INDUSTRY_C39,-0.05556121062821279,-0.04192001363921494,-0.05556121062821279,0.3254101276397705,0,momentum_factor,0.29334568977355957,value_factor,0.24989387392997742,volatility_factor,0.24309349060058594
2020-10-29,300679.SZ,cp,3,cn_a,INDUSTRY_C39,-0.06296472207478036,-0.04750584046532453,-0.06296472207478036,0.3254101276397705,1,quality_factor,0.3657378852367401,value_factor,0.3584352135658264,momentum_factor,0.1593785434961319
2020-10-29,603486.SH,cp,3,cn_a,INDUSTRY_C39,-0.06513521570752485,-0.04914344198011725,-0.06513521570752485,0.3254101276397705,2,quality_factor,0.4946923553943634,value_factor,0.450470894575119,momentum_factor,0.045781269669532776
2020-10-29,002465.SZ,cp,3,cn_a,INDUSTRY_C39,-0.06907101607688403,-0.05211293820417875,-0.06907101607688403,0.3254101276397705,0,quality_factor,0.5061331391334534,value_factor,0.4580378234386444,momentum_factor,0.032851699739694595
2020-10-29,002841.SZ,cp,3,cn_a,INDUSTRY_C39,-0.06937994265300154,-0.052346018191780495,-0.06937994265300154,0.3254101276397705,2,value_factor,0.33639591932296753,quality_factor,0.33482420444488525,momentum_factor,0.18658952414989471
2020-10-29,002281.SZ,cp,3,cn_a,INDUSTRY_C39,-0.06986250034424918,-0.05271009998139754,-0.06986250034424918,0.3254101276397705,2,quality_factor,0.34918609261512756,value_factor,0.34662503004074097,momentum_factor,0.17395657300949097
2020-10-29,300919.SZ,cp,3,cn_a,INDUSTRY_C39,-0.07049395442297438,-0.05318652163048337,-0.07049395442297438,0.3254101276397705,2,quality_factor,0.4681738615036011,value_factor,0.43153658509254456,momentum_factor,0.06914867460727692
2020-10-29,688608.SH,cp,3,cn_a,INDUSTRY_C39,-0.07049395442297438,-0.05318652163048337,-0.07049395442297438,0.3254101276397705,2,quality_factor,0.4681738615036011,value_factor,0.43153658509254456,momentum_factor,0.06914867460727692
2020-10-29,689009.SH,cp,3,cn_a,INDUSTRY_C39,-0.07049395442297438,-0.05318652163048337,-0.07049395442297438,0.3254101276397705,2,quality_factor,0.4681738615036011,value_factor,0.43153658509254456,momentum_factor,0.06914867460727692
2020-10-29,300373.SZ,cp,3,cn_a,INDUSTRY_C39,-0.07519173916313553,-0.05673092244815839,-0.07519173916313553,0.3254101276397705,1,quality_factor,0.4669647812843323,value_factor,0.4306664764881134,momentum_factor,0.07022006809711456
2020-10-29,603160.SH,cp,3,cn_a,INDUSTRY_C39,-0.07988097301713248,-0.060268871763776884,-0.07988097301713248,0.3254101276397705,1,quality_factor,0.44403335452079773,value_factor,0.4143006503582001,momentum_factor,0.09042016416788101
2020-10-29,688981.SH,cp,3,cn_a,INDUSTRY_C39,-0.08379275600939035,-0.06322024727440753,-0.08379275600939035,0.3254101276397705,2,quality_factor,0.4268591105937958,value_factor,0.40205031633377075,momentum_factor,0.10554290562868118
2020-10-29,300136.SZ,cp,3,cn_a,INDUSTRY_C39,-0.0922262741267981,-0.0695831970825743,-0.0922262741267981,0.3254101276397705,2,quality_factor,0.47380611300468445,value_factor,0.4355623722076416,momentum_factor,0.06418183445930481
2020-10-29,603019.SH,cp,3,cn_a,INDUSTRY_C39,-0.09996206962775864,-0.07541972672697658,-0.09996206962775864,0.3254101276397705,1,quality_factor,0.36061036586761475,value_factor,0.35477161407470703,momentum_factor,0.1638990193605423
2020-10-29,600764.SH,cp,3,cn_a,INDUSTRY_C39,-0.10100946510729207,-0.07620996927733235,-0.10100946510729207,0.3254101276397705,0,quality_factor,0.5064696073532104,value_factor,0.45793214440345764,momentum_factor,0.030846619978547096
2020-10-29,688008.SH,cp,3,cn_a,INDUSTRY_C39,-0.10167963414437736,-0.07671560072159987,-0.10167963414437736,0.3254101276397705,1,quality_factor,0.43756142258644104,value_factor,0.40968114137649536,momentum_factor,0.09612175077199936
2020-10-29,688019.SH,cp,3,cn_a,INDUSTRY_C39,-0.10327592613196748,-0.07791997660065908,-0.10327592613196748,0.3254101276397705,0,quality_factor,0.5082705616950989,value_factor,0.4573640525341034,momentum_factor,0.020119667053222656
2020-10-29,600118.SH,cp,3,cn_a,INDUSTRY_C39,-0.10640729656284675,-0.08028254375295289,-0.10640729656284675,0.3254101276397705,1,quality_factor,0.42939937114715576,value_factor,0.4038572311401367,momentum_factor,0.10331051051616669
2020-10-29,688002.SH,cp,3,cn_a,INDUSTRY_C39,-0.12874868656936395,-0.09713875266566259,-0.12874868656936395,0.3254101276397705,0,quality_factor,0.5024526119232178,value_factor,0.4459347128868103,volatility_factor,0.040866293013095856
2020-10-29,300458.SZ,cp,3,cn_a,INDUSTRY_C39,-0.13255841712055488,-0.10001313129892014,-0.13255841712055488,0.3254101276397705,2,quality_factor,0.43727216124534607,value_factor,0.4094829857349396,momentum_factor,0.09636925160884857
2020-10-29,300857.SZ,cp,3,cn_a,INDUSTRY_C39,-0.13370195626112233,-0.1008759126499302,-0.13370195626112233,0.3254101276397705,0,quality_factor,0.4998272955417633,value_factor,0.4429738521575928,volatility_factor,0.043383996933698654
2020-10-29,603501.SH,cp,3,cn_a,INDUSTRY_C39,-0.14666673517248185,-0.11065762371505282,-0.14666673517248185,0.3254101276397705,1,quality_factor,0.42375126481056213,value_factor,0.3998304009437561,momentum_factor,0.10828223079442978
2020-10-29,600562.SH,cp,3,cn_a,INDUSTRY_C39,-0.15603491882152246,-0.11772576319405546,-0.15603491882152246,0.3254101276397705,2,quality_factor,0.39939188957214355,value_factor,0.3824511766433716,momentum_factor,0.12973517179489136
2020-10-29,300115.SZ,cp,3,cn_a,INDUSTRY_C39,-0.1589788524328745,-0.11994691236891085,-0.1589788524328745,0.3254101276397705,2,quality_factor,0.42992261052131653,value_factor,0.4042354226112366,momentum_factor,0.10284540802240372
2020-10-29,300223.SZ,cp,3,cn_a,INDUSTRY_C39,-0.1636740634973281,-0.12348937139087005,-0.1636740634973281,0.3254101276397705,1,quality_factor,0.35876360535621643,value_factor,0.35345521569252014,momentum_factor,0.16552434861660004
2020-10-29,300474.SZ,cp,3,cn_a,INDUSTRY_C39,-0.17692636826962804,-0.13348801595826826,-0.17692636826962804,0.3254101276397705,2,quality_factor,0.4516749083995819,value_factor,0.41976162791252136,momentum_factor,0.0836823508143425
2020-10-29,600435.SH,cp,3,cn_a,INDUSTRY_C39,-0.19708307511548562,-0.1486959175922717,-0.19708307511548562,0.3254101276397705,2,quality_factor,0.426214337348938,value_factor,0.4015912115573883,momentum_factor,0.10610993951559067
2020-10-30,600707.SH,cp,3,cn_a,INDUSTRY_C39,0.29495969795329485,0.25303813650068296,0.29495969795329485,0.16567286849021912,2,quality_factor,0.3994852304458618,value_factor,0.3504091501235962,momentum_factor,0.1579490751028061
2020-10-30,002429.SZ,cp,3,cn_a,INDUSTRY_C39,0.2240976695815832,0.19224747346347143,0.2240976695815832,0.16567286849021912,2,quality_factor,0.3992428183555603,value_factor,0.3502361476421356,momentum_factor,0.15816262364387512
2020-10-30,600060.SH,cp,3,cn_a,INDUSTRY_C39,0.19525717295392128,0.1675059729362592,0.19525717295392128,0.16567286849021912,2,quality_factor,0.3718856871128082,value_factor,0.33058080077171326,momentum_factor,0.18237662315368652
2020-10-30,600498.SH,cp,3,cn_a,INDUSTRY_C39,0.16991865521008015,0.14576872762416815,0.16991865521008015,0.16567286849021912,0,quality_factor,0.5128945708274841,value_factor,0.4421497583389282,volatility_factor,0.02650376781821251
2020-10-30,600699.SH,cp,3,cn_a,INDUSTRY_C39,0.16575516971450743,0.14219698335382325,0.16575516971450743,0.16567286849021912,2,quality_factor,0.3938581645488739,value_factor,0.3486565947532654,momentum_factor,0.16091123223304749
2020-10-30,600884.SH,cp,3,cn_a,INDUSTRY_C39,0.1256105164759792,0.10775794535497173,0.1256105164759792,0.16567286849021912,0,quality_factor,0.5086711645126343,value_factor,0.44115039706230164,momentum_factor,0.04799192398786545
2020-10-30,603920.SH,cp,3,cn_a,INDUSTRY_C39,0.10346775640615061,0.0887622561678396,0.10346775640615061,0.16567286849021912,2,quality_factor,0.4295949637889862,value_factor,0.37405094504356384,momentum_factor,0.12952838838100433
2020-10-30,002583.SZ,cp,3,cn_a,INDUSTRY_C39,0.09479384906177751,0.08132114009052624,0.09479384906177751,0.16567286849021912,1,quality_factor,0.39855605363845825,value_factor,0.34698015451431274,momentum_factor,0.16120502352714539
2020-10-30,002152.SZ,cp,3,cn_a,INDUSTRY_C39,0.08856965032155535,0.07598156434046868,0.08856965032155535,0.16567286849021912,2,quality_factor,0.461703360080719,value_factor,0.3981665074825287,momentum_factor,0.10018666833639145
2020-10-30,002130.SZ,cp,3,cn_a,INDUSTRY_C39,0.06800555337993772,0.05834016856662888,0.06800555337993772,0.16567286849021912,0,quality_factor,0.2854989469051361,momentum_factor,0.26543572545051575,value_factor,0.2610280513763428
2020-10-30,600601.SH,cp,3,cn_a,INDUSTRY_C39,0.05133917096295461,0.044042519164814914,0.05133917096295461,0.16567286849021912,0,momentum_factor,0.43423041701316833,volatility_factor,0.3504742383956909,quality_factor,0.12487268447875977
2020-10-30,300073.SZ,cp,3,cn_a,INDUSTRY_C39,0.04927151495643983,0.04226873167302074,0.04927151495643983,0.16567286849021912,0,momentum_factor,0.5231522917747498,volatility_factor,0.4096238315105438,value_factor,0.04339836165308952
2020-10-30,601231.SH,cp,3,cn_a,INDUSTRY_C39,0.046210675461983194,0.039642918291805385,0.046210675461983194,0.16567286849021912,1,quality_factor,0.3561139404773712,value_factor,0.31136438250541687,momentum_factor,0.20328499376773834
2020-10-30,300735.SZ,cp,3,cn_a,INDUSTRY_C39,0.0429001542710697,0.03680290957601325,0.0429001542710697,0.16567286849021912,0,quality_factor,0.4472152590751648,value_factor,0.37578442692756653,volatility_factor,0.09970158338546753
2020-10-30,603228.SH,cp,3,cn_a,INDUSTRY_C39,0.0415465851206849,0.03564171834272003,0.0415465851206849,0.16567286849021912,0,quality_factor,0.5132645964622498,value_factor,0.43357059359550476,momentum_factor,0.032164622098207474
2020-10-30,600563.SH,cp,3,cn_a,INDUSTRY_C39,0.030662561022658755,0.026304601460300545,0.030662561022658755,0.16567286849021912,0,momentum_factor,0.3619460463523865,volatility_factor,0.2614007294178009,quality_factor,0.2009737491607666
2020-10-30,600363.SH,cp,3,cn_a,INDUSTRY_C39,0.027307435332068968,0.02342632772201228,0.027307435332068968,0.16567286849021912,0,momentum_factor,0.5287226438522339,volatility_factor,0.4209422469139099,quality_factor,0.04118107631802559
2020-10-30,603290.SH,cp,3,cn_a,INDUSTRY_C39,0.019102059748333053,0.016387152670627785,0.019102059748333053,0.16567286849021912,0,quality_factor,0.4169939458370209,value_factor,0.3562098741531372,volatility_factor,0.117853544652462
2020-10-30,300623.SZ,cp,3,cn_a,INDUSTRY_C39,0.01206683360138474,0.01035181792341577,0.01206683360138474,0.16567286849021912,0,quality_factor,0.40198230743408203,value_factor,0.34891238808631897,volatility_factor,0.12505941092967987
2020-10-30,002156.SZ,cp,3,cn_a,INDUSTRY_C39,0.009276459281458954,0.007958029473831774,0.009276459281458954,0.16567286849021912,0,quality_factor,0.329088032245636,value_factor,0.278018981218338,momentum_factor,0.2063751518726349
2020-10-30,002273.SZ,cp,3,cn_a,INDUSTRY_C39,0.002031557635091947,0.0017428196521234555,0.002031557635091947,0.16567286849021912,0,momentum_factor,0.35438913106918335,volatility_factor,0.2885676920413971,quality_factor,0.19463536143302917
2020-10-30,002414.SZ,cp,3,cn_a,INDUSTRY_C39,0.0016750696093305161,0.0014369979878438716,0.0016750696093305161,0.16567286849021912,0,quality_factor,0.28225114941596985,value_factor,0.2576572597026825,momentum_factor,0.2528877258300781
2020-10-30,300390.SZ,cp,3,cn_a,INDUSTRY_C39,0.001121558426232746,0.0009621553592569464,0.001121558426232746,0.16567286849021912,0,value_factor,0.29744118452072144,quality_factor,0.28993576765060425,momentum_factor,0.23601658642292023
2020-10-30,300054.SZ,cp,3,cn_a,INDUSTRY_C39,0.00037757166801129124,0.00032390876425483685,0.00037757166801129124,0.16567286849021912,0,quality_factor,0.281189501285553,momentum_factor,0.26653093099594116,volatility_factor,0.24473652243614197
2020-10-30,300570.SZ,cp,3,cn_a,INDUSTRY_C39,-0.004681848795660214,-0.004016434458172707,-0.004681848795660214,0.16567286849021912,0,momentum_factor,0.3396298289299011,volatility_factor,0.2929791510105133,quality_factor,0.21391934156417847
2020-10-30,002185.SZ,cp,3,cn_a,INDUSTRY_C39,-0.01103505071812716,-0.009466678631965382,-0.01103505071812716,0.16567286849021912,1,momentum_factor,0.3822004199028015,volatility_factor,0.25310230255126953,quality_factor,0.21641601622104645
2020-10-30,002025.SZ,cp,3,cn_a,INDUSTRY_C39,-0.011280394789801824,-0.009677152832775954,-0.011280394789801824,0.16567286849021912,0,quality_factor,0.33619803190231323,value_factor,0.28695133328437805,momentum_factor,0.1978333294391632
2020-10-30,002436.SZ,cp,3,cn_a,INDUSTRY_C39,-0.013122793561279423,-0.011257698090520483,-0.013122793561279423,0.16567286849021912,1,quality_factor,0.47427868843078613,value_factor,0.37820103764533997,momentum_factor,0.11461316794157028
2020-10-30,300627.SZ,cp,3,cn_a,INDUSTRY_C39,-0.019086367627832477,-0.016373690814798794,-0.019086367627832477,0.16567286849021912,0,momentum_factor,0.29594382643699646,quality_factor,0.2590133249759674,value_factor,0.23398147523403168
2020-10-30,600171.SH,cp,3,cn_a,INDUSTRY_C39,-0.03390531600423569,-0.029086475334461015,-0.03390531600423569,0.16567286849021912,1,quality_factor,0.3399645686149597,value_factor,0.29441359639167786,momentum_factor,0.22229184210300446
2020-10-30,300346.SZ,cp,3,cn_a,INDUSTRY_C39,-0.034317213980612854,-0.02943983173228111,-0.034317213980612854,0.16567286849021912,0,momentum_factor,0.35357168316841125,volatility_factor,0.2544451057910919,quality_factor,0.2091340571641922
2020-10-30,002402.SZ,cp,3,cn_a,INDUSTRY_C39,-0.034612960889919546,-0.029693545196615656,-0.034612960889919546,0.16567286849021912,2,quality_factor,0.3771370053291321,value_factor,0.33632588386535645,momentum_factor,0.17599068582057953
2020-10-30,300037.SZ,cp,3,cn_a,INDUSTRY_C39,-0.03621067814375662,-0.03106418464116085,-0.03621067814375662,0.16567286849021912,0,quality_factor,0.508990466594696,value_factor,0.44135668873786926,momentum_factor,0.045512855052948
2020-10-30,605358.SH,cp,3,cn_a,INDUSTRY_C39,-0.04298985462507787,-0.036879861141190386,-0.04298985462507787,0.16567286849021912,0,quality_factor,0.5139071345329285,value_factor,0.44095179438591003,volatility_factor,0.031067457050085068
2020-10-30,688027.SH,cp,3,cn_a,INDUSTRY_C39,-0.04491821549142137,-0.03853415101030215,-0.04491821549142137,0.16567286849021912,1,quality_factor,0.44112011790275574,value_factor,0.3814561665058136,momentum_factor,0.1200987696647644
2020-10-30,002138.SZ,cp,3,cn_a,INDUSTRY_C39,-0.048253329535960274,-0.041395257285848336,-0.048253329535960274,0.16567286849021912,2,quality_factor,0.4523485600948334,value_factor,0.3980455696582794,momentum_factor,0.10265015810728073
2020-10-30,603659.SH,cp,3,cn_a,INDUSTRY_C39,-0.048406018098290385,-0.041526244771749196,-0.048406018098290385,0.16567286849021912,2,quality_factor,0.43252792954444885,value_factor,0.38150885701179504,momentum_factor,0.1222171038389206
2020-10-30,688100.SH,cp,3,cn_a,INDUSTRY_C39,-0.05269744383559698,-0.045207745597231716,-0.05269744383559698,0.16567286849021912,2,quality_factor,0.44241493940353394,value_factor,0.39002999663352966,momentum_factor,0.11221668124198914
2020-10-30,300679.SZ,cp,3,cn_a,INDUSTRY_C39,-0.057096548406724616,-0.048981621251003346,-0.057096548406724616,0.16567286849021912,1,quality_factor,0.3806251287460327,value_factor,0.3354799151420593,momentum_factor,0.17585735023021698
2020-10-30,002465.SZ,cp,3,cn_a,INDUSTRY_C39,-0.06078159108641221,-0.052142922062822325,-0.06078159108641221,0.16567286849021912,0,quality_factor,0.4848765432834625,value_factor,0.4172232747077942,momentum_factor,0.07755422592163086
2020-10-30,002281.SZ,cp,3,cn_a,INDUSTRY_C39,-0.06419290475330316,-0.05506939798234296,-0.06419290475330316,0.16567286849021912,2,quality_factor,0.3693684935569763,value_factor,0.32699769735336304,momentum_factor,0.18616849184036255
2020-10-30,300373.SZ,cp,3,cn_a,INDUSTRY_C39,-0.06499163388483693,-0.05575460661394428,-0.06499163388483693,0.16567286849021912,1,quality_factor,0.45479264855384827,value_factor,0.3926727771759033,momentum_factor,0.10676917433738708
2020-10-30,300919.SZ,cp,3,cn_a,INDUSTRY_C39,-0.06698066040926781,-0.05746093994926019,-0.06698066040926781,0.16567286849021912,2,quality_factor,0.4513750672340393,value_factor,0.39327898621559143,momentum_factor,0.10709600895643234
2020-10-30,688608.SH,cp,3,cn_a,INDUSTRY_C39,-0.06698066040926781,-0.05746093994926019,-0.06698066040926781,0.16567286849021912,2,quality_factor,0.4513750672340393,value_factor,0.39327898621559143,momentum_factor,0.10709600895643234
2020-10-30,689009.SH,cp,3,cn_a,INDUSTRY_C39,-0.06698066040926781,-0.05746093994926019,-0.06698066040926781,0.16567286849021912,2,quality_factor,0.4513750672340393,value_factor,0.39327898621559143,momentum_factor,0.10709600895643234
2020-10-30,603160.SH,cp,3,cn_a,INDUSTRY_C39,-0.06704812148991775,-0.05751881302904849,-0.06704812148991775,0.16567286849021912,1,quality_factor,0.43857598304748535,value_factor,0.3786962032318115,momentum_factor,0.12317197769880295
2020-10-30,603486.SH,cp,3,cn_a,INDUSTRY_C39,-0.07028900926098543,-0.06029908507261652,-0.07028900926098543,0.16567286849021912,2,quality_factor,0.4620192050933838,value_factor,0.4057314693927765,momentum_factor,0.09344036132097244
2020-10-30,688981.SH,cp,3,cn_a,INDUSTRY_C39,-0.07536145344323923,-0.06465060099932618,-0.07536145344323923,0.16567286849021912,2,quality_factor,0.42421507835388184,value_factor,0.36981600522994995,momentum_factor,0.1346159130334854
2020-10-30,002841.SZ,cp,3,cn_a,INDUSTRY_C39,-0.07970084732191789,-0.0683732524266991,-0.07970084732191789,0.16567286849021912,2,quality_factor,0.36901360750198364,value_factor,0.33363839983940125,momentum_factor,0.18040569126605988
2020-10-30,688008.SH,cp,3,cn_a,INDUSTRY_C39,-0.08394325880085,-0.07201270521413744,-0.08394325880085,0.16567286849021912,1,quality_factor,0.43403443694114685,value_factor,0.3744564354419708,momentum_factor,0.1280525028705597
2020-10-30,603019.SH,cp,3,cn_a,INDUSTRY_C39,-0.08514735776130453,-0.0730456699182309,-0.08514735776130453,0.16567286849021912,1,quality_factor,0.3749848008155823,value_factor,0.3287363052368164,momentum_factor,0.1832212656736374
2020-10-30,688019.SH,cp,3,cn_a,INDUSTRY_C39,-0.08706340935224847,-0.07468939998500225,-0.08706340935224847,0.16567286849021912,0,quality_factor,0.49896934628486633,value_factor,0.42683395743370056,momentum_factor,0.06553405523300171
2020-10-30,600118.SH,cp,3,cn_a,INDUSTRY_C39,-0.08843442540867816,-0.07586555845830803,-0.08843442540867816,0.16567286849021912,1,quality_factor,0.4275286793708801,value_factor,0.36954471468925476,momentum_factor,0.1340201050043106
2020-10-30,600764.SH,cp,3,cn_a,INDUSTRY_C39,-0.08888793483973913,-0.07625461222435617,-0.08888793483973913,0.16567286849021912,0,quality_factor,0.4864610433578491,value_factor,0.41848230361938477,momentum_factor,0.07604549825191498
2020-10-30,300136.SZ,cp,3,cn_a,INDUSTRY_C39,-0.09487054167549969,-0.08138693265877975,-0.09487054167549969,0.16567286849021912,2,quality_factor,0.4515846073627472,value_factor,0.3959983289241791,momentum_factor,0.10464674234390259
2020-10-30,688002.SH,cp,3,cn_a,INDUSTRY_C39,-0.11628436586017367,-0.0997572869974974,-0.11628436586017367,0.16567286849021912,0,quality_factor,0.5103695392608643,value_factor,0.4378281235694885,momentum_factor,0.04311695322394371
2020-10-30,300458.SZ,cp,3,cn_a,INDUSTRY_C39,-0.12236379390926098,-0.10497266779428213,-0.12236379390926098,0.16567286849021912,2,quality_factor,0.43106797337532043,value_factor,0.376167356967926,momentum_factor,0.12729215621948242
2020-10-30,300857.SZ,cp,3,cn_a,INDUSTRY_C39,-0.12299027982880223,-0.10551011352237524,-0.12299027982880223,0.16567286849021912,0,quality_factor,0.5104108452796936,value_factor,0.43843698501586914,momentum_factor,0.04170164838433266
2020-10-30,603501.SH,cp,3,cn_a,INDUSTRY_C39,-0.1281659624982227,-0.10995019502122602,-0.1281659624982227,0.16567286849021912,1,quality_factor,0.42239952087402344,value_factor,0.3673418164253235,momentum_factor,0.1372537463903427
2020-10-30,300115.SZ,cp,3,cn_a,INDUSTRY_C39,-0.14116634435801162,-0.12110287934530325,-0.14116634435801162,0.16567286849021912,2,quality_factor,0.42664965987205505,value_factor,0.37129536271095276,momentum_factor,0.13269886374473572
2020-10-30,300223.SZ,cp,3,cn_a,INDUSTRY_C39,-0.142273556899354,-0.12205272774871403,-0.142273556899354,0.16567286849021912,1,quality_factor,0.3742753565311432,value_factor,0.3289218842983246,momentum_factor,0.1832365244626999
2020-10-30,600562.SH,cp,3,cn_a,INDUSTRY_C39,-0.14272584153668139,-0.12244073079655868,-0.14272584153668139,0.16567286849021912,2,quality_factor,0.4045811891555786,value_factor,0.35481202602386475,momentum_factor,0.1527850478887558
2020-10-30,300474.SZ,cp,3,cn_a,INDUSTRY_C39,-0.16518144428315265,-0.1417047994554113,-0.16518144428315265,0.16567286849021912,2,quality_factor,0.44075247645378113,value_factor,0.384248286485672,momentum_factor,0.1177307665348053
2020-10-30,600435.SH,cp,3,cn_a,INDUSTRY_C39,-0.17963539022500916,-0.15410445802431894,-0.17963539022500916,0.16567286849021912,2,quality_factor,0.4235421419143677,value_factor,0.3697502613067627,momentum_factor,0.13484342396259308
2020-11-02,600707.SH,cp,3,cn_a,INDUSTRY_C39,0.2642989244394216,0.1321494622197108,0.2642989244394216,1.0,2,value_factor,0.5555393099784851,quality_factor,0.29780492186546326,volatility_factor,0.12593115866184235
2020-11-02,002429.SZ,cp,3,cn_a,INDUSTRY_C39,0.19960773853267355,0.09980386926633678,0.19960773853267355,1.0,2,value_factor,0.5561304092407227,quality_factor,0.29601502418518066,volatility_factor,0.12764893472194672
2020-11-02,600601.SH,cp,3,cn_a,INDUSTRY_C39,0.15661068046632232,0.07830534023316116,0.15661068046632232,1.0,0,volatility_factor,0.3393247723579407,momentum_factor,0.314736932516098,quality_factor,0.26211777329444885
2020-11-02,002583.SZ,cp,3,cn_a,INDUSTRY_C39,0.14417931837628606,0.07208965918814303,0.14417931837628606,1.0,1,value_factor,0.5103005766868591,quality_factor,0.3450873792171478,volatility_factor,0.11386386305093765
2020-11-02,002152.SZ,cp,3,cn_a,INDUSTRY_C39,0.13132995590487662,0.06566497795243831,0.13132995590487662,1.0,2,value_factor,0.4341810941696167,quality_factor,0.3911389708518982,momentum_factor,0.11200008541345596
2020-11-02,600563.SH,cp,3,cn_a,INDUSTRY_C39,0.13002733325649973,0.06501366662824987,0.13002733325649973,1.0,0,volatility_factor,0.3239227533340454,momentum_factor,0.29445570707321167,value_factor,0.2809344232082367
2020-11-02,603228.SH,cp,3,cn_a,INDUSTRY_C39,0.11424904237466055,0.057124521187330274,0.11424904237466055,1.0,0,quality_factor,0.4091311991214752,value_factor,0.3948572278022766,momentum_factor,0.10608565807342529
2020-11-02,603920.SH,cp,3,cn_a,INDUSTRY_C39,0.10929109359390143,0.05464554679695072,0.10929109359390143,1.0,2,value_factor,0.5021695494651794,quality_factor,0.3792520761489868,momentum_factor,0.10525674372911453
2020-11-02,300735.SZ,cp,3,cn_a,INDUSTRY_C39,0.09128462601602622,0.04564231300801311,0.09128462601602622,1.0,0,quality_factor,0.35587504506111145,value_factor,0.29282480478286743,momentum_factor,0.1789722889661789
2020-11-02,600498.SH,cp,3,cn_a,INDUSTRY_C39,0.086483648791291,0.0432418243956455,0.086483648791291,1.0,0,quality_factor,0.3065519630908966,value_factor,0.27290740609169006,momentum_factor,0.22756721079349518
2020-11-02,601231.SH,cp,3,cn_a,INDUSTRY_C39,0.08454859552694183,0.042274297763470914,0.08454859552694183,1.0,1,value_factor,0.4102502465248108,volatility_factor,0.22333592176437378,quality_factor,0.21462567150592804
2020-11-02,300073.SZ,cp,3,cn_a,INDUSTRY_C39,0.08415683402549612,0.04207841701274806,0.08415683402549612,1.0,0,volatility_factor,0.33791810274124146,momentum_factor,0.3031751811504364,quality_factor,0.27526500821113586
2020-11-02,002025.SZ,cp,3,cn_a,INDUSTRY_C39,0.0807364524104679,0.04036822620523395,0.0807364524104679,1.0,0,momentum_factor,0.37753456830978394,volatility_factor,0.37381529808044434,quality_factor,0.20152606070041656
2020-11-02,002841.SZ,cp,3,cn_a,INDUSTRY_C39,0.07457504643319701,0.037287523216598506,0.07457504643319701,1.0,2,quality_factor,0.5488260388374329,value_factor,0.30129310488700867,volatility_factor,0.10182676464319229
2020-11-02,600060.SH,cp,3,cn_a,INDUSTRY_C39,0.062336605379233134,0.031168302689616567,0.062336605379233134,1.0,2,volatility_factor,0.3694881796836853,value_factor,0.31859296560287476,quality_factor,0.21581920981407166
2020-11-02,300570.SZ,cp,3,cn_a,INDUSTRY_C39,0.04542601531158841,0.022713007655794204,0.04542601531158841,1.0,0,quality_factor,0.3837493062019348,value_factor,0.2811211049556732,volatility_factor,0.17779886722564697
2020-11-02,600699.SH,cp,3,cn_a,INDUSTRY_C39,0.04045847740702091,0.020229238703510455,0.04045847740702091,1.0,2,value_factor,0.5745207071304321,volatility_factor,0.2337912619113922,momentum_factor,0.14455582201480865
2020-11-02,600884.SH,cp,3,cn_a,INDUSTRY_C39,0.034822652656270936,0.017411326328135468,0.034822652656270936,1.0,0,quality_factor,0.28559404611587524,value_factor,0.2707466185092926,momentum_factor,0.24661779403686523
2020-11-02,600363.SH,cp,3,cn_a,INDUSTRY_C39,0.029612922969226796,0.014806461484613398,0.029612922969226796,1.0,0,volatility_factor,0.2999770939350128,quality_factor,0.29987022280693054,momentum_factor,0.2695445716381073
2020-11-02,002273.SZ,cp,3,cn_a,INDUSTRY_C39,0.023444677897815708,0.011722338948907854,0.023444677897815708,1.0,0,volatility_factor,0.40983179211616516,momentum_factor,0.39671942591667175,quality_factor,0.12683044373989105
2020-11-02,002130.SZ,cp,3,cn_a,INDUSTRY_C39,0.017787723304326986,0.008893861652163493,0.017787723304326986,1.0,0,quality_factor,0.3486873507499695,volatility_factor,0.32983866333961487,momentum_factor,0.2385311871767044
2020-11-02,603486.SH,cp,3,cn_a,INDUSTRY_C39,0.015663996001966163,0.007831998000983081,0.015663996001966163,1.0,2,momentum_factor,0.35613399744033813,volatility_factor,0.23717524111270905,value_factor,0.2348300963640213
2020-11-02,688100.SH,cp,3,cn_a,INDUSTRY_C39,0.013448812171947155,0.006724406085973578,0.013448812171947155,1.0,2,momentum_factor,0.42303913831710815,value_factor,0.24658489227294922,volatility_factor,0.2376738339662552
2020-11-02,002138.SZ,cp,3,cn_a,INDUSTRY_C39,0.012193784750065717,0.0060968923750328585,0.012193784750065717,1.0,2,momentum_factor,0.38725289702415466,volatility_factor,0.24065037071704865,value_factor,0.23574762046337128
2020-11-02,603659.SH,cp,3,cn_a,INDUSTRY_C39,0.00633888599651361,0.003169442998256805,0.00633888599651361,1.0,2,momentum_factor,0.40598371624946594,value_factor,0.31027528643608093,volatility_factor,0.19001105427742004
2020-11-02,002402.SZ,cp,3,cn_a,INDUSTRY_C39,0.0010807318805303168,0.0005403659402651584,0.0010807318805303168,1.0,2,quality_factor,0.5230134725570679,volatility_factor,0.3466291129589081,value_factor,0.11800158023834229
2020-11-02,300136.SZ,cp,3,cn_a,INDUSTRY_C39,-0.0076812048352932205,-0.0038406024176466103,-0.0076812048352932205,1.0,2,value_factor,0.3110419511795044,momentum_factor,0.29159441590309143,quality_factor,0.2230774313211441
2020-11-02,300037.SZ,cp,3,cn_a,INDUSTRY_C39,-0.009471280348447436,-0.004735640174223718,-0.009471280348447436,1.0,0,quality_factor,0.28469476103782654,value_factor,0.2677127420902252,momentum_factor,0.24818095564842224
2020-11-02,603290.SH,cp,3,cn_a,INDUSTRY_C39,-0.017024766992631467,-0.008512383496315733,-0.017024766992631467,1.0,0,momentum_factor,0.2901257872581482,volatility_factor,0.2774381637573242,quality_factor,0.26637735962867737
2020-11-02,300627.SZ,cp,3,cn_a,INDUSTRY_C39,-0.030138676889058635,-0.015069338444529318,-0.030138676889058635,1.0,0,volatility_factor,0.4005681574344635,momentum_factor,0.3278396427631378,quality_factor,0.1362314075231552
2020-11-02,605358.SH,cp,3,cn_a,INDUSTRY_C39,-0.04058463510141233,-0.020292317550706165,-0.04058463510141233,1.0,0,quality_factor,0.3317846953868866,value_factor,0.29919105768203735,momentum_factor,0.19862642884254456
2020-11-02,002281.SZ,cp,3,cn_a,INDUSTRY_C39,-0.043699026535953256,-0.021849513267976628,-0.043699026535953256,1.0,2,value_factor,0.4705718457698822,volatility_factor,0.36641988158226013,momentum_factor,0.14923255145549774
2020-11-02,300919.SZ,cp,3,cn_a,INDUSTRY_C39,-0.045277302634680994,-0.022638651317340497,-0.045277302634680994,1.0,2,value_factor,0.3941403329372406,quality_factor,0.3221014440059662,momentum_factor,0.18310204148292542
2020-11-02,688608.SH,cp,3,cn_a,INDUSTRY_C39,-0.045277302634680994,-0.022638651317340497,-0.045277302634680994,1.0,2,value_factor,0.3941403329372406,quality_factor,0.3221014440059662,momentum_factor,0.18310204148292542
2020-11-02,689009.SH,cp,3,cn_a,INDUSTRY_C39,-0.045277302634680994,-0.022638651317340497,-0.045277302634680994,1.0,2,value_factor,0.3941403329372406,quality_factor,0.3221014440059662,momentum_factor,0.18310204148292542
2020-11-02,300623.SZ,cp,3,cn_a,INDUSTRY_C39,-0.04670141336940875,-0.023350706684704375,-0.04670141336940875,1.0,0,momentum_factor,0.43884724378585815,volatility_factor,0.41553938388824463,quality_factor,0.14425025880336761
2020-11-02,300679.SZ,cp,3,cn_a,INDUSTRY_C39,-0.04703616071720851,-0.023518080358604254,-0.04703616071720851,1.0,1,value_factor,0.5107653141021729,volatility_factor,0.24921052157878876,quality_factor,0.16408167779445648
2020-11-02,002156.SZ,cp,3,cn_a,INDUSTRY_C39,-0.05433171613523469,-0.027165858067617343,-0.05433171613523469,1.0,0,volatility_factor,0.32990559935569763,momentum_factor,0.3293870687484741,quality_factor,0.24094577133655548
2020-11-02,688027.SH,cp,3,cn_a,INDUSTRY_C39,-0.06743430615831048,-0.03371715307915524,-0.06743430615831048,1.0,1,value_factor,0.48746445775032043,quality_factor,0.4092002511024475,momentum_factor,0.08254523575305939
2020-11-02,300054.SZ,cp,3,cn_a,INDUSTRY_C39,-0.07407593785516299,-0.037037968927581495,-0.07407593785516299,1.0,0,quality_factor,0.4193950891494751,value_factor,0.3424564301967621,volatility_factor,0.12783865630626678
2020-11-02,688981.SH,cp,3,cn_a,INDUSTRY_C39,-0.07763382695320009,-0.038816913476600046,-0.07763382695320009,1.0,2,value_factor,0.5211067199707031,quality_factor,0.37779080867767334,momentum_factor,0.09633185714483261
2020-11-02,002465.SZ,cp,3,cn_a,INDUSTRY_C39,-0.08540387606244726,-0.04270193803122363,-0.08540387606244726,1.0,0,value_factor,0.3888428509235382,quality_factor,0.3735141456127167,momentum_factor,0.1390552669763565
2020-11-02,300390.SZ,cp,3,cn_a,INDUSTRY_C39,-0.08637168991732372,-0.04318584495866186,-0.08637168991732372,1.0,0,value_factor,0.3551137447357178,quality_factor,0.30556291341781616,momentum_factor,0.1774665266275406
2020-11-02,600171.SH,cp,3,cn_a,INDUSTRY_C39,-0.09290591853289648,-0.04645295926644824,-0.09290591853289648,1.0,1,value_factor,0.3908954858779907,quality_factor,0.2417115569114685,volatility_factor,0.20537234842777252
2020-11-02,300373.SZ,cp,3,cn_a,INDUSTRY_C39,-0.09500256401335283,-0.047501282006676415,-0.09500256401335283,1.0,1,value_factor,0.4482903778553009,quality_factor,0.39456477761268616,momentum_factor,0.10539831221103668
2020-11-02,300458.SZ,cp,3,cn_a,INDUSTRY_C39,-0.10280449952121562,-0.05140224976060781,-0.10280449952121562,1.0,2,value_factor,0.47899502515792847,quality_factor,0.35049256682395935,momentum_factor,0.13652285933494568
2020-11-02,603160.SH,cp,3,cn_a,INDUSTRY_C39,-0.11167571406327703,-0.055837857031638516,-0.11167571406327703,1.0,1,value_factor,0.5038694739341736,quality_factor,0.4235970973968506,momentum_factor,0.06567560136318207
2020-11-02,002436.SZ,cp,3,cn_a,INDUSTRY_C39,-0.1117060180385179,-0.05585300901925895,-0.1117060180385179,1.0,1,value_factor,0.4654601216316223,quality_factor,0.44679316878318787,momentum_factor,0.044639959931373596
2020-11-02,603019.SH,cp,3,cn_a,INDUSTRY_C39,-0.11358133442351503,-0.05679066721175752,-0.11358133442351503,1.0,1,value_factor,0.4593234956264496,quality_factor,0.23003503680229187,volatility_factor,0.20598207414150238
2020-11-02,600562.SH,cp,3,cn_a,INDUSTRY_C39,-0.11838537860357556,-0.05919268930178778,-0.11838537860357556,1.0,2,value_factor,0.5487752556800842,quality_factor,0.3037595748901367,volatility_factor,0.09365011006593704
2020-11-02,600764.SH,cp,3,cn_a,INDUSTRY_C39,-0.12533678912553636,-0.06266839456276818,-0.12533678912553636,1.0,0,value_factor,0.38687261939048767,quality_factor,0.37312448024749756,momentum_factor,0.13989876210689545
2020-11-02,300474.SZ,cp,3,cn_a,INDUSTRY_C39,-0.12891584534735845,-0.06445792267367922,-0.12891584534735845,1.0,2,value_factor,0.4360201358795166,quality_factor,0.33797311782836914,momentum_factor,0.1584714949131012
2020-11-02,002414.SZ,cp,3,cn_a,INDUSTRY_C39,-0.1326489382542323,-0.06632446912711615,-0.1326489382542323,1.0,0,momentum_factor,0.2872532606124878,volatility_factor,0.27710530161857605,value_factor,0.270752489566803
2020-11-02,300346.SZ,cp,3,cn_a,INDUSTRY_C39,-0.14091080987803561,-0.07045540493901781,-0.14091080987803561,1.0,0,volatility_factor,0.32201701402664185,momentum_factor,0.2914763391017914,value_factor,0.2837130129337311
2020-11-02,300857.SZ,cp,3,cn_a,INDUSTRY_C39,-0.14171569868733813,-0.07085784934366907,-0.14171569868733813,1.0,0,quality_factor,0.3474600911140442,value_factor,0.33253952860832214,momentum_factor,0.1763322651386261
2020-11-02,002185.SZ,cp,3,cn_a,INDUSTRY_C39,-0.14947010596134153,-0.07473505298067076,-0.14947010596134153,1.0,1,value_factor,0.37811967730522156,quality_factor,0.3155321776866913,momentum_factor,0.1546805202960968
2020-11-02,688008.SH,cp,3,cn_a,INDUSTRY_C39,-0.1509852362481069,-0.07549261812405345,-0.1509852362481069,1.0,1,value_factor,0.5140452980995178,quality_factor,0.4288733899593353,momentum_factor,0.047021228820085526
2020-11-02,688002.SH,cp,3,cn_a,INDUSTRY_C39,-0.15100169038491373,-0.07550084519245687,-0.15100169038491373,1.0,0,quality_factor,0.3557230234146118,value_factor,0.3423612415790558,momentum_factor,0.16654707491397858
2020-11-02,600118.SH,cp,3,cn_a,INDUSTRY_C39,-0.1519472314944572,-0.0759736157472286,-0.1519472314944572,1.0,1,value_factor,0.5181628465652466,quality_factor,0.4193192720413208,momentum_factor,0.03795948997139931
2020-11-02,688019.SH,cp,3,cn_a,INDUSTRY_C39,-0.15841651108641863,-0.07920825554320932,-0.15841651108641863,1.0,0,value_factor,0.3933781385421753,quality_factor,0.38953837752342224,momentum_factor,0.12375828623771667
2020-11-02,300115.SZ,cp,3,cn_a,INDUSTRY_C39,-0.16149091892685186,-0.08074545946342593,-0.16149091892685186,1.0,2,value_factor,0.5187022089958191,quality_factor,0.3903430998325348,momentum_factor,0.08859097957611084
2020-11-02,603501.SH,cp,3,cn_a,INDUSTRY_C39,-0.1621526913755198,-0.0810763456877599,-0.1621526913755198,1.0,1,value_factor,0.5224462747573853,quality_factor,0.3909640610218048,momentum_factor,0.06295343488454819
2020-11-02,300223.SZ,cp,3,cn_a,INDUSTRY_C39,-0.16459317406896368,-0.08229658703448184,-0.16459317406896368,1.0,1,value_factor,0.46366849541664124,volatility_factor,0.22809074819087982,quality_factor,0.1997903734445572
2020-11-02,600435.SH,cp,3,cn_a,INDUSTRY_C39,-0.16501778927453503,-0.08250889463726752,-0.16501778927453503,1.0,2,value_factor,0.5220072269439697,quality_factor,0.3668997883796692,momentum_factor,0.1108003482222557
2020-11-03,600601.SH,cp,3,cn_a,INDUSTRY_C39,0.1260210416384569,0.10587670666409332,0.1260210416384569,0.19026216864585876,0,volatility_factor,0.3873084783554077,momentum_factor,0.3433302640914917,quality_factor,0.24753360450267792
2020-11-03,600563.SH,cp,3,cn_a,INDUSTRY_C39,0.09120489393156109,0.07662588465841441,0.09120489393156109,0.19026216864585876,0,value_factor,0.3272491693496704,volatility_factor,0.2874417304992676,momentum_factor,0.24320560693740845
2020-11-03,002841.SZ,cp,3,cn_a,INDUSTRY_C39,0.08507014459363535,0.07147176874519462,0.08507014459363535,0.19026216864585876,2,quality_factor,0.5306107997894287,value_factor,0.32960712909698486,momentum_factor,0.11409714072942734
2020-11-03,600707.SH,cp,3,cn_a,INDUSTRY_C39,0.08337870858036735,0.0700507070535159,0.08337870858036735,0.19026216864585876,2,value_factor,0.5781135559082031,momentum_factor,0.18303604423999786,quality_factor,0.1320018172264099
2020-11-03,002025.SZ,cp,3,cn_a,INDUSTRY_C39,0.07483257656610674,0.06287066552535284,0.07483257656610674,0.19026216864585876,0,momentum_factor,0.4147866666316986,volatility_factor,0.4122093617916107,quality_factor,0.0954071432352066
2020-11-03,002583.SZ,cp,3,cn_a,INDUSTRY_C39,0.07141513058640865,0.059999494799983566,0.07141513058640865,0.19026216864585876,1,value_factor,0.5520609617233276,quality_factor,0.29915308952331543,volatility_factor,0.10784154385328293
2020-11-03,603228.SH,cp,3,cn_a,INDUSTRY_C39,0.06460249782964839,0.054275854441042215,0.06460249782964839,0.19026216864585876,0,value_factor,0.3933258652687073,quality_factor,0.39157241582870483,momentum_factor,0.12197580188512802
2020-11-03,002429.SZ,cp,3,cn_a,INDUSTRY_C39,0.062497386066660415,0.05250724264631956,0.062497386066660415,0.19026216864585876,2,value_factor,0.5791262984275818,momentum_factor,0.1841793656349182,quality_factor,0.1278475821018219
2020-11-03,300073.SZ,cp,3,cn_a,INDUSTRY_C39,0.0605232883433226,0.050848702430633,0.0605232883433226,0.19026216864585876,0,volatility_factor,0.371933251619339,momentum_factor,0.31231921911239624,quality_factor,0.2781229019165039
2020-11-03,002152.SZ,cp,3,cn_a,INDUSTRY_C39,0.05919244419964766,0.04973059236596822,0.05919244419964766,0.19026216864585876,2,value_factor,0.4184398651123047,quality_factor,0.33654049038887024,momentum_factor,0.16419360041618347
2020-11-03,601231.SH,cp,3,cn_a,INDUSTRY_C39,0.04728795682145401,0.039729025153538655,0.04728795682145401,0.19026216864585876,1,value_factor,0.4671286940574646,volatility_factor,0.23099209368228912,quality_factor,0.19536258280277252
2020-11-03,603486.SH,cp,3,cn_a,INDUSTRY_C39,0.04318492281041028,0.03628185694438851,0.04318492281041028,0.19026216864585876,2,momentum_factor,0.5328687429428101,volatility_factor,0.3301888108253479,quality_factor,0.11845697462558746
2020-11-03,300735.SZ,cp,3,cn_a,INDUSTRY_C39,0.04065111235184837,0.034153073503340486,0.04065111235184837,0.19026216864585876,0,quality_factor,0.3376545310020447,value_factor,0.2771679162979126,momentum_factor,0.19902794063091278
2020-11-03,603920.SH,cp,3,cn_a,INDUSTRY_C39,0.038933455704471515,0.03270998251917223,0.038933455704471515,0.19026216864585876,2,value_factor,0.4759986698627472,quality_factor,0.27314338088035583,momentum_factor,0.20557063817977905
2020-11-03,300136.SZ,cp,3,cn_a,INDUSTRY_C39,0.03573290106811128,0.030021033277120357,0.03573290106811128,0.19026216864585876,2,momentum_factor,0.5185211300849915,volatility_factor,0.28849199414253235,value_factor,0.16134218871593475
2020-11-03,688100.SH,cp,3,cn_a,INDUSTRY_C39,0.032737075217018866,0.02750408713281849,0.032737075217018866,0.19026216864585876,2,momentum_factor,0.4616621732711792,volatility_factor,0.24626418948173523,quality_factor,0.24098443984985352
2020-11-03,300570.SZ,cp,3,cn_a,INDUSTRY_C39,0.030947165067042967,0.02600029229474876,0.030947165067042967,0.19026216864585876,0,quality_factor,0.3978787362575531,value_factor,0.28695833683013916,volatility_factor,0.17178639769554138
2020-11-03,002138.SZ,cp,3,cn_a,INDUSTRY_C39,0.030313088604687382,0.025467572308192632,0.030313088604687382,0.19026216864585876,2,momentum_factor,0.5010178089141846,volatility_factor,0.29138675332069397,quality_factor,0.1852225512266159
2020-11-03,603659.SH,cp,3,cn_a,INDUSTRY_C39,0.02512179097175603,0.021106098307170362,0.02512179097175603,0.19026216864585876,2,momentum_factor,0.4812816381454468,quality_factor,0.2782958447933197,volatility_factor,0.222263365983963
2020-11-03,600363.SH,cp,3,cn_a,INDUSTRY_C39,0.02243616809108809,0.01884976950485323,0.02243616809108809,0.19026216864585876,0,volatility_factor,0.32190367579460144,quality_factor,0.3062145411968231,momentum_factor,0.27164334058761597
2020-11-03,002273.SZ,cp,3,cn_a,INDUSTRY_C39,0.01879111984418999,0.01578737850255947,0.01879111984418999,0.19026216864585876,0,volatility_factor,0.4079775810241699,momentum_factor,0.3843085765838623,value_factor,0.18163855373859406
2020-11-03,002402.SZ,cp,3,cn_a,INDUSTRY_C39,0.01365738016466913,0.011474261874799607,0.01365738016466913,0.19026216864585876,2,quality_factor,0.5767536759376526,momentum_factor,0.1670309156179428,value_factor,0.1407882124185562
2020-11-03,300037.SZ,cp,3,cn_a,INDUSTRY_C39,0.01071389849974062,0.009001292751890294,0.01071389849974062,0.19026216864585876,0,momentum_factor,0.3520379066467285,volatility_factor,0.2637437880039215,value_factor,0.19679515063762665
2020-11-03,300919.SZ,cp,3,cn_a,INDUSTRY_C39,-0.004749637203706611,-0.003990412540950228,-0.004749637203706611,0.19026216864585876,2,value_factor,0.3428533971309662,momentum_factor,0.30295613408088684,quality_factor,0.2010725438594818
2020-11-03,688608.SH,cp,3,cn_a,INDUSTRY_C39,-0.004749637203706611,-0.003990412540950228,-0.004749637203706611,0.19026216864585876,2,value_factor,0.3428533971309662,momentum_factor,0.30295613408088684,quality_factor,0.2010725438594818
2020-11-03,689009.SH,cp,3,cn_a,INDUSTRY_C39,-0.004749637203706611,-0.003990412540950228,-0.004749637203706611,0.19026216864585876,2,value_factor,0.3428533971309662,momentum_factor,0.30295613408088684,quality_factor,0.2010725438594818
2020-11-03,002130.SZ,cp,3,cn_a,INDUSTRY_C39,-0.006302169500862079,-0.0052947741338661425,-0.006302169500862079,0.19026216864585876,0,quality_factor,0.425029993057251,volatility_factor,0.2978877127170563,momentum_factor,0.16331712901592255
2020-11-03,605358.SH,cp,3,cn_a,INDUSTRY_C39,-0.00800884669209843,-0.006728640716759771,-0.00800884669209843,0.19026216864585876,0,quality_factor,0.28229039907455444,value_factor,0.2646234333515167,momentum_factor,0.25108692049980164
2020-11-03,002281.SZ,cp,3,cn_a,INDUSTRY_C39,-0.009479217113475654,-0.007963973925941947,-0.009479217113475654,0.19026216864585876,2,value_factor,0.3630857765674591,volatility_factor,0.3301008641719818,quality_factor,0.27547237277030945
2020-11-03,300679.SZ,cp,3,cn_a,INDUSTRY_C39,-0.013999108246190708,-0.011761365071025709,-0.013999108246190708,0.19026216864585876,1,value_factor,0.5606929063796997,volatility_factor,0.27797365188598633,momentum_factor,0.09244105964899063
2020-11-03,300627.SZ,cp,3,cn_a,INDUSTRY_C39,-0.01758919071136998,-0.014777576515747626,-0.01758919071136998,0.19026216864585876,0,volatility_factor,0.3940106928348541,momentum_factor,0.27900639176368713,value_factor,0.17847973108291626
2020-11-03,600498.SH,cp,3,cn_a,INDUSTRY_C39,-0.02296670983316974,-0.01929550469057395,-0.02296670983316974,0.19026216864585876,0,momentum_factor,0.30027955770492554,volatility_factor,0.23934386670589447,quality_factor,0.2389860451221466
2020-11-03,600060.SH,cp,3,cn_a,INDUSTRY_C39,-0.024675468259953547,-0.02073111982563547,-0.024675468259953547,0.19026216864585876,2,quality_factor,0.5471791625022888,volatility_factor,0.2554418444633484,momentum_factor,0.12006179988384247
2020-11-03,300458.SZ,cp,3,cn_a,INDUSTRY_C39,-0.025998804975709455,-0.02184292251707709,-0.025998804975709455,0.19026216864585876,2,value_factor,0.4410652220249176,momentum_factor,0.2627888023853302,quality_factor,0.21836508810520172
2020-11-03,300474.SZ,cp,3,cn_a,INDUSTRY_C39,-0.02625393532374687,-0.022057270539193596,-0.02625393532374687,0.19026216864585876,2,value_factor,0.3926795423030853,momentum_factor,0.2786027193069458,quality_factor,0.21434825658798218
2020-11-03,603290.SH,cp,3,cn_a,INDUSTRY_C39,-0.026468483034293038,-0.02223752301703074,-0.026468483034293038,0.19026216864585876,0,momentum_factor,0.3617084324359894,volatility_factor,0.34019073843955994,quality_factor,0.20675145089626312
2020-11-03,688981.SH,cp,3,cn_a,INDUSTRY_C39,-0.027238694388516206,-0.022884616871836294,-0.027238694388516206,0.19026216864585876,2,value_factor,0.5000459551811218,quality_factor,0.2641284465789795,momentum_factor,0.20743252336978912
2020-11-03,688027.SH,cp,3,cn_a,INDUSTRY_C39,-0.03146863846955068,-0.026438408705727445,-0.03146863846955068,0.19026216864585876,1,value_factor,0.47368741035461426,quality_factor,0.3459022045135498,momentum_factor,0.14192116260528564
2020-11-03,600562.SH,cp,3,cn_a,INDUSTRY_C39,-0.03255054573946851,-0.027347374202009167,-0.03255054573946851,0.19026216864585876,2,value_factor,0.5711206793785095,momentum_factor,0.23470720648765564,quality_factor,0.1288156509399414
2020-11-03,600699.SH,cp,3,cn_a,INDUSTRY_C39,-0.03356478582823791,-0.028199489047033843,-0.03356478582823791,0.19026216864585876,2,quality_factor,0.4651694595813751,momentum_factor,0.3339257836341858,value_factor,0.12676165997982025
2020-11-03,600884.SH,cp,3,cn_a,INDUSTRY_C39,-0.03542394202203807,-0.029761461019448043,-0.03542394202203807,0.19026216864585876,0,momentum_factor,0.3508460819721222,volatility_factor,0.2610652446746826,value_factor,0.20033098757266998
2020-11-03,002465.SZ,cp,3,cn_a,INDUSTRY_C39,-0.0358139444833225,-0.030089121985067968,-0.0358139444833225,0.19026216864585876,0,value_factor,0.3695385158061981,quality_factor,0.3237268328666687,momentum_factor,0.18790452182292938
2020-11-03,300373.SZ,cp,3,cn_a,INDUSTRY_C39,-0.04280842700880121,-0.03596554361267057,-0.04280842700880121,0.19026216864585876,1,value_factor,0.43254366517066956,quality_factor,0.3362347185611725,momentum_factor,0.1608877182006836
2020-11-03,300623.SZ,cp,3,cn_a,INDUSTRY_C39,-0.04415619173643485,-0.037097869523205915,-0.04415619173643485,0.19026216864585876,0,momentum_factor,0.42768004536628723,volatility_factor,0.40008169412612915,value_factor,0.15306392312049866
2020-11-03,300857.SZ,cp,3,cn_a,INDUSTRY_C39,-0.045206384563171595,-0.037980190097702815,-0.045206384563171595,0.19026216864585876,0,value_factor,0.3045603632926941,quality_factor,0.29835817217826843,momentum_factor,0.22677583992481232
2020-11-03,600435.SH,cp,3,cn_a,INDUSTRY_C39,-0.04997225473287101,-0.041984240781588245,-0.04997225473287101,0.19026216864585876,2,value_factor,0.49110350012779236,momentum_factor,0.2378300130367279,quality_factor,0.23226559162139893
2020-11-03,300054.SZ,cp,3,cn_a,INDUSTRY_C39,-0.05150506790830619,-0.04327203533427891,-0.05150506790830619,0.19026216864585876,0,quality_factor,0.4340361952781677,value_factor,0.3561927378177643,volatility_factor,0.11586987972259521
2020-11-03,600764.SH,cp,3,cn_a,INDUSTRY_C39,-0.05258065588493586,-0.04417569166985941,-0.05258065588493586,0.19026216864585876,0,value_factor,0.3676033020019531,quality_factor,0.3239578902721405,momentum_factor,0.1881912350654602
2020-11-03,002156.SZ,cp,3,cn_a,INDUSTRY_C39,-0.053887071948341664,-0.045273278457971355,-0.053887071948341664,0.19026216864585876,0,volatility_factor,0.4058476388454437,momentum_factor,0.40263646841049194,quality_factor,0.18465664982795715
2020-11-03,603019.SH,cp,3,cn_a,INDUSTRY_C39,-0.05396425531950588,-0.04533812414597593,-0.05396425531950588,0.19026216864585876,1,value_factor,0.5585816502571106,volatility_factor,0.2348075956106186,quality_factor,0.17574574053287506
2020-11-03,603160.SH,cp,3,cn_a,INDUSTRY_C39,-0.05540902448028337,-0.04655194842995397,-0.05540902448028337,0.19026216864585876,1,value_factor,0.49350765347480774,quality_factor,0.36638420820236206,momentum_factor,0.11881337314844131
2020-11-03,688002.SH,cp,3,cn_a,INDUSTRY_C39,-0.05562151810268577,-0.04673047516354212,-0.05562151810268577,0.19026216864585876,0,value_factor,0.3185436427593231,quality_factor,0.310916006565094,momentum_factor,0.21214385330677032
2020-11-03,600171.SH,cp,3,cn_a,INDUSTRY_C39,-0.05839583192717582,-0.049061317752769174,-0.05839583192717582,0.19026216864585876,1,value_factor,0.4280758202075958,quality_factor,0.24576011300086975,volatility_factor,0.19792915880680084
2020-11-03,300115.SZ,cp,3,cn_a,INDUSTRY_C39,-0.062797696874374,-0.05275954907771352,-0.062797696874374,0.19026216864585876,2,value_factor,0.49896037578582764,quality_factor,0.2915176451206207,momentum_factor,0.18352706730365753
2020-11-03,300390.SZ,cp,3,cn_a,INDUSTRY_C39,-0.06663967174298516,-0.05598738818208916,-0.06663967174298516,0.19026216864585876,0,value_factor,0.37250709533691406,quality_factor,0.3273994028568268,momentum_factor,0.1566367894411087
2020-11-03,603501.SH,cp,3,cn_a,INDUSTRY_C39,-0.06918004701215384,-0.058121687055464055,-0.06918004701215384,0.19026216864585876,1,value_factor,0.5300649404525757,quality_factor,0.3158062994480133,momentum_factor,0.15361829102039337
2020-11-03,300223.SZ,cp,3,cn_a,INDUSTRY_C39,-0.07131903505084775,-0.05991876003777219,-0.07131903505084775,0.19026216864585876,1,value_factor,0.5925831198692322,volatility_factor,0.2796863317489624,quality_factor,0.1103547215461731
2020-11-03,688019.SH,cp,3,cn_a,INDUSTRY_C39,-0.07733578685155507,-0.06497374019974972,-0.07733578685155507,0.19026216864585876,0,value_factor,0.3821467459201813,quality_factor,0.35430270433425903,momentum_factor,0.1577138751745224
2020-11-03,600118.SH,cp,3,cn_a,INDUSTRY_C39,-0.07745099847686171,-0.06507053536425789,-0.07745099847686171,0.19026216864585876,1,value_factor,0.5233392119407654,quality_factor,0.37125909328460693,momentum_factor,0.09394491463899612
2020-11-03,002436.SZ,cp,3,cn_a,INDUSTRY_C39,-0.07798150996520505,-0.0655162451322695,-0.07798150996520505,0.19026216864585876,1,value_factor,0.4683982729911804,quality_factor,0.4401791989803314,volatility_factor,0.04770554602146149
2020-11-03,688008.SH,cp,3,cn_a,INDUSTRY_C39,-0.07810902657744077,-0.06562337834409626,-0.07810902657744077,0.19026216864585876,1,value_factor,0.5164260268211365,quality_factor,0.383493572473526,momentum_factor,0.09789759665727615
2020-11-03,300346.SZ,cp,3,cn_a,INDUSTRY_C39,-0.09835623702221986,-0.08263409284983847,-0.09835623702221986,0.19026216864585876,0,value_factor,0.32969239354133606,volatility_factor,0.2867959439754486,momentum_factor,0.24093270301818848
2020-11-03,002414.SZ,cp,3,cn_a,INDUSTRY_C39,-0.10507837563539858,-0.08828170446175287,-0.10507837563539858,0.19026216864585876,0,value_factor,0.3128792345523834,momentum_factor,0.23561765253543854,volatility_factor,0.22901909053325653
2020-11-03,002185.SZ,cp,3,cn_a,INDUSTRY_C39,-0.10986997525744745,-0.09230737177127171,-0.10986997525744745,0.19026216864585876,1,value_factor,0.3946884870529175,quality_factor,0.33116161823272705,volatility_factor,0.13800859451293945
2020-11-04,600707.SH,cp,3,cn_a,INDUSTRY_C39,0.16816577178560912,0.16249568769706801,0.16816577178560912,0.034893810749053955,2,value_factor,0.5536537170410156,quality_factor,0.2908903956413269,volatility_factor,0.10948110371828079
2020-11-04,600601.SH,cp,3,cn_a,INDUSTRY_C39,0.15138492644713017,0.14628064598875512,0.15138492644713017,0.034893810749053955,0,volatility_factor,0.40660279989242554,momentum_factor,0.3719608187675476,quality_factor,0.18600858747959137
2020-11-04,002429.SZ,cp,3,cn_a,INDUSTRY_C39,0.12702514674178536,0.12274221059052492,0.12702514674178536,0.034893810749053955,2,value_factor,0.554137110710144,quality_factor,0.2892877757549286,volatility_factor,0.1107647567987442
2020-11-04,600563.SH,cp,3,cn_a,INDUSTRY_C39,0.09664034417314797,0.09338189941361696,0.09664034417314797,0.034893810749053955,0,value_factor,0.3324776291847229,volatility_factor,0.2558757960796356,momentum_factor,0.22817553579807281
2020-11-04,002583.SZ,cp,3,cn_a,INDUSTRY_C39,0.09477400744517257,0.09157849039127863,0.09477400744517257,0.034893810749053955,1,value_factor,0.5251548886299133,quality_factor,0.3531996011734009,volatility_factor,0.10603173077106476
2020-11-04,300073.SZ,cp,3,cn_a,INDUSTRY_C39,0.082491410451469,0.0797100285514799,0.082491410451469,0.034893810749053955,0,volatility_factor,0.4042764902114868,momentum_factor,0.35440170764923096,quality_factor,0.20788969099521637
2020-11-04,002152.SZ,cp,3,cn_a,INDUSTRY_C39,0.07808016279888152,0.075447515952762,0.07808016279888152,0.034893810749053955,2,value_factor,0.44714003801345825,quality_factor,0.3838454484939575,momentum_factor,0.11515360325574875
2020-11-04,002025.SZ,cp,3,cn_a,INDUSTRY_C39,0.0717066041103577,0.06928885601160786,0.0717066041103577,0.034893810749053955,0,momentum_factor,0.41973426938056946,volatility_factor,0.4128330647945404,value_factor,0.09575490653514862
2020-11-04,603228.SH,cp,3,cn_a,INDUSTRY_C39,0.06822145696310657,0.06592121837402701,0.06822145696310657,0.034893810749053955,0,quality_factor,0.41018378734588623,value_factor,0.40762433409690857,momentum_factor,0.10191941261291504
2020-11-04,603920.SH,cp,3,cn_a,INDUSTRY_C39,0.06581150635945261,0.06359252463035625,0.06581150635945261,0.034893810749053955,2,value_factor,0.5126175284385681,quality_factor,0.36458343267440796,momentum_factor,0.11555807292461395
2020-11-04,601231.SH,cp,3,cn_a,INDUSTRY_C39,0.05883545423603495,0.05685168566432386,0.05883545423603495,0.034893810749053955,1,value_factor,0.43873485922813416,quality_factor,0.25543612241744995,volatility_factor,0.18942533433437347
2020-11-04,002841.SZ,cp,3,cn_a,INDUSTRY_C39,0.05107755909211687,0.049355365259123596,0.05107755909211687,0.034893810749053955,2,quality_factor,0.5449604988098145,value_factor,0.28905460238456726,momentum_factor,0.09638895839452744
2020-11-04,300735.SZ,cp,3,cn_a,INDUSTRY_C39,0.042366188575642075,0.04093771803027371,0.042366188575642075,0.034893810749053955,0,quality_factor,0.3456241488456726,value_factor,0.28510624170303345,momentum_factor,0.18997928500175476
2020-11-04,600060.SH,cp,3,cn_a,INDUSTRY_C39,0.041988906890415775,0.04057315723858945,0.041988906890415775,0.034893810749053955,2,value_factor,0.465151846408844,volatility_factor,0.3585978150367737,quality_factor,0.16023226082324982
2020-11-04,600363.SH,cp,3,cn_a,INDUSTRY_C39,0.03681880836973232,0.03557738012140593,0.03681880836973232,0.034893810749053955,0,volatility_factor,0.3658798336982727,momentum_factor,0.321331262588501,quality_factor,0.26499441266059875
2020-11-04,300570.SZ,cp,3,cn_a,INDUSTRY_C39,0.023108583304752024,0.022329425875069808,0.023108583304752024,0.034893810749053955,0,quality_factor,0.38580647110939026,value_factor,0.2736404538154602,volatility_factor,0.18314187228679657
2020-11-04,600699.SH,cp,3,cn_a,INDUSTRY_C39,0.02179639607206709,0.02106148196176094,0.02179639607206709,0.034893810749053955,2,value_factor,0.5642890930175781,momentum_factor,0.2120758295059204,volatility_factor,0.1765991747379303
2020-11-04,002130.SZ,cp,3,cn_a,INDUSTRY_C39,0.02049881120173371,0.019807648059586458,0.02049881120173371,0.034893810749053955,0,volatility_factor,0.3911534249782562,quality_factor,0.33181822299957275,momentum_factor,0.2553420960903168
2020-11-04,603486.SH,cp,3,cn_a,INDUSTRY_C39,0.020235016749474165,0.019552748025676858,0.020235016749474165,0.034893810749053955,2,momentum_factor,0.4600730836391449,volatility_factor,0.2862078547477722,value_factor,0.18539130687713623
2020-11-04,002273.SZ,cp,3,cn_a,INDUSTRY_C39,0.019177819002691977,0.018531196059000943,0.019177819002691977,0.034893810749053955,0,volatility_factor,0.3881121575832367,momentum_factor,0.3743075430393219,value_factor,0.21171465516090393
2020-11-04,600498.SH,cp,3,cn_a,INDUSTRY_C39,0.016597018359307505,0.016037412865769207,0.016597018359307505,0.034893810749053955,0,quality_factor,0.2753559350967407,momentum_factor,0.2598519027233124,value_factor,0.25419944524765015
2020-11-04,688100.SH,cp,3,cn_a,INDUSTRY_C39,0.014833420449645526,0.014333278593326504,0.014833420449645526,0.034893810749053955,2,momentum_factor,0.5112274885177612,volatility_factor,0.2669042944908142,value_factor,0.1720752716064453
2020-11-04,002138.SZ,cp,3,cn_a,INDUSTRY_C39,0.014198355490596316,0.013719626265880386,0.014198355490596316,0.034893810749053955,2,momentum_factor,0.5105765461921692,volatility_factor,0.29550155997276306,value_factor,0.181754469871521
2020-11-04,603659.SH,cp,3,cn_a,INDUSTRY_C39,0.008805527107281495,0.008508629120181799,0.008805527107281495,0.034893810749053955,2,momentum_factor,0.49311143159866333,value_factor,0.2575671970844269,volatility_factor,0.21365636587142944
2020-11-04,300136.SZ,cp,3,cn_a,INDUSTRY_C39,0.0061140972163296866,0.005907946791222363,0.0061140972163296866,0.034893810749053955,2,momentum_factor,0.35623931884765625,value_factor,0.2930194139480591,volatility_factor,0.19571074843406677
2020-11-04,002402.SZ,cp,3,cn_a,INDUSTRY_C39,0.0011358774652484198,0.001097578822939399,0.0011358774652484198,0.034893810749053955,2,quality_factor,0.44676297903060913,volatility_factor,0.26541784405708313,value_factor,0.179748997092247
2020-11-04,300037.SZ,cp,3,cn_a,INDUSTRY_C39,0.0011060983220783733,0.0010688037500035386,0.0011060983220783733,0.034893810749053955,0,momentum_factor,0.29058805108070374,value_factor,0.24480800330638885,quality_factor,0.2432384490966797
2020-11-04,600884.SH,cp,3,cn_a,INDUSTRY_C39,-0.0020606872161954438,-0.0019912065503503995,-0.0020606872161954438,0.034893810749053955,0,momentum_factor,0.2883325219154358,value_factor,0.2488800436258316,quality_factor,0.24462388455867767
2020-11-04,605358.SH,cp,3,cn_a,INDUSTRY_C39,-0.016620292160321008,-0.016059901938669463,-0.016620292160321008,0.034893810749053955,0,quality_factor,0.3112359344959259,value_factor,0.2903253138065338,momentum_factor,0.21901579201221466
2020-11-04,603290.SH,cp,3,cn_a,INDUSTRY_C39,-0.022634864997941383,-0.021871680037599255,-0.022634864997941383,0.034893810749053955,0,momentum_factor,0.35566335916519165,volatility_factor,0.3346286714076996,quality_factor,0.21168094873428345
2020-11-04,300919.SZ,cp,3,cn_a,INDUSTRY_C39,-0.023018585958456704,-0.0222424629900434,-0.023018585958456704,0.034893810749053955,2,value_factor,0.39948126673698425,quality_factor,0.2957737147808075,momentum_factor,0.2049914002418518
2020-11-04,688608.SH,cp,3,cn_a,INDUSTRY_C39,-0.023018585958456704,-0.0222424629900434,-0.023018585958456704,0.034893810749053955,2,value_factor,0.39948126673698425,quality_factor,0.2957737147808075,momentum_factor,0.2049914002418518
2020-11-04,689009.SH,cp,3,cn_a,INDUSTRY_C39,-0.023018585958456704,-0.0222424629900434,-0.023018585958456704,0.034893810749053955,2,value_factor,0.39948126673698425,quality_factor,0.2957737147808075,momentum_factor,0.2049914002418518
2020-11-04,300627.SZ,cp,3,cn_a,INDUSTRY_C39,-0.02372459121166544,-0.022924663701399534,-0.02372459121166544,0.034893810749053955,0,volatility_factor,0.39789795875549316,momentum_factor,0.3098111152648926,value_factor,0.28955432772636414
2020-11-04,002281.SZ,cp,3,cn_a,INDUSTRY_C39,-0.029943951860401413,-0.028934324733615124,-0.029943951860401413,0.034893810749053955,2,value_factor,0.5301189422607422,volatility_factor,0.30129799246788025,quality_factor,0.09137900173664093
2020-11-04,300679.SZ,cp,3,cn_a,INDUSTRY_C39,-0.031294906116807235,-0.030239728553970502,-0.031294906116807235,0.034893810749053955,1,value_factor,0.5522173643112183,volatility_factor,0.21379193663597107,quality_factor,0.2048497498035431
2020-11-04,300623.SZ,cp,3,cn_a,INDUSTRY_C39,-0.03960271158842553,-0.03826741783360074,-0.03960271158842553,0.034893810749053955,0,momentum_factor,0.4289151728153229,volatility_factor,0.3999848961830139,value_factor,0.15155701339244843
2020-11-04,688027.SH,cp,3,cn_a,INDUSTRY_C39,-0.04151512806894567,-0.04011535292684615,-0.04151512806894567,0.034893810749053955,1,value_factor,0.5006875991821289,quality_factor,0.40224072337150574,momentum_factor,0.08533690124750137
2020-11-04,300054.SZ,cp,3,cn_a,INDUSTRY_C39,-0.0436984408570044,-0.04222505045438884,-0.0436984408570044,0.034893810749053955,0,quality_factor,0.4289300739765167,value_factor,0.3507326543331146,volatility_factor,0.12054379284381866
2020-11-04,688981.SH,cp,3,cn_a,INDUSTRY_C39,-0.04717570435982638,-0.04558507026219688,-0.04717570435982638,0.034893810749053955,2,value_factor,0.5248697996139526,quality_factor,0.35902947187423706,momentum_factor,0.10679614543914795
2020-11-04,002465.SZ,cp,3,cn_a,INDUSTRY_C39,-0.048293443774950345,-0.04666512259982858,-0.048293443774950345,0.034893810749053955,0,value_factor,0.3981481194496155,quality_factor,0.36411163210868835,momentum_factor,0.14499706029891968
2020-11-04,002156.SZ,cp,3,cn_a,INDUSTRY_C39,-0.05301687343572708,-0.051229291294009466,-0.05301687343572708,0.034893810749053955,0,momentum_factor,0.4134441018104553,volatility_factor,0.4121457636356354,quality_factor,0.1603507548570633
2020-11-04,300373.SZ,cp,3,cn_a,INDUSTRY_C39,-0.05701288004072997,-0.05509056362325487,-0.05701288004072997,0.034893810749053955,1,value_factor,0.4616044759750366,quality_factor,0.387140691280365,momentum_factor,0.10857710987329483
2020-11-04,300458.SZ,cp,3,cn_a,INDUSTRY_C39,-0.05944241167148852,-0.057438178176026033,-0.05944241167148852,0.034893810749053955,2,value_factor,0.4886959493160248,quality_factor,0.3301132321357727,momentum_factor,0.1520552933216095
2020-11-04,300390.SZ,cp,3,cn_a,INDUSTRY_C39,-0.06130507745752969,-0.05923804003042547,-0.06130507745752969,0.034893810749053955,0,value_factor,0.371343731880188,quality_factor,0.3296113610267639,momentum_factor,0.1571047008037567
2020-11-04,600171.SH,cp,3,cn_a,INDUSTRY_C39,-0.06512484233017374,-0.0629290130104247,-0.06512484233017374,0.034893810749053955,1,value_factor,0.41548141837120056,quality_factor,0.2780700623989105,volatility_factor,0.17525501549243927
2020-11-04,603160.SH,cp,3,cn_a,INDUSTRY_C39,-0.06976879320401533,-0.06741638272224892,-0.06976879320401533,0.034893810749053955,1,value_factor,0.5145972967147827,quality_factor,0.41640329360961914,momentum_factor,0.06671907007694244
2020-11-04,300857.SZ,cp,3,cn_a,INDUSTRY_C39,-0.07006702312560044,-0.06770455715682766,-0.07006702312560044,0.034893810749053955,0,value_factor,0.33219319581985474,quality_factor,0.331971138715744,momentum_factor,0.19009453058242798
2020-11-04,600764.SH,cp,3,cn_a,INDUSTRY_C39,-0.07072191390421868,-0.06833736683211467,-0.07072191390421868,0.034893810749053955,0,value_factor,0.3959781229496002,quality_factor,0.3637206256389618,momentum_factor,0.14589247107505798
2020-11-04,300474.SZ,cp,3,cn_a,INDUSTRY_C39,-0.07115153416375036,-0.06875250148633072,-0.07115153416375036,0.034893810749053955,2,value_factor,0.4449826776981354,quality_factor,0.315634161233902,momentum_factor,0.17592115700244904
2020-11-04,600562.SH,cp,3,cn_a,INDUSTRY_C39,-0.07379835975120179,-0.07131008344537193,-0.07379835975120179,0.034893810749053955,2,value_factor,0.5488775372505188,quality_factor,0.2912113666534424,volatility_factor,0.0833115503191948
2020-11-04,002436.SZ,cp,3,cn_a,INDUSTRY_C39,-0.07455173309196576,-0.07203805512355713,-0.07455173309196576,0.034893810749053955,1,value_factor,0.4613444209098816,quality_factor,0.4383687674999237,momentum_factor,0.05038948729634285
2020-11-04,603019.SH,cp,3,cn_a,INDUSTRY_C39,-0.07714003113575695,-0.07453908292561795,-0.07714003113575695,0.034893810749053955,1,value_factor,0.4870205819606781,quality_factor,0.2631620764732361,volatility_factor,0.17791256308555603
2020-11-04,688002.SH,cp,3,cn_a,INDUSTRY_C39,-0.07805124842807576,-0.0754195764944613,-0.07805124842807576,0.034893810749053955,0,value_factor,0.3444717228412628,quality_factor,0.34286004304885864,momentum_factor,0.1773681342601776
2020-11-04,688019.SH,cp,3,cn_a,INDUSTRY_C39,-0.09211785776666306,-0.08901189872370668,-0.09211785776666306,0.034893810749053955,0,value_factor,0.404399037361145,quality_factor,0.38481131196022034,momentum_factor,0.12513737380504608
2020-11-04,688008.SH,cp,3,cn_a,INDUSTRY_C39,-0.0955600123031117,-0.09233799334225301,-0.0955600123031117,0.034893810749053955,1,value_factor,0.5172815918922424,quality_factor,0.41750848293304443,momentum_factor,0.047105513513088226
2020-11-04,600118.SH,cp,3,cn_a,INDUSTRY_C39,-0.09663421165690797,-0.09337597366884054,-0.09663421165690797,0.034893810749053955,1,value_factor,0.5209685564041138,quality_factor,0.40842992067337036,momentum_factor,0.0399697907269001
2020-11-04,002414.SZ,cp,3,cn_a,INDUSTRY_C39,-0.09864609463815546,-0.09532002152788183,-0.09864609463815546,0.034893810749053955,0,value_factor,0.31419068574905396,momentum_factor,0.23230022192001343,quality_factor,0.2310638725757599
2020-11-04,300115.SZ,cp,3,cn_a,INDUSTRY_C39,-0.09888058357830301,-0.09554660415038607,-0.09888058357830301,0.034893810749053955,2,value_factor,0.5224373936653137,quality_factor,0.37304019927978516,momentum_factor,0.09651140868663788
2020-11-04,600435.SH,cp,3,cn_a,INDUSTRY_C39,-0.09889584701976448,-0.09556135295087365,-0.09889584701976448,0.034893810749053955,2,value_factor,0.5260280966758728,quality_factor,0.345796138048172,momentum_factor,0.12395749986171722
2020-11-04,603501.SH,cp,3,cn_a,INDUSTRY_C39,-0.10121487927651487,-0.09780219386249955,-0.10121487927651487,0.034893810749053955,1,value_factor,0.5254342555999756,quality_factor,0.37667116522789,momentum_factor,0.07013293355703354
2020-11-04,300346.SZ,cp,3,cn_a,INDUSTRY_C39,-0.10458807721677944,-0.10106165691030944,-0.10458807721677944,0.034893810749053955,0,value_factor,0.33466705679893494,volatility_factor,0.2547163963317871,momentum_factor,0.22594313323497772
2020-11-04,002185.SZ,cp,3,cn_a,INDUSTRY_C39,-0.10490136311267817,-0.10136437967344555,-0.10490136311267817,0.034893810749053955,1,value_factor,0.3920882046222687,quality_factor,0.33607321977615356,momentum_factor,0.13719536364078522
2020-11-04,300223.SZ,cp,3,cn_a,INDUSTRY_C39,-0.1117760708738441,-0.10800729132844755,-0.1117760708738441,0.034893810749053955,1,value_factor,0.4960244297981262,quality_factor,0.23867441713809967,volatility_factor,0.19516149163246155
2020-11-05,600601.SH,cp,3,cn_a,INDUSTRY_C39,0.15330302413800476,0.1396248274321812,0.15330302413800476,0.09796389937400818,0,volatility_factor,0.40451961755752563,momentum_factor,0.3564223647117615,quality_factor,0.1917678564786911
2020-11-05,600563.SH,cp,3,cn_a,INDUSTRY_C39,0.09890234349115297,0.09007795325785195,0.09890234349115297,0.09796389937400818,0,value_factor,0.3479287326335907,volatility_factor,0.256298691034317,momentum_factor,0.21531942486763
2020-11-05,600707.SH,cp,3,cn_a,INDUSTRY_C39,0.09199041768410772,0.08378273205488362,0.09199041768410772,0.09796389937400818,2,value_factor,0.5733005404472351,momentum_factor,0.1764315366744995,quality_factor,0.15237067639827728
2020-11-05,002025.SZ,cp,3,cn_a,INDUSTRY_C39,0.08455400249689905,0.0770098181279322,0.08455400249689905,0.09796389937400818,0,momentum_factor,0.41640135645866394,volatility_factor,0.4122936427593231,value_factor,0.14966854453086853
2020-11-05,002841.SZ,cp,3,cn_a,INDUSTRY_C39,0.08430697157867573,0.07678482811536536,0.08430697157867573,0.09796389937400818,2,quality_factor,0.5302854776382446,value_factor,0.3232600688934326,momentum_factor,0.12816546857357025
2020-11-05,300073.SZ,cp,3,cn_a,INDUSTRY_C39,0.07642476704609484,0.06960589962497865,0.07642476704609484,0.09796389937400818,0,volatility_factor,0.4015071988105774,momentum_factor,0.3334788978099823,quality_factor,0.2354530394077301
2020-11-05,002583.SZ,cp,3,cn_a,INDUSTRY_C39,0.07560304422310146,0.06885749359709592,0.07560304422310146,0.09796389937400818,1,value_factor,0.5499093532562256,quality_factor,0.306535542011261,volatility_factor,0.10234269499778748
2020-11-05,002429.SZ,cp,3,cn_a,INDUSTRY_C39,0.06905259845819492,0.06289150000583055,0.06905259845819492,0.09796389937400818,2,value_factor,0.5741462707519531,momentum_factor,0.17747659981250763,quality_factor,0.1488531231880188
2020-11-05,603228.SH,cp,3,cn_a,INDUSTRY_C39,0.06343415994267707,0.05777435693198413,0.06343415994267707,0.09796389937400818,0,value_factor,0.4004049003124237,quality_factor,0.39285844564437866,momentum_factor,0.11904557794332504
2020-11-05,002152.SZ,cp,3,cn_a,INDUSTRY_C39,0.05893439835443916,0.053676078774874236,0.05893439835443916,0.09796389937400818,2,value_factor,0.42683249711990356,quality_factor,0.3352918028831482,momentum_factor,0.16316811740398407
2020-11-05,601231.SH,cp,3,cn_a,INDUSTRY_C39,0.05109144402249868,0.046532898453983285,0.05109144402249868,0.09796389937400818,1,value_factor,0.4766119122505188,quality_factor,0.22433263063430786,volatility_factor,0.20819494128227234
2020-11-05,603486.SH,cp,3,cn_a,INDUSTRY_C39,0.04614985651226336,0.04203221552722958,0.04614985651226336,0.09796389937400818,2,momentum_factor,0.5109548568725586,volatility_factor,0.3083685040473938,quality_factor,0.16331708431243896
2020-11-05,603920.SH,cp,3,cn_a,INDUSTRY_C39,0.040053560711127034,0.03647985115610708,0.040053560711127034,0.09796389937400818,2,value_factor,0.4846068322658539,quality_factor,0.2726496756076813,momentum_factor,0.2038239687681198
2020-11-05,300136.SZ,cp,3,cn_a,INDUSTRY_C39,0.03835050132106751,0.034928744289293046,0.03835050132106751,0.09796389937400818,2,momentum_factor,0.5148107409477234,volatility_factor,0.2773079574108124,value_factor,0.1348114013671875
2020-11-05,688100.SH,cp,3,cn_a,INDUSTRY_C39,0.03424284776242528,0.031187589002230287,0.03424284776242528,0.09796389937400818,2,momentum_factor,0.43953612446784973,quality_factor,0.2623339891433716,volatility_factor,0.22803717851638794
2020-11-05,300735.SZ,cp,3,cn_a,INDUSTRY_C39,0.033919385615546215,0.030892987204954744,0.033919385615546215,0.09796389937400818,0,quality_factor,0.3319427967071533,value_factor,0.2728644013404846,momentum_factor,0.2051617056131363
2020-11-05,600363.SH,cp,3,cn_a,INDUSTRY_C39,0.032250806753137816,0.02937328440045539,0.032250806753137816,0.09796389937400818,0,volatility_factor,0.35887444019317627,momentum_factor,0.2995104491710663,quality_factor,0.28805479407310486
2020-11-05,002138.SZ,cp,3,cn_a,INDUSTRY_C39,0.032039937764291294,0.029181229831773237,0.032039937764291294,0.09796389937400818,2,momentum_factor,0.46976014971733093,volatility_factor,0.265899658203125,quality_factor,0.21501584351062775
2020-11-05,300570.SZ,cp,3,cn_a,INDUSTRY_C39,0.027813314655034473,0.025331719846115014,0.027813314655034473,0.09796389937400818,0,quality_factor,0.3990059196949005,value_factor,0.283047080039978,volatility_factor,0.17457392811775208
2020-11-05,603659.SH,cp,3,cn_a,INDUSTRY_C39,0.02601699049343819,0.02369566959540792,0.02601699049343819,0.09796389937400818,2,momentum_factor,0.4650450050830841,quality_factor,0.29466360807418823,volatility_factor,0.2083873450756073
2020-11-05,002273.SZ,cp,3,cn_a,INDUSTRY_C39,0.020951587981172748,0.01908221884565023,0.020951587981172748,0.09796389937400818,0,volatility_factor,0.37003666162490845,momentum_factor,0.34829822182655334,value_factor,0.23539482057094574
2020-11-05,300037.SZ,cp,3,cn_a,INDUSTRY_C39,0.01319739416829097,0.012019879540297262,0.01319739416829097,0.09796389937400818,0,momentum_factor,0.38039255142211914,volatility_factor,0.27864304184913635,value_factor,0.18117140233516693
2020-11-05,002402.SZ,cp,3,cn_a,INDUSTRY_C39,0.012815229299098447,0.011671812669394488,0.012815229299098447,0.09796389937400818,2,quality_factor,0.5812843441963196,momentum_factor,0.19867748022079468,volatility_factor,0.11185228824615479
2020-11-05,002130.SZ,cp,3,cn_a,INDUSTRY_C39,0.0003693803644043137,0.00033642304140302226,0.0003693803644043137,0.09796389937400818,0,quality_factor,0.4306831955909729,volatility_factor,0.33241668343544006,momentum_factor,0.17027899622917175
2020-11-05,300919.SZ,cp,3,cn_a,INDUSTRY_C39,-0.003823982747916782,-0.0034827945129176086,-0.003823982747916782,0.09796389937400818,2,value_factor,0.34819257259368896,momentum_factor,0.31228798627853394,quality_factor,0.18896909058094025
2020-11-05,688608.SH,cp,3,cn_a,INDUSTRY_C39,-0.003823982747916782,-0.0034827945129176086,-0.003823982747916782,0.09796389937400818,2,value_factor,0.34819257259368896,momentum_factor,0.31228798627853394,quality_factor,0.18896909058094025
2020-11-05,689009.SH,cp,3,cn_a,INDUSTRY_C39,-0.003823982747916782,-0.0034827945129176086,-0.003823982747916782,0.09796389937400818,2,value_factor,0.34819257259368896,momentum_factor,0.31228798627853394,quality_factor,0.18896909058094025
2020-11-05,605358.SH,cp,3,cn_a,INDUSTRY_C39,-0.004639642591751072,-0.004225678520451609,-0.004639642591751072,0.09796389937400818,0,quality_factor,0.2702944576740265,momentum_factor,0.26299408078193665,value_factor,0.259430855512619
2020-11-05,002281.SZ,cp,3,cn_a,INDUSTRY_C39,-0.012452081776057397,-0.011341066354883522,-0.012452081776057397,0.09796389937400818,2,value_factor,0.4399273991584778,volatility_factor,0.3109323978424072,quality_factor,0.19534006714820862
2020-11-05,300679.SZ,cp,3,cn_a,INDUSTRY_C39,-0.016359857876542337,-0.014900177903672263,-0.016359857876542337,0.09796389937400818,1,value_factor,0.6264057159423828,volatility_factor,0.2636190950870514,momentum_factor,0.10924249142408371
2020-11-05,600060.SH,cp,3,cn_a,INDUSTRY_C39,-0.01760803974335931,-0.016036992906104386,-0.01760803974335931,0.09796389937400818,2,quality_factor,0.47528275847435,volatility_factor,0.23622910678386688,value_factor,0.14589731395244598
2020-11-05,300627.SZ,cp,3,cn_a,INDUSTRY_C39,-0.020407147042079684,-0.018586354706013608,-0.020407147042079684,0.09796389937400818,0,volatility_factor,0.39283135533332825,momentum_factor,0.27124670147895813,value_factor,0.2615363597869873
2020-11-05,300474.SZ,cp,3,cn_a,INDUSTRY_C39,-0.02565040194276818,-0.023361789272996036,-0.02565040194276818,0.09796389937400818,2,value_factor,0.40079715847969055,momentum_factor,0.28298938274383545,quality_factor,0.20704829692840576
2020-11-05,300458.SZ,cp,3,cn_a,INDUSTRY_C39,-0.026586271144509753,-0.024214157166760675,-0.026586271144509753,0.09796389937400818,2,value_factor,0.4500623643398285,momentum_factor,0.2634970247745514,quality_factor,0.21497909724712372
2020-11-05,688981.SH,cp,3,cn_a,INDUSTRY_C39,-0.028306208935158294,-0.025780636488115793,-0.028306208935158294,0.09796389937400818,2,value_factor,0.507866621017456,quality_factor,0.2649237811565399,momentum_factor,0.2047474980354309
2020-11-05,600699.SH,cp,3,cn_a,INDUSTRY_C39,-0.030516038130797285,-0.027793297502669123,-0.030516038130797285,0.09796389937400818,2,quality_factor,0.4225652515888214,momentum_factor,0.3442283272743225,value_factor,0.16786690056324005
2020-11-05,603290.SH,cp,3,cn_a,INDUSTRY_C39,-0.03177668870755692,-0.02894146871600338,-0.03177668870755692,0.09796389937400818,0,momentum_factor,0.4053533971309662,volatility_factor,0.3782973885536194,quality_factor,0.17033448815345764
2020-11-05,688027.SH,cp,3,cn_a,INDUSTRY_C39,-0.032033473508578846,-0.029175342338076338,-0.032033473508578846,0.09796389937400818,1,value_factor,0.48245975375175476,quality_factor,0.346522718667984,momentum_factor,0.13914920389652252
2020-11-05,002465.SZ,cp,3,cn_a,INDUSTRY_C39,-0.034497870126043564,-0.03141985743732323,-0.034497870126043564,0.09796389937400818,0,value_factor,0.37564316391944885,quality_factor,0.3201383054256439,momentum_factor,0.18952496349811554
2020-11-05,600562.SH,cp,3,cn_a,INDUSTRY_C39,-0.035967733311333024,-0.03275857462668674,-0.035967733311333024,0.09796389937400818,2,value_factor,0.5679988265037537,momentum_factor,0.22560517489910126,quality_factor,0.14460529386997223
2020-11-05,600498.SH,cp,3,cn_a,INDUSTRY_C39,-0.037185809459452795,-0.03386797004100928,-0.037185809459452795,0.09796389937400818,0,momentum_factor,0.3206135928630829,volatility_factor,0.2505440413951874,quality_factor,0.21937917172908783
2020-11-05,300857.SZ,cp,3,cn_a,INDUSTRY_C39,-0.03864787665329075,-0.035199586822750706,-0.03864787665329075,0.09796389937400818,0,value_factor,0.30474311113357544,quality_factor,0.2900506854057312,momentum_factor,0.2340637892484665
2020-11-05,300373.SZ,cp,3,cn_a,INDUSTRY_C39,-0.04291653690048656,-0.03908738325555161,-0.04291653690048656,0.09796389937400818,1,value_factor,0.4412604570388794,quality_factor,0.33540359139442444,momentum_factor,0.15941137075424194
2020-11-05,600884.SH,cp,3,cn_a,INDUSTRY_C39,-0.043779203497673676,-0.03987307992031752,-0.043779203497673676,0.09796389937400818,0,momentum_factor,0.3786415159702301,volatility_factor,0.2753567695617676,value_factor,0.18545569479465485
2020-11-05,300623.SZ,cp,3,cn_a,INDUSTRY_C39,-0.04866723007075889,-0.044324980791735136,-0.04866723007075889,0.09796389937400818,0,momentum_factor,0.3750377297401428,volatility_factor,0.3482907712459564,value_factor,0.19490419328212738
2020-11-05,300054.SZ,cp,3,cn_a,INDUSTRY_C39,-0.049638481196554125,-0.045209573718684795,-0.049638481196554125,0.09796389937400818,0,quality_factor,0.4386865198612213,value_factor,0.3602067828178406,volatility_factor,0.11232879012823105
2020-11-05,688002.SH,cp,3,cn_a,INDUSTRY_C39,-0.04988251950670432,-0.04543183813344864,-0.04988251950670432,0.09796389937400818,0,value_factor,0.32019269466400146,quality_factor,0.3043219745159149,momentum_factor,0.21754732728004456
2020-11-05,600764.SH,cp,3,cn_a,INDUSTRY_C39,-0.05056301288890378,-0.046051615672688895,-0.05056301288890378,0.09796389937400818,0,value_factor,0.37357187271118164,quality_factor,0.32031163573265076,momentum_factor,0.18989704549312592
2020-11-05,600435.SH,cp,3,cn_a,INDUSTRY_C39,-0.05214678656621229,-0.047494079887789864,-0.05214678656621229,0.09796389937400818,2,value_factor,0.4991636872291565,momentum_factor,0.23550789058208466,quality_factor,0.23258113861083984
2020-11-05,603160.SH,cp,3,cn_a,INDUSTRY_C39,-0.056629169462396475,-0.051576529936533055,-0.056629169462396475,0.09796389937400818,1,value_factor,0.5019184947013855,quality_factor,0.36787447333335876,momentum_factor,0.115365169942379
2020-11-05,603019.SH,cp,3,cn_a,INDUSTRY_C39,-0.05883047020210645,-0.053581423431860675,-0.05883047020210645,0.09796389937400818,1,value_factor,0.5627896189689636,volatility_factor,0.20980344712734222,quality_factor,0.20850346982479095
2020-11-05,600171.SH,cp,3,cn_a,INDUSTRY_C39,-0.06229382176510787,-0.05673576345248371,-0.06229382176510787,0.09796389937400818,1,value_factor,0.43703892827033997,quality_factor,0.26623836159706116,volatility_factor,0.18154606223106384
2020-11-05,002156.SZ,cp,3,cn_a,INDUSTRY_C39,-0.06276820979687968,-0.05716782503407655,-0.06276820979687968,0.09796389937400818,0,volatility_factor,0.41152283549308777,momentum_factor,0.40939396619796753,quality_factor,0.11758912354707718
2020-11-05,300115.SZ,cp,3,cn_a,INDUSTRY_C39,-0.06491356043288943,-0.05912176047676376,-0.06491356043288943,0.09796389937400818,2,value_factor,0.5069277286529541,quality_factor,0.29229411482810974,momentum_factor,0.18082156777381897
2020-11-05,300390.SZ,cp,3,cn_a,INDUSTRY_C39,-0.06964074712407983,-0.06342717212606688,-0.06964074712407983,0.09796389937400818,0,value_factor,0.37826377153396606,quality_factor,0.33641716837882996,momentum_factor,0.14929167926311493
2020-11-05,603501.SH,cp,3,cn_a,INDUSTRY_C39,-0.07185527473314918,-0.06544411234625302,-0.07185527473314918,0.09796389937400818,1,value_factor,0.5311641693115234,quality_factor,0.3146461546421051,momentum_factor,0.14860057830810547
2020-11-05,688019.SH,cp,3,cn_a,INDUSTRY_C39,-0.07537847462608195,-0.06865296083326644,-0.07537847462608195,0.09796389937400818,0,value_factor,0.38882628083229065,quality_factor,0.3530135750770569,momentum_factor,0.15715843439102173
2020-11-05,300223.SZ,cp,3,cn_a,INDUSTRY_C39,-0.07894737078255584,-0.07190342841388286,-0.07894737078255584,0.09796389937400818,1,value_factor,0.5956549048423767,volatility_factor,0.24493913352489471,quality_factor,0.15631727874279022
2020-11-05,600118.SH,cp,3,cn_a,INDUSTRY_C39,-0.07988181641393033,-0.07275449975287984,-0.07988181641393033,0.09796389937400818,1,value_factor,0.5244865417480469,quality_factor,0.36967217922210693,momentum_factor,0.08941003680229187
2020-11-05,002436.SZ,cp,3,cn_a,INDUSTRY_C39,-0.07993378962763707,-0.07280183574664581,-0.07993378962763707,0.09796389937400818,1,value_factor,0.4659581482410431,quality_factor,0.4365343749523163,volatility_factor,0.05072175711393356
2020-11-05,688008.SH,cp,3,cn_a,INDUSTRY_C39,-0.08017128372989547,-0.07301813984912808,-0.08017128372989547,0.09796389937400818,1,value_factor,0.5201573967933655,quality_factor,0.38268333673477173,momentum_factor,0.09339381009340286
2020-11-05,300346.SZ,cp,3,cn_a,INDUSTRY_C39,-0.10666056492585052,-0.0971439608274427,-0.10666056492585052,0.09796389937400818,0,value_factor,0.35020124912261963,volatility_factor,0.2557332515716553,momentum_factor,0.21321716904640198
2020-11-05,002414.SZ,cp,3,cn_a,INDUSTRY_C39,-0.11194548077815793,-0.10195733921982034,-0.11194548077815793,0.09796389937400818,0,value_factor,0.32815268635749817,quality_factor,0.24667803943157196,momentum_factor,0.21606208384037018
2020-11-05,002185.SZ,cp,3,cn_a,INDUSTRY_C39,-0.11486541027459053,-0.1046167430661954,-0.11486541027459053,0.09796389937400818,1,value_factor,0.39969369769096375,quality_factor,0.3396080732345581,volatility_factor,0.13109591603279114
2020-11-06,600707.SH,cp,3,cn_a,INDUSTRY_C39,0.16320710345885509,0.12568253023013143,0.16320710345885509,0.2985663115978241,2,value_factor,0.554729700088501,quality_factor,0.28946933150291443,volatility_factor,0.11420448124408722
2020-11-06,600601.SH,cp,3,cn_a,INDUSTRY_C39,0.13315465198319235,0.10253973766147495,0.13315465198319235,0.2985663115978241,0,volatility_factor,0.3987371623516083,momentum_factor,0.3660559058189392,quality_factor,0.2251819372177124
2020-11-06,002429.SZ,cp,3,cn_a,INDUSTRY_C39,0.12325941443675337,0.09491961288928219,0.12325941443675337,0.2985663115978241,2,value_factor,0.5552536845207214,quality_factor,0.2877679467201233,volatility_factor,0.11562716960906982
2020-11-06,002583.SZ,cp,3,cn_a,INDUSTRY_C39,0.09179768215384349,0.07069156132205379,0.09179768215384349,0.2985663115978241,1,value_factor,0.5225087404251099,quality_factor,0.35018712282180786,volatility_factor,0.10859939455986023
2020-11-06,600563.SH,cp,3,cn_a,INDUSTRY_C39,0.09095482331461097,0.07004249256648776,0.09095482331461097,0.2985663115978241,0,value_factor,0.31850019097328186,volatility_factor,0.2750513553619385,momentum_factor,0.24639272689819336
2020-11-06,002152.SZ,cp,3,cn_a,INDUSTRY_C39,0.07799247117250846,0.06006044411132283,0.07799247117250846,0.2985663115978241,2,value_factor,0.44220834970474243,quality_factor,0.38481613993644714,momentum_factor,0.11554698646068573
2020-11-06,300073.SZ,cp,3,cn_a,INDUSTRY_C39,0.07209767431452321,0.055520978802504395,0.07209767431452321,0.2985663115978241,0,volatility_factor,0.3951835036277771,momentum_factor,0.3486129939556122,quality_factor,0.24444012343883514
2020-11-06,603228.SH,cp,3,cn_a,INDUSTRY_C39,0.06842775500859144,0.05269484725348028,0.06842775500859144,0.2985663115978241,0,quality_factor,0.40928205847740173,value_factor,0.4030824899673462,momentum_factor,0.1038670539855957
2020-11-06,603920.SH,cp,3,cn_a,INDUSTRY_C39,0.06515414811016196,0.05017390797293508,0.06515414811016196,0.2985663115978241,2,value_factor,0.5084208846092224,quality_factor,0.3667196035385132,momentum_factor,0.1147361621260643
2020-11-06,002025.SZ,cp,3,cn_a,INDUSTRY_C39,0.06474357418591273,0.04985773319529027,0.06474357418591273,0.2985663115978241,0,momentum_factor,0.4186452627182007,volatility_factor,0.41277483105659485,quality_factor,0.12066209316253662
2020-11-06,601231.SH,cp,3,cn_a,INDUSTRY_C39,0.05614397142005207,0.04323535088666802,0.05614397142005207,0.2985663115978241,1,value_factor,0.43138590455055237,quality_factor,0.24242746829986572,volatility_factor,0.20002909004688263
2020-11-06,002841.SZ,cp,3,cn_a,INDUSTRY_C39,0.050247594517276506,0.03869466881691874,0.050247594517276506,0.2985663115978241,2,quality_factor,0.545470654964447,value_factor,0.29446154832839966,momentum_factor,0.08287854492664337
2020-11-06,300735.SZ,cp,3,cn_a,INDUSTRY_C39,0.046324919313432064,0.03567389499983758,0.046324919313432064,0.2985663115978241,0,quality_factor,0.348856121301651,value_factor,0.28748080134391785,momentum_factor,0.18652386963367462
2020-11-06,600060.SH,cp,3,cn_a,INDUSTRY_C39,0.03873559796387408,0.02982951022903335,0.03873559796387408,0.2985663115978241,2,value_factor,0.4078969359397888,volatility_factor,0.36156824231147766,quality_factor,0.19290898740291595
2020-11-06,600363.SH,cp,3,cn_a,INDUSTRY_C39,0.03055459324474827,0.02352948191449622,0.03055459324474827,0.2985663115978241,0,volatility_factor,0.3401842713356018,momentum_factor,0.30065077543258667,quality_factor,0.27917230129241943
2020-11-06,600498.SH,cp,3,cn_a,INDUSTRY_C39,0.026527609800145662,0.02042838240481648,0.026527609800145662,0.2985663115978241,0,quality_factor,0.28506898880004883,value_factor,0.25970983505249023,momentum_factor,0.2498796433210373
2020-11-06,300570.SZ,cp,3,cn_a,INDUSTRY_C39,0.024705312692241514,0.019025067803315796,0.024705312692241514,0.2985663115978241,0,quality_factor,0.38549625873565674,value_factor,0.27660518884658813,volatility_factor,0.18096515536308289
2020-11-06,600699.SH,cp,3,cn_a,INDUSTRY_C39,0.021020694908382206,0.016187617250049136,0.021020694908382206,0.2985663115978241,2,value_factor,0.550805389881134,momentum_factor,0.19768115878105164,volatility_factor,0.1888202726840973
2020-11-06,002273.SZ,cp,3,cn_a,INDUSTRY_C39,0.01762726581832243,0.013574405293237675,0.01762726581832243,0.2985663115978241,0,volatility_factor,0.4094182550907135,momentum_factor,0.3950357139110565,value_factor,0.1720493733882904
2020-11-06,603486.SH,cp,3,cn_a,INDUSTRY_C39,0.01757929913827612,0.013537467111092438,0.01757929913827612,0.2985663115978241,2,momentum_factor,0.42822152376174927,volatility_factor,0.2719587981700897,value_factor,0.19945187866687775
2020-11-06,002130.SZ,cp,3,cn_a,INDUSTRY_C39,0.016706104578171413,0.012865037422853942,0.016706104578171413,0.2985663115978241,0,volatility_factor,0.37532180547714233,quality_factor,0.35038432478904724,momentum_factor,0.25254905223846436
2020-11-06,688100.SH,cp,3,cn_a,INDUSTRY_C39,0.013287072834960901,0.010232109374276904,0.013287072834960901,0.2985663115978241,2,momentum_factor,0.5136739015579224,volatility_factor,0.27434974908828735,value_factor,0.20083525776863098
2020-11-06,002138.SZ,cp,3,cn_a,INDUSTRY_C39,0.01256090250268448,0.009672900107006471,0.01256090250268448,0.2985663115978241,2,momentum_factor,0.4733291566371918,volatility_factor,0.2799544036388397,value_factor,0.19663172960281372
2020-11-06,603659.SH,cp,3,cn_a,INDUSTRY_C39,0.007745218749389508,0.005964438244285941,0.007745218749389508,0.2985663115978241,2,momentum_factor,0.4952164888381958,value_factor,0.2817978262901306,volatility_factor,0.2200595736503601
2020-11-06,600884.SH,cp,3,cn_a,INDUSTRY_C39,0.0041355855536111055,0.00318473182444573,0.0041355855536111055,0.2985663115978241,0,momentum_factor,0.2756170332431793,quality_factor,0.2572375237941742,value_factor,0.25510966777801514
2020-11-06,300136.SZ,cp,3,cn_a,INDUSTRY_C39,0.0036454696182945277,0.002807303332969413,0.0036454696182945277,0.2985663115978241,2,momentum_factor,0.338665246963501,value_factor,0.29637402296066284,volatility_factor,0.19098764657974243
2020-11-06,002402.SZ,cp,3,cn_a,INDUSTRY_C39,0.0013528359046604817,0.0010417919066051107,0.0013528359046604817,0.2985663115978241,2,quality_factor,0.48158708214759827,volatility_factor,0.28462347388267517,value_factor,0.14831890165805817
2020-11-06,300037.SZ,cp,3,cn_a,INDUSTRY_C39,-0.0007325468734843992,-0.0005641197142800952,-0.0007325468734843992,0.2985663115978241,0,momentum_factor,0.27758362889289856,quality_factor,0.25606900453567505,value_factor,0.25142204761505127
2020-11-06,605358.SH,cp,3,cn_a,INDUSTRY_C39,-0.018836918425990064,-0.014505934602986575,-0.018836918425990064,0.2985663115978241,0,quality_factor,0.3173659145832062,value_factor,0.2925853729248047,momentum_factor,0.21303090453147888
2020-11-06,603290.SH,cp,3,cn_a,INDUSTRY_C39,-0.01893282401831237,-0.0145797895838718,-0.01893282401831237,0.2985663115978241,0,momentum_factor,0.33196309208869934,volatility_factor,0.3139553964138031,quality_factor,0.2314641922712326
2020-11-06,300627.SZ,cp,3,cn_a,INDUSTRY_C39,-0.0218541793229301,-0.016829466948424354,-0.0218541793229301,0.2985663115978241,0,volatility_factor,0.39863574504852295,momentum_factor,0.3146553337574005,value_factor,0.23684248328208923
2020-11-06,300919.SZ,cp,3,cn_a,INDUSTRY_C39,-0.023852401990388683,-0.018368258309136853,-0.023852401990388683,0.2985663115978241,2,value_factor,0.396252304315567,quality_factor,0.3018791079521179,momentum_factor,0.20041991770267487
2020-11-06,688608.SH,cp,3,cn_a,INDUSTRY_C39,-0.023852401990388683,-0.018368258309136853,-0.023852401990388683,0.2985663115978241,2,value_factor,0.396252304315567,quality_factor,0.3018791079521179,momentum_factor,0.20041991770267487
2020-11-06,689009.SH,cp,3,cn_a,INDUSTRY_C39,-0.023852401990388683,-0.018368258309136853,-0.023852401990388683,0.2985663115978241,2,value_factor,0.396252304315567,quality_factor,0.3018791079521179,momentum_factor,0.20041991770267487
2020-11-06,002281.SZ,cp,3,cn_a,INDUSTRY_C39,-0.028273299702078963,-0.021772703327266274,-0.028273299702078963,0.2985663115978241,2,value_factor,0.5168648362159729,volatility_factor,0.325599730014801,momentum_factor,0.09653923660516739
2020-11-06,300679.SZ,cp,3,cn_a,INDUSTRY_C39,-0.029924661691380975,-0.023044384208445956,-0.029924661691380975,0.2985663115978241,1,value_factor,0.5437605977058411,volatility_factor,0.2269241213798523,quality_factor,0.18863697350025177
2020-11-06,300623.SZ,cp,3,cn_a,INDUSTRY_C39,-0.03623588589620809,-0.027904531898722752,-0.03623588589620809,0.2985663115978241,0,momentum_factor,0.44391930103302,volatility_factor,0.41602006554603577,value_factor,0.1080343946814537
2020-11-06,688027.SH,cp,3,cn_a,INDUSTRY_C39,-0.041019306652996725,-0.03158814867230325,-0.041019306652996725,0.2985663115978241,1,value_factor,0.49583372473716736,quality_factor,0.4028225839138031,momentum_factor,0.08605381846427917
2020-11-06,300054.SZ,cp,3,cn_a,INDUSTRY_C39,-0.044294359591544936,-0.0341102015194585,-0.044294359591544936,0.2985663115978241,0,quality_factor,0.42596182227134705,value_factor,0.34818920493125916,volatility_factor,0.12279008328914642
2020-11-06,688981.SH,cp,3,cn_a,INDUSTRY_C39,-0.04655182427213419,-0.03584862997599403,-0.04655182427213419,0.2985663115978241,2,value_factor,0.5238484740257263,quality_factor,0.36285561323165894,momentum_factor,0.1063217967748642
2020-11-06,002156.SZ,cp,3,cn_a,INDUSTRY_C39,-0.046820719876104915,-0.036055701109287686,-0.046820719876104915,0.2985663115978241,0,momentum_factor,0.3884478807449341,volatility_factor,0.38794952630996704,quality_factor,0.19427557289600372
2020-11-06,002465.SZ,cp,3,cn_a,INDUSTRY_C39,-0.04899916092532277,-0.037733275045840675,-0.04899916092532277,0.2985663115978241,0,value_factor,0.3943060338497162,quality_factor,0.3660005033016205,momentum_factor,0.14430354535579681
2020-11-06,300373.SZ,cp,3,cn_a,INDUSTRY_C39,-0.056769346534558694,-0.04371693977016883,-0.056769346534558694,0.2985663115978241,1,value_factor,0.45658165216445923,quality_factor,0.38804543018341064,momentum_factor,0.10905183851718903
2020-11-06,300390.SZ,cp,3,cn_a,INDUSTRY_C39,-0.05868429945175429,-0.04519160675955872,-0.05868429945175429,0.2985663115978241,0,value_factor,0.3669007420539856,quality_factor,0.3228975236415863,momentum_factor,0.16271165013313293
2020-11-06,300458.SZ,cp,3,cn_a,INDUSTRY_C39,-0.05934821358361948,-0.045702873770491204,-0.05934821358361948,0.2985663115978241,2,value_factor,0.4844358563423157,quality_factor,0.33365312218666077,momentum_factor,0.15001018345355988
2020-11-06,600171.SH,cp,3,cn_a,INDUSTRY_C39,-0.062194798472205375,-0.0478949719312341,-0.062194798472205375,0.2985663115978241,1,value_factor,0.40893667936325073,quality_factor,0.26699402928352356,volatility_factor,0.18431755900382996
2020-11-06,603160.SH,cp,3,cn_a,INDUSTRY_C39,-0.0686993715027139,-0.05290401368992864,-0.0686993715027139,0.2985663115978241,1,value_factor,0.5122721791267395,quality_factor,0.41847074031829834,momentum_factor,0.06807095557451248
2020-11-06,600764.SH,cp,3,cn_a,INDUSTRY_C39,-0.07180987455048538,-0.0552993499531631,-0.07180987455048538,0.2985663115978241,0,value_factor,0.3922041356563568,quality_factor,0.3656292259693146,momentum_factor,0.14516423642635345
2020-11-06,600562.SH,cp,3,cn_a,INDUSTRY_C39,-0.07195444913174782,-0.05541068395024373,-0.07195444913174782,0.2985663115978241,2,value_factor,0.5493203401565552,quality_factor,0.29146286845207214,volatility_factor,0.08598210662603378
2020-11-06,300474.SZ,cp,3,cn_a,INDUSTRY_C39,-0.07199611501318677,-0.05544277001324305,-0.07199611501318677,0.2985663115978241,2,value_factor,0.44075706601142883,quality_factor,0.3201492726802826,momentum_factor,0.17300637066364288
2020-11-06,002436.SZ,cp,3,cn_a,INDUSTRY_C39,-0.07252694430152044,-0.05585155104460823,-0.07252694430152044,0.2985663115978241,1,value_factor,0.4627552628517151,quality_factor,0.44085991382598877,momentum_factor,0.04851846396923065
2020-11-06,603019.SH,cp,3,cn_a,INDUSTRY_C39,-0.07388826601275117,-0.05689987770134486,-0.07388826601275117,0.2985663115978241,1,value_factor,0.4805600047111511,quality_factor,0.25174275040626526,volatility_factor,0.187221959233284
2020-11-06,300857.SZ,cp,3,cn_a,INDUSTRY_C39,-0.07423428313379203,-0.05716633857439335,-0.07423428313379203,0.2985663115978241,0,quality_factor,0.3361642360687256,value_factor,0.3315076529979706,momentum_factor,0.18656644225120544
2020-11-06,688002.SH,cp,3,cn_a,INDUSTRY_C39,-0.08155966191621283,-0.06280746644663004,-0.08155966191621283,0.2985663115978241,0,quality_factor,0.3461975157260895,value_factor,0.3430163264274597,momentum_factor,0.174790620803833
2020-11-06,688019.SH,cp,3,cn_a,INDUSTRY_C39,-0.0928856052233743,-0.07152934914609194,-0.0928856052233743,0.2985663115978241,0,value_factor,0.4001849293708801,quality_factor,0.38544175028800964,momentum_factor,0.12564925849437714
2020-11-06,002414.SZ,cp,3,cn_a,INDUSTRY_C39,-0.09317818843065576,-0.07175466162952346,-0.09317818843065576,0.2985663115978241,0,value_factor,0.30254578590393066,momentum_factor,0.24708670377731323,volatility_factor,0.23726074397563934
2020-11-06,688008.SH,cp,3,cn_a,INDUSTRY_C39,-0.09378983114968101,-0.07222567546957553,-0.09378983114968101,0.2985663115978241,1,value_factor,0.5163458585739136,quality_factor,0.420045405626297,momentum_factor,0.048481304198503494
2020-11-06,600118.SH,cp,3,cn_a,INDUSTRY_C39,-0.09466130651558881,-0.07289678124070476,-0.09466130651558881,0.2985663115978241,1,value_factor,0.5201929807662964,quality_factor,0.41068392992019653,momentum_factor,0.040827393531799316
2020-11-06,300115.SZ,cp,3,cn_a,INDUSTRY_C39,-0.09750885747773264,-0.07508962335539682,-0.09750885747773264,0.2985663115978241,2,value_factor,0.5213954448699951,quality_factor,0.37668904662132263,momentum_factor,0.09650353342294693
2020-11-06,600435.SH,cp,3,cn_a,INDUSTRY_C39,-0.09780586503360379,-0.07531834294129869,-0.09780586503360379,0.2985663115978241,2,value_factor,0.5249438881874084,quality_factor,0.3500818610191345,momentum_factor,0.12303517758846283
2020-11-06,300346.SZ,cp,3,cn_a,INDUSTRY_C39,-0.09846041209351444,-0.07582239655723094,-0.09846041209351444,0.2985663115978241,0,value_factor,0.3208407163619995,volatility_factor,0.27372294664382935,momentum_factor,0.24397629499435425
2020-11-06,603501.SH,cp,3,cn_a,INDUSTRY_C39,-0.09936286139246085,-0.07651735473547339,-0.09936286139246085,0.2985663115978241,1,value_factor,0.524651288986206,quality_factor,0.37943896651268005,momentum_factor,0.07007873058319092
2020-11-06,002185.SZ,cp,3,cn_a,INDUSTRY_C39,-0.10060980989088669,-0.07747760486569111,-0.10060980989088669,0.2985663115978241,1,value_factor,0.3882778286933899,quality_factor,0.3301912248134613,momentum_factor,0.14203526079654694
2020-11-06,300223.SZ,cp,3,cn_a,INDUSTRY_C39,-0.10686590332294475,-0.08229529744912323,-0.10686590332294475,0.2985663115978241,1,value_factor,0.48855796456336975,quality_factor,0.22493626177310944,volatility_factor,0.20632494986057281
2020-11-09,600601.SH,cp,3,cn_a,INDUSTRY_C39,0.10556282895580277,0.08711898496246895,0.10556282895580277,0.21170863509178162,0,volatility_factor,0.40546277165412903,momentum_factor,0.3632042407989502,quality_factor,0.20803269743919373
2020-11-09,600707.SH,cp,3,cn_a,INDUSTRY_C39,0.08747675031999579,0.07219288996967,0.08747675031999579,0.21170863509178162,2,value_factor,0.5649986267089844,quality_factor,0.21389782428741455,momentum_factor,0.11570914089679718
2020-11-09,600563.SH,cp,3,cn_a,INDUSTRY_C39,0.06969465760907577,0.0575176687501584,0.06969465760907577,0.21170863509178162,0,value_factor,0.33648350834846497,volatility_factor,0.2639116644859314,momentum_factor,0.22751198709011078
2020-11-09,002429.SZ,cp,3,cn_a,INDUSTRY_C39,0.06587892400993454,0.05436861674641236,0.06587892400993454,0.21170863509178162,2,value_factor,0.5656906366348267,quality_factor,0.2112710028886795,momentum_factor,0.11609429866075516
2020-11-09,002583.SZ,cp,3,cn_a,INDUSTRY_C39,0.05972228586862346,0.0492876609691017,0.05972228586862346,0.21170863509178162,1,value_factor,0.5470167398452759,quality_factor,0.3300546705722809,volatility_factor,0.10676350444555283
2020-11-09,002025.SZ,cp,3,cn_a,INDUSTRY_C39,0.055786841522748876,0.046039813974280946,0.055786841522748876,0.21170863509178162,0,momentum_factor,0.4172378480434418,volatility_factor,0.4124782085418701,value_factor,0.10886477679014206
2020-11-09,300073.SZ,cp,3,cn_a,INDUSTRY_C39,0.054242977909124676,0.044765692844051075,0.054242977909124676,0.21170863509178162,0,volatility_factor,0.402784526348114,momentum_factor,0.34286296367645264,quality_factor,0.2426127940416336
2020-11-09,002841.SZ,cp,3,cn_a,INDUSTRY_C39,0.05163968234743024,0.042617242777531206,0.05163968234743024,0.21170863509178162,2,quality_factor,0.5349637269973755,value_factor,0.3145403265953064,momentum_factor,0.11392673850059509
2020-11-09,002152.SZ,cp,3,cn_a,INDUSTRY_C39,0.04845858358164521,0.03999194277106222,0.04845858358164521,0.21170863509178162,2,value_factor,0.43297305703163147,quality_factor,0.35560184717178345,momentum_factor,0.14368045330047607
2020-11-09,603228.SH,cp,3,cn_a,INDUSTRY_C39,0.04769440586174421,0.039361281505659956,0.04769440586174421,0.21170863509178162,0,value_factor,0.40133389830589294,quality_factor,0.3993760347366333,momentum_factor,0.1130559965968132
2020-11-09,601231.SH,cp,3,cn_a,INDUSTRY_C39,0.0386469526194083,0.031894591281796114,0.0386469526194083,0.21170863509178162,1,value_factor,0.4575042426586151,quality_factor,0.2314322143793106,volatility_factor,0.20515289902687073
2020-11-09,603920.SH,cp,3,cn_a,INDUSTRY_C39,0.036420068036045,0.030056786000806468,0.036420068036045,0.21170863509178162,2,value_factor,0.4945038855075836,quality_factor,0.31236279010772705,momentum_factor,0.16625379025936127
2020-11-09,300735.SZ,cp,3,cn_a,INDUSTRY_C39,0.02839403265787568,0.023433052416405017,0.02839403265787568,0.21170863509178162,0,quality_factor,0.33893537521362305,value_factor,0.27889469265937805,momentum_factor,0.1974593698978424
2020-11-09,603486.SH,cp,3,cn_a,INDUSTRY_C39,0.02535869233775529,0.020928044069051438,0.02535869233775529,0.21170863509178162,2,momentum_factor,0.5315954089164734,volatility_factor,0.3267575800418854,value_factor,0.07379008829593658
2020-11-09,600363.SH,cp,3,cn_a,INDUSTRY_C39,0.022885427575116198,0.018886905935525555,0.022885427575116198,0.21170863509178162,0,volatility_factor,0.3504289388656616,momentum_factor,0.29938235878944397,quality_factor,0.28480422496795654
2020-11-09,300570.SZ,cp,3,cn_a,INDUSTRY_C39,0.019419814483729952,0.016026801694470946,0.019419814483729952,0.21170863509178162,0,quality_factor,0.39365464448928833,value_factor,0.2805863320827484,volatility_factor,0.17703768610954285
2020-11-09,688100.SH,cp,3,cn_a,INDUSTRY_C39,0.018895594831453297,0.015594173235614073,0.018895594831453297,0.21170863509178162,2,momentum_factor,0.5120790004730225,volatility_factor,0.2684233784675598,quality_factor,0.2071620672941208
2020-11-09,300136.SZ,cp,3,cn_a,INDUSTRY_C39,0.01790901212967315,0.014779965389814465,0.01790901212967315,0.21170863509178162,2,momentum_factor,0.47723910212516785,volatility_factor,0.2612888216972351,value_factor,0.2235451191663742
2020-11-09,002138.SZ,cp,3,cn_a,INDUSTRY_C39,0.017712773773261928,0.014618013625255305,0.017712773773261928,0.21170863509178162,2,momentum_factor,0.5228695869445801,volatility_factor,0.30062174797058105,quality_factor,0.13880030810832977
2020-11-09,002273.SZ,cp,3,cn_a,INDUSTRY_C39,0.01428377220240715,0.011788124172286467,0.01428377220240715,0.21170863509178162,0,volatility_factor,0.39232051372528076,momentum_factor,0.37289002537727356,value_factor,0.21508446335792542
2020-11-09,603659.SH,cp,3,cn_a,INDUSTRY_C39,0.013682059632609841,0.011291542289833811,0.013682059632609841,0.21170863509178162,2,momentum_factor,0.4963042438030243,volatility_factor,0.22194012999534607,quality_factor,0.21347682178020477
2020-11-09,002402.SZ,cp,3,cn_a,INDUSTRY_C39,0.006046682385857718,0.004990211394078098,0.006046682385857718,0.21170863509178162,2,quality_factor,0.6038352847099304,momentum_factor,0.18094441294670105,volatility_factor,0.17613105475902557
2020-11-09,300037.SZ,cp,3,cn_a,INDUSTRY_C39,0.005568312339142475,0.004595421738301353,0.005568312339142475,0.21170863509178162,0,momentum_factor,0.335155189037323,volatility_factor,0.250658243894577,value_factor,0.21200987696647644
2020-11-09,002130.SZ,cp,3,cn_a,INDUSTRY_C39,0.004890373755729334,0.0040359319838293994,0.004890373755729334,0.21170863509178162,0,quality_factor,0.39980190992355347,volatility_factor,0.3480737507343292,momentum_factor,0.20163193345069885
2020-11-09,600060.SH,cp,3,cn_a,INDUSTRY_C39,0.0033198392247936566,0.0027397998553421177,0.0033198392247936566,0.21170863509178162,2,quality_factor,0.38649237155914307,volatility_factor,0.2889876961708069,value_factor,0.24440455436706543
2020-11-09,600699.SH,cp,3,cn_a,INDUSTRY_C39,-0.007420774808077612,-0.00612422360512388,-0.007420774808077612,0.21170863509178162,2,quality_factor,0.303074449300766,value_factor,0.29510200023651123,momentum_factor,0.2950112819671631
2020-11-09,605358.SH,cp,3,cn_a,INDUSTRY_C39,-0.00752256353023553,-0.006208227891886006,-0.00752256353023553,0.21170863509178162,0,quality_factor,0.29018017649650574,value_factor,0.2733733654022217,momentum_factor,0.24190294742584229
2020-11-09,600498.SH,cp,3,cn_a,INDUSTRY_C39,-0.008535552762071436,-0.007044228542194497,-0.008535552762071436,0.21170863509178162,0,momentum_factor,0.29013770818710327,quality_factor,0.24769598245620728,volatility_factor,0.23110365867614746
2020-11-09,300919.SZ,cp,3,cn_a,INDUSTRY_C39,-0.008576608537851658,-0.0070781110891876,-0.008576608537851658,0.21170863509178162,2,value_factor,0.3689224123954773,momentum_factor,0.2636359930038452,quality_factor,0.2381235510110855
2020-11-09,688608.SH,cp,3,cn_a,INDUSTRY_C39,-0.008576608537851658,-0.0070781110891876,-0.008576608537851658,0.21170863509178162,2,value_factor,0.3689224123954773,momentum_factor,0.2636359930038452,quality_factor,0.2381235510110855
2020-11-09,689009.SH,cp,3,cn_a,INDUSTRY_C39,-0.008576608537851658,-0.0070781110891876,-0.008576608537851658,0.21170863509178162,2,value_factor,0.3689224123954773,momentum_factor,0.2636359930038452,quality_factor,0.2381235510110855
2020-11-09,002281.SZ,cp,3,cn_a,INDUSTRY_C39,-0.013599292730725713,-0.01122323634775213,-0.013599292730725713,0.21170863509178162,2,value_factor,0.5315011739730835,volatility_factor,0.3579736351966858,quality_factor,0.09830978512763977
2020-11-09,300627.SZ,cp,3,cn_a,INDUSTRY_C39,-0.015254142574274309,-0.012588952292098554,-0.015254142574274309,0.21170863509178162,0,volatility_factor,0.39516639709472656,momentum_factor,0.2886890172958374,value_factor,0.250091016292572
2020-11-09,300679.SZ,cp,3,cn_a,INDUSTRY_C39,-0.015805263568270937,-0.013043781914072738,-0.015805263568270937,0.21170863509178162,1,value_factor,0.611243486404419,volatility_factor,0.2569628357887268,quality_factor,0.09363395720720291
2020-11-09,600884.SH,cp,3,cn_a,INDUSTRY_C39,-0.017978041467259526,-0.014836933982667111,-0.017978041467259526,0.21170863509178162,0,momentum_factor,0.3333255350589752,volatility_factor,0.24755872786045074,value_factor,0.21601755917072296
2020-11-09,603290.SH,cp,3,cn_a,INDUSTRY_C39,-0.0193859021489035,-0.01599881449275409,-0.0193859021489035,0.21170863509178162,0,momentum_factor,0.3729012608528137,volatility_factor,0.34984949231147766,quality_factor,0.19736644625663757
2020-11-09,688981.SH,cp,3,cn_a,INDUSTRY_C39,-0.025880808076458317,-0.021358936208251134,-0.025880808076458317,0.21170863509178162,2,value_factor,0.5176448822021484,quality_factor,0.3086017966270447,momentum_factor,0.16370710730552673
2020-11-09,688027.SH,cp,3,cn_a,INDUSTRY_C39,-0.02593378222331923,-0.021402654759084094,-0.02593378222331923,0.21170863509178162,1,value_factor,0.4877660572528839,quality_factor,0.36953040957450867,momentum_factor,0.11749142408370972
2020-11-09,300458.SZ,cp,3,cn_a,INDUSTRY_C39,-0.028820483885336836,-0.023784994463050713,-0.028820483885336836,0.21170863509178162,2,value_factor,0.46472424268722534,quality_factor,0.26621145009994507,momentum_factor,0.21454894542694092
2020-11-09,002465.SZ,cp,3,cn_a,INDUSTRY_C39,-0.02934649279157846,-0.02421909955900428,-0.02934649279157846,0.21170863509178162,0,value_factor,0.3832007646560669,quality_factor,0.33906519412994385,momentum_factor,0.1708991378545761
2020-11-09,300623.SZ,cp,3,cn_a,INDUSTRY_C39,-0.03182753169584004,-0.02626665354301281,-0.03182753169584004,0.21170863509178162,0,momentum_factor,0.40862590074539185,volatility_factor,0.38085752725601196,value_factor,0.16801679134368896
2020-11-09,300474.SZ,cp,3,cn_a,INDUSTRY_C39,-0.0320723816241529,-0.026468723508679237,-0.0320723816241529,0.21170863509178162,2,value_factor,0.41789186000823975,quality_factor,0.2559802830219269,momentum_factor,0.23545542359352112
2020-11-09,300054.SZ,cp,3,cn_a,INDUSTRY_C39,-0.0346663659072323,-0.028609489154938023,-0.0346663659072323,0.21170863509178162,0,quality_factor,0.4336477518081665,value_factor,0.3554556667804718,volatility_factor,0.11646562069654465
2020-11-09,300373.SZ,cp,3,cn_a,INDUSTRY_C39,-0.03527659298704303,-0.029113097899754636,-0.03527659298704303,0.21170863509178162,1,value_factor,0.4473782777786255,quality_factor,0.3569990396499634,momentum_factor,0.13879460096359253
2020-11-09,600562.SH,cp,3,cn_a,INDUSTRY_C39,-0.03655039652298738,-0.030164343609923483,-0.03655039652298738,0.21170863509178162,2,value_factor,0.5594993829727173,quality_factor,0.21156872808933258,momentum_factor,0.1560136377811432
2020-11-09,300857.SZ,cp,3,cn_a,INDUSTRY_C39,-0.03852424347978054,-0.03179332177437827,-0.03852424347978054,0.21170863509178162,0,value_factor,0.3158462345600128,quality_factor,0.30934810638427734,momentum_factor,0.21421198546886444
2020-11-09,002156.SZ,cp,3,cn_a,INDUSTRY_C39,-0.04103239346271447,-0.0338632500134019,-0.04103239346271447,0.21170863509178162,0,volatility_factor,0.4117549955844879,momentum_factor,0.41063639521598816,quality_factor,0.15345679223537445
2020-11-09,600764.SH,cp,3,cn_a,INDUSTRY_C39,-0.04301176991850978,-0.03549679156768987,-0.04301176991850978,0.21170863509178162,0,value_factor,0.38111791014671326,quality_factor,0.3390122354030609,momentum_factor,0.17147399485111237
2020-11-09,603160.SH,cp,3,cn_a,INDUSTRY_C39,-0.044742694105716234,-0.03692529021373836,-0.044742694105716234,0.21170863509178162,1,value_factor,0.5059607028961182,quality_factor,0.38835904002189636,momentum_factor,0.09625545144081116
2020-11-09,600171.SH,cp,3,cn_a,INDUSTRY_C39,-0.04532544828146982,-0.03740622609596589,-0.04532544828146982,0.21170863509178162,1,value_factor,0.42575985193252563,quality_factor,0.26617854833602905,volatility_factor,0.18293006718158722
2020-11-09,688002.SH,cp,3,cn_a,INDUSTRY_C39,-0.04557469883106695,-0.03761192781026279,-0.04557469883106695,0.21170863509178162,0,value_factor,0.32958176732063293,quality_factor,0.3217352032661438,momentum_factor,0.1997934728860855
2020-11-09,603019.SH,cp,3,cn_a,INDUSTRY_C39,-0.047159350951427356,-0.03891971091545243,-0.047159350951427356,0.21170863509178162,1,value_factor,0.525564968585968,quality_factor,0.22753313183784485,volatility_factor,0.1999882161617279
2020-11-09,300390.SZ,cp,3,cn_a,INDUSTRY_C39,-0.04756142192732721,-0.039251532406499534,-0.04756142192732721,0.21170863509178162,0,value_factor,0.37411022186279297,quality_factor,0.3314339518547058,momentum_factor,0.15420746803283691
2020-11-09,600435.SH,cp,3,cn_a,INDUSTRY_C39,-0.05115021862766379,-0.042213297725434695,-0.05115021862766379,0.21170863509178162,2,value_factor,0.5109667778015137,quality_factor,0.28360190987586975,momentum_factor,0.1874714195728302
2020-11-09,002436.SZ,cp,3,cn_a,INDUSTRY_C39,-0.05610224993539277,-0.04630011450837959,-0.05610224993539277,0.21170863509178162,1,value_factor,0.4648100435733795,quality_factor,0.4382161498069763,volatility_factor,0.04960004240274429
2020-11-09,300115.SZ,cp,3,cn_a,INDUSTRY_C39,-0.056689046439375675,-0.04678438644682792,-0.056689046439375675,0.21170863509178162,2,value_factor,0.5152404308319092,quality_factor,0.3293803334236145,momentum_factor,0.14597223699092865
2020-11-09,688019.SH,cp,3,cn_a,INDUSTRY_C39,-0.06002074148726853,-0.04953397068635634,-0.06002074148726853,0.21170863509178162,0,value_factor,0.39330387115478516,quality_factor,0.3661883473396301,momentum_factor,0.14439181983470917
2020-11-09,603501.SH,cp,3,cn_a,INDUSTRY_C39,-0.060273960800466805,-0.04974294774539256,-0.060273960800466805,0.21170863509178162,1,value_factor,0.5283740162849426,quality_factor,0.3422345221042633,momentum_factor,0.11527790874242783
2020-11-09,688008.SH,cp,3,cn_a,INDUSTRY_C39,-0.06233806711193905,-0.05144641523000665,-0.06233806711193905,0.21170863509178162,1,value_factor,0.518574595451355,quality_factor,0.3979838490486145,momentum_factor,0.0751442015171051
2020-11-09,600118.SH,cp,3,cn_a,INDUSTRY_C39,-0.062456897941229196,-0.0515444840420346,-0.062456897941229196,0.21170863509178162,1,value_factor,0.5227066874504089,quality_factor,0.38650569319725037,momentum_factor,0.06958368420600891
2020-11-09,300223.SZ,cp,3,cn_a,INDUSTRY_C39,-0.06549465845801156,-0.05405148973143259,-0.06549465845801156,0.21170863509178162,1,value_factor,0.5452082753181458,volatility_factor,0.22728155553340912,quality_factor,0.18792931735515594
2020-11-09,300346.SZ,cp,3,cn_a,INDUSTRY_C39,-0.07526863764845623,-0.06211776793313123,-0.07526863764845623,0.21170863509178162,0,value_factor,0.338759183883667,volatility_factor,0.26307278871536255,momentum_factor,0.22531498968601227
2020-11-09,002414.SZ,cp,3,cn_a,INDUSTRY_C39,-0.0760926519500173,-0.06279781118563457,-0.0760926519500173,0.21170863509178162,0,value_factor,0.31882181763648987,quality_factor,0.23436672985553741,momentum_factor,0.22738683223724365
2020-11-09,002185.SZ,cp,3,cn_a,INDUSTRY_C39,-0.07954777378639533,-0.0656492571944654,-0.07954777378639533,0.21170863509178162,1,value_factor,0.39543527364730835,quality_factor,0.3360142111778259,volatility_factor,0.13428995013237
2020-11-10,600707.SH,cp,3,cn_a,INDUSTRY_C39,0.11825191103888016,0.11751654724574268,0.11825191103888016,0.00625749584287405,2,value_factor,0.5512496829032898,quality_factor,0.30218446254730225,volatility_factor,0.1059831827878952
2020-11-10,600601.SH,cp,3,cn_a,INDUSTRY_C39,0.11097962641963664,0.11028948620686585,0.11097962641963664,0.00625749584287405,0,volatility_factor,0.40651175379753113,momentum_factor,0.3719174861907959,quality_factor,0.1388322412967682
2020-11-10,002429.SZ,cp,3,cn_a,INDUSTRY_C39,0.08936402589629458,0.08880830490645342,0.08936402589629458,0.00625749584287405,2,value_factor,0.5516749620437622,quality_factor,0.3007774353027344,volatility_factor,0.10711569339036942
2020-11-10,600563.SH,cp,3,cn_a,INDUSTRY_C39,0.06683099643169048,0.0664153998074718,0.06683099643169048,0.00625749584287405,0,value_factor,0.3436015844345093,volatility_factor,0.2385256588459015,momentum_factor,0.2129736840724945
2020-11-10,002583.SZ,cp,3,cn_a,INDUSTRY_C39,0.06521292584098402,0.0648073913841899,0.06521292584098402,0.00625749584287405,1,value_factor,0.522011935710907,quality_factor,0.3574601709842682,volatility_factor,0.10321775823831558
2020-11-10,300073.SZ,cp,3,cn_a,INDUSTRY_C39,0.06124347052970318,0.060862620610256046,0.06124347052970318,0.00625749584287405,0,volatility_factor,0.4041108787059784,momentum_factor,0.35381659865379333,quality_factor,0.15985651314258575
2020-11-10,002152.SZ,cp,3,cn_a,INDUSTRY_C39,0.0523767407544537,0.05205102966517827,0.0523767407544537,0.00625749584287405,2,value_factor,0.4541736841201782,quality_factor,0.38749366998672485,momentum_factor,0.11014945060014725
2020-11-10,002025.SZ,cp,3,cn_a,INDUSTRY_C39,0.05067918055382779,0.050364025947718216,0.05067918055382779,0.00625749584287405,0,momentum_factor,0.4212498366832733,volatility_factor,0.4129532277584076,value_factor,0.14066578447818756
2020-11-10,603920.SH,cp,3,cn_a,INDUSTRY_C39,0.04516200377093554,0.04488115839510254,0.04516200377093554,0.00625749584287405,2,value_factor,0.5192474722862244,quality_factor,0.37052610516548157,momentum_factor,0.10863060504198074
2020-11-10,603228.SH,cp,3,cn_a,INDUSTRY_C39,0.04479608782525251,0.044517517941928875,0.04479608782525251,0.00625749584287405,0,value_factor,0.4131704568862915,quality_factor,0.4129188656806946,momentum_factor,0.09809864312410355
2020-11-10,601231.SH,cp,3,cn_a,INDUSTRY_C39,0.04077220516778447,0.0405186582848347,0.04077220516778447,0.00625749584287405,1,value_factor,0.44234752655029297,quality_factor,0.2698621451854706,volatility_factor,0.1782049536705017
2020-11-10,600060.SH,cp,3,cn_a,INDUSTRY_C39,0.03351217610950927,0.03330377659423989,0.03351217610950927,0.00625749584287405,2,value_factor,0.5475418567657471,volatility_factor,0.35794445872306824,quality_factor,0.08229982107877731
2020-11-10,002841.SZ,cp,3,cn_a,INDUSTRY_C39,0.03178803753511241,0.03159035978383673,0.03178803753511241,0.00625749584287405,2,quality_factor,0.5466874837875366,value_factor,0.27798715233802795,momentum_factor,0.10589466989040375
2020-11-10,600363.SH,cp,3,cn_a,INDUSTRY_C39,0.02853445562409504,0.028357010664952276,0.02853445562409504,0.00625749584287405,0,volatility_factor,0.39892077445983887,momentum_factor,0.3497989773750305,quality_factor,0.2445390522480011
2020-11-10,300735.SZ,cp,3,cn_a,INDUSTRY_C39,0.025635540822989043,0.025476123115713886,0.025635540822989043,0.00625749584287405,0,quality_factor,0.3434450030326843,value_factor,0.2837347984313965,momentum_factor,0.19225089251995087
2020-11-10,600699.SH,cp,3,cn_a,INDUSTRY_C39,0.018186290038091163,0.018073196396660607,0.018186290038091163,0.00625749584287405,2,value_factor,0.6084678173065186,momentum_factor,0.20327454805374146,volatility_factor,0.1732574850320816
2020-11-10,002130.SZ,cp,3,cn_a,INDUSTRY_C39,0.01723720697560495,0.017130015321843772,0.01723720697560495,0.00625749584287405,0,volatility_factor,0.39060142636299133,quality_factor,0.2786656618118286,momentum_factor,0.25195786356925964
2020-11-10,300570.SZ,cp,3,cn_a,INDUSTRY_C39,0.013747945600817707,0.013662452340404002,0.013747945600817707,0.00625749584287405,0,quality_factor,0.38468337059020996,value_factor,0.26923465728759766,volatility_factor,0.18656224012374878
2020-11-10,002273.SZ,cp,3,cn_a,INDUSTRY_C39,0.01345587055469172,0.013372193598233807,0.01345587055469172,0.00625749584287405,0,volatility_factor,0.35389629006385803,momentum_factor,0.34201666712760925,value_factor,0.2363997846841812
2020-11-10,603486.SH,cp,3,cn_a,INDUSTRY_C39,0.013304003903871972,0.013221271348527047,0.013304003903871972,0.00625749584287405,2,momentum_factor,0.47068578004837036,volatility_factor,0.28762659430503845,value_factor,0.18537651002407074
2020-11-10,688100.SH,cp,3,cn_a,INDUSTRY_C39,0.009460067849177908,0.00940123927452069,0.009460067849177908,0.00625749584287405,2,momentum_factor,0.5087663531303406,volatility_factor,0.25962477922439575,value_factor,0.17644862830638885
2020-11-10,002138.SZ,cp,3,cn_a,INDUSTRY_C39,0.009207504822613908,0.009150246841645948,0.009207504822613908,0.00625749584287405,2,momentum_factor,0.5196804404258728,volatility_factor,0.2948716878890991,value_factor,0.18433280289173126
2020-11-10,600498.SH,cp,3,cn_a,INDUSTRY_C39,0.007780600439217182,0.007732215835521528,0.007780600439217182,0.00625749584287405,0,quality_factor,0.26989924907684326,momentum_factor,0.2651328444480896,value_factor,0.25237151980400085
2020-11-10,603659.SH,cp,3,cn_a,INDUSTRY_C39,0.005338667901162974,0.00530546874993057,0.005338667901162974,0.00625749584287405,2,momentum_factor,0.49051064252853394,value_factor,0.27277177572250366,volatility_factor,0.20603051781654358
2020-11-10,300136.SZ,cp,3,cn_a,INDUSTRY_C39,0.0035313326210297223,0.0035093726025554606,0.0035313326210297223,0.00625749584287405,2,momentum_factor,0.3560884892940521,value_factor,0.2998920679092407,volatility_factor,0.1907917559146881
2020-11-10,300037.SZ,cp,3,cn_a,INDUSTRY_C39,0.0011534178558220975,0.0011462451875575569,0.0011534178558220975,0.00625749584287405,0,momentum_factor,0.29677703976631165,value_factor,0.24334834516048431,quality_factor,0.23664745688438416
2020-11-10,002402.SZ,cp,3,cn_a,INDUSTRY_C39,-0.00016360360783365194,-0.0001625862190356986,-0.00016360360783365194,0.00625749584287405,2,quality_factor,0.3756997585296631,volatility_factor,0.26175352931022644,value_factor,0.2503020465373993
2020-11-10,600884.SH,cp,3,cn_a,INDUSTRY_C39,-0.00273343582913727,-0.0027164376282460267,-0.00273343582913727,0.00625749584287405,0,momentum_factor,0.2941361367702484,value_factor,0.24783597886562347,quality_factor,0.2383500039577484
2020-11-10,605358.SH,cp,3,cn_a,INDUSTRY_C39,-0.010182623718025629,-0.010119301842416217,-0.010182623718025629,0.00625749584287405,0,quality_factor,0.30850961804389954,value_factor,0.2908921241760254,momentum_factor,0.22127902507781982
2020-11-10,300919.SZ,cp,3,cn_a,INDUSTRY_C39,-0.01575564518504761,-0.01565766680224756,-0.01575564518504761,0.00625749584287405,2,value_factor,0.4073637127876282,quality_factor,0.2987848222255707,momentum_factor,0.20033453404903412
2020-11-10,688608.SH,cp,3,cn_a,INDUSTRY_C39,-0.01575564518504761,-0.01565766680224756,-0.01575564518504761,0.00625749584287405,2,value_factor,0.4073637127876282,quality_factor,0.2987848222255707,momentum_factor,0.20033453404903412
2020-11-10,689009.SH,cp,3,cn_a,INDUSTRY_C39,-0.01575564518504761,-0.01565766680224756,-0.01575564518504761,0.00625749584287405,2,value_factor,0.4073637127876282,quality_factor,0.2987848222255707,momentum_factor,0.20033453404903412
2020-11-10,603290.SH,cp,3,cn_a,INDUSTRY_C39,-0.016662837200051052,-0.016559217334120656,-0.016662837200051052,0.00625749584287405,0,momentum_factor,0.3792419135570526,volatility_factor,0.35516226291656494,quality_factor,0.19198590517044067
2020-11-10,300627.SZ,cp,3,cn_a,INDUSTRY_C39,-0.016974281803105697,-0.016868725181289984,-0.016974281803105697,0.00625749584287405,0,volatility_factor,0.35879653692245483,value_factor,0.3138521611690521,momentum_factor,0.27850866317749023
2020-11-10,002281.SZ,cp,3,cn_a,INDUSTRY_C39,-0.02183511591198361,-0.021699331606093164,-0.02183511591198361,0.00625749584287405,2,value_factor,0.5285909175872803,volatility_factor,0.2685694098472595,quality_factor,0.13537326455116272
2020-11-10,300679.SZ,cp,3,cn_a,INDUSTRY_C39,-0.02235250834678288,-0.022213506573537767,-0.02235250834678288,0.00625749584287405,1,value_factor,0.5477398037910461,quality_factor,0.2290806621313095,volatility_factor,0.19619756937026978
2020-11-10,300623.SZ,cp,3,cn_a,INDUSTRY_C39,-0.027543389725438624,-0.02737210782930332,-0.027543389725438624,0.00625749584287405,0,momentum_factor,0.3955300450325012,volatility_factor,0.36711427569389343,value_factor,0.17808140814304352
2020-11-10,300054.SZ,cp,3,cn_a,INDUSTRY_C39,-0.02779789977410601,-0.027625035176489305,-0.02779789977410601,0.00625749584287405,0,quality_factor,0.43109554052352905,value_factor,0.3524649441242218,volatility_factor,0.11899702250957489
2020-11-10,688027.SH,cp,3,cn_a,INDUSTRY_C39,-0.028100997361691485,-0.027926247915113445,-0.028100997361691485,0.00625749584287405,1,value_factor,0.5072776675224304,quality_factor,0.40687650442123413,momentum_factor,0.07957331836223602
2020-11-10,002465.SZ,cp,3,cn_a,INDUSTRY_C39,-0.03201911708000599,-0.031820002332666936,-0.03201911708000599,0.00625749584287405,0,value_factor,0.40439462661743164,quality_factor,0.36639603972435,momentum_factor,0.14139649271965027
2020-11-10,688981.SH,cp,3,cn_a,INDUSTRY_C39,-0.032501237012636554,-0.03229912414425834,-0.032501237012636554,0.00625749584287405,2,value_factor,0.5253087878227234,quality_factor,0.36184802651405334,momentum_factor,0.0986587256193161
2020-11-10,002156.SZ,cp,3,cn_a,INDUSTRY_C39,-0.03814866697079393,-0.037911434877034716,-0.03814866697079393,0.00625749584287405,0,momentum_factor,0.4147249758243561,volatility_factor,0.41223815083503723,quality_factor,0.11595527827739716
2020-11-10,300373.SZ,cp,3,cn_a,INDUSTRY_C39,-0.03837131240946567,-0.038132695768151426,-0.03837131240946567,0.00625749584287405,1,value_factor,0.4686826467514038,quality_factor,0.3911277651786804,momentum_factor,0.1032625138759613
2020-11-10,300458.SZ,cp,3,cn_a,INDUSTRY_C39,-0.04108625966986712,-0.04083075980105966,-0.04108625966986712,0.00625749584287405,2,value_factor,0.49625369906425476,quality_factor,0.33637115359306335,momentum_factor,0.14461426436901093
2020-11-10,300390.SZ,cp,3,cn_a,INDUSTRY_C39,-0.04129061552524895,-0.04103384484486945,-0.04129061552524895,0.00625749584287405,0,value_factor,0.37476980686187744,quality_factor,0.33519071340560913,momentum_factor,0.15267975628376007
2020-11-10,600171.SH,cp,3,cn_a,INDUSTRY_C39,-0.044723211071366516,-0.04444509438094013,-0.044723211071366516,0.00625749584287405,1,value_factor,0.4195573627948761,quality_factor,0.2893622815608978,volatility_factor,0.16632382571697235
2020-11-10,300857.SZ,cp,3,cn_a,INDUSTRY_C39,-0.04511501782935557,-0.044834464641275995,-0.04511501782935557,0.00625749584287405,0,value_factor,0.3356474041938782,quality_factor,0.331543892621994,momentum_factor,0.18959596753120422
2020-11-10,600764.SH,cp,3,cn_a,INDUSTRY_C39,-0.04685046274164674,-0.046559117479745504,-0.04685046274164674,0.00625749584287405,0,value_factor,0.40215057134628296,quality_factor,0.3659328818321228,momentum_factor,0.14237435162067413
2020-11-10,603160.SH,cp,3,cn_a,INDUSTRY_C39,-0.047199638594253496,-0.04690612194013383,-0.047199638594253496,0.00625749584287405,1,value_factor,0.5154434442520142,quality_factor,0.41676148772239685,momentum_factor,0.06051801145076752
2020-11-10,300474.SZ,cp,3,cn_a,INDUSTRY_C39,-0.04894765033289228,-0.04864326345662329,-0.04894765033289228,0.00625749584287405,2,value_factor,0.45314091444015503,quality_factor,0.3204410672187805,momentum_factor,0.169608935713768
2020-11-10,002436.SZ,cp,3,cn_a,INDUSTRY_C39,-0.04975217240509646,-0.049442782511138525,-0.04975217240509646,0.00625749584287405,1,value_factor,0.4594962000846863,quality_factor,0.43615245819091797,momentum_factor,0.052576594054698944
2020-11-10,688002.SH,cp,3,cn_a,INDUSTRY_C39,-0.05056185284337736,-0.050247427853807924,-0.05056185284337736,0.00625749584287405,0,value_factor,0.3484535217285156,quality_factor,0.34306439757347107,momentum_factor,0.1761781871318817
2020-11-10,600562.SH,cp,3,cn_a,INDUSTRY_C39,-0.05196111469702249,-0.051637988228591114,-0.05196111469702249,0.00625749584287405,2,value_factor,0.547109842300415,quality_factor,0.30138301849365234,volatility_factor,0.08236260712146759
2020-11-10,603019.SH,cp,3,cn_a,INDUSTRY_C39,-0.05380584468309359,-0.05347124653840807,-0.05380584468309359,0.00625749584287405,1,value_factor,0.48749545216560364,quality_factor,0.277465283870697,volatility_factor,0.16715660691261292
2020-11-10,688019.SH,cp,3,cn_a,INDUSTRY_C39,-0.060833604150721456,-0.060455303034862184,-0.060833604150721456,0.00625749584287405,0,value_factor,0.4103983938694,quality_factor,0.38731297850608826,momentum_factor,0.12140771001577377
2020-11-10,688008.SH,cp,3,cn_a,INDUSTRY_C39,-0.06468005912176145,-0.0642778383610289,-0.06468005912176145,0.00625749584287405,1,value_factor,0.5179328918457031,quality_factor,0.41820910573005676,momentum_factor,0.0415378101170063
2020-11-10,600118.SH,cp,3,cn_a,INDUSTRY_C39,-0.06560614215637525,-0.06519816243642496,-0.06560614215637525,0.00625749584287405,1,value_factor,0.5214037299156189,quality_factor,0.40973615646362305,momentum_factor,0.03468339890241623
2020-11-10,002414.SZ,cp,3,cn_a,INDUSTRY_C39,-0.06727781735517209,-0.06685944212106662,-0.06727781735517209,0.00625749584287405,0,value_factor,0.3233707547187805,quality_factor,0.24586272239685059,momentum_factor,0.22048170864582062
2020-11-10,300115.SZ,cp,3,cn_a,INDUSTRY_C39,-0.06780070949580891,-0.06737908259376368,-0.06780070949580891,0.00625749584287405,2,value_factor,0.5229911208152771,quality_factor,0.3751503825187683,momentum_factor,0.088947594165802
2020-11-10,600435.SH,cp,3,cn_a,INDUSTRY_C39,-0.06845845123762524,-0.06803273408910604,-0.06845845123762524,0.00625749584287405,2,value_factor,0.5264503955841064,quality_factor,0.3491324782371521,momentum_factor,0.11496081948280334
2020-11-10,603501.SH,cp,3,cn_a,INDUSTRY_C39,-0.06934516565092463,-0.06891393436171489,-0.06934516565092463,0.00625749584287405,1,value_factor,0.5257081985473633,quality_factor,0.37921297550201416,momentum_factor,0.06359169632196426
2020-11-10,002185.SZ,cp,3,cn_a,INDUSTRY_C39,-0.07080664371149747,-0.07036632404442755,-0.07080664371149747,0.00625749584287405,1,value_factor,0.39487358927726746,quality_factor,0.3412421643733978,momentum_factor,0.13343840837478638
2020-11-10,300346.SZ,cp,3,cn_a,INDUSTRY_C39,-0.07233485081359463,-0.07188502780605921,-0.07233485081359463,0.00625749584287405,0,value_factor,0.3456539511680603,volatility_factor,0.23745916783809662,momentum_factor,0.21088789403438568
2020-11-10,300223.SZ,cp,3,cn_a,INDUSTRY_C39,-0.07850759099225922,-0.07801938205428127,-0.07850759099225922,0.00625749584287405,1,value_factor,0.49622344970703125,quality_factor,0.25648558139801025,volatility_factor,0.18181417882442474
2020-11-11,600707.SH,cp,3,cn_a,INDUSTRY_C39,0.1789079271243417,0.1705647670057686,0.1789079271243417,0.048914965242147446,2,value_factor,0.5273846983909607,quality_factor,0.3514277935028076,volatility_factor,0.10709238052368164
2020-11-11,002429.SZ,cp,3,cn_a,INDUSTRY_C39,0.13542503578604925,0.12910964900700939,0.13542503578604925,0.048914965242147446,2,value_factor,0.5272637009620667,quality_factor,0.35032784938812256,volatility_factor,0.1079295352101326
2020-11-11,600601.SH,cp,3,cn_a,INDUSTRY_C39,0.13240963843321166,0.12623487115236964,0.13240963843321166,0.048914965242147446,0,volatility_factor,0.408003568649292,momentum_factor,0.3833064138889313,quality_factor,0.11519721150398254
2020-11-11,002583.SZ,cp,3,cn_a,INDUSTRY_C39,0.0864995109066112,0.08246570826146321,0.0864995109066112,0.048914965242147446,1,value_factor,0.4884936511516571,quality_factor,0.36676740646362305,volatility_factor,0.10023539513349533
2020-11-11,600563.SH,cp,3,cn_a,INDUSTRY_C39,0.07765344283244427,0.07403216613597197,0.07765344283244427,0.048914965242147446,0,value_factor,0.33761394023895264,volatility_factor,0.2320023626089096,momentum_factor,0.21581384539604187
2020-11-11,300073.SZ,cp,3,cn_a,INDUSTRY_C39,0.07697950990858922,0.07338966127896268,0.07697950990858922,0.048914965242147446,0,volatility_factor,0.4060468375682831,momentum_factor,0.3687114119529724,quality_factor,0.12058739364147186
2020-11-11,600060.SH,cp,3,cn_a,INDUSTRY_C39,0.07157934506541024,0.06824132675251426,0.07157934506541024,0.048914965242147446,2,value_factor,0.5001503229141235,volatility_factor,0.2631572186946869,quality_factor,0.14712263643741608
2020-11-11,002152.SZ,cp,3,cn_a,INDUSTRY_C39,0.07083279758080493,0.0675295936291298,0.07083279758080493,0.048914965242147446,2,value_factor,0.4691925644874573,quality_factor,0.41908198595046997,momentum_factor,0.07845374941825867
2020-11-11,603920.SH,cp,3,cn_a,INDUSTRY_C39,0.06619345061962806,0.06310659714031525,0.06619345061962806,0.048914965242147446,2,value_factor,0.5184595584869385,quality_factor,0.40840351581573486,momentum_factor,0.056421902030706406
2020-11-11,603228.SH,cp,3,cn_a,INDUSTRY_C39,0.05429564582796897,0.051763632438929785,0.05429564582796897,0.048914965242147446,0,quality_factor,0.426119327545166,value_factor,0.42036983370780945,momentum_factor,0.08461920917034149
2020-11-11,002025.SZ,cp,3,cn_a,INDUSTRY_C39,0.05367012784295062,0.05116728474720106,0.05367012784295062,0.048914965242147446,0,momentum_factor,0.4244578182697296,volatility_factor,0.41341790556907654,value_factor,0.11904215812683105
2020-11-11,601231.SH,cp,3,cn_a,INDUSTRY_C39,0.05204275240308416,0.04961580004111077,0.05204275240308416,0.048914965242147446,1,value_factor,0.42432263493537903,quality_factor,0.28880661725997925,volatility_factor,0.16617368161678314
2020-11-11,600699.SH,cp,3,cn_a,INDUSTRY_C39,0.049261907049238066,0.04696463612969737,0.049261907049238066,0.048914965242147446,2,value_factor,0.5709477066993713,quality_factor,0.23437966406345367,volatility_factor,0.15613703429698944
2020-11-11,600363.SH,cp,3,cn_a,INDUSTRY_C39,0.037198984563464974,0.03546425380306878,0.037198984563464974,0.048914965242147446,0,volatility_factor,0.40619921684265137,momentum_factor,0.36866700649261475,quality_factor,0.20825885236263275
2020-11-11,600498.SH,cp,3,cn_a,INDUSTRY_C39,0.03500579538263649,0.033373341412319346,0.03500579538263649,0.048914965242147446,0,quality_factor,0.3038201928138733,value_factor,0.2803092300891876,momentum_factor,0.22810232639312744
2020-11-11,300735.SZ,cp,3,cn_a,INDUSTRY_C39,0.03304757329760002,0.03150643870404716,0.03304757329760002,0.048914965242147446,0,quality_factor,0.3524169921875,value_factor,0.29198959469795227,momentum_factor,0.1822369545698166
2020-11-11,002130.SZ,cp,3,cn_a,INDUSTRY_C39,0.031776918734041815,0.03029503961703245,0.031776918734041815,0.048914965242147446,0,volatility_factor,0.39547601342201233,momentum_factor,0.28985917568206787,value_factor,0.16447995603084564
2020-11-11,002841.SZ,cp,3,cn_a,INDUSTRY_C39,0.019187057801192127,0.018292291996162113,0.019187057801192127,0.048914965242147446,2,quality_factor,0.5722763538360596,value_factor,0.2104804515838623,volatility_factor,0.15196889638900757
2020-11-11,600884.SH,cp,3,cn_a,INDUSTRY_C39,0.017439839515338246,0.016626553173824943,0.017439839515338246,0.048914965242147446,0,quality_factor,0.28678014874458313,value_factor,0.285459041595459,momentum_factor,0.24184052646160126
2020-11-11,002273.SZ,cp,3,cn_a,INDUSTRY_C39,0.015043016821759308,0.014341503478959808,0.015043016821759308,0.048914965242147446,0,volatility_factor,0.35252615809440613,momentum_factor,0.347055047750473,value_factor,0.22986221313476562
2020-11-11,300570.SZ,cp,3,cn_a,INDUSTRY_C39,0.012925057303629644,0.01232231250433985,0.012925057303629644,0.048914965242147446,0,quality_factor,0.37360817193984985,value_factor,0.25969788432121277,volatility_factor,0.1949784755706787
2020-11-11,603486.SH,cp,3,cn_a,INDUSTRY_C39,0.002248778485944166,0.002143909354201362,0.002248778485944166,0.048914965242147446,2,momentum_factor,0.32773810625076294,value_factor,0.2757892906665802,volatility_factor,0.20421087741851807
2020-11-11,002138.SZ,cp,3,cn_a,INDUSTRY_C39,0.00155008763074675,0.0014778011227702115,0.00155008763074675,0.048914965242147446,2,momentum_factor,0.3414931893348694,value_factor,0.2902045249938965,volatility_factor,0.195760577917099
2020-11-11,688100.SH,cp,3,cn_a,INDUSTRY_C39,0.000976715719851364,0.0009311677345159586,0.000976715719851364,0.048914965242147446,2,momentum_factor,0.3488598167896271,value_factor,0.31889116764068604,volatility_factor,0.17628970742225647
2020-11-11,603659.SH,cp,3,cn_a,INDUSTRY_C39,-0.002747712879564721,-0.002619576530982798,-0.002747712879564721,0.048914965242147446,2,value_factor,0.3923523426055908,momentum_factor,0.3003797233104706,quality_factor,0.18977563083171844
2020-11-11,300037.SZ,cp,3,cn_a,INDUSTRY_C39,-0.004624982951928116,-0.004409302328191478,-0.004624982951928116,0.048914965242147446,0,quality_factor,0.2847241461277008,value_factor,0.2810693085193634,momentum_factor,0.24476860463619232
2020-11-11,002402.SZ,cp,3,cn_a,INDUSTRY_C39,-0.006505558444979396,-0.006202179401693764,-0.006505558444979396,0.048914965242147446,2,value_factor,0.5785946846008301,volatility_factor,0.36016756296157837,quality_factor,0.03184818848967552
2020-11-11,300136.SZ,cp,3,cn_a,INDUSTRY_C39,-0.012488035454934068,-0.01190567065399084,-0.012488035454934068,0.048914965242147446,2,value_factor,0.36231428384780884,quality_factor,0.26179781556129456,momentum_factor,0.244410440325737
2020-11-11,603290.SH,cp,3,cn_a,INDUSTRY_C39,-0.015409959195768382,-0.01469133392824953,-0.015409959195768382,0.048914965242147446,0,momentum_factor,0.3535132110118866,volatility_factor,0.3324844241142273,quality_factor,0.2133675515651703
2020-11-11,605358.SH,cp,3,cn_a,INDUSTRY_C39,-0.017565166242992272,-0.016746035437386397,-0.017565166242992272,0.048914965242147446,0,quality_factor,0.3345406949520111,value_factor,0.31144198775291443,momentum_factor,0.19308722019195557
2020-11-11,300627.SZ,cp,3,cn_a,INDUSTRY_C39,-0.02192755685800456,-0.02090499111250632,-0.02192755685800456,0.048914965242147446,0,volatility_factor,0.32054799795150757,value_factor,0.3113167881965637,momentum_factor,0.2677593231201172
2020-11-11,300623.SZ,cp,3,cn_a,INDUSTRY_C39,-0.02793624412329553,-0.026633470335803086,-0.02793624412329553,0.048914965242147446,0,momentum_factor,0.4245617687702179,volatility_factor,0.3945014774799347,value_factor,0.15453653037548065
2020-11-11,300919.SZ,cp,3,cn_a,INDUSTRY_C39,-0.028261182539164632,-0.026943255631987406,-0.028261182539164632,0.048914965242147446,2,value_factor,0.4374449551105499,quality_factor,0.35790950059890747,momentum_factor,0.14050927758216858
2020-11-11,688608.SH,cp,3,cn_a,INDUSTRY_C39,-0.028261182539164632,-0.026943255631987406,-0.028261182539164632,0.048914965242147446,2,value_factor,0.4374449551105499,quality_factor,0.35790950059890747,momentum_factor,0.14050927758216858
2020-11-11,689009.SH,cp,3,cn_a,INDUSTRY_C39,-0.028261182539164632,-0.026943255631987406,-0.028261182539164632,0.048914965242147446,2,value_factor,0.4374449551105499,quality_factor,0.35790950059890747,momentum_factor,0.14050927758216858
2020-11-11,300054.SZ,cp,3,cn_a,INDUSTRY_C39,-0.02878856910240001,-0.027446048145019525,-0.02878856910240001,0.048914965242147446,0,quality_factor,0.4243570566177368,value_factor,0.3457532823085785,volatility_factor,0.12479643523693085
2020-11-11,300679.SZ,cp,3,cn_a,INDUSTRY_C39,-0.03422693366716411,-0.03263080099410226,-0.03422693366716411,0.048914965242147446,1,value_factor,0.4867083728313446,quality_factor,0.2798168659210205,volatility_factor,0.16549095511436462
2020-11-11,002281.SZ,cp,3,cn_a,INDUSTRY_C39,-0.035082727749547696,-0.03344668612905899,-0.035082727749547696,0.048914965242147446,2,value_factor,0.4661145508289337,quality_factor,0.22131188213825226,volatility_factor,0.21170109510421753
2020-11-11,688027.SH,cp,3,cn_a,INDUSTRY_C39,-0.0377059793158428,-0.035947605453285875,-0.0377059793158428,0.048914965242147446,1,value_factor,0.5125573873519897,quality_factor,0.43546533584594727,momentum_factor,0.044427622109651566
2020-11-11,002156.SZ,cp,3,cn_a,INDUSTRY_C39,-0.04062571738361656,-0.03873118498076869,-0.04062571738361656,0.048914965242147446,0,momentum_factor,0.4183601140975952,volatility_factor,0.4127519726753235,quality_factor,0.1292775273323059
2020-11-11,300390.SZ,cp,3,cn_a,INDUSTRY_C39,-0.04401007611069561,-0.041957718131236554,-0.04401007611069561,0.048914965242147446,0,value_factor,0.37086260318756104,quality_factor,0.33241498470306396,momentum_factor,0.1568223237991333
2020-11-11,002465.SZ,cp,3,cn_a,INDUSTRY_C39,-0.04420810482597666,-0.0421465120110007,-0.04420810482597666,0.048914965242147446,0,value_factor,0.4209041893482208,quality_factor,0.39531388878822327,momentum_factor,0.11168041825294495
2020-11-11,688981.SH,cp,3,cn_a,INDUSTRY_C39,-0.047857267166663636,-0.04562549997095239,-0.047857267166663636,0.048914965242147446,2,value_factor,0.5221118927001953,quality_factor,0.4014846086502075,momentum_factor,0.045476283878088
2020-11-11,300373.SZ,cp,3,cn_a,INDUSTRY_C39,-0.05198027546299514,-0.04955623663941694,-0.05198027546299514,0.048914965242147446,1,value_factor,0.48354610800743103,quality_factor,0.42440396547317505,momentum_factor,0.07011597603559494
2020-11-11,600171.SH,cp,3,cn_a,INDUSTRY_C39,-0.05404638794112144,-0.05152599839957864,-0.05404638794112144,0.048914965242147446,1,value_factor,0.4081927537918091,quality_factor,0.29976460337638855,volatility_factor,0.1598917543888092
2020-11-11,002436.SZ,cp,3,cn_a,INDUSTRY_C39,-0.055206835102555876,-0.05263232947665275,-0.055206835102555876,0.048914965242147446,1,value_factor,0.45531919598579407,quality_factor,0.4365609586238861,momentum_factor,0.05615472421050072
2020-11-11,603160.SH,cp,3,cn_a,INDUSTRY_C39,-0.061906931428300616,-0.05901997471454434,-0.061906931428300616,0.048914965242147446,1,value_factor,0.5141535401344299,quality_factor,0.438280314207077,momentum_factor,0.02873190864920616
2020-11-11,600764.SH,cp,3,cn_a,INDUSTRY_C39,-0.06465547901275392,-0.06164034702493798,-0.06465547901275392,0.048914965242147446,0,value_factor,0.41860800981521606,quality_factor,0.3945256471633911,momentum_factor,0.11295855790376663
2020-11-11,300458.SZ,cp,3,cn_a,INDUSTRY_C39,-0.06512461528154723,-0.06208760567728977,-0.06512461528154723,0.048914965242147446,2,value_factor,0.5173429250717163,quality_factor,0.39739981293678284,momentum_factor,0.0842878669500351
2020-11-11,300857.SZ,cp,3,cn_a,INDUSTRY_C39,-0.0678132697238946,-0.0646508778916019,-0.0678132697238946,0.048914965242147446,0,quality_factor,0.3587181568145752,value_factor,0.35471969842910767,momentum_factor,0.16076943278312683
2020-11-11,002414.SZ,cp,3,cn_a,INDUSTRY_C39,-0.07219725430957862,-0.0688304205280463,-0.07219725430957862,0.048914965242147446,0,value_factor,0.31671595573425293,quality_factor,0.24056337773799896,momentum_factor,0.22768144309520721
2020-11-11,688002.SH,cp,3,cn_a,INDUSTRY_C39,-0.07255501575787583,-0.06917149819326374,-0.07255501575787583,0.048914965242147446,0,quality_factor,0.36844924092292786,value_factor,0.365783154964447,momentum_factor,0.14937333762645721
2020-11-11,603019.SH,cp,3,cn_a,INDUSTRY_C39,-0.07292771610873118,-0.06952681810294237,-0.07292771610873118,0.048914965242147446,1,value_factor,0.4565313160419464,quality_factor,0.30223459005355835,volatility_factor,0.15230445563793182
2020-11-11,002185.SZ,cp,3,cn_a,INDUSTRY_C39,-0.0777322804920351,-0.07410732729431485,-0.0777322804920351,0.048914965242147446,1,value_factor,0.3903903365135193,quality_factor,0.3408619165420532,momentum_factor,0.13748514652252197
2020-11-11,688019.SH,cp,3,cn_a,INDUSTRY_C39,-0.07908034421012497,-0.07539252565126148,-0.07908034421012497,0.048914965242147446,0,value_factor,0.42289653420448303,quality_factor,0.40935397148132324,momentum_factor,0.09877996146678925
2020-11-11,300474.SZ,cp,3,cn_a,INDUSTRY_C39,-0.08072163598911072,-0.07695727772441374,-0.08072163598911072,0.048914965242147446,2,value_factor,0.4789793789386749,quality_factor,0.3800133466720581,momentum_factor,0.11046429723501205
2020-11-11,600562.SH,cp,3,cn_a,INDUSTRY_C39,-0.08085402233248434,-0.07708349038684414,-0.08085402233248434,0.048914965242147446,2,value_factor,0.539071798324585,quality_factor,0.3624679446220398,volatility_factor,0.09093638509511948
2020-11-11,688008.SH,cp,3,cn_a,INDUSTRY_C39,-0.08351824153136281,-0.07962346686643956,-0.08351824153136281,0.048914965242147446,1,value_factor,0.5164488554000854,quality_factor,0.4387621283531189,volatility_factor,0.0319635346531868
2020-11-11,300346.SZ,cp,3,cn_a,INDUSTRY_C39,-0.08424250949842386,-0.08031395945129666,-0.08424250949842386,0.048914965242147446,0,value_factor,0.3395881652832031,volatility_factor,0.23064306378364563,quality_factor,0.21607360243797302
2020-11-11,600118.SH,cp,3,cn_a,INDUSTRY_C39,-0.08537633083560908,-0.08139490636802416,-0.08537633083560908,0.048914965242147446,1,value_factor,0.5195147395133972,quality_factor,0.43233081698417664,volatility_factor,0.043352194130420685
2020-11-11,603501.SH,cp,3,cn_a,INDUSTRY_C39,-0.0964173668847871,-0.09192105672647921,-0.0964173668847871,0.048914965242147446,1,value_factor,0.5228226780891418,quality_factor,0.41180384159088135,volatility_factor,0.04383126273751259
2020-11-11,300115.SZ,cp,3,cn_a,INDUSTRY_C39,-0.0969642943836831,-0.09244247890669044,-0.0969642943836831,0.048914965242147446,2,value_factor,0.52033531665802,quality_factor,0.4099746644496918,momentum_factor,0.041222259402275085
2020-11-11,600435.SH,cp,3,cn_a,INDUSTRY_C39,-0.1044913582475054,-0.09961852702711893,-0.1044913582475054,0.048914965242147446,2,value_factor,0.5228402018547058,quality_factor,0.3938741981983185,momentum_factor,0.05493902787566185
2020-11-11,300223.SZ,cp,3,cn_a,INDUSTRY_C39,-0.10972900071037647,-0.10461191821273275,-0.10972900071037647,0.048914965242147446,1,value_factor,0.4598437249660492,quality_factor,0.288908988237381,volatility_factor,0.16187943518161774
2020-11-12,600707.SH,cp,3,cn_a,INDUSTRY_C39,0.19004250371707287,0.17507904701492882,0.19004250371707287,0.0854668989777565,2,value_factor,0.5442480444908142,quality_factor,0.34411385655403137,volatility_factor,0.10364986956119537
2020-11-12,600601.SH,cp,3,cn_a,INDUSTRY_C39,0.168079723945939,0.15484555989010396,0.168079723945939,0.0854668989777565,0,volatility_factor,0.407080739736557,momentum_factor,0.37734749913215637,value_factor,0.1667642444372177
2020-11-12,002429.SZ,cp,3,cn_a,INDUSTRY_C39,0.14380955830487874,0.13248636450896267,0.14380955830487874,0.0854668989777565,2,value_factor,0.5445498824119568,quality_factor,0.34318873286247253,volatility_factor,0.10451706498861313
2020-11-12,300073.SZ,cp,3,cn_a,INDUSTRY_C39,0.09615000553349573,0.08857940202864345,0.09615000553349573,0.0854668989777565,0,volatility_factor,0.4047737717628479,momentum_factor,0.3600602447986603,value_factor,0.1740407943725586
2020-11-12,002583.SZ,cp,3,cn_a,INDUSTRY_C39,0.09582199811781746,0.08827722107108105,0.09582199811781746,0.0854668989777565,1,value_factor,0.5021846890449524,quality_factor,0.36727964878082275,volatility_factor,0.09822652488946915
2020-11-12,600563.SH,cp,3,cn_a,INDUSTRY_C39,0.09307496775915644,0.08574648479941277,0.09307496775915644,0.0854668989777565,0,value_factor,0.3558586537837982,quality_factor,0.23776276409626007,volatility_factor,0.21248646080493927
2020-11-12,002152.SZ,cp,3,cn_a,INDUSTRY_C39,0.07514725240588753,0.06923035152494228,0.07514725240588753,0.0854668989777565,2,value_factor,0.4722517430782318,quality_factor,0.4083716869354248,momentum_factor,0.08713371306657791
2020-11-12,600060.SH,cp,3,cn_a,INDUSTRY_C39,0.07207480031191897,0.06639981638627734,0.07207480031191897,0.0854668989777565,2,value_factor,0.5529525876045227,volatility_factor,0.2681703269481659,quality_factor,0.13203983008861542
2020-11-12,002025.SZ,cp,3,cn_a,INDUSTRY_C39,0.06988340236550192,0.06438096346345773,0.06988340236550192,0.0854668989777565,0,momentum_factor,0.39061644673347473,volatility_factor,0.37963926792144775,value_factor,0.1889365166425705
2020-11-12,603920.SH,cp,3,cn_a,INDUSTRY_C39,0.06942093012668757,0.06395490509620416,0.06942093012668757,0.0854668989777565,2,value_factor,0.5207678079605103,quality_factor,0.3917657732963562,momentum_factor,0.07242762297391891
2020-11-12,601231.SH,cp,3,cn_a,INDUSTRY_C39,0.05938270059547143,0.05470705987385904,0.05938270059547143,0.0854668989777565,1,value_factor,0.4386935532093048,quality_factor,0.29694709181785583,volatility_factor,0.15837784111499786
2020-11-12,603228.SH,cp,3,cn_a,INDUSTRY_C39,0.05912701250243407,0.054471504001954246,0.05912701250243407,0.0854668989777565,0,value_factor,0.42571815848350525,quality_factor,0.4237818419933319,momentum_factor,0.08532685786485672
2020-11-12,600363.SH,cp,3,cn_a,INDUSTRY_C39,0.04757491901180772,0.04382899256473766,0.04757491901180772,0.0854668989777565,0,volatility_factor,0.40496376156806946,momentum_factor,0.3602341115474701,quality_factor,0.1533375233411789
2020-11-12,600699.SH,cp,3,cn_a,INDUSTRY_C39,0.04583649397391606,0.042227446631654786,0.04583649397391606,0.0854668989777565,2,value_factor,0.576326310634613,quality_factor,0.18663229048252106,volatility_factor,0.14442715048789978
2020-11-12,002130.SZ,cp,3,cn_a,INDUSTRY_C39,0.035850080817067184,0.03302733789597212,0.035850080817067184,0.0854668989777565,0,volatility_factor,0.3921005427837372,momentum_factor,0.26508668065071106,value_factor,0.2135094702243805
2020-11-12,300735.SZ,cp,3,cn_a,INDUSTRY_C39,0.03058942324975667,0.02818089094046479,0.03058942324975667,0.0854668989777565,0,quality_factor,0.3441430330276489,value_factor,0.2854972183704376,momentum_factor,0.19118772447109222
2020-11-12,002841.SZ,cp,3,cn_a,INDUSTRY_C39,0.028408235504334793,0.026171444293741852,0.028408235504334793,0.0854668989777565,2,quality_factor,0.5607075095176697,value_factor,0.22707614302635193,momentum_factor,0.10982827842235565
2020-11-12,002273.SZ,cp,3,cn_a,INDUSTRY_C39,0.018790691865016848,0.017311161240940724,0.018790691865016848,0.0854668989777565,0,volatility_factor,0.30836471915245056,momentum_factor,0.3016977310180664,value_factor,0.26609736680984497
2020-11-12,600498.SH,cp,3,cn_a,INDUSTRY_C39,0.01753391572700892,0.016153340415336837,0.01753391572700892,0.0854668989777565,0,quality_factor,0.278096467256546,value_factor,0.26372000575065613,momentum_factor,0.2550186216831207
2020-11-12,300570.SZ,cp,3,cn_a,INDUSTRY_C39,0.01339540396047639,0.012340684393801316,0.01339540396047639,0.0854668989777565,0,quality_factor,0.3770114779472351,value_factor,0.2562457025051117,volatility_factor,0.19715669751167297
2020-11-12,603486.SH,cp,3,cn_a,INDUSTRY_C39,0.01033599484128489,0.00952216525971189,0.01033599484128489,0.0854668989777565,2,momentum_factor,0.4092152714729309,volatility_factor,0.2442576140165329,value_factor,0.2347753643989563
2020-11-12,002138.SZ,cp,3,cn_a,INDUSTRY_C39,0.006900357172969268,0.0063570408423195,0.006900357172969268,0.0854668989777565,2,momentum_factor,0.4353012442588806,value_factor,0.24654005467891693,volatility_factor,0.2393328696489334
2020-11-12,688100.SH,cp,3,cn_a,INDUSTRY_C39,0.0064513145592847276,0.0059433546861424325,0.0064513145592847276,0.0854668989777565,2,momentum_factor,0.4543396532535553,value_factor,0.2753274440765381,volatility_factor,0.22133886814117432
2020-11-12,600884.SH,cp,3,cn_a,INDUSTRY_C39,0.004540027071413424,0.004182557046650992,0.004540027071413424,0.0854668989777565,0,momentum_factor,0.27661317586898804,value_factor,0.2657361328601837,quality_factor,0.2530575096607208
2020-11-12,603659.SH,cp,3,cn_a,INDUSTRY_C39,0.001355950499288797,0.0012491864534069086,0.001355950499288797,0.0854668989777565,2,momentum_factor,0.39146947860717773,value_factor,0.3632396459579468,volatility_factor,0.15033110976219177
2020-11-12,300037.SZ,cp,3,cn_a,INDUSTRY_C39,-0.000790317820382592,-0.0007280902331064654,-0.000790317820382592,0.0854668989777565,0,momentum_factor,0.28005024790763855,value_factor,0.26061761379241943,quality_factor,0.2506343126296997
2020-11-12,300136.SZ,cp,3,cn_a,INDUSTRY_C39,-0.005056826095002008,-0.004658664647731847,-0.005056826095002008,0.0854668989777565,2,value_factor,0.3429538905620575,momentum_factor,0.29736360907554626,quality_factor,0.20737822353839874
2020-11-12,002402.SZ,cp,3,cn_a,INDUSTRY_C39,-0.005297921339400331,-0.004880776674270559,-0.005297921339400331,0.0854668989777565,2,value_factor,0.522207498550415,volatility_factor,0.3070887625217438,quality_factor,0.11254243552684784
2020-11-12,605358.SH,cp,3,cn_a,INDUSTRY_C39,-0.01473936161890059,-0.013578822291708759,-0.01473936161890059,0.0854668989777565,0,quality_factor,0.3171326518058777,value_factor,0.3023430109024048,momentum_factor,0.2107629030942917
2020-11-12,603290.SH,cp,3,cn_a,INDUSTRY_C39,-0.023019605629178968,-0.021207101239921616,-0.023019605629178968,0.0854668989777565,0,momentum_factor,0.4111030697822571,volatility_factor,0.3827585279941559,quality_factor,0.16531185805797577
2020-11-12,300627.SZ,cp,3,cn_a,INDUSTRY_C39,-0.02584980983568663,-0.023814462465127834,-0.02584980983568663,0.0854668989777565,0,value_factor,0.33955422043800354,volatility_factor,0.29303815960884094,momentum_factor,0.23473860323429108
2020-11-12,300919.SZ,cp,3,cn_a,INDUSTRY_C39,-0.026846089767246967,-0.024732297883868493,-0.026846089767246967,0.0854668989777565,2,value_factor,0.43423375487327576,quality_factor,0.33275744318962097,momentum_factor,0.16352912783622742
2020-11-12,688608.SH,cp,3,cn_a,INDUSTRY_C39,-0.026846089767246967,-0.024732297883868493,-0.026846089767246967,0.0854668989777565,2,value_factor,0.43423375487327576,quality_factor,0.33275744318962097,momentum_factor,0.16352912783622742
2020-11-12,689009.SH,cp,3,cn_a,INDUSTRY_C39,-0.026846089767246967,-0.024732297883868493,-0.026846089767246967,0.0854668989777565,2,value_factor,0.43423375487327576,quality_factor,0.33275744318962097,momentum_factor,0.16352912783622742
2020-11-12,300054.SZ,cp,3,cn_a,INDUSTRY_C39,-0.03236966642419328,-0.02982096235785263,-0.03236966642419328,0.0854668989777565,0,quality_factor,0.43162164092063904,value_factor,0.3522399365901947,volatility_factor,0.11910337954759598
2020-11-12,300623.SZ,cp,3,cn_a,INDUSTRY_C39,-0.036523223700692664,-0.03364747924469633,-0.036523223700692664,0.0854668989777565,0,momentum_factor,0.36053961515426636,volatility_factor,0.3321841359138489,value_factor,0.20568948984146118
2020-11-12,300679.SZ,cp,3,cn_a,INDUSTRY_C39,-0.03677069518700712,-0.033875465464304366,-0.03677069518700712,0.0854668989777565,1,value_factor,0.5131210684776306,quality_factor,0.2803311049938202,volatility_factor,0.1619700789451599
2020-11-12,002281.SZ,cp,3,cn_a,INDUSTRY_C39,-0.037588197112131905,-0.03462859939584212,-0.037588197112131905,0.0854668989777565,2,value_factor,0.49652522802352905,quality_factor,0.22244583070278168,volatility_factor,0.20724190771579742
2020-11-12,688027.SH,cp,3,cn_a,INDUSTRY_C39,-0.04064672847065661,-0.03744630988187628,-0.04064672847065661,0.0854668989777565,1,value_factor,0.5145928263664246,quality_factor,0.423372358083725,momentum_factor,0.053723402321338654
2020-11-12,002465.SZ,cp,3,cn_a,INDUSTRY_C39,-0.04569077515816905,-0.042093201339711506,-0.04569077515816905,0.0854668989777565,0,value_factor,0.42243579030036926,quality_factor,0.3842223584651947,momentum_factor,0.1210842877626419
2020-11-12,688981.SH,cp,3,cn_a,INDUSTRY_C39,-0.05031437735163363,-0.04635275301880881,-0.05031437735163363,0.0854668989777565,2,value_factor,0.5243668556213379,quality_factor,0.3846270442008972,momentum_factor,0.06224144995212555
2020-11-12,300390.SZ,cp,3,cn_a,INDUSTRY_C39,-0.053374006716520164,-0.04917147505701516,-0.053374006716520164,0.0854668989777565,0,value_factor,0.37815096974372864,quality_factor,0.3422439694404602,momentum_factor,0.14792297780513763
2020-11-12,002156.SZ,cp,3,cn_a,INDUSTRY_C39,-0.053958738204182004,-0.04971016629511771,-0.053958738204182004,0.0854668989777565,0,momentum_factor,0.4186303913593292,volatility_factor,0.412640780210495,value_factor,0.12117985635995865
2020-11-12,300373.SZ,cp,3,cn_a,INDUSTRY_C39,-0.05534215683595794,-0.0509846581110886,-0.05534215683595794,0.0854668989777565,1,value_factor,0.4866010248661041,quality_factor,0.41321101784706116,momentum_factor,0.07922320812940598
2020-11-12,600171.SH,cp,3,cn_a,INDUSTRY_C39,-0.06279042197881977,-0.057846466062577984,-0.06279042197881977,0.0854668989777565,1,value_factor,0.4198837876319885,quality_factor,0.3091237246990204,volatility_factor,0.15150250494480133
2020-11-12,002436.SZ,cp,3,cn_a,INDUSTRY_C39,-0.0645707963072016,-0.05948665830718759,-0.0645707963072016,0.0854668989777565,1,value_factor,0.4548811614513397,quality_factor,0.4330408573150635,momentum_factor,0.057427626103162766
2020-11-12,300857.SZ,cp,3,cn_a,INDUSTRY_C39,-0.06466512624425712,-0.059573560948237014,-0.06466512624425712,0.0854668989777565,0,value_factor,0.35096317529678345,quality_factor,0.3444826304912567,momentum_factor,0.17428982257843018
2020-11-12,300458.SZ,cp,3,cn_a,INDUSTRY_C39,-0.06627461150342288,-0.061056319488288824,-0.06627461150342288,0.0854668989777565,2,value_factor,0.5177239179611206,quality_factor,0.37524449825286865,momentum_factor,0.10485118627548218
2020-11-12,600764.SH,cp,3,cn_a,INDUSTRY_C39,-0.06676349576083773,-0.061506710259903896,-0.06676349576083773,0.0854668989777565,0,value_factor,0.42007169127464294,quality_factor,0.3834998905658722,momentum_factor,0.12232156842947006
2020-11-12,603160.SH,cp,3,cn_a,INDUSTRY_C39,-0.06747715043621698,-0.06216417360636223,-0.06747715043621698,0.0854668989777565,1,value_factor,0.5160393118858337,quality_factor,0.42742258310317993,momentum_factor,0.036696769297122955
2020-11-12,688002.SH,cp,3,cn_a,INDUSTRY_C39,-0.0712818895478694,-0.06566933737120212,-0.0712818895478694,0.0854668989777565,0,value_factor,0.36369505524635315,quality_factor,0.35608237981796265,momentum_factor,0.1608208417892456
2020-11-12,300474.SZ,cp,3,cn_a,INDUSTRY_C39,-0.08016388017366499,-0.07385198295808049,-0.08016388017366499,0.0854668989777565,2,value_factor,0.47778668999671936,quality_factor,0.35672640800476074,momentum_factor,0.1313256323337555
2020-11-12,603019.SH,cp,3,cn_a,INDUSTRY_C39,-0.0812356138282413,-0.07483933106825058,-0.0812356138282413,0.0854668989777565,1,value_factor,0.4735372066497803,quality_factor,0.3065812587738037,volatility_factor,0.1470336765050888
2020-11-12,688019.SH,cp,3,cn_a,INDUSTRY_C39,-0.08377070692274631,-0.07717481746944449,-0.08377070692274631,0.0854668989777565,0,value_factor,0.42613306641578674,quality_factor,0.4020825922489166,momentum_factor,0.10437893122434616
2020-11-12,600562.SH,cp,3,cn_a,INDUSTRY_C39,-0.08480108217914938,-0.07812406363506741,-0.08480108217914938,0.0854668989777565,2,value_factor,0.5410935878753662,quality_factor,0.3430521786212921,volatility_factor,0.08525916934013367
2020-11-12,002414.SZ,cp,3,cn_a,INDUSTRY_C39,-0.08882156958239859,-0.08182798822734882,-0.08882156958239859,0.0854668989777565,0,value_factor,0.33366742730140686,quality_factor,0.264769583940506,momentum_factor,0.20664407312870026
2020-11-12,688008.SH,cp,3,cn_a,INDUSTRY_C39,-0.09184049493864685,-0.08460921118559839,-0.09184049493864685,0.0854668989777565,1,value_factor,0.5181621313095093,quality_factor,0.4288313388824463,volatility_factor,0.03282047435641289
2020-11-12,002185.SZ,cp,3,cn_a,INDUSTRY_C39,-0.09300286485547272,-0.08568005909244172,-0.09300286485547272,0.0854668989777565,1,value_factor,0.39695852994918823,quality_factor,0.3485819697380066,momentum_factor,0.12975183129310608
2020-11-12,600118.SH,cp,3,cn_a,INDUSTRY_C39,-0.09388037705088116,-0.08648847824032252,-0.09388037705088116,0.0854668989777565,1,value_factor,0.5211308598518372,quality_factor,0.4221300184726715,volatility_factor,0.04343622550368309
2020-11-12,300346.SZ,cp,3,cn_a,INDUSTRY_C39,-0.10085581550535211,-0.09291468865764163,-0.10085581550535211,0.0854668989777565,0,value_factor,0.35767218470573425,quality_factor,0.23887136578559875,volatility_factor,0.21144184470176697
2020-11-12,300115.SZ,cp,3,cn_a,INDUSTRY_C39,-0.1028573561467003,-0.09475863315003052,-0.1028573561467003,0.0854668989777565,2,value_factor,0.5224777460098267,quality_factor,0.39464759826660156,momentum_factor,0.055862706154584885
2020-11-12,603501.SH,cp,3,cn_a,INDUSTRY_C39,-0.10365368688487218,-0.09549226285928436,-0.10365368688487218,0.0854668989777565,1,value_factor,0.5247159004211426,quality_factor,0.39808735251426697,volatility_factor,0.0423947311937809
2020-11-12,600435.SH,cp,3,cn_a,INDUSTRY_C39,-0.1085153478765981,-0.09997112920072249,-0.1085153478765981,0.0854668989777565,2,value_factor,0.5252715945243835,quality_factor,0.3751305937767029,momentum_factor,0.074075847864151
2020-11-12,300223.SZ,cp,3,cn_a,INDUSTRY_C39,-0.12126888301805663,-0.11172048387120281,-0.12126888301805663,0.0854668989777565,1,value_factor,0.47924286127090454,quality_factor,0.2929656207561493,volatility_factor,0.15654145181179047
2020-11-13,600707.SH,cp,3,cn_a,INDUSTRY_C39,0.21389075762142865,0.20046546762604045,0.21389075762142865,0.0669705718755722,2,value_factor,0.538117527961731,quality_factor,0.35347872972488403,volatility_factor,0.10428373515605927
2020-11-13,600601.SH,cp,3,cn_a,INDUSTRY_C39,0.17820841160950812,0.16702279689627353,0.17820841160950812,0.0669705718755722,0,volatility_factor,0.407490611076355,momentum_factor,0.3803812265396118,value_factor,0.16269826889038086
2020-11-13,002429.SZ,cp,3,cn_a,INDUSTRY_C39,0.16190473186479307,0.1517424508897658,0.16190473186479307,0.0669705718755722,2,value_factor,0.538080096244812,quality_factor,0.35244664549827576,volatility_factor,0.10506022721529007
2020-11-13,002583.SZ,cp,3,cn_a,INDUSTRY_C39,0.10494709519354482,0.09835987654597389,0.10494709519354482,0.0669705718755722,1,value_factor,0.49469083547592163,quality_factor,0.3688611686229706,volatility_factor,0.09793326258659363
2020-11-13,300073.SZ,cp,3,cn_a,INDUSTRY_C39,0.10301776219011544,0.09655164206665445,0.10301776219011544,0.0669705718755722,0,volatility_factor,0.4053119719028473,momentum_factor,0.3640986680984497,value_factor,0.1727638840675354
2020-11-13,600563.SH,cp,3,cn_a,INDUSTRY_C39,0.09869326095910257,0.0924985769825672,0.09869326095910257,0.0669705718755722,0,value_factor,0.35312700271606445,quality_factor,0.23761051893234253,volatility_factor,0.21292470395565033
2020-11-13,600060.SH,cp,3,cn_a,INDUSTRY_C39,0.0856561396287059,0.0802797571838123,0.0856561396287059,0.0669705718755722,2,value_factor,0.5259438157081604,volatility_factor,0.24889278411865234,quality_factor,0.1620972454547882
2020-11-13,002152.SZ,cp,3,cn_a,INDUSTRY_C39,0.08301508756560613,0.07780447614436187,0.08301508756560613,0.0669705718755722,2,value_factor,0.47502315044403076,quality_factor,0.41590791940689087,momentum_factor,0.07977768033742905
2020-11-13,603920.SH,cp,3,cn_a,INDUSTRY_C39,0.07787243555955012,0.07298461318863436,0.07787243555955012,0.0669705718755722,2,value_factor,0.5200533270835876,quality_factor,0.400431364774704,momentum_factor,0.06090223789215088
2020-11-13,002025.SZ,cp,3,cn_a,INDUSTRY_C39,0.07231771594671393,0.0677785468905776,0.07231771594671393,0.0669705718755722,0,momentum_factor,0.3995164930820465,volatility_factor,0.38780340552330017,value_factor,0.18162576854228973
2020-11-13,601231.SH,cp,3,cn_a,INDUSTRY_C39,0.06438230085595167,0.06034121432573647,0.06438230085595167,0.0669705718755722,1,value_factor,0.4339209496974945,quality_factor,0.2994818687438965,volatility_factor,0.15704834461212158
2020-11-13,603228.SH,cp,3,cn_a,INDUSTRY_C39,0.06379131445148421,0.059787322389265374,0.06379131445148421,0.0669705718755722,0,quality_factor,0.4268483817577362,value_factor,0.42678302526474,momentum_factor,0.08234962075948715
2020-11-13,600699.SH,cp,3,cn_a,INDUSTRY_C39,0.05668588389644834,0.0531278786866034,0.05668588389644834,0.0669705718755722,2,value_factor,0.5704350471496582,quality_factor,0.22365263104438782,volatility_factor,0.1439758539199829
2020-11-13,600363.SH,cp,3,cn_a,INDUSTRY_C39,0.05115940161178954,0.04794827734318302,0.05115940161178954,0.0669705718755722,0,volatility_factor,0.4054761528968811,momentum_factor,0.364087849855423,quality_factor,0.14953891932964325
2020-11-13,002130.SZ,cp,3,cn_a,INDUSTRY_C39,0.04108834187935893,0.03850934823188035,0.04108834187935893,0.0669705718755722,0,volatility_factor,0.393466979265213,momentum_factor,0.2755677402019501,value_factor,0.22699229419231415
2020-11-13,300735.SZ,cp,3,cn_a,INDUSTRY_C39,0.03406113200696639,0.03192321553105172,0.03406113200696639,0.0669705718755722,0,quality_factor,0.3469592332839966,value_factor,0.28798219561576843,momentum_factor,0.18807145953178406
2020-11-13,600498.SH,cp,3,cn_a,INDUSTRY_C39,0.02717687827683182,0.02547106603841054,0.02717687827683182,0.0669705718755722,0,quality_factor,0.2882307767868042,value_factor,0.27157795429229736,momentum_factor,0.24407914280891418
2020-11-13,002841.SZ,cp,3,cn_a,INDUSTRY_C39,0.02529208561054918,0.023704576231061203,0.02529208561054918,0.0669705718755722,2,quality_factor,0.5683740377426147,value_factor,0.2065611034631729,volatility_factor,0.1268610805273056
2020-11-13,002273.SZ,cp,3,cn_a,INDUSTRY_C39,0.0197105741237367,0.01847339970568579,0.0197105741237367,0.0669705718755722,0,volatility_factor,0.31148818135261536,momentum_factor,0.30615419149398804,value_factor,0.2620505690574646
2020-11-13,300570.SZ,cp,3,cn_a,INDUSTRY_C39,0.013652142720579819,0.012795238116003069,0.013652142720579819,0.0669705718755722,0,quality_factor,0.3740845024585724,value_factor,0.2542661726474762,volatility_factor,0.19897723197937012
2020-11-13,600884.SH,cp,3,cn_a,INDUSTRY_C39,0.011351707107586817,0.010639194039902988,0.011351707107586817,0.0669705718755722,0,value_factor,0.2759580910205841,quality_factor,0.26714614033699036,momentum_factor,0.2615832984447479
2020-11-13,603486.SH,cp,3,cn_a,INDUSTRY_C39,0.007032308107475681,0.006590910934780259,0.007032308107475681,0.0669705718755722,2,momentum_factor,0.3704303503036499,value_factor,0.25786834955215454,volatility_factor,0.22265009582042694
2020-11-13,002138.SZ,cp,3,cn_a,INDUSTRY_C39,0.00461968729828853,0.004329723195317298,0.00461968729828853,0.0669705718755722,2,momentum_factor,0.38869017362594604,value_factor,0.2724958658218384,volatility_factor,0.21464626491069794
2020-11-13,688100.SH,cp,3,cn_a,INDUSTRY_C39,0.003909992739953521,0.003664574064562942,0.003909992739953521,0.0669705718755722,2,momentum_factor,0.39905884861946106,value_factor,0.30316710472106934,volatility_factor,0.19415901601314545
2020-11-13,603659.SH,cp,3,cn_a,INDUSTRY_C39,-0.00117503602682205,-0.0011012824921179665,-0.00117503602682205,0.0669705718755722,2,value_factor,0.38484126329421997,momentum_factor,0.3401325047016144,quality_factor,0.1469050943851471
2020-11-13,300037.SZ,cp,3,cn_a,INDUSTRY_C39,-0.002731374265711742,-0.0025599339846500285,-0.002731374265711742,0.0669705718755722,0,value_factor,0.27095943689346313,momentum_factor,0.2650004029273987,quality_factor,0.2647111117839813
2020-11-13,002402.SZ,cp,3,cn_a,INDUSTRY_C39,-0.007389489801893081,-0.00692567339106917,-0.007389489801893081,0.0669705718755722,2,value_factor,0.6123769879341125,volatility_factor,0.33915483951568604,quality_factor,0.028343237936496735
2020-11-13,300136.SZ,cp,3,cn_a,INDUSTRY_C39,-0.010324031412533548,-0.009676022507538795,-0.010324031412533548,0.0669705718755722,2,value_factor,0.35738739371299744,momentum_factor,0.26919683814048767,quality_factor,0.2351374477148056
2020-11-13,605358.SH,cp,3,cn_a,INDUSTRY_C39,-0.017609337602576998,-0.016504051583815404,-0.017609337602576998,0.0669705718755722,0,quality_factor,0.32459452748298645,value_factor,0.3077600300312042,momentum_factor,0.20280171930789948
2020-11-13,603290.SH,cp,3,cn_a,INDUSTRY_C39,-0.02302627436177061,-0.02158098325028047,-0.02302627436177061,0.0669705718755722,0,momentum_factor,0.39878085255622864,volatility_factor,0.37195006012916565,quality_factor,0.17557333409786224
2020-11-13,300627.SZ,cp,3,cn_a,INDUSTRY_C39,-0.027988200293407164,-0.026231463772547065,-0.027988200293407164,0.0669705718755722,0,value_factor,0.336137980222702,volatility_factor,0.2893601357936859,momentum_factor,0.23637379705905914
2020-11-13,300919.SZ,cp,3,cn_a,INDUSTRY_C39,-0.03154295833738958,-0.029563100171935697,-0.03154295833738958,0.0669705718755722,2,value_factor,0.44054317474365234,quality_factor,0.3472593426704407,momentum_factor,0.149126335978508
2020-11-13,688608.SH,cp,3,cn_a,INDUSTRY_C39,-0.03154295833738958,-0.029563100171935697,-0.03154295833738958,0.0669705718755722,2,value_factor,0.44054317474365234,quality_factor,0.3472593426704407,momentum_factor,0.149126335978508
2020-11-13,689009.SH,cp,3,cn_a,INDUSTRY_C39,-0.03154295833738958,-0.029563100171935697,-0.03154295833738958,0.0669705718755722,2,value_factor,0.44054317474365234,quality_factor,0.3472593426704407,momentum_factor,0.149126335978508
2020-11-13,300054.SZ,cp,3,cn_a,INDUSTRY_C39,-0.033662671446519035,-0.03154976516101755,-0.033662671446519035,0.0669705718755722,0,quality_factor,0.42946434020996094,value_factor,0.3501531779766083,volatility_factor,0.1209137812256813
2020-11-13,300623.SZ,cp,3,cn_a,INDUSTRY_C39,-0.03745543333617559,-0.035104466608893735,-0.03745543333617559,0.0669705718755722,0,momentum_factor,0.3701589107513428,volatility_factor,0.3413655161857605,value_factor,0.1979309767484665
2020-11-13,300679.SZ,cp,3,cn_a,INDUSTRY_C39,-0.04139675533028363,-0.03879840348302499,-0.04139675533028363,0.0669705718755722,1,value_factor,0.5000799298286438,quality_factor,0.28803157806396484,volatility_factor,0.15775816142559052
2020-11-13,002281.SZ,cp,3,cn_a,INDUSTRY_C39,-0.04263849214030171,-0.03996220014753221,-0.04263849214030171,0.0669705718755722,2,value_factor,0.48300066590309143,quality_factor,0.23476584255695343,volatility_factor,0.19963178038597107
2020-11-13,688027.SH,cp,3,cn_a,INDUSTRY_C39,-0.04475234303359939,-0.04194337087472491,-0.04475234303359939,0.0669705718755722,1,value_factor,0.5141549110412598,quality_factor,0.42915716767311096,momentum_factor,0.04577410966157913
2020-11-13,002465.SZ,cp,3,cn_a,INDUSTRY_C39,-0.05082955254968646,-0.04763913193074992,-0.05082955254968646,0.0669705718755722,0,value_factor,0.4257384240627289,quality_factor,0.3913811445236206,momentum_factor,0.11392683535814285
2020-11-13,300390.SZ,cp,3,cn_a,INDUSTRY_C39,-0.05556986587045631,-0.05208190981002596,-0.05556986587045631,0.0669705718755722,0,value_factor,0.37681853771209717,quality_factor,0.3409726619720459,momentum_factor,0.14941751956939697
2020-11-13,002156.SZ,cp,3,cn_a,INDUSTRY_C39,-0.05582839734759922,-0.0523242140312922,-0.05582839734759922,0.0669705718755722,0,momentum_factor,0.41941970586776733,volatility_factor,0.4127649664878845,value_factor,0.11039203405380249
2020-11-13,688981.SH,cp,3,cn_a,INDUSTRY_C39,-0.05646353279710509,-0.05291948390787293,-0.05646353279710509,0.0669705718755722,2,value_factor,0.523525059223175,quality_factor,0.39379796385765076,momentum_factor,0.050604045391082764
2020-11-13,300373.SZ,cp,3,cn_a,INDUSTRY_C39,-0.0611282172978843,-0.05729137996441841,-0.0611282172978843,0.0669705718755722,1,value_factor,0.48931488394737244,quality_factor,0.42108961939811707,momentum_factor,0.07157953828573227
2020-11-13,600171.SH,cp,3,cn_a,INDUSTRY_C39,-0.06727153804491924,-0.06304910264503477,-0.06727153804491924,0.0669705718755722,1,value_factor,0.4166173040866852,quality_factor,0.31018680334091187,volatility_factor,0.15109512209892273
2020-11-13,002436.SZ,cp,3,cn_a,INDUSTRY_C39,-0.06798016451286593,-0.0637132507262742,-0.06798016451286593,0.0669705718755722,1,value_factor,0.4540489614009857,quality_factor,0.4334076941013336,momentum_factor,0.05806861072778702
2020-11-13,300857.SZ,cp,3,cn_a,INDUSTRY_C39,-0.07385390167566248,-0.06921831078659024,-0.07385390167566248,0.0669705718755722,0,value_factor,0.35543909668922424,quality_factor,0.35175761580467224,momentum_factor,0.16673223674297333
2020-11-13,603160.SH,cp,3,cn_a,INDUSTRY_C39,-0.0738930437580397,-0.06925499603627033,-0.0738930437580397,0.0669705718755722,1,value_factor,0.5155962705612183,quality_factor,0.43270641565322876,momentum_factor,0.02971787378191948
2020-11-13,600764.SH,cp,3,cn_a,INDUSTRY_C39,-0.0742748410776966,-0.06961282906783522,-0.0742748410776966,0.0669705718755722,0,value_factor,0.4233750104904175,quality_factor,0.39059144258499146,momentum_factor,0.11522321403026581
2020-11-13,300458.SZ,cp,3,cn_a,INDUSTRY_C39,-0.07560296893633675,-0.07085759427045657,-0.07560296893633675,0.0669705718755722,2,value_factor,0.5192080140113831,quality_factor,0.38748592138290405,momentum_factor,0.09062384814023972
2020-11-13,688002.SH,cp,3,cn_a,INDUSTRY_C39,-0.08039676554242321,-0.07535049844747638,-0.08039676554242321,0.0669705718755722,0,value_factor,0.36762332916259766,quality_factor,0.36276620626449585,momentum_factor,0.15392407774925232
2020-11-13,603019.SH,cp,3,cn_a,INDUSTRY_C39,-0.0892482521128013,-0.08364640339563245,-0.0892482521128013,0.0669705718755722,1,value_factor,0.4662260413169861,quality_factor,0.31030288338661194,volatility_factor,0.145117849111557
2020-11-13,688019.SH,cp,3,cn_a,INDUSTRY_C39,-0.09188956647853179,-0.08612193027375359,-0.09188956647853179,0.0669705718755722,0,value_factor,0.4284698963165283,quality_factor,0.40745455026626587,momentum_factor,0.09904377162456512
2020-11-13,300474.SZ,cp,3,cn_a,INDUSTRY_C39,-0.09235022141835171,-0.08655367126598801,-0.09235022141835171,0.0669705718755722,2,value_factor,0.48294398188591003,quality_factor,0.37089189887046814,momentum_factor,0.11751201003789902
2020-11-13,002414.SZ,cp,3,cn_a,INDUSTRY_C39,-0.09251398393685616,-0.08670715489574687,-0.09251398393685616,0.0669705718755722,0,value_factor,0.331104576587677,quality_factor,0.26197710633277893,momentum_factor,0.20960621535778046
2020-11-13,600562.SH,cp,3,cn_a,INDUSTRY_C39,-0.09603312218887336,-0.09000540725212003,-0.09603312218887336,0.0669705718755722,2,value_factor,0.539467453956604,quality_factor,0.35589781403541565,volatility_factor,0.08741769939661026
2020-11-13,002185.SZ,cp,3,cn_a,INDUSTRY_C39,-0.09752343258656189,-0.09140217527567979,-0.09752343258656189,0.0669705718755722,1,value_factor,0.3955329954624176,quality_factor,0.347913533449173,momentum_factor,0.13117647171020508
2020-11-13,688008.SH,cp,3,cn_a,INDUSTRY_C39,-0.10018601064709377,-0.0938976311893947,-0.10018601064709377,0.0669705718755722,1,value_factor,0.5177016258239746,quality_factor,0.433821439743042,volatility_factor,0.034607235342264175
2020-11-13,600118.SH,cp,3,cn_a,INDUSTRY_C39,-0.10255718246190643,-0.09611997156522067,-0.10255718246190643,0.0669705718755722,1,value_factor,0.5206034779548645,quality_factor,0.42751216888427734,volatility_factor,0.0451931394636631
2020-11-13,300346.SZ,cp,3,cn_a,INDUSTRY_C39,-0.10700186860399533,-0.10028567790911913,-0.10700186860399533,0.0669705718755722,0,value_factor,0.3549324870109558,quality_factor,0.23881638050079346,volatility_factor,0.21180829405784607
2020-11-13,300115.SZ,cp,3,cn_a,INDUSTRY_C39,-0.11473430873220401,-0.10753277564924335,-0.11473430873220401,0.0669705718755722,2,value_factor,0.5217468738555908,quality_factor,0.40281087160110474,momentum_factor,0.04538372531533241
2020-11-13,603501.SH,cp,3,cn_a,INDUSTRY_C39,-0.11487355456877464,-0.10766328143665338,-0.11487355456877464,0.0669705718755722,1,value_factor,0.523972749710083,quality_factor,0.40564706921577454,volatility_factor,0.04484941437840462
2020-11-13,600435.SH,cp,3,cn_a,INDUSTRY_C39,-0.12269426472458084,-0.1149931087559164,-0.12269426472458084,0.0669705718755722,2,value_factor,0.5243352055549622,quality_factor,0.3854018449783325,momentum_factor,0.0610007680952549
2020-11-13,300223.SZ,cp,3,cn_a,INDUSTRY_C39,-0.1340503325059683,-0.12563638976302793,-0.1340503325059683,0.0669705718755722,1,value_factor,0.4707948565483093,quality_factor,0.29785045981407166,volatility_factor,0.15389040112495422
2020-11-16,600601.SH,cp,3,cn_a,INDUSTRY_C39,0.24366154901012618,0.19796102333605514,0.24366154901012618,0.23085616528987885,0,volatility_factor,0.4049597978591919,momentum_factor,0.36191171407699585,value_factor,0.20712457597255707
2020-11-16,600707.SH,cp,3,cn_a,INDUSTRY_C39,0.18991883100902712,0.15429814958523425,0.18991883100902712,0.23085616528987885,2,value_factor,0.5538433790206909,quality_factor,0.27095532417297363,volatility_factor,0.09320690482854843
2020-11-16,002429.SZ,cp,3,cn_a,INDUSTRY_C39,0.1434131111216507,0.11651492142598796,0.1434131111216507,0.23085616528987885,2,value_factor,0.5542593598365784,quality_factor,0.2693902850151062,volatility_factor,0.09415039420127869
2020-11-16,600563.SH,cp,3,cn_a,INDUSTRY_C39,0.13292367208173603,0.10799285425946764,0.13292367208173603,0.23085616528987885,0,value_factor,0.37250879406929016,quality_factor,0.244522824883461,volatility_factor,0.20545262098312378
2020-11-16,300073.SZ,cp,3,cn_a,INDUSTRY_C39,0.13255683749688377,0.10769482221416782,0.13255683749688377,0.23085616528987885,0,volatility_factor,0.4019429683685303,momentum_factor,0.33909231424331665,value_factor,0.20096972584724426
2020-11-16,002583.SZ,cp,3,cn_a,INDUSTRY_C39,0.11437274875744309,0.09292129381004643,0.11437274875744309,0.23085616528987885,1,value_factor,0.5414864420890808,quality_factor,0.3553372621536255,volatility_factor,0.09811091423034668
2020-11-16,002025.SZ,cp,3,cn_a,INDUSTRY_C39,0.11231467604269127,0.09124922785475961,0.11231467604269127,0.23085616528987885,0,momentum_factor,0.3412396013736725,volatility_factor,0.3332687020301819,value_factor,0.2290651649236679
2020-11-16,002152.SZ,cp,3,cn_a,INDUSTRY_C39,0.08418820388516446,0.0683980835779674,0.08418820388516446,0.23085616528987885,2,value_factor,0.45982080698013306,quality_factor,0.36847415566444397,momentum_factor,0.12550915777683258
2020-11-16,603228.SH,cp,3,cn_a,INDUSTRY_C39,0.07580608720884537,0.061588094879679256,0.07580608720884537,0.23085616528987885,0,value_factor,0.4224606156349182,quality_factor,0.4089300036430359,momentum_factor,0.09926481544971466
2020-11-16,601231.SH,cp,3,cn_a,INDUSTRY_C39,0.07541229841011751,0.061268164082673604,0.07541229841011751,0.23085616528987885,1,value_factor,0.46696799993515015,quality_factor,0.28683021664619446,volatility_factor,0.16258855164051056
2020-11-16,002841.SZ,cp,3,cn_a,INDUSTRY_C39,0.07083341360147888,0.05754808298601133,0.07083341360147888,0.23085616528987885,2,quality_factor,0.5386481881141663,value_factor,0.28374043107032776,momentum_factor,0.14772573113441467
2020-11-16,603920.SH,cp,3,cn_a,INDUSTRY_C39,0.07051736425230719,0.05729131102982499,0.07051736425230719,0.23085616528987885,2,value_factor,0.5206685662269592,quality_factor,0.33704766631126404,momentum_factor,0.1378268599510193
2020-11-16,600363.SH,cp,3,cn_a,INDUSTRY_C39,0.06490100098008454,0.0527283382287696,0.06490100098008454,0.23085616528987885,0,volatility_factor,0.4022540748119354,momentum_factor,0.3401166498661041,quality_factor,0.15380622446537018
2020-11-16,600060.SH,cp,3,cn_a,INDUSTRY_C39,0.04383881358202223,0.03561651985629877,0.04383881358202223,0.23085616528987885,2,value_factor,0.5045045018196106,volatility_factor,0.27573034167289734,quality_factor,0.12455693632364273
2020-11-16,603486.SH,cp,3,cn_a,INDUSTRY_C39,0.04058240189976034,0.032970872269952434,0.04058240189976034,0.23085616528987885,2,momentum_factor,0.5231744050979614,volatility_factor,0.30156606435775757,quality_factor,0.13133932650089264
2020-11-16,002130.SZ,cp,3,cn_a,INDUSTRY_C39,0.03239362236849748,0.026317958905214822,0.03239362236849748,0.23085616528987885,0,volatility_factor,0.38446107506752014,quality_factor,0.24394579231739044,momentum_factor,0.20685015618801117
2020-11-16,300735.SZ,cp,3,cn_a,INDUSTRY_C39,0.030800308032637815,0.02502348245743652,0.030800308032637815,0.23085616528987885,0,quality_factor,0.3279745876789093,value_factor,0.27149924635887146,momentum_factor,0.20901115238666534
2020-11-16,002273.SZ,cp,3,cn_a,INDUSTRY_C39,0.028373955001102853,0.023052209882635483,0.028373955001102853,0.23085616528987885,0,value_factor,0.29117318987846375,volatility_factor,0.2851453423500061,momentum_factor,0.2727818191051483
2020-11-16,688100.SH,cp,3,cn_a,INDUSTRY_C39,0.02832289962307441,0.023010730318369477,0.02832289962307441,0.23085616528987885,2,momentum_factor,0.5040874481201172,volatility_factor,0.24472561478614807,quality_factor,0.2341054230928421
2020-11-16,002138.SZ,cp,3,cn_a,INDUSTRY_C39,0.027509967945234356,0.022350269989272475,0.027509967945234356,0.23085616528987885,2,momentum_factor,0.5146387815475464,volatility_factor,0.27608928084373474,quality_factor,0.18653587996959686
2020-11-16,300136.SZ,cp,3,cn_a,INDUSTRY_C39,0.02549661908257597,0.02071453959683467,0.02549661908257597,0.23085616528987885,2,momentum_factor,0.49246883392333984,volatility_factor,0.24710018932819366,value_factor,0.246285080909729
2020-11-16,300570.SZ,cp,3,cn_a,INDUSTRY_C39,0.02156785216689375,0.017522641973935757,0.02156785216689375,0.23085616528987885,0,quality_factor,0.3911707103252411,value_factor,0.2640145719051361,volatility_factor,0.18969884514808655
2020-11-16,603659.SH,cp,3,cn_a,INDUSTRY_C39,0.018951190506169995,0.015396754560901338,0.018951190506169995,0.23085616528987885,2,momentum_factor,0.48816239833831787,quality_factor,0.20752285420894623,volatility_factor,0.19800648093223572
2020-11-16,600699.SH,cp,3,cn_a,INDUSTRY_C39,0.013268200468041627,0.010779651336667362,0.013268200468041627,0.23085616528987885,2,value_factor,0.49701985716819763,momentum_factor,0.287361741065979,volatility_factor,0.11292974650859833
2020-11-16,300037.SZ,cp,3,cn_a,INDUSTRY_C39,0.011720602578686127,0.0095223168777257,0.011720602578686127,0.23085616528987885,0,momentum_factor,0.37485477328300476,volatility_factor,0.26668235659599304,value_factor,0.1969199776649475
2020-11-16,002402.SZ,cp,3,cn_a,INDUSTRY_C39,0.003726256016208067,0.0030273691404220093,0.003726256016208067,0.23085616528987885,2,quality_factor,0.4257439970970154,momentum_factor,0.2113054394721985,value_factor,0.1850147843360901
2020-11-16,605358.SH,cp,3,cn_a,INDUSTRY_C39,-0.007106357118277355,-0.005773507281065432,-0.007106357118277355,0.23085616528987885,0,quality_factor,0.2737061083316803,value_factor,0.2720511853694916,momentum_factor,0.2567823827266693
2020-11-16,300919.SZ,cp,3,cn_a,INDUSTRY_C39,-0.01772326468228205,-0.014399135307206434,-0.01772326468228205,0.23085616528987885,2,value_factor,0.3996599316596985,momentum_factor,0.2480425387620926,quality_factor,0.24695882201194763
2020-11-16,688608.SH,cp,3,cn_a,INDUSTRY_C39,-0.01772326468228205,-0.014399135307206434,-0.01772326468228205,0.23085616528987885,2,value_factor,0.3996599316596985,momentum_factor,0.2480425387620926,quality_factor,0.24695882201194763
2020-11-16,689009.SH,cp,3,cn_a,INDUSTRY_C39,-0.01772326468228205,-0.014399135307206434,-0.01772326468228205,0.23085616528987885,2,value_factor,0.3996599316596985,momentum_factor,0.2480425387620926,quality_factor,0.24695882201194763
2020-11-16,300627.SZ,cp,3,cn_a,INDUSTRY_C39,-0.03337689766762372,-0.027116813649538912,-0.03337689766762372,0.23085616528987885,0,value_factor,0.3646456003189087,volatility_factor,0.30292510986328125,momentum_factor,0.2169599086046219
2020-11-16,600498.SH,cp,3,cn_a,INDUSTRY_C39,-0.03429754377447668,-0.027864785769815437,-0.03429754377447668,0.23085616528987885,0,momentum_factor,0.32161909341812134,volatility_factor,0.245387464761734,value_factor,0.21688441932201385
2020-11-16,002281.SZ,cp,3,cn_a,INDUSTRY_C39,-0.035752019966569515,-0.02904646419455803,-0.035752019966569515,0.23085616528987885,2,value_factor,0.6042150855064392,volatility_factor,0.25830888748168945,quality_factor,0.13708579540252686
2020-11-16,300679.SZ,cp,3,cn_a,INDUSTRY_C39,-0.036853443249214475,-0.02994130739425177,-0.036853443249214475,0.23085616528987885,1,value_factor,0.5775272846221924,quality_factor,0.21783925592899323,volatility_factor,0.17819780111312866
2020-11-16,600884.SH,cp,3,cn_a,INDUSTRY_C39,-0.037865611792174396,-0.030763636240829784,-0.037865611792174396,0.23085616528987885,0,momentum_factor,0.37104055285453796,volatility_factor,0.2618333399295807,value_factor,0.20301254093647003
2020-11-16,603290.SH,cp,3,cn_a,INDUSTRY_C39,-0.04266475083576002,-0.03466266126164152,-0.04266475083576002,0.23085616528987885,0,momentum_factor,0.4530286490917206,volatility_factor,0.4173378050327301,quality_factor,0.08207022398710251
2020-11-16,688027.SH,cp,3,cn_a,INDUSTRY_C39,-0.046687081498689796,-0.03793057405898026,-0.046687081498689796,0.23085616528987885,1,value_factor,0.5129161477088928,quality_factor,0.38726940751075745,momentum_factor,0.0954539105296135
2020-11-16,002465.SZ,cp,3,cn_a,INDUSTRY_C39,-0.04859984699317875,-0.03948458623787843,-0.04859984699317875,0.23085616528987885,0,value_factor,0.40685877203941345,quality_factor,0.34574317932128906,momentum_factor,0.15900523960590363
2020-11-16,300054.SZ,cp,3,cn_a,INDUSTRY_C39,-0.049288197679436575,-0.040043831661784074,-0.049288197679436575,0.23085616528987885,0,quality_factor,0.44322800636291504,value_factor,0.3633056879043579,volatility_factor,0.10948359221220016
2020-11-16,688981.SH,cp,3,cn_a,INDUSTRY_C39,-0.051023416357887326,-0.04145359724315478,-0.051023416357887326,0.23085616528987885,2,value_factor,0.5296244025230408,quality_factor,0.33000028133392334,momentum_factor,0.1299694925546646
2020-11-16,300857.SZ,cp,3,cn_a,INDUSTRY_C39,-0.05522411348813984,-0.044866422557644836,-0.05522411348813984,0.23085616528987885,0,value_factor,0.327539324760437,quality_factor,0.3036482632160187,momentum_factor,0.21627938747406006
2020-11-16,300458.SZ,cp,3,cn_a,INDUSTRY_C39,-0.059089600559652344,-0.04800690893917525,-0.059089600559652344,0.23085616528987885,2,value_factor,0.4951244592666626,quality_factor,0.2925078868865967,momentum_factor,0.18362544476985931
2020-11-16,300623.SZ,cp,3,cn_a,INDUSTRY_C39,-0.06073723712234059,-0.049345519078365124,-0.06073723712234059,0.23085616528987885,0,momentum_factor,0.3126184940338135,volatility_factor,0.2861942648887634,value_factor,0.2442401498556137
2020-11-16,300373.SZ,cp,3,cn_a,INDUSTRY_C39,-0.0621313541760755,-0.05047815916757403,-0.0621313541760755,0.23085616528987885,1,value_factor,0.4744266867637634,quality_factor,0.37146133184432983,momentum_factor,0.11916878074407578
2020-11-16,300474.SZ,cp,3,cn_a,INDUSTRY_C39,-0.06531885131065267,-0.053067817639356196,-0.06531885131065267,0.23085616528987885,2,value_factor,0.4503202736377716,quality_factor,0.2743183672428131,momentum_factor,0.21104374527931213
2020-11-16,688002.SH,cp,3,cn_a,INDUSTRY_C39,-0.06779013729232491,-0.055075595657165466,-0.06779013729232491,0.23085616528987885,0,value_factor,0.34374338388442993,quality_factor,0.319180965423584,momentum_factor,0.1984579712152481
2020-11-16,600764.SH,cp,3,cn_a,INDUSTRY_C39,-0.07097302736499264,-0.05766151115557383,-0.07097302736499264,0.23085616528987885,0,value_factor,0.40447425842285156,quality_factor,0.34537944197654724,momentum_factor,0.15993091464042664
2020-11-16,603160.SH,cp,3,cn_a,INDUSTRY_C39,-0.08015075334075007,-0.06511788674474539,-0.08015075334075007,0.23085616528987885,1,value_factor,0.5187987685203552,quality_factor,0.39817747473716736,momentum_factor,0.07331671565771103
2020-11-16,600562.SH,cp,3,cn_a,INDUSTRY_C39,-0.08083579787580818,-0.06567444611056161,-0.08083579787580818,0.23085616528987885,2,value_factor,0.5508539080619812,quality_factor,0.26473158597946167,momentum_factor,0.11316996812820435
2020-11-16,300390.SZ,cp,3,cn_a,INDUSTRY_C39,-0.08245495407863501,-0.06698991759202709,-0.08245495407863501,0.23085616528987885,0,value_factor,0.38514986634254456,quality_factor,0.34961238503456116,momentum_factor,0.13989873230457306
2020-11-16,600171.SH,cp,3,cn_a,INDUSTRY_C39,-0.08488876993813418,-0.06896725328621145,-0.08488876993813418,0.23085616528987885,1,value_factor,0.4383612871170044,quality_factor,0.3068831264972687,volatility_factor,0.15098460018634796
2020-11-16,002156.SZ,cp,3,cn_a,INDUSTRY_C39,-0.08714565228580372,-0.07080084065733652,-0.08714565228580372,0.23085616528987885,0,momentum_factor,0.3993191421031952,volatility_factor,0.39626431465148926,value_factor,0.18524762988090515
2020-11-16,002436.SZ,cp,3,cn_a,INDUSTRY_C39,-0.09446858887690121,-0.07675030632924054,-0.09446858887690121,0.23085616528987885,1,value_factor,0.4582654535770416,quality_factor,0.4305722713470459,volatility_factor,0.05609514191746712
2020-11-16,603019.SH,cp,3,cn_a,INDUSTRY_C39,-0.09552826244075802,-0.07761123027869199,-0.09552826244075802,0.23085616528987885,1,value_factor,0.5192968845367432,quality_factor,0.28775712847709656,volatility_factor,0.15568174421787262
2020-11-16,688019.SH,cp,3,cn_a,INDUSTRY_C39,-0.09760461927295226,-0.07929815102996285,-0.09760461927295226,0.23085616528987885,0,value_factor,0.41605499386787415,quality_factor,0.3742271661758423,momentum_factor,0.131526380777359
2020-11-16,600435.SH,cp,3,cn_a,INDUSTRY_C39,-0.10411327208169485,-0.08458605786545714,-0.10411327208169485,0.23085616528987885,2,value_factor,0.5312397480010986,quality_factor,0.3124693036079407,momentum_factor,0.15217478573322296
2020-11-16,300115.SZ,cp,3,cn_a,INDUSTRY_C39,-0.10875238390715045,-0.08835506995648434,-0.10875238390715045,0.23085616528987885,2,value_factor,0.527010440826416,quality_factor,0.3469187617301941,momentum_factor,0.11543717235326767
2020-11-16,688008.SH,cp,3,cn_a,INDUSTRY_C39,-0.11168447894018395,-0.09073722887985947,-0.11168447894018395,0.23085616528987885,1,value_factor,0.5209112167358398,quality_factor,0.40170609951019287,momentum_factor,0.0529114194214344
2020-11-16,600118.SH,cp,3,cn_a,INDUSTRY_C39,-0.11331100235552112,-0.09205868579863996,-0.11331100235552112,0.23085616528987885,1,value_factor,0.5241870284080505,quality_factor,0.39288780093193054,momentum_factor,0.04797760397195816
2020-11-16,603501.SH,cp,3,cn_a,INDUSTRY_C39,-0.11455562368903077,-0.09306986919564453,-0.11455562368903077,0.23085616528987885,1,value_factor,0.5291308164596558,quality_factor,0.3549885153770447,momentum_factor,0.08649229258298874
2020-11-16,300223.SZ,cp,3,cn_a,INDUSTRY_C39,-0.13742422713015293,-0.11164929692177639,-0.13742422713015293,0.23085616528987885,1,value_factor,0.5343706011772156,quality_factor,0.2665793299674988,volatility_factor,0.16973406076431274
2020-11-16,002414.SZ,cp,3,cn_a,INDUSTRY_C39,-0.13746177125531578,-0.111679799368583,-0.13746177125531578,0.23085616528987885,0,value_factor,0.34775492548942566,quality_factor,0.2814752757549286,momentum_factor,0.1900203675031662
2020-11-16,002185.SZ,cp,3,cn_a,INDUSTRY_C39,-0.13914741237167744,-0.11304928602631747,-0.13914741237167744,0.23085616528987885,1,value_factor,0.40444862842559814,quality_factor,0.3532608449459076,momentum_factor,0.12197224050760269
2020-11-16,300346.SZ,cp,3,cn_a,INDUSTRY_C39,-0.14365249929307455,-0.11670941057531059,-0.14365249929307455,0.23085616528987885,0,value_factor,0.37437155842781067,quality_factor,0.24512921273708344,volatility_factor,0.2047778069972992
2020-11-17,600707.SH,cp,3,cn_a,INDUSTRY_C39,0.32287298355289973,0.22056996299442355,0.32287298355289973,0.46381205320358276,2,value_factor,0.4693186581134796,quality_factor,0.36793020367622375,volatility_factor,0.10164233297109604
2020-11-17,002429.SZ,cp,3,cn_a,INDUSTRY_C39,0.24470484776366774,0.1671695743070588,0.24470484776366774,0.46381205320358276,2,value_factor,0.46904411911964417,quality_factor,0.36716940999031067,volatility_factor,0.10224403440952301
2020-11-17,600601.SH,cp,3,cn_a,INDUSTRY_C39,0.18180038923855985,0.12419653290734678,0.18180038923855985,0.46381205320358276,0,volatility_factor,0.41024357080459595,momentum_factor,0.4000411629676819,quality_factor,0.1070270761847496
2020-11-17,600060.SH,cp,3,cn_a,INDUSTRY_C39,0.15769834805797367,0.10773127690236128,0.15769834805797367,0.46381205320358276,2,value_factor,0.42581120133399963,quality_factor,0.25162264704704285,volatility_factor,0.1938125193119049
2020-11-17,002583.SZ,cp,3,cn_a,INDUSTRY_C39,0.13880468615979105,0.09482411365861931,0.13880468615979105,0.46381205320358276,1,value_factor,0.45388108491897583,quality_factor,0.37513116002082825,volatility_factor,0.09808866679668427
2020-11-17,600699.SH,cp,3,cn_a,INDUSTRY_C39,0.11960168257216354,0.08170562432545769,0.11960168257216354,0.46381205320358276,2,value_factor,0.4840110242366791,quality_factor,0.3256341814994812,volatility_factor,0.13153745234012604
2020-11-17,603920.SH,cp,3,cn_a,INDUSTRY_C39,0.11708659275135352,0.079987446289627,0.11708659275135352,0.46381205320358276,2,value_factor,0.5154455304145813,quality_factor,0.4483430087566376,volatility_factor,0.03473346307873726
2020-11-17,002152.SZ,cp,3,cn_a,INDUSTRY_C39,0.1170497722499773,0.07996229244573266,0.1170497722499773,0.46381205320358276,2,value_factor,0.4852101504802704,quality_factor,0.458140105009079,momentum_factor,0.03990999981760979
2020-11-17,300073.SZ,cp,3,cn_a,INDUSTRY_C39,0.11272973206726533,0.07701106657124235,0.11272973206726533,0.46381205320358276,0,volatility_factor,0.40893661975860596,momentum_factor,0.39056387543678284,value_factor,0.11009763181209564
2020-11-17,600563.SH,cp,3,cn_a,INDUSTRY_C39,0.10552399704465626,0.07208848466366041,0.10552399704465626,0.46381205320358276,0,value_factor,0.32349270582199097,volatility_factor,0.23116926848888397,momentum_factor,0.22741304337978363
2020-11-17,600498.SH,cp,3,cn_a,INDUSTRY_C39,0.10129824544048456,0.0692016718225883,0.10129824544048456,0.46381205320358276,0,quality_factor,0.34862369298934937,value_factor,0.3158988356590271,momentum_factor,0.1795240193605423
2020-11-17,603228.SH,cp,3,cn_a,INDUSTRY_C39,0.08003705604178088,0.054677137415016355,0.08003705604178088,0.46381205320358276,0,quality_factor,0.4432391822338104,value_factor,0.42753300070762634,momentum_factor,0.06768877804279327
2020-11-17,601231.SH,cp,3,cn_a,INDUSTRY_C39,0.07979622813937559,0.05451261636733676,0.07979622813937559,0.46381205320358276,1,value_factor,0.4019158184528351,quality_factor,0.3051122725009918,volatility_factor,0.15663675963878632
2020-11-17,600884.SH,cp,3,cn_a,INDUSTRY_C39,0.06509018846458495,0.0444662179627095,0.06509018846458495,0.46381205320358276,0,quality_factor,0.34684914350509644,value_factor,0.3303406238555908,momentum_factor,0.17742913961410522
2020-11-17,002130.SZ,cp,3,cn_a,INDUSTRY_C39,0.06380120459957904,0.04358565149264998,0.06380120459957904,0.46381205320358276,0,volatility_factor,0.40225791931152344,momentum_factor,0.34212812781333923,value_factor,0.24972374737262726
2020-11-17,002025.SZ,cp,3,cn_a,INDUSTRY_C39,0.061868255267412006,0.04226516144119194,0.061868255267412006,0.46381205320358276,0,momentum_factor,0.4284845292568207,volatility_factor,0.41405943036079407,quality_factor,0.09789692610502243
2020-11-17,600363.SH,cp,3,cn_a,INDUSTRY_C39,0.05607300234586908,0.03830614725430623,0.05607300234586908,0.46381205320358276,0,volatility_factor,0.4089341461658478,momentum_factor,0.38939693570137024,quality_factor,0.17606492340564728
2020-11-17,300735.SZ,cp,3,cn_a,INDUSTRY_C39,0.05414939122875591,0.036992036583762,0.05414939122875591,0.46381205320358276,0,quality_factor,0.36605581641197205,value_factor,0.30419009923934937,momentum_factor,0.1671026051044464
2020-11-17,002273.SZ,cp,3,cn_a,INDUSTRY_C39,0.01913216109259307,0.013070093439716983,0.01913216109259307,0.46381205320358276,0,momentum_factor,0.37260955572128296,volatility_factor,0.36881503462791443,value_factor,0.20600737631320953
2020-11-17,300570.SZ,cp,3,cn_a,INDUSTRY_C39,0.013333641220469752,0.009108847442784195,0.013333641220469752,0.46381205320358276,0,quality_factor,0.3573034107685089,value_factor,0.2477756291627884,volatility_factor,0.20578798651695251
2020-11-17,002841.SZ,cp,3,cn_a,INDUSTRY_C39,-0.005927069868511844,-0.004049064642005967,-0.005927069868511844,0.46381205320358276,2,volatility_factor,0.3743906617164612,quality_factor,0.3661997318267822,momentum_factor,0.1304694265127182
2020-11-17,603290.SH,cp,3,cn_a,INDUSTRY_C39,-0.012415965656458517,-0.008481939415461798,-0.012415965656458517,0.46381205320358276,0,momentum_factor,0.308768093585968,volatility_factor,0.2931762635707855,quality_factor,0.25060540437698364
2020-11-17,002138.SZ,cp,3,cn_a,INDUSTRY_C39,-0.015331857923267786,-0.010473924753809163,-0.015331857923267786,0.46381205320358276,2,value_factor,0.3819771409034729,quality_factor,0.3263131380081177,momentum_factor,0.18246757984161377
2020-11-17,688100.SH,cp,3,cn_a,INDUSTRY_C39,-0.01766299313943108,-0.01206643460925172,-0.01766299313943108,0.46381205320358276,2,value_factor,0.4138872027397156,quality_factor,0.333780974149704,momentum_factor,0.16778410971164703
2020-11-17,300037.SZ,cp,3,cn_a,INDUSTRY_C39,-0.018269095504602758,-0.012480492096458129,-0.018269095504602758,0.46381205320358276,0,quality_factor,0.34456929564476013,value_factor,0.32629191875457764,momentum_factor,0.1804683804512024
2020-11-17,002402.SZ,cp,3,cn_a,INDUSTRY_C39,-0.02046766342180114,-0.013982438895477692,-0.02046766342180114,0.46381205320358276,2,value_factor,0.44707685708999634,quality_factor,0.22274500131607056,volatility_factor,0.21288952231407166
2020-11-17,603659.SH,cp,3,cn_a,INDUSTRY_C39,-0.020676602805931133,-0.014125175372585508,-0.020676602805931133,0.46381205320358276,2,value_factor,0.4694329798221588,quality_factor,0.3651658892631531,momentum_factor,0.1259928196668625
2020-11-17,603486.SH,cp,3,cn_a,INDUSTRY_C39,-0.0222742729318252,-0.015216620177499057,-0.0222742729318252,0.46381205320358276,2,value_factor,0.36065706610679626,quality_factor,0.3242863416671753,momentum_factor,0.1896623820066452
2020-11-17,300623.SZ,cp,3,cn_a,INDUSTRY_C39,-0.029875838865251372,-0.020409613094358493,-0.029875838865251372,0.46381205320358276,0,momentum_factor,0.44602474570274353,volatility_factor,0.4163583517074585,value_factor,0.07537563890218735
2020-11-17,300627.SZ,cp,3,cn_a,INDUSTRY_C39,-0.033671894195446896,-0.023002879878381094,-0.033671894195446896,0.46381205320358276,0,value_factor,0.2997502386569977,volatility_factor,0.2918594181537628,momentum_factor,0.2678275406360626
2020-11-17,300054.SZ,cp,3,cn_a,INDUSTRY_C39,-0.03413390353584142,-0.02331850053512521,-0.03413390353584142,0.46381205320358276,0,quality_factor,0.41255083680152893,value_factor,0.3342527449131012,volatility_factor,0.13476420938968658
2020-11-17,605358.SH,cp,3,cn_a,INDUSTRY_C39,-0.036119390302372975,-0.02467488141840847,-0.036119390302372975,0.46381205320358276,0,quality_factor,0.3694591522216797,value_factor,0.33763229846954346,momentum_factor,0.1556190550327301
2020-11-17,002156.SZ,cp,3,cn_a,INDUSTRY_C39,-0.04680195116244982,-0.03197264918969918,-0.04680195116244982,0.46381205320358276,0,momentum_factor,0.41316819190979004,volatility_factor,0.40373456478118896,quality_factor,0.17131315171718597
2020-11-17,300136.SZ,cp,3,cn_a,INDUSTRY_C39,-0.04891641291473399,-0.03341713904859761,-0.04891641291473399,0.46381205320358276,2,value_factor,0.4219651520252228,quality_factor,0.3707718551158905,momentum_factor,0.13307848572731018
2020-11-17,300390.SZ,cp,3,cn_a,INDUSTRY_C39,-0.052898440695627186,-0.03613745250006505,-0.052898440695627186,0.46381205320358276,0,value_factor,0.36184605956077576,quality_factor,0.3240440785884857,momentum_factor,0.16687734425067902
2020-11-17,300919.SZ,cp,3,cn_a,INDUSTRY_C39,-0.058023777374853945,-0.039638814891030744,-0.058023777374853945,0.46381205320358276,2,value_factor,0.46870851516723633,quality_factor,0.42473772168159485,momentum_factor,0.07358325272798538
2020-11-17,688608.SH,cp,3,cn_a,INDUSTRY_C39,-0.058023777374853945,-0.039638814891030744,-0.058023777374853945,0.46381205320358276,2,value_factor,0.46870851516723633,quality_factor,0.42473772168159485,momentum_factor,0.07358325272798538
2020-11-17,689009.SH,cp,3,cn_a,INDUSTRY_C39,-0.058023777374853945,-0.039638814891030744,-0.058023777374853945,0.46381205320358276,2,value_factor,0.46870851516723633,quality_factor,0.42473772168159485,momentum_factor,0.07358325272798538
2020-11-17,688027.SH,cp,3,cn_a,INDUSTRY_C39,-0.06161113396777155,-0.04208950959530908,-0.06161113396777155,0.46381205320358276,1,value_factor,0.5107076168060303,quality_factor,0.46379324793815613,volatility_factor,0.021924464032053947
2020-11-17,300679.SZ,cp,3,cn_a,INDUSTRY_C39,-0.06212189285615793,-0.04243843339769962,-0.06212189285615793,0.46381205320358276,1,value_factor,0.4374130368232727,quality_factor,0.31522616744041443,volatility_factor,0.14485615491867065
2020-11-17,002281.SZ,cp,3,cn_a,INDUSTRY_C39,-0.0658129351777174,-0.04495996077765718,-0.0658129351777174,0.46381205320358276,2,value_factor,0.4184909760951996,quality_factor,0.27654290199279785,volatility_factor,0.17604003846645355
2020-11-17,002436.SZ,cp,3,cn_a,INDUSTRY_C39,-0.07133178898992885,-0.048730153525703174,-0.07133178898992885,0.46381205320358276,1,value_factor,0.4498140811920166,quality_factor,0.43845003843307495,momentum_factor,0.06053021922707558
2020-11-17,002465.SZ,cp,3,cn_a,INDUSTRY_C39,-0.07486441266873778,-0.05114345756103583,-0.07486441266873778,0.46381205320358276,0,value_factor,0.4392617642879486,quality_factor,0.43172791600227356,momentum_factor,0.07487788051366806
2020-11-17,600171.SH,cp,3,cn_a,INDUSTRY_C39,-0.07776325793898382,-0.05312379728146949,-0.07776325793898382,0.46381205320358276,1,value_factor,0.39151623845100403,quality_factor,0.3082454800605774,volatility_factor,0.15552778542041779
2020-11-17,688981.SH,cp,3,cn_a,INDUSTRY_C39,-0.08489368889281433,-0.05799493538139355,-0.08489368889281433,0.46381205320358276,2,value_factor,0.5085635781288147,quality_factor,0.43542030453681946,volatility_factor,0.04649626836180687
2020-11-17,300373.SZ,cp,3,cn_a,INDUSTRY_C39,-0.08594107330979613,-0.05871045372409428,-0.08594107330979613,0.46381205320358276,1,value_factor,0.49926650524139404,quality_factor,0.46524861454963684,momentum_factor,0.030070478096604347
2020-11-17,002414.SZ,cp,3,cn_a,INDUSTRY_C39,-0.08714140421669482,-0.059530457122341854,-0.08714140421669482,0.46381205320358276,0,value_factor,0.2994784116744995,momentum_factor,0.24748218059539795,volatility_factor,0.23077331483364105
2020-11-17,002185.SZ,cp,3,cn_a,INDUSTRY_C39,-0.09809395540403486,-0.06701266818720883,-0.09809395540403486,0.46381205320358276,1,value_factor,0.3814828395843506,quality_factor,0.33726221323013306,momentum_factor,0.1462419033050537
2020-11-17,603160.SH,cp,3,cn_a,INDUSTRY_C39,-0.09877621720315133,-0.06747875382289031,-0.09877621720315133,0.46381205320358276,1,value_factor,0.5041704773902893,quality_factor,0.45755550265312195,volatility_factor,0.030459599569439888
2020-11-17,600764.SH,cp,3,cn_a,INDUSTRY_C39,-0.10947419708402915,-0.07478705506406153,-0.10947419708402915,0.46381205320358276,0,value_factor,0.43695205450057983,quality_factor,0.43059203028678894,momentum_factor,0.07646621018648148
2020-11-17,300346.SZ,cp,3,cn_a,INDUSTRY_C39,-0.1148517410611541,-0.07846071231151283,-0.1148517410611541,0.46381205320358276,0,value_factor,0.32550084590911865,volatility_factor,0.2293481081724167,momentum_factor,0.22511029243469238
2020-11-17,603019.SH,cp,3,cn_a,INDUSTRY_C39,-0.1191260960847967,-0.0813807284708562,-0.1191260960847967,0.46381205320358276,1,value_factor,0.4244500994682312,quality_factor,0.3227710723876953,volatility_factor,0.14075134694576263
2020-11-17,300458.SZ,cp,3,cn_a,INDUSTRY_C39,-0.12255853700060952,-0.08372559287372544,-0.12255853700060952,0.46381205320358276,2,value_factor,0.5142815709114075,quality_factor,0.4436991810798645,volatility_factor,0.02425285056233406
2020-11-17,300857.SZ,cp,3,cn_a,INDUSTRY_C39,-0.1248977795370924,-0.08532364122707264,-0.1248977795370924,0.46381205320358276,0,quality_factor,0.39406144618988037,value_factor,0.3776460587978363,momentum_factor,0.12375376373529434
2020-11-17,688019.SH,cp,3,cn_a,INDUSTRY_C39,-0.12614098801533705,-0.08617293634313752,-0.12614098801533705,0.46381205320358276,0,quality_factor,0.4376748502254486,value_factor,0.4366213381290436,momentum_factor,0.0702969953417778
2020-11-17,688002.SH,cp,3,cn_a,INDUSTRY_C39,-0.12829155560031016,-0.08764209182160082,-0.12829155560031016,0.46381205320358276,0,quality_factor,0.4014948904514313,value_factor,0.38640570640563965,momentum_factor,0.11497027426958084
2020-11-17,688008.SH,cp,3,cn_a,INDUSTRY_C39,-0.13096708078036245,-0.08946987091745723,-0.13096708078036245,0.46381205320358276,1,value_factor,0.493664026260376,quality_factor,0.4457603693008423,volatility_factor,0.04053051769733429
2020-11-17,600118.SH,cp,3,cn_a,INDUSTRY_C39,-0.1348806190156594,-0.0921433958876729,-0.1348806190156594,0.46381205320358276,1,value_factor,0.48758211731910706,quality_factor,0.4338018298149109,volatility_factor,0.05019824206829071
2020-11-17,600562.SH,cp,3,cn_a,INDUSTRY_C39,-0.14925278517864995,-0.10196170934281878,-0.14925278517864995,0.46381205320358276,2,value_factor,0.4810257852077484,quality_factor,0.3809948265552521,volatility_factor,0.09047920256853104
2020-11-17,300474.SZ,cp,3,cn_a,INDUSTRY_C39,-0.15659273413191774,-0.10697597919961521,-0.15659273413191774,0.46381205320358276,2,value_factor,0.505295991897583,quality_factor,0.4466365575790405,momentum_factor,0.04497339576482773
2020-11-17,603501.SH,cp,3,cn_a,INDUSTRY_C39,-0.16255237198759226,-0.11104729258985718,-0.16255237198759226,0.46381205320358276,1,value_factor,0.49519777297973633,quality_factor,0.42758044600486755,volatility_factor,0.053947944194078445
2020-11-17,300115.SZ,cp,3,cn_a,INDUSTRY_C39,-0.16782636572656903,-0.11465020972165968,-0.16782636572656903,0.46381205320358276,2,value_factor,0.507351815700531,quality_factor,0.4399758279323578,volatility_factor,0.04323241114616394
2020-11-17,300223.SZ,cp,3,cn_a,INDUSTRY_C39,-0.1844119788629715,-0.12598063457009467,-0.1844119788629715,0.46381205320358276,1,value_factor,0.4243530333042145,quality_factor,0.3146612346172333,volatility_factor,0.14682944118976593
2020-11-17,600435.SH,cp,3,cn_a,INDUSTRY_C39,-0.19079357840251096,-0.1303402101492971,-0.19079357840251096,0.46381205320358276,2,value_factor,0.5131862163543701,quality_factor,0.4354022741317749,volatility_factor,0.045960910618305206
2020-11-18,600707.SH,cp,3,cn_a,INDUSTRY_C39,0.19496638925847834,0.1694666398363569,0.19496638925847834,0.15047061443328857,2,value_factor,0.49416595697402954,quality_factor,0.36461707949638367,volatility_factor,0.1011703833937645
2020-11-18,002429.SZ,cp,3,cn_a,INDUSTRY_C39,0.14771042919305735,0.12839130990391978,0.14771042919305735,0.15047061443328857,2,value_factor,0.49397552013397217,quality_factor,0.36381009221076965,volatility_factor,0.10179667174816132
2020-11-18,600601.SH,cp,3,cn_a,INDUSTRY_C39,0.1331958694367576,0.11577511651818129,0.1331958694367576,0.15047061443328857,0,volatility_factor,0.4090387523174286,momentum_factor,0.3918498158454895,value_factor,0.1480908840894699
2020-11-18,600060.SH,cp,3,cn_a,INDUSTRY_C39,0.09024952082374094,0.07844574184817144,0.09024952082374094,0.15047061443328857,2,value_factor,0.46102064847946167,quality_factor,0.2346978485584259,volatility_factor,0.2022925168275833
2020-11-18,002583.SZ,cp,3,cn_a,INDUSTRY_C39,0.08789575465207514,0.07639982590548111,0.08789575465207514,0.15047061443328857,1,value_factor,0.4700843393802643,quality_factor,0.3740878999233246,volatility_factor,0.09694509208202362
2020-11-18,300073.SZ,cp,3,cn_a,INDUSTRY_C39,0.0800503437759332,0.06958052015554111,0.0800503437759332,0.15047061443328857,0,volatility_factor,0.407328337430954,momentum_factor,0.3792402446269989,value_factor,0.16875162720680237
2020-11-18,600563.SH,cp,3,cn_a,INDUSTRY_C39,0.07374836929112848,0.06410278399631811,0.07374836929112848,0.15047061443328857,0,value_factor,0.34288206696510315,quality_factor,0.23727494478225708,volatility_factor,0.21439221501350403
2020-11-18,002152.SZ,cp,3,cn_a,INDUSTRY_C39,0.07146467614901518,0.06211777619736775,0.07146467614901518,0.15047061443328857,2,value_factor,0.4849759042263031,quality_factor,0.4427631199359894,momentum_factor,0.05354508385062218
2020-11-18,603920.SH,cp,3,cn_a,INDUSTRY_C39,0.07027417354488187,0.0610829800111829,0.07027417354488187,0.15047061443328857,2,value_factor,0.5176899433135986,quality_factor,0.4292125999927521,volatility_factor,0.030537210404872894
2020-11-18,600699.SH,cp,3,cn_a,INDUSTRY_C39,0.06532734198386479,0.05678314696985498,0.06532734198386479,0.15047061443328857,2,value_factor,0.5321410894393921,quality_factor,0.31081992387771606,volatility_factor,0.13690443336963654
2020-11-18,601231.SH,cp,3,cn_a,INDUSTRY_C39,0.05212516735405467,0.045307691217937845,0.05212516735405467,0.15047061443328857,1,value_factor,0.4176005721092224,quality_factor,0.30830875039100647,volatility_factor,0.15238326787948608
2020-11-18,603228.SH,cp,3,cn_a,INDUSTRY_C39,0.05074531035942061,0.04410830639461165,0.05074531035942061,0.15047061443328857,0,quality_factor,0.4382492005825043,value_factor,0.43081265687942505,momentum_factor,0.0712626576423645
2020-11-18,002025.SZ,cp,3,cn_a,INDUSTRY_C39,0.04899155106994284,0.04258392214048477,0.04899155106994284,0.15047061443328857,0,momentum_factor,0.42848464846611023,volatility_factor,0.4139004647731781,value_factor,0.1477232277393341
2020-11-18,600498.SH,cp,3,cn_a,INDUSTRY_C39,0.044615951889878845,0.03878060971757741,0.044615951889878845,0.15047061443328857,0,quality_factor,0.32303330302238464,value_factor,0.29860153794288635,momentum_factor,0.20650212466716766
2020-11-18,600363.SH,cp,3,cn_a,INDUSTRY_C39,0.0402890839605451,0.035019654961279595,0.0402890839605451,0.15047061443328857,0,volatility_factor,0.4073934555053711,momentum_factor,0.37851858139038086,quality_factor,0.13457731902599335
2020-11-18,002130.SZ,cp,3,cn_a,INDUSTRY_C39,0.03946296275377662,0.034301582551255094,0.03946296275377662,0.15047061443328857,0,volatility_factor,0.3983787000179291,momentum_factor,0.31325557827949524,value_factor,0.27639010548591614
2020-11-18,300735.SZ,cp,3,cn_a,INDUSTRY_C39,0.03001716548651406,0.02609120572914437,0.03001716548651406,0.15047061443328857,0,quality_factor,0.35720399022102356,value_factor,0.2970317304134369,momentum_factor,0.17673242092132568
2020-11-18,600884.SH,cp,3,cn_a,INDUSTRY_C39,0.027013334644721842,0.023480247392523246,0.027013334644721842,0.15047061443328857,0,quality_factor,0.3142944872379303,value_factor,0.31021958589553833,momentum_factor,0.21127158403396606
2020-11-18,002273.SZ,cp,3,cn_a,INDUSTRY_C39,0.014122911392865669,0.012275768903339167,0.014122911392865669,0.15047061443328857,0,momentum_factor,0.32361865043640137,volatility_factor,0.32359594106674194,value_factor,0.2461383193731308
2020-11-18,300570.SZ,cp,3,cn_a,INDUSTRY_C39,0.008608084493001234,0.007482228911375975,0.008608084493001234,0.15047061443328857,0,quality_factor,0.36280277371406555,value_factor,0.2465648651123047,volatility_factor,0.20604756474494934
2020-11-18,002841.SZ,cp,3,cn_a,INDUSTRY_C39,0.00515001547101283,0.004476442428344579,0.00515001547101283,0.15047061443328857,2,quality_factor,0.6275469064712524,volatility_factor,0.31550297141075134,value_factor,0.04793090000748634
2020-11-18,002138.SZ,cp,3,cn_a,INDUSTRY_C39,-0.004207469925538342,-0.003657172875824302,-0.004207469925538342,0.15047061443328857,2,value_factor,0.3472367227077484,momentum_factor,0.25462770462036133,quality_factor,0.2545548379421234
2020-11-18,688100.SH,cp,3,cn_a,INDUSTRY_C39,-0.00540268370628424,-0.0046960640615280325,-0.00540268370628424,0.15047061443328857,2,value_factor,0.3804892599582672,quality_factor,0.25510871410369873,momentum_factor,0.2457079142332077
2020-11-18,603486.SH,cp,3,cn_a,INDUSTRY_C39,-0.005896245506265563,-0.005125072672255954,-0.005896245506265563,0.15047061443328857,2,value_factor,0.32661107182502747,quality_factor,0.2599344253540039,momentum_factor,0.25510767102241516
2020-11-18,300037.SZ,cp,3,cn_a,INDUSTRY_C39,-0.007407561765359718,-0.006438723138538063,-0.007407561765359718,0.15047061443328857,0,quality_factor,0.3118148148059845,value_factor,0.3056167662143707,momentum_factor,0.21462775766849518
2020-11-18,603659.SH,cp,3,cn_a,INDUSTRY_C39,-0.008299977705949793,-0.007214419561718477,-0.008299977705949793,0.15047061443328857,2,value_factor,0.44510820508003235,quality_factor,0.2915903627872467,momentum_factor,0.19711652398109436
2020-11-18,002402.SZ,cp,3,cn_a,INDUSTRY_C39,-0.010560105686464174,-0.009178944298082733,-0.010560105686464174,0.15047061443328857,2,value_factor,0.5045729279518127,volatility_factor,0.23807603120803833,quality_factor,0.17994923889636993
2020-11-18,603290.SH,cp,3,cn_a,INDUSTRY_C39,-0.013295787253612294,-0.011556824734860072,-0.013295787253612294,0.15047061443328857,0,momentum_factor,0.35712331533432007,volatility_factor,0.3354071378707886,quality_factor,0.21026286482810974
2020-11-18,605358.SH,cp,3,cn_a,INDUSTRY_C39,-0.01876014600158604,-0.01630649732920568,-0.01876014600158604,0.15047061443328857,0,quality_factor,0.3507974445819855,value_factor,0.326822966337204,momentum_factor,0.1748351752758026
2020-11-18,300136.SZ,cp,3,cn_a,INDUSTRY_C39,-0.021800292324486104,-0.01894902142739624,-0.021800292324486104,0.15047061443328857,2,value_factor,0.402188777923584,quality_factor,0.32112324237823486,momentum_factor,0.18192505836486816
2020-11-18,300627.SZ,cp,3,cn_a,INDUSTRY_C39,-0.022561040522584883,-0.01961027099653323,-0.022561040522584883,0.15047061443328857,0,value_factor,0.3245622217655182,volatility_factor,0.2763299345970154,momentum_factor,0.24172355234622955
2020-11-18,300054.SZ,cp,3,cn_a,INDUSTRY_C39,-0.02324910566907866,-0.02020834376593874,-0.02324910566907866,0.15047061443328857,0,quality_factor,0.4211176633834839,value_factor,0.34207266569137573,volatility_factor,0.12792332470417023
2020-11-18,300623.SZ,cp,3,cn_a,INDUSTRY_C39,-0.024380559036669476,-0.021191813794113393,-0.024380559036669476,0.15047061443328857,0,momentum_factor,0.41304194927215576,volatility_factor,0.3822821378707886,value_factor,0.1633378565311432
2020-11-18,300919.SZ,cp,3,cn_a,INDUSTRY_C39,-0.03229594839390702,-0.028071945505375395,-0.03229594839390702,0.15047061443328857,2,value_factor,0.4617934823036194,quality_factor,0.3959119915962219,momentum_factor,0.10078540444374084
2020-11-18,688608.SH,cp,3,cn_a,INDUSTRY_C39,-0.03229594839390702,-0.028071945505375395,-0.03229594839390702,0.15047061443328857,2,value_factor,0.4617934823036194,quality_factor,0.3959119915962219,momentum_factor,0.10078540444374084
2020-11-18,689009.SH,cp,3,cn_a,INDUSTRY_C39,-0.03229594839390702,-0.028071945505375395,-0.03229594839390702,0.15047061443328857,2,value_factor,0.4617934823036194,quality_factor,0.3959119915962219,momentum_factor,0.10078540444374084
2020-11-18,300679.SZ,cp,3,cn_a,INDUSTRY_C39,-0.03776962470515331,-0.03282971701433529,-0.03776962470515331,0.15047061443328857,1,value_factor,0.4618661105632782,quality_factor,0.3107433021068573,volatility_factor,0.1453060656785965
2020-11-18,002156.SZ,cp,3,cn_a,INDUSTRY_C39,-0.03780002528435934,-0.03285614148691603,-0.03780002528435934,0.15047061443328857,0,momentum_factor,0.4224799573421478,volatility_factor,0.4132446348667145,quality_factor,0.09469792246818542
2020-11-18,688027.SH,cp,3,cn_a,INDUSTRY_C39,-0.03812035368466167,-0.033134573979048926,-0.03812035368466167,0.15047061443328857,1,value_factor,0.5126494765281677,quality_factor,0.4491998851299286,volatility_factor,0.01999557577073574
2020-11-18,300390.SZ,cp,3,cn_a,INDUSTRY_C39,-0.03860006790454223,-0.03355154614145123,-0.03860006790454223,0.15047061443328857,0,value_factor,0.37132373452186584,quality_factor,0.3357631266117096,momentum_factor,0.15557239949703217
2020-11-18,002281.SZ,cp,3,cn_a,INDUSTRY_C39,-0.03976626349067074,-0.03456521443640631,-0.03976626349067074,0.15047061443328857,2,value_factor,0.44455012679100037,quality_factor,0.270048052072525,volatility_factor,0.17780429124832153
2020-11-18,002465.SZ,cp,3,cn_a,INDUSTRY_C39,-0.04471920843140331,-0.03887036128552626,-0.04471920843140331,0.15047061443328857,0,value_factor,0.43756845593452454,quality_factor,0.41686323285102844,momentum_factor,0.0884304791688919
2020-11-18,002436.SZ,cp,3,cn_a,INDUSTRY_C39,-0.049390178396455243,-0.04293041280396753,-0.049390178396455243,0.15047061443328857,1,value_factor,0.4507494568824768,quality_factor,0.43482017517089844,momentum_factor,0.060620490461587906
2020-11-18,688981.SH,cp,3,cn_a,INDUSTRY_C39,-0.05101949323568308,-0.0443466287583667,-0.05101949323568308,0.15047061443328857,2,value_factor,0.5207451581954956,quality_factor,0.42416128516197205,volatility_factor,0.04306583106517792
2020-11-18,600171.SH,cp,3,cn_a,INDUSTRY_C39,-0.05222467421988952,-0.045394183532114746,-0.05222467421988952,0.15047061443328857,1,value_factor,0.4048466384410858,quality_factor,0.3141549229621887,volatility_factor,0.14952437579631805
2020-11-18,300373.SZ,cp,3,cn_a,INDUSTRY_C39,-0.05260243222486929,-0.04572253438283669,-0.05260243222486929,0.15047061443328857,1,value_factor,0.49904143810272217,quality_factor,0.44910740852355957,momentum_factor,0.04437778517603874
2020-11-18,603160.SH,cp,3,cn_a,INDUSTRY_C39,-0.06184973392158795,-0.05376037696717231,-0.06184973392158795,0.15047061443328857,1,value_factor,0.5140525698661804,quality_factor,0.45123764872550964,volatility_factor,0.029535718262195587
2020-11-18,002414.SZ,cp,3,cn_a,INDUSTRY_C39,-0.064383888405491,-0.055963088146502485,-0.064383888405491,0.15047061443328857,0,value_factor,0.3205913007259369,quality_factor,0.25058695673942566,momentum_factor,0.22174084186553955
2020-11-18,600764.SH,cp,3,cn_a,INDUSTRY_C39,-0.06535243225707252,-0.05680495567395655,-0.06535243225707252,0.15047061443328857,0,value_factor,0.43521207571029663,quality_factor,0.41584450006484985,momentum_factor,0.08992736786603928
2020-11-18,002185.SZ,cp,3,cn_a,INDUSTRY_C39,-0.06975065390635864,-0.060627931762270326,-0.06975065390635864,0.15047061443328857,1,value_factor,0.38985151052474976,quality_factor,0.3453017771244049,momentum_factor,0.1368413269519806
2020-11-18,300857.SZ,cp,3,cn_a,INDUSTRY_C39,-0.07014005434995253,-0.060966402331364966,-0.07014005434995253,0.15047061443328857,0,quality_factor,0.37745529413223267,value_factor,0.3713064193725586,momentum_factor,0.1400219053030014
2020-11-18,300458.SZ,cp,3,cn_a,INDUSTRY_C39,-0.0716088373975909,-0.062243082525723414,-0.0716088373975909,0.15047061443328857,2,value_factor,0.5166930556297302,quality_factor,0.42166444659233093,momentum_factor,0.04318489879369736
2020-11-18,688002.SH,cp,3,cn_a,INDUSTRY_C39,-0.07368550230722437,-0.06404813941599125,-0.07368550230722437,0.15047061443328857,0,quality_factor,0.38652366399765015,value_factor,0.38164493441581726,momentum_factor,0.12939468026161194
2020-11-18,603019.SH,cp,3,cn_a,INDUSTRY_C39,-0.0755165315703479,-0.06563968746611287,-0.0755165315703479,0.15047061443328857,1,value_factor,0.4425724744796753,quality_factor,0.3224697411060333,volatility_factor,0.138824924826622
2020-11-18,688019.SH,cp,3,cn_a,INDUSTRY_C39,-0.07731589537767553,-0.06720371160089181,-0.07731589537767553,0.15047061443328857,0,value_factor,0.4370100498199463,quality_factor,0.4269203543663025,momentum_factor,0.07969310134649277
2020-11-18,300346.SZ,cp,3,cn_a,INDUSTRY_C39,-0.08012184024143036,-0.06964266556334223,-0.08012184024143036,0.15047061443328857,0,value_factor,0.34468182921409607,quality_factor,0.2388484627008438,volatility_factor,0.21300141513347626
2020-11-18,688008.SH,cp,3,cn_a,INDUSTRY_C39,-0.08279477670693104,-0.07196600736100939,-0.08279477670693104,0.15047061443328857,1,value_factor,0.5074119567871094,quality_factor,0.44389986991882324,volatility_factor,0.04028984159231186
2020-11-18,600118.SH,cp,3,cn_a,INDUSTRY_C39,-0.08515945266321977,-0.07402140619225511,-0.08515945266321977,0.15047061443328857,1,value_factor,0.5020321607589722,quality_factor,0.4320894777774811,volatility_factor,0.04976344481110573
2020-11-18,600562.SH,cp,3,cn_a,INDUSTRY_C39,-0.08911512847256917,-0.07745971722751605,-0.08911512847256917,0.15047061443328857,2,value_factor,0.5080812573432922,quality_factor,0.37772682309150696,volatility_factor,0.08971133828163147
2020-11-18,300474.SZ,cp,3,cn_a,INDUSTRY_C39,-0.08984976773272464,-0.07809827265947494,-0.08984976773272464,0.15047061443328857,2,value_factor,0.5003878474235535,quality_factor,0.41859328746795654,momentum_factor,0.07097593694925308
2020-11-18,603501.SH,cp,3,cn_a,INDUSTRY_C39,-0.09991091982638882,-0.08684352174923132,-0.09991091982638882,0.15047061443328857,1,value_factor,0.5152487754821777,quality_factor,0.4262116849422455,volatility_factor,0.05259100720286369
2020-11-18,300115.SZ,cp,3,cn_a,INDUSTRY_C39,-0.10180824737564535,-0.08849269690021172,-0.10180824737564535,0.15047061443328857,2,value_factor,0.5193021893501282,quality_factor,0.43020230531692505,volatility_factor,0.04032513499259949
2020-11-18,600435.SH,cp,3,cn_a,INDUSTRY_C39,-0.11332609093393026,-0.09850411606536658,-0.11332609093393026,0.15047061443328857,2,value_factor,0.5212880373001099,quality_factor,0.4189022183418274,volatility_factor,0.04150195047259331
2020-11-18,300223.SZ,cp,3,cn_a,INDUSTRY_C39,-0.1156775323690543,-0.10054801132494462,-0.1156775323690543,0.15047061443328857,1,value_factor,0.4441581964492798,quality_factor,0.3133986294269562,volatility_factor,0.1454223245382309
2020-11-19,600707.SH,cp,3,cn_a,INDUSTRY_C39,0.2505760459152631,0.21877617679965766,0.2505760459152631,0.14535343647003174,2,value_factor,0.4857728183269501,quality_factor,0.36716189980506897,volatility_factor,0.1002633348107338
2020-11-19,002429.SZ,cp,3,cn_a,INDUSTRY_C39,0.18987696240571209,0.16578023547989784,0.18987696240571209,0.14535343647003174,2,value_factor,0.48556622862815857,quality_factor,0.3664058446884155,volatility_factor,0.10085342079401016
2020-11-19,600601.SH,cp,3,cn_a,INDUSTRY_C39,0.1652477184035875,0.14427661640661715,0.1652477184035875,0.14535343647003174,0,volatility_factor,0.409406453371048,momentum_factor,0.3946757912635803,value_factor,0.15212032198905945
2020-11-19,600060.SH,cp,3,cn_a,INDUSTRY_C39,0.11932128429666619,0.10417857099587813,0.11932128429666619,0.14535343647003174,2,value_factor,0.45132872462272644,quality_factor,0.24875964224338531,volatility_factor,0.19292429089546204
2020-11-19,002583.SZ,cp,3,cn_a,INDUSTRY_C39,0.11100389129258811,0.09691671387890627,0.11100389129258811,0.14535343647003174,1,value_factor,0.4649241864681244,quality_factor,0.37550991773605347,volatility_factor,0.09649407863616943
2020-11-19,300073.SZ,cp,3,cn_a,INDUSTRY_C39,0.10022924087598187,0.08750944266154859,0.10022924087598187,0.14535343647003174,0,volatility_factor,0.40779605507850647,momentum_factor,0.38285741209983826,value_factor,0.17553460597991943
2020-11-19,600563.SH,cp,3,cn_a,INDUSTRY_C39,0.09095938168711695,0.07941599404237429,0.09095938168711695,0.14535343647003174,0,value_factor,0.3418087065219879,quality_factor,0.23959903419017792,volatility_factor,0.2127811461687088
2020-11-19,002152.SZ,cp,3,cn_a,INDUSTRY_C39,0.09052946107799516,0.07904063339348427,0.09052946107799516,0.14535343647003174,2,value_factor,0.4881758391857147,quality_factor,0.44935280084609985,momentum_factor,0.04691600427031517
2020-11-19,603920.SH,cp,3,cn_a,INDUSTRY_C39,0.08999524886592802,0.07857421648228735,0.08999524886592802,0.14535343647003174,2,value_factor,0.5172829031944275,quality_factor,0.43530064821243286,volatility_factor,0.03357372432947159
2020-11-19,600699.SH,cp,3,cn_a,INDUSTRY_C39,0.0874610611596599,0.07636163508551042,0.0874610611596599,0.14535343647003174,2,value_factor,0.5148971676826477,quality_factor,0.3200109601020813,volatility_factor,0.13207651674747467
2020-11-19,601231.SH,cp,3,cn_a,INDUSTRY_C39,0.06542405414995199,0.05712127983095619,0.06542405414995199,0.14535343647003174,1,value_factor,0.4145969748497009,quality_factor,0.31148114800453186,volatility_factor,0.15036676824092865
2020-11-19,603228.SH,cp,3,cn_a,INDUSTRY_C39,0.06308412670122218,0.05507830569369648,0.06308412670122218,0.14535343647003174,0,quality_factor,0.4414140582084656,value_factor,0.4326327443122864,momentum_factor,0.06800710409879684
2020-11-19,600498.SH,cp,3,cn_a,INDUSTRY_C39,0.061251920691014525,0.05347861956025762,0.061251920691014525,0.14535343647003174,0,quality_factor,0.3302837312221527,value_factor,0.3046105206012726,momentum_factor,0.19857752323150635
2020-11-19,002025.SZ,cp,3,cn_a,INDUSTRY_C39,0.05918182311119065,0.0516712319767324,0.05918182311119065,0.14535343647003174,0,momentum_factor,0.4293718934059143,volatility_factor,0.41402560472488403,value_factor,0.14362820982933044
2020-11-19,002130.SZ,cp,3,cn_a,INDUSTRY_C39,0.051585218529814444,0.04503869014336709,0.051585218529814444,0.14535343647003174,0,volatility_factor,0.3859669864177704,momentum_factor,0.31074845790863037,value_factor,0.28640708327293396
2020-11-19,600363.SH,cp,3,cn_a,INDUSTRY_C39,0.05073522740122145,0.04429656888932637,0.05073522740122145,0.14535343647003174,0,volatility_factor,0.4078355133533478,momentum_factor,0.3819456100463867,quality_factor,0.12366215139627457
2020-11-19,600884.SH,cp,3,cn_a,INDUSTRY_C39,0.038292284180231936,0.03343272300142425,0.038292284180231936,0.14535343647003174,0,quality_factor,0.3240368664264679,value_factor,0.31782200932502747,momentum_factor,0.20074298977851868
2020-11-19,300735.SZ,cp,3,cn_a,INDUSTRY_C39,0.037738741029051,0.032949428383749764,0.037738741029051,0.14535343647003174,0,quality_factor,0.35935428738594055,value_factor,0.2990270256996155,momentum_factor,0.17432808876037598
2020-11-19,002273.SZ,cp,3,cn_a,INDUSTRY_C39,0.017279206283227756,0.015086353026959175,0.017279206283227756,0.14535343647003174,0,momentum_factor,0.32402849197387695,volatility_factor,0.3225259780883789,value_factor,0.2452227622270584
2020-11-19,300570.SZ,cp,3,cn_a,INDUSTRY_C39,0.00983171745667643,0.008584003106480116,0.00983171745667643,0.14535343647003174,0,quality_factor,0.359610378742218,value_factor,0.24366651475429535,volatility_factor,0.20858506858348846
2020-11-19,002841.SZ,cp,3,cn_a,INDUSTRY_C39,0.001973990943893683,0.0017234775581391748,0.001973990943893683,0.14535343647003174,2,quality_factor,0.5623924732208252,volatility_factor,0.3615189790725708,value_factor,0.04378191754221916
2020-11-19,002138.SZ,cp,3,cn_a,INDUSTRY_C39,-0.007421266217328929,-0.006479455145479984,-0.007421266217328929,0.14535343647003174,2,value_factor,0.36200910806655884,quality_factor,0.27863502502441406,momentum_factor,0.2296230047941208
2020-11-19,688100.SH,cp,3,cn_a,INDUSTRY_C39,-0.009109512935415353,-0.007953451437218179,-0.009109512935415353,0.14535343647003174,2,value_factor,0.3954834043979645,quality_factor,0.28248196840286255,momentum_factor,0.2177397459745407
2020-11-19,603486.SH,cp,3,cn_a,INDUSTRY_C39,-0.010490993535226633,-0.009159612396641315,-0.010490993535226633,0.14535343647003174,2,value_factor,0.3404635787010193,quality_factor,0.28085097670555115,momentum_factor,0.23312929272651672
2020-11-19,300037.SZ,cp,3,cn_a,INDUSTRY_C39,-0.01057552389576849,-0.009233415257706087,-0.01057552389576849,0.14535343647003174,0,quality_factor,0.3215101957321167,value_factor,0.3132573366165161,momentum_factor,0.20413100719451904
2020-11-19,603659.SH,cp,3,cn_a,INDUSTRY_C39,-0.012423782595331872,-0.010847116880900842,-0.012423782595331872,0.14535343647003174,2,value_factor,0.45713210105895996,quality_factor,0.318198025226593,momentum_factor,0.17057733237743378
2020-11-19,002402.SZ,cp,3,cn_a,INDUSTRY_C39,-0.014576055957917977,-0.012726251560253088,-0.014576055957917977,0.14535343647003174,2,value_factor,0.4855057895183563,volatility_factor,0.2198628932237625,quality_factor,0.20732317864894867
2020-11-19,603290.SH,cp,3,cn_a,INDUSTRY_C39,-0.01546072702438492,-0.013498651623235821,-0.01546072702438492,0.14535343647003174,0,momentum_factor,0.35146209597587585,volatility_factor,0.33041176199913025,quality_factor,0.21496541798114777
2020-11-19,605358.SH,cp,3,cn_a,INDUSTRY_C39,-0.024502513251553636,-0.02139297134958633,-0.024502513251553636,0.14535343647003174,0,quality_factor,0.35654696822166443,value_factor,0.33140814304351807,momentum_factor,0.16859669983386993
2020-11-19,300054.SZ,cp,3,cn_a,INDUSTRY_C39,-0.02777373467260448,-0.024249051679805372,-0.02777373467260448,0.14535343647003174,0,quality_factor,0.4193485975265503,value_factor,0.3402935266494751,volatility_factor,0.12945863604545593
2020-11-19,300627.SZ,cp,3,cn_a,INDUSTRY_C39,-0.028372610417787485,-0.024771925865287134,-0.028372610417787485,0.14535343647003174,0,value_factor,0.3241484463214874,volatility_factor,0.27025970816612244,momentum_factor,0.24002718925476074
2020-11-19,300623.SZ,cp,3,cn_a,INDUSTRY_C39,-0.02908679654429669,-0.025395476730695386,-0.02908679654429669,0.14535343647003174,0,momentum_factor,0.4197573661804199,volatility_factor,0.3885449767112732,value_factor,0.15786272287368774
2020-11-19,300136.SZ,cp,3,cn_a,INDUSTRY_C39,-0.030927165171661917,-0.02700228958755224,-0.030927165171661917,0.14535343647003174,2,value_factor,0.4120935797691345,quality_factor,0.3384135663509369,momentum_factor,0.16414892673492432
2020-11-19,300919.SZ,cp,3,cn_a,INDUSTRY_C39,-0.04224454955889081,-0.036883418003344104,-0.04224454955889081,0.14535343647003174,2,value_factor,0.4673389196395874,quality_factor,0.40676426887512207,momentum_factor,0.0897984430193901
2020-11-19,688608.SH,cp,3,cn_a,INDUSTRY_C39,-0.04224454955889081,-0.036883418003344104,-0.04224454955889081,0.14535343647003174,2,value_factor,0.4673389196395874,quality_factor,0.40676426887512207,momentum_factor,0.0897984430193901
2020-11-19,689009.SH,cp,3,cn_a,INDUSTRY_C39,-0.04224454955889081,-0.036883418003344104,-0.04224454955889081,0.14535343647003174,2,value_factor,0.4673389196395874,quality_factor,0.40676426887512207,momentum_factor,0.0897984430193901
2020-11-19,002156.SZ,cp,3,cn_a,INDUSTRY_C39,-0.04575412119684851,-0.03994760022536124,-0.04575412119684851,0.14535343647003174,0,momentum_factor,0.4234654903411865,volatility_factor,0.4133809506893158,quality_factor,0.09666016697883606
2020-11-19,300390.SZ,cp,3,cn_a,INDUSTRY_C39,-0.04662341968296706,-0.04070657859696129,-0.04662341968296706,0.14535343647003174,0,value_factor,0.3704197406768799,quality_factor,0.3352430760860443,momentum_factor,0.15650008618831635
2020-11-19,688027.SH,cp,3,cn_a,INDUSTRY_C39,-0.04823045895200514,-0.042109673238202305,-0.04823045895200514,0.14535343647003174,1,value_factor,0.5124393701553345,quality_factor,0.4535364806652069,volatility_factor,0.02260039933025837
2020-11-19,300679.SZ,cp,3,cn_a,INDUSTRY_C39,-0.04860119019850963,-0.042433356072426015,-0.04860119019850963,0.14535343647003174,1,value_factor,0.4549623131752014,quality_factor,0.31624236702919006,volatility_factor,0.14201222360134125
2020-11-19,002281.SZ,cp,3,cn_a,INDUSTRY_C39,-0.05142575795328645,-0.04489946623967894,-0.05142575795328645,0.14535343647003174,2,value_factor,0.43808552622795105,quality_factor,0.2784021198749542,volatility_factor,0.17232263088226318
2020-11-19,002465.SZ,cp,3,cn_a,INDUSTRY_C39,-0.05682657639676394,-0.04961488269673586,-0.05682657639676394,0.14535343647003174,0,value_factor,0.44117656350135803,quality_factor,0.42305850982666016,momentum_factor,0.08204621821641922
2020-11-19,002436.SZ,cp,3,cn_a,INDUSTRY_C39,-0.06024854745690279,-0.05260258147265724,-0.06024854745690279,0.14535343647003174,1,value_factor,0.44969162344932556,quality_factor,0.43485748767852783,momentum_factor,0.061543263494968414
2020-11-19,600171.SH,cp,3,cn_a,INDUSTRY_C39,-0.06491100720457761,-0.056673342164696966,-0.06491100720457761,0.14535343647003174,1,value_factor,0.40272167325019836,quality_factor,0.3162256181240082,volatility_factor,0.148227721452713
2020-11-19,688981.SH,cp,3,cn_a,INDUSTRY_C39,-0.06537217352057913,-0.05707598321969115,-0.06537217352057913,0.14535343647003174,2,value_factor,0.5202232003211975,quality_factor,0.4306226372718811,volatility_factor,0.04579056054353714
2020-11-19,300373.SZ,cp,3,cn_a,INDUSTRY_C39,-0.06665105444432069,-0.058192565126218676,-0.06665105444432069,0.14535343647003174,1,value_factor,0.5021615028381348,quality_factor,0.4559539258480072,momentum_factor,0.03754231706261635
2020-11-19,002414.SZ,cp,3,cn_a,INDUSTRY_C39,-0.07794066692393567,-0.06804944608552278,-0.07794066692393567,0.14535343647003174,0,value_factor,0.3192073702812195,quality_factor,0.2497493326663971,momentum_factor,0.22317151725292206
2020-11-19,603160.SH,cp,3,cn_a,INDUSTRY_C39,-0.07797621251900969,-0.06808048069365524,-0.07797621251900969,0.14535343647003174,1,value_factor,0.5129063129425049,quality_factor,0.45450806617736816,volatility_factor,0.0317019447684288
2020-11-19,600764.SH,cp,3,cn_a,INDUSTRY_C39,-0.08304100699544492,-0.07250251699717819,-0.08304100699544492,0.14535343647003174,0,value_factor,0.43881747126579285,quality_factor,0.42198455333709717,momentum_factor,0.08359244465827942
2020-11-19,002185.SZ,cp,3,cn_a,INDUSTRY_C39,-0.08489171227802765,-0.07411835471473599,-0.08489171227802765,0.14535343647003174,1,value_factor,0.38883692026138306,quality_factor,0.3453617990016937,momentum_factor,0.13772036135196686
2020-11-19,300857.SZ,cp,3,cn_a,INDUSTRY_C39,-0.09017505020104215,-0.07873119975870574,-0.09017505020104215,0.14535343647003174,0,quality_factor,0.3833966553211212,value_factor,0.37553635239601135,momentum_factor,0.1337040811777115
2020-11-19,300458.SZ,cp,3,cn_a,INDUSTRY_C39,-0.09253768941250515,-0.08079400337567888,-0.09253768941250515,0.14535343647003174,2,value_factor,0.5162872076034546,quality_factor,0.4286777675151825,momentum_factor,0.03273027017712593
2020-11-19,688002.SH,cp,3,cn_a,INDUSTRY_C39,-0.0941613565430453,-0.08221161568541646,-0.0941613565430453,0.14535343647003174,0,quality_factor,0.39212194085121155,value_factor,0.38553088903427124,momentum_factor,0.12346696853637695
2020-11-19,603019.SH,cp,3,cn_a,INDUSTRY_C39,-0.09567471510954283,-0.08353291836658855,-0.09567471510954283,0.14535343647003174,1,value_factor,0.4380420744419098,quality_factor,0.32602059841156006,volatility_factor,0.1367066651582718
2020-11-19,688019.SH,cp,3,cn_a,INDUSTRY_C39,-0.09733767605682904,-0.08498483783034066,-0.09733767605682904,0.14535343647003174,0,value_factor,0.439887672662735,quality_factor,0.43185141682624817,momentum_factor,0.07461012154817581
2020-11-19,300346.SZ,cp,3,cn_a,INDUSTRY_C39,-0.09886746405224073,-0.08632048492991762,-0.09886746405224073,0.14535343647003174,0,value_factor,0.3435923755168915,quality_factor,0.24123357236385345,volatility_factor,0.2113465964794159
2020-11-19,688008.SH,cp,3,cn_a,INDUSTRY_C39,-0.10411746874244406,-0.09090422696362888,-0.10411746874244406,0.14535343647003174,1,value_factor,0.5016602873802185,quality_factor,0.44294559955596924,volatility_factor,0.04168665036559105
2020-11-19,600118.SH,cp,3,cn_a,INDUSTRY_C39,-0.10722746024527426,-0.09361953859041822,-0.10722746024527426,0.14535343647003174,1,value_factor,0.49624910950660706,quality_factor,0.43148574233055115,volatility_factor,0.050901759415864944
2020-11-19,600562.SH,cp,3,cn_a,INDUSTRY_C39,-0.11489931006216944,-0.10031777650773721,-0.11489931006216944,0.14535343647003174,2,value_factor,0.4985105097293854,quality_factor,0.37968215346336365,volatility_factor,0.08938504010438919
2020-11-19,300474.SZ,cp,3,cn_a,INDUSTRY_C39,-0.11659859603079364,-0.10180141109119067,-0.11659859603079364,0.14535343647003174,2,value_factor,0.505066990852356,quality_factor,0.4293377101421356,momentum_factor,0.06030385196208954
2020-11-19,603501.SH,cp,3,cn_a,INDUSTRY_C39,-0.12705777428611675,-0.11093324579154151,-0.12705777428611675,0.14535343647003174,1,value_factor,0.5074737668037415,quality_factor,0.4256601631641388,volatility_factor,0.05392681062221527
2020-11-19,300115.SZ,cp,3,cn_a,INDUSTRY_C39,-0.1299673579408094,-0.11347358274085906,-0.1299673579408094,0.14535343647003174,2,value_factor,0.5188540816307068,quality_factor,0.43608227372169495,volatility_factor,0.04295361042022705
2020-11-19,600435.SH,cp,3,cn_a,INDUSTRY_C39,-0.1458270308495125,-0.12732055119941843,-0.1458270308495125,0.14535343647003174,2,value_factor,0.5207182765007019,quality_factor,0.42593881487846375,volatility_factor,0.04446180909872055
2020-11-19,300223.SZ,cp,3,cn_a,INDUSTRY_C39,-0.14718847804963975,-0.12850922113899899,-0.14718847804963975,0.14535343647003174,1,value_factor,0.4391777813434601,quality_factor,0.31770774722099304,volatility_factor,0.14279022812843323
2020-11-20,600707.SH,cp,3,cn_a,INDUSTRY_C39,0.14151672024636322,0.1373188621131476,0.14151672024636322,0.030570177361369133,2,value_factor,0.5465890765190125,quality_factor,0.33589670062065125,volatility_factor,0.10947234183549881
2020-11-20,600601.SH,cp,3,cn_a,INDUSTRY_C39,0.1134563365372316,0.11009084301626437,0.1134563365372316,0.030570177361369133,0,volatility_factor,0.4073690176010132,momentum_factor,0.37826427817344666,quality_factor,0.14000461995601654
2020-11-20,002429.SZ,cp,3,cn_a,INDUSTRY_C39,0.10704714313837121,0.1038717676797073,0.10704714313837121,0.030570177361369133,2,value_factor,0.5469509363174438,quality_factor,0.3348093628883362,volatility_factor,0.1105310246348381
2020-11-20,002583.SZ,cp,3,cn_a,INDUSTRY_C39,0.07225086946634625,0.07010766759243908,0.07225086946634625,0.030570177361369133,1,value_factor,0.5023899674415588,quality_factor,0.3620271384716034,volatility_factor,0.10213130712509155
2020-11-20,600563.SH,cp,3,cn_a,INDUSTRY_C39,0.06834829613551703,0.06632085760864598,0.06834829613551703,0.030570177361369133,0,value_factor,0.33701643347740173,volatility_factor,0.23961703479290009,momentum_factor,0.21888117492198944
2020-11-20,300073.SZ,cp,3,cn_a,INDUSTRY_C39,0.06439363580143534,0.06248350569591993,0.06439363580143534,0.030570177361369133,0,volatility_factor,0.40524065494537354,momentum_factor,0.362300843000412,quality_factor,0.15247657895088196
2020-11-20,002152.SZ,cp,3,cn_a,INDUSTRY_C39,0.05911080429749184,0.05735738060205031,0.05911080429749184,0.030570177361369133,2,value_factor,0.46076497435569763,quality_factor,0.40458035469055176,momentum_factor,0.09339326620101929
2020-11-20,603920.SH,cp,3,cn_a,INDUSTRY_C39,0.05327498594436794,0.05169467209414458,0.05327498594436794,0.030570177361369133,2,value_factor,0.5192360877990723,quality_factor,0.3932383954524994,momentum_factor,0.07968918979167938
2020-11-20,600060.SH,cp,3,cn_a,INDUSTRY_C39,0.0496149498824193,0.0481432049145426,0.0496149498824193,0.030570177361369133,2,value_factor,0.5462049245834351,volatility_factor,0.3236505091190338,momentum_factor,0.07119972258806229
2020-11-20,002025.SZ,cp,3,cn_a,INDUSTRY_C39,0.04886006813678984,0.04741071548036574,0.04886006813678984,0.030570177361369133,0,momentum_factor,0.4225560128688812,volatility_factor,0.4131728410720825,value_factor,0.11497393995523453
2020-11-20,603228.SH,cp,3,cn_a,INDUSTRY_C39,0.04764010998196193,0.04622694535514671,0.04764010998196193,0.030570177361369133,0,quality_factor,0.4195100963115692,value_factor,0.41555097699165344,momentum_factor,0.09167597442865372
2020-11-20,601231.SH,cp,3,cn_a,INDUSTRY_C39,0.04405119753327261,0.04274449202511066,0.04405119753327261,0.030570177361369133,1,value_factor,0.4305436313152313,quality_factor,0.2774401009082794,volatility_factor,0.17393776774406433
2020-11-20,600699.SH,cp,3,cn_a,INDUSTRY_C39,0.032034711525164586,0.031084455088419727,0.032034711525164586,0.030570177361369133,2,value_factor,0.5857435464859009,volatility_factor,0.16597862541675568,quality_factor,0.15142445266246796
2020-11-20,600363.SH,cp,3,cn_a,INDUSTRY_C39,0.03036059993439235,0.029460003233578336,0.03036059993439235,0.030570177361369133,0,volatility_factor,0.39941176772117615,momentum_factor,0.35725128650665283,quality_factor,0.23589734733104706
2020-11-20,300735.SZ,cp,3,cn_a,INDUSTRY_C39,0.02892901050522529,0.028070879523784877,0.02892901050522529,0.030570177361369133,0,quality_factor,0.34909549355506897,value_factor,0.28873953223228455,momentum_factor,0.18599340319633484
2020-11-20,002841.SZ,cp,3,cn_a,INDUSTRY_C39,0.024483140153699748,0.02375688852179403,0.024483140153699748,0.030570177361369133,2,quality_factor,0.5575767755508423,value_factor,0.2517220079898834,volatility_factor,0.10672370344400406
2020-11-20,002130.SZ,cp,3,cn_a,INDUSTRY_C39,0.022734510952704592,0.02206012949769809,0.022734510952704592,0.030570177361369133,0,volatility_factor,0.39352676272392273,momentum_factor,0.2744343876838684,quality_factor,0.22160665690898895
2020-11-20,600498.SH,cp,3,cn_a,INDUSTRY_C39,0.02224332505814002,0.021583513815747468,0.02224332505814002,0.030570177361369133,0,quality_factor,0.2907666862010956,value_factor,0.26876330375671387,momentum_factor,0.2425539642572403
2020-11-20,002273.SZ,cp,3,cn_a,INDUSTRY_C39,0.01340436802150501,0.01300674973850826,0.01340436802150501,0.030570177361369133,0,volatility_factor,0.3628239035606384,momentum_factor,0.3540612459182739,value_factor,0.22565680742263794
2020-11-20,300570.SZ,cp,3,cn_a,INDUSTRY_C39,0.013147377316565447,0.012757382235399642,0.013147377316565447,0.030570177361369133,0,quality_factor,0.3790275454521179,value_factor,0.2654508948326111,volatility_factor,0.19004923105239868
2020-11-20,600884.SH,cp,3,cn_a,INDUSTRY_C39,0.00808070434199573,0.007841003687648285,0.00808070434199573,0.030570177361369133,0,value_factor,0.2697218954563141,quality_factor,0.26796954870224,momentum_factor,0.26243746280670166
2020-11-20,603486.SH,cp,3,cn_a,INDUSTRY_C39,0.007075365177732882,0.006865486237596974,0.007075365177732882,0.030570177361369133,2,momentum_factor,0.38174593448638916,value_factor,0.23979739844799042,volatility_factor,0.2370329201221466
2020-11-20,002138.SZ,cp,3,cn_a,INDUSTRY_C39,0.0049320515574888,0.004785750451103632,0.0049320515574888,0.030570177361369133,2,momentum_factor,0.40814897418022156,value_factor,0.24847669899463654,volatility_factor,0.2343495488166809
2020-11-20,688100.SH,cp,3,cn_a,INDUSTRY_C39,0.004802349500655266,0.004659895790063512,0.004802349500655266,0.030570177361369133,2,momentum_factor,0.43124720454216003,value_factor,0.2719374895095825,volatility_factor,0.22069114446640015
2020-11-20,603659.SH,cp,3,cn_a,INDUSTRY_C39,0.0011160050623587883,0.0010829006283415432,0.0011160050623587883,0.030570177361369133,2,momentum_factor,0.38394904136657715,value_factor,0.3517471253871918,volatility_factor,0.15752534568309784
2020-11-20,300037.SZ,cp,3,cn_a,INDUSTRY_C39,-0.0019702524731782588,-0.0019118082105171325,-0.0019702524731782588,0.030570177361369133,0,quality_factor,0.2661423981189728,value_factor,0.26539936661720276,momentum_factor,0.26514649391174316
2020-11-20,002402.SZ,cp,3,cn_a,INDUSTRY_C39,-0.0031118950347378137,-0.0030195858442863543,-0.0031118950347378137,0.030570177361369133,2,value_factor,0.41830259561538696,volatility_factor,0.32623326778411865,quality_factor,0.21967613697052002
2020-11-20,300136.SZ,cp,3,cn_a,INDUSTRY_C39,-0.004639481047971246,-0.004501858559142924,-0.004639481047971246,0.030570177361369133,2,value_factor,0.3354557454586029,momentum_factor,0.28914400935173035,quality_factor,0.21884183585643768
2020-11-20,605358.SH,cp,3,cn_a,INDUSTRY_C39,-0.013710329286432692,-0.013303635171391576,-0.013710329286432692,0.030570177361369133,0,quality_factor,0.32402893900871277,value_factor,0.3023301064968109,momentum_factor,0.2046777606010437
2020-11-20,603290.SH,cp,3,cn_a,INDUSTRY_C39,-0.014738882281262054,-0.014301677852335264,-0.014738882281262054,0.030570177361369133,0,momentum_factor,0.35764455795288086,volatility_factor,0.3362031877040863,quality_factor,0.20996534824371338
2020-11-20,300627.SZ,cp,3,cn_a,INDUSTRY_C39,-0.01831969419087802,-0.017776270932316623,-0.01831969419087802,0.030570177361369133,0,volatility_factor,0.3460850715637207,value_factor,0.3064737617969513,momentum_factor,0.28043460845947266
2020-11-20,300919.SZ,cp,3,cn_a,INDUSTRY_C39,-0.021230232299545026,-0.02060047276884397,-0.021230232299545026,0.030570177361369133,2,value_factor,0.4227824807167053,quality_factor,0.33260172605514526,momentum_factor,0.16656990349292755
2020-11-20,688608.SH,cp,3,cn_a,INDUSTRY_C39,-0.021230232299545026,-0.02060047276884397,-0.021230232299545026,0.030570177361369133,2,value_factor,0.4227824807167053,quality_factor,0.33260172605514526,momentum_factor,0.16656990349292755
2020-11-20,689009.SH,cp,3,cn_a,INDUSTRY_C39,-0.021230232299545026,-0.02060047276884397,-0.021230232299545026,0.030570177361369133,2,value_factor,0.4227824807167053,quality_factor,0.33260172605514526,momentum_factor,0.16656990349292755
2020-11-20,300623.SZ,cp,3,cn_a,INDUSTRY_C39,-0.026052069173254627,-0.025279277871451872,-0.026052069173254627,0.030570177361369133,0,momentum_factor,0.42145437002182007,volatility_factor,0.3919852375984192,value_factor,0.15722283720970154
2020-11-20,300679.SZ,cp,3,cn_a,INDUSTRY_C39,-0.026860724055158075,-0.026063945351251505,-0.026860724055158075,0.030570177361369133,1,value_factor,0.5091626048088074,quality_factor,0.25641047954559326,volatility_factor,0.18033403158187866
2020-11-20,002281.SZ,cp,3,cn_a,INDUSTRY_C39,-0.026954130911894254,-0.026154581448938397,-0.026954130911894254,0.030570177361369133,2,value_factor,0.4875079393386841,volatility_factor,0.23808017373085022,quality_factor,0.18265242874622345
2020-11-20,300054.SZ,cp,3,cn_a,INDUSTRY_C39,-0.0273353315328098,-0.026524474387453506,-0.0273353315328098,0.030570177361369133,0,quality_factor,0.4267401099205017,value_factor,0.34825921058654785,volatility_factor,0.12264668941497803
2020-11-20,688027.SH,cp,3,cn_a,INDUSTRY_C39,-0.03148803107479058,-0.030553991004358322,-0.03148803107479058,0.030570177361369133,1,value_factor,0.5127595067024231,quality_factor,0.42576494812965393,momentum_factor,0.061236727982759476
2020-11-20,002156.SZ,cp,3,cn_a,INDUSTRY_C39,-0.03670378893503596,-0.03561503208261216,-0.03670378893503596,0.030570177361369133,0,momentum_factor,0.4163398742675781,volatility_factor,0.41249358654022217,quality_factor,0.13691037893295288
2020-11-20,002465.SZ,cp,3,cn_a,INDUSTRY_C39,-0.03670880545313666,-0.03561989979404695,-0.03670880545313666,0.030570177361369133,0,value_factor,0.4119885265827179,quality_factor,0.3822319209575653,momentum_factor,0.12549041211605072
2020-11-20,688981.SH,cp,3,cn_a,INDUSTRY_C39,-0.038415239262979295,-0.037275715083088856,-0.038415239262979295,0.030570177361369133,2,value_factor,0.5232670307159424,quality_factor,0.38495492935180664,momentum_factor,0.06881856918334961
2020-11-20,300390.SZ,cp,3,cn_a,INDUSTRY_C39,-0.04052424479950686,-0.03932216047810737,-0.04052424479950686,0.030570177361369133,0,value_factor,0.3715803027153015,quality_factor,0.3319809138774872,momentum_factor,0.15629920363426208
2020-11-20,300373.SZ,cp,3,cn_a,INDUSTRY_C39,-0.04331207839801072,-0.04202729762968144,-0.04331207839801072,0.030570177361369133,1,value_factor,0.47520607709884644,quality_factor,0.409145325422287,momentum_factor,0.08570166677236557
2020-11-20,600171.SH,cp,3,cn_a,INDUSTRY_C39,-0.04688837652107207,-0.04549751081707892,-0.04688837652107207,0.030570177361369133,1,value_factor,0.411761999130249,quality_factor,0.2923583984375,volatility_factor,0.16500820219516754
2020-11-20,002436.SZ,cp,3,cn_a,INDUSTRY_C39,-0.050073694293275184,-0.04858834143544155,-0.050073694293275184,0.030570177361369133,1,value_factor,0.4576963186264038,quality_factor,0.4370364248752594,momentum_factor,0.053940027952194214
2020-11-20,300458.SZ,cp,3,cn_a,INDUSTRY_C39,-0.05088018014414138,-0.04937090422490209,-0.05088018014414138,0.030570177361369133,2,value_factor,0.5072647929191589,quality_factor,0.3712657690048218,momentum_factor,0.11101566255092621
2020-11-20,603160.SH,cp,3,cn_a,INDUSTRY_C39,-0.05217005995970898,-0.05062252190108979,-0.05217005995970898,0.030570177361369133,1,value_factor,0.5144520401954651,quality_factor,0.42925626039505005,momentum_factor,0.043646439909935
2020-11-20,600764.SH,cp,3,cn_a,INDUSTRY_C39,-0.053708841487235585,-0.05211565803392859,-0.053708841487235585,0.030570177361369133,0,value_factor,0.40973037481307983,quality_factor,0.3815959095954895,momentum_factor,0.12662439048290253
2020-11-20,300857.SZ,cp,3,cn_a,INDUSTRY_C39,-0.05493745656497551,-0.05330782828883979,-0.05493745656497551,0.030570177361369133,0,quality_factor,0.34708172082901,value_factor,0.34543880820274353,momentum_factor,0.1733957827091217
2020-11-20,688002.SH,cp,3,cn_a,INDUSTRY_C39,-0.059720933533213096,-0.05794941136877069,-0.059720933533213096,0.030570177361369133,0,quality_factor,0.35738763213157654,value_factor,0.35709115862846375,momentum_factor,0.16134291887283325
2020-11-20,603019.SH,cp,3,cn_a,INDUSTRY_C39,-0.06019717806963787,-0.058411528903120014,-0.06019717806963787,0.030570177361369133,1,value_factor,0.4682674705982208,quality_factor,0.28911393880844116,volatility_factor,0.16072587668895721
2020-11-20,300474.SZ,cp,3,cn_a,INDUSTRY_C39,-0.06227950799660161,-0.060432089976165115,-0.06227950799660161,0.030570177361369133,2,value_factor,0.46608737111091614,quality_factor,0.35418981313705444,momentum_factor,0.1365313082933426
2020-11-20,600562.SH,cp,3,cn_a,INDUSTRY_C39,-0.06330595926452673,-0.061428093274437545,-0.06330595926452673,0.030570177361369133,2,value_factor,0.5426024198532104,quality_factor,0.33646899461746216,volatility_factor,0.08789335191249847
2020-11-20,002414.SZ,cp,3,cn_a,INDUSTRY_C39,-0.06603137020586856,-0.06407265943315194,-0.06603137020586856,0.030570177361369133,0,value_factor,0.31694403290748596,quality_factor,0.23852574825286865,momentum_factor,0.22799381613731384
2020-11-20,688019.SH,cp,3,cn_a,INDUSTRY_C39,-0.06731429142361552,-0.06531752492674969,-0.06731429142361552,0.030570177361369133,0,value_factor,0.41571128368377686,quality_factor,0.3990694582462311,momentum_factor,0.10968141257762909
2020-11-20,002185.SZ,cp,3,cn_a,INDUSTRY_C39,-0.07059972563662793,-0.0685055021982203,-0.07059972563662793,0.030570177361369133,1,value_factor,0.39153826236724854,quality_factor,0.33950531482696533,momentum_factor,0.13681523501873016
2020-11-20,688008.SH,cp,3,cn_a,INDUSTRY_C39,-0.07081151801415023,-0.06871101210711988,-0.07081151801415023,0.030570177361369133,1,value_factor,0.5168836712837219,quality_factor,0.43001818656921387,volatility_factor,0.02677266113460064
2020-11-20,600118.SH,cp,3,cn_a,INDUSTRY_C39,-0.07210440502303571,-0.06996554777323732,-0.07210440502303571,0.030570177361369133,1,value_factor,0.5201752185821533,quality_factor,0.4226192235946655,volatility_factor,0.03856983408331871
2020-11-20,300346.SZ,cp,3,cn_a,INDUSTRY_C39,-0.07407369324420092,-0.07187642033467362,-0.07407369324420092,0.030570177361369133,0,value_factor,0.3390628397464752,volatility_factor,0.2383442521095276,momentum_factor,0.21673090755939484
2020-11-20,300115.SZ,cp,3,cn_a,INDUSTRY_C39,-0.07876848077811041,-0.07643194480483606,-0.07876848077811041,0.030570177361369133,2,value_factor,0.5212533473968506,quality_factor,0.3954057991504669,momentum_factor,0.06244994327425957
2020-11-20,603501.SH,cp,3,cn_a,INDUSTRY_C39,-0.07917537035857317,-0.07682676468263971,-0.07917537035857317,0.030570177361369133,1,value_factor,0.5239142775535583,quality_factor,0.3979463577270508,momentum_factor,0.04030594974756241
2020-11-20,600435.SH,cp,3,cn_a,INDUSTRY_C39,-0.08270020083119141,-0.08024703692184265,-0.08270020083119141,0.030570177361369133,2,value_factor,0.5241512656211853,quality_factor,0.3753609359264374,momentum_factor,0.08096994459629059
2020-11-20,300223.SZ,cp,3,cn_a,INDUSTRY_C39,-0.08937026334864097,-0.08671924312846768,-0.08937026334864097,0.030570177361369133,1,value_factor,0.4734225869178772,quality_factor,0.27234387397766113,volatility_factor,0.17265869677066803
2020-11-23,600707.SH,cp,3,cn_a,INDUSTRY_C39,0.25751123444042173,0.18624387866397185,0.25751123444042173,0.3826560378074646,2,value_factor,0.4528762102127075,quality_factor,0.38123592734336853,volatility_factor,0.0936412513256073
2020-11-23,002429.SZ,cp,3,cn_a,INDUSTRY_C39,0.1953108224326334,0.14125770160648976,0.1953108224326334,0.3826560378074646,2,value_factor,0.45268362760543823,quality_factor,0.3807651698589325,volatility_factor,0.09401629120111465
2020-11-23,600601.SH,cp,3,cn_a,INDUSTRY_C39,0.15838956818545455,0.11455456529060931,0.15838956818545455,0.3826560378074646,0,momentum_factor,0.3399447500705719,volatility_factor,0.3395146131515503,value_factor,0.2331048995256424
2020-11-23,600060.SH,cp,3,cn_a,INDUSTRY_C39,0.13949435544655567,0.10088868497932679,0.13949435544655567,0.3826560378074646,2,value_factor,0.42544615268707275,quality_factor,0.31623172760009766,volatility_factor,0.14552487432956696
2020-11-23,002583.SZ,cp,3,cn_a,INDUSTRY_C39,0.10560744501572233,0.07638012461188703,0.10560744501572233,0.3826560378074646,1,value_factor,0.44313400983810425,quality_factor,0.3849993348121643,volatility_factor,0.09198285639286041
2020-11-23,600699.SH,cp,3,cn_a,INDUSTRY_C39,0.10548222777910221,0.0762895617909119,0.10548222777910221,0.3826560378074646,2,value_factor,0.4598824083805084,quality_factor,0.35885605216026306,volatility_factor,0.10955068469047546
2020-11-23,300073.SZ,cp,3,cn_a,INDUSTRY_C39,0.09984130629315757,0.07220978989643817,0.09984130629315757,0.3826560378074646,0,volatility_factor,0.32207977771759033,momentum_factor,0.3168204426765442,value_factor,0.2536121904850006
2020-11-23,603920.SH,cp,3,cn_a,INDUSTRY_C39,0.08968075013988312,0.0648612119150502,0.08968075013988312,0.3826560378074646,2,value_factor,0.4861026108264923,quality_factor,0.4348542392253876,volatility_factor,0.04958672076463699
2020-11-23,002152.SZ,cp,3,cn_a,INDUSTRY_C39,0.08483141473765182,0.061353951207700264,0.08483141473765182,0.3826560378074646,2,value_factor,0.5060803890228271,quality_factor,0.4794268310070038,volatility_factor,0.009886855259537697
2020-11-23,600563.SH,cp,3,cn_a,INDUSTRY_C39,0.07963881617143481,0.05759842691215353,0.07963881617143481,0.3826560378074646,0,value_factor,0.3529655635356903,quality_factor,0.2784036099910736,momentum_factor,0.1862023025751114
2020-11-23,600498.SH,cp,3,cn_a,INDUSTRY_C39,0.0690161365853119,0.04991562017083501,0.0690161365853119,0.3826560378074646,0,quality_factor,0.3648144006729126,value_factor,0.33873164653778076,momentum_factor,0.15944094955921173
2020-11-23,601231.SH,cp,3,cn_a,INDUSTRY_C39,0.06133630259485016,0.04436121368838725,0.06133630259485016,0.3826560378074646,1,value_factor,0.4077444076538086,quality_factor,0.3386382460594177,volatility_factor,0.13086548447608948
2020-11-23,002130.SZ,cp,3,cn_a,INDUSTRY_C39,0.06026474126926029,0.043586211627068105,0.06026474126926029,0.3826560378074646,0,value_factor,0.3303464651107788,volatility_factor,0.2569141983985901,momentum_factor,0.2303181290626526
2020-11-23,600363.SH,cp,3,cn_a,INDUSTRY_C39,0.05308839167767823,0.03839594804307647,0.05308839167767823,0.3826560378074646,0,volatility_factor,0.37778183817863464,momentum_factor,0.36975395679473877,value_factor,0.2129916250705719
2020-11-23,603228.SH,cp,3,cn_a,INDUSTRY_C39,0.05301864287321314,0.038345502524052874,0.05301864287321314,0.3826560378074646,0,quality_factor,0.4655219316482544,value_factor,0.45464709401130676,momentum_factor,0.04114187881350517
2020-11-23,002025.SZ,cp,3,cn_a,INDUSTRY_C39,0.0493238481667921,0.03567325834609965,0.0493238481667921,0.3826560378074646,0,momentum_factor,0.3795101046562195,volatility_factor,0.35917791724205017,value_factor,0.19394664466381073
2020-11-23,600884.SH,cp,3,cn_a,INDUSTRY_C39,0.04854040523427048,0.03510663665760605,0.04854040523427048,0.3826560378074646,0,quality_factor,0.37075814604759216,value_factor,0.36147359013557434,momentum_factor,0.1484275758266449
2020-11-23,300735.SZ,cp,3,cn_a,INDUSTRY_C39,0.02947680072701673,0.021318967733327098,0.02947680072701673,0.3826560378074646,0,quality_factor,0.3688330054283142,value_factor,0.3093947470188141,momentum_factor,0.16333116590976715
2020-11-23,002273.SZ,cp,3,cn_a,INDUSTRY_C39,0.014965814274050977,0.01082395998691374,0.014965814274050977,0.3826560378074646,0,momentum_factor,0.2788872718811035,value_factor,0.2774171531200409,volatility_factor,0.26891303062438965
2020-11-23,300570.SZ,cp,3,cn_a,INDUSTRY_C39,0.0022171934349909505,0.0016035754943986638,0.0022171934349909505,0.3826560378074646,0,quality_factor,0.3306411802768707,volatility_factor,0.2393418699502945,momentum_factor,0.22300763428211212
2020-11-23,603290.SH,cp,3,cn_a,INDUSTRY_C39,-0.011963756490017003,-0.008652734770713653,-0.011963756490017003,0.3826560378074646,0,momentum_factor,0.36988452076911926,volatility_factor,0.34592384099960327,quality_factor,0.19936317205429077
2020-11-23,300037.SZ,cp,3,cn_a,INDUSTRY_C39,-0.013586502887099927,-0.009826379034186102,-0.013586502887099927,0.3826560378074646,0,quality_factor,0.3676290512084961,value_factor,0.35662639141082764,momentum_factor,0.1524190902709961
2020-11-23,002138.SZ,cp,3,cn_a,INDUSTRY_C39,-0.015208837697571118,-0.010999725619434367,-0.015208837697571118,0.3826560378074646,2,value_factor,0.43654772639274597,quality_factor,0.3820648789405823,momentum_factor,0.11941113322973251
2020-11-23,300054.SZ,cp,3,cn_a,INDUSTRY_C39,-0.017215053963971893,-0.012450712795606209,-0.017215053963971893,0.3826560378074646,0,quality_factor,0.4126100242137909,value_factor,0.3323032855987549,volatility_factor,0.13621242344379425
2020-11-23,688100.SH,cp,3,cn_a,INDUSTRY_C39,-0.017733579688896935,-0.01282573426760894,-0.017733579688896935,0.3826560378074646,2,value_factor,0.46953335404396057,quality_factor,0.39742881059646606,momentum_factor,0.09748392552137375
2020-11-23,002841.SZ,cp,3,cn_a,INDUSTRY_C39,-0.01920864037844569,-0.013892565486383873,-0.01920864037844569,0.3826560378074646,2,value_factor,0.44154268503189087,volatility_factor,0.28726086020469666,momentum_factor,0.14699290692806244
2020-11-23,603659.SH,cp,3,cn_a,INDUSTRY_C39,-0.019663055411921416,-0.014221219180043668,-0.019663055411921416,0.3826560378074646,2,value_factor,0.5132922530174255,quality_factor,0.4269118010997772,momentum_factor,0.055610574781894684
2020-11-23,002402.SZ,cp,3,cn_a,INDUSTRY_C39,-0.01968164089793065,-0.0142346610518468,-0.01968164089793065,0.3826560378074646,2,value_factor,0.43777501583099365,quality_factor,0.30787384510040283,volatility_factor,0.1503131091594696
2020-11-23,603486.SH,cp,3,cn_a,INDUSTRY_C39,-0.021431433248659322,-0.015500190747917808,-0.021431433248659322,0.3826560378074646,2,value_factor,0.411746084690094,quality_factor,0.3724658489227295,momentum_factor,0.13417385518550873
2020-11-23,300623.SZ,cp,3,cn_a,INDUSTRY_C39,-0.022329653789536587,-0.016149824841716294,-0.022329653789536587,0.3826560378074646,0,momentum_factor,0.38319292664527893,volatility_factor,0.3509494960308075,value_factor,0.1862747073173523
2020-11-23,605358.SH,cp,3,cn_a,INDUSTRY_C39,-0.02400054352984508,-0.017358288568478042,-0.02400054352984508,0.3826560378074646,0,quality_factor,0.3867835998535156,value_factor,0.3612084686756134,momentum_factor,0.13434664905071259
2020-11-23,300627.SZ,cp,3,cn_a,INDUSTRY_C39,-0.02766317768623401,-0.020007272768702677,-0.02766317768623401,0.3826560378074646,0,value_factor,0.34456098079681396,quality_factor,0.24046044051647186,volatility_factor,0.2118099480867386
2020-11-23,300390.SZ,cp,3,cn_a,INDUSTRY_C39,-0.03560046143873452,-0.02574787867016767,-0.03560046143873452,0.3826560378074646,0,value_factor,0.37275031208992004,quality_factor,0.34379804134368896,momentum_factor,0.15229088068008423
2020-11-23,002156.SZ,cp,3,cn_a,INDUSTRY_C39,-0.039513796527931175,-0.028578181228064145,-0.039513796527931175,0.3826560378074646,0,momentum_factor,0.4327995479106903,volatility_factor,0.4144708514213562,value_factor,0.1489296406507492
2020-11-23,300136.SZ,cp,3,cn_a,INDUSTRY_C39,-0.04216854418381338,-0.030498215906861748,-0.04216854418381338,0.3826560378074646,2,value_factor,0.46879392862319946,quality_factor,0.419366717338562,momentum_factor,0.07830345630645752
2020-11-23,300919.SZ,cp,3,cn_a,INDUSTRY_C39,-0.04504234161123179,-0.032576677378804944,-0.04504234161123179,0.3826560378074646,2,value_factor,0.505878746509552,quality_factor,0.4639594554901123,momentum_factor,0.029532097280025482
2020-11-23,688608.SH,cp,3,cn_a,INDUSTRY_C39,-0.04504234161123179,-0.032576677378804944,-0.04504234161123179,0.3826560378074646,2,value_factor,0.505878746509552,quality_factor,0.4639594554901123,momentum_factor,0.029532097280025482
2020-11-23,689009.SH,cp,3,cn_a,INDUSTRY_C39,-0.04504234161123179,-0.032576677378804944,-0.04504234161123179,0.3826560378074646,2,value_factor,0.505878746509552,quality_factor,0.4639594554901123,momentum_factor,0.029532097280025482
2020-11-23,688027.SH,cp,3,cn_a,INDUSTRY_C39,-0.04541415869028618,-0.0328455924617025,-0.04541415869028618,0.3826560378074646,1,value_factor,0.48626038432121277,quality_factor,0.448186457157135,volatility_factor,0.039594732224941254
2020-11-23,002436.SZ,cp,3,cn_a,INDUSTRY_C39,-0.04747116154068533,-0.034333310813539374,-0.04747116154068533,0.3826560378074646,1,value_factor,0.44108355045318604,quality_factor,0.4309740364551544,momentum_factor,0.07010763883590698
2020-11-23,300679.SZ,cp,3,cn_a,INDUSTRY_C39,-0.0506861738308388,-0.03665855444872165,-0.0506861738308388,0.3826560378074646,1,value_factor,0.432054728269577,quality_factor,0.34872713685035706,volatility_factor,0.12043187022209167
2020-11-23,002465.SZ,cp,3,cn_a,INDUSTRY_C39,-0.05325039127931127,-0.038513113549333775,-0.05325039127931127,0.3826560378074646,0,value_factor,0.4720854163169861,quality_factor,0.4609292447566986,momentum_factor,0.04077531397342682
2020-11-23,002281.SZ,cp,3,cn_a,INDUSTRY_C39,-0.055095719727727005,-0.039847739311929115,-0.055095719727727005,0.3826560378074646,2,value_factor,0.4203287661075592,quality_factor,0.32650327682495117,volatility_factor,0.1384488344192505
2020-11-23,600171.SH,cp,3,cn_a,INDUSTRY_C39,-0.058035952895241286,-0.04197425014352163,-0.058035952895241286,0.3826560378074646,1,value_factor,0.39964559674263,quality_factor,0.338842511177063,volatility_factor,0.13167430460453033
2020-11-23,002414.SZ,cp,3,cn_a,INDUSTRY_C39,-0.06162071923263002,-0.04456691678282425,-0.06162071923263002,0.3826560378074646,0,value_factor,0.3296999931335449,quality_factor,0.27312859892845154,momentum_factor,0.2080344259738922
2020-11-23,300373.SZ,cp,3,cn_a,INDUSTRY_C39,-0.06273385002396167,-0.04537198377917648,-0.06273385002396167,0.3826560378074646,1,value_factor,0.5032317638397217,quality_factor,0.4721857011318207,volatility_factor,0.019626909866929054
2020-11-23,688981.SH,cp,3,cn_a,INDUSTRY_C39,-0.06547632221294135,-0.047355464844433925,-0.06547632221294135,0.3826560378074646,2,value_factor,0.4800550043582916,quality_factor,0.42519426345825195,volatility_factor,0.05753099545836449
2020-11-23,002185.SZ,cp,3,cn_a,INDUSTRY_C39,-0.0675381682006205,-0.04884668597421324,-0.0675381682006205,0.3826560378074646,1,value_factor,0.38905206322669983,quality_factor,0.3549526631832123,momentum_factor,0.135114386677742
2020-11-23,603160.SH,cp,3,cn_a,INDUSTRY_C39,-0.07238421895919116,-0.05235157107734259,-0.07238421895919116,0.3826560378074646,1,value_factor,0.47928017377853394,quality_factor,0.4417702555656433,volatility_factor,0.04522325471043587
2020-11-23,600764.SH,cp,3,cn_a,INDUSTRY_C39,-0.07772675827333622,-0.0562155393657294,-0.07772675827333622,0.3826560378074646,0,value_factor,0.46970924735069275,quality_factor,0.4595737159252167,momentum_factor,0.0425744391977787
2020-11-23,300857.SZ,cp,3,cn_a,INDUSTRY_C39,-0.0861010513532855,-0.06227221035978445,-0.0861010513532855,0.3826560378074646,0,quality_factor,0.4177033007144928,value_factor,0.40733253955841064,momentum_factor,0.095354825258255
2020-11-23,300346.SZ,cp,3,cn_a,INDUSTRY_C39,-0.08673822120044515,-0.06273304067641361,-0.08673822120044515,0.3826560378074646,0,value_factor,0.35441097617149353,quality_factor,0.27992144227027893,momentum_factor,0.18454614281654358
2020-11-23,688019.SH,cp,3,cn_a,INDUSTRY_C39,-0.08732029095237423,-0.06315402008916746,-0.08732029095237423,0.3826560378074646,0,value_factor,0.46733930706977844,quality_factor,0.4641571044921875,momentum_factor,0.03912883251905441
2020-11-23,688002.SH,cp,3,cn_a,INDUSTRY_C39,-0.08813400350257139,-0.06374253414679912,-0.08813400350257139,0.3826560378074646,0,quality_factor,0.4254453778266907,value_factor,0.4161982238292694,momentum_factor,0.08627193421125412
2020-11-23,603019.SH,cp,3,cn_a,INDUSTRY_C39,-0.09327400695286699,-0.06746001925384493,-0.09327400695286699,0.3826560378074646,1,value_factor,0.4232771694660187,quality_factor,0.3513491749763489,volatility_factor,0.11951270699501038
2020-11-23,300458.SZ,cp,3,cn_a,INDUSTRY_C39,-0.0955423794188249,-0.06910060975946927,-0.0955423794188249,0.3826560378074646,2,value_factor,0.4961021840572357,quality_factor,0.4411053955554962,volatility_factor,0.043723151087760925
2020-11-23,688008.SH,cp,3,cn_a,INDUSTRY_C39,-0.09574992712903393,-0.06925071773685967,-0.09574992712903393,0.3826560378074646,1,value_factor,0.4718778133392334,quality_factor,0.43361547589302063,volatility_factor,0.05220237374305725
2020-11-23,600118.SH,cp,3,cn_a,INDUSTRY_C39,-0.09944264579376344,-0.07192146042670214,-0.09944264579376344,0.3826560378074646,1,value_factor,0.4672624468803406,quality_factor,0.4250747263431549,volatility_factor,0.05913933739066124
2020-11-23,600562.SH,cp,3,cn_a,INDUSTRY_C39,-0.11933922584801115,-0.08631157528714195,-0.11933922584801115,0.3826560378074646,2,value_factor,0.46047860383987427,quality_factor,0.3896416127681732,volatility_factor,0.08645065873861313
2020-11-23,300474.SZ,cp,3,cn_a,INDUSTRY_C39,-0.12161457836275522,-0.08795721408264778,-0.12161457836275522,0.3826560378074646,2,value_factor,0.5115228891372681,quality_factor,0.4617256820201874,volatility_factor,0.024642225354909897
2020-11-23,603501.SH,cp,3,cn_a,INDUSTRY_C39,-0.12339427362436803,-0.08924437092876725,-0.12339427362436803,0.3826560378074646,1,value_factor,0.4715786874294281,quality_factor,0.4202648997306824,volatility_factor,0.06222482770681381
2020-11-23,300115.SZ,cp,3,cn_a,INDUSTRY_C39,-0.1280223892302896,-0.09259163538200615,-0.1280223892302896,0.3826560378074646,2,value_factor,0.47972244024276733,quality_factor,0.42848652601242065,volatility_factor,0.05510765314102173
2020-11-23,300223.SZ,cp,3,cn_a,INDUSTRY_C39,-0.14644672585683585,-0.1059169565960309,-0.14644672585683585,0.3826560378074646,1,value_factor,0.42338016629219055,quality_factor,0.346861869096756,volatility_factor,0.1228572204709053
2020-11-23,600435.SH,cp,3,cn_a,INDUSTRY_C39,-0.14868350689717524,-0.10753469874067983,-0.14868350689717524,0.3826560378074646,2,value_factor,0.48269134759902954,quality_factor,0.42495888471603394,volatility_factor,0.05739399790763855
2020-11-24,600601.SH,cp,3,cn_a,INDUSTRY_C39,0.16944226048871794,0.13870060914888815,0.16944226048871794,0.22164040803909302,0,value_factor,0.3111342489719391,volatility_factor,0.293255478143692,momentum_factor,0.258720725774765
2020-11-24,600707.SH,cp,3,cn_a,INDUSTRY_C39,0.11746891967720782,0.09615671242992763,0.11746891967720782,0.22164040803909302,2,value_factor,0.5491265058517456,quality_factor,0.28912153840065,volatility_factor,0.08287424594163895
2020-11-24,300073.SZ,cp,3,cn_a,INDUSTRY_C39,0.09381944312246014,0.07679792439951028,0.09381944312246014,0.22164040803909302,0,value_factor,0.3247849643230438,volatility_factor,0.30586767196655273,momentum_factor,0.25148454308509827
2020-11-24,002429.SZ,cp,3,cn_a,INDUSTRY_C39,0.08878804376956335,0.0726793641707616,0.08878804376956335,0.22164040803909302,2,value_factor,0.5494190454483032,quality_factor,0.287951797246933,volatility_factor,0.08347789198160172
2020-11-24,600563.SH,cp,3,cn_a,INDUSTRY_C39,0.08275584909219046,0.0677415813895173,0.08275584909219046,0.22164040803909302,0,value_factor,0.39949125051498413,quality_factor,0.2934015989303589,volatility_factor,0.16568481922149658
2020-11-24,002025.SZ,cp,3,cn_a,INDUSTRY_C39,0.07390760643354294,0.060498661924728275,0.07390760643354294,0.22164040803909302,0,value_factor,0.2975636422634125,momentum_factor,0.25384676456451416,volatility_factor,0.2448875606060028
2020-11-24,002583.SZ,cp,3,cn_a,INDUSTRY_C39,0.0685850579043225,0.05614177527143349,0.0685850579043225,0.22164040803909302,1,value_factor,0.5387228727340698,quality_factor,0.3642274737358093,volatility_factor,0.09053321927785873
2020-11-24,600363.SH,cp,3,cn_a,INDUSTRY_C39,0.048706564232701234,0.03986980644108512,0.048706564232701234,0.22164040803909302,0,volatility_factor,0.36497074365615845,momentum_factor,0.3003346025943756,value_factor,0.29037997126579285
2020-11-24,601231.SH,cp,3,cn_a,INDUSTRY_C39,0.04647047535020942,0.03803940776003517,0.04647047535020942,0.22164040803909302,1,value_factor,0.4795573353767395,quality_factor,0.32041066884994507,volatility_factor,0.1359737664461136
2020-11-24,002152.SZ,cp,3,cn_a,INDUSTRY_C39,0.04615585402574558,0.037781867703448935,0.04615585402574558,0.22164040803909302,2,value_factor,0.4833923876285553,quality_factor,0.37059077620506287,momentum_factor,0.11766421049833298
2020-11-24,603920.SH,cp,3,cn_a,INDUSTRY_C39,0.04075153543974845,0.03335804641028123,0.04075153543974845,0.22164040803909302,2,value_factor,0.5287694931030273,quality_factor,0.3343403935432434,momentum_factor,0.1274464875459671
2020-11-24,603228.SH,cp,3,cn_a,INDUSTRY_C39,0.03992321636837443,0.03268000800688736,0.03992321636837443,0.22164040803909302,0,value_factor,0.44515472650527954,quality_factor,0.4155377447605133,momentum_factor,0.08767727017402649
2020-11-24,002841.SZ,cp,3,cn_a,INDUSTRY_C39,0.036590972280224975,0.029952327890214903,0.036590972280224975,0.22164040803909302,2,quality_factor,0.5391590595245361,value_factor,0.257611483335495,momentum_factor,0.19352400302886963
2020-11-24,600060.SH,cp,3,cn_a,INDUSTRY_C39,0.03521757847433366,0.028828106831495504,0.03521757847433366,0.22164040803909302,2,value_factor,0.6120821833610535,volatility_factor,0.2169051319360733,momentum_factor,0.12881803512573242
2020-11-24,002130.SZ,cp,3,cn_a,INDUSTRY_C39,0.027235936594591816,0.022294562085719505,0.027235936594591816,0.22164040803909302,0,value_factor,0.4040738344192505,volatility_factor,0.3791535496711731,momentum_factor,0.17010293900966644
2020-11-24,603486.SH,cp,3,cn_a,INDUSTRY_C39,0.025318702699925862,0.020725169017519918,0.025318702699925862,0.22164040803909302,2,momentum_factor,0.4790555536746979,volatility_factor,0.2555273473262787,quality_factor,0.23129454255104065
2020-11-24,002273.SZ,cp,3,cn_a,INDUSTRY_C39,0.01831982143789529,0.014996084126864699,0.01831982143789529,0.22164040803909302,0,value_factor,0.3419869840145111,quality_factor,0.23554863035678864,volatility_factor,0.21578986942768097
2020-11-24,688100.SH,cp,3,cn_a,INDUSTRY_C39,0.016873567417125264,0.013812221771120292,0.016873567417125264,0.22164040803909302,2,momentum_factor,0.46649983525276184,quality_factor,0.29463696479797363,volatility_factor,0.2086024135351181
2020-11-24,002138.SZ,cp,3,cn_a,INDUSTRY_C39,0.01677484956120599,0.01373141414549972,0.01677484956120599,0.22164040803909302,2,momentum_factor,0.46547433733940125,quality_factor,0.2636476159095764,volatility_factor,0.23059393465518951
2020-11-24,300136.SZ,cp,3,cn_a,INDUSTRY_C39,0.016431360707224247,0.013450243951324381,0.016431360707224247,0.22164040803909302,2,momentum_factor,0.49712249636650085,volatility_factor,0.22520989179611206,value_factor,0.201279878616333
2020-11-24,600699.SH,cp,3,cn_a,INDUSTRY_C39,0.012928928253462629,0.010583252485096173,0.012928928253462629,0.22164040803909302,2,value_factor,0.5937348008155823,momentum_factor,0.30661001801490784,volatility_factor,0.09644609689712524
2020-11-24,603659.SH,cp,3,cn_a,INDUSTRY_C39,0.011010247965632004,0.009012675440641604,0.011010247965632004,0.22164040803909302,2,momentum_factor,0.4813893139362335,quality_factor,0.2599887549877167,volatility_factor,0.17773599922657013
2020-11-24,300037.SZ,cp,3,cn_a,INDUSTRY_C39,0.009354733157366629,0.007657518163471655,0.009354733157366629,0.22164040803909302,0,momentum_factor,0.47280463576316833,volatility_factor,0.31380265951156616,value_factor,0.1490490436553955
2020-11-24,300735.SZ,cp,3,cn_a,INDUSTRY_C39,0.008023921154698837,0.006568153356248933,0.008023921154698837,0.22164040803909302,0,quality_factor,0.30658796429634094,value_factor,0.25605228543281555,momentum_factor,0.2318088561296463
2020-11-24,300570.SZ,cp,3,cn_a,INDUSTRY_C39,0.007413809395517735,0.006068733244623634,0.007413809395517735,0.22164040803909302,0,quality_factor,0.3918636441230774,value_factor,0.2407703846693039,volatility_factor,0.20696857571601868
2020-11-24,002402.SZ,cp,3,cn_a,INDUSTRY_C39,0.0005446863055226377,0.00044586469841198517,0.0005446863055226377,0.22164040803909302,2,value_factor,0.32224857807159424,quality_factor,0.2822914719581604,momentum_factor,0.25365468859672546
2020-11-24,605358.SH,cp,3,cn_a,INDUSTRY_C39,0.0002784543078336267,0.00022793476671793822,0.0002784543078336267,0.22164040803909302,0,momentum_factor,0.2933320105075836,value_factor,0.25995567440986633,quality_factor,0.235780268907547
2020-11-24,300919.SZ,cp,3,cn_a,INDUSTRY_C39,-0.009011733532129952,-0.0073767484380150294,-0.009011733532129952,0.22164040803909302,2,value_factor,0.42150789499282837,momentum_factor,0.2572322487831116,quality_factor,0.23027540743350983
2020-11-24,688608.SH,cp,3,cn_a,INDUSTRY_C39,-0.009011733532129952,-0.0073767484380150294,-0.009011733532129952,0.22164040803909302,2,value_factor,0.42150789499282837,momentum_factor,0.2572322487831116,quality_factor,0.23027540743350983
2020-11-24,689009.SH,cp,3,cn_a,INDUSTRY_C39,-0.009011733532129952,-0.0073767484380150294,-0.009011733532129952,0.22164040803909302,2,value_factor,0.42150789499282837,momentum_factor,0.2572322487831116,quality_factor,0.23027540743350983
2020-11-24,300627.SZ,cp,3,cn_a,INDUSTRY_C39,-0.02208653278601561,-0.018079406770020207,-0.02208653278601561,0.22164040803909302,0,value_factor,0.41104763746261597,volatility_factor,0.22300024330615997,quality_factor,0.21494783461093903
2020-11-24,300857.SZ,cp,3,cn_a,INDUSTRY_C39,-0.022280299182425526,-0.018238018424144298,-0.022280299182425526,0.22164040803909302,0,value_factor,0.3350870907306671,quality_factor,0.2835194766521454,momentum_factor,0.2321365773677826
2020-11-24,300679.SZ,cp,3,cn_a,INDUSTRY_C39,-0.023724780914827635,-0.01942043003510102,-0.023724780914827635,0.22164040803909302,1,value_factor,0.5633271932601929,quality_factor,0.26136186718940735,volatility_factor,0.1373862624168396
2020-11-24,002281.SZ,cp,3,cn_a,INDUSTRY_C39,-0.024023717463291277,-0.01966513098071626,-0.024023717463291277,0.22164040803909302,2,value_factor,0.5781938433647156,quality_factor,0.21610543131828308,volatility_factor,0.1803819239139557
2020-11-24,300054.SZ,cp,3,cn_a,INDUSTRY_C39,-0.024195079572185713,-0.019805403123097642,-0.024195079572185713,0.22164040803909302,0,quality_factor,0.4589187204837799,value_factor,0.37660229206085205,volatility_factor,0.09772006422281265
2020-11-24,002465.SZ,cp,3,cn_a,INDUSTRY_C39,-0.025162551831930644,-0.020597348363760953,-0.025162551831930644,0.22164040803909302,0,value_factor,0.4285733997821808,quality_factor,0.34210851788520813,momentum_factor,0.15670859813690186
2020-11-24,688027.SH,cp,3,cn_a,INDUSTRY_C39,-0.02651119435868943,-0.02170130873023632,-0.02651119435868943,0.22164040803909302,1,value_factor,0.5213215351104736,quality_factor,0.38360869884490967,momentum_factor,0.08405352383852005
2020-11-24,688981.SH,cp,3,cn_a,INDUSTRY_C39,-0.029838144089625637,-0.024424655036863918,-0.029838144089625637,0.22164040803909302,2,value_factor,0.5320590138435364,quality_factor,0.32732462882995605,momentum_factor,0.119053915143013
2020-11-24,603290.SH,cp,3,cn_a,INDUSTRY_C39,-0.030112249276170316,-0.0246490297367467,-0.030112249276170316,0.22164040803909302,0,momentum_factor,0.37249699234962463,volatility_factor,0.3350885510444641,value_factor,0.19263876974582672
2020-11-24,688002.SH,cp,3,cn_a,INDUSTRY_C39,-0.030133932560103237,-0.024666779055489085,-0.030133932560103237,0.22164040803909302,0,value_factor,0.35523679852485657,quality_factor,0.3046504855155945,momentum_factor,0.20837222039699554
2020-11-24,600884.SH,cp,3,cn_a,INDUSTRY_C39,-0.030586249129844433,-0.025037032518646918,-0.030586249129844433,0.22164040803909302,0,momentum_factor,0.46478691697120667,volatility_factor,0.3055195212364197,value_factor,0.1591768115758896
2020-11-24,300458.SZ,cp,3,cn_a,INDUSTRY_C39,-0.03402144228242009,-0.0278489838077296,-0.03402144228242009,0.22164040803909302,2,value_factor,0.515770673751831,quality_factor,0.2930755615234375,momentum_factor,0.17788967490196228
2020-11-24,300373.SZ,cp,3,cn_a,INDUSTRY_C39,-0.03446286414590783,-0.02821031917460204,-0.03446286414590783,0.22164040803909302,1,value_factor,0.49753260612487793,quality_factor,0.37440580129623413,momentum_factor,0.110711008310318
2020-11-24,600498.SH,cp,3,cn_a,INDUSTRY_C39,-0.03613937426061125,-0.029582662611728927,-0.03613937426061125,0.22164040803909302,0,momentum_factor,0.3944627344608307,volatility_factor,0.2828524708747864,value_factor,0.1778852343559265
2020-11-24,300474.SZ,cp,3,cn_a,INDUSTRY_C39,-0.03620780946441888,-0.029638681720704274,-0.03620780946441888,0.22164040803909302,2,value_factor,0.4735963046550751,quality_factor,0.26834022998809814,momentum_factor,0.21042010188102722
2020-11-24,600764.SH,cp,3,cn_a,INDUSTRY_C39,-0.036618212724651295,-0.0299746261422833,-0.036618212724651295,0.22164040803909302,0,value_factor,0.42596492171287537,quality_factor,0.34151318669319153,momentum_factor,0.1578955352306366
2020-11-24,300623.SZ,cp,3,cn_a,INDUSTRY_C39,-0.038901604665470234,-0.031843745759808334,-0.038901604665470234,0.22164040803909302,0,value_factor,0.29929181933403015,momentum_factor,0.24338461458683014,quality_factor,0.23918232321739197
2020-11-24,603160.SH,cp,3,cn_a,INDUSTRY_C39,-0.04575350071120899,-0.037452512738174404,-0.04575350071120899,0.22164040803909302,1,value_factor,0.5220760107040405,quality_factor,0.39284488558769226,momentum_factor,0.061858516186475754
2020-11-24,300390.SZ,cp,3,cn_a,INDUSTRY_C39,-0.04874252918974576,-0.03989924633073072,-0.04874252918974576,0.22164040803909302,0,value_factor,0.3949114978313446,quality_factor,0.36487293243408203,momentum_factor,0.12745130062103271
2020-11-24,600562.SH,cp,3,cn_a,INDUSTRY_C39,-0.0498311421045419,-0.04079035386183938,-0.0498311421045419,0.22164040803909302,2,value_factor,0.5476893186569214,quality_factor,0.2795218825340271,momentum_factor,0.10621542483568192
2020-11-24,688019.SH,cp,3,cn_a,INDUSTRY_C39,-0.05111927287762052,-0.04184478102997391,-0.05111927287762052,0.22164040803909302,0,value_factor,0.4383917450904846,quality_factor,0.3753180503845215,momentum_factor,0.12490005791187286
2020-11-24,600171.SH,cp,3,cn_a,INDUSTRY_C39,-0.051615318074905506,-0.04225082950235834,-0.051615318074905506,0.22164040803909302,1,value_factor,0.4509996771812439,quality_factor,0.33424192667007446,volatility_factor,0.1290181279182434
2020-11-24,002436.SZ,cp,3,cn_a,INDUSTRY_C39,-0.053977809283130694,-0.04418469752763497,-0.053977809283130694,0.22164040803909302,1,value_factor,0.45368993282318115,quality_factor,0.4238552451133728,volatility_factor,0.06166309490799904
2020-11-24,002156.SZ,cp,3,cn_a,INDUSTRY_C39,-0.05914772752493186,-0.048416645374173034,-0.05914772752493186,0.22164040803909302,0,momentum_factor,0.2846081256866455,volatility_factor,0.2796112895011902,value_factor,0.274899959564209
2020-11-24,603019.SH,cp,3,cn_a,INDUSTRY_C39,-0.05919114964340308,-0.04845218948380142,-0.05919114964340308,0.22164040803909302,1,value_factor,0.5266316533088684,quality_factor,0.3205191493034363,volatility_factor,0.13030311465263367
2020-11-24,600435.SH,cp,3,cn_a,INDUSTRY_C39,-0.06113215848163179,-0.050041044043751204,-0.06113215848163179,0.22164040803909302,2,value_factor,0.5337843894958496,quality_factor,0.30972564220428467,momentum_factor,0.14066782593727112
2020-11-24,300115.SZ,cp,3,cn_a,INDUSTRY_C39,-0.06319228325908544,-0.05172740351942973,-0.06319228325908544,0.22164040803909302,2,value_factor,0.5296713709831238,quality_factor,0.3433865010738373,momentum_factor,0.10464297235012054
2020-11-24,688008.SH,cp,3,cn_a,INDUSTRY_C39,-0.06415075264883104,-0.05251197926709056,-0.06415075264883104,0.22164040803909302,1,value_factor,0.5234852433204651,quality_factor,0.3981243371963501,momentum_factor,0.0427783839404583
2020-11-24,600118.SH,cp,3,cn_a,INDUSTRY_C39,-0.06557415920123948,-0.053677139335872315,-0.06557415920123948,0.22164040803909302,1,value_factor,0.5261033177375793,quality_factor,0.39087286591529846,volatility_factor,0.04380828142166138
2020-11-24,603501.SH,cp,3,cn_a,INDUSTRY_C39,-0.06696689228747871,-0.05481719097875071,-0.06696689228747871,0.22164040803909302,1,value_factor,0.5308237671852112,quality_factor,0.3539797365665436,momentum_factor,0.07731058448553085
2020-11-24,002185.SZ,cp,3,cn_a,INDUSTRY_C39,-0.08228873211325372,-0.06735921273287024,-0.08228873211325372,0.22164040803909302,1,value_factor,0.4127494990825653,quality_factor,0.36719420552253723,momentum_factor,0.11114651709794998
2020-11-24,002414.SZ,cp,3,cn_a,INDUSTRY_C39,-0.08377880787954575,-0.06857894632156644,-0.08377880787954575,0.22164040803909302,0,value_factor,0.3708963990211487,quality_factor,0.31797313690185547,momentum_factor,0.1604311466217041
2020-11-24,300223.SZ,cp,3,cn_a,INDUSTRY_C39,-0.08619195945273868,-0.07055428347892656,-0.08619195945273868,0.22164040803909302,1,value_factor,0.5418184995651245,quality_factor,0.3065015375614166,volatility_factor,0.13898572325706482
2020-11-24,300346.SZ,cp,3,cn_a,INDUSTRY_C39,-0.08942746877038114,-0.07320277926722368,-0.08942746877038114,0.22164040803909302,0,value_factor,0.40108853578567505,quality_factor,0.29378145933151245,volatility_factor,0.165211021900177
2020-11-25,600601.SH,cp,3,cn_a,INDUSTRY_C39,0.1436890211433811,0.12842860465546946,0.1436890211433811,0.11882416903972626,0,value_factor,0.34666723012924194,volatility_factor,0.2469397932291031,momentum_factor,0.2132285237312317
2020-11-25,600707.SH,cp,3,cn_a,INDUSTRY_C39,0.08549201201878606,0.07641237810232715,0.08549201201878606,0.11882416903972626,2,value_factor,0.5500382781028748,quality_factor,0.2742246091365814,momentum_factor,0.10075957328081131
2020-11-25,300073.SZ,cp,3,cn_a,INDUSTRY_C39,0.0791687406917204,0.07076066646193235,0.0791687406917204,0.11882416903972626,0,value_factor,0.3617168664932251,volatility_factor,0.25749409198760986,momentum_factor,0.20412246882915497
2020-11-25,600563.SH,cp,3,cn_a,INDUSTRY_C39,0.06739729423417244,0.06023940024903984,0.06739729423417244,0.11882416903972626,0,value_factor,0.41330575942993164,quality_factor,0.31279218196868896,volatility_factor,0.14953933656215668
2020-11-25,002429.SZ,cp,3,cn_a,INDUSTRY_C39,0.06459779808640635,0.057737223108886626,0.06459779808640635,0.11882416903972626,2,value_factor,0.550312340259552,quality_factor,0.2730291783809662,momentum_factor,0.10120249539613724
2020-11-25,002025.SZ,cp,3,cn_a,INDUSTRY_C39,0.06289727117986797,0.05621729976298341,0.06289727117986797,0.11882416903972626,0,value_factor,0.3262117803096771,quality_factor,0.24716795980930328,momentum_factor,0.21764914691448212
2020-11-25,002583.SZ,cp,3,cn_a,INDUSTRY_C39,0.052337052209193845,0.046778623262385854,0.052337052209193845,0.11882416903972626,1,value_factor,0.5388882756233215,quality_factor,0.35723018646240234,volatility_factor,0.08536847680807114
2020-11-25,600363.SH,cp,3,cn_a,INDUSTRY_C39,0.041752381250847015,0.03731809168453279,0.041752381250847015,0.11882416903972626,0,value_factor,0.33829817175865173,volatility_factor,0.3005630671977997,momentum_factor,0.2383297234773636
2020-11-25,601231.SH,cp,3,cn_a,INDUSTRY_C39,0.03655723697429999,0.03267469495796585,0.03655723697429999,0.11882416903972626,1,value_factor,0.49274489283561707,quality_factor,0.33136317133903503,volatility_factor,0.126214861869812
2020-11-25,002152.SZ,cp,3,cn_a,INDUSTRY_C39,0.03291372381127646,0.02941813918322772,0.03291372381127646,0.11882416903972626,2,value_factor,0.491435170173645,quality_factor,0.3571743369102478,momentum_factor,0.1274697333574295
2020-11-25,002841.SZ,cp,3,cn_a,INDUSTRY_C39,0.031272191531387085,0.027950944970854763,0.031272191531387085,0.11882416903972626,2,quality_factor,0.5219940543174744,value_factor,0.2535910904407501,momentum_factor,0.21240545809268951
2020-11-25,603228.SH,cp,3,cn_a,INDUSTRY_C39,0.029307409472942185,0.026194831551678593,0.029307409472942185,0.11882416903972626,0,value_factor,0.45647159218788147,quality_factor,0.41365402936935425,momentum_factor,0.08647110313177109
2020-11-25,603920.SH,cp,3,cn_a,INDUSTRY_C39,0.02876136165174375,0.025706776450504953,0.02876136165174375,0.11882416903972626,2,value_factor,0.5320783853530884,quality_factor,0.3134121596813202,momentum_factor,0.1449301540851593
2020-11-25,600060.SH,cp,3,cn_a,INDUSTRY_C39,0.02381290701777285,0.02128386982350794,0.02381290701777285,0.11882416903972626,2,value_factor,0.6068779230117798,momentum_factor,0.18363387882709503,volatility_factor,0.17841853201389313
2020-11-25,603486.SH,cp,3,cn_a,INDUSTRY_C39,0.02378765676926575,0.021261301264287713,0.02378765676926575,0.11882416903972626,2,momentum_factor,0.40432652831077576,quality_factor,0.2856585383415222,volatility_factor,0.2066369354724884
2020-11-25,002130.SZ,cp,3,cn_a,INDUSTRY_C39,0.021977524830870027,0.019643413430961265,0.021977524830870027,0.11882416903972626,0,value_factor,0.5018811821937561,volatility_factor,0.35622870922088623,momentum_factor,0.11946047097444534
2020-11-25,300136.SZ,cp,3,cn_a,INDUSTRY_C39,0.017541103298526973,0.01567815970086761,0.017541103298526973,0.11882416903972626,2,momentum_factor,0.49318426847457886,volatility_factor,0.21290786564350128,quality_factor,0.18902136385440826
2020-11-25,688100.SH,cp,3,cn_a,INDUSTRY_C39,0.015850004766440436,0.014166663393894607,0.015850004766440436,0.11882416903972626,2,momentum_factor,0.4016849994659424,quality_factor,0.3312459886074066,volatility_factor,0.17372673749923706
2020-11-25,002138.SZ,cp,3,cn_a,INDUSTRY_C39,0.01571265545869248,0.014043901196726716,0.01571265545869248,0.11882416903972626,2,momentum_factor,0.39766719937324524,quality_factor,0.30854126811027527,volatility_factor,0.18939898908138275
2020-11-25,002273.SZ,cp,3,cn_a,INDUSTRY_C39,0.015301432558040182,0.01367635200672667,0.015301432558040182,0.11882416903972626,0,value_factor,0.3640942871570587,quality_factor,0.2692263126373291,volatility_factor,0.18797220289707184
2020-11-25,603659.SH,cp,3,cn_a,INDUSTRY_C39,0.010810635600652537,0.009662497764844041,0.010810635600652537,0.11882416903972626,2,momentum_factor,0.4794760048389435,quality_factor,0.3468659222126007,volatility_factor,0.17305366694927216
2020-11-25,300037.SZ,cp,3,cn_a,INDUSTRY_C39,0.009796211398301972,0.008755809948336343,0.009796211398301972,0.11882416903972626,0,momentum_factor,0.5356218218803406,volatility_factor,0.3385900557041168,quality_factor,0.07136940211057663
2020-11-25,600699.SH,cp,3,cn_a,INDUSTRY_C39,0.005539620773089023,0.0049512882790004875,0.005539620773089023,0.11882416903972626,2,value_factor,0.5348340272903442,momentum_factor,0.34426990151405334,volatility_factor,0.06464257091283798
2020-11-25,300570.SZ,cp,3,cn_a,INDUSTRY_C39,0.00455552801553477,0.0040717105722379715,0.00455552801553477,0.11882416903972626,0,quality_factor,0.39928123354911804,value_factor,0.22761934995651245,volatility_factor,0.21591635048389435
2020-11-25,605358.SH,cp,3,cn_a,INDUSTRY_C39,0.0033207990573899406,0.0029681153499975244,0.0033207990573899406,0.11882416903972626,0,momentum_factor,0.3448229134082794,volatility_factor,0.23549625277519226,value_factor,0.23507995903491974
2020-11-25,300735.SZ,cp,3,cn_a,INDUSTRY_C39,0.0016612080153782685,0.0014847802967815002,0.0016612080153782685,0.11882416903972626,0,quality_factor,0.2826797664165497,momentum_factor,0.2575901448726654,value_factor,0.23761792480945587
2020-11-25,002402.SZ,cp,3,cn_a,INDUSTRY_C39,0.0012967448846064671,0.001159024780034823,0.0012967448846064671,0.11882416903972626,2,momentum_factor,0.3039356768131256,quality_factor,0.301237016916275,value_factor,0.29557764530181885
2020-11-25,300919.SZ,cp,3,cn_a,INDUSTRY_C39,-0.004223867616445823,-0.0037752739904063914,-0.004223867616445823,0.11882416903972626,2,value_factor,0.4200681149959564,momentum_factor,0.29910561442375183,quality_factor,0.18325938284397125
2020-11-25,688608.SH,cp,3,cn_a,INDUSTRY_C39,-0.004223867616445823,-0.0037752739904063914,-0.004223867616445823,0.11882416903972626,2,value_factor,0.4200681149959564,momentum_factor,0.29910561442375183,quality_factor,0.18325938284397125
2020-11-25,689009.SH,cp,3,cn_a,INDUSTRY_C39,-0.004223867616445823,-0.0037752739904063914,-0.004223867616445823,0.11882416903972626,2,value_factor,0.4200681149959564,momentum_factor,0.29910561442375183,quality_factor,0.18325938284397125
2020-11-25,300857.SZ,cp,3,cn_a,INDUSTRY_C39,-0.010031498046272902,-0.008966108102311632,-0.010031498046272902,0.11882416903972626,0,value_factor,0.329328715801239,momentum_factor,0.26221776008605957,quality_factor,0.25110045075416565
2020-11-25,688002.SH,cp,3,cn_a,INDUSTRY_C39,-0.016816980496051438,-0.015030941977612733,-0.016816980496051438,0.11882416903972626,0,value_factor,0.35381075739860535,quality_factor,0.2787604033946991,momentum_factor,0.23159094154834747
2020-11-25,002465.SZ,cp,3,cn_a,INDUSTRY_C39,-0.0169518530732121,-0.015151490484055313,-0.0169518530732121,0.11882416903972626,0,value_factor,0.4349954128265381,quality_factor,0.3246842920780182,momentum_factor,0.17046339809894562
2020-11-25,300679.SZ,cp,3,cn_a,INDUSTRY_C39,-0.017640987322434756,-0.01576743559484875,-0.017640987322434756,0.11882416903972626,1,value_factor,0.5616244673728943,quality_factor,0.2531788647174835,volatility_factor,0.12084666639566422
2020-11-25,002281.SZ,cp,3,cn_a,INDUSTRY_C39,-0.017898885329387756,-0.01599794368038543,-0.017898885329387756,0.11882416903972626,2,value_factor,0.5741119384765625,quality_factor,0.21239736676216125,volatility_factor,0.15455572307109833
2020-11-25,300627.SZ,cp,3,cn_a,INDUSTRY_C39,-0.017942083345621168,-0.016036553874153855,-0.017942083345621168,0.11882416903972626,0,value_factor,0.43437331914901733,quality_factor,0.24712243676185608,volatility_factor,0.19616228342056274
2020-11-25,300054.SZ,cp,3,cn_a,INDUSTRY_C39,-0.0181572309913528,-0.01622885187797038,-0.0181572309913528,0.11882416903972626,0,quality_factor,0.4728568494319916,value_factor,0.3889010548591614,volatility_factor,0.08690669387578964
2020-11-25,688027.SH,cp,3,cn_a,INDUSTRY_C39,-0.019447691529037428,-0.017382259736824168,-0.019447691529037428,0.11882416903972626,1,value_factor,0.5241482853889465,quality_factor,0.36930644512176514,momentum_factor,0.09230463951826096
2020-11-25,688981.SH,cp,3,cn_a,INDUSTRY_C39,-0.021186715765232563,-0.018936591823850657,-0.021186715765232563,0.11882416903972626,2,value_factor,0.5350579619407654,quality_factor,0.30725589394569397,momentum_factor,0.13695748150348663
2020-11-25,300474.SZ,cp,3,cn_a,INDUSTRY_C39,-0.022166430290784942,-0.019812256286425245,-0.022166430290784942,0.11882416903972626,2,value_factor,0.4759082794189453,momentum_factor,0.24139690399169922,quality_factor,0.23258918523788452
2020-11-25,300458.SZ,cp,3,cn_a,INDUSTRY_C39,-0.02254760114608378,-0.02015294509265292,-0.02254760114608378,0.11882416903972626,2,value_factor,0.5183452367782593,quality_factor,0.2630173861980438,momentum_factor,0.2037738561630249
2020-11-25,600764.SH,cp,3,cn_a,INDUSTRY_C39,-0.024606790040385084,-0.021993438919618746,-0.024606790040385084,0.11882416903972626,0,value_factor,0.43227261304855347,quality_factor,0.3240332007408142,momentum_factor,0.17172858119010925
2020-11-25,300373.SZ,cp,3,cn_a,INDUSTRY_C39,-0.024754590143439514,-0.022125541990905412,-0.024754590143439514,0.11882416903972626,1,value_factor,0.5052551031112671,quality_factor,0.36103555560112,momentum_factor,0.12055695056915283
2020-11-25,603290.SH,cp,3,cn_a,INDUSTRY_C39,-0.026769506630504224,-0.02392646533822784,-0.026769506630504224,0.11882416903972626,0,momentum_factor,0.3066764175891876,volatility_factor,0.2714144289493561,value_factor,0.2453862726688385
2020-11-25,600884.SH,cp,3,cn_a,INDUSTRY_C39,-0.03239908389847251,-0.028958156330150364,-0.03239908389847251,0.11882416903972626,0,momentum_factor,0.5340752601623535,volatility_factor,0.3340919017791748,value_factor,0.06926584243774414
2020-11-25,300623.SZ,cp,3,cn_a,INDUSTRY_C39,-0.033050899712282686,-0.029540746390225157,-0.033050899712282686,0.11882416903972626,0,value_factor,0.32361629605293274,quality_factor,0.27508893609046936,momentum_factor,0.21290184557437897
2020-11-25,603160.SH,cp,3,cn_a,INDUSTRY_C39,-0.03405525619556096,-0.03043843572443944,-0.03405525619556096,0.11882416903972626,1,value_factor,0.5245046615600586,quality_factor,0.38092440366744995,momentum_factor,0.06826146692037582
2020-11-25,600562.SH,cp,3,cn_a,INDUSTRY_C39,-0.0355200664759136,-0.03174767660376143,-0.0355200664759136,0.11882416903972626,2,value_factor,0.5494245886802673,quality_factor,0.260684609413147,momentum_factor,0.13007885217666626
2020-11-25,688019.SH,cp,3,cn_a,INDUSTRY_C39,-0.036087248545752335,-0.03225462140187724,-0.036087248545752335,0.11882416903972626,0,value_factor,0.4471559226512909,quality_factor,0.36520686745643616,momentum_factor,0.13160474598407745
2020-11-25,300390.SZ,cp,3,cn_a,INDUSTRY_C39,-0.039689697303387214,-0.03547447399468049,-0.039689697303387214,0.11882416903972626,0,value_factor,0.4001021683216095,quality_factor,0.37214985489845276,momentum_factor,0.1210436001420021
2020-11-25,600498.SH,cp,3,cn_a,INDUSTRY_C39,-0.041052410669116066,-0.03669246110819335,-0.041052410669116066,0.11882416903972626,0,momentum_factor,0.4975488483905792,volatility_factor,0.3406710922718048,value_factor,0.1159619390964508
2020-11-25,600171.SH,cp,3,cn_a,INDUSTRY_C39,-0.04108654091310386,-0.03672296656767121,-0.04108654091310386,0.11882416903972626,1,value_factor,0.46091392636299133,quality_factor,0.3444494605064392,volatility_factor,0.12020514160394669
2020-11-25,600435.SH,cp,3,cn_a,INDUSTRY_C39,-0.04248652201507019,-0.03797426341720678,-0.04248652201507019,0.11882416903972626,2,value_factor,0.5371646285057068,quality_factor,0.2862396240234375,momentum_factor,0.1624653935432434
2020-11-25,002436.SZ,cp,3,cn_a,INDUSTRY_C39,-0.042803679104281636,-0.03825773700551505,-0.042803679104281636,0.11882416903972626,1,value_factor,0.45274877548217773,quality_factor,0.4205176532268524,volatility_factor,0.06427162885665894
2020-11-25,300115.SZ,cp,3,cn_a,INDUSTRY_C39,-0.045471982907716736,-0.040642655014874296,-0.045471982907716736,0.11882416903972626,2,value_factor,0.5324931144714355,quality_factor,0.3255493640899658,momentum_factor,0.11953401565551758
2020-11-25,603019.SH,cp,3,cn_a,INDUSTRY_C39,-0.04562115756028012,-0.04077598665236637,-0.04562115756028012,0.11882416903972626,1,value_factor,0.5440695881843567,quality_factor,0.3291120231151581,volatility_factor,0.12180458754301071
2020-11-25,688008.SH,cp,3,cn_a,INDUSTRY_C39,-0.04827462368604089,-0.04314764281176048,-0.04827462368604089,0.11882416903972626,1,value_factor,0.5255212187767029,quality_factor,0.3880169689655304,momentum_factor,0.04835916683077812
2020-11-25,603501.SH,cp,3,cn_a,INDUSTRY_C39,-0.049163509180429846,-0.0439421246923834,-0.049163509180429846,0.11882416903972626,1,value_factor,0.5330468416213989,quality_factor,0.3395375907421112,momentum_factor,0.08976956456899643
2020-11-25,600118.SH,cp,3,cn_a,INDUSTRY_C39,-0.04939835577240157,-0.04415202952627412,-0.04939835577240157,0.11882416903972626,1,value_factor,0.5279149413108826,quality_factor,0.38092273473739624,momentum_factor,0.04596954956650734
2020-11-25,002156.SZ,cp,3,cn_a,INDUSTRY_C39,-0.05084974275876582,-0.04544927272544566,-0.05084974275876582,0.11882416903972626,0,value_factor,0.3105369210243225,momentum_factor,0.2394496500492096,volatility_factor,0.23454596102237701
2020-11-25,300223.SZ,cp,3,cn_a,INDUSTRY_C39,-0.06601739303535015,-0.05900605072715592,-0.06601739303535015,0.11882416903972626,1,value_factor,0.5537302494049072,quality_factor,0.31089919805526733,volatility_factor,0.12729297578334808
2020-11-25,002185.SZ,cp,3,cn_a,INDUSTRY_C39,-0.06650416754471837,-0.05944112760723036,-0.06650416754471837,0.11882416903972626,1,value_factor,0.4176795482635498,quality_factor,0.3735449016094208,momentum_factor,0.10520181804895401
2020-11-25,002414.SZ,cp,3,cn_a,INDUSTRY_C39,-0.06899251177879304,-0.06166519855810561,-0.06899251177879304,0.11882416903972626,0,value_factor,0.38211962580680847,quality_factor,0.33443668484687805,momentum_factor,0.1463925689458847
2020-11-25,300346.SZ,cp,3,cn_a,INDUSTRY_C39,-0.07278159324527844,-0.0650518626316331,-0.07278159324527844,0.11882416903972626,0,value_factor,0.41485679149627686,quality_factor,0.3130187690258026,volatility_factor,0.1491856873035431
2020-11-26,600601.SH,cp,3,cn_a,INDUSTRY_C39,0.1582593120117593,0.14833330102212217,0.1582593120117593,0.06691700220108032,0,value_factor,0.372654527425766,quality_factor,0.2288195639848709,volatility_factor,0.21718215942382812
2020-11-26,300073.SZ,cp,3,cn_a,INDUSTRY_C39,0.08605118641096574,0.08065406310031281,0.08605118641096574,0.06691700220108032,0,value_factor,0.3896028399467468,volatility_factor,0.22759556770324707,quality_factor,0.21220870316028595
2020-11-26,600707.SH,cp,3,cn_a,INDUSTRY_C39,0.07436580591861792,0.06970158870815402,0.07436580591861792,0.06691700220108032,2,value_factor,0.5538414120674133,quality_factor,0.23816093802452087,momentum_factor,0.14330051839351654
2020-11-26,600563.SH,cp,3,cn_a,INDUSTRY_C39,0.07232164746279869,0.06778563970199747,0.07232164746279869,0.06691700220108032,0,value_factor,0.4255291521549225,quality_factor,0.32584095001220703,volatility_factor,0.1383267641067505
2020-11-26,002025.SZ,cp,3,cn_a,INDUSTRY_C39,0.07088027315507765,0.06643466827191283,0.07088027315507765,0.06691700220108032,0,value_factor,0.3468242883682251,quality_factor,0.27736470103263855,momentum_factor,0.1918760985136032
2020-11-26,002429.SZ,cp,3,cn_a,INDUSTRY_C39,0.05612316001210096,0.05260312004748968,0.05612316001210096,0.06691700220108032,2,value_factor,0.5541335940361023,quality_factor,0.236740842461586,momentum_factor,0.14404506981372833
2020-11-26,002583.SZ,cp,3,cn_a,INDUSTRY_C39,0.0509208923807915,0.047727138212718845,0.0509208923807915,0.06691700220108032,1,value_factor,0.5403538942337036,quality_factor,0.3411353528499603,volatility_factor,0.07949721813201904
2020-11-26,600363.SH,cp,3,cn_a,INDUSTRY_C39,0.0457063884935016,0.04283968757893292,0.0457063884935016,0.06691700220108032,0,value_factor,0.3726593554019928,volatility_factor,0.2622343599796295,momentum_factor,0.19651341438293457
2020-11-26,002841.SZ,cp,3,cn_a,INDUSTRY_C39,0.03855639842362467,0.03613814429621326,0.03855639842362467,0.06691700220108032,2,quality_factor,0.4951036274433136,value_factor,0.25654104351997375,momentum_factor,0.21658073365688324
2020-11-26,601231.SH,cp,3,cn_a,INDUSTRY_C39,0.03715263367067753,0.034822423552730686,0.03715263367067753,0.06691700220108032,1,value_factor,0.510765016078949,quality_factor,0.33679497241973877,volatility_factor,0.12001188844442368
2020-11-26,603486.SH,cp,3,cn_a,INDUSTRY_C39,0.03099492470640584,0.02905092558655689,0.03099492470640584,0.06691700220108032,2,momentum_factor,0.3433149456977844,quality_factor,0.3251073360443115,volatility_factor,0.17024584114551544
2020-11-26,002152.SZ,cp,3,cn_a,INDUSTRY_C39,0.02926156934791551,0.0274262861331126,0.02926156934791551,0.06691700220108032,2,value_factor,0.49336525797843933,quality_factor,0.33009564876556396,momentum_factor,0.15088693797588348
2020-11-26,603228.SH,cp,3,cn_a,INDUSTRY_C39,0.02826789987427003,0.026494939526855416,0.02826789987427003,0.06691700220108032,0,value_factor,0.4642683267593384,quality_factor,0.4060348570346832,momentum_factor,0.0912209004163742
2020-11-26,300136.SZ,cp,3,cn_a,INDUSTRY_C39,0.02584431865747451,0.0242233651239806,0.02584431865747451,0.06691700220108032,2,momentum_factor,0.4753493070602417,quality_factor,0.30829256772994995,volatility_factor,0.20004317164421082
2020-11-26,603920.SH,cp,3,cn_a,INDUSTRY_C39,0.02422337872173513,0.022704090407248967,0.02422337872173513,0.06691700220108032,2,value_factor,0.5367798805236816,quality_factor,0.2754824161529541,momentum_factor,0.1850854754447937
2020-11-26,002130.SZ,cp,3,cn_a,INDUSTRY_C39,0.02092438408926349,0.019612008445889118,0.02092438408926349,0.06691700220108032,0,value_factor,0.5722876191139221,volatility_factor,0.3402217626571655,momentum_factor,0.05483845993876457
2020-11-26,688100.SH,cp,3,cn_a,INDUSTRY_C39,0.020906849821938255,0.019595573926363574,0.020906849821938255,0.06691700220108032,2,quality_factor,0.35810962319374084,momentum_factor,0.3439177870750427,value_factor,0.151212677359581
2020-11-26,002138.SZ,cp,3,cn_a,INDUSTRY_C39,0.02052791018369765,0.019240401350962888,0.02052791018369765,0.06691700220108032,2,quality_factor,0.341464102268219,momentum_factor,0.3399469554424286,value_factor,0.16047737002372742
2020-11-26,002273.SZ,cp,3,cn_a,INDUSTRY_C39,0.016866664537688834,0.015808788729741542,0.016866664537688834,0.06691700220108032,0,value_factor,0.3808802664279938,quality_factor,0.29232344031333923,volatility_factor,0.16870123147964478
2020-11-26,603659.SH,cp,3,cn_a,INDUSTRY_C39,0.015051027592211857,0.014107028383656434,0.015051027592211857,0.06691700220108032,2,momentum_factor,0.3949454724788666,quality_factor,0.3721887171268463,volatility_factor,0.14358121156692505
2020-11-26,600060.SH,cp,3,cn_a,INDUSTRY_C39,0.014535144327193654,0.01362350127444889,0.014535144327193654,0.06691700220108032,2,value_factor,0.548739492893219,momentum_factor,0.26066479086875916,volatility_factor,0.13545715808868408
2020-11-26,300037.SZ,cp,3,cn_a,INDUSTRY_C39,0.013612117880888244,0.012758366970686552,0.013612117880888244,0.06691700220108032,0,momentum_factor,0.46040841937065125,volatility_factor,0.27833548188209534,quality_factor,0.1958368569612503
2020-11-26,605358.SH,cp,3,cn_a,INDUSTRY_C39,0.007387785829842927,0.00692442451224376,0.007387785829842927,0.06691700220108032,0,momentum_factor,0.43462714552879333,volatility_factor,0.28200563788414,value_factor,0.18654975295066833
2020-11-26,300570.SZ,cp,3,cn_a,INDUSTRY_C39,0.004283109408530139,0.004014473139874242,0.004283109408530139,0.06691700220108032,0,quality_factor,0.4147036671638489,volatility_factor,0.21995221078395844,value_factor,0.2197924107313156
2020-11-26,002402.SZ,cp,3,cn_a,INDUSTRY_C39,0.0034482652579443346,0.00323199034552088,0.0034482652579443346,0.06691700220108032,2,quality_factor,0.3872532248497009,momentum_factor,0.3627932071685791,value_factor,0.20040296018123627
2020-11-26,300919.SZ,cp,3,cn_a,INDUSTRY_C39,0.00020334430447859934,0.00019059056648190742,0.00020334430447859934,0.06691700220108032,2,value_factor,0.40207555890083313,momentum_factor,0.38397839665412903,volatility_factor,0.12165413796901703
2020-11-26,688608.SH,cp,3,cn_a,INDUSTRY_C39,0.00020334430447859934,0.00019059056648190742,0.00020334430447859934,0.06691700220108032,2,value_factor,0.40207555890083313,momentum_factor,0.38397839665412903,volatility_factor,0.12165413796901703
2020-11-26,689009.SH,cp,3,cn_a,INDUSTRY_C39,0.00020334430447859934,0.00019059056648190742,0.00020334430447859934,0.06691700220108032,2,value_factor,0.40207555890083313,momentum_factor,0.38397839665412903,volatility_factor,0.12165413796901703
2020-11-26,300857.SZ,cp,3,cn_a,INDUSTRY_C39,-0.0006599037188280961,-0.0006185146120392115,-0.0006599037188280961,0.06691700220108032,0,momentum_factor,0.31616660952568054,value_factor,0.31070753931999207,quality_factor,0.19534075260162354
2020-11-26,300735.SZ,cp,3,cn_a,INDUSTRY_C39,-0.0030197770525775417,-0.002830376885035353,-0.0030197770525775417,0.06691700220108032,0,momentum_factor,0.29588648676872253,quality_factor,0.24738608300685883,volatility_factor,0.24725989997386932
2020-11-26,600699.SH,cp,3,cn_a,INDUSTRY_C39,-0.004220834088227642,-0.003956103722522086,-0.004220834088227642,0.06691700220108032,2,value_factor,0.4090285003185272,momentum_factor,0.39298081398010254,quality_factor,0.1743946373462677
2020-11-26,688002.SH,cp,3,cn_a,INDUSTRY_C39,-0.008605701678468972,-0.008065952779347796,-0.008605701678468972,0.06691700220108032,0,value_factor,0.34215113520622253,momentum_factor,0.27406445145606995,quality_factor,0.23399947583675385
2020-11-26,300474.SZ,cp,3,cn_a,INDUSTRY_C39,-0.012560038124789737,-0.011772273570071712,-0.012560038124789737,0.06691700220108032,2,value_factor,0.4665573239326477,momentum_factor,0.30568552017211914,quality_factor,0.16245554387569427
2020-11-26,002465.SZ,cp,3,cn_a,INDUSTRY_C39,-0.013720186307819167,-0.012859657354798298,-0.013720186307819167,0.06691700220108032,0,value_factor,0.433962345123291,quality_factor,0.291919469833374,momentum_factor,0.19965188205242157
2020-11-26,002281.SZ,cp,3,cn_a,INDUSTRY_C39,-0.015744830141094006,-0.014757315693926076,-0.015744830141094006,0.06691700220108032,2,value_factor,0.5762119293212891,quality_factor,0.1773529350757599,volatility_factor,0.13572967052459717
2020-11-26,300679.SZ,cp,3,cn_a,INDUSTRY_C39,-0.015764332191525014,-0.014775594577363382,-0.015764332191525014,0.06691700220108032,1,value_factor,0.5640997886657715,quality_factor,0.2211463302373886,momentum_factor,0.10803775489330292
2020-11-26,300458.SZ,cp,3,cn_a,INDUSTRY_C39,-0.01616113945094788,-0.01514751411822024,-0.01616113945094788,0.06691700220108032,2,value_factor,0.5120097994804382,momentum_factor,0.25844791531562805,quality_factor,0.20290803909301758
2020-11-26,688981.SH,cp,3,cn_a,INDUSTRY_C39,-0.01797085150451387,-0.016843721181126092,-0.01797085150451387,0.06691700220108032,2,value_factor,0.539652407169342,quality_factor,0.2696591913700104,momentum_factor,0.1771906316280365
2020-11-26,688027.SH,cp,3,cn_a,INDUSTRY_C39,-0.01799021816510777,-0.0168618731663657,-0.01799021816510777,0.06691700220108032,1,value_factor,0.5274761915206909,quality_factor,0.3461027443408966,momentum_factor,0.11391713470220566
2020-11-26,300627.SZ,cp,3,cn_a,INDUSTRY_C39,-0.018748002498484406,-0.017572129328886188,-0.018748002498484406,0.06691700220108032,0,value_factor,0.45688387751579285,quality_factor,0.26534512639045715,volatility_factor,0.17985787987709045
2020-11-26,300054.SZ,cp,3,cn_a,INDUSTRY_C39,-0.018921370759785408,-0.01773462394714494,-0.018921370759785408,0.06691700220108032,0,quality_factor,0.4889947474002838,value_factor,0.40351247787475586,volatility_factor,0.07410935312509537
2020-11-26,600764.SH,cp,3,cn_a,INDUSTRY_C39,-0.019840969257348233,-0.01859654530282695,-0.019840969257348233,0.06691700220108032,0,value_factor,0.43110525608062744,quality_factor,0.29125747084617615,momentum_factor,0.20096072554588318
2020-11-26,300373.SZ,cp,3,cn_a,INDUSTRY_C39,-0.0222029519321064,-0.02081038461913781,-0.0222029519321064,0.06691700220108032,1,value_factor,0.5070657730102539,quality_factor,0.3338404893875122,momentum_factor,0.1441071778535843
2020-11-26,600562.SH,cp,3,cn_a,INDUSTRY_C39,-0.029508298288216408,-0.02765754025463818,-0.029508298288216408,0.06691700220108032,2,value_factor,0.5542289614677429,quality_factor,0.2175547331571579,momentum_factor,0.17928104102611542
2020-11-26,603290.SH,cp,3,cn_a,INDUSTRY_C39,-0.031456715221420954,-0.029483752638577745,-0.031456715221420954,0.06691700220108032,0,value_factor,0.2811550199985504,momentum_factor,0.26207512617111206,quality_factor,0.22843724489212036
2020-11-26,688019.SH,cp,3,cn_a,INDUSTRY_C39,-0.03226817876910427,-0.030244321259513263,-0.03226817876910427,0.06691700220108032,0,value_factor,0.4504132568836212,quality_factor,0.3446723222732544,momentum_factor,0.1489078253507614
2020-11-26,603160.SH,cp,3,cn_a,INDUSTRY_C39,-0.03234227149742886,-0.030313766898031558,-0.03234227149742886,0.06691700220108032,1,value_factor,0.5273585915565491,quality_factor,0.36165860295295715,momentum_factor,0.08561165630817413
2020-11-26,600435.SH,cp,3,cn_a,INDUSTRY_C39,-0.034150151884732305,-0.032008257176631694,-0.034150151884732305,0.06691700220108032,2,value_factor,0.5425575375556946,quality_factor,0.2410997450351715,momentum_factor,0.2115764617919922
2020-11-26,300623.SZ,cp,3,cn_a,INDUSTRY_C39,-0.03748189194248455,-0.035131030772900744,-0.03748189194248455,0.06691700220108032,0,value_factor,0.3413359820842743,quality_factor,0.3009263873100281,momentum_factor,0.190776526927948
2020-11-26,300115.SZ,cp,3,cn_a,INDUSTRY_C39,-0.03988872742407618,-0.03738690973170178,-0.03988872742407618,0.06691700220108032,2,value_factor,0.5365627408027649,quality_factor,0.2931911051273346,momentum_factor,0.15340714156627655
2020-11-26,600171.SH,cp,3,cn_a,INDUSTRY_C39,-0.042846828294563336,-0.04015947875969786,-0.042846828294563336,0.06691700220108032,1,value_factor,0.4725806415081024,quality_factor,0.35068780183792114,volatility_factor,0.11415322124958038
2020-11-26,300390.SZ,cp,3,cn_a,INDUSTRY_C39,-0.043423684255698564,-0.0407001543625535,-0.043423684255698564,0.06691700220108032,0,value_factor,0.4044542610645294,quality_factor,0.37764355540275574,momentum_factor,0.1158241406083107
2020-11-26,603019.SH,cp,3,cn_a,INDUSTRY_C39,-0.044570095248596224,-0.04177466255257978,-0.044570095248596224,0.06691700220108032,1,value_factor,0.5499833822250366,quality_factor,0.317354679107666,volatility_factor,0.11215462535619736
2020-11-26,603501.SH,cp,3,cn_a,INDUSTRY_C39,-0.04486661682099778,-0.04205258631642961,-0.04486661682099778,0.06691700220108032,1,value_factor,0.5363839268684387,quality_factor,0.31306666135787964,momentum_factor,0.11742866039276123
2020-11-26,600884.SH,cp,3,cn_a,INDUSTRY_C39,-0.04544966256653608,-0.04259906348092135,-0.04544966256653608,0.06691700220108032,0,momentum_factor,0.4710679352283478,volatility_factor,0.28167352080345154,quality_factor,0.1931736171245575
2020-11-26,002436.SZ,cp,3,cn_a,INDUSTRY_C39,-0.04550617976168742,-0.042652035922256665,-0.04550617976168742,0.06691700220108032,1,value_factor,0.4531359374523163,quality_factor,0.41788145899772644,volatility_factor,0.06619764119386673
2020-11-26,688008.SH,cp,3,cn_a,INDUSTRY_C39,-0.04668107951960513,-0.04375324606431186,-0.04668107951960513,0.06691700220108032,1,value_factor,0.5279744863510132,quality_factor,0.3714718520641327,momentum_factor,0.06324391067028046
2020-11-26,600118.SH,cp,3,cn_a,INDUSTRY_C39,-0.04769140745725034,-0.04470020631708138,-0.04769140745725034,0.06691700220108032,1,value_factor,0.5302824974060059,quality_factor,0.36394092440605164,momentum_factor,0.062231194227933884
2020-11-26,002156.SZ,cp,3,cn_a,INDUSTRY_C39,-0.05760901843952362,-0.053995785556959136,-0.05760901843952362,0.06691700220108032,0,value_factor,0.33558622002601624,quality_factor,0.2524888217449188,momentum_factor,0.20804719626903534
2020-11-26,600498.SH,cp,3,cn_a,INDUSTRY_C39,-0.059353031643920307,-0.05563041439709404,-0.059353031643920307,0.06691700220108032,0,momentum_factor,0.5324514508247375,volatility_factor,0.34855568408966064,quality_factor,0.11109687387943268
2020-11-26,300223.SZ,cp,3,cn_a,INDUSTRY_C39,-0.06339745265507749,-0.059421169656181716,-0.06339745265507749,0.06691700220108032,1,value_factor,0.5543792843818665,quality_factor,0.2926550805568695,volatility_factor,0.11503235250711441
2020-11-26,002185.SZ,cp,3,cn_a,INDUSTRY_C39,-0.07189187664296805,-0.06738282407252141,-0.07189187664296805,0.06691700220108032,1,value_factor,0.42227843403816223,quality_factor,0.3781951367855072,momentum_factor,0.09997732937335968
2020-11-26,002414.SZ,cp,3,cn_a,INDUSTRY_C39,-0.07594138434352343,-0.071178346984268,-0.07594138434352343,0.06691700220108032,0,value_factor,0.3909885585308075,quality_factor,0.346508651971817,momentum_factor,0.13553526997566223
2020-11-26,300346.SZ,cp,3,cn_a,INDUSTRY_C39,-0.0780168294535539,-0.07312362034826547,-0.0780168294535539,0.06691700220108032,0,value_factor,0.427124559879303,quality_factor,0.3259248435497284,volatility_factor,0.1380746215581894
2020-11-27,600601.SH,cp,3,cn_a,INDUSTRY_C39,0.14716365938327444,0.11776371027775878,0.14716365938327444,0.24965201318264008,0,value_factor,0.45598435401916504,quality_factor,0.35560739040374756,volatility_factor,0.11244375258684158
2020-11-27,300073.SZ,cp,3,cn_a,INDUSTRY_C39,0.07835090688355546,0.06269817927131094,0.07835090688355546,0.24965201318264008,0,value_factor,0.48063620924949646,quality_factor,0.34844064712524414,volatility_factor,0.11487772315740585
2020-11-27,002025.SZ,cp,3,cn_a,INDUSTRY_C39,0.06769505982754272,0.05417112788697295,0.06769505982754272,0.24965201318264008,0,value_factor,0.4101766347885132,quality_factor,0.3725251853466034,momentum_factor,0.11207070201635361
2020-11-27,600563.SH,cp,3,cn_a,INDUSTRY_C39,0.060861645507646604,0.048702874192082884,0.060861645507646604,0.24965201318264008,0,value_factor,0.4665558338165283,quality_factor,0.37871861457824707,volatility_factor,0.09390006214380264
2020-11-27,600363.SH,cp,3,cn_a,INDUSTRY_C39,0.04301767934092504,0.03442372626473286,0.04301767934092504,0.24965201318264008,0,value_factor,0.48226994276046753,quality_factor,0.3384929299354553,volatility_factor,0.12212515622377396
2020-11-27,002841.SZ,cp,3,cn_a,INDUSTRY_C39,0.03986871936264217,0.03190385680706356,0.03986871936264217,0.24965201318264008,2,quality_factor,0.4382794201374054,value_factor,0.2467053234577179,momentum_factor,0.23956523835659027
2020-11-27,603486.SH,cp,3,cn_a,INDUSTRY_C39,0.03695336040667184,0.029570920205151507,0.03695336040667184,0.24965201318264008,2,quality_factor,0.39899078011512756,value_factor,0.259417861700058,momentum_factor,0.23826079070568085
2020-11-27,300136.SZ,cp,3,cn_a,INDUSTRY_C39,0.035867078704408605,0.028701652858841575,0.035867078704408605,0.24965201318264008,2,quality_factor,0.40247923135757446,momentum_factor,0.2934751510620117,value_factor,0.19576680660247803
2020-11-27,002583.SZ,cp,3,cn_a,INDUSTRY_C39,0.03158227368605681,0.025272854343688478,0.03158227368605681,0.24965201318264008,1,value_factor,0.5430044531822205,quality_factor,0.298929899930954,momentum_factor,0.10056836158037186
2020-11-27,600707.SH,cp,3,cn_a,INDUSTRY_C39,0.027853868820607593,0.022289299896802728,0.027853868820607593,0.24965201318264008,2,value_factor,0.5636710524559021,momentum_factor,0.28879135847091675,quality_factor,0.1259361207485199
2020-11-27,601231.SH,cp,3,cn_a,INDUSTRY_C39,0.026987267344460403,0.02159582566824006,0.026987267344460403,0.24965201318264008,1,value_factor,0.53912752866745,quality_factor,0.3517157733440399,volatility_factor,0.08190087974071503
2020-11-27,688100.SH,cp,3,cn_a,INDUSTRY_C39,0.025077325992462218,0.020067447120391935,0.025077325992462218,0.24965201318264008,2,quality_factor,0.4071241021156311,momentum_factor,0.2519778609275818,value_factor,0.24152731895446777
2020-11-27,002138.SZ,cp,3,cn_a,INDUSTRY_C39,0.024434503192075827,0.01955304568227953,0.024434503192075827,0.24965201318264008,2,quality_factor,0.4028245210647583,value_factor,0.25279322266578674,momentum_factor,0.24313293397426605
2020-11-27,300857.SZ,cp,3,cn_a,INDUSTRY_C39,0.023520280712348355,0.01882146404260554,0.023520280712348355,0.24965201318264008,0,momentum_factor,0.4845684766769409,quality_factor,0.3138505816459656,volatility_factor,0.1867576539516449
2020-11-27,002429.SZ,cp,3,cn_a,INDUSTRY_C39,0.020883206610086417,0.016711217315518168,0.020883206610086417,0.24965201318264008,2,value_factor,0.5639404058456421,momentum_factor,0.2906155586242676,quality_factor,0.12401797622442245
2020-11-27,603659.SH,cp,3,cn_a,INDUSTRY_C39,0.0192504309118534,0.015404633033222648,0.0192504309118534,0.24965201318264008,2,quality_factor,0.4128153920173645,momentum_factor,0.2821112275123596,value_factor,0.2057068645954132
2020-11-27,300037.SZ,cp,3,cn_a,INDUSTRY_C39,0.018291148481841477,0.01463699339558458,0.018291148481841477,0.24965201318264008,0,quality_factor,0.37714359164237976,value_factor,0.25529009103775024,momentum_factor,0.24740278720855713
2020-11-27,688002.SH,cp,3,cn_a,INDUSTRY_C39,0.015504896906831657,0.012407371458922567,0.015504896906831657,0.24965201318264008,0,momentum_factor,0.47885236144065857,quality_factor,0.20527870953083038,volatility_factor,0.17061030864715576
2020-11-27,605358.SH,cp,3,cn_a,INDUSTRY_C39,0.01537004990081237,0.012299463815043446,0.01537004990081237,0.24965201318264008,0,quality_factor,0.34491750597953796,momentum_factor,0.3136243224143982,value_factor,0.18935935199260712
2020-11-27,002273.SZ,cp,3,cn_a,INDUSTRY_C39,0.015299231594925277,0.012242793394561927,0.015299231594925277,0.24965201318264008,0,value_factor,0.4355911910533905,quality_factor,0.37321633100509644,volatility_factor,0.10169271379709244
2020-11-27,603228.SH,cp,3,cn_a,INDUSTRY_C39,0.015057743522224887,0.0120495491415432,0.015057743522224887,0.24965201318264008,0,value_factor,0.5236304998397827,quality_factor,0.36860713362693787,momentum_factor,0.09699724614620209
2020-11-27,002130.SZ,cp,3,cn_a,INDUSTRY_C39,0.014684229246239204,0.01175065451520596,0.014684229246239204,0.24965201318264008,0,value_factor,0.5716115236282349,quality_factor,0.16872507333755493,momentum_factor,0.15690624713897705
2020-11-27,300474.SZ,cp,3,cn_a,INDUSTRY_C39,0.013188478227405345,0.010553720500600772,0.013188478227405345,0.24965201318264008,2,momentum_factor,0.44958972930908203,value_factor,0.28214386105537415,quality_factor,0.18367454409599304
2020-11-27,002152.SZ,cp,3,cn_a,INDUSTRY_C39,0.010524366673240049,0.008421837789018727,0.010524366673240049,0.24965201318264008,2,value_factor,0.5320810079574585,momentum_factor,0.2537309527397156,quality_factor,0.20248685777187347
2020-11-27,300919.SZ,cp,3,cn_a,INDUSTRY_C39,0.010240960799706524,0.008195049957554879,0.010240960799706524,0.24965201318264008,2,momentum_factor,0.46129921078681946,quality_factor,0.3138541281223297,volatility_factor,0.11824899911880493
2020-11-27,688608.SH,cp,3,cn_a,INDUSTRY_C39,0.010240960799706524,0.008195049957554879,0.010240960799706524,0.24965201318264008,2,momentum_factor,0.46129921078681946,quality_factor,0.3138541281223297,volatility_factor,0.11824899911880493
2020-11-27,689009.SH,cp,3,cn_a,INDUSTRY_C39,0.010240960799706524,0.008195049957554879,0.010240960799706524,0.24965201318264008,2,momentum_factor,0.46129921078681946,quality_factor,0.3138541281223297,volatility_factor,0.11824899911880493
2020-11-27,002402.SZ,cp,3,cn_a,INDUSTRY_C39,0.006392423736958371,0.005115362991696515,0.006392423736958371,0.24965201318264008,2,momentum_factor,0.4446604549884796,quality_factor,0.44187089800834656,volatility_factor,0.06845787167549133
2020-11-27,603920.SH,cp,3,cn_a,INDUSTRY_C39,0.006162411244144081,0.004931301758933193,0.006162411244144081,0.24965201318264008,2,value_factor,0.5461164712905884,momentum_factor,0.33984994888305664,quality_factor,0.10090994089841843
2020-11-27,300458.SZ,cp,3,cn_a,INDUSTRY_C39,0.003261310897533153,0.00260977522081407,0.003261310897533153,0.24965201318264008,2,momentum_factor,0.43953555822372437,value_factor,0.4239689111709595,quality_factor,0.08085944503545761
2020-11-27,300570.SZ,cp,3,cn_a,INDUSTRY_C39,0.0004027313352184771,0.00032227478223359474,0.0004027313352184771,0.24965201318264008,0,quality_factor,0.5007032752037048,volatility_factor,0.29721561074256897,value_factor,0.13143602013587952
2020-11-27,002465.SZ,cp,3,cn_a,INDUSTRY_C39,-0.000981136413183235,-0.0007851276924566719,-0.000981136413183235,0.24965201318264008,0,value_factor,0.4664144217967987,momentum_factor,0.382979154586792,volatility_factor,0.07565959542989731
2020-11-27,600764.SH,cp,3,cn_a,INDUSTRY_C39,-0.0011552392988821783,-0.0009244487848778238,-0.0011552392988821783,0.24965201318264008,0,value_factor,0.46287932991981506,momentum_factor,0.38764968514442444,volatility_factor,0.07879921048879623
2020-11-27,600435.SH,cp,3,cn_a,INDUSTRY_C39,-0.004811271083936256,-0.003850088645327765,-0.004811271083936256,0.24965201318264008,2,value_factor,0.5420326590538025,momentum_factor,0.40099701285362244,quality_factor,0.032822057604789734
2020-11-27,688981.SH,cp,3,cn_a,INDUSTRY_C39,-0.005029131016641813,-0.004024425122850728,-0.005029131016641813,0.24965201318264008,2,value_factor,0.5544249415397644,momentum_factor,0.3313153386116028,quality_factor,0.10819099843502045
2020-11-27,002281.SZ,cp,3,cn_a,INDUSTRY_C39,-0.006968046197751369,-0.005575989188315145,-0.006968046197751369,0.24965201318264008,2,value_factor,0.5693082213401794,momentum_factor,0.26711103320121765,quality_factor,0.11781810969114304
2020-11-27,600060.SH,cp,3,cn_a,INDUSTRY_C39,-0.0069935036679399385,-0.005596360835474878,-0.0069935036679399385,0.24965201318264008,2,momentum_factor,0.42313817143440247,value_factor,0.40028002858161926,quality_factor,0.1697806566953659
2020-11-27,300679.SZ,cp,3,cn_a,INDUSTRY_C39,-0.007244703320540257,-0.005797376515804309,-0.007244703320540257,0.24965201318264008,1,value_factor,0.563528835773468,momentum_factor,0.24484524130821228,quality_factor,0.14994625747203827
2020-11-27,600562.SH,cp,3,cn_a,INDUSTRY_C39,-0.007589114016644398,-0.006072981795005317,-0.007589114016644398,0.24965201318264008,2,value_factor,0.5699214339256287,momentum_factor,0.36038851737976074,quality_factor,0.06576642394065857
2020-11-27,688027.SH,cp,3,cn_a,INDUSTRY_C39,-0.008577956652139493,-0.006864276181980683,-0.008577956652139493,0.24965201318264008,1,value_factor,0.5438584089279175,quality_factor,0.24999819695949554,momentum_factor,0.1864410787820816
2020-11-27,300373.SZ,cp,3,cn_a,INDUSTRY_C39,-0.008629222010513058,-0.006905299888757821,-0.008629222010513058,0.24965201318264008,1,value_factor,0.5420424938201904,momentum_factor,0.241461381316185,quality_factor,0.21352370083332062
2020-11-27,688019.SH,cp,3,cn_a,INDUSTRY_C39,-0.011135694686620037,-0.008911036381620052,-0.011135694686620037,0.24965201318264008,0,value_factor,0.5038411617279053,momentum_factor,0.23644395172595978,quality_factor,0.23017758131027222
2020-11-27,300054.SZ,cp,3,cn_a,INDUSTRY_C39,-0.012647613347230297,-0.010120908111215542,-0.012647613347230297,0.24965201318264008,0,quality_factor,0.4872925579547882,value_factor,0.40880706906318665,momentum_factor,0.08436241745948792
2020-11-27,300115.SZ,cp,3,cn_a,INDUSTRY_C39,-0.014395047196680508,-0.011519244456197675,-0.014395047196680508,0.24965201318264008,2,value_factor,0.5553677678108215,momentum_factor,0.2796862721443176,quality_factor,0.1598510444164276
2020-11-27,300627.SZ,cp,3,cn_a,INDUSTRY_C39,-0.015209854508564878,-0.012171271815472867,-0.015209854508564878,0.24965201318264008,0,value_factor,0.533203661441803,quality_factor,0.35488805174827576,volatility_factor,0.10381297767162323
2020-11-27,300735.SZ,cp,3,cn_a,INDUSTRY_C39,-0.015780226780392672,-0.012627696691366035,-0.015780226780392672,0.24965201318264008,0,momentum_factor,0.3201901614665985,quality_factor,0.2630315124988556,volatility_factor,0.21145883202552795
2020-11-27,603160.SH,cp,3,cn_a,INDUSTRY_C39,-0.017501560576686913,-0.014005147179670135,-0.017501560576686913,0.24965201318264008,1,value_factor,0.5403432846069336,quality_factor,0.28787946701049805,momentum_factor,0.13861948251724243
2020-11-27,603501.SH,cp,3,cn_a,INDUSTRY_C39,-0.02065517768205778,-0.016528743376450272,-0.02065517768205778,0.24965201318264008,1,value_factor,0.5500052571296692,quality_factor,0.21518336236476898,momentum_factor,0.21132545173168182
2020-11-27,600699.SH,cp,3,cn_a,INDUSTRY_C39,-0.022169162746666624,-0.01774026868956513,-0.022169162746666624,0.24965201318264008,2,momentum_factor,0.44298481941223145,quality_factor,0.3374291658401489,value_factor,0.1554057002067566
2020-11-27,688008.SH,cp,3,cn_a,INDUSTRY_C39,-0.027332889622118516,-0.021872400482581045,-0.027332889622118516,0.24965201318264008,1,value_factor,0.5382699370384216,quality_factor,0.3125789165496826,momentum_factor,0.10601025074720383
2020-11-27,600118.SH,cp,3,cn_a,INDUSTRY_C39,-0.027931835524900667,-0.022351690628415133,-0.027931835524900667,0.24965201318264008,1,value_factor,0.539597749710083,quality_factor,0.3058241605758667,momentum_factor,0.10995450615882874
2020-11-27,603019.SH,cp,3,cn_a,INDUSTRY_C39,-0.02871381442619986,-0.022977447946232854,-0.02871381442619986,0.24965201318264008,1,value_factor,0.5461531281471252,quality_factor,0.28960853815078735,momentum_factor,0.09740635752677917
2020-11-27,603290.SH,cp,3,cn_a,INDUSTRY_C39,-0.03307267254412669,-0.026465505437413536,-0.03307267254412669,0.24965201318264008,0,value_factor,0.3759056031703949,quality_factor,0.36620616912841797,momentum_factor,0.14386454224586487
2020-11-27,600171.SH,cp,3,cn_a,INDUSTRY_C39,-0.03318276097251086,-0.02655360070386381,-0.03318276097251086,0.24965201318264008,1,value_factor,0.5103022456169128,quality_factor,0.3818341791629791,volatility_factor,0.08637509495019913
2020-11-27,002436.SZ,cp,3,cn_a,INDUSTRY_C39,-0.035843140927008396,-0.02868249730444543,-0.035843140927008396,0.24965201318264008,1,value_factor,0.45159798860549927,quality_factor,0.40724363923072815,volatility_factor,0.0743379145860672
2020-11-27,300623.SZ,cp,3,cn_a,INDUSTRY_C39,-0.03590492325562471,-0.028731936930219533,-0.03590492325562471,0.24965201318264008,0,value_factor,0.39493027329444885,quality_factor,0.3797568380832672,momentum_factor,0.12368477880954742
2020-11-27,300390.SZ,cp,3,cn_a,INDUSTRY_C39,-0.037335395742436786,-0.029876633577497855,-0.037335395742436786,0.24965201318264008,0,value_factor,0.4189906716346741,quality_factor,0.397353857755661,momentum_factor,0.09804773330688477
2020-11-27,300223.SZ,cp,3,cn_a,INDUSTRY_C39,-0.03879289308667585,-0.031042956130884147,-0.03879289308667585,0.24965201318264008,1,value_factor,0.550168514251709,quality_factor,0.2592264413833618,momentum_factor,0.12794068455696106
2020-11-27,002156.SZ,cp,3,cn_a,INDUSTRY_C39,-0.05614790667564436,-0.04493083307498069,-0.05614790667564436,0.24965201318264008,0,value_factor,0.41094955801963806,quality_factor,0.36677658557891846,momentum_factor,0.11283793300390244
2020-11-27,002185.SZ,cp,3,cn_a,INDUSTRY_C39,-0.06010442585680836,-0.04809692979010456,-0.06010442585680836,0.24965201318264008,1,value_factor,0.4373224377632141,quality_factor,0.39609619975090027,volatility_factor,0.08437182009220123
2020-11-27,600884.SH,cp,3,cn_a,INDUSTRY_C39,-0.06177876356533107,-0.049436772939153106,-0.06177876356533107,0.24965201318264008,0,quality_factor,0.37739822268486023,momentum_factor,0.2513818144798279,value_factor,0.2507021129131317
2020-11-27,300346.SZ,cp,3,cn_a,INDUSTRY_C39,-0.06548799388027655,-0.052404983474235556,-0.06548799388027655,0.24965201318264008,0,value_factor,0.4682937264442444,quality_factor,0.37857046723365784,volatility_factor,0.09380453079938889
2020-11-27,002414.SZ,cp,3,cn_a,INDUSTRY_C39,-0.06709405965500286,-0.05369019386771527,-0.06709405965500286,0.24965201318264008,0,value_factor,0.4204061031341553,quality_factor,0.3886822462081909,momentum_factor,0.09898518025875092
2020-11-27,600498.SH,cp,3,cn_a,INDUSTRY_C39,-0.08522822462800873,-0.06820156548595091,-0.08522822462800873,0.24965201318264008,0,quality_factor,0.36490148305892944,value_factor,0.2554858922958374,momentum_factor,0.2503146231174469
2020-11-30,600601.SH,cp,3,cn_a,INDUSTRY_C39,0.12156794189704322,0.11169027367028589,0.12156794189704322,0.08843802660703659,0,value_factor,0.4783853590488434,quality_factor,0.4061991274356842,volatility_factor,0.07193855941295624
2020-11-30,300073.SZ,cp,3,cn_a,INDUSTRY_C39,0.06626691128791339,0.060882575961513585,0.06626691128791339,0.08843802660703659,0,value_factor,0.5004730820655823,quality_factor,0.40470951795578003,volatility_factor,0.07043024152517319
2020-11-30,002025.SZ,cp,3,cn_a,INDUSTRY_C39,0.053031298337372704,0.04872238628015957,0.053031298337372704,0.08843802660703659,0,value_factor,0.43222537636756897,quality_factor,0.40890586376190186,momentum_factor,0.08347402513027191
2020-11-30,600563.SH,cp,3,cn_a,INDUSTRY_C39,0.048096639881520034,0.044188679903273215,0.048096639881520034,0.08843802660703659,0,value_factor,0.47519683837890625,quality_factor,0.4034847319126129,volatility_factor,0.07434768974781036
2020-11-30,600363.SH,cp,3,cn_a,INDUSTRY_C39,0.03712802048982387,0.03411128546419251,0.03712802048982387,0.08843802660703659,0,value_factor,0.5058784484863281,quality_factor,0.4053153395652771,volatility_factor,0.06933523714542389
2020-11-30,600707.SH,cp,3,cn_a,INDUSTRY_C39,0.033242643220596266,0.030541603821643504,0.033242643220596266,0.08843802660703659,2,value_factor,0.552555501461029,momentum_factor,0.21501578390598297,quality_factor,0.20428869128227234
2020-11-30,002583.SZ,cp,3,cn_a,INDUSTRY_C39,0.02727099477286218,0.025055165217994002,0.02727099477286218,0.08843802660703659,1,value_factor,0.5384344458580017,quality_factor,0.3277609348297119,momentum_factor,0.07655920833349228
2020-11-30,603486.SH,cp,3,cn_a,INDUSTRY_C39,0.025581718411545523,0.02350314635384318,0.025581718411545523,0.08843802660703659,2,quality_factor,0.4219290316104889,value_factor,0.27120792865753174,momentum_factor,0.2220914214849472
2020-11-30,002429.SZ,cp,3,cn_a,INDUSTRY_C39,0.025072217554747478,0.02303504358560504,0.025072217554747478,0.08843802660703659,2,value_factor,0.5526696443557739,momentum_factor,0.21621516346931458,quality_factor,0.2032475769519806
2020-11-30,002841.SZ,cp,3,cn_a,INDUSTRY_C39,0.02479643486193741,0.022781668855780535,0.02479643486193741,0.08843802660703659,2,quality_factor,0.421244740486145,momentum_factor,0.27683907747268677,value_factor,0.20927944779396057
2020-11-30,300136.SZ,cp,3,cn_a,INDUSTRY_C39,0.02391586629502856,0.02197264846200933,0.02391586629502856,0.08843802660703659,2,quality_factor,0.428788959980011,momentum_factor,0.28310710191726685,value_factor,0.2000100314617157
2020-11-30,601231.SH,cp,3,cn_a,INDUSTRY_C39,0.022494380199483167,0.020666661303285927,0.022494380199483167,0.08843802660703659,1,value_factor,0.532459557056427,quality_factor,0.3772374391555786,volatility_factor,0.06715629249811172
2020-11-30,300857.SZ,cp,3,cn_a,INDUSTRY_C39,0.017298217434603382,0.015892698429617436,0.017298217434603382,0.08843802660703659,0,quality_factor,0.4530446231365204,momentum_factor,0.3780670762062073,value_factor,0.08532094210386276
2020-11-30,688100.SH,cp,3,cn_a,INDUSTRY_C39,0.016877518302828253,0.015506182046864075,0.016877518302828253,0.08843802660703659,2,quality_factor,0.42347052693367004,momentum_factor,0.24622203409671783,value_factor,0.24338532984256744
2020-11-30,002138.SZ,cp,3,cn_a,INDUSTRY_C39,0.01670714916563564,0.015349655784585747,0.01670714916563564,0.08843802660703659,2,quality_factor,0.42244917154312134,value_factor,0.26016274094581604,momentum_factor,0.23169411718845367
2020-11-30,002130.SZ,cp,3,cn_a,INDUSTRY_C39,0.016556814273999697,0.015211535940431176,0.016556814273999697,0.08843802660703659,0,value_factor,0.541638970375061,quality_factor,0.2879904806613922,momentum_factor,0.1299416422843933
2020-11-30,300037.SZ,cp,3,cn_a,INDUSTRY_C39,0.013314629172724562,0.012232785658076097,0.013314629172724562,0.08843802660703659,0,quality_factor,0.42338883876800537,value_factor,0.2897926867008209,momentum_factor,0.20534558594226837
2020-11-30,603659.SH,cp,3,cn_a,INDUSTRY_C39,0.012558579393292062,0.011538166620725848,0.012558579393292062,0.08843802660703659,2,quality_factor,0.42726680636405945,momentum_factor,0.2859203517436981,value_factor,0.19725294411182404
2020-11-30,002273.SZ,cp,3,cn_a,INDUSTRY_C39,0.012086938989494818,0.011104848058676887,0.012086938989494818,0.08843802660703659,0,value_factor,0.4528783857822418,quality_factor,0.40661221742630005,volatility_factor,0.07465819269418716
2020-11-30,605358.SH,cp,3,cn_a,INDUSTRY_C39,0.011713723037964587,0.010761956741163009,0.011713723037964587,0.08843802660703659,0,quality_factor,0.43117207288742065,value_factor,0.2598159909248352,momentum_factor,0.2298019826412201
2020-11-30,688002.SH,cp,3,cn_a,INDUSTRY_C39,0.011393221887962887,0.010467497029196776,0.011393221887962887,0.08843802660703659,0,momentum_factor,0.4472386837005615,quality_factor,0.42174243927001953,volatility_factor,0.07617510110139847
2020-11-30,603228.SH,cp,3,cn_a,INDUSTRY_C39,0.01074716169249418,0.00987393067516168,0.01074716169249418,0.08843802660703659,0,value_factor,0.5385791659355164,quality_factor,0.3428589701652527,volatility_factor,0.07116760313510895
2020-11-30,002152.SZ,cp,3,cn_a,INDUSTRY_C39,0.009537664361649404,0.008762707718044077,0.009537664361649404,0.08843802660703659,2,value_factor,0.5533396601676941,quality_factor,0.20922885835170746,momentum_factor,0.20065602660179138
2020-11-30,603920.SH,cp,3,cn_a,INDUSTRY_C39,0.007876711645641361,0.007236711139427532,0.007876711645641361,0.08843802660703659,2,value_factor,0.5587772727012634,momentum_factor,0.26420217752456665,quality_factor,0.15620964765548706
2020-11-30,300919.SZ,cp,3,cn_a,INDUSTRY_C39,0.005846937521821479,0.005371860720471633,0.005846937521821479,0.08843802660703659,2,momentum_factor,0.4459449052810669,quality_factor,0.330261766910553,value_factor,0.1508529782295227
2020-11-30,688608.SH,cp,3,cn_a,INDUSTRY_C39,0.005846937521821479,0.005371860720471633,0.005846937521821479,0.08843802660703659,2,momentum_factor,0.4459449052810669,quality_factor,0.330261766910553,value_factor,0.1508529782295227
2020-11-30,689009.SH,cp,3,cn_a,INDUSTRY_C39,0.005846937521821479,0.005371860720471633,0.005846937521821479,0.08843802660703659,2,momentum_factor,0.4459449052810669,quality_factor,0.330261766910553,value_factor,0.1508529782295227
2020-11-30,600060.SH,cp,3,cn_a,INDUSTRY_C39,0.005381475986317365,0.004944218979794024,0.005381475986317365,0.08843802660703659,2,value_factor,0.5546844005584717,momentum_factor,0.3872453272342682,quality_factor,0.0447651706635952
2020-11-30,300474.SZ,cp,3,cn_a,INDUSTRY_C39,0.004947116423728084,0.004545152106900929,0.004947116423728084,0.08843802660703659,2,momentum_factor,0.4345776438713074,value_factor,0.3735911250114441,quality_factor,0.15123403072357178
2020-11-30,002402.SZ,cp,3,cn_a,INDUSTRY_C39,0.0028822081536640253,0.002648022269967326,0.0028822081536640253,0.08843802660703659,2,momentum_factor,0.44612938165664673,quality_factor,0.2720801532268524,value_factor,0.20794172585010529
2020-11-30,002465.SZ,cp,3,cn_a,INDUSTRY_C39,-0.0014620209339053518,-0.0013432284504567016,-0.0014620209339053518,0.08843802660703659,0,value_factor,0.5753174424171448,momentum_factor,0.38757428526878357,quality_factor,0.0323466882109642
2020-11-30,300458.SZ,cp,3,cn_a,INDUSTRY_C39,-0.0015318943493876083,-0.0014074244940493474,-0.0015318943493876083,0.08843802660703659,2,value_factor,0.5548794269561768,momentum_factor,0.42542144656181335,volatility_factor,0.014557171612977982
2020-11-30,600764.SH,cp,3,cn_a,INDUSTRY_C39,-0.0018818006201825857,-0.0017289000947232347,-0.0018818006201825857,0.08843802660703659,0,value_factor,0.5766626596450806,momentum_factor,0.3985004723072052,quality_factor,0.02179531939327717
2020-11-30,300570.SZ,cp,3,cn_a,INDUSTRY_C39,-0.0019843952661799955,-0.0018231586953850881,-0.0019843952661799955,0.08843802660703659,0,value_factor,0.5405697226524353,quality_factor,0.2518046796321869,momentum_factor,0.2045641392469406
2020-11-30,688981.SH,cp,3,cn_a,INDUSTRY_C39,-0.006281569287026982,-0.0057711776789072244,-0.006281569287026982,0.08843802660703659,2,value_factor,0.5573395490646362,momentum_factor,0.2526213526725769,quality_factor,0.16743475198745728
2020-11-30,300054.SZ,cp,3,cn_a,INDUSTRY_C39,-0.007449184092118549,-0.006843921159524844,-0.007449184092118549,0.08843802660703659,0,quality_factor,0.3980169892311096,value_factor,0.3371315598487854,momentum_factor,0.17002001404762268
2020-11-30,688027.SH,cp,3,cn_a,INDUSTRY_C39,-0.007547312428036509,-0.006934076347829082,-0.007547312428036509,0.08843802660703659,1,value_factor,0.5460656881332397,quality_factor,0.26716557145118713,momentum_factor,0.13992410898208618
2020-11-30,300373.SZ,cp,3,cn_a,INDUSTRY_C39,-0.007826847563283463,-0.007190898625717396,-0.007826847563283463,0.08843802660703659,1,value_factor,0.5514671206474304,quality_factor,0.2236548811197281,momentum_factor,0.18593516945838928
2020-11-30,300679.SZ,cp,3,cn_a,INDUSTRY_C39,-0.008186065243558343,-0.0075209290629447145,-0.008186065243558343,0.08843802660703659,1,value_factor,0.5488431453704834,quality_factor,0.23393574357032776,momentum_factor,0.18387413024902344
2020-11-30,002281.SZ,cp,3,cn_a,INDUSTRY_C39,-0.008607918825113617,-0.007908506093841583,-0.008607918825113617,0.08843802660703659,2,value_factor,0.5499032139778137,quality_factor,0.22286352515220642,momentum_factor,0.19763828814029694
2020-11-30,600699.SH,cp,3,cn_a,INDUSTRY_C39,-0.008644406797822541,-0.007942029336844125,-0.008644406797822541,0.08843802660703659,2,momentum_factor,0.4403911232948303,value_factor,0.30466827750205994,quality_factor,0.19751814007759094
2020-11-30,688019.SH,cp,3,cn_a,INDUSTRY_C39,-0.00876144904648323,-0.008049561640014719,-0.00876144904648323,0.08843802660703659,0,value_factor,0.5545839071273804,quality_factor,0.20700055360794067,momentum_factor,0.19668671488761902
2020-11-30,600435.SH,cp,3,cn_a,INDUSTRY_C39,-0.009767666258517277,-0.008974021444384972,-0.009767666258517277,0.08843802660703659,2,value_factor,0.5635810494422913,momentum_factor,0.31268757581710815,quality_factor,0.11346544325351715
2020-11-30,600562.SH,cp,3,cn_a,INDUSTRY_C39,-0.011510347958979272,-0.010575106343968466,-0.011510347958979272,0.08843802660703659,2,value_factor,0.5577071309089661,momentum_factor,0.2636862099170685,quality_factor,0.1602289229631424
2020-11-30,300627.SZ,cp,3,cn_a,INDUSTRY_C39,-0.012944281664240196,-0.011892529716170303,-0.012944281664240196,0.08843802660703659,0,value_factor,0.5299797654151917,quality_factor,0.39485979080200195,volatility_factor,0.06873875856399536
2020-11-30,300735.SZ,cp,3,cn_a,INDUSTRY_C39,-0.014287900639581904,-0.013126976633035928,-0.014287900639581904,0.08843802660703659,0,quality_factor,0.4315471053123474,value_factor,0.3420816957950592,momentum_factor,0.1572098284959793
2020-11-30,603160.SH,cp,3,cn_a,INDUSTRY_C39,-0.014764722511050479,-0.013565055656874353,-0.014764722511050479,0.08843802660703659,1,value_factor,0.5418916344642639,quality_factor,0.302432119846344,momentum_factor,0.10129830241203308
2020-11-30,300115.SZ,cp,3,cn_a,INDUSTRY_C39,-0.015279344760844624,-0.014037863693428965,-0.015279344760844624,0.08843802660703659,2,value_factor,0.5532145500183105,momentum_factor,0.21227620542049408,quality_factor,0.20344926416873932
2020-11-30,603501.SH,cp,3,cn_a,INDUSTRY_C39,-0.01962168176810326,-0.018027376069315648,-0.01962168176810326,0.08843802660703659,1,value_factor,0.5476480722427368,quality_factor,0.2506999671459198,momentum_factor,0.16035427153110504
2020-11-30,688008.SH,cp,3,cn_a,INDUSTRY_C39,-0.02259109777094846,-0.020755520354916762,-0.02259109777094846,0.08843802660703659,1,value_factor,0.5390260219573975,quality_factor,0.32639873027801514,momentum_factor,0.07523783296346664
2020-11-30,600118.SH,cp,3,cn_a,INDUSTRY_C39,-0.023379542689579827,-0.02147990235367153,-0.023379542689579827,0.08843802660703659,1,value_factor,0.5393355488777161,quality_factor,0.32301196455955505,momentum_factor,0.07954370975494385
2020-11-30,603019.SH,cp,3,cn_a,INDUSTRY_C39,-0.025485982120714023,-0.02341518885159144,-0.025485982120714023,0.08843802660703659,1,value_factor,0.5381148457527161,quality_factor,0.3282918930053711,momentum_factor,0.07765622437000275
2020-11-30,603290.SH,cp,3,cn_a,INDUSTRY_C39,-0.02591316943519378,-0.023807666237637234,-0.02591316943519378,0.08843802660703659,0,quality_factor,0.41241443157196045,value_factor,0.40744516253471375,momentum_factor,0.10442794114351273
2020-11-30,002436.SZ,cp,3,cn_a,INDUSTRY_C39,-0.02643238081203296,-0.024284690524360844,-0.02643238081203296,0.08843802660703659,1,value_factor,0.4464128017425537,quality_factor,0.4023176431655884,volatility_factor,0.0786384716629982
2020-11-30,600171.SH,cp,3,cn_a,INDUSTRY_C39,-0.0264949276949196,-0.024342155332580995,-0.0264949276949196,0.08843802660703659,1,value_factor,0.508773148059845,quality_factor,0.3994971513748169,volatility_factor,0.07334382832050323
2020-11-30,300623.SZ,cp,3,cn_a,INDUSTRY_C39,-0.027520089631838225,-0.025284020560403745,-0.027520089631838225,0.08843802660703659,0,value_factor,0.414664089679718,quality_factor,0.4097583591938019,momentum_factor,0.09873534739017487
2020-11-30,300390.SZ,cp,3,cn_a,INDUSTRY_C39,-0.027782399535387522,-0.02552501719534439,-0.027782399535387522,0.08843802660703659,0,value_factor,0.42396223545074463,quality_factor,0.4061872661113739,momentum_factor,0.09144091606140137
2020-11-30,300223.SZ,cp,3,cn_a,INDUSTRY_C39,-0.03590247913835399,-0.03298532209914806,-0.03590247913835399,0.08843802660703659,1,value_factor,0.5404541492462158,quality_factor,0.3074627220630646,momentum_factor,0.10129312425851822
2020-11-30,002156.SZ,cp,3,cn_a,INDUSTRY_C39,-0.044544345619806566,-0.040925017526030866,-0.044544345619806566,0.08843802660703659,0,value_factor,0.43634313344955444,quality_factor,0.40924882888793945,momentum_factor,0.07975878566503525
2020-11-30,600884.SH,cp,3,cn_a,INDUSTRY_C39,-0.044856668206671266,-0.041211963201477714,-0.044856668206671266,0.08843802660703659,0,quality_factor,0.4238464832305908,value_factor,0.28512370586395264,momentum_factor,0.20934492349624634
2020-11-30,002185.SZ,cp,3,cn_a,INDUSTRY_C39,-0.04519227196463174,-0.04152029840059729,-0.04519227196463174,0.08843802660703659,1,value_factor,0.44082215428352356,quality_factor,0.4046095311641693,volatility_factor,0.07758788019418716
2020-11-30,002414.SZ,cp,3,cn_a,INDUSTRY_C39,-0.0509393463108966,-0.04680041005274177,-0.0509393463108966,0.08843802660703659,0,value_factor,0.43083250522613525,quality_factor,0.4067590534687042,momentum_factor,0.08524240553379059
2020-11-30,300346.SZ,cp,3,cn_a,INDUSTRY_C39,-0.05180408184548328,-0.04759488388361574,-0.05180408184548328,0.08843802660703659,0,value_factor,0.4766833186149597,quality_factor,0.4033474922180176,volatility_factor,0.07427385449409485
2020-11-30,600498.SH,cp,3,cn_a,INDUSTRY_C39,-0.06380865150845022,-0.05862405530848297,-0.06380865150845022,0.08843802660703659,0,quality_factor,0.42389652132987976,value_factor,0.3017640709877014,momentum_factor,0.1946677714586258
2020-12-01,600601.SH,cp,3,cn_a,INDUSTRY_C39,0.3027935192621106,0.2340437872900376,0.3027935192621106,0.29374727606773376,0,value_factor,0.5011321902275085,quality_factor,0.44751009345054626,volatility_factor,0.03833484649658203
2020-12-01,300073.SZ,cp,3,cn_a,INDUSTRY_C39,0.16605169820907867,0.12834940598960898,0.16605169820907867,0.29374727606773376,0,value_factor,0.5161219835281372,quality_factor,0.44317513704299927,volatility_factor,0.033988963812589645
2020-12-01,002025.SZ,cp,3,cn_a,INDUSTRY_C39,0.1297666312512948,0.10030291901866079,0.1297666312512948,0.29374727606773376,0,value_factor,0.4525778889656067,quality_factor,0.4408830404281616,momentum_factor,0.05748159438371658
2020-12-01,600563.SH,cp,3,cn_a,INDUSTRY_C39,0.11543826463405844,0.08922782997134454,0.11543826463405844,0.29374727606773376,0,value_factor,0.4872206747531891,quality_factor,0.42523765563964844,volatility_factor,0.056647639721632004
2020-12-01,600363.SH,cp,3,cn_a,INDUSTRY_C39,0.09425985522927319,0.07285801083534055,0.09425985522927319,0.29374727606773376,0,value_factor,0.5150175094604492,quality_factor,0.4423367381095886,volatility_factor,0.027144115418195724
2020-12-01,600707.SH,cp,3,cn_a,INDUSTRY_C39,0.0792227684904674,0.06123511765474898,0.0792227684904674,0.29374727606773376,2,value_factor,0.5496207475662231,quality_factor,0.21486112475395203,momentum_factor,0.21444207429885864
2020-12-01,002583.SZ,cp,3,cn_a,INDUSTRY_C39,0.06380371233755475,0.04931698180012534,0.06380371233755475,0.29374727606773376,1,value_factor,0.5368078351020813,quality_factor,0.3321984112262726,momentum_factor,0.07889924198389053
2020-12-01,603486.SH,cp,3,cn_a,INDUSTRY_C39,0.061459358258406184,0.047504916902666894,0.061459358258406184,0.29374727606773376,2,quality_factor,0.4441060721874237,value_factor,0.29210996627807617,momentum_factor,0.19808386266231537
2020-12-01,002429.SZ,cp,3,cn_a,INDUSTRY_C39,0.059802391595698,0.046224167056703847,0.059802391595698,0.29374727606773376,2,value_factor,0.5496628284454346,momentum_factor,0.21560192108154297,quality_factor,0.21409307420253754
2020-12-01,300136.SZ,cp,3,cn_a,INDUSTRY_C39,0.057781580893026104,0.044662184516911896,0.057781580893026104,0.29374727606773376,2,quality_factor,0.45381903648376465,momentum_factor,0.2529461681842804,value_factor,0.22707882523536682
2020-12-01,002841.SZ,cp,3,cn_a,INDUSTRY_C39,0.05488687309483606,0.04242472455463331,0.05488687309483606,0.29374727606773376,2,quality_factor,0.3988165557384491,momentum_factor,0.3035949766635895,value_factor,0.18533064424991608
2020-12-01,601231.SH,cp,3,cn_a,INDUSTRY_C39,0.05368184843147216,0.041493302585368985,0.05368184843147216,0.29374727606773376,1,value_factor,0.5282092690467834,quality_factor,0.3867863416671753,volatility_factor,0.05191844329237938
2020-12-01,300857.SZ,cp,3,cn_a,INDUSTRY_C39,0.049066498754584506,0.037925875116382846,0.049066498754584506,0.29374727606773376,0,quality_factor,0.5449855327606201,momentum_factor,0.2350793182849884,value_factor,0.21522901952266693
2020-12-01,002130.SZ,cp,3,cn_a,INDUSTRY_C39,0.04410511165209914,0.034090978548889095,0.04410511165209914,0.29374727606773376,0,value_factor,0.5242089629173279,quality_factor,0.330573707818985,momentum_factor,0.14264485239982605
2020-12-01,688100.SH,cp,3,cn_a,INDUSTRY_C39,0.040056829576948824,0.030961865114772363,0.040056829576948824,0.29374727606773376,2,quality_factor,0.43926215171813965,value_factor,0.2590458393096924,momentum_factor,0.22844240069389343
2020-12-01,002138.SZ,cp,3,cn_a,INDUSTRY_C39,0.039899212648837154,0.030840035351420186,0.039899212648837154,0.29374727606773376,2,quality_factor,0.4414973258972168,value_factor,0.2784886956214905,momentum_factor,0.21074500679969788
2020-12-01,688002.SH,cp,3,cn_a,INDUSTRY_C39,0.03487168838103343,0.02695401816321613,0.03487168838103343,0.29374727606773376,0,quality_factor,0.5614320635795593,momentum_factor,0.269110769033432,value_factor,0.13986651599407196
2020-12-01,300037.SZ,cp,3,cn_a,INDUSTRY_C39,0.03324726816118736,0.025698425040451223,0.03324726816118736,0.29374727606773376,0,quality_factor,0.4652673900127411,value_factor,0.32804545760154724,momentum_factor,0.16108372807502747
2020-12-01,605358.SH,cp,3,cn_a,INDUSTRY_C39,0.03104744474851775,0.023998074900444394,0.03104744474851775,0.29374727606773376,0,quality_factor,0.5012732744216919,value_factor,0.32868847250938416,momentum_factor,0.15144553780555725
2020-12-01,603659.SH,cp,3,cn_a,INDUSTRY_C39,0.02967082298183807,0.022934017212800445,0.02967082298183807,0.29374727606773376,2,quality_factor,0.4406956136226654,momentum_factor,0.26981401443481445,value_factor,0.21169015765190125
2020-12-01,002273.SZ,cp,3,cn_a,INDUSTRY_C39,0.02941814924998366,0.022738713438479163,0.02941814924998366,0.29374727606773376,0,value_factor,0.4702971279621124,quality_factor,0.43580493330955505,volatility_factor,0.05075223743915558
2020-12-01,603228.SH,cp,3,cn_a,INDUSTRY_C39,0.021272648485497935,0.016442661089208527,0.021272648485497935,0.29374727606773376,0,value_factor,0.562406599521637,quality_factor,0.28045788407325745,volatility_factor,0.15602317452430725
2020-12-01,002152.SZ,cp,3,cn_a,INDUSTRY_C39,0.01898379722602413,0.014673497011270964,0.01898379722602413,0.29374727606773376,2,value_factor,0.570547878742218,momentum_factor,0.19792525470256805,quality_factor,0.1504988819360733
2020-12-01,600060.SH,cp,3,cn_a,INDUSTRY_C39,0.017771829833296404,0.013736708669970676,0.017771829833296404,0.29374727606773376,2,value_factor,0.5131973028182983,momentum_factor,0.34510764479637146,quality_factor,0.1044083684682846
2020-12-01,603920.SH,cp,3,cn_a,INDUSTRY_C39,0.01691955624982578,0.013077945108026512,0.01691955624982578,0.29374727606773376,2,value_factor,0.5655129551887512,momentum_factor,0.26673465967178345,quality_factor,0.13129451870918274
2020-12-01,300919.SZ,cp,3,cn_a,INDUSTRY_C39,0.01531009382546918,0.011833913590392375,0.01531009382546918,0.29374727606773376,2,quality_factor,0.4483768343925476,momentum_factor,0.4341643750667572,value_factor,0.07994388043880463
2020-12-01,688608.SH,cp,3,cn_a,INDUSTRY_C39,0.01531009382546918,0.011833913590392375,0.01531009382546918,0.29374727606773376,2,quality_factor,0.4483768343925476,momentum_factor,0.4341643750667572,value_factor,0.07994388043880463
2020-12-01,689009.SH,cp,3,cn_a,INDUSTRY_C39,0.01531009382546918,0.011833913590392375,0.01531009382546918,0.29374727606773376,2,quality_factor,0.4483768343925476,momentum_factor,0.4341643750667572,value_factor,0.07994388043880463
2020-12-01,300474.SZ,cp,3,cn_a,INDUSTRY_C39,0.014692074500348715,0.011356216498915273,0.014692074500348715,0.29374727606773376,2,momentum_factor,0.42497876286506653,value_factor,0.32973435521125793,quality_factor,0.23346661031246185
2020-12-01,002402.SZ,cp,3,cn_a,INDUSTRY_C39,0.005827889553414781,0.004504658310762993,0.005827889553414781,0.29374727606773376,2,momentum_factor,0.45371097326278687,value_factor,0.2537355422973633,quality_factor,0.19590507447719574
2020-12-01,600764.SH,cp,3,cn_a,INDUSTRY_C39,0.00020559345517643583,0.00015891314651911292,0.00020559345517643583,0.29374727606773376,0,value_factor,0.4086421728134155,momentum_factor,0.31869396567344666,quality_factor,0.18612295389175415
2020-12-01,002465.SZ,cp,3,cn_a,INDUSTRY_C39,-0.0003299217771251163,-0.00025501253268561674,-0.0003299217771251163,0.29374727606773376,0,value_factor,0.42482098937034607,momentum_factor,0.3187559247016907,quality_factor,0.1699638068675995
2020-12-01,300458.SZ,cp,3,cn_a,INDUSTRY_C39,-0.001922571384911556,-0.0014860486094837588,-0.001922571384911556,0.29374727606773376,2,value_factor,0.5242063403129578,momentum_factor,0.41322916746139526,quality_factor,0.05633285269141197
2020-12-01,300570.SZ,cp,3,cn_a,INDUSTRY_C39,-0.008492281607155807,-0.00656409607086654,-0.008492281607155807,0.29374727606773376,0,value_factor,0.4149927794933319,quality_factor,0.32739779353141785,momentum_factor,0.17313921451568604
2020-12-01,300054.SZ,cp,3,cn_a,INDUSTRY_C39,-0.013854250198561149,-0.010708621487133491,-0.013854250198561149,0.29374727606773376,0,momentum_factor,0.29997026920318604,quality_factor,0.261134535074234,value_factor,0.2288060486316681
2020-12-01,688981.SH,cp,3,cn_a,INDUSTRY_C39,-0.013858239030535222,-0.010711704648702969,-0.013858239030535222,0.29374727606773376,2,value_factor,0.5617725849151611,momentum_factor,0.25363340973854065,quality_factor,0.1513870507478714
2020-12-01,688019.SH,cp,3,cn_a,INDUSTRY_C39,-0.015018599874255219,-0.011608603786931238,-0.015018599874255219,0.29374727606773376,0,value_factor,0.5931638479232788,momentum_factor,0.18976476788520813,volatility_factor,0.14131280779838562
2020-12-01,300373.SZ,cp,3,cn_a,INDUSTRY_C39,-0.016149594654525003,-0.012482804471360243,-0.016149594654525003,0.29374727606773376,1,value_factor,0.5647183656692505,momentum_factor,0.18175283074378967,quality_factor,0.17954227328300476
2020-12-01,688027.SH,cp,3,cn_a,INDUSTRY_C39,-0.01651688636196151,-0.0127667020344856,-0.01651688636196151,0.29374727606773376,1,value_factor,0.5527439713478088,quality_factor,0.24681492149829865,momentum_factor,0.134301096200943
2020-12-01,600699.SH,cp,3,cn_a,INDUSTRY_C39,-0.017905415878738312,-0.01383996379934238,-0.017905415878738312,0.29374727606773376,2,momentum_factor,0.4446113407611847,value_factor,0.3281889855861664,quality_factor,0.15709829330444336
2020-12-01,300679.SZ,cp,3,cn_a,INDUSTRY_C39,-0.02011556181682238,-0.015548292719569756,-0.02011556181682238,0.29374727606773376,1,value_factor,0.5425853133201599,quality_factor,0.2550390064716339,momentum_factor,0.1853422075510025
2020-12-01,600435.SH,cp,3,cn_a,INDUSTRY_C39,-0.021102420690128798,-0.016311083775310542,-0.021102420690128798,0.29374727606773376,2,value_factor,0.5687870383262634,momentum_factor,0.3165326416492462,quality_factor,0.09319848567247391
2020-12-01,002281.SZ,cp,3,cn_a,INDUSTRY_C39,-0.021736731552668007,-0.016801373385701368,-0.021736731552668007,0.29374727606773376,2,value_factor,0.5412670373916626,quality_factor,0.25257521867752075,momentum_factor,0.19856515526771545
2020-12-01,600562.SH,cp,3,cn_a,INDUSTRY_C39,-0.02727647691932762,-0.02108331108831485,-0.02727647691932762,0.29374727606773376,2,value_factor,0.555697500705719,momentum_factor,0.262082576751709,quality_factor,0.16811615228652954
2020-12-01,300627.SZ,cp,3,cn_a,INDUSTRY_C39,-0.031875147813104625,-0.02463784671742239,-0.031875147813104625,0.29374727606773376,0,value_factor,0.5219831466674805,quality_factor,0.41149160265922546,volatility_factor,0.03891097754240036
2020-12-01,603160.SH,cp,3,cn_a,INDUSTRY_C39,-0.032846865043400675,-0.025388934063372504,-0.032846865043400675,0.29374727606773376,1,value_factor,0.5467371940612793,quality_factor,0.28889086842536926,momentum_factor,0.09492885321378708
2020-12-01,300115.SZ,cp,3,cn_a,INDUSTRY_C39,-0.03383062342604009,-0.02614932859959751,-0.03383062342604009,0.29374727606773376,2,value_factor,0.557737410068512,momentum_factor,0.2116798311471939,quality_factor,0.1879482865333557
2020-12-01,300735.SZ,cp,3,cn_a,INDUSTRY_C39,-0.04122673755400087,-0.03186614369509781,-0.04122673755400087,0.29374727606773376,0,quality_factor,0.5165060758590698,value_factor,0.41341453790664673,momentum_factor,0.04884538799524307
2020-12-01,603501.SH,cp,3,cn_a,INDUSTRY_C39,-0.044357990594160096,-0.03428644094012545,-0.044357990594160096,0.29374727606773376,1,value_factor,0.5501893162727356,quality_factor,0.2427932620048523,momentum_factor,0.15851841866970062
2020-12-01,688008.SH,cp,3,cn_a,INDUSTRY_C39,-0.0508613385472279,-0.03931319378711534,-0.0508613385472279,0.29374727606773376,1,value_factor,0.5423802733421326,quality_factor,0.317660927772522,volatility_factor,0.07031819969415665
2020-12-01,600118.SH,cp,3,cn_a,INDUSTRY_C39,-0.05300726491400133,-0.040971884287985816,-0.05300726491400133,0.29374727606773376,1,value_factor,0.5417362451553345,quality_factor,0.3167290985584259,momentum_factor,0.07559248805046082
2020-12-01,002436.SZ,cp,3,cn_a,INDUSTRY_C39,-0.06044213589288733,-0.04671865643209164,-0.06044213589288733,0.29374727606773376,1,value_factor,0.4432944059371948,quality_factor,0.39718925952911377,volatility_factor,0.08284508436918259
2020-12-01,603019.SH,cp,3,cn_a,INDUSTRY_C39,-0.06097260759853419,-0.04712868372508772,-0.06097260759853419,0.29374727606773376,1,value_factor,0.533809244632721,quality_factor,0.3398361802101135,momentum_factor,0.08422734588384628
2020-12-01,600171.SH,cp,3,cn_a,INDUSTRY_C39,-0.06281997602791516,-0.048556604325191766,-0.06281997602791516,0.29374727606773376,1,value_factor,0.5161094069480896,quality_factor,0.4145805835723877,volatility_factor,0.06118950620293617
2020-12-01,603290.SH,cp,3,cn_a,INDUSTRY_C39,-0.06440825195533312,-0.04978425977244298,-0.06440825195533312,0.29374727606773376,0,quality_factor,0.45240092277526855,value_factor,0.4348476529121399,momentum_factor,0.07020464539527893
2020-12-01,300390.SZ,cp,3,cn_a,INDUSTRY_C39,-0.06507918903259415,-0.05030285955944684,-0.06507918903259415,0.29374727606773376,0,value_factor,0.4294634759426117,quality_factor,0.4146820604801178,momentum_factor,0.08445267379283905
2020-12-01,300623.SZ,cp,3,cn_a,INDUSTRY_C39,-0.06673582337002841,-0.051583352535098034,-0.06673582337002841,0.29374727606773376,0,quality_factor,0.43696022033691406,value_factor,0.4328632354736328,momentum_factor,0.07584366947412491
2020-12-01,300223.SZ,cp,3,cn_a,INDUSTRY_C39,-0.08652669907972749,-0.06688067962509692,-0.08652669907972749,0.29374727606773376,1,value_factor,0.5354471802711487,quality_factor,0.3217199742794037,momentum_factor,0.10737926512956619
2020-12-01,002185.SZ,cp,3,cn_a,INDUSTRY_C39,-0.10577961004539731,-0.0817621876895501,-0.10577961004539731,0.29374727606773376,1,value_factor,0.445763498544693,quality_factor,0.41264674067497253,volatility_factor,0.07098885625600815
2020-12-01,002156.SZ,cp,3,cn_a,INDUSTRY_C39,-0.10995893064783194,-0.08499258715277758,-0.10995893064783194,0.29374727606773376,0,value_factor,0.4593501687049866,quality_factor,0.4457976818084717,momentum_factor,0.05027519911527634
2020-12-01,600884.SH,cp,3,cn_a,INDUSTRY_C39,-0.11205968080392315,-0.08661635877074314,-0.11205968080392315,0.29374727606773376,0,quality_factor,0.46593034267425537,value_factor,0.3239515423774719,momentum_factor,0.16452449560165405
2020-12-01,002414.SZ,cp,3,cn_a,INDUSTRY_C39,-0.12115377356435533,-0.09364562385146641,-0.12115377356435533,0.29374727606773376,0,value_factor,0.44153788685798645,quality_factor,0.42358464002609253,momentum_factor,0.07156901806592941
2020-12-01,300346.SZ,cp,3,cn_a,INDUSTRY_C39,-0.12433127652329408,-0.09610166990042945,-0.12433127652329408,0.29374727606773376,0,value_factor,0.4886331260204315,quality_factor,0.4250778555870056,volatility_factor,0.056599490344524384
2020-12-01,600498.SH,cp,3,cn_a,INDUSTRY_C39,-0.16238724153647724,-0.12551696981295002,-0.16238724153647724,0.29374727606773376,0,quality_factor,0.4751600921154022,value_factor,0.3475339710712433,momentum_factor,0.14141684770584106
2020-12-02,600601.SH,cp,3,cn_a,INDUSTRY_C39,0.18854519928298635,0.17860001976878825,0.18854519928298635,0.05568411946296692,0,value_factor,0.5152502655982971,quality_factor,0.4477377235889435,volatility_factor,0.03312644362449646
2020-12-02,300073.SZ,cp,3,cn_a,INDUSTRY_C39,0.09863835593241098,0.0934354859550065,0.09863835593241098,0.05568411946296692,0,value_factor,0.5171723961830139,quality_factor,0.42589473724365234,momentum_factor,0.03214476257562637
2020-12-02,002025.SZ,cp,3,cn_a,INDUSTRY_C39,0.08867612238362291,0.08399872959355514,0.08867612238362291,0.05568411946296692,0,value_factor,0.4558321237564087,quality_factor,0.4409792721271515,momentum_factor,0.05458953604102135
2020-12-02,600563.SH,cp,3,cn_a,INDUSTRY_C39,0.07180535029709943,0.0680178388595225,0.07180535029709943,0.05568411946296692,0,value_factor,0.5041274428367615,quality_factor,0.42656242847442627,volatility_factor,0.0536491684615612
2020-12-02,300136.SZ,cp,3,cn_a,INDUSTRY_C39,0.05800166725086686,0.05494225764974048,0.05800166725086686,0.05568411946296692,2,quality_factor,0.44032207131385803,value_factor,0.26907169818878174,momentum_factor,0.2193399965763092
2020-12-02,603486.SH,cp,3,cn_a,INDUSTRY_C39,0.05568799585994024,0.05275062531049554,0.05568799585994024,0.05568411946296692,2,quality_factor,0.43607714772224426,value_factor,0.3091983497142792,momentum_factor,0.18504737317562103
2020-12-02,002841.SZ,cp,3,cn_a,INDUSTRY_C39,0.055562275968853915,0.052631536757094366,0.055562275968853915,0.05568411946296692,2,quality_factor,0.4025580883026123,momentum_factor,0.2531511187553406,value_factor,0.2415013462305069
2020-12-02,600363.SH,cp,3,cn_a,INDUSTRY_C39,0.055521964976732306,0.05259335204585697,0.055521964976732306,0.05568411946296692,0,value_factor,0.5159715414047241,quality_factor,0.42446327209472656,momentum_factor,0.04267064109444618
2020-12-02,300857.SZ,cp,3,cn_a,INDUSTRY_C39,0.05409920754264792,0.05124564069165655,0.05409920754264792,0.05568411946296692,0,quality_factor,0.49803808331489563,value_factor,0.2705194652080536,momentum_factor,0.2035226672887802
2020-12-02,688002.SH,cp,3,cn_a,INDUSTRY_C39,0.04316560091523961,0.04088874819465682,0.04316560091523961,0.05568411946296692,0,quality_factor,0.5145182013511658,value_factor,0.24156247079372406,momentum_factor,0.22488932311534882
2020-12-02,300474.SZ,cp,3,cn_a,INDUSTRY_C39,0.04182974204349718,0.03962335177083476,0.04182974204349718,0.05568411946296692,2,quality_factor,0.4775813817977905,momentum_factor,0.4155904948711395,volatility_factor,0.07110120356082916
2020-12-02,688100.SH,cp,3,cn_a,INDUSTRY_C39,0.03793832827499112,0.03593719811310844,0.03793832827499112,0.05568411946296692,2,quality_factor,0.43146151304244995,value_factor,0.28717175126075745,momentum_factor,0.2056214064359665
2020-12-02,002138.SZ,cp,3,cn_a,INDUSTRY_C39,0.03680501172684886,0.03486366052810366,0.03680501172684886,0.05568411946296692,2,quality_factor,0.43368056416511536,value_factor,0.2998555898666382,momentum_factor,0.19388461112976074
2020-12-02,603659.SH,cp,3,cn_a,INDUSTRY_C39,0.03006466510336338,0.028478846463460328,0.03006466510336338,0.05568411946296692,2,quality_factor,0.43110543489456177,value_factor,0.2594452500343323,momentum_factor,0.23014548420906067
2020-12-02,300037.SZ,cp,3,cn_a,INDUSTRY_C39,0.029111076462891187,0.027575556691632155,0.029111076462891187,0.05568411946296692,0,quality_factor,0.45363739132881165,value_factor,0.3358024060726166,momentum_factor,0.15717796981334686
2020-12-02,605358.SH,cp,3,cn_a,INDUSTRY_C39,0.028147593402091373,0.0266628943997248,0.028147593402091373,0.05568411946296692,0,quality_factor,0.4796046018600464,value_factor,0.336887389421463,momentum_factor,0.14967946708202362
2020-12-02,601231.SH,cp,3,cn_a,INDUSTRY_C39,0.027097917094712043,0.025668585289963797,0.027097917094712043,0.05568411946296692,1,value_factor,0.5325755476951599,quality_factor,0.3423570990562439,momentum_factor,0.08758069574832916
2020-12-02,002583.SZ,cp,3,cn_a,INDUSTRY_C39,0.024818166228013715,0.023509084271594594,0.024818166228013715,0.05568411946296692,1,value_factor,0.5466906428337097,quality_factor,0.2425438016653061,momentum_factor,0.18185746669769287
2020-12-02,300919.SZ,cp,3,cn_a,INDUSTRY_C39,0.023212016138233406,0.021987653660381523,0.023212016138233406,0.05568411946296692,2,quality_factor,0.4668157398700714,momentum_factor,0.3160080909729004,value_factor,0.15180449187755585
2020-12-02,688608.SH,cp,3,cn_a,INDUSTRY_C39,0.023212016138233406,0.021987653660381523,0.023212016138233406,0.05568411946296692,2,quality_factor,0.4668157398700714,momentum_factor,0.3160080909729004,value_factor,0.15180449187755585
2020-12-02,689009.SH,cp,3,cn_a,INDUSTRY_C39,0.023212016138233406,0.021987653660381523,0.023212016138233406,0.05568411946296692,2,quality_factor,0.4668157398700714,momentum_factor,0.3160080909729004,value_factor,0.15180449187755585
2020-12-02,300458.SZ,cp,3,cn_a,INDUSTRY_C39,0.02250599657349928,0.02131887445678371,0.02250599657349928,0.05568411946296692,2,momentum_factor,0.44328200817108154,quality_factor,0.38846731185913086,value_factor,0.10351593792438507
2020-12-02,600435.SH,cp,3,cn_a,INDUSTRY_C39,0.020809230391649586,0.019711607473727133,0.020809230391649586,0.05568411946296692,2,momentum_factor,0.4383176267147064,quality_factor,0.26566606760025024,value_factor,0.24512653052806854
2020-12-02,002273.SZ,cp,3,cn_a,INDUSTRY_C39,0.01925631870926173,0.018240607107616616,0.01925631870926173,0.05568411946296692,0,value_factor,0.4789005219936371,quality_factor,0.4369383752346039,volatility_factor,0.048882849514484406
2020-12-02,600764.SH,cp,3,cn_a,INDUSTRY_C39,0.015655486776454525,0.01482970798725125,0.015655486776454525,0.05568411946296692,0,quality_factor,0.5476857423782349,momentum_factor,0.42183414101600647,value_factor,0.029891394078731537
2020-12-02,002130.SZ,cp,3,cn_a,INDUSTRY_C39,0.013818747893910842,0.013089851433067401,0.013818747893910842,0.05568411946296692,0,value_factor,0.48727330565452576,momentum_factor,0.25385820865631104,quality_factor,0.21521055698394775
2020-12-02,002402.SZ,cp,3,cn_a,INDUSTRY_C39,0.011488283655365111,0.010882312017279794,0.011488283655365111,0.05568411946296692,2,momentum_factor,0.41899701952934265,quality_factor,0.40631502866744995,volatility_factor,0.12245196849107742
2020-12-02,002465.SZ,cp,3,cn_a,INDUSTRY_C39,0.010413023288917867,0.009863768328899597,0.010413023288917867,0.05568411946296692,0,quality_factor,0.5334842205047607,momentum_factor,0.4218539297580719,value_factor,0.043925389647483826
2020-12-02,600562.SH,cp,3,cn_a,INDUSTRY_C39,0.010210365408573344,0.009671800028600908,0.010210365408573344,0.05568411946296692,2,momentum_factor,0.4394976496696472,value_factor,0.3479327857494354,quality_factor,0.15752652287483215
2020-12-02,603228.SH,cp,3,cn_a,INDUSTRY_C39,0.008312856776627712,0.00787437914243827,0.008312856776627712,0.05568411946296692,0,value_factor,0.587660551071167,volatility_factor,0.17168229818344116,quality_factor,0.14577260613441467
2020-12-02,688981.SH,cp,3,cn_a,INDUSTRY_C39,0.005226505738380031,0.0049508236313953735,0.005226505738380031,0.05568411946296692,2,momentum_factor,0.4328024089336395,value_factor,0.34201672673225403,quality_factor,0.19005396962165833
2020-12-02,688019.SH,cp,3,cn_a,INDUSTRY_C39,0.004337342756197996,0.004108561262481714,0.004337342756197996,0.05568411946296692,0,momentum_factor,0.336987167596817,quality_factor,0.2983092665672302,value_factor,0.2934550344944
2020-12-02,300115.SZ,cp,3,cn_a,INDUSTRY_C39,0.004183542702254956,0.003962873688472257,0.004183542702254956,0.05568411946296692,2,value_factor,0.4299086332321167,momentum_factor,0.427057147026062,quality_factor,0.1244102492928505
2020-12-02,300373.SZ,cp,3,cn_a,INDUSTRY_C39,0.0008542514263144368,0.0008091922902703219,0.0008542514263144368,0.05568411946296692,1,value_factor,0.4428726136684418,momentum_factor,0.39289969205856323,quality_factor,0.14062391221523285
2020-12-02,002281.SZ,cp,3,cn_a,INDUSTRY_C39,-0.0011698218019555629,-0.001108117298927569,-0.0011698218019555629,0.05568411946296692,2,value_factor,0.4993343949317932,momentum_factor,0.4101317822933197,volatility_factor,0.055796485394239426
2020-12-02,300679.SZ,cp,3,cn_a,INDUSTRY_C39,-0.0018209195230758965,-0.0017248716172858503,-0.0018209195230758965,0.05568411946296692,1,value_factor,0.5164458751678467,momentum_factor,0.39708390831947327,quality_factor,0.04460243135690689
2020-12-02,300570.SZ,cp,3,cn_a,INDUSTRY_C39,-0.0028715245839898308,-0.0027200604916882837,-0.0028715245839898308,0.05568411946296692,0,value_factor,0.37688517570495605,quality_factor,0.25980156660079956,momentum_factor,0.24247859418392181
2020-12-02,688027.SH,cp,3,cn_a,INDUSTRY_C39,-0.002912513583491825,-0.0027588874475015235,-0.002912513583491825,0.05568411946296692,1,value_factor,0.5798681974411011,momentum_factor,0.34973037242889404,quality_factor,0.03667682036757469
2020-12-02,002152.SZ,cp,3,cn_a,INDUSTRY_C39,-0.0030451592599944452,-0.0028845364724340294,-0.0030451592599944452,0.05568411946296692,2,momentum_factor,0.39213186502456665,value_factor,0.3870927095413208,quality_factor,0.19642050564289093
2020-12-02,002429.SZ,cp,3,cn_a,INDUSTRY_C39,-0.0046525404677316634,-0.0044071332639172844,-0.0046525404677316634,0.05568411946296692,2,value_factor,0.455159991979599,momentum_factor,0.43572065234184265,quality_factor,0.06461312621831894
2020-12-02,603501.SH,cp,3,cn_a,INDUSTRY_C39,-0.005500318652587735,-0.005210193756311932,-0.005500318652587735,0.05568411946296692,1,value_factor,0.5769644379615784,momentum_factor,0.399495929479599,quality_factor,0.020207354798913002
2020-12-02,600707.SH,cp,3,cn_a,INDUSTRY_C39,-0.005742208844111012,-0.00543932498400812,-0.005742208844111012,0.05568411946296692,2,value_factor,0.45788243412971497,momentum_factor,0.4354998469352722,quality_factor,0.06274989247322083
2020-12-02,603920.SH,cp,3,cn_a,INDUSTRY_C39,-0.00843832978130242,-0.007993233831926905,-0.00843832978130242,0.05568411946296692,2,momentum_factor,0.4323385953903198,value_factor,0.31223684549331665,quality_factor,0.22186283767223358
2020-12-02,603160.SH,cp,3,cn_a,INDUSTRY_C39,-0.00998874146058526,-0.009461866062409063,-0.00998874146058526,0.05568411946296692,1,value_factor,0.5644829869270325,momentum_factor,0.23984389007091522,quality_factor,0.14928464591503143
2020-12-02,300054.SZ,cp,3,cn_a,INDUSTRY_C39,-0.01151007279204367,-0.01090295184399686,-0.01151007279204367,0.05568411946296692,0,quality_factor,0.2862701416015625,momentum_factor,0.2723556160926819,value_factor,0.2529553472995758
2020-12-02,300627.SZ,cp,3,cn_a,INDUSTRY_C39,-0.017266935818734595,-0.016356158047513197,-0.017266935818734595,0.05568411946296692,0,value_factor,0.5244200825691223,quality_factor,0.38054579496383667,momentum_factor,0.069521464407444
2020-12-02,688008.SH,cp,3,cn_a,INDUSTRY_C39,-0.019145344314364855,-0.018135486270821066,-0.019145344314364855,0.05568411946296692,1,value_factor,0.555204451084137,quality_factor,0.2146761566400528,momentum_factor,0.17828360199928284
2020-12-02,600118.SH,cp,3,cn_a,INDUSTRY_C39,-0.019557771437829025,-0.018526159131673547,-0.019557771437829025,0.05568411946296692,1,value_factor,0.5544836521148682,quality_factor,0.21207477152347565,momentum_factor,0.1878582090139389
2020-12-02,603019.SH,cp,3,cn_a,INDUSTRY_C39,-0.02410469675975607,-0.0228332481239768,-0.02410469675975607,0.05568411946296692,1,value_factor,0.5422764420509338,quality_factor,0.2566538155078888,momentum_factor,0.1843433678150177
2020-12-02,300223.SZ,cp,3,cn_a,INDUSTRY_C39,-0.02955033784687513,-0.027991648388273282,-0.02955033784687513,0.05568411946296692,1,value_factor,0.5458642244338989,momentum_factor,0.23211483657360077,quality_factor,0.21854491531848907
2020-12-02,600060.SH,cp,3,cn_a,INDUSTRY_C39,-0.029920978525955027,-0.028342738911195764,-0.029920978525955027,0.05568411946296692,2,momentum_factor,0.45552030205726624,quality_factor,0.22276410460472107,value_factor,0.2199087291955948
2020-12-02,300735.SZ,cp,3,cn_a,INDUSTRY_C39,-0.03294641979043296,-0.031208597451746922,-0.03294641979043296,0.05568411946296692,0,quality_factor,0.5136047601699829,value_factor,0.4164780378341675,momentum_factor,0.06208506599068642
2020-12-02,600171.SH,cp,3,cn_a,INDUSTRY_C39,-0.035995810521692415,-0.03409714219834786,-0.035995810521692415,0.05568411946296692,1,value_factor,0.5270664691925049,quality_factor,0.3965870440006256,volatility_factor,0.05410770699381828
2020-12-02,002436.SZ,cp,3,cn_a,INDUSTRY_C39,-0.03973320288532407,-0.037637398606714376,-0.03973320288532407,0.05568411946296692,1,value_factor,0.4502002000808716,quality_factor,0.39626577496528625,volatility_factor,0.08271590620279312
2020-12-02,300390.SZ,cp,3,cn_a,INDUSTRY_C39,-0.04502311040429499,-0.04264827976972535,-0.04502311040429499,0.05568411946296692,0,value_factor,0.431668221950531,quality_factor,0.4144614338874817,momentum_factor,0.08256535977125168
2020-12-02,603290.SH,cp,3,cn_a,INDUSTRY_C39,-0.04623526690332936,-0.04379649874063361,-0.04623526690332936,0.05568411946296692,0,quality_factor,0.45062020421028137,value_factor,0.4339699447154999,momentum_factor,0.0714268609881401
2020-12-02,600699.SH,cp,3,cn_a,INDUSTRY_C39,-0.047032396705488734,-0.044551582396782696,-0.047032396705488734,0.05568411946296692,2,momentum_factor,0.4497555196285248,quality_factor,0.4231187105178833,volatility_factor,0.11459662020206451
2020-12-02,300623.SZ,cp,3,cn_a,INDUSTRY_C39,-0.047174995362433886,-0.0446866594130433,-0.047174995362433886,0.05568411946296692,0,quality_factor,0.43615055084228516,value_factor,0.43329519033432007,momentum_factor,0.07566703110933304
2020-12-02,002185.SZ,cp,3,cn_a,INDUSTRY_C39,-0.07062713667531009,-0.06690177238345382,-0.07062713667531009,0.05568411946296692,1,value_factor,0.4512401521205902,quality_factor,0.412479966878891,volatility_factor,0.07046333700418472
2020-12-02,002156.SZ,cp,3,cn_a,INDUSTRY_C39,-0.07459868780350078,-0.07066383640155166,-0.07459868780350078,0.05568411946296692,0,value_factor,0.4634213447570801,quality_factor,0.4461989402770996,momentum_factor,0.046586353331804276
2020-12-02,300346.SZ,cp,3,cn_a,INDUSTRY_C39,-0.07707877327259417,-0.0730131049880382,-0.07707877327259417,0.05568411946296692,0,value_factor,0.5061949491500854,quality_factor,0.42643633484840393,volatility_factor,0.05349796637892723
2020-12-02,002414.SZ,cp,3,cn_a,INDUSTRY_C39,-0.0827673031794945,-0.07840158243371889,-0.0827673031794945,0.05568411946296692,0,value_factor,0.4447803497314453,quality_factor,0.4235030710697174,momentum_factor,0.06873209029436111
2020-12-02,600884.SH,cp,3,cn_a,INDUSTRY_C39,-0.0988131118276357,-0.09360102401410608,-0.0988131118276357,0.05568411946296692,0,quality_factor,0.4538572132587433,value_factor,0.3327420651912689,momentum_factor,0.15981954336166382
2020-12-02,600498.SH,cp,3,cn_a,INDUSTRY_C39,-0.1392712624881236,-0.13192513162994918,-0.1392712624881236,0.05568411946296692,0,quality_factor,0.46249327063560486,value_factor,0.351016640663147,momentum_factor,0.14153902232646942
2020-12-03,600601.SH,cp,3,cn_a,INDUSTRY_C39,0.19634584624664211,0.1758349530855461,0.19634584624664211,0.11664856225252151,0,value_factor,0.4894767701625824,quality_factor,0.43827876448631287,volatility_factor,0.0466243140399456
2020-12-03,300073.SZ,cp,3,cn_a,INDUSTRY_C39,0.1095788438021759,0.09813189954077522,0.1095788438021759,0.11664856225252151,0,value_factor,0.507702112197876,quality_factor,0.4388219118118286,volatility_factor,0.04405396431684494
2020-12-03,002025.SZ,cp,3,cn_a,INDUSTRY_C39,0.08108042468385712,0.07261051324983651,0.08108042468385712,0.11664856225252151,0,value_factor,0.44705384969711304,quality_factor,0.43453657627105713,momentum_factor,0.06394877284765244
2020-12-03,600563.SH,cp,3,cn_a,INDUSTRY_C39,0.07541534827788295,0.06753722821166352,0.07541534827788295,0.11664856225252151,0,value_factor,0.4780657887458801,quality_factor,0.4205213487148285,volatility_factor,0.06126271188259125
2020-12-03,600707.SH,cp,3,cn_a,INDUSTRY_C39,0.07522057265455435,0.06736279945116319,0.07522057265455435,0.11664856225252151,2,value_factor,0.5430628657341003,quality_factor,0.27727577090263367,momentum_factor,0.14065921306610107
2020-12-03,600363.SH,cp,3,cn_a,INDUSTRY_C39,0.062255636688984546,0.05575222071552027,0.062255636688984546,0.11664856225252151,0,value_factor,0.5145238041877747,quality_factor,0.4444202780723572,volatility_factor,0.03905610367655754
2020-12-03,002429.SZ,cp,3,cn_a,INDUSTRY_C39,0.05691000661921577,0.050965011663235305,0.05691000661921577,0.11664856225252151,2,value_factor,0.5430919528007507,quality_factor,0.27675411105155945,momentum_factor,0.14144407212734222
2020-12-03,002583.SZ,cp,3,cn_a,INDUSTRY_C39,0.04821203522602526,0.04317565720986993,0.04821203522602526,0.11664856225252151,1,value_factor,0.5340203642845154,quality_factor,0.35936984419822693,volatility_factor,0.060271650552749634
2020-12-03,601231.SH,cp,3,cn_a,INDUSTRY_C39,0.03778462979639287,0.033837530737766186,0.03778462979639287,0.11664856225252151,1,value_factor,0.5274133682250977,quality_factor,0.40107616782188416,volatility_factor,0.05992965027689934
2020-12-03,002130.SZ,cp,3,cn_a,INDUSTRY_C39,0.034054687112363514,0.030497229379752133,0.034054687112363514,0.11664856225252151,0,value_factor,0.5270826816558838,quality_factor,0.35532620549201965,momentum_factor,0.09925147145986557
2020-12-03,603486.SH,cp,3,cn_a,INDUSTRY_C39,0.032720438150144596,0.029302360182562714,0.032720438150144596,0.11664856225252151,2,quality_factor,0.44469186663627625,value_factor,0.27482038736343384,momentum_factor,0.21317288279533386
2020-12-03,600060.SH,cp,3,cn_a,INDUSTRY_C39,0.02842280304498454,0.025453669306029658,0.02842280304498454,0.11664856225252151,2,value_factor,0.5457912087440491,momentum_factor,0.24305155873298645,quality_factor,0.21064597368240356
2020-12-03,300136.SZ,cp,3,cn_a,INDUSTRY_C39,0.028321117076590747,0.02536260576776911,0.028321117076590747,0.11664856225252151,2,quality_factor,0.4592033326625824,momentum_factor,0.28988367319107056,value_factor,0.18362519145011902
2020-12-03,002841.SZ,cp,3,cn_a,INDUSTRY_C39,0.02733033781468511,0.024475326365807792,0.02733033781468511,0.11664856225252151,2,quality_factor,0.401713490486145,momentum_factor,0.33988404273986816,value_factor,0.1433238983154297
2020-12-03,300857.SZ,cp,3,cn_a,INDUSTRY_C39,0.021082075074956564,0.018879776438429974,0.021082075074956564,0.11664856225252151,0,quality_factor,0.562156617641449,momentum_factor,0.2979184091091156,value_factor,0.12202709913253784
2020-12-03,002138.SZ,cp,3,cn_a,INDUSTRY_C39,0.020994552151307855,0.01880139642954326,0.020994552151307855,0.11664856225252151,2,quality_factor,0.4427565932273865,value_factor,0.25816822052001953,momentum_factor,0.2283354252576828
2020-12-03,688100.SH,cp,3,cn_a,INDUSTRY_C39,0.02068888713539261,0.01852766212468898,0.02068888713539261,0.11664856225252151,2,quality_factor,0.4414626359939575,momentum_factor,0.25060567259788513,value_factor,0.23326732218265533
2020-12-03,603920.SH,cp,3,cn_a,INDUSTRY_C39,0.01936536209862976,0.017342396598600873,0.01936536209862976,0.11664856225252151,2,value_factor,0.5526506900787354,quality_factor,0.22956247627735138,momentum_factor,0.16715635359287262
2020-12-03,002152.SZ,cp,3,cn_a,INDUSTRY_C39,0.019208088232675006,0.017201552046142154,0.019208088232675006,0.11664856225252151,2,value_factor,0.5555016994476318,quality_factor,0.24497030675411224,momentum_factor,0.11971966922283173
2020-12-03,002273.SZ,cp,3,cn_a,INDUSTRY_C39,0.01876042490161078,0.016800653008446603,0.01876042490161078,0.11664856225252151,0,value_factor,0.46316105127334595,quality_factor,0.42964330315589905,volatility_factor,0.0562087781727314
2020-12-03,300037.SZ,cp,3,cn_a,INDUSTRY_C39,0.017973811521250875,0.016096211689844417,0.017973811521250875,0.11664856225252151,0,quality_factor,0.46392905712127686,value_factor,0.3141656816005707,momentum_factor,0.17365261912345886
2020-12-03,603228.SH,cp,3,cn_a,INDUSTRY_C39,0.016556580651930056,0.014827029131709829,0.016556580651930056,0.11664856225252151,0,value_factor,0.5340021848678589,quality_factor,0.3211480379104614,volatility_factor,0.12895749509334564
2020-12-03,605358.SH,cp,3,cn_a,INDUSTRY_C39,0.016158335501879586,0.014470385899299873,0.016158335501879586,0.11664856225252151,0,quality_factor,0.5020105838775635,value_factor,0.3075723648071289,momentum_factor,0.169868603348732
2020-12-03,603659.SH,cp,3,cn_a,INDUSTRY_C39,0.014507180054749507,0.012991715246810698,0.014507180054749507,0.11664856225252151,2,quality_factor,0.4456433653831482,momentum_factor,0.30896899104118347,value_factor,0.1658450961112976
2020-12-03,688002.SH,cp,3,cn_a,INDUSTRY_C39,0.012706057237139814,0.0113787432782676,0.012706057237139814,0.11664856225252151,0,quality_factor,0.5546225309371948,momentum_factor,0.35182395577430725,volatility_factor,0.059144262224435806
2020-12-03,300919.SZ,cp,3,cn_a,INDUSTRY_C39,0.004021515595172252,0.003601415662858709,0.004021515595172252,0.11664856225252151,2,momentum_factor,0.42374616861343384,value_factor,0.30066829919815063,quality_factor,0.26760879158973694
2020-12-03,688608.SH,cp,3,cn_a,INDUSTRY_C39,0.004021515595172252,0.003601415662858709,0.004021515595172252,0.11664856225252151,2,momentum_factor,0.42374616861343384,value_factor,0.30066829919815063,quality_factor,0.26760879158973694
2020-12-03,689009.SH,cp,3,cn_a,INDUSTRY_C39,0.004021515595172252,0.003601415662858709,0.004021515595172252,0.11664856225252151,2,momentum_factor,0.42374616861343384,value_factor,0.30066829919815063,quality_factor,0.26760879158973694
2020-12-03,600699.SH,cp,3,cn_a,INDUSTRY_C39,0.0032075235977970166,0.0028724557820843932,0.0032075235977970166,0.11664856225252151,2,value_factor,0.5317304730415344,momentum_factor,0.4130396842956543,volatility_factor,0.033089783042669296
2020-12-03,002402.SZ,cp,3,cn_a,INDUSTRY_C39,0.00060084420352776,0.0005380781633970155,0.00060084420352776,0.11664856225252151,2,value_factor,0.45368555188179016,momentum_factor,0.4424201250076294,volatility_factor,0.06438836455345154
2020-12-03,300474.SZ,cp,3,cn_a,INDUSTRY_C39,-0.004655165276328635,-0.004168872342430352,-0.004655165276328635,0.11664856225252151,2,value_factor,0.5687946677207947,momentum_factor,0.3909330368041992,volatility_factor,0.025043094530701637
2020-12-03,002465.SZ,cp,3,cn_a,INDUSTRY_C39,-0.00512933033802364,-0.004593504658171904,-0.00512933033802364,0.11664856225252151,0,value_factor,0.5871728658676147,momentum_factor,0.24194927513599396,volatility_factor,0.10208453238010406
2020-12-03,300570.SZ,cp,3,cn_a,INDUSTRY_C39,-0.006104854161670691,-0.005467122252044203,-0.006104854161670691,0.11664856225252151,0,value_factor,0.44377413392066956,quality_factor,0.3492288291454315,momentum_factor,0.1465683877468109
2020-12-03,600764.SH,cp,3,cn_a,INDUSTRY_C39,-0.0070605658377713215,-0.006322997336457081,-0.0070605658377713215,0.11664856225252151,0,value_factor,0.5896323323249817,momentum_factor,0.2494478076696396,volatility_factor,0.10474123805761337
2020-12-03,300054.SZ,cp,3,cn_a,INDUSTRY_C39,-0.008326379656210636,-0.007456580336225375,-0.008326379656210636,0.11664856225252151,0,quality_factor,0.28325900435447693,momentum_factor,0.2811715304851532,value_factor,0.2438124120235443
2020-12-03,300458.SZ,cp,3,cn_a,INDUSTRY_C39,-0.011553864719437751,-0.010346912347445836,-0.011553864719437751,0.11664856225252151,2,value_factor,0.5654793977737427,momentum_factor,0.2699471712112427,quality_factor,0.12969307601451874
2020-12-03,688027.SH,cp,3,cn_a,INDUSTRY_C39,-0.01412091534468875,-0.012645800940649016,-0.01412091534468875,0.11664856225252151,1,value_factor,0.5448958873748779,quality_factor,0.30176061391830444,momentum_factor,0.08291250467300415
2020-12-03,688981.SH,cp,3,cn_a,INDUSTRY_C39,-0.015093847255978874,-0.013517097381329668,-0.015093847255978874,0.11664856225252151,2,value_factor,0.5504975914955139,quality_factor,0.24055656790733337,momentum_factor,0.16068339347839355
2020-12-03,300373.SZ,cp,3,cn_a,INDUSTRY_C39,-0.015515724763256356,-0.013894904261984531,-0.015515724763256356,0.11664856225252151,1,value_factor,0.5521904230117798,quality_factor,0.2610224187374115,momentum_factor,0.11136577278375626
2020-12-03,688019.SH,cp,3,cn_a,INDUSTRY_C39,-0.016382262948953376,-0.014670921194053832,-0.016382262948953376,0.11664856225252151,0,value_factor,0.5673121213912964,quality_factor,0.21111147105693817,volatility_factor,0.1157844066619873
2020-12-03,300679.SZ,cp,3,cn_a,INDUSTRY_C39,-0.01762849403979408,-0.015786967138394614,-0.01762849403979408,0.11664856225252151,1,value_factor,0.5384026765823364,quality_factor,0.3027302920818329,momentum_factor,0.12355004251003265
2020-12-03,002281.SZ,cp,3,cn_a,INDUSTRY_C39,-0.01931678144913677,-0.01729889083370817,-0.01931678144913677,0.11664856225252151,2,value_factor,0.5375593304634094,quality_factor,0.30024054646492004,momentum_factor,0.13371656835079193
2020-12-03,300627.SZ,cp,3,cn_a,INDUSTRY_C39,-0.02181111503420871,-0.01953265863320562,-0.02181111503420871,0.11664856225252151,0,value_factor,0.5224713087081909,quality_factor,0.4204375147819519,volatility_factor,0.04938829317688942
2020-12-03,300735.SZ,cp,3,cn_a,INDUSTRY_C39,-0.022957943982627845,-0.02055968628974752,-0.022957943982627845,0.11664856225252151,0,quality_factor,0.5157899856567383,value_factor,0.40898415446281433,momentum_factor,0.061867956072092056
2020-12-03,603160.SH,cp,3,cn_a,INDUSTRY_C39,-0.026224013694902508,-0.0234845722784765,-0.026224013694902508,0.11664856225252151,1,value_factor,0.5409180521965027,quality_factor,0.3300281763076782,volatility_factor,0.07296864688396454
2020-12-03,600435.SH,cp,3,cn_a,INDUSTRY_C39,-0.028508820241730477,-0.025530700880893598,-0.028508820241730477,0.11664856225252151,2,value_factor,0.5544726848602295,quality_factor,0.2072049081325531,momentum_factor,0.19703185558319092
2020-12-03,600562.SH,cp,3,cn_a,INDUSTRY_C39,-0.02941873244404576,-0.026345560845922322,-0.02941873244404576,0.11664856225252151,2,value_factor,0.5469011664390564,quality_factor,0.24826285243034363,momentum_factor,0.1697922796010971
2020-12-03,300115.SZ,cp,3,cn_a,INDUSTRY_C39,-0.03318425626390038,-0.02971772642448478,-0.03318425626390038,0.11664856225252151,2,value_factor,0.5480785369873047,quality_factor,0.2629207670688629,momentum_factor,0.1346985250711441
2020-12-03,603501.SH,cp,3,cn_a,INDUSTRY_C39,-0.03871533788651364,-0.03467101418796942,-0.03871533788651364,0.11664856225252151,1,value_factor,0.5433136820793152,quality_factor,0.2975809574127197,momentum_factor,0.10106842964887619
2020-12-03,002436.SZ,cp,3,cn_a,INDUSTRY_C39,-0.03895457876942433,-0.03488526322978466,-0.03895457876942433,0.11664856225252151,1,value_factor,0.4409370422363281,quality_factor,0.39863818883895874,volatility_factor,0.08204106241464615
2020-12-03,688008.SH,cp,3,cn_a,INDUSTRY_C39,-0.03896056850153669,-0.03489062725599201,-0.03896056850153669,0.11664856225252151,1,value_factor,0.5378961563110352,quality_factor,0.35021308064460754,volatility_factor,0.0737762525677681
2020-12-03,603290.SH,cp,3,cn_a,INDUSTRY_C39,-0.03917566153538397,-0.03508325100759435,-0.03917566153538397,0.11664856225252151,0,quality_factor,0.44532516598701477,value_factor,0.4298267960548401,momentum_factor,0.07641204446554184
2020-12-03,600118.SH,cp,3,cn_a,INDUSTRY_C39,-0.04072284807364261,-0.036468813664354394,-0.04072284807364261,0.11664856225252151,1,value_factor,0.5374714732170105,quality_factor,0.34921592473983765,volatility_factor,0.07055844366550446
2020-12-03,300390.SZ,cp,3,cn_a,INDUSTRY_C39,-0.040785794350814274,-0.03652518437911597,-0.040785794350814274,0.11664856225252151,0,value_factor,0.4272996485233307,quality_factor,0.41304218769073486,momentum_factor,0.08677278459072113
2020-12-03,300623.SZ,cp,3,cn_a,INDUSTRY_C39,-0.04110425597504616,-0.03681037851908275,-0.04110425597504616,0.11664856225252151,0,quality_factor,0.43186795711517334,value_factor,0.4289811849594116,momentum_factor,0.0805477648973465
2020-12-03,600171.SH,cp,3,cn_a,INDUSTRY_C39,-0.04244630682493873,-0.038012234594677285,-0.04244630682493873,0.11664856225252151,1,value_factor,0.5019327998161316,quality_factor,0.4115755558013916,volatility_factor,0.06512076407670975
2020-12-03,603019.SH,cp,3,cn_a,INDUSTRY_C39,-0.04573466322322805,-0.04095707913340735,-0.04573466322322805,0.11664856225252151,1,value_factor,0.5318794250488281,quality_factor,0.3642824590206146,volatility_factor,0.0526854544878006
2020-12-03,600884.SH,cp,3,cn_a,INDUSTRY_C39,-0.06027925666925191,-0.05398229945315569,-0.06027925666925191,0.11664856225252151,0,quality_factor,0.46490931510925293,value_factor,0.3091188967227936,momentum_factor,0.17785313725471497
2020-12-03,300223.SZ,cp,3,cn_a,INDUSTRY_C39,-0.0668026102672545,-0.05982420339862726,-0.0668026102672545,0.11664856225252151,1,value_factor,0.5331688523292542,quality_factor,0.350477010011673,momentum_factor,0.0685257762670517
2020-12-03,002185.SZ,cp,3,cn_a,INDUSTRY_C39,-0.06738929561448888,-0.06034960178356355,-0.06738929561448888,0.11664856225252151,1,value_factor,0.44232457876205444,quality_factor,0.41109710931777954,momentum_factor,0.07402192056179047
2020-12-03,002156.SZ,cp,3,cn_a,INDUSTRY_C39,-0.06881643582931253,-0.061627658526382495,-0.06881643582931253,0.11664856225252151,0,value_factor,0.4529866576194763,quality_factor,0.4384846091270447,momentum_factor,0.05772564560174942
2020-12-03,002414.SZ,cp,3,cn_a,INDUSTRY_C39,-0.07613904579209436,-0.06818532604969796,-0.07613904579209436,0.11664856225252151,0,value_factor,0.437881201505661,quality_factor,0.42023056745529175,momentum_factor,0.07563652098178864
2020-12-03,300346.SZ,cp,3,cn_a,INDUSTRY_C39,-0.08133558697223653,-0.07283902049796048,-0.08133558697223653,0.11664856225252151,0,value_factor,0.47926369309425354,quality_factor,0.420360267162323,volatility_factor,0.06124099716544151
2020-12-03,600498.SH,cp,3,cn_a,INDUSTRY_C39,-0.08865862227699257,-0.07939706893071463,-0.08865862227699257,0.11664856225252151,0,quality_factor,0.4725037217140198,value_factor,0.3352825343608856,momentum_factor,0.15288275480270386
2020-12-04,600601.SH,cp,3,cn_a,INDUSTRY_C39,0.15893941121105498,0.13551871522349385,0.15893941121105498,0.17282257974147797,0,value_factor,0.4792763888835907,quality_factor,0.45339158177375793,volatility_factor,0.036530304700136185
2020-12-04,600707.SH,cp,3,cn_a,INDUSTRY_C39,0.1134261337144249,0.09671209800403446,0.1134261337144249,0.17282257974147797,2,value_factor,0.5292129516601562,quality_factor,0.3976197838783264,volatility_factor,0.0668908879160881
2020-12-04,300073.SZ,cp,3,cn_a,INDUSTRY_C39,0.09356549571143549,0.0797780466873978,0.09356549571143549,0.17282257974147797,0,value_factor,0.4881441593170166,quality_factor,0.45263680815696716,volatility_factor,0.0360419824719429
2020-12-04,002429.SZ,cp,3,cn_a,INDUSTRY_C39,0.08604704734202771,0.07336748774715274,0.08604704734202771,0.17282257974147797,2,value_factor,0.529196560382843,quality_factor,0.39750564098358154,volatility_factor,0.0667010247707367
2020-12-04,600060.SH,cp,3,cn_a,INDUSTRY_C39,0.06384056907389474,0.05443327010028065,0.06384056907389474,0.17282257974147797,2,value_factor,0.5269863605499268,quality_factor,0.38545146584510803,volatility_factor,0.0439864918589592
2020-12-04,600563.SH,cp,3,cn_a,INDUSTRY_C39,0.06004713900782093,0.0511988251949711,0.06004713900782093,0.17282257974147797,0,value_factor,0.46421945095062256,quality_factor,0.42960917949676514,volatility_factor,0.05610865354537964
2020-12-04,002025.SZ,cp,3,cn_a,INDUSTRY_C39,0.05742561122487549,0.04896359559168721,0.05742561122487549,0.17282257974147797,0,value_factor,0.45293545722961426,quality_factor,0.45162495970726013,momentum_factor,0.054460085928440094
2020-12-04,600363.SH,cp,3,cn_a,INDUSTRY_C39,0.05391201738116694,0.045967751326954964,0.05391201738116694,0.17282257974147797,0,value_factor,0.4938852787017822,quality_factor,0.4592863619327545,volatility_factor,0.030386045575141907
2020-12-04,002583.SZ,cp,3,cn_a,INDUSTRY_C39,0.05247400123540206,0.0447416356703044,0.05247400123540206,0.17282257974147797,1,value_factor,0.49983614683151245,quality_factor,0.4041059613227844,volatility_factor,0.07095736265182495
2020-12-04,002130.SZ,cp,3,cn_a,INDUSTRY_C39,0.0415085649122564,0.0353920235693482,0.0415085649122564,0.17282257974147797,0,value_factor,0.5174592733383179,quality_factor,0.432546466588974,volatility_factor,0.032157085835933685
2020-12-04,600699.SH,cp,3,cn_a,INDUSTRY_C39,0.03829512194216938,0.03265210110812877,0.03829512194216938,0.17282257974147797,2,value_factor,0.5333188772201538,quality_factor,0.3487522304058075,momentum_factor,0.07076871395111084
2020-12-04,601231.SH,cp,3,cn_a,INDUSTRY_C39,0.03614645680412312,0.03082005494201534,0.03614645680412312,0.17282257974147797,1,value_factor,0.48848265409469604,quality_factor,0.4176396131515503,volatility_factor,0.06218154728412628
2020-12-04,603920.SH,cp,3,cn_a,INDUSTRY_C39,0.03341397112810994,0.028490217770993087,0.03341397112810994,0.17282257974147797,2,value_factor,0.5353409051895142,quality_factor,0.3790479898452759,volatility_factor,0.08468513935804367
2020-12-04,002152.SZ,cp,3,cn_a,INDUSTRY_C39,0.02879112690638713,0.024548577967292512,0.02879112690638713,0.17282257974147797,2,value_factor,0.5118004083633423,quality_factor,0.35632047057151794,volatility_factor,0.10528283566236496
2020-12-04,603228.SH,cp,3,cn_a,INDUSTRY_C39,0.016832023155677892,0.014351721421948418,0.016832023155677892,0.17282257974147797,0,value_factor,0.44898509979248047,quality_factor,0.32246434688568115,volatility_factor,0.1380675733089447
2020-12-04,002273.SZ,cp,3,cn_a,INDUSTRY_C39,0.014106971947151097,0.012028223204081017,0.014106971947151097,0.17282257974147797,0,value_factor,0.460392028093338,quality_factor,0.4430357813835144,momentum_factor,0.05005291476845741
2020-12-04,603486.SH,cp,3,cn_a,INDUSTRY_C39,0.0090352594290121,0.007703858597442145,0.0090352594290121,0.17282257974147797,2,quality_factor,0.532392144203186,momentum_factor,0.2784974277019501,value_factor,0.17562134563922882
2020-12-04,300037.SZ,cp,3,cn_a,INDUSTRY_C39,0.006414525280041425,0.0054693056813046315,0.006414525280041425,0.17282257974147797,0,quality_factor,0.5363941192626953,value_factor,0.29448583722114563,momentum_factor,0.14227810502052307
2020-12-04,605358.SH,cp,3,cn_a,INDUSTRY_C39,0.004991684071244627,0.004256128841690333,0.004991684071244627,0.17282257974147797,0,quality_factor,0.5585616827011108,value_factor,0.25331994891166687,volatility_factor,0.11359661817550659
2020-12-04,002138.SZ,cp,3,cn_a,INDUSTRY_C39,0.004971246652977962,0.00423870300221553,0.004971246652977962,0.17282257974147797,2,quality_factor,0.541258692741394,momentum_factor,0.34870797395706177,value_factor,0.09341603517532349
2020-12-04,688100.SH,cp,3,cn_a,INDUSTRY_C39,0.0036539733608465645,0.003115537999981946,0.0036539733608465645,0.17282257974147797,2,quality_factor,0.4789188504219055,momentum_factor,0.4259774386882782,value_factor,0.08188427984714508
2020-12-04,300136.SZ,cp,3,cn_a,INDUSTRY_C39,0.0011249187254433086,0.000959155059411243,0.0011249187254433086,0.17282257974147797,2,value_factor,0.3581204414367676,momentum_factor,0.34135693311691284,quality_factor,0.2330932319164276
2020-12-04,603659.SH,cp,3,cn_a,INDUSTRY_C39,0.00010571592587297703,9.013803652477281e-05,0.00010571592587297703,0.17282257974147797,2,value_factor,0.4594216048717499,momentum_factor,0.3887779712677002,quality_factor,0.12473413348197937
2020-12-04,002841.SZ,cp,3,cn_a,INDUSTRY_C39,-0.0003141627513725581,-0.00026786894523317395,-0.0003141627513725581,0.17282257974147797,2,value_factor,0.45365700125694275,momentum_factor,0.39710140228271484,volatility_factor,0.08662721514701843
2020-12-04,300054.SZ,cp,3,cn_a,INDUSTRY_C39,-0.002784461797838074,-0.002374154292863452,-0.002784461797838074,0.17282257974147797,0,momentum_factor,0.5556809306144714,volatility_factor,0.42439788579940796,quality_factor,0.010596695356070995
2020-12-04,300857.SZ,cp,3,cn_a,INDUSTRY_C39,-0.0042977707977219885,-0.003664467940295374,-0.0042977707977219885,0.17282257974147797,0,value_factor,0.42170777916908264,volatility_factor,0.31222403049468994,quality_factor,0.21375373005867004
2020-12-04,002402.SZ,cp,3,cn_a,INDUSTRY_C39,-0.007469933439069739,-0.006369192982120062,-0.007469933439069739,0.17282257974147797,2,value_factor,0.5308895111083984,quality_factor,0.34464630484580994,momentum_factor,0.09432447701692581
2020-12-04,300570.SZ,cp,3,cn_a,INDUSTRY_C39,-0.008161109255945018,-0.006958519807875735,-0.008161109255945018,0.17282257974147797,0,value_factor,0.44804075360298157,quality_factor,0.41974782943725586,momentum_factor,0.0832286924123764
2020-12-04,688002.SH,cp,3,cn_a,INDUSTRY_C39,-0.008919790610746286,-0.0076054048169699184,-0.008919790610746286,0.17282257974147797,0,value_factor,0.639316737651825,volatility_factor,0.34458908438682556,quality_factor,0.015581647865474224
2020-12-04,300919.SZ,cp,3,cn_a,INDUSTRY_C39,-0.009827972508846069,-0.00837976054838939,-0.009827972508846069,0.17282257974147797,2,value_factor,0.5562243461608887,quality_factor,0.26977765560150146,volatility_factor,0.10536804050207138
2020-12-04,688608.SH,cp,3,cn_a,INDUSTRY_C39,-0.009827972508846069,-0.00837976054838939,-0.009827972508846069,0.17282257974147797,2,value_factor,0.5562243461608887,quality_factor,0.26977765560150146,volatility_factor,0.10536804050207138
2020-12-04,689009.SH,cp,3,cn_a,INDUSTRY_C39,-0.009827972508846069,-0.00837976054838939,-0.009827972508846069,0.17282257974147797,2,value_factor,0.5562243461608887,quality_factor,0.26977765560150146,volatility_factor,0.10536804050207138
2020-12-04,300735.SZ,cp,3,cn_a,INDUSTRY_C39,-0.012918484564614738,-0.011014866718654086,-0.012918484564614738,0.17282257974147797,0,quality_factor,0.5019894242286682,value_factor,0.38853877782821655,volatility_factor,0.08376438170671463
2020-12-04,002465.SZ,cp,3,cn_a,INDUSTRY_C39,-0.013634747210639658,-0.011625583675589218,-0.013634747210639658,0.17282257974147797,0,value_factor,0.5298222303390503,quality_factor,0.30930233001708984,volatility_factor,0.13831500709056854
2020-12-04,688027.SH,cp,3,cn_a,INDUSTRY_C39,-0.01801878319123445,-0.015363605095555649,-0.01801878319123445,0.17282257974147797,1,value_factor,0.5060380697250366,quality_factor,0.37801283597946167,volatility_factor,0.08973998576402664
2020-12-04,600764.SH,cp,3,cn_a,INDUSTRY_C39,-0.019569598383347955,-0.016685898168009666,-0.019569598383347955,0.17282257974147797,0,value_factor,0.5302372574806213,quality_factor,0.30575302243232727,volatility_factor,0.14092078804969788
2020-12-04,300627.SZ,cp,3,cn_a,INDUSTRY_C39,-0.02006932887680762,-0.017111990311648777,-0.02006932887680762,0.17282257974147797,0,value_factor,0.4922166168689728,quality_factor,0.4367377460002899,volatility_factor,0.04745177552103996
2020-12-04,600884.SH,cp,3,cn_a,INDUSTRY_C39,-0.020715014907043146,-0.01766253054952019,-0.020715014907043146,0.17282257974147797,0,quality_factor,0.5393127202987671,value_factor,0.281191885471344,momentum_factor,0.14816689491271973
2020-12-04,300373.SZ,cp,3,cn_a,INDUSTRY_C39,-0.022317295016685425,-0.019028704868604224,-0.022317295016685425,0.17282257974147797,1,value_factor,0.5115478038787842,quality_factor,0.36378249526023865,volatility_factor,0.09973083436489105
2020-12-04,300679.SZ,cp,3,cn_a,INDUSTRY_C39,-0.02458555820492491,-0.020962725579494967,-0.02458555820492491,0.17282257974147797,1,value_factor,0.526216447353363,quality_factor,0.4077155888080597,volatility_factor,0.05907149240374565
2020-12-04,688019.SH,cp,3,cn_a,INDUSTRY_C39,-0.024861036530178363,-0.02119761048579863,-0.024861036530178363,0.17282257974147797,0,value_factor,0.4936290681362152,quality_factor,0.31825336813926697,volatility_factor,0.13591668009757996
2020-12-04,688981.SH,cp,3,cn_a,INDUSTRY_C39,-0.02521685115143809,-0.021500993642710048,-0.02521685115143809,0.17282257974147797,2,value_factor,0.5340438485145569,quality_factor,0.3830961585044861,volatility_factor,0.08102084696292877
2020-12-04,603290.SH,cp,3,cn_a,INDUSTRY_C39,-0.025734032833075952,-0.02194196543503423,-0.025734032833075952,0.17282257974147797,0,quality_factor,0.47151845693588257,value_factor,0.4471399486064911,momentum_factor,0.05455532297492027
2020-12-04,300623.SZ,cp,3,cn_a,INDUSTRY_C39,-0.02737645023412231,-0.023342362569732003,-0.02737645023412231,0.17282257974147797,0,quality_factor,0.4489215314388275,value_factor,0.4386610686779022,momentum_factor,0.0677206963300705
2020-12-04,300390.SZ,cp,3,cn_a,INDUSTRY_C39,-0.027635616183359468,-0.02356333882856348,-0.027635616183359468,0.17282257974147797,0,value_factor,0.4267916977405548,quality_factor,0.41831743717193604,momentum_factor,0.08589130640029907
2020-12-04,002281.SZ,cp,3,cn_a,INDUSTRY_C39,-0.027703560679375877,-0.023621271286828505,-0.027703560679375877,0.17282257974147797,2,value_factor,0.5250369310379028,quality_factor,0.40832075476646423,volatility_factor,0.0530654676258564
2020-12-04,002436.SZ,cp,3,cn_a,INDUSTRY_C39,-0.028169222581836927,-0.024018315055074575,-0.028169222581836927,0.17282257974147797,1,value_factor,0.4294101297855377,quality_factor,0.3971186876296997,momentum_factor,0.08892475813627243
2020-12-04,603160.SH,cp,3,cn_a,INDUSTRY_C39,-0.030409258223876925,-0.02592826772163498,-0.030409258223876925,0.17282257974147797,1,value_factor,0.4970271587371826,quality_factor,0.38259226083755493,volatility_factor,0.08738427609205246
2020-12-04,300458.SZ,cp,3,cn_a,INDUSTRY_C39,-0.03187663874788645,-0.02717942073549437,-0.03187663874788645,0.17282257974147797,2,value_factor,0.538792073726654,quality_factor,0.35563915967941284,volatility_factor,0.08345313370227814
2020-12-04,300474.SZ,cp,3,cn_a,INDUSTRY_C39,-0.034882774850531775,-0.029742584266259475,-0.034882774850531775,0.17282257974147797,2,value_factor,0.5446423292160034,quality_factor,0.3276532292366028,volatility_factor,0.09152863919734955
2020-12-04,600498.SH,cp,3,cn_a,INDUSTRY_C39,-0.03561218599375435,-0.030364512208775646,-0.03561218599375435,0.17282257974147797,0,quality_factor,0.5319972634315491,value_factor,0.3335042893886566,momentum_factor,0.09768667817115784
2020-12-04,600171.SH,cp,3,cn_a,INDUSTRY_C39,-0.03660496065390002,-0.03121099544049423,-0.03660496065390002,0.17282257974147797,1,value_factor,0.4722127616405487,quality_factor,0.4180210828781128,volatility_factor,0.06382802128791809
2020-12-04,688008.SH,cp,3,cn_a,INDUSTRY_C39,-0.04235340795223681,-0.03611237381143903,-0.04235340795223681,0.17282257974147797,1,value_factor,0.491037517786026,quality_factor,0.38711440563201904,volatility_factor,0.0847126916050911
2020-12-04,600118.SH,cp,3,cn_a,INDUSTRY_C39,-0.044720911965603204,-0.03813101160387325,-0.044720911965603204,0.17282257974147797,1,value_factor,0.4939611554145813,quality_factor,0.39023149013519287,volatility_factor,0.08203375339508057
2020-12-04,002185.SZ,cp,3,cn_a,INDUSTRY_C39,-0.04826142807768218,-0.041149810975791706,-0.04826142807768218,0.17282257974147797,1,value_factor,0.4369449019432068,quality_factor,0.4157549738883972,momentum_factor,0.07758926600217819
2020-12-04,002156.SZ,cp,3,cn_a,INDUSTRY_C39,-0.049517405087291064,-0.04222071207826542,-0.049517405087291064,0.17282257974147797,0,value_factor,0.45895570516586304,quality_factor,0.45718061923980713,momentum_factor,0.04775494337081909
2020-12-04,600562.SH,cp,3,cn_a,INDUSTRY_C39,-0.04984832363593544,-0.042502867751387674,-0.04984832363593544,0.17282257974147797,2,value_factor,0.5307698249816895,quality_factor,0.3887796401977539,volatility_factor,0.06783001869916916
2020-12-04,603019.SH,cp,3,cn_a,INDUSTRY_C39,-0.049848990905329085,-0.04250343669454812,-0.049848990905329085,0.17282257974147797,1,value_factor,0.5049706101417542,quality_factor,0.4138326942920685,volatility_factor,0.06307157874107361
2020-12-04,300115.SZ,cp,3,cn_a,INDUSTRY_C39,-0.05031050022457614,-0.04289693978815767,-0.05031050022457614,0.17282257974147797,2,value_factor,0.5270611047744751,quality_factor,0.38419434428215027,volatility_factor,0.08261964470148087
2020-12-04,603501.SH,cp,3,cn_a,INDUSTRY_C39,-0.05168215755342373,-0.04406647500611238,-0.05168215755342373,0.17282257974147797,1,value_factor,0.5167337656021118,quality_factor,0.3892522156238556,volatility_factor,0.08006233721971512
2020-12-04,002414.SZ,cp,3,cn_a,INDUSTRY_C39,-0.05311584077327754,-0.04528889622003063,-0.05311584077327754,0.17282257974147797,0,value_factor,0.43870070576667786,quality_factor,0.4297280013561249,momentum_factor,0.07252150028944016
2020-12-04,600435.SH,cp,3,cn_a,INDUSTRY_C39,-0.05521095176737382,-0.0470752797734057,-0.05521095176737382,0.17282257974147797,2,value_factor,0.5350487232208252,quality_factor,0.3746464252471924,volatility_factor,0.07924214005470276
2020-12-04,300346.SZ,cp,3,cn_a,INDUSTRY_C39,-0.065011526992244,-0.05543168019546307,-0.065011526992244,0.17282257974147797,0,value_factor,0.46479764580726624,quality_factor,0.42937445640563965,volatility_factor,0.05621558055281639
2020-12-04,300223.SZ,cp,3,cn_a,INDUSTRY_C39,-0.07695884782935349,-0.06561849011171461,-0.07695884782935349,0.17282257974147797,1,value_factor,0.5125787854194641,quality_factor,0.41478678584098816,volatility_factor,0.061454515904188156
2020-12-07,600707.SH,cp,3,cn_a,INDUSTRY_C39,0.27999506829285986,0.2302249614138743,0.27999506829285986,0.21618035435676575,2,quality_factor,0.4105297923088074,value_factor,0.3939796984195709,momentum_factor,0.11676938086748123
2020-12-07,002429.SZ,cp,3,cn_a,INDUSTRY_C39,0.21275008346234411,0.1749330088367337,0.21275008346234411,0.21618035435676575,2,quality_factor,0.41058605909347534,value_factor,0.3940195143222809,momentum_factor,0.11672007292509079
2020-12-07,600060.SH,cp,3,cn_a,INDUSTRY_C39,0.188271021035989,0.15480518574000404,0.188271021035989,0.21618035435676575,2,quality_factor,0.41683390736579895,value_factor,0.39844053983688354,momentum_factor,0.1112499013543129
2020-12-07,600601.SH,cp,3,cn_a,INDUSTRY_C39,0.163534521492504,0.13446568587796887,0.163534521492504,0.21618035435676575,0,quality_factor,0.4521089792251587,value_factor,0.4233611524105072,momentum_factor,0.08040087670087814
2020-12-07,600699.SH,cp,3,cn_a,INDUSTRY_C39,0.14669118209678517,0.12061630922250495,0.14669118209678517,0.21618035435676575,2,quality_factor,0.4120837450027466,value_factor,0.395084410905838,momentum_factor,0.11540430784225464
2020-12-07,300073.SZ,cp,3,cn_a,INDUSTRY_C39,0.11057979534122245,0.09092384830492482,0.11057979534122245,0.21618035435676575,0,quality_factor,0.44641292095184326,value_factor,0.41933801770210266,momentum_factor,0.08538135886192322
2020-12-07,002583.SZ,cp,3,cn_a,INDUSTRY_C39,0.09772804586855913,0.08035654244313031,0.09772804586855913,0.21618035435676575,1,quality_factor,0.41056928038597107,value_factor,0.39400234818458557,momentum_factor,0.11673946678638458
2020-12-07,603920.SH,cp,3,cn_a,INDUSTRY_C39,0.09041581570303835,0.07434408687392871,0.09041581570303835,0.21618035435676575,2,quality_factor,0.4030775725841522,value_factor,0.38871100544929504,momentum_factor,0.12328997254371643
2020-12-07,002130.SZ,cp,3,cn_a,INDUSTRY_C39,0.08373055088202502,0.06884715135701634,0.08373055088202502,0.21618035435676575,0,quality_factor,0.430558443069458,value_factor,0.40814003348350525,momentum_factor,0.09924418479204178
2020-12-07,600498.SH,cp,3,cn_a,INDUSTRY_C39,0.0763389372175371,0.0627694229846256,0.0763389372175371,0.21618035435676575,0,value_factor,0.34608936309814453,quality_factor,0.34276074171066284,momentum_factor,0.17604751884937286
2020-12-07,002152.SZ,cp,3,cn_a,INDUSTRY_C39,0.07312736333341906,0.060128717639146,0.07312736333341906,0.21618035435676575,2,quality_factor,0.3941529095172882,value_factor,0.3823986351490021,momentum_factor,0.13110139966011047
2020-12-07,600363.SH,cp,3,cn_a,INDUSTRY_C39,0.06517622691880424,0.05359092365080157,0.06517622691880424,0.21618035435676575,0,quality_factor,0.45060649514198303,value_factor,0.4223043918609619,momentum_factor,0.08171066641807556
2020-12-07,600884.SH,cp,3,cn_a,INDUSTRY_C39,0.06500800545788217,0.053452604145440626,0.06500800545788217,0.21618035435676575,0,quality_factor,0.36456266045570374,value_factor,0.36150145530700684,momentum_factor,0.1569724678993225
2020-12-07,600563.SH,cp,3,cn_a,INDUSTRY_C39,0.0613538758004845,0.05044800886987046,0.0613538758004845,0.21618035435676575,0,quality_factor,0.4314271807670593,value_factor,0.4087349772453308,momentum_factor,0.09850101917982101
2020-12-07,601231.SH,cp,3,cn_a,INDUSTRY_C39,0.05566523375208759,0.04577054292707865,0.05566523375208759,0.21618035435676575,1,quality_factor,0.4180710017681122,value_factor,0.3993029296398163,momentum_factor,0.11017823964357376
2020-12-07,002025.SZ,cp,3,cn_a,INDUSTRY_C39,0.035318173931068036,0.02904024445881996,0.035318173931068036,0.21618035435676575,0,quality_factor,0.4761541783809662,value_factor,0.4403392970561981,momentum_factor,0.05938056856393814
2020-12-07,603228.SH,cp,3,cn_a,INDUSTRY_C39,0.03116597403940798,0.025626112682612147,0.03116597403940798,0.21618035435676575,0,quality_factor,0.37085476517677307,value_factor,0.3659166395664215,momentum_factor,0.1514962911605835
2020-12-07,002273.SZ,cp,3,cn_a,INDUSTRY_C39,0.011620794204107453,0.009555157215986715,0.011620794204107453,0.21618035435676575,0,quality_factor,0.4506446123123169,value_factor,0.4223158061504364,momentum_factor,0.08169098198413849
2020-12-07,300735.SZ,cp,3,cn_a,INDUSTRY_C39,0.007499962009096795,0.006166817418169022,0.007499962009096795,0.21618035435676575,0,momentum_factor,0.4332890808582306,volatility_factor,0.37969982624053955,value_factor,0.13823668658733368
2020-12-07,300054.SZ,cp,3,cn_a,INDUSTRY_C39,0.006420021164491935,0.005278839852012864,0.006420021164491935,0.21618035435676575,0,quality_factor,0.4904596507549286,value_factor,0.435101181268692,volatility_factor,0.05035800114274025
2020-12-07,603290.SH,cp,3,cn_a,INDUSTRY_C39,-0.008225037273358908,-0.006763008007362898,-0.008225037273358908,0.21618035435676575,0,quality_factor,0.48245200514793396,value_factor,0.4257139563560486,volatility_factor,0.05830324813723564
2020-12-07,300623.SZ,cp,3,cn_a,INDUSTRY_C39,-0.011178568072735188,-0.009191538332796609,-0.011178568072735188,0.21618035435676575,0,quality_factor,0.5023967623710632,value_factor,0.45886462926864624,momentum_factor,0.03644314035773277
2020-12-07,300390.SZ,cp,3,cn_a,INDUSTRY_C39,-0.014429851796698149,-0.01186489495460686,-0.014429851796698149,0.21618035435676575,0,quality_factor,0.43003159761428833,value_factor,0.40771040320396423,momentum_factor,0.09975557774305344
2020-12-07,300570.SZ,cp,3,cn_a,INDUSTRY_C39,-0.016120359056489474,-0.013254908611019741,-0.016120359056489474,0.21618035435676575,0,quality_factor,0.48659658432006836,value_factor,0.44776901602745056,momentum_factor,0.050202060490846634
2020-12-07,300037.SZ,cp,3,cn_a,INDUSTRY_C39,-0.018400439502815887,-0.015129696749170007,-0.018400439502815887,0.21618035435676575,0,quality_factor,0.3627339005470276,value_factor,0.3602093756198883,momentum_factor,0.15857188403606415
2020-12-07,605358.SH,cp,3,cn_a,INDUSTRY_C39,-0.020803759315167415,-0.01710581802315296,-0.020803759315167415,0.21618035435676575,0,value_factor,0.3473559617996216,quality_factor,0.34456464648246765,momentum_factor,0.17447678744792938
2020-12-07,002436.SZ,cp,3,cn_a,INDUSTRY_C39,-0.021933620578954937,-0.018034842478635297,-0.021933620578954937,0.21618035435676575,1,quality_factor,0.39975306391716003,value_factor,0.3863231837749481,momentum_factor,0.12623193860054016
2020-12-07,300627.SZ,cp,3,cn_a,INDUSTRY_C39,-0.02827306690744901,-0.023247429954770117,-0.02827306690744901,0.21618035435676575,0,quality_factor,0.4307936131954193,value_factor,0.40829771757125854,momentum_factor,0.0990459993481636
2020-12-07,002138.SZ,cp,3,cn_a,INDUSTRY_C39,-0.030722234354013965,-0.025261249284944057,-0.030722234354013965,0.21618035435676575,2,quality_factor,0.3931436836719513,value_factor,0.3817072808742523,momentum_factor,0.13196496665477753
2020-12-07,002402.SZ,cp,3,cn_a,INDUSTRY_C39,-0.0312689806463515,-0.025710809503358082,-0.0312689806463515,0.21618035435676575,2,quality_factor,0.416107714176178,value_factor,0.3979310095310211,momentum_factor,0.11188185214996338
2020-12-07,002414.SZ,cp,3,cn_a,INDUSTRY_C39,-0.031994528563709955,-0.026307388729900218,-0.031994528563709955,0.21618035435676575,0,quality_factor,0.44475919008255005,value_factor,0.4181358218193054,momentum_factor,0.08685749024152756
2020-12-07,002156.SZ,cp,3,cn_a,INDUSTRY_C39,-0.032568241563325176,-0.02677912222865206,-0.032568241563325176,0.21618035435676575,0,quality_factor,0.4796310067176819,value_factor,0.4428023099899292,momentum_factor,0.0563340038061142
2020-12-07,002185.SZ,cp,3,cn_a,INDUSTRY_C39,-0.03447595655604265,-0.02834773418051568,-0.03447595655604265,0.21618035435676575,1,quality_factor,0.42209383845329285,value_factor,0.40211763978004456,momentum_factor,0.10668416321277618
2020-12-07,603659.SH,cp,3,cn_a,INDUSTRY_C39,-0.03460822575871759,-0.02845649206781615,-0.03460822575871759,0.21618035435676575,2,quality_factor,0.40096208453178406,value_factor,0.38722994923591614,momentum_factor,0.12512820959091187
2020-12-07,688100.SH,cp,3,cn_a,INDUSTRY_C39,-0.03519714928558932,-0.02894073236917729,-0.03519714928558932,0.21618035435676575,2,quality_factor,0.3971538841724396,value_factor,0.3845409154891968,momentum_factor,0.12845739722251892
2020-12-07,688027.SH,cp,3,cn_a,INDUSTRY_C39,-0.04012673507302064,-0.03299406696759493,-0.04012673507302064,0.21618035435676575,1,quality_factor,0.4003404974937439,value_factor,0.38677215576171875,momentum_factor,0.12568818032741547
2020-12-07,603486.SH,cp,3,cn_a,INDUSTRY_C39,-0.04285823480712222,-0.03524003302949639,-0.04285823480712222,0.21618035435676575,2,quality_factor,0.38895419239997864,value_factor,0.37874647974967957,momentum_factor,0.13562968373298645
2020-12-07,002465.SZ,cp,3,cn_a,INDUSTRY_C39,-0.04511719813057449,-0.03709745768753783,-0.04511719813057449,0.21618035435676575,0,quality_factor,0.3856305778026581,value_factor,0.3763754367828369,momentum_factor,0.1385565996170044
2020-12-07,600171.SH,cp,3,cn_a,INDUSTRY_C39,-0.04647038535952903,-0.03821011113344051,-0.04647038535952903,0.21618035435676575,1,quality_factor,0.4195210337638855,value_factor,0.400322824716568,momentum_factor,0.10891405493021011
2020-12-07,300919.SZ,cp,3,cn_a,INDUSTRY_C39,-0.050690040559479115,-0.04167970779995128,-0.050690040559479115,0.21618035435676575,2,quality_factor,0.39586716890335083,value_factor,0.38361895084381104,momentum_factor,0.1295941025018692
2020-12-07,688608.SH,cp,3,cn_a,INDUSTRY_C39,-0.050690040559479115,-0.04167970779995128,-0.050690040559479115,0.21618035435676575,2,quality_factor,0.39586716890335083,value_factor,0.38361895084381104,momentum_factor,0.1295941025018692
2020-12-07,689009.SH,cp,3,cn_a,INDUSTRY_C39,-0.050690040559479115,-0.04167970779995128,-0.050690040559479115,0.21618035435676575,2,quality_factor,0.39586716890335083,value_factor,0.38361895084381104,momentum_factor,0.1295941025018692
2020-12-07,300373.SZ,cp,3,cn_a,INDUSTRY_C39,-0.054914097151766025,-0.045152923495851004,-0.054914097151766025,0.21618035435676575,1,quality_factor,0.396291047334671,value_factor,0.3839101791381836,momentum_factor,0.12923064827919006
2020-12-07,300679.SZ,cp,3,cn_a,INDUSTRY_C39,-0.0570990230448002,-0.04694947113678956,-0.0570990230448002,0.21618035435676575,1,quality_factor,0.41460150480270386,value_factor,0.3968581259250641,momentum_factor,0.11320686340332031
2020-12-07,603160.SH,cp,3,cn_a,INDUSTRY_C39,-0.061825881476992306,-0.050836113879446844,-0.061825881476992306,0.21618035435676575,1,quality_factor,0.40120622515678406,value_factor,0.3873826861381531,momentum_factor,0.12493208795785904
2020-12-07,300136.SZ,cp,3,cn_a,INDUSTRY_C39,-0.06462128895947417,-0.05313462786297636,-0.06462128895947417,0.21618035435676575,2,quality_factor,0.3943950831890106,value_factor,0.38258641958236694,momentum_factor,0.1308748871088028
2020-12-07,002841.SZ,cp,3,cn_a,INDUSTRY_C39,-0.06497398072899087,-0.053424627431622504,-0.06497398072899087,0.21618035435676575,2,quality_factor,0.41913488507270813,value_factor,0.40008118748664856,momentum_factor,0.1092243492603302
2020-12-07,688019.SH,cp,3,cn_a,INDUSTRY_C39,-0.06527656378533506,-0.053673425286870684,-0.06527656378533506,0.21618035435676575,0,quality_factor,0.381698340177536,value_factor,0.37359145283699036,momentum_factor,0.1420007199048996
2020-12-07,002281.SZ,cp,3,cn_a,INDUSTRY_C39,-0.06533291414333052,-0.053719759170800366,-0.06533291414333052,0.21618035435676575,2,quality_factor,0.4169435203075409,value_factor,0.39851462841033936,momentum_factor,0.11115699261426926
2020-12-07,600764.SH,cp,3,cn_a,INDUSTRY_C39,-0.06558845146050649,-0.053929873832266856,-0.06558845146050649,0.21618035435676575,0,quality_factor,0.38501864671707153,value_factor,0.37594282627105713,momentum_factor,0.13909198343753815
2020-12-07,688981.SH,cp,3,cn_a,INDUSTRY_C39,-0.0668941512169771,-0.0550034808707206,-0.0668941512169771,0.21618035435676575,2,quality_factor,0.4045035243034363,value_factor,0.3897190988063812,momentum_factor,0.12204236537218094
2020-12-07,300346.SZ,cp,3,cn_a,INDUSTRY_C39,-0.06719608886819885,-0.05525174804387386,-0.06719608886819885,0.21618035435676575,0,quality_factor,0.4310063421726227,value_factor,0.4084378182888031,momentum_factor,0.09886900335550308
2020-12-07,688002.SH,cp,3,cn_a,INDUSTRY_C39,-0.07201192767544899,-0.05921155458737675,-0.07201192767544899,0.21618035435676575,0,quality_factor,0.36874958872795105,value_factor,0.3644446134567261,momentum_factor,0.15332387387752533
2020-12-07,300857.SZ,cp,3,cn_a,INDUSTRY_C39,-0.07356477249664904,-0.06048837578720083,-0.07356477249664904,0.21618035435676575,0,quality_factor,0.36702898144721985,value_factor,0.363230437040329,momentum_factor,0.15482740104198456
2020-12-07,688008.SH,cp,3,cn_a,INDUSTRY_C39,-0.08002272690852451,-0.06579840611863329,-0.08002272690852451,0.21618035435676575,1,quality_factor,0.40249961614608765,value_factor,0.38829585909843445,momentum_factor,0.12380146980285645
2020-12-07,600118.SH,cp,3,cn_a,INDUSTRY_C39,-0.08523421960477545,-0.07008353768262254,-0.08523421960477545,0.21618035435676575,1,quality_factor,0.40405920147895813,value_factor,0.3893989324569702,momentum_factor,0.12243638932704926
2020-12-07,603019.SH,cp,3,cn_a,INDUSTRY_C39,-0.09214870762807485,-0.0757689511724622,-0.09214870762807485,0.21618035435676575,1,quality_factor,0.41529256105422974,value_factor,0.39734238386154175,momentum_factor,0.11260601133108139
2020-12-07,300458.SZ,cp,3,cn_a,INDUSTRY_C39,-0.10302386070068828,-0.08471100758716174,-0.10302386070068828,0.21618035435676575,2,quality_factor,0.4024844765663147,value_factor,0.3882940113544464,momentum_factor,0.12380696088075638
2020-12-07,603501.SH,cp,3,cn_a,INDUSTRY_C39,-0.11829980484091886,-0.09727159899931687,-0.11829980484091886,0.21618035435676575,1,quality_factor,0.4050924479961395,value_factor,0.39013320207595825,momentum_factor,0.12152905762195587
2020-12-07,300115.SZ,cp,3,cn_a,INDUSTRY_C39,-0.12623877044111415,-0.10379938557825513,-0.12623877044111415,0.21618035435676575,2,quality_factor,0.40393051505088806,value_factor,0.3893130421638489,momentum_factor,0.1225445494055748
2020-12-07,600562.SH,cp,3,cn_a,INDUSTRY_C39,-0.1319779611340325,-0.10851841496645132,-0.1319779611340325,0.21618035435676575,2,quality_factor,0.40936365723609924,value_factor,0.39315611124038696,momentum_factor,0.11778897047042847
2020-12-07,300474.SZ,cp,3,cn_a,INDUSTRY_C39,-0.13275240711754424,-0.10915520045613225,-0.13275240711754424,0.21618035435676575,2,quality_factor,0.3995303809642792,value_factor,0.3862067461013794,momentum_factor,0.12639065086841583
2020-12-07,300223.SZ,cp,3,cn_a,INDUSTRY_C39,-0.15111873417329713,-0.12425684836552556,-0.15111873417329713,0.21618035435676575,1,quality_factor,0.41556841135025024,value_factor,0.3975387513637543,momentum_factor,0.11236342787742615
2020-12-07,600435.SH,cp,3,cn_a,INDUSTRY_C39,-0.15731189874518858,-0.12934915618111234,-0.15731189874518858,0.21618035435676575,2,quality_factor,0.404619038105011,value_factor,0.38980185985565186,momentum_factor,0.12194031476974487
2020-12-08,600707.SH,cp,3,cn_a,INDUSTRY_C39,0.21132525426651227,0.18563423607420731,0.21132525426651227,0.13839587569236755,2,quality_factor,0.4191199243068695,value_factor,0.3843996822834015,momentum_factor,0.1230476051568985
2020-12-08,002429.SZ,cp,3,cn_a,INDUSTRY_C39,0.16064691880224297,0.1411169155008809,0.16064691880224297,0.13839587569236755,2,quality_factor,0.4193248450756073,value_factor,0.3845527768135071,momentum_factor,0.1228611022233963
2020-12-08,600060.SH,cp,3,cn_a,INDUSTRY_C39,0.14923667713027133,0.13109382808735642,0.14923667713027133,0.13839587569236755,2,quality_factor,0.440987765789032,value_factor,0.40071696043014526,momentum_factor,0.10315832495689392
2020-12-08,600601.SH,cp,3,cn_a,INDUSTRY_C39,0.13192500876148203,0.11588675620205609,0.13192500876148203,0.13839587569236755,0,quality_factor,0.5099127292633057,value_factor,0.44252288341522217,volatility_factor,0.042539142072200775
2020-12-08,600699.SH,cp,3,cn_a,INDUSTRY_C39,0.11579183075069821,0.1017149044473951,0.11579183075069821,0.13839587569236755,2,quality_factor,0.42418375611305237,value_factor,0.38858240842819214,momentum_factor,0.11808571219444275
2020-12-08,300073.SZ,cp,3,cn_a,INDUSTRY_C39,0.08947079148722092,0.0785937397133745,0.08947079148722092,0.13839587569236755,0,quality_factor,0.5123811364173889,value_factor,0.4475405514240265,volatility_factor,0.028403248637914658
2020-12-08,002583.SZ,cp,3,cn_a,INDUSTRY_C39,0.07122754150145882,0.06256833950092863,0.07122754150145882,0.13839587569236755,1,quality_factor,0.4196605086326599,value_factor,0.38434991240501404,momentum_factor,0.12295528501272202
2020-12-08,002130.SZ,cp,3,cn_a,INDUSTRY_C39,0.06831079688996847,0.06000618638933351,0.06831079688996847,0.13839587569236755,0,quality_factor,0.48741668462753296,value_factor,0.43444177508354187,momentum_factor,0.06174027919769287
2020-12-08,603920.SH,cp,3,cn_a,INDUSTRY_C39,0.06621818928645569,0.058167979142265604,0.06621818928645569,0.13839587569236755,2,quality_factor,0.39080706238746643,value_factor,0.3636605143547058,momentum_factor,0.1484575718641281
2020-12-08,600363.SH,cp,3,cn_a,INDUSTRY_C39,0.054057140710251056,0.04748536115540623,0.054057140710251056,0.13839587569236755,0,quality_factor,0.5138281583786011,value_factor,0.44750213623046875,volatility_factor,0.03639930859208107
2020-12-08,002152.SZ,cp,3,cn_a,INDUSTRY_C39,0.05063258115825622,0.04447712866311991,0.05063258115825622,0.13839587569236755,2,quality_factor,0.3535144031047821,value_factor,0.3361058533191681,momentum_factor,0.18213625252246857
2020-12-08,600498.SH,cp,3,cn_a,INDUSTRY_C39,0.05036283432752911,0.04424017521886987,0.05036283432752911,0.13839587569236755,0,momentum_factor,0.37936967611312866,volatility_factor,0.3133593499660492,value_factor,0.1757700890302658
2020-12-08,600884.SH,cp,3,cn_a,INDUSTRY_C39,0.0465785701678086,0.04091596776041449,0.0465785701678086,0.13839587569236755,0,momentum_factor,0.283086895942688,value_factor,0.25426629185676575,quality_factor,0.239091157913208
2020-12-08,600563.SH,cp,3,cn_a,INDUSTRY_C39,0.04440629555841242,0.039007778703416596,0.04440629555841242,0.13839587569236755,0,quality_factor,0.5008712410926819,value_factor,0.44266656041145325,momentum_factor,0.05110219866037369
2020-12-08,601231.SH,cp,3,cn_a,INDUSTRY_C39,0.04098085442943669,0.03599877180832661,0.04098085442943669,0.13839587569236755,1,quality_factor,0.4482325315475464,value_factor,0.40502646565437317,momentum_factor,0.09753517061471939
2020-12-08,002025.SZ,cp,3,cn_a,INDUSTRY_C39,0.027274421836738914,0.023958643653840983,0.027274421836738914,0.13839587569236755,0,quality_factor,0.46043112874031067,value_factor,0.38938337564468384,volatility_factor,0.08800232410430908
2020-12-08,603228.SH,cp,3,cn_a,INDUSTRY_C39,0.01781241250962852,0.015646940070368695,0.01781241250962852,0.13839587569236755,0,momentum_factor,0.2965352237224579,value_factor,0.24240922927856445,volatility_factor,0.2338683009147644
2020-12-08,300054.SZ,cp,3,cn_a,INDUSTRY_C39,0.01010766686058967,0.008878867898068715,0.01010766686058967,0.13839587569236755,0,quality_factor,0.4383319914340973,value_factor,0.37045127153396606,volatility_factor,0.10472317785024643
2020-12-08,002273.SZ,cp,3,cn_a,INDUSTRY_C39,0.008751333501650556,0.007687425314348495,0.008751333501650556,0.13839587569236755,0,quality_factor,0.506910502910614,value_factor,0.4384456276893616,volatility_factor,0.04593433812260628
2020-12-08,300735.SZ,cp,3,cn_a,INDUSTRY_C39,-0.0018881396712543594,-0.0016585966816472942,-0.0018881396712543594,0.13839587569236755,0,quality_factor,0.30562084913253784,momentum_factor,0.23953543603420258,value_factor,0.22894497215747833
2020-12-08,603290.SH,cp,3,cn_a,INDUSTRY_C39,-0.007634387447479096,-0.006706267486232369,-0.007634387447479096,0.13839587569236755,0,quality_factor,0.3878421485424042,value_factor,0.31322556734085083,volatility_factor,0.1533546894788742
2020-12-08,300390.SZ,cp,3,cn_a,INDUSTRY_C39,-0.00769258428746278,-0.0067573892793649564,-0.00769258428746278,0.13839587569236755,0,quality_factor,0.5107354521751404,value_factor,0.4428088366985321,momentum_factor,0.0313529372215271
2020-12-08,300623.SZ,cp,3,cn_a,INDUSTRY_C39,-0.007970746896797616,-0.007001735387772611,-0.007970746896797616,0.13839587569236755,0,quality_factor,0.42183178663253784,value_factor,0.3477191627025604,volatility_factor,0.1236247792840004
2020-12-08,002436.SZ,cp,3,cn_a,INDUSTRY_C39,-0.011808839976715483,-0.010373227731861836,-0.011808839976715483,0.13839587569236755,1,quality_factor,0.36715269088745117,value_factor,0.34206828474998474,momentum_factor,0.17344558238983154
2020-12-08,605358.SH,cp,3,cn_a,INDUSTRY_C39,-0.01294090631455529,-0.011367667655947707,-0.01294090631455529,0.13839587569236755,0,momentum_factor,0.387737900018692,volatility_factor,0.32062622904777527,value_factor,0.16873222589492798
2020-12-08,300037.SZ,cp,3,cn_a,INDUSTRY_C39,-0.013160233937238577,-0.011560331404670502,-0.013160233937238577,0.13839587569236755,0,momentum_factor,0.2897542417049408,value_factor,0.24884594976902008,quality_factor,0.23158708214759827
2020-12-08,300570.SZ,cp,3,cn_a,INDUSTRY_C39,-0.016681978018714842,-0.014653933607979456,-0.016681978018714842,0.13839587569236755,0,quality_factor,0.47381022572517395,value_factor,0.4063911736011505,volatility_factor,0.07373935729265213
2020-12-08,002414.SZ,cp,3,cn_a,INDUSTRY_C39,-0.020528593582127733,-0.018032912348895907,-0.020528593582127733,0.13839587569236755,0,quality_factor,0.507442831993103,value_factor,0.4367235004901886,volatility_factor,0.047157492488622665
2020-12-08,002185.SZ,cp,3,cn_a,INDUSTRY_C39,-0.02081236860644585,-0.018282188565498955,-0.02081236860644585,0.13839587569236755,1,quality_factor,0.47577935457229614,value_factor,0.4220617413520813,momentum_factor,0.07558232545852661
2020-12-08,300627.SZ,cp,3,cn_a,INDUSTRY_C39,-0.021895655180982618,-0.0192337789298951,-0.021895655180982618,0.13839587569236755,0,quality_factor,0.4925061762332916,value_factor,0.4374920129776001,momentum_factor,0.05776987224817276
2020-12-08,002138.SZ,cp,3,cn_a,INDUSTRY_C39,-0.024524019292608997,-0.021542610241515305,-0.024524019292608997,0.13839587569236755,2,quality_factor,0.3572085201740265,value_factor,0.34054580330848694,momentum_factor,0.17729271948337555
2020-12-08,002402.SZ,cp,3,cn_a,INDUSTRY_C39,-0.02531586901240686,-0.02223819401511801,-0.02531586901240686,0.13839587569236755,2,quality_factor,0.4377765357494354,value_factor,0.3986533284187317,momentum_factor,0.10578590631484985
2020-12-08,002156.SZ,cp,3,cn_a,INDUSTRY_C39,-0.0262770989632546,-0.02308256629914343,-0.0262770989632546,0.13839587569236755,0,quality_factor,0.4595224857330322,value_factor,0.38884976506233215,volatility_factor,0.08850704878568649
2020-12-08,603659.SH,cp,3,cn_a,INDUSTRY_C39,-0.027607112763257072,-0.02425088901849168,-0.027607112763257072,0.13839587569236755,2,quality_factor,0.38476625084877014,value_factor,0.3603570759296417,momentum_factor,0.15289077162742615
2020-12-08,688100.SH,cp,3,cn_a,INDUSTRY_C39,-0.028249338005686526,-0.024815038309023763,-0.028249338005686526,0.13839587569236755,2,quality_factor,0.37155166268348694,value_factor,0.3509245216846466,momentum_factor,0.16453267633914948
2020-12-08,688027.SH,cp,3,cn_a,INDUSTRY_C39,-0.02832381079544149,-0.02488045736876871,-0.02832381079544149,0.13839587569236755,1,quality_factor,0.37923678755760193,value_factor,0.3548617362976074,momentum_factor,0.15912669897079468
2020-12-08,002465.SZ,cp,3,cn_a,INDUSTRY_C39,-0.03053802936349417,-0.026825491216277583,-0.03053802936349417,0.13839587569236755,0,quality_factor,0.31681275367736816,value_factor,0.30940186977386475,momentum_factor,0.21491628885269165
2020-12-08,600171.SH,cp,3,cn_a,INDUSTRY_C39,-0.03320620662947904,-0.02916929555807677,-0.03320620662947904,0.13839587569236755,1,quality_factor,0.4551573693752289,value_factor,0.4096238613128662,momentum_factor,0.09173896163702011
2020-12-08,603486.SH,cp,3,cn_a,INDUSTRY_C39,-0.03391849131856285,-0.029794987099697596,-0.03391849131856285,0.13839587569236755,2,quality_factor,0.34186482429504395,value_factor,0.32941001653671265,momentum_factor,0.19097213447093964
2020-12-08,300919.SZ,cp,3,cn_a,INDUSTRY_C39,-0.03744287704891038,-0.03289090980403657,-0.03744287704891038,0.13839587569236755,2,quality_factor,0.36347416043281555,value_factor,0.3441111743450165,momentum_factor,0.172572061419487
2020-12-08,688608.SH,cp,3,cn_a,INDUSTRY_C39,-0.03744287704891038,-0.03289090980403657,-0.03744287704891038,0.13839587569236755,2,quality_factor,0.36347416043281555,value_factor,0.3441111743450165,momentum_factor,0.172572061419487
2020-12-08,689009.SH,cp,3,cn_a,INDUSTRY_C39,-0.03744287704891038,-0.03289090980403657,-0.03744287704891038,0.13839587569236755,2,quality_factor,0.36347416043281555,value_factor,0.3441111743450165,momentum_factor,0.172572061419487
2020-12-08,300373.SZ,cp,3,cn_a,INDUSTRY_C39,-0.03834732198729043,-0.033685400485191135,-0.03834732198729043,0.13839587569236755,1,quality_factor,0.3625982999801636,value_factor,0.3427530527114868,momentum_factor,0.1739896535873413
2020-12-08,688019.SH,cp,3,cn_a,INDUSTRY_C39,-0.0421553240768088,-0.03703046003006327,-0.0421553240768088,0.13839587569236755,0,quality_factor,0.2952744662761688,value_factor,0.2932501435279846,momentum_factor,0.2345767319202423
2020-12-08,603160.SH,cp,3,cn_a,INDUSTRY_C39,-0.043328207344447645,-0.03806075472980498,-0.043328207344447645,0.13839587569236755,1,quality_factor,0.38250571489334106,value_factor,0.3571177124977112,momentum_factor,0.15631498396396637
2020-12-08,300679.SZ,cp,3,cn_a,INDUSTRY_C39,-0.04372485457677406,-0.038409181169510115,-0.04372485457677406,0.13839587569236755,1,quality_factor,0.4339319169521332,value_factor,0.39522990584373474,momentum_factor,0.1097714826464653
2020-12-08,600764.SH,cp,3,cn_a,INDUSTRY_C39,-0.0442856375260709,-0.03890178918627309,-0.0442856375260709,0.13839587569236755,0,quality_factor,0.3140373229980469,value_factor,0.3073720932006836,momentum_factor,0.21740427613258362
2020-12-08,688002.SH,cp,3,cn_a,INDUSTRY_C39,-0.04648551693997231,-0.04083422710464865,-0.04648551693997231,0.13839587569236755,0,momentum_factor,0.28464335203170776,value_factor,0.2525961399078369,quality_factor,0.23875544965267181
2020-12-08,300857.SZ,cp,3,cn_a,INDUSTRY_C39,-0.04794048083983077,-0.04211230961780228,-0.04794048083983077,0.13839587569236755,0,momentum_factor,0.2896902859210968,value_factor,0.2485368847846985,quality_factor,0.23292197287082672
2020-12-08,300346.SZ,cp,3,cn_a,INDUSTRY_C39,-0.04867211668481531,-0.04275499977634305,-0.04867211668481531,0.13839587569236755,0,quality_factor,0.4991641044616699,value_factor,0.44144871830940247,momentum_factor,0.05260557308793068
2020-12-08,688981.SH,cp,3,cn_a,INDUSTRY_C39,-0.049269859140204146,-0.04328007409583393,-0.049269859140204146,0.13839587569236755,2,quality_factor,0.396355539560318,value_factor,0.3677227199077606,momentum_factor,0.14347979426383972
2020-12-08,300136.SZ,cp,3,cn_a,INDUSTRY_C39,-0.05005785140125088,-0.04397226936572496,-0.05005785140125088,0.13839587569236755,2,quality_factor,0.3602016568183899,value_factor,0.34234288334846497,momentum_factor,0.17495492100715637
2020-12-08,002281.SZ,cp,3,cn_a,INDUSTRY_C39,-0.05071828276664906,-0.04455241144302028,-0.05071828276664906,0.13839587569236755,2,quality_factor,0.4420761168003082,value_factor,0.4012521207332611,momentum_factor,0.10241243988275528
2020-12-08,688008.SH,cp,3,cn_a,INDUSTRY_C39,-0.05589707758397896,-0.04910161510084568,-0.05589707758397896,0.13839587569236755,1,quality_factor,0.3876340687274933,value_factor,0.3607623279094696,momentum_factor,0.15181107819080353
2020-12-08,002841.SZ,cp,3,cn_a,INDUSTRY_C39,-0.0563868949737316,-0.049531884910661794,-0.0563868949737316,0.13839587569236755,2,quality_factor,0.4456128776073456,value_factor,0.40506061911582947,momentum_factor,0.0981651023030281
2020-12-08,600118.SH,cp,3,cn_a,INDUSTRY_C39,-0.060139084557483014,-0.05282791713077146,-0.060139084557483014,0.13839587569236755,1,quality_factor,0.3940627872943878,value_factor,0.36551913619041443,momentum_factor,0.14599940180778503
2020-12-08,603019.SH,cp,3,cn_a,INDUSTRY_C39,-0.06880490650705005,-0.06044022661619719,-0.06880490650705005,0.13839587569236755,1,quality_factor,0.437195360660553,value_factor,0.3972659707069397,momentum_factor,0.1071549728512764
2020-12-08,300458.SZ,cp,3,cn_a,INDUSTRY_C39,-0.07643618209867756,-0.06714376055794247,-0.07643618209867756,0.13839587569236755,2,quality_factor,0.3887804448604584,value_factor,0.362366646528244,momentum_factor,0.15010835230350494
2020-12-08,603501.SH,cp,3,cn_a,INDUSTRY_C39,-0.08600545937444733,-0.07554969142046734,-0.08600545937444733,0.13839587569236755,1,quality_factor,0.3984808921813965,value_factor,0.3690856993198395,momentum_factor,0.14174315333366394
2020-12-08,300115.SZ,cp,3,cn_a,INDUSTRY_C39,-0.0921555224159285,-0.08095208527290189,-0.0921555224159285,0.13839587569236755,2,quality_factor,0.3940400183200836,value_factor,0.36594441533088684,momentum_factor,0.14563030004501343
2020-12-08,300474.SZ,cp,3,cn_a,INDUSTRY_C39,-0.09816979256511663,-0.08623519470799304,-0.09816979256511663,0.13839587569236755,2,quality_factor,0.3774702548980713,value_factor,0.35419121384620667,momentum_factor,0.16016268730163574
2020-12-08,600562.SH,cp,3,cn_a,INDUSTRY_C39,-0.09971769577877565,-0.08759491781151771,-0.09971769577877565,0.13839587569236755,2,quality_factor,0.41476312279701233,value_factor,0.38127967715263367,momentum_factor,0.12689487636089325
2020-12-08,300223.SZ,cp,3,cn_a,INDUSTRY_C39,-0.11394794528397646,-0.10009518194328043,-0.11394794528397646,0.13839587569236755,1,quality_factor,0.43794265389442444,value_factor,0.39792507886886597,momentum_factor,0.10638585686683655
2020-12-08,600435.SH,cp,3,cn_a,INDUSTRY_C39,-0.11674615303670174,-0.10255320883815873,-0.11674615303670174,0.13839587569236755,2,quality_factor,0.3968832790851593,value_factor,0.36819761991500854,momentum_factor,0.1429283171892166
2020-12-09,600707.SH,cp,3,cn_a,INDUSTRY_C39,0.2287294493085,0.16138286301964283,0.2287294493085,0.41730937361717224,2,value_factor,0.44715791940689087,quality_factor,0.3925929069519043,volatility_factor,0.08582465350627899
2020-12-09,002429.SZ,cp,3,cn_a,INDUSTRY_C39,0.17357715054125394,0.12246948346103553,0.17357715054125394,0.41730937361717224,2,value_factor,0.4470781087875366,quality_factor,0.3923676311969757,volatility_factor,0.08600261062383652
2020-12-09,600601.SH,cp,3,cn_a,INDUSTRY_C39,0.16303437281078945,0.11503089757073642,0.16303437281078945,0.41730937361717224,0,value_factor,0.343718022108078,quality_factor,0.27121320366859436,momentum_factor,0.19616341590881348
2020-12-09,600060.SH,cp,3,cn_a,INDUSTRY_C39,0.13318150396130193,0.09396784050114915,0.13318150396130193,0.41730937361717224,2,value_factor,0.43636390566825867,quality_factor,0.363640695810318,volatility_factor,0.10876409709453583
2020-12-09,300073.SZ,cp,3,cn_a,INDUSTRY_C39,0.10272351746875691,0.07247783527077387,0.10272351746875691,0.41730937361717224,0,value_factor,0.3540821373462677,quality_factor,0.27944743633270264,momentum_factor,0.18495535850524902
2020-12-09,600699.SH,cp,3,cn_a,INDUSTRY_C39,0.09899768199694173,0.0698490264427043,0.09899768199694173,0.41730937361717224,2,value_factor,0.45433637499809265,quality_factor,0.3824538588523865,volatility_factor,0.09255681186914444
2020-12-09,002583.SZ,cp,3,cn_a,INDUSTRY_C39,0.09140448414276761,0.06449155274228696,0.09140448414276761,0.41730937361717224,1,value_factor,0.43966221809387207,quality_factor,0.39444106817245483,volatility_factor,0.08533210307359695
2020-12-09,603920.SH,cp,3,cn_a,INDUSTRY_C39,0.07632022013317179,0.05384866561178284,0.07632022013317179,0.41730937361717224,2,value_factor,0.464934766292572,quality_factor,0.41938528418540955,volatility_factor,0.06367173045873642
2020-12-09,600563.SH,cp,3,cn_a,INDUSTRY_C39,0.07162167504450721,0.05053354960582919,0.07162167504450721,0.41730937361717224,0,value_factor,0.38973721861839294,quality_factor,0.3439667820930481,momentum_factor,0.13727842271327972
2020-12-09,002152.SZ,cp,3,cn_a,INDUSTRY_C39,0.0685016315495239,0.0483321647229972,0.0685016315495239,0.41730937361717224,2,value_factor,0.4786110520362854,quality_factor,0.44664883613586426,volatility_factor,0.041653234511613846
2020-12-09,002130.SZ,cp,3,cn_a,INDUSTRY_C39,0.06191137485592747,0.043682328436229934,0.06191137485592747,0.41730937361717224,0,value_factor,0.3929630517959595,quality_factor,0.31029659509658813,volatility_factor,0.15382163226604462
2020-12-09,600363.SH,cp,3,cn_a,INDUSTRY_C39,0.05726177639531736,0.04040174732289492,0.05726177639531736,0.41730937361717224,0,value_factor,0.3414680063724518,quality_factor,0.2578505575656891,momentum_factor,0.20151296257972717
2020-12-09,601231.SH,cp,3,cn_a,INDUSTRY_C39,0.05438037085606511,0.03836873637108695,0.05438037085606511,0.41730937361717224,1,value_factor,0.4203892946243286,quality_factor,0.3721601366996765,volatility_factor,0.10428785532712936
2020-12-09,002025.SZ,cp,3,cn_a,INDUSTRY_C39,0.049262432948804356,0.034757712627850025,0.049262432948804356,0.41730937361717224,0,value_factor,0.318153977394104,quality_factor,0.25895097851753235,momentum_factor,0.22178149223327637
2020-12-09,600498.SH,cp,3,cn_a,INDUSTRY_C39,0.043549899090794576,0.030727164432637788,0.043549899090794576,0.41730937361717224,0,quality_factor,0.3786742091178894,value_factor,0.3773242235183716,momentum_factor,0.13742001354694366
2020-12-09,603228.SH,cp,3,cn_a,INDUSTRY_C39,0.03906964541063171,0.027566066602232153,0.03906964541063171,0.41730937361717224,0,value_factor,0.49727001786231995,quality_factor,0.49227088689804077,volatility_factor,0.005310002714395523
2020-12-09,600884.SH,cp,3,cn_a,INDUSTRY_C39,0.03448089478571554,0.024328417424257995,0.03448089478571554,0.41730937361717224,0,value_factor,0.4126273989677429,quality_factor,0.3945060968399048,momentum_factor,0.11449211090803146
2020-12-09,002273.SZ,cp,3,cn_a,INDUSTRY_C39,0.014252896234496222,0.010056305419345091,0.014252896234496222,0.41730937361717224,0,value_factor,0.354792982339859,quality_factor,0.3004054129123688,momentum_factor,0.1790485978126526
2020-12-09,300735.SZ,cp,3,cn_a,INDUSTRY_C39,0.013312286554116598,0.009392646744598245,0.013312286554116598,0.41730937361717224,0,quality_factor,0.36587953567504883,value_factor,0.3156229853630066,momentum_factor,0.16435958445072174
2020-12-09,300570.SZ,cp,3,cn_a,INDUSTRY_C39,-0.004896331928316496,-0.0034546669319368666,-0.004896331928316496,0.41730937361717224,0,volatility_factor,0.402730256319046,momentum_factor,0.3777628242969513,quality_factor,0.21290452778339386
2020-12-09,300054.SZ,cp,3,cn_a,INDUSTRY_C39,-0.008055668054045237,-0.0056837752114038045,-0.008055668054045237,0.41730937361717224,0,quality_factor,0.4243289828300476,value_factor,0.3370755910873413,volatility_factor,0.13127724826335907
2020-12-09,300037.SZ,cp,3,cn_a,INDUSTRY_C39,-0.009530834875987588,-0.0067245972213215155,-0.009530834875987588,0.41730937361717224,0,value_factor,0.4062623083591461,quality_factor,0.38967400789260864,momentum_factor,0.12037193775177002
2020-12-09,002138.SZ,cp,3,cn_a,INDUSTRY_C39,-0.013658655456134655,-0.009637031563595695,-0.013658655456134655,0.41730937361717224,2,value_factor,0.5034662485122681,quality_factor,0.42816320061683655,momentum_factor,0.061746638268232346
2020-12-09,603290.SH,cp,3,cn_a,INDUSTRY_C39,-0.01509775461157225,-0.01065240558987784,-0.01509775461157225,0.41730937361717224,0,momentum_factor,0.36755824089050293,volatility_factor,0.3282115161418915,value_factor,0.19575609266757965
2020-12-09,605358.SH,cp,3,cn_a,INDUSTRY_C39,-0.01581371482837047,-0.01115756008548116,-0.01581371482837047,0.41730937361717224,0,quality_factor,0.40889889001846313,value_factor,0.40571296215057373,momentum_factor,0.10353850573301315
2020-12-09,688100.SH,cp,3,cn_a,INDUSTRY_C39,-0.0163648768323017,-0.011546439184569518,-0.0163648768323017,0.41730937361717224,2,value_factor,0.5146723389625549,quality_factor,0.43218159675598145,momentum_factor,0.036738425493240356
2020-12-09,603659.SH,cp,3,cn_a,INDUSTRY_C39,-0.018183815352511085,-0.012829813524583698,-0.018183815352511085,0.41730937361717224,2,value_factor,0.518715500831604,quality_factor,0.4369582235813141,volatility_factor,0.04294753819704056
2020-12-09,603486.SH,cp,3,cn_a,INDUSTRY_C39,-0.018589463707842084,-0.013116023687553269,-0.018589463707842084,0.41730937361717224,2,value_factor,0.4788368046283722,quality_factor,0.4139171838760376,momentum_factor,0.08056828379631042
2020-12-09,002402.SZ,cp,3,cn_a,INDUSTRY_C39,-0.019478943841931433,-0.013743607284997364,-0.019478943841931433,0.41730937361717224,2,value_factor,0.4454231262207031,quality_factor,0.36107319593429565,volatility_factor,0.10960905253887177
2020-12-09,300623.SZ,cp,3,cn_a,INDUSTRY_C39,-0.021545705290601767,-0.015201836125985737,-0.021545705290601767,0.41730937361717224,0,value_factor,0.3073219358921051,quality_factor,0.25964438915252686,momentum_factor,0.23115265369415283
2020-12-09,002841.SZ,cp,3,cn_a,INDUSTRY_C39,-0.025220545982045404,-0.017794664962496293,-0.025220545982045404,0.41730937361717224,2,value_factor,0.46237480640411377,quality_factor,0.3093523383140564,volatility_factor,0.14628620445728302
2020-12-09,300627.SZ,cp,3,cn_a,INDUSTRY_C39,-0.02630277539609615,-0.018558245174015164,-0.02630277539609615,0.41730937361717224,0,value_factor,0.39152222871780396,quality_factor,0.32963135838508606,volatility_factor,0.139529287815094
2020-12-09,300390.SZ,cp,3,cn_a,INDUSTRY_C39,-0.029171450565617374,-0.020582274057616777,-0.029171450565617374,0.41730937361717224,0,value_factor,0.3908297121524811,quality_factor,0.3731599748134613,momentum_factor,0.1289605051279068
2020-12-09,300136.SZ,cp,3,cn_a,INDUSTRY_C39,-0.036489174849059614,-0.025745384007912042,-0.036489174849059614,0.41730937361717224,2,value_factor,0.5119738578796387,quality_factor,0.44885095953941345,momentum_factor,0.023224450647830963
2020-12-09,002436.SZ,cp,3,cn_a,INDUSTRY_C39,-0.03715793789652191,-0.026217237962912122,-0.03715793789652191,0.41730937361717224,1,value_factor,0.4310469925403595,quality_factor,0.41961103677749634,momentum_factor,0.08181534707546234
2020-12-09,688027.SH,cp,3,cn_a,INDUSTRY_C39,-0.03761533462095788,-0.026539959821196862,-0.03761533462095788,0.41730937361717224,1,value_factor,0.46384719014167786,quality_factor,0.42696550488471985,volatility_factor,0.058130476623773575
2020-12-09,300919.SZ,cp,3,cn_a,INDUSTRY_C39,-0.03767325205645749,-0.026580824176827236,-0.03767325205645749,0.41730937361717224,2,value_factor,0.49689194560050964,quality_factor,0.44979575276374817,volatility_factor,0.03712853416800499
2020-12-09,688608.SH,cp,3,cn_a,INDUSTRY_C39,-0.03767325205645749,-0.026580824176827236,-0.03767325205645749,0.41730937361717224,2,value_factor,0.49689194560050964,quality_factor,0.44979575276374817,volatility_factor,0.03712853416800499
2020-12-09,689009.SH,cp,3,cn_a,INDUSTRY_C39,-0.03767325205645749,-0.026580824176827236,-0.03767325205645749,0.41730937361717224,2,value_factor,0.49689194560050964,quality_factor,0.44979575276374817,volatility_factor,0.03712853416800499
2020-12-09,002156.SZ,cp,3,cn_a,INDUSTRY_C39,-0.041432755872946474,-0.029233388117642527,-0.041432755872946474,0.41730937361717224,0,value_factor,0.30526867508888245,momentum_factor,0.23881177604198456,quality_factor,0.236426442861557
2020-12-09,002465.SZ,cp,3,cn_a,INDUSTRY_C39,-0.04160054644147509,-0.02935177480732637,-0.04160054644147509,0.41730937361717224,0,value_factor,0.5006271600723267,quality_factor,0.47478505969047546,volatility_factor,0.017991719767451286
2020-12-09,300679.SZ,cp,3,cn_a,INDUSTRY_C39,-0.04610743372585182,-0.03253166430322833,-0.04610743372585182,0.41730937361717224,1,value_factor,0.43660968542099,quality_factor,0.3773958384990692,volatility_factor,0.0984453335404396
2020-12-09,600171.SH,cp,3,cn_a,INDUSTRY_C39,-0.05065111215695912,-0.03573751224309589,-0.05065111215695912,0.41730937361717224,1,value_factor,0.41413822770118713,quality_factor,0.3719351291656494,momentum_factor,0.10872822254896164
2020-12-09,300373.SZ,cp,3,cn_a,INDUSTRY_C39,-0.051135279474660414,-0.03607912242117921,-0.051135279474660414,0.41730937361717224,1,value_factor,0.47403430938720703,quality_factor,0.4400408864021301,volatility_factor,0.04713977500796318
2020-12-09,002281.SZ,cp,3,cn_a,INDUSTRY_C39,-0.05115608236927767,-0.03609380015814127,-0.05115608236927767,0.41730937361717224,2,value_factor,0.4314478039741516,quality_factor,0.36752575635910034,volatility_factor,0.10644157230854034
2020-12-09,002414.SZ,cp,3,cn_a,INDUSTRY_C39,-0.05359100219752074,-0.03781178765075822,-0.05359100219752074,0.41730937361717224,0,value_factor,0.3716927766799927,quality_factor,0.3397289514541626,momentum_factor,0.15424805879592896
2020-12-09,002185.SZ,cp,3,cn_a,INDUSTRY_C39,-0.05587482267668892,-0.039423165147907446,-0.05587482267668892,0.41730937361717224,1,value_factor,0.40226760506629944,quality_factor,0.379079669713974,momentum_factor,0.11738923192024231
2020-12-09,688981.SH,cp,3,cn_a,INDUSTRY_C39,-0.056153976366246305,-0.03962012545091813,-0.056153976366246305,0.41730937361717224,2,value_factor,0.46157509088516235,quality_factor,0.4143891930580139,volatility_factor,0.06780797988176346
2020-12-09,603160.SH,cp,3,cn_a,INDUSTRY_C39,-0.05991409112015919,-0.042273120446111825,-0.05991409112015919,0.41730937361717224,1,value_factor,0.45940178632736206,quality_factor,0.4236917495727539,volatility_factor,0.06110722944140434
2020-12-09,600764.SH,cp,3,cn_a,INDUSTRY_C39,-0.06056835350295959,-0.04273474327964548,-0.06056835350295959,0.41730937361717224,0,value_factor,0.5019324421882629,quality_factor,0.47665688395500183,volatility_factor,0.016436493024230003
2020-12-09,300857.SZ,cp,3,cn_a,INDUSTRY_C39,-0.06255387893244704,-0.044135655052824324,-0.06255387893244704,0.41730937361717224,0,value_factor,0.4623172879219055,quality_factor,0.45136165618896484,momentum_factor,0.051698654890060425
2020-12-09,688002.SH,cp,3,cn_a,INDUSTRY_C39,-0.06449238122371938,-0.04550338907518767,-0.06449238122371938,0.41730937361717224,0,value_factor,0.47159305214881897,quality_factor,0.4603372812271118,momentum_factor,0.041422728449106216
2020-12-09,688019.SH,cp,3,cn_a,INDUSTRY_C39,-0.06685005434983683,-0.04716687421148125,-0.06685005434983683,0.41730937361717224,0,value_factor,0.4980231821537018,quality_factor,0.4795827567577362,volatility_factor,0.01471200305968523
2020-12-09,300346.SZ,cp,3,cn_a,INDUSTRY_C39,-0.07798794904715384,-0.05502535216304566,-0.07798794904715384,0.41730937361717224,0,value_factor,0.39055103063583374,quality_factor,0.34467318654060364,momentum_factor,0.1363832950592041
2020-12-09,688008.SH,cp,3,cn_a,INDUSTRY_C39,-0.07942174570816003,-0.056036984949469654,-0.07942174570816003,0.41730937361717224,1,value_factor,0.45483148097991943,quality_factor,0.4194453954696655,volatility_factor,0.06482641398906708
2020-12-09,300458.SZ,cp,3,cn_a,INDUSTRY_C39,-0.08186877690269768,-0.05776351776484065,-0.08186877690269768,0.41730937361717224,2,value_factor,0.47134140133857727,quality_factor,0.422304630279541,volatility_factor,0.06072719022631645
2020-12-09,603019.SH,cp,3,cn_a,INDUSTRY_C39,-0.08306256784465212,-0.05860581157808581,-0.08306256784465212,0.41730937361717224,1,value_factor,0.4299100935459137,quality_factor,0.3783205449581146,volatility_factor,0.09854908287525177
2020-12-09,600118.SH,cp,3,cn_a,INDUSTRY_C39,-0.0831862970865687,-0.058693110259388614,-0.0831862970865687,0.41730937361717224,1,value_factor,0.45239219069480896,quality_factor,0.4148772954940796,volatility_factor,0.06853321194648743
2020-12-09,300474.SZ,cp,3,cn_a,INDUSTRY_C39,-0.10303284876233926,-0.07269608775173253,-0.10303284876233926,0.41730937361717224,2,value_factor,0.48179131746292114,quality_factor,0.43397611379623413,volatility_factor,0.050755538046360016
2020-12-09,603501.SH,cp,3,cn_a,INDUSTRY_C39,-0.10513373511339019,-0.07417839383534575,-0.10513373511339019,0.41730937361717224,1,value_factor,0.45605894923210144,quality_factor,0.4120720624923706,volatility_factor,0.07019630074501038
2020-12-09,600562.SH,cp,3,cn_a,INDUSTRY_C39,-0.10578031942929476,-0.07463459931478769,-0.10578031942929476,0.41730937361717224,2,value_factor,0.4515219032764435,quality_factor,0.39662572741508484,volatility_factor,0.08228972554206848
2020-12-09,300115.SZ,cp,3,cn_a,INDUSTRY_C39,-0.10899653601658929,-0.07690384030023156,-0.10899653601658929,0.41730937361717224,2,value_factor,0.46102920174598694,quality_factor,0.4161930978298187,volatility_factor,0.06652335822582245
2020-12-09,600435.SH,cp,3,cn_a,INDUSTRY_C39,-0.12822750099372512,-0.09047248306146488,-0.12822750099372512,0.41730937361717224,2,value_factor,0.46343493461608887,quality_factor,0.4141521453857422,volatility_factor,0.06776448339223862
2020-12-09,300223.SZ,cp,3,cn_a,INDUSTRY_C39,-0.13157337676272396,-0.09283320666982192,-0.13157337676272396,0.41730937361717224,1,value_factor,0.4306597113609314,quality_factor,0.37632259726524353,volatility_factor,0.09995467215776443
2020-12-10,600707.SH,cp,3,cn_a,INDUSTRY_C39,0.23231549527485182,0.18055153928856305,0.23231549527485182,0.2866990268230438,2,value_factor,0.5038695931434631,quality_factor,0.377601683139801,volatility_factor,0.09030503034591675
2020-12-10,600601.SH,cp,3,cn_a,INDUSTRY_C39,0.20885341531204007,0.1623172211377859,0.20885341531204007,0.2866990268230438,0,value_factor,0.3193075954914093,volatility_factor,0.24843093752861023,momentum_factor,0.2367476373910904
2020-12-10,002429.SZ,cp,3,cn_a,INDUSTRY_C39,0.17609302357288023,0.13685641771955637,0.17609302357288023,0.2866990268230438,2,value_factor,0.5038484334945679,quality_factor,0.3771243691444397,volatility_factor,0.0906645804643631
2020-12-10,300073.SZ,cp,3,cn_a,INDUSTRY_C39,0.12460727940366793,0.09684259793465322,0.12460727940366793,0.2866990268230438,0,value_factor,0.3324447572231293,volatility_factor,0.24569331109523773,momentum_factor,0.22477369010448456
2020-12-10,600060.SH,cp,3,cn_a,INDUSTRY_C39,0.11608409489716386,0.09021852802287611,0.11608409489716386,0.2866990268230438,2,value_factor,0.4983895421028137,quality_factor,0.30648085474967957,volatility_factor,0.14415787160396576
2020-12-10,002583.SZ,cp,3,cn_a,INDUSTRY_C39,0.104854792237719,0.08149131041777735,0.104854792237719,0.2866990268230438,1,value_factor,0.47759997844696045,quality_factor,0.38431650400161743,volatility_factor,0.0884011909365654
2020-12-10,600563.SH,cp,3,cn_a,INDUSTRY_C39,0.0974587139438699,0.07574320773924828,0.0974587139438699,0.2866990268230438,0,value_factor,0.39058274030685425,quality_factor,0.3143027424812317,volatility_factor,0.15110747516155243
2020-12-10,600699.SH,cp,3,cn_a,INDUSTRY_C39,0.079347886852538,0.061667789716613464,0.079347886852538,0.2866990268230438,2,value_factor,0.5457034111022949,quality_factor,0.339943528175354,volatility_factor,0.10808437317609787
2020-12-10,603920.SH,cp,3,cn_a,INDUSTRY_C39,0.0788108213002394,0.06125039176366309,0.0788108213002394,0.2866990268230438,2,value_factor,0.5222102403640747,quality_factor,0.4184921681880951,volatility_factor,0.046252280473709106
2020-12-10,002152.SZ,cp,3,cn_a,INDUSTRY_C39,0.07643551385420727,0.059404344365243555,0.07643551385420727,0.2866990268230438,2,value_factor,0.511684238910675,quality_factor,0.4438680112361908,momentum_factor,0.03443141654133797
2020-12-10,002025.SZ,cp,3,cn_a,INDUSTRY_C39,0.07555125517359855,0.0587171139860375,0.07555125517359855,0.2866990268230438,0,value_factor,0.29748064279556274,momentum_factor,0.25116145610809326,volatility_factor,0.23670735955238342
2020-12-10,600363.SH,cp,3,cn_a,INDUSTRY_C39,0.06721035788897753,0.05223471451455833,0.06721035788897753,0.2866990268230438,0,value_factor,0.3092133402824402,volatility_factor,0.2811130881309509,momentum_factor,0.2562471330165863
2020-12-10,601231.SH,cp,3,cn_a,INDUSTRY_C39,0.06526302758379507,0.05072128346387447,0.06526302758379507,0.2866990268230438,1,value_factor,0.4417128264904022,quality_factor,0.3484503924846649,volatility_factor,0.11949214339256287
2020-12-10,002130.SZ,cp,3,cn_a,INDUSTRY_C39,0.059279102611192486,0.0460706816453757,0.059279102611192486,0.2866990268230438,0,value_factor,0.3983577787876129,volatility_factor,0.23209206759929657,quality_factor,0.2048081010580063
2020-12-10,603228.SH,cp,3,cn_a,INDUSTRY_C39,0.05150025642515676,0.04002509845637628,0.05150025642515676,0.2866990268230438,0,value_factor,0.47021976113319397,quality_factor,0.4550234377384186,momentum_factor,0.046462249010801315
2020-12-10,002273.SZ,cp,3,cn_a,INDUSTRY_C39,0.020287963395979085,0.01576745027635946,0.020287963395979085,0.2866990268230438,0,value_factor,0.3416534960269928,quality_factor,0.25757816433906555,momentum_factor,0.20141813158988953
2020-12-10,300735.SZ,cp,3,cn_a,INDUSTRY_C39,0.015912041063864676,0.012366559983029199,0.015912041063864676,0.2866990268230438,0,quality_factor,0.33555367588996887,value_factor,0.28377699851989746,momentum_factor,0.19920703768730164
2020-12-10,600498.SH,cp,3,cn_a,INDUSTRY_C39,0.015042022233799473,0.01169039656658355,0.015042022233799473,0.2866990268230438,0,value_factor,0.2844732701778412,quality_factor,0.2748625576496124,momentum_factor,0.25261190533638
2020-12-10,600884.SH,cp,3,cn_a,INDUSTRY_C39,0.010106903064298692,0.007854908272650896,0.010106903064298692,0.2866990268230438,0,value_factor,0.3036329448223114,quality_factor,0.26200318336486816,momentum_factor,0.25910714268684387
2020-12-10,002841.SZ,cp,3,cn_a,INDUSTRY_C39,0.0022564166424281725,0.0017536475454844047,0.0022564166424281725,0.2866990268230438,2,quality_factor,0.4160647392272949,volatility_factor,0.21819569170475006,value_factor,0.20198503136634827
2020-12-10,300570.SZ,cp,3,cn_a,INDUSTRY_C39,0.001323628913532886,0.0010287012388152175,0.001323628913532886,0.2866990268230438,0,quality_factor,0.3434133529663086,volatility_factor,0.2548227608203888,momentum_factor,0.2174980193376541
2020-12-10,603486.SH,cp,3,cn_a,INDUSTRY_C39,-0.0001073796885676337,-8.345361568015686e-05,-0.0001073796885676337,0.2866990268230438,2,momentum_factor,0.3295082747936249,value_factor,0.32640889286994934,quality_factor,0.17571963369846344
2020-12-10,002138.SZ,cp,3,cn_a,INDUSTRY_C39,-0.0010014772957145095,-0.0007783306364901599,-0.0010014772957145095,0.2866990268230438,2,value_factor,0.356463223695755,momentum_factor,0.3226110637187958,quality_factor,0.174901083111763
2020-12-10,300037.SZ,cp,3,cn_a,INDUSTRY_C39,-0.0023277104408773197,-0.0018090558385751992,-0.0023277104408773197,0.2866990268230438,0,value_factor,0.29580506682395935,momentum_factor,0.2657864987850189,quality_factor,0.2566855251789093
2020-12-10,688100.SH,cp,3,cn_a,INDUSTRY_C39,-0.0028829787866143414,-0.002240600684184496,-0.0028829787866143414,0.2866990268230438,2,value_factor,0.40059465169906616,momentum_factor,0.30047014355659485,quality_factor,0.18730613589286804
2020-12-10,603659.SH,cp,3,cn_a,INDUSTRY_C39,-0.007378847813100012,-0.005734711450284702,-0.007378847813100012,0.2866990268230438,2,value_factor,0.47482433915138245,quality_factor,0.2544139325618744,momentum_factor,0.22240369021892548
2020-12-10,605358.SH,cp,3,cn_a,INDUSTRY_C39,-0.012272411459373812,-0.009537903518450339,-0.012272411459373812,0.2866990268230438,0,value_factor,0.33240756392478943,quality_factor,0.32648470997810364,momentum_factor,0.19488389790058136
2020-12-10,002402.SZ,cp,3,cn_a,INDUSTRY_C39,-0.013814570026180554,-0.010736442181291495,-0.013814570026180554,0.2866990268230438,2,value_factor,0.5490645170211792,quality_factor,0.27597829699516296,volatility_factor,0.16095837950706482
2020-12-10,300136.SZ,cp,3,cn_a,INDUSTRY_C39,-0.018193376626078957,-0.014139574077092154,-0.018193376626078957,0.2866990268230438,2,value_factor,0.4309132993221283,quality_factor,0.2884998619556427,momentum_factor,0.2034439593553543
2020-12-10,300054.SZ,cp,3,cn_a,INDUSTRY_C39,-0.020000827394265255,-0.015544293198381253,-0.020000827394265255,0.2866990268230438,0,quality_factor,0.4432362914085388,value_factor,0.35978999733924866,volatility_factor,0.11210694909095764
2020-12-10,603290.SH,cp,3,cn_a,INDUSTRY_C39,-0.026804476592163565,-0.02083197034624696,-0.026804476592163565,0.2866990268230438,0,momentum_factor,0.3969351053237915,volatility_factor,0.3578931987285614,value_factor,0.17271961271762848
2020-12-10,300627.SZ,cp,3,cn_a,INDUSTRY_C39,-0.031113622943660327,-0.024180963515479853,-0.031113622943660327,0.2866990268230438,0,value_factor,0.39396733045578003,quality_factor,0.27607986330986023,volatility_factor,0.1792983114719391
2020-12-10,300919.SZ,cp,3,cn_a,INDUSTRY_C39,-0.03299778793615951,-0.025645303590027507,-0.03299778793615951,0.2866990268230438,2,value_factor,0.4979678690433502,quality_factor,0.39396849274635315,momentum_factor,0.09332957118749619
2020-12-10,688608.SH,cp,3,cn_a,INDUSTRY_C39,-0.03299778793615951,-0.025645303590027507,-0.03299778793615951,0.2866990268230438,2,value_factor,0.4979678690433502,quality_factor,0.39396849274635315,momentum_factor,0.09332957118749619
2020-12-10,689009.SH,cp,3,cn_a,INDUSTRY_C39,-0.03299778793615951,-0.025645303590027507,-0.03299778793615951,0.2866990268230438,2,value_factor,0.4979678690433502,quality_factor,0.39396849274635315,momentum_factor,0.09332957118749619
2020-12-10,300623.SZ,cp,3,cn_a,INDUSTRY_C39,-0.036687790103665636,-0.02851310872947007,-0.036687790103665636,0.2866990268230438,0,value_factor,0.29382529854774475,momentum_factor,0.24933411180973053,quality_factor,0.23468926548957825
2020-12-10,688027.SH,cp,3,cn_a,INDUSTRY_C39,-0.042460908661233844,-0.03299987548960853,-0.042460908661233844,0.2866990268230438,1,value_factor,0.5180491805076599,quality_factor,0.43817564845085144,volatility_factor,0.04031563550233841
2020-12-10,002465.SZ,cp,3,cn_a,INDUSTRY_C39,-0.04507896202827347,-0.03503458077174809,-0.04507896202827347,0.2866990268230438,0,value_factor,0.475710391998291,quality_factor,0.4242296814918518,momentum_factor,0.07225653529167175
2020-12-10,300679.SZ,cp,3,cn_a,INDUSTRY_C39,-0.04670708609390451,-0.03629993031657572,-0.04670708609390451,0.2866990268230438,1,value_factor,0.48346927762031555,quality_factor,0.34768617153167725,volatility_factor,0.11510571837425232
2020-12-10,300390.SZ,cp,3,cn_a,INDUSTRY_C39,-0.04819933461625292,-0.03745967976588529,-0.04819933461625292,0.2866990268230438,0,value_factor,0.3914468586444855,quality_factor,0.36601391434669495,momentum_factor,0.1302170306444168
2020-12-10,002281.SZ,cp,3,cn_a,INDUSTRY_C39,-0.05044183575927558,-0.03920251242864023,-0.05044183575927558,0.2866990268230438,2,value_factor,0.4756697714328766,quality_factor,0.32612344622612,volatility_factor,0.13216185569763184
2020-12-10,300373.SZ,cp,3,cn_a,INDUSTRY_C39,-0.05699086897545228,-0.0442923064892288,-0.05699086897545228,0.2866990268230438,1,value_factor,0.5138062834739685,quality_factor,0.4411625266075134,momentum_factor,0.025615070015192032
2020-12-10,002436.SZ,cp,3,cn_a,INDUSTRY_C39,-0.05727112953800677,-0.04451012009615685,-0.05727112953800677,0.2866990268230438,1,value_factor,0.44357988238334656,quality_factor,0.42290934920310974,momentum_factor,0.06993962079286575
2020-12-10,688981.SH,cp,3,cn_a,INDUSTRY_C39,-0.05784652973878697,-0.04495731106736134,-0.05784652973878697,0.2866990268230438,2,value_factor,0.5242244601249695,quality_factor,0.41547489166259766,volatility_factor,0.05478380247950554
2020-12-10,300857.SZ,cp,3,cn_a,INDUSTRY_C39,-0.06010912730064056,-0.04671576231530716,-0.06010912730064056,0.2866990268230438,0,value_factor,0.3969849944114685,quality_factor,0.370714008808136,momentum_factor,0.13946300745010376
2020-12-10,002156.SZ,cp,3,cn_a,INDUSTRY_C39,-0.0616776242331248,-0.04793477069524485,-0.0616776242331248,0.2866990268230438,0,momentum_factor,0.2778005301952362,value_factor,0.27752941846847534,volatility_factor,0.2659668028354645
2020-12-10,600171.SH,cp,3,cn_a,INDUSTRY_C39,-0.06539758105635504,-0.05082585606915241,-0.06539758105635504,0.2866990268230438,1,value_factor,0.42830097675323486,quality_factor,0.3523181676864624,volatility_factor,0.11819134652614594
2020-12-10,600764.SH,cp,3,cn_a,INDUSTRY_C39,-0.06564721598268373,-0.05101986796730629,-0.06564721598268373,0.2866990268230438,0,value_factor,0.4732312262058258,quality_factor,0.4230591654777527,momentum_factor,0.07391850650310516
2020-12-10,688002.SH,cp,3,cn_a,INDUSTRY_C39,-0.06576466012870102,-0.05111114350326984,-0.06576466012870102,0.2866990268230438,0,value_factor,0.41070282459259033,quality_factor,0.3843477964401245,momentum_factor,0.1239483505487442
2020-12-10,603160.SH,cp,3,cn_a,INDUSTRY_C39,-0.06954280837745563,-0.054047454235216424,-0.06954280837745563,0.2866990268230438,1,value_factor,0.5103714466094971,quality_factor,0.4347129464149475,volatility_factor,0.046810753643512726
2020-12-10,688019.SH,cp,3,cn_a,INDUSTRY_C39,-0.07842255420546908,-0.060948637369136194,-0.07842255420546908,0.2866990268230438,0,value_factor,0.4758314788341522,quality_factor,0.43826329708099365,momentum_factor,0.05983615666627884
2020-12-10,300458.SZ,cp,3,cn_a,INDUSTRY_C39,-0.07922497938431425,-0.06157226818219491,-0.07922497938431425,0.2866990268230438,2,value_factor,0.522099494934082,quality_factor,0.4080634117126465,volatility_factor,0.03657577559351921
2020-12-10,002414.SZ,cp,3,cn_a,INDUSTRY_C39,-0.08497567880982404,-0.06604161118505075,-0.08497567880982404,0.2866990268230438,0,value_factor,0.3675912916660309,quality_factor,0.32230982184410095,momentum_factor,0.16225124895572662
2020-12-10,002185.SZ,cp,3,cn_a,INDUSTRY_C39,-0.08626088018604856,-0.0670404472140405,-0.08626088018604856,0.2866990268230438,1,value_factor,0.406419575214386,quality_factor,0.37067362666130066,momentum_factor,0.11584817618131638
2020-12-10,603019.SH,cp,3,cn_a,INDUSTRY_C39,-0.09326657842896913,-0.07248515334547612,-0.09326657842896913,0.2866990268230438,1,value_factor,0.46226823329925537,quality_factor,0.35524702072143555,volatility_factor,0.11196717619895935
2020-12-10,688008.SH,cp,3,cn_a,INDUSTRY_C39,-0.09405188740667886,-0.07309548174640723,-0.09405188740667886,0.2866990268230438,1,value_factor,0.5002691745758057,quality_factor,0.42705628275871277,volatility_factor,0.05373787134885788
2020-12-10,300474.SZ,cp,3,cn_a,INDUSTRY_C39,-0.09630152551992326,-0.07484386113757935,-0.09630152551992326,0.2866990268230438,2,value_factor,0.5180917978286743,quality_factor,0.408235102891922,momentum_factor,0.05914027988910675
2020-12-10,600118.SH,cp,3,cn_a,INDUSTRY_C39,-0.0975341021795468,-0.07580179815733301,-0.0975341021795468,0.2866990268230438,1,value_factor,0.4972551465034485,quality_factor,0.4194963574409485,volatility_factor,0.059750981628894806
2020-12-10,600562.SH,cp,3,cn_a,INDUSTRY_C39,-0.10504076840331562,-0.08163584784060285,-0.10504076840331562,0.2866990268230438,2,value_factor,0.5152531862258911,quality_factor,0.3849789500236511,volatility_factor,0.08343476802110672
2020-12-10,300346.SZ,cp,3,cn_a,INDUSTRY_C39,-0.10575437683764997,-0.08219045183340123,-0.10575437683764997,0.2866990268230438,0,value_factor,0.3917849659919739,quality_factor,0.31501254439353943,volatility_factor,0.150433748960495
2020-12-10,603501.SH,cp,3,cn_a,INDUSTRY_C39,-0.11439766156483588,-0.0889078615359114,-0.11439766156483588,0.2866990268230438,1,value_factor,0.5124243497848511,quality_factor,0.4152424931526184,volatility_factor,0.06113192066550255
2020-12-10,300115.SZ,cp,3,cn_a,INDUSTRY_C39,-0.11524407556462726,-0.08956567969116153,-0.11524407556462726,0.2866990268230438,2,value_factor,0.5230584144592285,quality_factor,0.4213154911994934,volatility_factor,0.053402043879032135
2020-12-10,600435.SH,cp,3,cn_a,INDUSTRY_C39,-0.12820894333310523,-0.09964174814067217,-0.12820894333310523,0.2866990268230438,2,value_factor,0.5248467922210693,quality_factor,0.4096733629703522,volatility_factor,0.053188059478998184
2020-12-10,300223.SZ,cp,3,cn_a,INDUSTRY_C39,-0.14349116923931965,-0.11151882679983838,-0.14349116923931965,0.2866990268230438,1,value_factor,0.46583154797554016,quality_factor,0.3500358462333679,volatility_factor,0.11544229090213776
2020-12-11,600707.SH,cp,3,cn_a,INDUSTRY_C39,0.2293702568457388,0.21323359863597446,0.2293702568457388,0.07567597180604935,2,value_factor,0.4651654064655304,quality_factor,0.3830483555793762,volatility_factor,0.09082628786563873
2020-12-11,002429.SZ,cp,3,cn_a,INDUSTRY_C39,0.17396216542714885,0.1617235777238778,0.17396216542714885,0.07567597180604935,2,value_factor,0.46503767371177673,quality_factor,0.3826383352279663,volatility_factor,0.09114815294742584
2020-12-11,600601.SH,cp,3,cn_a,INDUSTRY_C39,0.1640705974204793,0.15252790139155736,0.1640705974204793,0.07567597180604935,0,value_factor,0.2892586290836334,volatility_factor,0.271928608417511,momentum_factor,0.2699410617351532
2020-12-11,600060.SH,cp,3,cn_a,INDUSTRY_C39,0.12394664379381164,0.11522674848282854,0.12394664379381164,0.07567597180604935,2,value_factor,0.44644659757614136,quality_factor,0.32635247707366943,volatility_factor,0.13546046614646912
2020-12-11,300073.SZ,cp,3,cn_a,INDUSTRY_C39,0.10154358092777063,0.09439978608113109,0.10154358092777063,0.07567597180604935,0,value_factor,0.30428311228752136,volatility_factor,0.2622184753417969,momentum_factor,0.2540309727191925
2020-12-11,002583.SZ,cp,3,cn_a,INDUSTRY_C39,0.09601584080221617,0.08926093357468262,0.09601584080221617,0.07567597180604935,1,value_factor,0.45229917764663696,quality_factor,0.38701456785202026,volatility_factor,0.08938705176115036
2020-12-11,600699.SH,cp,3,cn_a,INDUSTRY_C39,0.09106865899652104,0.08466179594436529,0.09106865899652104,0.07567597180604935,2,value_factor,0.4798233211040497,quality_factor,0.36180001497268677,volatility_factor,0.10498074442148209
2020-12-11,603920.SH,cp,3,cn_a,INDUSTRY_C39,0.07850329964593177,0.07298043485890282,0.07850329964593177,0.07567597180604935,2,value_factor,0.4943699240684509,quality_factor,0.42978063225746155,volatility_factor,0.052400365471839905
2020-12-11,600563.SH,cp,3,cn_a,INDUSTRY_C39,0.07794381223164822,0.07246030850782387,0.07794381223164822,0.07567597180604935,0,value_factor,0.37375470995903015,quality_factor,0.3051368296146393,momentum_factor,0.16114626824855804
2020-12-11,002152.SZ,cp,3,cn_a,INDUSTRY_C39,0.07384954339063915,0.06865407970223528,0.07384954339063915,0.07567597180604935,2,value_factor,0.509077250957489,quality_factor,0.4688113331794739,volatility_factor,0.017256833612918854
2020-12-11,601231.SH,cp,3,cn_a,INDUSTRY_C39,0.05724086431958354,0.053213854558776474,0.05724086431958354,0.07567597180604935,1,value_factor,0.42096999287605286,quality_factor,0.34944504499435425,volatility_factor,0.12121104449033737
2020-12-11,002130.SZ,cp,3,cn_a,INDUSTRY_C39,0.057044726790718564,0.05303151569896705,0.057044726790718564,0.07567597180604935,0,value_factor,0.36581575870513916,quality_factor,0.22275830805301666,volatility_factor,0.2225283533334732
2020-12-11,600363.SH,cp,3,cn_a,INDUSTRY_C39,0.05489643969731374,0.05103436491695432,0.05489643969731374,0.07567597180604935,0,volatility_factor,0.3005337715148926,momentum_factor,0.2897041141986847,value_factor,0.277218759059906
2020-12-11,002025.SZ,cp,3,cn_a,INDUSTRY_C39,0.05350884235559059,0.04974438783491124,0.05350884235559059,0.07567597180604935,0,momentum_factor,0.29571282863616943,volatility_factor,0.27750492095947266,value_factor,0.2608567774295807
2020-12-11,603228.SH,cp,3,cn_a,INDUSTRY_C39,0.04622217187251209,0.04297034925402263,0.04622217187251209,0.07567597180604935,0,quality_factor,0.4689781963825226,value_factor,0.46888467669487,momentum_factor,0.0344807468354702
2020-12-11,600498.SH,cp,3,cn_a,INDUSTRY_C39,0.04458386335379574,0.04144729902978711,0.04458386335379574,0.07567597180604935,0,quality_factor,0.34345436096191406,value_factor,0.33079636096954346,momentum_factor,0.1803106665611267
2020-12-11,600884.SH,cp,3,cn_a,INDUSTRY_C39,0.03217967957960628,0.029915774495238384,0.03217967957960628,0.07567597180604935,0,value_factor,0.3555127680301666,quality_factor,0.34695348143577576,momentum_factor,0.1709548681974411
2020-12-11,300735.SZ,cp,3,cn_a,INDUSTRY_C39,0.020255251340290596,0.01883025373019958,0.020255251340290596,0.07567597180604935,0,quality_factor,0.35899418592453003,value_factor,0.3030492067337036,momentum_factor,0.17362624406814575
2020-12-11,002273.SZ,cp,3,cn_a,INDUSTRY_C39,0.015365889108985831,0.014284867951096104,0.015365889108985831,0.07567597180604935,0,value_factor,0.31757330894470215,quality_factor,0.23245353996753693,momentum_factor,0.22896912693977356
2020-12-11,300570.SZ,cp,3,cn_a,INDUSTRY_C39,0.00010514284226717073,9.774583215696464e-05,0.00010514284226717073,0.07567597180604935,0,quality_factor,0.3225387930870056,volatility_factor,0.26049935817718506,momentum_factor,0.2370246946811676
2020-12-11,300037.SZ,cp,3,cn_a,INDUSTRY_C39,-0.008844593609356115,-0.008222358686480163,-0.008844593609356115,0.07567597180604935,0,value_factor,0.34962359070777893,quality_factor,0.3430255055427551,momentum_factor,0.1759158819913864
2020-12-11,002138.SZ,cp,3,cn_a,INDUSTRY_C39,-0.010211494732789131,-0.009493095570753715,-0.010211494732789131,0.07567597180604935,2,value_factor,0.43230605125427246,quality_factor,0.3442898690700531,momentum_factor,0.15383636951446533
2020-12-11,688100.SH,cp,3,cn_a,INDUSTRY_C39,-0.012469443570049919,-0.011592193172710194,-0.012469443570049919,0.07567597180604935,2,value_factor,0.4676170349121094,quality_factor,0.36030998826026917,momentum_factor,0.1307402402162552
2020-12-11,603486.SH,cp,3,cn_a,INDUSTRY_C39,-0.013881892477590396,-0.01290527346300635,-0.013881892477590396,0.07567597180604935,2,value_factor,0.40551143884658813,quality_factor,0.3352114260196686,momentum_factor,0.16864480078220367
2020-12-11,002841.SZ,cp,3,cn_a,INDUSTRY_C39,-0.013925656411468985,-0.012945958516246164,-0.013925656411468985,0.07567597180604935,2,value_factor,0.5241537690162659,volatility_factor,0.2954574525356293,quality_factor,0.10013355314731598
2020-12-11,300054.SZ,cp,3,cn_a,INDUSTRY_C39,-0.014737567281912145,-0.01370074982640586,-0.014737567281912145,0.07567597180604935,0,quality_factor,0.4238661527633667,value_factor,0.34162023663520813,volatility_factor,0.12793907523155212
2020-12-11,603659.SH,cp,3,cn_a,INDUSTRY_C39,-0.014944405941714938,-0.013893036971100711,-0.014944405941714938,0.07567597180604935,2,value_factor,0.5173119902610779,quality_factor,0.3981861174106598,momentum_factor,0.08302070200443268
2020-12-11,603290.SH,cp,3,cn_a,INDUSTRY_C39,-0.016002126645632116,-0.01487634489929352,-0.016002126645632116,0.07567597180604935,0,momentum_factor,0.4551451802253723,volatility_factor,0.41761523485183716,quality_factor,0.07777705788612366
2020-12-11,002402.SZ,cp,3,cn_a,INDUSTRY_C39,-0.016977571712732443,-0.015783165446952407,-0.016977571712732443,0.07567597180604935,2,value_factor,0.46394380927085876,quality_factor,0.3160207271575928,volatility_factor,0.1411115974187851
2020-12-11,605358.SH,cp,3,cn_a,INDUSTRY_C39,-0.017535759602110856,-0.01630208369731312,-0.017535759602110856,0.07567597180604935,0,quality_factor,0.37392526865005493,value_factor,0.3606864809989929,momentum_factor,0.14583100378513336
2020-12-11,300623.SZ,cp,3,cn_a,INDUSTRY_C39,-0.02469681957691257,-0.022959348721443812,-0.02469681957691257,0.07567597180604935,0,momentum_factor,0.29781630635261536,volatility_factor,0.26820430159568787,value_factor,0.2546329200267792
2020-12-11,300627.SZ,cp,3,cn_a,INDUSTRY_C39,-0.026698814334880288,-0.024820499127614026,-0.026698814334880288,0.07567597180604935,0,value_factor,0.37121620774269104,quality_factor,0.2730940580368042,volatility_factor,0.18423326313495636
2020-12-11,300136.SZ,cp,3,cn_a,INDUSTRY_C39,-0.03205996421917088,-0.02980448135083208,-0.03205996421917088,0.07567597180604935,2,value_factor,0.47180458903312683,quality_factor,0.39564988017082214,momentum_factor,0.09847860038280487
2020-12-11,300390.SZ,cp,3,cn_a,INDUSTRY_C39,-0.03537056530648989,-0.032882175003030284,-0.03537056530648989,0.07567597180604935,0,value_factor,0.38317611813545227,quality_factor,0.35778626799583435,momentum_factor,0.1395786851644516
2020-12-11,300919.SZ,cp,3,cn_a,INDUSTRY_C39,-0.03752039947941627,-0.03488076402441326,-0.03752039947941627,0.07567597180604935,2,value_factor,0.5098221302032471,quality_factor,0.44894513487815857,momentum_factor,0.03711526468396187
2020-12-11,688608.SH,cp,3,cn_a,INDUSTRY_C39,-0.03752039947941627,-0.03488076402441326,-0.03752039947941627,0.07567597180604935,2,value_factor,0.5098221302032471,quality_factor,0.44894513487815857,momentum_factor,0.03711526468396187
2020-12-11,689009.SH,cp,3,cn_a,INDUSTRY_C39,-0.03752039947941627,-0.03488076402441326,-0.03752039947941627,0.07567597180604935,2,value_factor,0.5098221302032471,quality_factor,0.44894513487815857,momentum_factor,0.03711526468396187
2020-12-11,688027.SH,cp,3,cn_a,INDUSTRY_C39,-0.040175968486539586,-0.03734950841874812,-0.040175968486539586,0.07567597180604935,1,value_factor,0.4910125136375427,quality_factor,0.44134521484375,volatility_factor,0.044148147106170654
2020-12-11,002156.SZ,cp,3,cn_a,INDUSTRY_C39,-0.0436566382235731,-0.04058530604960724,-0.0436566382235731,0.07567597180604935,0,momentum_factor,0.3307136297225952,volatility_factor,0.3145313858985901,value_factor,0.2340756207704544
2020-12-11,002436.SZ,cp,3,cn_a,INDUSTRY_C39,-0.04488025602210039,-0.041722839878635815,-0.04488025602210039,0.07567597180604935,1,value_factor,0.4398822486400604,quality_factor,0.42592936754226685,momentum_factor,0.07243730872869492
2020-12-11,002465.SZ,cp,3,cn_a,INDUSTRY_C39,-0.04524317214157878,-0.04206022412027019,-0.04524317214157878,0.07567597180604935,0,value_factor,0.4834757149219513,quality_factor,0.4575316607952118,momentum_factor,0.04088696464896202
2020-12-11,300679.SZ,cp,3,cn_a,INDUSTRY_C39,-0.04567451305376142,-0.04246121933302563,-0.04567451305376142,0.07567597180604935,1,value_factor,0.447126179933548,quality_factor,0.3555701673030853,volatility_factor,0.11352339386940002
2020-12-11,002281.SZ,cp,3,cn_a,INDUSTRY_C39,-0.04981635453840598,-0.046311673951230564,-0.04981635453840598,0.07567597180604935,2,value_factor,0.4379962980747223,quality_factor,0.3367728292942047,volatility_factor,0.12866884469985962
2020-12-11,300373.SZ,cp,3,cn_a,INDUSTRY_C39,-0.054853704269252346,-0.05099463601208193,-0.054853704269252346,0.07567597180604935,1,value_factor,0.5070853233337402,quality_factor,0.4628241956233978,volatility_factor,0.02617223560810089
2020-12-11,600171.SH,cp,3,cn_a,INDUSTRY_C39,-0.054929818525815896,-0.05106539547783717,-0.054929818525815896,0.07567597180604935,1,value_factor,0.4119807481765747,quality_factor,0.3506089150905609,volatility_factor,0.12140774726867676
2020-12-11,688981.SH,cp,3,cn_a,INDUSTRY_C39,-0.05750326495417365,-0.053457794781748114,-0.05750326495417365,0.07567597180604935,2,value_factor,0.48895201086997986,quality_factor,0.4212404489517212,volatility_factor,0.059432175010442734
2020-12-11,002414.SZ,cp,3,cn_a,INDUSTRY_C39,-0.062395897734384184,-0.05800622102007365,-0.062395897734384184,0.07567597180604935,0,value_factor,0.3522610366344452,quality_factor,0.3049696087837219,momentum_factor,0.1801299899816513
2020-12-11,603160.SH,cp,3,cn_a,INDUSTRY_C39,-0.06452005992834098,-0.05998094413776417,-0.06452005992834098,0.07567597180604935,1,value_factor,0.4836201071739197,quality_factor,0.4356202781200409,volatility_factor,0.049308422952890396
2020-12-11,002185.SZ,cp,3,cn_a,INDUSTRY_C39,-0.06586029492641737,-0.061226890912153095,-0.06586029492641737,0.07567597180604935,1,value_factor,0.39784327149391174,quality_factor,0.36545124650001526,momentum_factor,0.1247219368815422
2020-12-11,600764.SH,cp,3,cn_a,INDUSTRY_C39,-0.06596085767098128,-0.06132037886567837,-0.06596085767098128,0.07567597180604935,0,value_factor,0.48108288645744324,quality_factor,0.4562108516693115,momentum_factor,0.04265967011451721
2020-12-11,300857.SZ,cp,3,cn_a,INDUSTRY_C39,-0.0686062534314348,-0.06377966572167743,-0.0686062534314348,0.07567597180604935,0,value_factor,0.414101243019104,quality_factor,0.41039925813674927,momentum_factor,0.10008706152439117
2020-12-11,688002.SH,cp,3,cn_a,INDUSTRY_C39,-0.07146289584373894,-0.0664353376033261,-0.07146289584373894,0.07567597180604935,0,value_factor,0.42444631457328796,quality_factor,0.41992318630218506,momentum_factor,0.08905595541000366
2020-12-11,688019.SH,cp,3,cn_a,INDUSTRY_C39,-0.07504704123645613,-0.069767331169683,-0.07504704123645613,0.07567597180604935,0,value_factor,0.47989746928215027,quality_factor,0.46351882815361023,momentum_factor,0.03650839626789093
2020-12-11,300458.SZ,cp,3,cn_a,INDUSTRY_C39,-0.08251639290175779,-0.07671119894474965,-0.08251639290175779,0.07567597180604935,2,value_factor,0.506142258644104,quality_factor,0.4355044364929199,volatility_factor,0.046720895916223526
2020-12-11,300346.SZ,cp,3,cn_a,INDUSTRY_C39,-0.08478356847338703,-0.07881887416178185,-0.08478356847338703,0.07567597180604935,0,value_factor,0.3749551475048065,quality_factor,0.3061903417110443,momentum_factor,0.15982294082641602
2020-12-11,603019.SH,cp,3,cn_a,INDUSTRY_C39,-0.08555118586077243,-0.0795324881243708,-0.08555118586077243,0.07567597180604935,1,value_factor,0.43613240122795105,quality_factor,0.358923077583313,volatility_factor,0.11232061684131622
2020-12-11,688008.SH,cp,3,cn_a,INDUSTRY_C39,-0.08593470960466226,-0.07988903020265331,-0.08593470960466226,0.07567597180604935,1,value_factor,0.4762372076511383,quality_factor,0.4284879267215729,volatility_factor,0.05552045255899429
2020-12-11,600118.SH,cp,3,cn_a,INDUSTRY_C39,-0.08938316895685505,-0.08309488351393285,-0.08938316895685505,0.07567597180604935,1,value_factor,0.4725320339202881,quality_factor,0.42112433910369873,volatility_factor,0.06146875023841858
2020-12-11,300474.SZ,cp,3,cn_a,INDUSTRY_C39,-0.10353983487893721,-0.09625559955778779,-0.10353983487893721,0.07567597180604935,2,value_factor,0.5144122838973999,quality_factor,0.44780364632606506,volatility_factor,0.028543414548039436
2020-12-11,600562.SH,cp,3,cn_a,INDUSTRY_C39,-0.10554835423398712,-0.09812281554253222,-0.10554835423398712,0.07567597180604935,2,value_factor,0.472720742225647,quality_factor,0.39013469219207764,volatility_factor,0.08462823927402496
2020-12-11,603501.SH,cp,3,cn_a,INDUSTRY_C39,-0.10962511913567491,-0.10191277184608366,-0.10962511913567491,0.07567597180604935,1,value_factor,0.47921478748321533,quality_factor,0.41694092750549316,volatility_factor,0.06380466371774673
2020-12-11,300115.SZ,cp,3,cn_a,INDUSTRY_C39,-0.11280384541957204,-0.1048678683521228,-0.11280384541957204,0.07567597180604935,2,value_factor,0.48764634132385254,quality_factor,0.42412951588630676,volatility_factor,0.05742603540420532
2020-12-11,600435.SH,cp,3,cn_a,INDUSTRY_C39,-0.12991905633071751,-0.12077898980346125,-0.12991905633071751,0.07567597180604935,2,value_factor,0.4925021231174469,quality_factor,0.4210350215435028,volatility_factor,0.059164319187402725
2020-12-11,300223.SZ,cp,3,cn_a,INDUSTRY_C39,-0.13382629363848617,-0.12441134511978535,-0.13382629363848617,0.07567597180604935,1,value_factor,0.4372099041938782,quality_factor,0.35489538311958313,volatility_factor,0.11520561575889587
2020-12-14,600707.SH,cp,3,cn_a,INDUSTRY_C39,0.25700579503941906,0.22393305571754807,0.25700579503941906,0.14769035577774048,2,value_factor,0.48788437247276306,quality_factor,0.3873581886291504,volatility_factor,0.08490469306707382
2020-12-14,600601.SH,cp,3,cn_a,INDUSTRY_C39,0.23437758369552916,0.20421675122378147,0.23437758369552916,0.14769035577774048,0,value_factor,0.3669854700565338,quality_factor,0.2830294072628021,volatility_factor,0.1773034632205963
2020-12-14,002429.SZ,cp,3,cn_a,INDUSTRY_C39,0.19491986375039652,0.1698366400764606,0.19491986375039652,0.14769035577774048,2,value_factor,0.4878880977630615,quality_factor,0.38708260655403137,volatility_factor,0.08511039614677429
2020-12-14,300073.SZ,cp,3,cn_a,INDUSTRY_C39,0.1416625895954144,0.12343276759225008,0.1416625895954144,0.14769035577774048,0,value_factor,0.3774707019329071,quality_factor,0.2853059768676758,volatility_factor,0.17435546219348907
2020-12-14,600060.SH,cp,3,cn_a,INDUSTRY_C39,0.1390584260832604,0.12116372034070721,0.1390584260832604,0.14769035577774048,2,value_factor,0.48688462376594543,quality_factor,0.3494068384170532,volatility_factor,0.11341305077075958
2020-12-14,002583.SZ,cp,3,cn_a,INDUSTRY_C39,0.11148993477609925,0.09714287482246364,0.11148993477609925,0.14769035577774048,1,value_factor,0.46840041875839233,quality_factor,0.39129409193992615,volatility_factor,0.08427392691373825
2020-12-14,600563.SH,cp,3,cn_a,INDUSTRY_C39,0.10221681957271432,0.08906306859398408,0.10221681957271432,0.14769035577774048,0,value_factor,0.40649136900901794,quality_factor,0.34836500883102417,volatility_factor,0.12373806536197662
2020-12-14,600699.SH,cp,3,cn_a,INDUSTRY_C39,0.09641231866745831,0.08400551872655837,0.09641231866745831,0.14769035577774048,2,value_factor,0.5202734470367432,quality_factor,0.3699866533279419,volatility_factor,0.0940537080168724
2020-12-14,603920.SH,cp,3,cn_a,INDUSTRY_C39,0.08475791816174698,0.07385086241851757,0.08475791816174698,0.14769035577774048,2,value_factor,0.5091739892959595,quality_factor,0.41843166947364807,volatility_factor,0.05913219600915909
2020-12-14,002025.SZ,cp,3,cn_a,INDUSTRY_C39,0.08066428030182966,0.0702840135276911,0.08066428030182966,0.14769035577774048,0,value_factor,0.34414100646972656,quality_factor,0.28907033801078796,momentum_factor,0.19129161536693573
2020-12-14,002152.SZ,cp,3,cn_a,INDUSTRY_C39,0.0785269522617678,0.06842172711890238,0.0785269522617678,0.14769035577774048,2,value_factor,0.5156968235969543,quality_factor,0.4469176232814789,volatility_factor,0.03488678112626076
2020-12-14,600363.SH,cp,3,cn_a,INDUSTRY_C39,0.07847823386824461,0.06837927804210384,0.07847823386824461,0.14769035577774048,0,value_factor,0.36652064323425293,quality_factor,0.2640253007411957,volatility_factor,0.19157473742961884
2020-12-14,002130.SZ,cp,3,cn_a,INDUSTRY_C39,0.07176818030566424,0.0625327063799101,0.07176818030566424,0.14769035577774048,0,value_factor,0.4262630343437195,quality_factor,0.29581984877586365,volatility_factor,0.16069699823856354
2020-12-14,601231.SH,cp,3,cn_a,INDUSTRY_C39,0.06963665119140504,0.06067547266331716,0.06963665119140504,0.14769035577774048,1,value_factor,0.44376295804977417,quality_factor,0.36966922879219055,volatility_factor,0.1033758670091629
2020-12-14,603228.SH,cp,3,cn_a,INDUSTRY_C39,0.048964589040859555,0.042663590695267734,0.048964589040859555,0.14769035577774048,0,value_factor,0.5047940611839294,quality_factor,0.47814905643463135,momentum_factor,0.015403625555336475
2020-12-14,002273.SZ,cp,3,cn_a,INDUSTRY_C39,0.02160199542524074,0.01882214696531921,0.02160199542524074,0.14769035577774048,0,value_factor,0.3742717504501343,quality_factor,0.31472712755203247,momentum_factor,0.15827438235282898
2020-12-14,600498.SH,cp,3,cn_a,INDUSTRY_C39,0.012707867640371158,0.011072558235217966,0.012707867640371158,0.14769035577774048,0,value_factor,0.3050406277179718,quality_factor,0.2665082514286041,momentum_factor,0.2547728717327118
2020-12-14,600884.SH,cp,3,cn_a,INDUSTRY_C39,0.011938538164821955,0.010402229769329141,0.011938538164821955,0.14769035577774048,0,value_factor,0.3390699326992035,quality_factor,0.2655915915966034,momentum_factor,0.24695439636707306
2020-12-14,300735.SZ,cp,3,cn_a,INDUSTRY_C39,0.008883466409893431,0.007740299312031143,0.008883466409893431,0.14769035577774048,0,quality_factor,0.32260411977767944,value_factor,0.2801893651485443,momentum_factor,0.21154920756816864
2020-12-14,300037.SZ,cp,3,cn_a,INDUSTRY_C39,-0.0028055326106195193,-0.002444503207855289,-0.0028055326106195193,0.14769035577774048,0,value_factor,0.3290073573589325,quality_factor,0.257264107465744,momentum_factor,0.25685766339302063
2020-12-14,002138.SZ,cp,3,cn_a,INDUSTRY_C39,-0.004409408642693733,-0.0038419847735897406,-0.004409408642693733,0.14769035577774048,2,value_factor,0.42538243532180786,momentum_factor,0.2574995160102844,quality_factor,0.2288600355386734
2020-12-14,300570.SZ,cp,3,cn_a,INDUSTRY_C39,-0.004438458955440261,-0.0038672967526518567,-0.004438458955440261,0.14769035577774048,0,volatility_factor,0.3742057681083679,momentum_factor,0.31542062759399414,quality_factor,0.27535971999168396
2020-12-14,603486.SH,cp,3,cn_a,INDUSTRY_C39,-0.004514473462568229,-0.0039335293481364,-0.004514473462568229,0.14769035577774048,2,value_factor,0.39114975929260254,momentum_factor,0.27904021739959717,quality_factor,0.2142920345067978
2020-12-14,688100.SH,cp,3,cn_a,INDUSTRY_C39,-0.006999615262416128,-0.00609887117261157,-0.006999615262416128,0.14769035577774048,2,value_factor,0.46804046630859375,quality_factor,0.25609177350997925,momentum_factor,0.22264240682125092
2020-12-14,002841.SZ,cp,3,cn_a,INDUSTRY_C39,-0.00959856312675463,-0.008363373950934727,-0.00959856312675463,0.14769035577774048,2,value_factor,0.612119734287262,volatility_factor,0.2150743305683136,momentum_factor,0.132956862449646
2020-12-14,605358.SH,cp,3,cn_a,INDUSTRY_C39,-0.011046320245258819,-0.009624826734261072,-0.011046320245258819,0.14769035577774048,0,value_factor,0.3624763786792755,quality_factor,0.33342280983924866,momentum_factor,0.1811349093914032
2020-12-14,603659.SH,cp,3,cn_a,INDUSTRY_C39,-0.011379780651815908,-0.009915375855107517,-0.011379780651815908,0.14769035577774048,2,value_factor,0.5264999866485596,quality_factor,0.3240005671977997,momentum_factor,0.1478670835494995
2020-12-14,300054.SZ,cp,3,cn_a,INDUSTRY_C39,-0.01461456653974098,-0.012733893968148353,-0.01461456653974098,0.14769035577774048,0,quality_factor,0.45881134271621704,value_factor,0.37024325132369995,volatility_factor,0.10247943550348282
2020-12-14,002402.SZ,cp,3,cn_a,INDUSTRY_C39,-0.018030831136391607,-0.015710537238586342,-0.018030831136391607,0.14769035577774048,2,value_factor,0.5181646943092346,quality_factor,0.3377506732940674,volatility_factor,0.11841835826635361
2020-12-14,300136.SZ,cp,3,cn_a,INDUSTRY_C39,-0.02421813255662565,-0.02110162701329754,-0.02421813255662565,0.14769035577774048,2,value_factor,0.4852088987827301,quality_factor,0.3348000645637512,momentum_factor,0.14880159497261047
2020-12-14,603290.SH,cp,3,cn_a,INDUSTRY_C39,-0.029617741281402463,-0.025806388169492277,-0.029617741281402463,0.14769035577774048,0,momentum_factor,0.27950236201286316,value_factor,0.2667334973812103,volatility_factor,0.24405361711978912
2020-12-14,300627.SZ,cp,3,cn_a,INDUSTRY_C39,-0.03441740958095808,-0.029988412114070204,-0.03441740958095808,0.14769035577774048,0,value_factor,0.41457992792129517,quality_factor,0.32832229137420654,volatility_factor,0.13777068257331848
2020-12-14,300919.SZ,cp,3,cn_a,INDUSTRY_C39,-0.036343087268450786,-0.031666284353570495,-0.036343087268450786,0.14769035577774048,2,value_factor,0.5177913904190063,quality_factor,0.41399136185646057,momentum_factor,0.050345972180366516
2020-12-14,688608.SH,cp,3,cn_a,INDUSTRY_C39,-0.036343087268450786,-0.031666284353570495,-0.036343087268450786,0.14769035577774048,2,value_factor,0.5177913904190063,quality_factor,0.41399136185646057,momentum_factor,0.050345972180366516
2020-12-14,689009.SH,cp,3,cn_a,INDUSTRY_C39,-0.036343087268450786,-0.031666284353570495,-0.036343087268450786,0.14769035577774048,2,value_factor,0.5177913904190063,quality_factor,0.41399136185646057,momentum_factor,0.050345972180366516
2020-12-14,300623.SZ,cp,3,cn_a,INDUSTRY_C39,-0.03797887762043974,-0.033091573351345764,-0.03797887762043974,0.14769035577774048,0,value_factor,0.33605048060417175,quality_factor,0.29833972454071045,momentum_factor,0.1960860639810562
2020-12-14,688027.SH,cp,3,cn_a,INDUSTRY_C39,-0.044194433358247964,-0.03850728154242625,-0.044194433358247964,0.14769035577774048,1,value_factor,0.49854132533073425,quality_factor,0.42648449540138245,volatility_factor,0.05437076464295387
2020-12-14,002465.SZ,cp,3,cn_a,INDUSTRY_C39,-0.04556890541936686,-0.039704879941316606,-0.04556890541936686,0.14769035577774048,0,value_factor,0.5100343227386475,quality_factor,0.44805172085762024,momentum_factor,0.037397872656583786
2020-12-14,300390.SZ,cp,3,cn_a,INDUSTRY_C39,-0.04714839558547039,-0.041081113731364534,-0.04714839558547039,0.14769035577774048,0,value_factor,0.3990245461463928,quality_factor,0.37932899594306946,momentum_factor,0.12018448114395142
2020-12-14,300679.SZ,cp,3,cn_a,INDUSTRY_C39,-0.05238755639685162,-0.045646074181802165,-0.05238755639685162,0.14769035577774048,1,value_factor,0.474889874458313,quality_factor,0.37024426460266113,volatility_factor,0.09924978762865067
2020-12-14,002436.SZ,cp,3,cn_a,INDUSTRY_C39,-0.05533077438458683,-0.048210544751562306,-0.05533077438458683,0.14769035577774048,1,value_factor,0.4373379349708557,quality_factor,0.41707122325897217,momentum_factor,0.0769113227725029
2020-12-14,002281.SZ,cp,3,cn_a,INDUSTRY_C39,-0.05758085202964315,-0.0501710716049818,-0.05758085202964315,0.14769035577774048,2,value_factor,0.4706171751022339,quality_factor,0.3584466278553009,volatility_factor,0.10858233273029327
2020-12-14,300857.SZ,cp,3,cn_a,INDUSTRY_C39,-0.05856181209187852,-0.051025797017844765,-0.05856181209187852,0.14769035577774048,0,value_factor,0.43750929832458496,quality_factor,0.3921325206756592,momentum_factor,0.11027909815311432
2020-12-14,300373.SZ,cp,3,cn_a,INDUSTRY_C39,-0.05889320034552365,-0.0513145406403622,-0.05889320034552365,0.14769035577774048,1,value_factor,0.512596070766449,quality_factor,0.4415309727191925,volatility_factor,0.04144640266895294
2020-12-14,688981.SH,cp,3,cn_a,INDUSTRY_C39,-0.06252698279398163,-0.05448071052136111,-0.06252698279398163,0.14769035577774048,2,value_factor,0.505041241645813,quality_factor,0.4125818610191345,volatility_factor,0.06399890780448914
2020-12-14,688002.SH,cp,3,cn_a,INDUSTRY_C39,-0.06398366181850834,-0.055749937097018254,-0.06398366181850834,0.14769035577774048,0,value_factor,0.4513034224510193,quality_factor,0.40726298093795776,momentum_factor,0.0934237465262413
2020-12-14,600764.SH,cp,3,cn_a,INDUSTRY_C39,-0.06624813970762639,-0.05772301110197309,-0.06624813970762639,0.14769035577774048,0,value_factor,0.5096472501754761,quality_factor,0.44842529296875,momentum_factor,0.03923049569129944
2020-12-14,002156.SZ,cp,3,cn_a,INDUSTRY_C39,-0.06734944779515728,-0.05868259757857147,-0.06734944779515728,0.14769035577774048,0,value_factor,0.33454787731170654,quality_factor,0.27014967799186707,momentum_factor,0.20451270043849945
2020-12-14,600171.SH,cp,3,cn_a,INDUSTRY_C39,-0.06830464402335715,-0.059514874571227866,-0.06830464402335715,0.14769035577774048,1,value_factor,0.4326648712158203,quality_factor,0.3716016411781311,volatility_factor,0.10324806720018387
2020-12-14,603160.SH,cp,3,cn_a,INDUSTRY_C39,-0.07200403516564842,-0.06273821030441884,-0.07200403516564842,0.14769035577774048,1,value_factor,0.4903913140296936,quality_factor,0.4226255416870117,volatility_factor,0.058225180953741074
2020-12-14,688019.SH,cp,3,cn_a,INDUSTRY_C39,-0.0773741259627349,-0.06741725204154314,-0.0773741259627349,0.14769035577774048,0,value_factor,0.5082939267158508,quality_factor,0.45986300706863403,momentum_factor,0.026700224727392197
2020-12-14,002185.SZ,cp,3,cn_a,INDUSTRY_C39,-0.08547860563614838,-0.0744788083694457,-0.08547860563614838,0.14769035577774048,1,value_factor,0.41171354055404663,quality_factor,0.3824971616268158,momentum_factor,0.1082039475440979
2020-12-14,002414.SZ,cp,3,cn_a,INDUSTRY_C39,-0.08567526043722855,-0.07465015668678872,-0.08567526043722855,0.14769035577774048,0,value_factor,0.3851400911808014,quality_factor,0.3517780005931854,momentum_factor,0.1393616944551468
2020-12-14,300458.SZ,cp,3,cn_a,INDUSTRY_C39,-0.08673297815412626,-0.0755717622108788,-0.08673297815412626,0.14769035577774048,2,value_factor,0.52325439453125,quality_factor,0.42097190022468567,volatility_factor,0.05418909341096878
2020-12-14,688008.SH,cp,3,cn_a,INDUSTRY_C39,-0.09716114514723312,-0.0846579826205825,-0.09716114514723312,0.14769035577774048,1,value_factor,0.48311200737953186,quality_factor,0.417930543422699,volatility_factor,0.06260161846876144
2020-12-14,603019.SH,cp,3,cn_a,INDUSTRY_C39,-0.10109582520266754,-0.08808632916019721,-0.10109582520266754,0.14769035577774048,1,value_factor,0.4589282274246216,quality_factor,0.37402769923210144,volatility_factor,0.0983147993683815
2020-12-14,600118.SH,cp,3,cn_a,INDUSTRY_C39,-0.10140437307698663,-0.08835517161303308,-0.10140437307698663,0.14769035577774048,1,value_factor,0.48120132088661194,quality_factor,0.4130783975124359,volatility_factor,0.06645816564559937
2020-12-14,300474.SZ,cp,3,cn_a,INDUSTRY_C39,-0.10546680066881169,-0.09189482652287329,-0.10546680066881169,0.14769035577774048,2,value_factor,0.5208419561386108,quality_factor,0.4188828766345978,volatility_factor,0.03901495784521103
2020-12-14,300346.SZ,cp,3,cn_a,INDUSTRY_C39,-0.11097638639052418,-0.0966954123081534,-0.11097638639052418,0.14769035577774048,0,value_factor,0.4073963761329651,quality_factor,0.34882253408432007,volatility_factor,0.12328842282295227
2020-12-14,600562.SH,cp,3,cn_a,INDUSTRY_C39,-0.11666272283298598,-0.10165000368304133,-0.11666272283298598,0.14769035577774048,2,value_factor,0.4955684244632721,quality_factor,0.391643226146698,volatility_factor,0.08078689873218536
2020-12-14,603501.SH,cp,3,cn_a,INDUSTRY_C39,-0.12183733810257893,-0.10615872462182369,-0.12183733810257893,0.14769035577774048,1,value_factor,0.49260804057121277,quality_factor,0.40997132658958435,volatility_factor,0.06742803007364273
2020-12-14,300115.SZ,cp,3,cn_a,INDUSTRY_C39,-0.12338378883943985,-0.1075061706549717,-0.12338378883943985,0.14769035577774048,2,value_factor,0.501684308052063,quality_factor,0.41464921832084656,volatility_factor,0.06285099685192108
2020-12-14,600435.SH,cp,3,cn_a,INDUSTRY_C39,-0.13991785966477074,-0.12191255788370647,-0.13991785966477074,0.14769035577774048,2,value_factor,0.510583221912384,quality_factor,0.41230499744415283,volatility_factor,0.06354790925979614
2020-12-14,300223.SZ,cp,3,cn_a,INDUSTRY_C39,-0.1572294493834268,-0.13699640914251776,-0.1572294493834268,0.14769035577774048,1,value_factor,0.46197372674942017,quality_factor,0.37114569544792175,volatility_factor,0.10010910779237747
2020-12-15,600707.SH,cp,3,cn_a,INDUSTRY_C39,0.2785980314526391,0.2378041885847726,0.2785980314526391,0.17154385149478912,2,value_factor,0.5065993070602417,quality_factor,0.3808070719242096,volatility_factor,0.08758310973644257
2020-12-15,600601.SH,cp,3,cn_a,INDUSTRY_C39,0.2659027746830502,0.22696784053440722,0.2659027746830502,0.17154385149478912,0,value_factor,0.347126305103302,quality_factor,0.24084924161434174,volatility_factor,0.21121448278427124
2020-12-15,002429.SZ,cp,3,cn_a,INDUSTRY_C39,0.2111996463468749,0.18027464252721215,0.2111996463468749,0.17154385149478912,2,value_factor,0.5066199898719788,quality_factor,0.38040971755981445,volatility_factor,0.08787792921066284
2020-12-15,300073.SZ,cp,3,cn_a,INDUSTRY_C39,0.15840156416895512,0.13520754343219654,0.15840156416895512,0.17154385149478912,0,value_factor,0.35919371247291565,quality_factor,0.24165937304496765,volatility_factor,0.20917566120624542
2020-12-15,600060.SH,cp,3,cn_a,INDUSTRY_C39,0.14168558896096117,0.12093921246082018,0.14168558896096117,0.17154385149478912,2,value_factor,0.5073288679122925,quality_factor,0.3226592242717743,volatility_factor,0.13099418580532074
2020-12-15,002583.SZ,cp,3,cn_a,INDUSTRY_C39,0.12585186056089231,0.10742394490915358,0.12585186056089231,0.17154385149478912,1,value_factor,0.47965937852859497,quality_factor,0.38685038685798645,volatility_factor,0.08626119047403336
2020-12-15,600563.SH,cp,3,cn_a,INDUSTRY_C39,0.11992271174135508,0.10236297438945302,0.11992271174135508,0.17154385149478912,0,value_factor,0.4011716842651367,quality_factor,0.3312908411026001,volatility_factor,0.1371421366930008
2020-12-15,002025.SZ,cp,3,cn_a,INDUSTRY_C39,0.09595478695924793,0.08190456384307851,0.09595478695924793,0.17154385149478912,0,value_factor,0.32446056604385376,quality_factor,0.25592291355133057,momentum_factor,0.21698659658432007
2020-12-15,600699.SH,cp,3,cn_a,INDUSTRY_C39,0.09548675897506041,0.08150506706833693,0.09548675897506041,0.17154385149478912,2,value_factor,0.5437666773796082,quality_factor,0.34310686588287354,volatility_factor,0.10010912269353867
2020-12-15,603920.SH,cp,3,cn_a,INDUSTRY_C39,0.09302763599570622,0.07940602228440097,0.09302763599570622,0.17154385149478912,2,value_factor,0.5234874486923218,quality_factor,0.41528329253196716,volatility_factor,0.05053582042455673
2020-12-15,002152.SZ,cp,3,cn_a,INDUSTRY_C39,0.08906296718947207,0.07602188190279835,0.08906296718947207,0.17154385149478912,2,value_factor,0.514093816280365,quality_factor,0.4387742578983307,momentum_factor,0.02819877490401268
2020-12-15,600363.SH,cp,3,cn_a,INDUSTRY_C39,0.0864694103439281,0.07380808779238335,0.0864694103439281,0.17154385149478912,0,value_factor,0.3427846133708954,volatility_factor,0.23497800529003143,momentum_factor,0.21246610581874847
2020-12-15,601231.SH,cp,3,cn_a,INDUSTRY_C39,0.07927882783650549,0.0676703895835567,0.07927882783650549,0.17154385149478912,1,value_factor,0.4475216269493103,quality_factor,0.35787731409072876,volatility_factor,0.1117505431175232
2020-12-15,002130.SZ,cp,3,cn_a,INDUSTRY_C39,0.07477948735454078,0.06382986706837113,0.07477948735454078,0.17154385149478912,0,value_factor,0.420320600271225,quality_factor,0.24562512338161469,volatility_factor,0.19895094633102417
2020-12-15,603228.SH,cp,3,cn_a,INDUSTRY_C39,0.05911457244216151,0.05045869441304271,0.05911457244216151,0.17154385149478912,0,value_factor,0.4848411977291107,quality_factor,0.46113747358322144,momentum_factor,0.03735732659697533
2020-12-15,002273.SZ,cp,3,cn_a,INDUSTRY_C39,0.02541183695811043,0.021690897228393687,0.02541183695811043,0.17154385149478912,0,value_factor,0.3607657253742218,quality_factor,0.287704735994339,momentum_factor,0.17698492109775543
2020-12-15,300735.SZ,cp,3,cn_a,INDUSTRY_C39,0.013082868863448702,0.011167203867922137,0.013082868863448702,0.17154385149478912,0,quality_factor,0.3237914443016052,value_factor,0.2765311896800995,momentum_factor,0.2114284783601761
2020-12-15,600498.SH,cp,3,cn_a,INDUSTRY_C39,0.006321338241275479,0.005395733427829175,0.006321338241275479,0.17154385149478912,0,momentum_factor,0.277606338262558,value_factor,0.27657902240753174,quality_factor,0.24881866574287415
2020-12-15,600884.SH,cp,3,cn_a,INDUSTRY_C39,0.0052859431372750685,0.004511946520622256,0.0052859431372750685,0.17154385149478912,0,value_factor,0.29978910088539124,momentum_factor,0.2841816842556,quality_factor,0.23470532894134521
2020-12-15,603486.SH,cp,3,cn_a,INDUSTRY_C39,0.0020773000835868543,0.0017731304785203739,0.0020773000835868543,0.17154385149478912,2,momentum_factor,0.36661189794540405,value_factor,0.32546722888946533,volatility_factor,0.17395764589309692
2020-12-15,002841.SZ,cp,3,cn_a,INDUSTRY_C39,0.001695313627699772,0.001447076562349603,0.001695313627699772,0.17154385149478912,2,quality_factor,0.34399285912513733,value_factor,0.26762107014656067,momentum_factor,0.20668037235736847
2020-12-15,002138.SZ,cp,3,cn_a,INDUSTRY_C39,9.002839215069659e-05,7.684594407705858e-05,9.002839215069659e-05,0.17154385149478912,2,value_factor,0.35978421568870544,momentum_factor,0.3547963798046112,volatility_factor,0.14792808890342712
2020-12-15,300037.SZ,cp,3,cn_a,INDUSTRY_C39,-0.000779822995342152,-0.0006656370602482614,-0.000779822995342152,0.17154385149478912,0,momentum_factor,0.29294440150260925,value_factor,0.29023346304893494,quality_factor,0.2275240570306778
2020-12-15,300570.SZ,cp,3,cn_a,INDUSTRY_C39,-0.0010810658209325248,-0.0009227702687385764,-0.0010810658209325248,0.17154385149478912,0,quality_factor,0.3310963213443756,volatility_factor,0.2862398028373718,momentum_factor,0.238552987575531
2020-12-15,688100.SH,cp,3,cn_a,INDUSTRY_C39,-0.002299696465806861,-0.0019629623698020904,-0.002299696465806861,0.17154385149478912,2,value_factor,0.4081111550331116,momentum_factor,0.32458874583244324,quality_factor,0.1578286737203598
2020-12-15,603659.SH,cp,3,cn_a,INDUSTRY_C39,-0.008022920305036547,-0.006848160567652278,-0.008022920305036547,0.17154385149478912,2,value_factor,0.48484304547309875,quality_factor,0.23997895419597626,momentum_factor,0.23260752856731415
2020-12-15,605358.SH,cp,3,cn_a,INDUSTRY_C39,-0.011641735747184908,-0.009937089320562115,-0.011641735747184908,0.17154385149478912,0,value_factor,0.33485156297683716,quality_factor,0.3142945468425751,momentum_factor,0.20502638816833496
2020-12-15,002402.SZ,cp,3,cn_a,INDUSTRY_C39,-0.016904480107659565,-0.014429233955778303,-0.016904480107659565,0.17154385149478912,2,value_factor,0.5589415431022644,quality_factor,0.2965778112411499,volatility_factor,0.14370469748973846
2020-12-15,300136.SZ,cp,3,cn_a,INDUSTRY_C39,-0.019349391447687752,-0.016516148046109735,-0.019349391447687752,0.17154385149478912,2,value_factor,0.4417502284049988,quality_factor,0.27476879954338074,momentum_factor,0.21281889081001282
2020-12-15,300054.SZ,cp,3,cn_a,INDUSTRY_C39,-0.021722595928494785,-0.018541854986540873,-0.021722595928494785,0.17154385149478912,0,quality_factor,0.45373860001564026,value_factor,0.3682232201099396,volatility_factor,0.1045815497636795
2020-12-15,603290.SH,cp,3,cn_a,INDUSTRY_C39,-0.03553203202843193,-0.030329238154454895,-0.03553203202843193,0.17154385149478912,0,momentum_factor,0.32537201046943665,volatility_factor,0.2886744737625122,value_factor,0.2300732433795929
2020-12-15,300919.SZ,cp,3,cn_a,INDUSTRY_C39,-0.03787945737550713,-0.03233294068248027,-0.03787945737550713,0.17154385149478912,2,value_factor,0.5102599263191223,quality_factor,0.3928245007991791,momentum_factor,0.09122306853532791
2020-12-15,688608.SH,cp,3,cn_a,INDUSTRY_C39,-0.03787945737550713,-0.03233294068248027,-0.03787945737550713,0.17154385149478912,2,value_factor,0.5102599263191223,quality_factor,0.3928245007991791,momentum_factor,0.09122306853532791
2020-12-15,689009.SH,cp,3,cn_a,INDUSTRY_C39,-0.03787945737550713,-0.03233294068248027,-0.03787945737550713,0.17154385149478912,2,value_factor,0.5102599263191223,quality_factor,0.3928245007991791,momentum_factor,0.09122306853532791
2020-12-15,300627.SZ,cp,3,cn_a,INDUSTRY_C39,-0.03861939532111383,-0.03296453287945528,-0.03861939532111383,0.17154385149478912,0,value_factor,0.40860915184020996,quality_factor,0.3008843660354614,volatility_factor,0.15900467336177826
2020-12-15,300623.SZ,cp,3,cn_a,INDUSTRY_C39,-0.046397030334767525,-0.039603324165548244,-0.046397030334767525,0.17154385149478912,0,value_factor,0.3185320496559143,quality_factor,0.2712849974632263,momentum_factor,0.21834075450897217
2020-12-15,688027.SH,cp,3,cn_a,INDUSTRY_C39,-0.05004813460006392,-0.04271981383606055,-0.05004813460006392,0.17154385149478912,1,value_factor,0.5190860629081726,quality_factor,0.43444961309432983,volatility_factor,0.04597296938300133
2020-12-15,002465.SZ,cp,3,cn_a,INDUSTRY_C39,-0.051590871908623784,-0.044036655135866715,-0.051590871908623784,0.17154385149478912,0,value_factor,0.4895254373550415,quality_factor,0.42664802074432373,momentum_factor,0.06661884486675262
2020-12-15,300679.SZ,cp,3,cn_a,INDUSTRY_C39,-0.05652694968028527,-0.04824996548540822,-0.05652694968028527,0.17154385149478912,1,value_factor,0.48890742659568787,quality_factor,0.3564487099647522,volatility_factor,0.10790513455867767
2020-12-15,300390.SZ,cp,3,cn_a,INDUSTRY_C39,-0.05857906761804453,-0.05000160112520295,-0.05857906761804453,0.17154385149478912,0,value_factor,0.3962339162826538,quality_factor,0.37318605184555054,momentum_factor,0.12419146299362183
2020-12-15,002281.SZ,cp,3,cn_a,INDUSTRY_C39,-0.06140808229286167,-0.05241637604565558,-0.06140808229286167,0.17154385149478912,2,value_factor,0.4831629991531372,quality_factor,0.33902108669281006,volatility_factor,0.12162403017282486
2020-12-15,300857.SZ,cp,3,cn_a,INDUSTRY_C39,-0.06495677227662883,-0.05544544749217123,-0.06495677227662883,0.17154385149478912,0,value_factor,0.4078077971935272,quality_factor,0.3674970269203186,momentum_factor,0.13955914974212646
2020-12-15,300373.SZ,cp,3,cn_a,INDUSTRY_C39,-0.0666517968159793,-0.05689227729606394,-0.0666517968159793,0.17154385149478912,1,value_factor,0.5159669518470764,quality_factor,0.43658187985420227,volatility_factor,0.02740027941763401
2020-12-15,002436.SZ,cp,3,cn_a,INDUSTRY_C39,-0.06831742456325597,-0.058314014746469245,-0.06831742456325597,0.17154385149478912,1,value_factor,0.4417502284049988,quality_factor,0.4198126494884491,momentum_factor,0.07233218848705292
2020-12-15,688981.SH,cp,3,cn_a,INDUSTRY_C39,-0.06848327171707774,-0.05845557765571896,-0.06848327171707774,0.17154385149478912,2,value_factor,0.5251932144165039,quality_factor,0.4128788411617279,volatility_factor,0.05789220705628395
2020-12-15,688002.SH,cp,3,cn_a,INDUSTRY_C39,-0.07219412841282717,-0.0616230704800072,-0.07219412841282717,0.17154385149478912,0,value_factor,0.4226776361465454,quality_factor,0.3831457197666168,momentum_factor,0.12197354435920715
2020-12-15,600764.SH,cp,3,cn_a,INDUSTRY_C39,-0.07504772451061544,-0.06405882747744518,-0.07504772451061544,0.17154385149478912,0,value_factor,0.48707491159439087,quality_factor,0.4254370629787445,momentum_factor,0.0683092549443245
2020-12-15,002156.SZ,cp,3,cn_a,INDUSTRY_C39,-0.07911927613268332,-0.06753420031019064,-0.07911927613268332,0.17154385149478912,0,value_factor,0.3104926347732544,momentum_factor,0.23595976829528809,quality_factor,0.2294740378856659
2020-12-15,600171.SH,cp,3,cn_a,INDUSTRY_C39,-0.07946817714747133,-0.06783201333595199,-0.07946817714747133,0.17154385149478912,1,value_factor,0.43391740322113037,quality_factor,0.36129385232925415,volatility_factor,0.11081012338399887
2020-12-15,603160.SH,cp,3,cn_a,INDUSTRY_C39,-0.08219015083537297,-0.07015542079445225,-0.08219015083537297,0.17154385149478912,1,value_factor,0.5081347823143005,quality_factor,0.42899230122566223,volatility_factor,0.05135568976402283
2020-12-15,688019.SH,cp,3,cn_a,INDUSTRY_C39,-0.08995773972759347,-0.07678563696699042,-0.08995773972759347,0.17154385149478912,0,value_factor,0.48996251821517944,quality_factor,0.442206472158432,momentum_factor,0.05277219042181969
2020-12-15,300458.SZ,cp,3,cn_a,INDUSTRY_C39,-0.09313727422608024,-0.07949960668726275,-0.09313727422608024,0.17154385149478912,2,value_factor,0.5236555933952332,quality_factor,0.40393292903900146,volatility_factor,0.04160309210419655
2020-12-15,002185.SZ,cp,3,cn_a,INDUSTRY_C39,-0.10457365910887381,-0.08926141373670779,-0.10457365910887381,0.17154385149478912,1,value_factor,0.41042086482048035,quality_factor,0.3767537772655487,momentum_factor,0.11079014837741852
2020-12-15,002414.SZ,cp,3,cn_a,INDUSTRY_C39,-0.1045860100659715,-0.08927195619932157,-0.1045860100659715,0.17154385149478912,0,value_factor,0.37801995873451233,quality_factor,0.338189959526062,momentum_factor,0.14905986189842224
2020-12-15,688008.SH,cp,3,cn_a,INDUSTRY_C39,-0.11147392667841764,-0.09515130650385084,-0.11147392667841764,0.17154385149478912,1,value_factor,0.4985487759113312,quality_factor,0.4225741922855377,volatility_factor,0.05729499086737633
2020-12-15,300474.SZ,cp,3,cn_a,INDUSTRY_C39,-0.11217884862151087,-0.09575300993233105,-0.11217884862151087,0.17154385149478912,2,value_factor,0.5203371644020081,quality_factor,0.40228572487831116,momentum_factor,0.05558126047253609
2020-12-15,603019.SH,cp,3,cn_a,INDUSTRY_C39,-0.11289439163124271,-0.09636377923295947,-0.11289439163124271,0.17154385149478912,1,value_factor,0.4671652615070343,quality_factor,0.3630574345588684,volatility_factor,0.1055430918931961
2020-12-15,600118.SH,cp,3,cn_a,INDUSTRY_C39,-0.11584912449184012,-0.09888586399693089,-0.11584912449184012,0.17154385149478912,1,value_factor,0.49618104100227356,quality_factor,0.41617563366889954,volatility_factor,0.062362611293792725
2020-12-15,600562.SH,cp,3,cn_a,INDUSTRY_C39,-0.125606095809859,-0.10721416637304015,-0.125606095809859,0.17154385149478912,2,value_factor,0.5174111127853394,quality_factor,0.38677695393562317,volatility_factor,0.08183354139328003
2020-12-15,300346.SZ,cp,3,cn_a,INDUSTRY_C39,-0.1300942337186978,-0.11104512665694083,-0.1300942337186978,0.17154385149478912,0,value_factor,0.40225815773010254,quality_factor,0.3318336009979248,volatility_factor,0.1366071105003357
2020-12-15,603501.SH,cp,3,cn_a,INDUSTRY_C39,-0.1358240752261779,-0.11593597352797225,-0.1358240752261779,0.17154385149478912,1,value_factor,0.5119362473487854,quality_factor,0.41234540939331055,volatility_factor,0.06335709244012833
2020-12-15,300115.SZ,cp,3,cn_a,INDUSTRY_C39,-0.13639260195065803,-0.11642125346946652,-0.13639260195065803,0.17154385149478912,2,value_factor,0.5241057276725769,quality_factor,0.4186710715293884,volatility_factor,0.05690380185842514
2020-12-15,600435.SH,cp,3,cn_a,INDUSTRY_C39,-0.15167161290868353,-0.1294630283316438,-0.15167161290868353,0.17154385149478912,2,value_factor,0.5258409976959229,quality_factor,0.40690287947654724,volatility_factor,0.056286003440618515
2020-12-15,300223.SZ,cp,3,cn_a,INDUSTRY_C39,-0.17384827973793612,-0.14839246668175565,-0.17384827973793612,0.17154385149478912,1,value_factor,0.47119542956352234,quality_factor,0.3587140142917633,volatility_factor,0.1083136796951294
2020-12-16,600707.SH,cp,3,cn_a,INDUSTRY_C39,0.2551963465082158,0.24796560471740348,0.2551963465082158,0.029160309582948685,2,value_factor,0.49960094690322876,quality_factor,0.3809678852558136,volatility_factor,0.08829379081726074
2020-12-16,600601.SH,cp,3,cn_a,INDUSTRY_C39,0.23260292896354873,0.22601234981876483,0.23260292896354873,0.029160309582948685,0,value_factor,0.3378680944442749,quality_factor,0.22864603996276855,volatility_factor,0.22144244611263275
2020-12-16,002429.SZ,cp,3,cn_a,INDUSTRY_C39,0.19347267047979358,0.1879908093835836,0.19347267047979358,0.029160309582948685,2,value_factor,0.49959179759025574,quality_factor,0.3805633783340454,volatility_factor,0.08859743922948837
2020-12-16,300073.SZ,cp,3,cn_a,INDUSTRY_C39,0.13927491640678918,0.13532869628156474,0.13927491640678918,0.029160309582948685,0,value_factor,0.3501535952091217,quality_factor,0.23050937056541443,volatility_factor,0.21858982741832733
2020-12-16,600060.SH,cp,3,cn_a,INDUSTRY_C39,0.1309735169890143,0.12726250899168134,0.1309735169890143,0.029160309582948685,2,value_factor,0.49621060490608215,quality_factor,0.32227644324302673,volatility_factor,0.13260067999362946
2020-12-16,002583.SZ,cp,3,cn_a,INDUSTRY_C39,0.11388244902889819,0.11065569992100371,0.11388244902889819,0.029160309582948685,1,value_factor,0.47529900074005127,quality_factor,0.3867093026638031,volatility_factor,0.08688447624444962
2020-12-16,600563.SH,cp,3,cn_a,INDUSTRY_C39,0.10586041595650826,0.10286096340116041,0.10586041595650826,0.029160309582948685,0,value_factor,0.39677879214286804,quality_factor,0.3266480267047882,volatility_factor,0.14113685488700867
2020-12-16,600699.SH,cp,3,cn_a,INDUSTRY_C39,0.08972750949666755,0.087185167250862,0.08972750949666755,0.029160309582948685,2,value_factor,0.5427995324134827,quality_factor,0.35318103432655334,volatility_factor,0.10350822657346725
2020-12-16,603920.SH,cp,3,cn_a,INDUSTRY_C39,0.08565226047073098,0.08322538646670474,0.08565226047073098,0.029160309582948685,2,value_factor,0.5226436257362366,quality_factor,0.42114052176475525,volatility_factor,0.050953544676303864
2020-12-16,002025.SZ,cp,3,cn_a,INDUSTRY_C39,0.08290743836831013,0.08055833624525274,0.08290743836831013,0.029160309582948685,0,value_factor,0.31518784165382385,quality_factor,0.2426009476184845,momentum_factor,0.22851480543613434
2020-12-16,002152.SZ,cp,3,cn_a,INDUSTRY_C39,0.08183248533373208,0.07951384096579789,0.08183248533373208,0.029160309582948685,2,value_factor,0.5131344199180603,quality_factor,0.44388440251350403,momentum_factor,0.024920295923948288
2020-12-16,600363.SH,cp,3,cn_a,INDUSTRY_C39,0.0758725698033425,0.07372279388076403,0.0758725698033425,0.029160309582948685,0,value_factor,0.331974059343338,volatility_factor,0.24658119678497314,momentum_factor,0.225468710064888
2020-12-16,601231.SH,cp,3,cn_a,INDUSTRY_C39,0.0710885438151727,0.06907431864445374,0.0710885438151727,0.029160309582948685,1,value_factor,0.44322529435157776,quality_factor,0.3560163080692291,volatility_factor,0.11365282535552979
2020-12-16,002130.SZ,cp,3,cn_a,INDUSTRY_C39,0.06745046930923661,0.06553932546287083,0.06745046930923661,0.029160309582948685,0,value_factor,0.41050052642822266,quality_factor,0.23952385783195496,volatility_factor,0.20468105375766754
2020-12-16,603228.SH,cp,3,cn_a,INDUSTRY_C39,0.0538582640370212,0.05233224218803459,0.0538582640370212,0.029160309582948685,0,value_factor,0.481262743473053,quality_factor,0.4619503617286682,momentum_factor,0.037546977400779724
2020-12-16,002273.SZ,cp,3,cn_a,INDUSTRY_C39,0.022195328780988816,0.021566445595263627,0.022195328780988816,0.029160309582948685,0,value_factor,0.35404253005981445,quality_factor,0.2787341773509979,momentum_factor,0.18516995012760162
2020-12-16,300735.SZ,cp,3,cn_a,INDUSTRY_C39,0.014077939317135175,0.013679054515131739,0.014077939317135175,0.029160309582948685,0,quality_factor,0.33116742968559265,value_factor,0.2819640636444092,momentum_factor,0.20353913307189941
2020-12-16,600498.SH,cp,3,cn_a,INDUSTRY_C39,0.013700216187667378,0.013312033805408463,0.013700216187667378,0.029160309582948685,0,value_factor,0.28773289918899536,quality_factor,0.26920953392982483,momentum_factor,0.25677624344825745
2020-12-16,600884.SH,cp,3,cn_a,INDUSTRY_C39,0.010345481246165293,0.010052352035593681,0.010345481246165293,0.029160309582948685,0,value_factor,0.3110169470310211,momentum_factor,0.2600882053375244,quality_factor,0.2587714195251465
2020-12-16,300570.SZ,cp,3,cn_a,INDUSTRY_C39,-0.0006492407183002299,-0.0006308451101406931,-0.0006492407183002299,0.029160309582948685,0,quality_factor,0.3305114805698395,volatility_factor,0.27891427278518677,momentum_factor,0.2365579456090927
2020-12-16,603486.SH,cp,3,cn_a,INDUSTRY_C39,-0.001084305068499799,-0.0010535823325356353,-0.001084305068499799,0.029160309582948685,2,value_factor,0.3423442244529724,momentum_factor,0.3223830461502075,quality_factor,0.17921403050422668
2020-12-16,002841.SZ,cp,3,cn_a,INDUSTRY_C39,-0.0011932628185453377,-0.001159452870058475,-0.0011932628185453377,0.029160309582948685,2,value_factor,0.3253898620605469,quality_factor,0.2925119400024414,volatility_factor,0.21591684222221375
2020-12-16,002138.SZ,cp,3,cn_a,INDUSTRY_C39,-0.0018782641555282183,-0.001825045356319721,-0.0018782641555282183,0.029160309582948685,2,value_factor,0.3747047781944275,momentum_factor,0.31053757667541504,quality_factor,0.18333792686462402
2020-12-16,300037.SZ,cp,3,cn_a,INDUSTRY_C39,-0.002336381781275938,-0.002270182661984782,-0.002336381781275938,0.029160309582948685,0,value_factor,0.3023807406425476,momentum_factor,0.26780563592910767,quality_factor,0.25251010060310364
2020-12-16,688100.SH,cp,3,cn_a,INDUSTRY_C39,-0.00411252751332523,-0.003996003021641298,-0.00411252751332523,0.029160309582948685,2,value_factor,0.41981199383735657,momentum_factor,0.28311866521835327,quality_factor,0.20144115388393402
2020-12-16,603659.SH,cp,3,cn_a,INDUSTRY_C39,-0.008925552604257299,-0.00867265569916928,-0.008925552604257299,0.029160309582948685,2,value_factor,0.4907081723213196,quality_factor,0.2716130316257477,momentum_factor,0.20319223403930664
2020-12-16,605358.SH,cp,3,cn_a,INDUSTRY_C39,-0.012303151731843922,-0.011954553820457736,-0.012303151731843922,0.029160309582948685,0,value_factor,0.33943140506744385,quality_factor,0.3261881470680237,momentum_factor,0.19336487352848053
2020-12-16,002402.SZ,cp,3,cn_a,INDUSTRY_C39,-0.016024935697539204,-0.015570884635175947,-0.016024935697539204,0.029160309582948685,2,value_factor,0.5405465364456177,quality_factor,0.2994270324707031,volatility_factor,0.14442889392375946
2020-12-16,300054.SZ,cp,3,cn_a,INDUSTRY_C39,-0.019456201879595788,-0.018904929206823625,-0.019456201879595788,0.029160309582948685,0,quality_factor,0.44808685779571533,value_factor,0.36325934529304504,volatility_factor,0.10894900560379028
2020-12-16,300136.SZ,cp,3,cn_a,INDUSTRY_C39,-0.020825247397173445,-0.020235184143059026,-0.020825247397173445,0.029160309582948685,2,value_factor,0.44664862751960754,quality_factor,0.29846125841140747,momentum_factor,0.19065995514392853
2020-12-16,603290.SH,cp,3,cn_a,INDUSTRY_C39,-0.029918737221163998,-0.029071018723178216,-0.029918737221163998,0.029160309582948685,0,momentum_factor,0.35087257623672485,volatility_factor,0.3132663667201996,value_factor,0.20960672199726105
2020-12-16,300627.SZ,cp,3,cn_a,INDUSTRY_C39,-0.03436417563387385,-0.03339049993568094,-0.03436417563387385,0.029160309582948685,0,value_factor,0.40234220027923584,quality_factor,0.2953275144100189,volatility_factor,0.16390563547611237
2020-12-16,300919.SZ,cp,3,cn_a,INDUSTRY_C39,-0.03595850360402802,-0.0349396541639701,-0.03595850360402802,0.029160309582948685,2,value_factor,0.5100538730621338,quality_factor,0.4030267894268036,momentum_factor,0.08226823061704636
2020-12-16,688608.SH,cp,3,cn_a,INDUSTRY_C39,-0.03595850360402802,-0.0349396541639701,-0.03595850360402802,0.029160309582948685,2,value_factor,0.5100538730621338,quality_factor,0.4030267894268036,momentum_factor,0.08226823061704636
2020-12-16,689009.SH,cp,3,cn_a,INDUSTRY_C39,-0.03595850360402802,-0.0349396541639701,-0.03595850360402802,0.029160309582948685,2,value_factor,0.5100538730621338,quality_factor,0.4030267894268036,momentum_factor,0.08226823061704636
2020-12-16,300623.SZ,cp,3,cn_a,INDUSTRY_C39,-0.03988395133834859,-0.03875387813130274,-0.03988395133834859,0.029160309582948685,0,value_factor,0.3096635341644287,quality_factor,0.25845617055892944,momentum_factor,0.22938849031925201
2020-12-16,688027.SH,cp,3,cn_a,INDUSTRY_C39,-0.04570763348606215,-0.04441255187486767,-0.04570763348606215,0.029160309582948685,1,value_factor,0.5147368907928467,quality_factor,0.4360090494155884,volatility_factor,0.045322876423597336
2020-12-16,002465.SZ,cp,3,cn_a,INDUSTRY_C39,-0.04791125665993552,-0.04655373751625852,-0.04791125665993552,0.029160309582948685,0,value_factor,0.4875592589378357,quality_factor,0.4315544366836548,momentum_factor,0.06278572976589203
2020-12-16,300390.SZ,cp,3,cn_a,INDUSTRY_C39,-0.05125726541843734,-0.04980494035103311,-0.05125726541843734,0.029160309582948685,0,value_factor,0.3942623734474182,quality_factor,0.3707585036754608,momentum_factor,0.12654049694538116
2020-12-16,300679.SZ,cp,3,cn_a,INDUSTRY_C39,-0.05158988304097277,-0.05012813357476137,-0.05158988304097277,0.029160309582948685,1,value_factor,0.48178091645240784,quality_factor,0.3557402789592743,volatility_factor,0.10928124934434891
2020-12-16,002281.SZ,cp,3,cn_a,INDUSTRY_C39,-0.056059640745918245,-0.054471245015862646,-0.056059640745918245,0.029160309582948685,2,value_factor,0.47533056139945984,quality_factor,0.33782726526260376,volatility_factor,0.12344711273908615
2020-12-16,002436.SZ,cp,3,cn_a,INDUSTRY_C39,-0.060518773015607465,-0.0588040320831445,-0.060518773015607465,0.029160309582948685,1,value_factor,0.4416200518608093,quality_factor,0.42085254192352295,momentum_factor,0.07218494266271591
2020-12-16,300373.SZ,cp,3,cn_a,INDUSTRY_C39,-0.06115007105913344,-0.059417442906856244,-0.06115007105913344,0.029160309582948685,1,value_factor,0.515052080154419,quality_factor,0.4416036903858185,volatility_factor,0.02669844962656498
2020-12-16,300857.SZ,cp,3,cn_a,INDUSTRY_C39,-0.06269525842210157,-0.06091884887956184,-0.06269525842210157,0.029160309582948685,0,value_factor,0.40812572836875916,quality_factor,0.3752387762069702,momentum_factor,0.1326436996459961
2020-12-16,688981.SH,cp,3,cn_a,INDUSTRY_C39,-0.06298891339620277,-0.06120418342383571,-0.06298891339620277,0.029160309582948685,2,value_factor,0.5227320194244385,quality_factor,0.41732853651046753,volatility_factor,0.05834755301475525
2020-12-16,002156.SZ,cp,3,cn_a,INDUSTRY_C39,-0.068232055762836,-0.06629876641983401,-0.068232055762836,0.029160309582948685,0,value_factor,0.2994115352630615,momentum_factor,0.24976231157779694,volatility_factor,0.23737603425979614
2020-12-16,688002.SH,cp,3,cn_a,INDUSTRY_C39,-0.06872947074507432,-0.0667820876293806,-0.06872947074507432,0.029160309582948685,0,value_factor,0.42211899161338806,quality_factor,0.389571875333786,momentum_factor,0.11644181609153748
2020-12-16,600764.SH,cp,3,cn_a,INDUSTRY_C39,-0.0697271601030325,-0.06775150842380506,-0.0697271601030325,0.029160309582948685,0,value_factor,0.48511379957199097,quality_factor,0.4303354024887085,momentum_factor,0.06448196619749069
2020-12-16,600171.SH,cp,3,cn_a,INDUSTRY_C39,-0.0708084748993415,-0.06880218521062187,-0.0708084748993415,0.029160309582948685,1,value_factor,0.43043041229248047,quality_factor,0.35918426513671875,volatility_factor,0.11280225217342377
2020-12-16,603160.SH,cp,3,cn_a,INDUSTRY_C39,-0.07478169944800656,-0.07266283228244835,-0.07478169944800656,0.029160309582948685,1,value_factor,0.5044091939926147,quality_factor,0.4304192066192627,volatility_factor,0.05073064938187599
2020-12-16,688019.SH,cp,3,cn_a,INDUSTRY_C39,-0.0828250313582233,-0.08047826415813736,-0.0828250313582233,0.029160309582948685,0,value_factor,0.4873349666595459,quality_factor,0.4453797936439514,momentum_factor,0.05063678324222565
2020-12-16,300458.SZ,cp,3,cn_a,INDUSTRY_C39,-0.08649422442385288,-0.08404349418510582,-0.08649422442385288,0.029160309582948685,2,value_factor,0.5226652026176453,quality_factor,0.41102293133735657,volatility_factor,0.04228038713335991
2020-12-16,002414.SZ,cp,3,cn_a,INDUSTRY_C39,-0.09129873684239315,-0.08871187538858538,-0.09129873684239315,0.029160309582948685,0,value_factor,0.3741030693054199,quality_factor,0.3329770863056183,momentum_factor,0.15382501482963562
2020-12-16,002185.SZ,cp,3,cn_a,INDUSTRY_C39,-0.09201625083876665,-0.08940905931946203,-0.09201625083876665,0.029160309582948685,1,value_factor,0.40850433707237244,quality_factor,0.3748653829097748,momentum_factor,0.11295483261346817
2020-12-16,688008.SH,cp,3,cn_a,INDUSTRY_C39,-0.10111855275551064,-0.09825345631020477,-0.10111855275551064,0.029160309582948685,1,value_factor,0.49518993496894836,quality_factor,0.42379212379455566,volatility_factor,0.056782737374305725
2020-12-16,603019.SH,cp,3,cn_a,INDUSTRY_C39,-0.10199472787968698,-0.09910480585919895,-0.10199472787968698,0.029160309582948685,1,value_factor,0.46207818388938904,quality_factor,0.3619127571582794,volatility_factor,0.10700342804193497
2020-12-16,300474.SZ,cp,3,cn_a,INDUSTRY_C39,-0.10500109895960269,-0.10202599432069681,-0.10500109895960269,0.029160309582948685,2,value_factor,0.5192012190818787,quality_factor,0.41025465726852417,momentum_factor,0.048113200813531876
2020-12-16,600118.SH,cp,3,cn_a,INDUSTRY_C39,-0.10508624720327367,-0.10210872997119258,-0.10508624720327367,0.029160309582948685,1,value_factor,0.49256783723831177,quality_factor,0.41716644167900085,volatility_factor,0.06205042824149132
2020-12-16,300346.SZ,cp,3,cn_a,INDUSTRY_C39,-0.1148832168596505,-0.11162811196267153,-0.1148832168596505,0.029160309582948685,0,value_factor,0.3978797495365143,quality_factor,0.32726266980171204,volatility_factor,0.1405462771654129
2020-12-16,600562.SH,cp,3,cn_a,INDUSTRY_C39,-0.11546826664491004,-0.1121965849278086,-0.11546826664491004,0.029160309582948685,2,value_factor,0.5097887516021729,quality_factor,0.3872224688529968,volatility_factor,0.08240536600351334
2020-12-16,603501.SH,cp,3,cn_a,INDUSTRY_C39,-0.12409348715682403,-0.1205774181541528,-0.12409348715682403,0.029160309582948685,1,value_factor,0.5066737532615662,quality_factor,0.4132795035839081,volatility_factor,0.06328317523002625
2020-12-16,300115.SZ,cp,3,cn_a,INDUSTRY_C39,-0.12513730927024574,-0.12159166457700932,-0.12513730927024574,0.029160309582948685,2,value_factor,0.518428385257721,quality_factor,0.42007559537887573,volatility_factor,0.056803617626428604
2020-12-16,600435.SH,cp,3,cn_a,INDUSTRY_C39,-0.1399797173530771,-0.1360135273743408,-0.1399797173530771,0.029160309582948685,2,value_factor,0.5249954462051392,quality_factor,0.4132075011730194,volatility_factor,0.057082612067461014
2020-12-16,300223.SZ,cp,3,cn_a,INDUSTRY_C39,-0.1574360409032116,-0.15297524287097075,-0.1574360409032116,0.029160309582948685,1,value_factor,0.4655553102493286,quality_factor,0.35755521059036255,volatility_factor,0.109850212931633
2020-12-17,600707.SH,cp,3,cn_a,INDUSTRY_C39,0.23724714193825433,0.22195302018753238,0.23724714193825433,0.06890706717967987,2,value_factor,0.5019749402999878,quality_factor,0.3811379075050354,volatility_factor,0.08788471668958664
2020-12-17,600601.SH,cp,3,cn_a,INDUSTRY_C39,0.2203310250460221,0.2061273996830989,0.2203310250460221,0.06890706717967987,0,value_factor,0.34272921085357666,quality_factor,0.23563002049922943,volatility_factor,0.2156408578157425
2020-12-17,002429.SZ,cp,3,cn_a,INDUSTRY_C39,0.1798623639238144,0.16826754819811263,0.1798623639238144,0.06890706717967987,2,value_factor,0.5019778609275818,quality_factor,0.3807411193847656,volatility_factor,0.08818119764328003
2020-12-17,300073.SZ,cp,3,cn_a,INDUSTRY_C39,0.13169467944284435,0.12320499040016092,0.13169467944284435,0.06890706717967987,0,value_factor,0.3548586070537567,quality_factor,0.2370813637971878,volatility_factor,0.21311494708061218
2020-12-17,600060.SH,cp,3,cn_a,INDUSTRY_C39,0.12156092936787487,0.11372451187220256,0.12156092936787487,0.06890706717967987,2,value_factor,0.5002706050872803,quality_factor,0.3234797716140747,volatility_factor,0.13121841847896576
2020-12-17,002583.SZ,cp,3,cn_a,INDUSTRY_C39,0.10628491102579073,0.09943326107033562,0.10628491102579073,0.06890706717967987,1,value_factor,0.47681549191474915,quality_factor,0.3869291841983795,volatility_factor,0.08653992414474487
2020-12-17,600563.SH,cp,3,cn_a,INDUSTRY_C39,0.09975169784633595,0.09332121105842706,0.09975169784633595,0.06890706717967987,0,value_factor,0.39891770482063293,quality_factor,0.32930606603622437,volatility_factor,0.1388944834470749
2020-12-17,600699.SH,cp,3,cn_a,INDUSTRY_C39,0.08277907475788297,0.07744272702607902,0.08277907475788297,0.06890706717967987,2,value_factor,0.5429718494415283,quality_factor,0.3502393066883087,volatility_factor,0.10190567374229431
2020-12-17,603920.SH,cp,3,cn_a,INDUSTRY_C39,0.07941363461926546,0.07429423976960908,0.07941363461926546,0.06890706717967987,2,value_factor,0.5229975581169128,quality_factor,0.4190825819969177,volatility_factor,0.05112507566809654
2020-12-17,002025.SZ,cp,3,cn_a,INDUSTRY_C39,0.07883789803096278,0.0737556180034531,0.07883789803096278,0.06890706717967987,0,value_factor,0.3200417160987854,quality_factor,0.2497432827949524,momentum_factor,0.22243770956993103
2020-12-17,002152.SZ,cp,3,cn_a,INDUSTRY_C39,0.07585184907383116,0.07096206450034837,0.07585184907383116,0.06890706717967987,2,value_factor,0.5136066675186157,quality_factor,0.4419269561767578,momentum_factor,0.025491371750831604
2020-12-17,600363.SH,cp,3,cn_a,INDUSTRY_C39,0.0718477666833452,0.06721610502371378,0.0718477666833452,0.06890706717967987,0,value_factor,0.337691068649292,volatility_factor,0.23978182673454285,momentum_factor,0.21836909651756287
2020-12-17,601231.SH,cp,3,cn_a,INDUSTRY_C39,0.06659255116811169,0.06229966663877415,0.06659255116811169,0.06890706717967987,1,value_factor,0.4449893832206726,quality_factor,0.357255756855011,volatility_factor,0.11251617968082428
2020-12-17,002130.SZ,cp,3,cn_a,INDUSTRY_C39,0.06322661750062902,0.059150717668745634,0.06322661750062902,0.06890706717967987,0,value_factor,0.4150691330432892,quality_factor,0.2441501021385193,volatility_factor,0.20067788660526276
2020-12-17,603228.SH,cp,3,cn_a,INDUSTRY_C39,0.04999978754252109,0.04677655445343895,0.04999978754252109,0.06890706717967987,0,value_factor,0.4834713637828827,quality_factor,0.46216335892677307,momentum_factor,0.036798931658267975
2020-12-17,002273.SZ,cp,3,cn_a,INDUSTRY_C39,0.021011795320615652,0.01965727128627183,0.021011795320615652,0.06890706717967987,0,value_factor,0.357521116733551,quality_factor,0.2836889326572418,momentum_factor,0.18085607886314392
2020-12-17,300735.SZ,cp,3,cn_a,INDUSTRY_C39,0.012128506498845996,0.011346643107226932,0.012128506498845996,0.06890706717967987,0,quality_factor,0.3280278146266937,value_factor,0.2797694504261017,momentum_factor,0.20686735212802887
2020-12-17,600498.SH,cp,3,cn_a,INDUSTRY_C39,0.009753538223617774,0.009124777009157481,0.009753538223617774,0.06890706717967987,0,value_factor,0.2838440537452698,momentum_factor,0.26488006114959717,quality_factor,0.26114723086357117
2020-12-17,600884.SH,cp,3,cn_a,INDUSTRY_C39,0.007619403925624023,0.007128219541465031,0.007619403925624023,0.06890706717967987,0,value_factor,0.30743664503097534,momentum_factor,0.269131064414978,quality_factor,0.2495567798614502
2020-12-17,603486.SH,cp,3,cn_a,INDUSTRY_C39,-1.1348082765710085e-05,-1.0616529339868563e-05,-1.1348082765710085e-05,0.06890706717967987,2,momentum_factor,0.33807674050331116,value_factor,0.33739030361175537,quality_factor,0.16286061704158783
2020-12-17,002841.SZ,cp,3,cn_a,INDUSTRY_C39,-0.0003708610830321964,-0.00034695354715985616,-0.0003708610830321964,0.06890706717967987,2,value_factor,0.31140047311782837,quality_factor,0.30399322509765625,volatility_factor,0.20216405391693115
2020-12-17,300570.SZ,cp,3,cn_a,INDUSTRY_C39,-0.0008587749642232948,-0.0008034140913714682,-0.0008587749642232948,0.06890706717967987,0,quality_factor,0.3295806050300598,volatility_factor,0.2838192880153656,momentum_factor,0.23900878429412842
2020-12-17,002138.SZ,cp,3,cn_a,INDUSTRY_C39,-0.001101121355085355,-0.0010301376377288007,-0.001101121355085355,0.06890706717967987,2,value_factor,0.3706200122833252,momentum_factor,0.3258833885192871,quality_factor,0.16712898015975952
2020-12-17,300037.SZ,cp,3,cn_a,INDUSTRY_C39,-0.0015832134849572256,-0.0014811517294456567,-0.0015832134849572256,0.06890706717967987,0,value_factor,0.29839953780174255,momentum_factor,0.2773129343986511,quality_factor,0.24288460612297058
2020-12-17,688100.SH,cp,3,cn_a,INDUSTRY_C39,-0.00317289495184291,-0.0029683544827806274,-0.00317289495184291,0.06890706717967987,2,value_factor,0.41693833470344543,momentum_factor,0.2971091866493225,quality_factor,0.18641945719718933
2020-12-17,603659.SH,cp,3,cn_a,INDUSTRY_C39,-0.0077915404466262425,-0.0072892592927087385,-0.0077915404466262425,0.06890706717967987,2,value_factor,0.48967668414115906,quality_factor,0.2610718011856079,momentum_factor,0.2127600908279419
2020-12-17,605358.SH,cp,3,cn_a,INDUSTRY_C39,-0.010781701561524063,-0.010086659863593667,-0.010781701561524063,0.06890706717967987,0,value_factor,0.338274747133255,quality_factor,0.32169362902641296,momentum_factor,0.19762614369392395
2020-12-17,002402.SZ,cp,3,cn_a,INDUSTRY_C39,-0.014760630978543018,-0.013809087851578528,-0.014760630978543018,0.06890706717967987,2,value_factor,0.5471475720405579,quality_factor,0.3000794053077698,volatility_factor,0.14315706491470337
2020-12-17,300054.SZ,cp,3,cn_a,INDUSTRY_C39,-0.018083633919814754,-0.016917873621900975,-0.018083633919814754,0.06890706717967987,0,quality_factor,0.45064282417297363,value_factor,0.3654402196407318,volatility_factor,0.10702162235975266
2020-12-17,300136.SZ,cp,3,cn_a,INDUSTRY_C39,-0.018315329903827133,-0.0171346333392014,-0.018315329903827133,0.06890706717967987,2,value_factor,0.4459967613220215,quality_factor,0.2903416156768799,momentum_factor,0.197993665933609
2020-12-17,603290.SH,cp,3,cn_a,INDUSTRY_C39,-0.028776126421105528,-0.0269210752815934,-0.028776126421105528,0.06890706717967987,0,momentum_factor,0.33764174580574036,volatility_factor,0.3004935085773468,value_factor,0.22022031247615814
2020-12-17,300627.SZ,cp,3,cn_a,INDUSTRY_C39,-0.03231739137046139,-0.030234052813682466,-0.03231739137046139,0.06890706717967987,0,value_factor,0.40533873438835144,quality_factor,0.29878324270248413,volatility_factor,0.16096477210521698
2020-12-17,300919.SZ,cp,3,cn_a,INDUSTRY_C39,-0.0329641309388464,-0.030839100357375082,-0.0329641309388464,0.06890706717967987,2,value_factor,0.51102215051651,quality_factor,0.39981549978256226,momentum_factor,0.08485779166221619
2020-12-17,688608.SH,cp,3,cn_a,INDUSTRY_C39,-0.0329641309388464,-0.030839100357375082,-0.0329641309388464,0.06890706717967987,2,value_factor,0.51102215051651,quality_factor,0.39981549978256226,momentum_factor,0.08485779166221619
2020-12-17,689009.SH,cp,3,cn_a,INDUSTRY_C39,-0.0329641309388464,-0.030839100357375082,-0.0329641309388464,0.06890706717967987,2,value_factor,0.51102215051651,quality_factor,0.39981549978256226,momentum_factor,0.08485779166221619
2020-12-17,300623.SZ,cp,3,cn_a,INDUSTRY_C39,-0.0379789294533524,-0.03553062020808097,-0.0379789294533524,0.06890706717967987,0,value_factor,0.31425365805625916,quality_factor,0.265154093503952,momentum_factor,0.2236558049917221
2020-12-17,688027.SH,cp,3,cn_a,INDUSTRY_C39,-0.04248142906414004,-0.039742866470957317,-0.04248142906414004,0.06890706717967987,1,value_factor,0.5159143805503845,quality_factor,0.43504664301872253,volatility_factor,0.045902982354164124
2020-12-17,002465.SZ,cp,3,cn_a,INDUSTRY_C39,-0.044207022752097494,-0.04135721987277144,-0.044207022752097494,0.06890706717967987,0,value_factor,0.48919907212257385,quality_factor,0.43023112416267395,momentum_factor,0.06353822350502014
2020-12-17,300679.SZ,cp,3,cn_a,INDUSTRY_C39,-0.04804630670318346,-0.04494900463080587,-0.04804630670318346,0.06890706717967987,1,value_factor,0.48438704013824463,quality_factor,0.35656026005744934,volatility_factor,0.10835842043161392
2020-12-17,300390.SZ,cp,3,cn_a,INDUSTRY_C39,-0.048395020961098364,-0.04527523904650564,-0.048395020961098364,0.06890706717967987,0,value_factor,0.3952336609363556,quality_factor,0.37204381823539734,momentum_factor,0.1253606528043747
2020-12-17,002281.SZ,cp,3,cn_a,INDUSTRY_C39,-0.0522256265121672,-0.048858904857022045,-0.0522256265121672,0.06890706717967987,2,value_factor,0.4782966375350952,quality_factor,0.33907613158226013,volatility_factor,0.1221606582403183
2020-12-17,300373.SZ,cp,3,cn_a,INDUSTRY_C39,-0.05672187613984706,-0.0530653040415498,-0.05672187613984706,0.06890706717967987,1,value_factor,0.5154923796653748,quality_factor,0.4397091865539551,volatility_factor,0.027490118518471718
2020-12-17,002436.SZ,cp,3,cn_a,INDUSTRY_C39,-0.05683927972094145,-0.05317513920833766,-0.05683927972094145,0.06890706717967987,1,value_factor,0.4415322542190552,quality_factor,0.4203014075756073,momentum_factor,0.07240115106105804
2020-12-17,300857.SZ,cp,3,cn_a,INDUSTRY_C39,-0.0569406084347546,-0.053269935773129995,-0.0569406084347546,0.06890706717967987,0,value_factor,0.4088732898235321,quality_factor,0.37265995144844055,momentum_factor,0.13473083078861237
2020-12-17,688981.SH,cp,3,cn_a,INDUSTRY_C39,-0.05843168961287589,-0.05466489449897605,-0.05843168961287589,0.06890706717967987,2,value_factor,0.5247175693511963,quality_factor,0.4166679382324219,volatility_factor,0.058551251888275146
2020-12-17,688002.SH,cp,3,cn_a,INDUSTRY_C39,-0.0627499170891065,-0.0587047477186014,-0.0627499170891065,0.06890706717967987,0,value_factor,0.42321527004241943,quality_factor,0.38753822445869446,momentum_factor,0.11795927584171295
2020-12-17,600764.SH,cp,3,cn_a,INDUSTRY_C39,-0.06432208691773313,-0.06017556772031174,-0.06432208691773313,0.06890706717967987,0,value_factor,0.4867551624774933,quality_factor,0.4290125370025635,momentum_factor,0.06523366272449493
2020-12-17,002156.SZ,cp,3,cn_a,INDUSTRY_C39,-0.06496645726336742,-0.060778398773045916,-0.06496645726336742,0.06890706717967987,0,value_factor,0.30524948239326477,momentum_factor,0.24243846535682678,volatility_factor,0.23021304607391357
2020-12-17,600171.SH,cp,3,cn_a,INDUSTRY_C39,-0.0664655398623485,-0.0621808431086705,-0.0664655398623485,0.06890706717967987,1,value_factor,0.43193066120147705,quality_factor,0.3604770302772522,volatility_factor,0.11165706813335419
2020-12-17,603160.SH,cp,3,cn_a,INDUSTRY_C39,-0.06959786627195874,-0.06511124429768506,-0.06959786627195874,0.06890706717967987,1,value_factor,0.5054190754890442,quality_factor,0.4295712113380432,volatility_factor,0.05124508962035179
2020-12-17,688019.SH,cp,3,cn_a,INDUSTRY_C39,-0.0766372731224439,-0.07169685623816785,-0.0766372731224439,0.06890706717967987,0,value_factor,0.4892056882381439,quality_factor,0.44470149278640747,momentum_factor,0.050761379301548004
2020-12-17,300458.SZ,cp,3,cn_a,INDUSTRY_C39,-0.07995835475944477,-0.07480384456097572,-0.07995835475944477,0.06890706717967987,2,value_factor,0.5230833888053894,quality_factor,0.4085237979888916,volatility_factor,0.04242454096674919
2020-12-17,002414.SZ,cp,3,cn_a,INDUSTRY_C39,-0.08634181579300616,-0.08077579618944727,-0.08634181579300616,0.06890706717967987,0,value_factor,0.37609273195266724,quality_factor,0.33576327562332153,momentum_factor,0.1513696312904358
2020-12-17,002185.SZ,cp,3,cn_a,INDUSTRY_C39,-0.0867062639896588,-0.0811167502565357,-0.0867062639896588,0.06890706717967987,1,value_factor,0.4094001352787018,quality_factor,0.37589725852012634,momentum_factor,0.11190546303987503
2020-12-17,688008.SH,cp,3,cn_a,INDUSTRY_C39,-0.09421748475460194,-0.08814376065781726,-0.09421748475460194,0.06890706717967987,1,value_factor,0.4961239993572235,quality_factor,0.4230957627296448,volatility_factor,0.05719275400042534
2020-12-17,603019.SH,cp,3,cn_a,INDUSTRY_C39,-0.095293700841831,-0.08915059854418078,-0.095293700841831,0.06890706717967987,1,value_factor,0.4640212059020996,quality_factor,0.36281076073646545,volatility_factor,0.10610096156597137
2020-12-17,300474.SZ,cp,3,cn_a,INDUSTRY_C39,-0.0967702046648371,-0.09053191964317187,-0.0967702046648371,0.06890706717967987,2,value_factor,0.5197128653526306,quality_factor,0.40736374258995056,momentum_factor,0.05017148330807686
2020-12-17,600118.SH,cp,3,cn_a,INDUSTRY_C39,-0.09792938806974451,-0.09161637636441416,-0.09792938806974451,0.06890706717967987,1,value_factor,0.49362751841545105,quality_factor,0.41662317514419556,volatility_factor,0.06233100965619087
2020-12-17,600562.SH,cp,3,cn_a,INDUSTRY_C39,-0.10720577748104294,-0.10029476392875913,-0.10720577748104294,0.06890706717967987,2,value_factor,0.512311577796936,quality_factor,0.3872073292732239,volatility_factor,0.08211713284254074
2020-12-17,300346.SZ,cp,3,cn_a,INDUSTRY_C39,-0.10823842892925799,-0.1012608455677616,-0.10823842892925799,0.06890706717967987,0,value_factor,0.4000056982040405,quality_factor,0.3298858106136322,volatility_factor,0.13833165168762207
2020-12-17,603501.SH,cp,3,cn_a,INDUSTRY_C39,-0.1153789719821294,-0.1079410739718466,-0.1153789719821294,0.06890706717967987,1,value_factor,0.508284330368042,quality_factor,0.4127860367298126,volatility_factor,0.06346110254526138
2020-12-17,300115.SZ,cp,3,cn_a,INDUSTRY_C39,-0.1161713297140336,-0.10868235241350999,-0.1161713297140336,0.06890706717967987,2,value_factor,0.5202344059944153,quality_factor,0.41942498087882996,volatility_factor,0.057075854390859604
2020-12-17,600435.SH,cp,3,cn_a,INDUSTRY_C39,-0.1297081209056987,-0.12134649523138219,-0.1297081209056987,0.06890706717967987,2,value_factor,0.5253296494483948,quality_factor,0.4110412001609802,volatility_factor,0.05705087259411812
2020-12-17,300223.SZ,cp,3,cn_a,INDUSTRY_C39,-0.14699190917387978,-0.13751608520015424,-0.14699190917387978,0.06890706717967987,1,value_factor,0.4677014648914337,quality_factor,0.3585151731967926,volatility_factor,0.10887730866670609
2020-12-18,600707.SH,cp,3,cn_a,INDUSTRY_C39,0.19320989394416058,0.1835527601983722,0.19320989394416058,0.05261235684156418,2,value_factor,0.5077093243598938,quality_factor,0.37678366899490356,volatility_factor,0.09046106040477753
2020-12-18,600601.SH,cp,3,cn_a,INDUSTRY_C39,0.17658342422967752,0.16775732474655203,0.17658342422967752,0.05261235684156418,0,value_factor,0.3195214569568634,volatility_factor,0.24951297044754028,momentum_factor,0.23693214356899261
2020-12-18,002429.SZ,cp,3,cn_a,INDUSTRY_C39,0.14644104202724853,0.13912153731731647,0.14644104202724853,0.05261235684156418,2,value_factor,0.507698655128479,quality_factor,0.3762926459312439,volatility_factor,0.09082957357168198
2020-12-18,300073.SZ,cp,3,cn_a,INDUSTRY_C39,0.10504498453026004,0.09979456259676334,0.10504498453026004,0.05261235684156418,0,value_factor,0.3326805830001831,volatility_factor,0.24723957479000092,momentum_factor,0.22509606182575226
2020-12-18,600060.SH,cp,3,cn_a,INDUSTRY_C39,0.09558797257418507,0.0908102367305722,0.09558797257418507,0.05261235684156418,2,value_factor,0.5036166310310364,quality_factor,0.3029225170612335,volatility_factor,0.1461990475654602
2020-12-18,002583.SZ,cp,3,cn_a,INDUSTRY_C39,0.0878609088064865,0.08346939173637219,0.0878609088064865,0.05261235684156418,1,value_factor,0.4798794090747833,quality_factor,0.38386183977127075,volatility_factor,0.0884706899523735
2020-12-18,600563.SH,cp,3,cn_a,INDUSTRY_C39,0.0825015288888689,0.07837788758641007,0.0825015288888689,0.05261235684156418,0,value_factor,0.3911585211753845,quality_factor,0.3137412369251251,volatility_factor,0.15145914256572723
2020-12-18,603920.SH,cp,3,cn_a,INDUSTRY_C39,0.06556327181371634,0.06228624871830735,0.06556327181371634,0.05261235684156418,2,value_factor,0.5224558711051941,quality_factor,0.4155800938606262,volatility_factor,0.04508195072412491
2020-12-18,600699.SH,cp,3,cn_a,INDUSTRY_C39,0.0648515018450258,0.06161005486657212,0.0648515018450258,0.05261235684156418,2,value_factor,0.5467735528945923,quality_factor,0.33267825841903687,volatility_factor,0.10769671946763992
2020-12-18,002025.SZ,cp,3,cn_a,INDUSTRY_C39,0.06440544354728571,0.061186291724384154,0.06440544354728571,0.05261235684156418,0,value_factor,0.298006534576416,momentum_factor,0.25063008069992065,volatility_factor,0.2364431917667389
2020-12-18,002152.SZ,cp,3,cn_a,INDUSTRY_C39,0.06385121440255215,0.06065976439588394,0.06385121440255215,0.05261235684156418,2,value_factor,0.5117557048797607,quality_factor,0.44186681509017944,momentum_factor,0.03770426660776138
2020-12-18,600363.SH,cp,3,cn_a,INDUSTRY_C39,0.05659245023609348,0.05376381216909171,0.05659245023609348,0.05261235684156418,0,value_factor,0.3091972768306732,volatility_factor,0.2832344174385071,momentum_factor,0.25697505474090576
2020-12-18,601231.SH,cp,3,cn_a,INDUSTRY_C39,0.05485722833819994,0.05211532118132134,0.05485722833819994,0.05261235684156418,1,value_factor,0.44317060708999634,quality_factor,0.3476278781890869,volatility_factor,0.11993429809808731
2020-12-18,002130.SZ,cp,3,cn_a,INDUSTRY_C39,0.04923337942963742,0.04677256688943404,0.04923337942963742,0.05261235684156418,0,value_factor,0.399892121553421,volatility_factor,0.2357698380947113,quality_factor,0.19964809715747833
2020-12-18,603228.SH,cp,3,cn_a,INDUSTRY_C39,0.043380954944625474,0.04121266182377037,0.043380954944625474,0.05261235684156418,0,value_factor,0.4693276584148407,quality_factor,0.45333442091941833,momentum_factor,0.04817957803606987
2020-12-18,002273.SZ,cp,3,cn_a,INDUSTRY_C39,0.017226105580229262,0.016365099955147643,0.017226105580229262,0.05261235684156418,0,value_factor,0.3420344591140747,quality_factor,0.2571694254875183,momentum_factor,0.20118537545204163
2020-12-18,300735.SZ,cp,3,cn_a,INDUSTRY_C39,0.013154765113980645,0.012497255689867731,0.013154765113980645,0.05261235684156418,0,quality_factor,0.3339969217777252,value_factor,0.28234705328941345,momentum_factor,0.2009439915418625
2020-12-18,600498.SH,cp,3,cn_a,INDUSTRY_C39,0.010517402626425698,0.009991715448878502,0.010517402626425698,0.05261235684156418,0,value_factor,0.28006866574287415,quality_factor,0.26923930644989014,momentum_factor,0.2586931586265564
2020-12-18,600884.SH,cp,3,cn_a,INDUSTRY_C39,0.006815026345312119,0.006474393577733606,0.006815026345312119,0.05261235684156418,0,value_factor,0.2982484698295593,momentum_factor,0.26707568764686584,quality_factor,0.2545236349105835
2020-12-18,002841.SZ,cp,3,cn_a,INDUSTRY_C39,0.003354949869621984,0.003187260736628006,0.003354949869621984,0.05261235684156418,2,quality_factor,0.4581637382507324,volatility_factor,0.20519691705703735,momentum_factor,0.17919045686721802
2020-12-18,300570.SZ,cp,3,cn_a,INDUSTRY_C39,0.0013499402068535605,0.0012824666791771272,0.0013499402068535605,0.05261235684156418,0,quality_factor,0.3460270166397095,volatility_factor,0.2525075376033783,momentum_factor,0.21450816094875336
2020-12-18,603486.SH,cp,3,cn_a,INDUSTRY_C39,0.001006844553948499,0.0009565198406524533,0.001006844553948499,0.05261235684156418,2,momentum_factor,0.34665143489837646,value_factor,0.31684067845344543,volatility_factor,0.1774582862854004
2020-12-18,002138.SZ,cp,3,cn_a,INDUSTRY_C39,-8.907101771887568e-05,-8.461901625339552e-05,-8.907101771887568e-05,0.05261235684156418,2,value_factor,0.34687569737434387,momentum_factor,0.3412846028804779,quality_factor,0.1565030962228775
2020-12-18,300037.SZ,cp,3,cn_a,INDUSTRY_C39,-0.001466674332992942,-0.0013933661296391259,-0.001466674332992942,0.05261235684156418,0,value_factor,0.29030075669288635,momentum_factor,0.27384689450263977,quality_factor,0.24913635849952698
2020-12-18,688100.SH,cp,3,cn_a,INDUSTRY_C39,-0.001611411633191026,-0.0015308690825815707,-0.001611411633191026,0.05261235684156418,2,value_factor,0.3917582333087921,momentum_factor,0.31985917687416077,quality_factor,0.16788208484649658
2020-12-18,603659.SH,cp,3,cn_a,INDUSTRY_C39,-0.005505839456638479,-0.005230643259745149,-0.005505839456638479,0.05261235684156418,2,value_factor,0.46888428926467896,quality_factor,0.2382720559835434,momentum_factor,0.23816068470478058
2020-12-18,605358.SH,cp,3,cn_a,INDUSTRY_C39,-0.009893874872920415,-0.009399353236572427,-0.009893874872920415,0.05261235684156418,0,value_factor,0.32939019799232483,quality_factor,0.3224700391292572,momentum_factor,0.19919326901435852
2020-12-18,002402.SZ,cp,3,cn_a,INDUSTRY_C39,-0.011176747678040349,-0.010618104717442484,-0.011176747678040349,0.05261235684156418,2,value_factor,0.5595918297767639,quality_factor,0.26890677213668823,volatility_factor,0.16499826312065125
2020-12-18,300136.SZ,cp,3,cn_a,INDUSTRY_C39,-0.014020490935238434,-0.01331971027965595,-0.014020490935238434,0.05261235684156418,2,value_factor,0.4256037473678589,quality_factor,0.2775132656097412,momentum_factor,0.2144896686077118
2020-12-18,300054.SZ,cp,3,cn_a,INDUSTRY_C39,-0.01719717381894162,-0.016337614278646613,-0.01719717381894162,0.05261235684156418,0,quality_factor,0.44424349069595337,value_factor,0.36082586646080017,volatility_factor,0.11121570318937302
2020-12-18,603290.SH,cp,3,cn_a,INDUSTRY_C39,-0.023033134064825978,-0.021881878030738076,-0.023033134064825978,0.05261235684156418,0,momentum_factor,0.39415767788887024,volatility_factor,0.35525259375572205,value_factor,0.17496387660503387
2020-12-18,300627.SZ,cp,3,cn_a,INDUSTRY_C39,-0.02616058122088776,-0.02485300723199728,-0.02616058122088776,0.05261235684156418,0,value_factor,0.3948546350002289,quality_factor,0.2743837833404541,volatility_factor,0.18046170473098755
2020-12-18,300919.SZ,cp,3,cn_a,INDUSTRY_C39,-0.02709847011523557,-0.025744017996522067,-0.02709847011523557,0.05261235684156418,2,value_factor,0.49547627568244934,quality_factor,0.38815993070602417,momentum_factor,0.09908940643072128
2020-12-18,688608.SH,cp,3,cn_a,INDUSTRY_C39,-0.02709847011523557,-0.025744017996522067,-0.02709847011523557,0.05261235684156418,2,value_factor,0.49547627568244934,quality_factor,0.38815993070602417,momentum_factor,0.09908940643072128
2020-12-18,689009.SH,cp,3,cn_a,INDUSTRY_C39,-0.02709847011523557,-0.025744017996522067,-0.02709847011523557,0.05261235684156418,2,value_factor,0.49547627568244934,quality_factor,0.38815993070602417,momentum_factor,0.09908940643072128
2020-12-18,300623.SZ,cp,3,cn_a,INDUSTRY_C39,-0.03139951055685684,-0.029830081234114715,-0.03139951055685684,0.05261235684156418,0,value_factor,0.294584184885025,momentum_factor,0.24842941761016846,quality_factor,0.2356255054473877
2020-12-18,688027.SH,cp,3,cn_a,INDUSTRY_C39,-0.035514247844390605,-0.0337391532345179,-0.035514247844390605,0.05261235684156418,1,value_factor,0.51819908618927,quality_factor,0.4360823929309845,volatility_factor,0.039326511323451996
2020-12-18,002465.SZ,cp,3,cn_a,INDUSTRY_C39,-0.03755843654579229,-0.035681168060202995,-0.03755843654579229,0.05261235684156418,0,value_factor,0.4740058183670044,quality_factor,0.4208936393260956,momentum_factor,0.07563398033380508
2020-12-18,300679.SZ,cp,3,cn_a,INDUSTRY_C39,-0.03885610642334889,-0.03691397701728796,-0.03885610642334889,0.05261235684156418,1,value_factor,0.48681116104125977,quality_factor,0.34618517756462097,volatility_factor,0.11583174765110016
2020-12-18,300390.SZ,cp,3,cn_a,INDUSTRY_C39,-0.04112139071261575,-0.039066036497477474,-0.04112139071261575,0.05261235684156418,0,value_factor,0.39170822501182556,quality_factor,0.36608967185020447,momentum_factor,0.12996767461299896
2020-12-18,002281.SZ,cp,3,cn_a,INDUSTRY_C39,-0.04190053492455614,-0.0398062370522978,-0.04190053492455614,0.05261235684156418,2,value_factor,0.4790293872356415,quality_factor,0.3239929974079132,volatility_factor,0.13335661590099335
2020-12-18,300373.SZ,cp,3,cn_a,INDUSTRY_C39,-0.04761316607292694,-0.04523333601640003,-0.04761316607292694,0.05261235684156418,1,value_factor,0.5139048099517822,quality_factor,0.4390961229801178,momentum_factor,0.028832828626036644
2020-12-18,688981.SH,cp,3,cn_a,INDUSTRY_C39,-0.04812247190491387,-0.04571718541633474,-0.04812247190491387,0.05261235684156418,2,value_factor,0.5245054364204407,quality_factor,0.4124653935432434,volatility_factor,0.05372430384159088
2020-12-18,002436.SZ,cp,3,cn_a,INDUSTRY_C39,-0.04867859392310434,-0.04624551100754619,-0.04867859392310434,0.05261235684156418,1,value_factor,0.4440182149410248,quality_factor,0.422897070646286,momentum_factor,0.06955642998218536
2020-12-18,300857.SZ,cp,3,cn_a,INDUSTRY_C39,-0.04955708557204202,-0.047080093355696184,-0.04955708557204202,0.05261235684156418,0,value_factor,0.3945775628089905,quality_factor,0.3670242130756378,momentum_factor,0.14333093166351318
2020-12-18,002156.SZ,cp,3,cn_a,INDUSTRY_C39,-0.052538744791022475,-0.04991272148069768,-0.052538744791022475,0.05261235684156418,0,value_factor,0.2780493497848511,momentum_factor,0.2773049473762512,volatility_factor,0.265794038772583
2020-12-18,688002.SH,cp,3,cn_a,INDUSTRY_C39,-0.05447664115738296,-0.05175375673910254,-0.05447664115738296,0.05261235684156418,0,value_factor,0.4085603654384613,quality_factor,0.3809695243835449,momentum_factor,0.12747405469417572
2020-12-18,600764.SH,cp,3,cn_a,INDUSTRY_C39,-0.054693150895454845,-0.051959444756530915,-0.054693150895454845,0.05261235684156418,0,value_factor,0.47151753306388855,quality_factor,0.41973936557769775,momentum_factor,0.07728391140699387
2020-12-18,600171.SH,cp,3,cn_a,INDUSTRY_C39,-0.05518309041901499,-0.052424895826576695,-0.05518309041901499,0.05261235684156418,1,value_factor,0.4292992055416107,quality_factor,0.3517746031284332,volatility_factor,0.1184794083237648
2020-12-18,603160.SH,cp,3,cn_a,INDUSTRY_C39,-0.05826654744498015,-0.05535423363902092,-0.05826654744498015,0.05261235684156418,1,value_factor,0.5131523609161377,quality_factor,0.4350573718547821,volatility_factor,0.04622294008731842
2020-12-18,300458.SZ,cp,3,cn_a,INDUSTRY_C39,-0.06561072677474152,-0.062331331756776354,-0.06561072677474152,0.05261235684156418,2,value_factor,0.5223731398582458,quality_factor,0.40458887815475464,momentum_factor,0.03796585276722908
2020-12-18,688019.SH,cp,3,cn_a,INDUSTRY_C39,-0.06565100932964563,-0.06236960088466392,-0.06565100932964563,0.05261235684156418,0,value_factor,0.47446662187576294,quality_factor,0.43563422560691833,momentum_factor,0.06250332295894623
2020-12-18,002414.SZ,cp,3,cn_a,INDUSTRY_C39,-0.07242359776430414,-0.0688036777090548,-0.07242359776430414,0.05261235684156418,0,value_factor,0.36794763803482056,quality_factor,0.32239648699760437,momentum_factor,0.1619153469800949
2020-12-18,002185.SZ,cp,3,cn_a,INDUSTRY_C39,-0.07338225950743113,-0.06971442304127054,-0.07338225950743113,0.05261235684156418,1,value_factor,0.4067922532558441,quality_factor,0.370621919631958,momentum_factor,0.1155327707529068
2020-12-18,603019.SH,cp,3,cn_a,INDUSTRY_C39,-0.07808682986331104,-0.07418384671694817,-0.07808682986331104,0.05261235684156418,1,value_factor,0.4644128084182739,quality_factor,0.3542861044406891,volatility_factor,0.1124313622713089
2020-12-18,688008.SH,cp,3,cn_a,INDUSTRY_C39,-0.07890123737883323,-0.07495754802358828,-0.07890123737883323,0.05261235684156418,1,value_factor,0.5027071833610535,quality_factor,0.42725855112075806,volatility_factor,0.05329705402255058
2020-12-18,300474.SZ,cp,3,cn_a,INDUSTRY_C39,-0.07952283048082222,-0.07554807228329996,-0.07952283048082222,0.05261235684156418,2,value_factor,0.5183001756668091,quality_factor,0.404645711183548,momentum_factor,0.06448736786842346
2020-12-18,600118.SH,cp,3,cn_a,INDUSTRY_C39,-0.08178568527576066,-0.0776978237016156,-0.08178568527576066,0.05261235684156418,1,value_factor,0.49971890449523926,quality_factor,0.41959187388420105,volatility_factor,0.05938698351383209
2020-12-18,600562.SH,cp,3,cn_a,INDUSTRY_C39,-0.08721651067818374,-0.0828572023049613,-0.08721651067818374,0.05261235684156418,2,value_factor,0.5196242928504944,quality_factor,0.38428995013237,volatility_factor,0.08343115448951721
2020-12-18,300346.SZ,cp,3,cn_a,INDUSTRY_C39,-0.08950789511902664,-0.08503405738316899,-0.08950789511902664,0.05261235684156418,0,value_factor,0.392373651266098,quality_factor,0.31443750858306885,volatility_factor,0.15079399943351746
2020-12-18,603501.SH,cp,3,cn_a,INDUSTRY_C39,-0.09550722855696886,-0.09073352850964733,-0.09550722855696886,0.05261235684156418,1,value_factor,0.5158222913742065,quality_factor,0.4152916669845581,volatility_factor,0.06069166958332062
2020-12-18,300115.SZ,cp,3,cn_a,INDUSTRY_C39,-0.09602855494629034,-0.0912287976481515,-0.09602855494629034,0.05261235684156418,2,value_factor,0.5233063697814941,quality_factor,0.4185698926448822,volatility_factor,0.05238935723900795
2020-12-18,600435.SH,cp,3,cn_a,INDUSTRY_C39,-0.10644507466638438,-0.10112467258112268,-0.10644507466638438,0.05261235684156418,2,value_factor,0.5251555442810059,quality_factor,0.4063727557659149,volatility_factor,0.05202973634004593
2020-12-18,300223.SZ,cp,3,cn_a,INDUSTRY_C39,-0.11993405001259354,-0.11393943380530747,-0.11993405001259354,0.05261235684156418,1,value_factor,0.46823006868362427,quality_factor,0.34888285398483276,volatility_factor,0.11602000892162323
2020-12-21,600601.SH,cp,3,cn_a,INDUSTRY_C39,0.19655498230805146,0.1577881311071534,0.19655498230805146,0.2456892430782318,0,volatility_factor,0.3470228612422943,momentum_factor,0.3088440001010895,value_factor,0.27307960391044617
2020-12-21,600707.SH,cp,3,cn_a,INDUSTRY_C39,0.1463742026726139,0.11750458630356153,0.1463742026726139,0.2456892430782318,2,value_factor,0.5505232810974121,quality_factor,0.28612038493156433,volatility_factor,0.08800068497657776
2020-12-21,002429.SZ,cp,3,cn_a,INDUSTRY_C39,0.11060822711429653,0.08879279088477987,0.11060822711429653,0.2456892430782318,2,value_factor,0.5508600473403931,quality_factor,0.2848290801048279,volatility_factor,0.08874321728944778
2020-12-21,300073.SZ,cp,3,cn_a,INDUSTRY_C39,0.10836134215079016,0.08698906260966144,0.10836134215079016,0.2456892430782318,0,volatility_factor,0.3642248809337616,momentum_factor,0.304373562335968,value_factor,0.28528034687042236
2020-12-21,600563.SH,cp,3,cn_a,INDUSTRY_C39,0.10048612490644139,0.08066708696469344,0.10048612490644139,0.2456892430782318,0,value_factor,0.38726377487182617,quality_factor,0.27252212166786194,volatility_factor,0.18275566399097443
2020-12-21,002025.SZ,cp,3,cn_a,INDUSTRY_C39,0.08719920331961446,0.07000076601604946,0.08719920331961446,0.2456892430782318,0,momentum_factor,0.2913626432418823,volatility_factor,0.28266021609306335,value_factor,0.2680916488170624
2020-12-21,002583.SZ,cp,3,cn_a,INDUSTRY_C39,0.08553752799497878,0.06866682555367942,0.08553752799497878,0.2456892430782318,1,value_factor,0.5396341681480408,quality_factor,0.36266759037971497,volatility_factor,0.09422394633293152
2020-12-21,002152.SZ,cp,3,cn_a,INDUSTRY_C39,0.06018316278337843,0.04831314204401055,0.06018316278337843,0.2456892430782318,2,value_factor,0.47307315468788147,quality_factor,0.37223947048187256,momentum_factor,0.11882492154836655
2020-12-21,601231.SH,cp,3,cn_a,INDUSTRY_C39,0.057056808802036306,0.04580340382164255,0.057056808802036306,0.2456892430782318,1,value_factor,0.4724683165550232,quality_factor,0.3067203462123871,volatility_factor,0.14705654978752136
2020-12-21,600363.SH,cp,3,cn_a,INDUSTRY_C39,0.05503710677626679,0.044182050832787534,0.05503710677626679,0.2456892430782318,0,volatility_factor,0.40151694416999817,momentum_factor,0.33603334426879883,value_factor,0.21215257048606873
2020-12-21,603228.SH,cp,3,cn_a,INDUSTRY_C39,0.05253687433582181,0.04217494320580814,0.05253687433582181,0.2456892430782318,0,value_factor,0.4343893826007843,quality_factor,0.4133158326148987,momentum_factor,0.09236837178468704
2020-12-21,603920.SH,cp,3,cn_a,INDUSTRY_C39,0.05226326928849869,0.04195530171632944,0.05226326928849869,0.2456892430782318,2,value_factor,0.5269154906272888,quality_factor,0.34043198823928833,momentum_factor,0.12818200886249542
2020-12-21,002841.SZ,cp,3,cn_a,INDUSTRY_C39,0.04701446755251948,0.03774172947945709,0.04701446755251948,0.2456892430782318,2,quality_factor,0.5398602485656738,value_factor,0.26736292243003845,momentum_factor,0.17059102654457092
2020-12-21,600060.SH,cp,3,cn_a,INDUSTRY_C39,0.041150540051743796,0.03303435370892016,0.041150540051743796,0.2456892430782318,2,value_factor,0.6135027408599854,volatility_factor,0.2610960304737091,momentum_factor,0.11224766820669174
2020-12-21,002130.SZ,cp,3,cn_a,INDUSTRY_C39,0.03024131952108805,0.024276776062426453,0.03024131952108805,0.2456892430782318,0,volatility_factor,0.38227424025535583,value_factor,0.2902301847934723,momentum_factor,0.1920747309923172
2020-12-21,603486.SH,cp,3,cn_a,INDUSTRY_C39,0.02965635563388028,0.02380718553135036,0.02965635563388028,0.2456892430782318,2,momentum_factor,0.5184358358383179,volatility_factor,0.28730127215385437,quality_factor,0.18130981922149658
2020-12-21,002273.SZ,cp,3,cn_a,INDUSTRY_C39,0.021848039615125384,0.017538916077043505,0.021848039615125384,0.2456892430782318,0,value_factor,0.31993377208709717,volatility_factor,0.24533523619174957,momentum_factor,0.23517820239067078
2020-12-21,688100.SH,cp,3,cn_a,INDUSTRY_C39,0.020091438249035802,0.016128771987075075,0.020091438249035802,0.2456892430782318,2,momentum_factor,0.4999099671840668,quality_factor,0.264152467250824,volatility_factor,0.23223771154880524
2020-12-21,002138.SZ,cp,3,cn_a,INDUSTRY_C39,0.01982366497841413,0.015913812063720778,0.01982366497841413,0.2456892430782318,2,momentum_factor,0.509649395942688,volatility_factor,0.26235052943229675,quality_factor,0.22751209139823914
2020-12-21,300136.SZ,cp,3,cn_a,INDUSTRY_C39,0.018324575417538597,0.014710390316811928,0.018324575417538597,0.2456892430782318,2,momentum_factor,0.5015660524368286,value_factor,0.24107572436332703,volatility_factor,0.23865465819835663
2020-12-21,300735.SZ,cp,3,cn_a,INDUSTRY_C39,0.01595456738606551,0.012807822731885521,0.01595456738606551,0.2456892430782318,0,quality_factor,0.318973183631897,value_factor,0.2651669979095459,momentum_factor,0.21856358647346497
2020-12-21,600699.SH,cp,3,cn_a,INDUSTRY_C39,0.015462441670795643,0.012412759752711056,0.015462441670795643,0.2456892430782318,2,value_factor,0.5717523694038391,momentum_factor,0.29140374064445496,volatility_factor,0.109370157122612
2020-12-21,603659.SH,cp,3,cn_a,INDUSTRY_C39,0.013072509348177514,0.010494197576212894,0.013072509348177514,0.2456892430782318,2,momentum_factor,0.48417553305625916,quality_factor,0.22164656221866608,volatility_factor,0.1861797720193863
2020-12-21,300570.SZ,cp,3,cn_a,INDUSTRY_C39,0.011966676547401495,0.009606469934295522,0.011966676547401495,0.2456892430782318,0,quality_factor,0.39049968123435974,value_factor,0.25252461433410645,volatility_factor,0.19835427403450012
2020-12-21,300037.SZ,cp,3,cn_a,INDUSTRY_C39,0.009782989780649114,0.007853475175255184,0.009782989780649114,0.2456892430782318,0,momentum_factor,0.4121128022670746,volatility_factor,0.28358641266822815,value_factor,0.18014110624790192
2020-12-21,002402.SZ,cp,3,cn_a,INDUSTRY_C39,0.0011024510309939593,0.0008850128639581456,0.0011024510309939593,0.2456892430782318,2,quality_factor,0.33023449778556824,value_factor,0.27823606133461,momentum_factor,0.22739285230636597
2020-12-21,605358.SH,cp,3,cn_a,INDUSTRY_C39,-0.0026306105224009075,-0.0021117710328498185,-0.0026306105224009075,0.2456892430782318,0,momentum_factor,0.2708144187927246,value_factor,0.26854050159454346,quality_factor,0.2588203549385071
2020-12-21,300919.SZ,cp,3,cn_a,INDUSTRY_C39,-0.012819322548976782,-0.010290947211364476,-0.012819322548976782,0.2456892430782318,2,value_factor,0.4134404957294464,momentum_factor,0.24664120376110077,quality_factor,0.24458859860897064
2020-12-21,688608.SH,cp,3,cn_a,INDUSTRY_C39,-0.012819322548976782,-0.010290947211364476,-0.012819322548976782,0.2456892430782318,2,value_factor,0.4134404957294464,momentum_factor,0.24664120376110077,quality_factor,0.24458859860897064
2020-12-21,689009.SH,cp,3,cn_a,INDUSTRY_C39,-0.012819322548976782,-0.010290947211364476,-0.012819322548976782,0.2456892430782318,2,value_factor,0.4134404957294464,momentum_factor,0.24664120376110077,quality_factor,0.24458859860897064
2020-12-21,300627.SZ,cp,3,cn_a,INDUSTRY_C39,-0.026297995174575563,-0.02111119983698953,-0.026297995174575563,0.2456892430782318,0,value_factor,0.3906618356704712,volatility_factor,0.2550536096096039,momentum_factor,0.17894995212554932
2020-12-21,002281.SZ,cp,3,cn_a,INDUSTRY_C39,-0.02900722340519847,-0.023286082682659415,-0.02900722340519847,0.2456892430782318,2,value_factor,0.5873045325279236,volatility_factor,0.21042999625205994,quality_factor,0.19262830913066864
2020-12-21,300679.SZ,cp,3,cn_a,INDUSTRY_C39,-0.029052860259385246,-0.02332271850764428,-0.029052860259385246,0.2456892430782318,1,value_factor,0.5682831406593323,quality_factor,0.2491341233253479,volatility_factor,0.15420398116111755
2020-12-21,600884.SH,cp,3,cn_a,INDUSTRY_C39,-0.03174584140321425,-0.025484558705241633,-0.03174584140321425,0.2456892430782318,0,momentum_factor,0.40659984946250916,volatility_factor,0.2773181200027466,value_factor,0.18790856003761292
2020-12-21,300054.SZ,cp,3,cn_a,INDUSTRY_C39,-0.03256076624707697,-0.02613875462841778,-0.03256076624707697,0.2456892430782318,0,quality_factor,0.4502905011177063,value_factor,0.3692098557949066,volatility_factor,0.10424899309873581
2020-12-21,002465.SZ,cp,3,cn_a,INDUSTRY_C39,-0.03383330662390997,-0.0271603098465103,-0.03383330662390997,0.2456892430782318,0,value_factor,0.4190937578678131,quality_factor,0.34651249647140503,momentum_factor,0.15522396564483643
2020-12-21,600498.SH,cp,3,cn_a,INDUSTRY_C39,-0.03391177833924367,-0.027223304460851194,-0.03391177833924367,0.2456892430782318,0,momentum_factor,0.3501255512237549,volatility_factor,0.25941622257232666,value_factor,0.20251016318798065
2020-12-21,688027.SH,cp,3,cn_a,INDUSTRY_C39,-0.033959666669707705,-0.02726174769987283,-0.033959666669707705,0.2456892430782318,1,value_factor,0.5193716883659363,quality_factor,0.388938307762146,momentum_factor,0.0868399515748024
2020-12-21,603290.SH,cp,3,cn_a,INDUSTRY_C39,-0.034352946092538084,-0.027577459997788788,-0.034352946092538084,0.2456892430782318,0,momentum_factor,0.4434831440448761,volatility_factor,0.4038347005844116,value_factor,0.1357816755771637
2020-12-21,300857.SZ,cp,3,cn_a,INDUSTRY_C39,-0.034744185925528165,-0.027891534977406596,-0.034744185925528165,0.2456892430782318,0,value_factor,0.3329618573188782,quality_factor,0.29666221141815186,momentum_factor,0.2210722416639328
2020-12-21,688981.SH,cp,3,cn_a,INDUSTRY_C39,-0.038068530712642074,-0.030560213964604288,-0.038068530712642074,0.2456892430782318,2,value_factor,0.5306137204170227,quality_factor,0.3322036862373352,momentum_factor,0.11938319355249405
2020-12-21,688002.SH,cp,3,cn_a,INDUSTRY_C39,-0.04413710596580155,-0.03543187448643442,-0.04413710596580155,0.2456892430782318,0,value_factor,0.3508879542350769,quality_factor,0.3145766258239746,momentum_factor,0.2007114589214325
2020-12-21,300458.SZ,cp,3,cn_a,INDUSTRY_C39,-0.044179915834831454,-0.035466240897032875,-0.044179915834831454,0.2456892430782318,2,value_factor,0.5077834129333496,quality_factor,0.29848384857177734,momentum_factor,0.17513997852802277
2020-12-21,300373.SZ,cp,3,cn_a,INDUSTRY_C39,-0.04469023201459587,-0.03587590660651141,-0.04469023201459587,0.2456892430782318,1,value_factor,0.4874931275844574,quality_factor,0.37577787041664124,momentum_factor,0.1120450347661972
2020-12-21,300623.SZ,cp,3,cn_a,INDUSTRY_C39,-0.046329859661954534,-0.0371921478899955,-0.046329859661954534,0.2456892430782318,0,value_factor,0.2750323414802551,momentum_factor,0.27386781573295593,volatility_factor,0.24805299937725067
2020-12-21,300474.SZ,cp,3,cn_a,INDUSTRY_C39,-0.04825534055112257,-0.038737863126601435,-0.04825534055112257,0.2456892430782318,2,value_factor,0.4645358622074127,quality_factor,0.2769569456577301,momentum_factor,0.2051100879907608
2020-12-21,600764.SH,cp,3,cn_a,INDUSTRY_C39,-0.04932067814175896,-0.03959308249296306,-0.04932067814175896,0.2456892430782318,0,value_factor,0.41658321022987366,quality_factor,0.3460102379322052,momentum_factor,0.15630388259887695
2020-12-21,603160.SH,cp,3,cn_a,INDUSTRY_C39,-0.05833484991073287,-0.04682937485352051,-0.05833484991073287,0.2456892430782318,1,value_factor,0.5204225778579712,quality_factor,0.3971124589443207,momentum_factor,0.06469162553548813
2020-12-21,300390.SZ,cp,3,cn_a,INDUSTRY_C39,-0.06025082452414078,-0.048367458752226145,-0.06025082452414078,0.2456892430782318,0,value_factor,0.3903513252735138,quality_factor,0.3579294681549072,momentum_factor,0.1332194060087204
2020-12-21,600562.SH,cp,3,cn_a,INDUSTRY_C39,-0.06241304443970756,-0.050103220601219856,-0.06241304443970756,0.2456892430782318,2,value_factor,0.548405647277832,quality_factor,0.27837350964546204,momentum_factor,0.10367892682552338
2020-12-21,600171.SH,cp,3,cn_a,INDUSTRY_C39,-0.06349944572527336,-0.05097534923652036,-0.06349944572527336,0.2456892430782318,1,value_factor,0.4445294141769409,quality_factor,0.32268401980400085,volatility_factor,0.1384323090314865
2020-12-21,688019.SH,cp,3,cn_a,INDUSTRY_C39,-0.06789192663203845,-0.0545014941607741,-0.06789192663203845,0.2456892430782318,0,value_factor,0.4282515048980713,quality_factor,0.3766615688800812,momentum_factor,0.1262848973274231
2020-12-21,002436.SZ,cp,3,cn_a,INDUSTRY_C39,-0.0679145669726189,-0.054519669111039254,-0.0679145669726189,0.2456892430782318,1,value_factor,0.45551425218582153,quality_factor,0.4269478917121887,volatility_factor,0.05913307145237923
2020-12-21,002156.SZ,cp,3,cn_a,INDUSTRY_C39,-0.06891299466483794,-0.055321175324471006,-0.06891299466483794,0.2456892430782318,0,momentum_factor,0.33284515142440796,volatility_factor,0.3284521698951721,value_factor,0.23711514472961426
2020-12-21,603019.SH,cp,3,cn_a,INDUSTRY_C39,-0.07285789827815874,-0.058488019335416475,-0.07285789827815874,0.2456892430782318,1,value_factor,0.5205050706863403,quality_factor,0.3077435791492462,volatility_factor,0.14058735966682434
2020-12-21,600435.SH,cp,3,cn_a,INDUSTRY_C39,-0.0781960603559019,-0.06277332723198292,-0.0781960603559019,0.2456892430782318,2,value_factor,0.5322324633598328,quality_factor,0.3152599036693573,momentum_factor,0.14046895503997803
2020-12-21,300115.SZ,cp,3,cn_a,INDUSTRY_C39,-0.08059743161347774,-0.06470107222413723,-0.08059743161347774,0.2456892430782318,2,value_factor,0.5281761288642883,quality_factor,0.34814295172691345,momentum_factor,0.10552819073200226
2020-12-21,688008.SH,cp,3,cn_a,INDUSTRY_C39,-0.08143686401497927,-0.06537494204045219,-0.08143686401497927,0.2456892430782318,1,value_factor,0.522159993648529,quality_factor,0.4014281928539276,momentum_factor,0.0452667698264122
2020-12-21,600118.SH,cp,3,cn_a,INDUSTRY_C39,-0.08300873660881568,-0.06663679170718456,-0.08300873660881568,0.2456892430782318,1,value_factor,0.5250586867332458,quality_factor,0.3935989737510681,momentum_factor,0.04095001146197319
2020-12-21,603501.SH,cp,3,cn_a,INDUSTRY_C39,-0.08490685974988903,-0.06816054500778423,-0.08490685974988903,0.2456892430782318,1,value_factor,0.5297834873199463,quality_factor,0.35722649097442627,momentum_factor,0.07804269343614578
2020-12-21,002185.SZ,cp,3,cn_a,INDUSTRY_C39,-0.10187173490697345,-0.08177941090509949,-0.10187173490697345,0.2456892430782318,1,value_factor,0.408772736787796,quality_factor,0.3609415292739868,momentum_factor,0.11622640490531921
2020-12-21,002414.SZ,cp,3,cn_a,INDUSTRY_C39,-0.10221106789087256,-0.0820518167058771,-0.10221106789087256,0.2456892430782318,0,value_factor,0.36040377616882324,quality_factor,0.30170539021492004,momentum_factor,0.17377647757530212
2020-12-21,300223.SZ,cp,3,cn_a,INDUSTRY_C39,-0.10580331244515216,-0.08493555716385892,-0.10580331244515216,0.2456892430782318,1,value_factor,0.534942090511322,quality_factor,0.29127004742622375,volatility_factor,0.1511962115764618
2020-12-21,300346.SZ,cp,3,cn_a,INDUSTRY_C39,-0.10860691066319327,-0.08718619725451171,-0.10860691066319327,0.2456892430782318,0,value_factor,0.38896462321281433,quality_factor,0.2730183005332947,volatility_factor,0.18218252062797546
2020-12-22,600707.SH,cp,3,cn_a,INDUSTRY_C39,0.2389200337976893,0.2052534246728488,0.2389200337976893,0.16402463614940643,2,value_factor,0.4889240264892578,quality_factor,0.3710605204105377,volatility_factor,0.09697277843952179
2020-12-22,002429.SZ,cp,3,cn_a,INDUSTRY_C39,0.181070706530237,0.15555573985367044,0.181070706530237,0.16402463614940643,2,value_factor,0.4887710511684418,quality_factor,0.37040406465530396,volatility_factor,0.09748201072216034
2020-12-22,600601.SH,cp,3,cn_a,INDUSTRY_C39,0.1734080641092294,0.14897285279327832,0.1734080641092294,0.16402463614940643,0,volatility_factor,0.37129834294319153,momentum_factor,0.35763245820999146,value_factor,0.22480449080467224
2020-12-22,600060.SH,cp,3,cn_a,INDUSTRY_C39,0.11637608779178964,0.09997734467725472,0.11637608779178964,0.16402463614940643,2,value_factor,0.46344804763793945,quality_factor,0.2705706059932709,volatility_factor,0.17516952753067017
2020-12-22,002583.SZ,cp,3,cn_a,INDUSTRY_C39,0.10592150377866322,0.09099593303874287,0.10592150377866322,0.16402463614940643,1,value_factor,0.4673791527748108,quality_factor,0.3786497712135315,volatility_factor,0.09385379403829575
2020-12-22,300073.SZ,cp,3,cn_a,INDUSTRY_C39,0.10478463753468704,0.0900192644594614,0.10478463753468704,0.16402463614940643,0,volatility_factor,0.36330974102020264,momentum_factor,0.3398149013519287,value_factor,0.24278558790683746
2020-12-22,600563.SH,cp,3,cn_a,INDUSTRY_C39,0.08981600133548642,0.0771598830432948,0.08981600133548642,0.16402463614940643,0,value_factor,0.3580930531024933,quality_factor,0.26566535234451294,volatility_factor,0.191348597407341
2020-12-22,603920.SH,cp,3,cn_a,INDUSTRY_C39,0.08427219817807304,0.07239726617235137,0.08427219817807304,0.16402463614940643,2,value_factor,0.5186131000518799,quality_factor,0.4321480691432953,volatility_factor,0.03820061683654785
2020-12-22,600699.SH,cp,3,cn_a,INDUSTRY_C39,0.0837876072252251,0.07198095971593366,0.0837876072252251,0.16402463614940643,2,value_factor,0.5214571952819824,quality_factor,0.3296823799610138,volatility_factor,0.12406289577484131
2020-12-22,002152.SZ,cp,3,cn_a,INDUSTRY_C39,0.08361433703267371,0.07183210530699358,0.08361433703267371,0.16402463614940643,2,value_factor,0.4984057545661926,quality_factor,0.45237740874290466,momentum_factor,0.041652023792266846
2020-12-22,601231.SH,cp,3,cn_a,INDUSTRY_C39,0.0634033588349326,0.05446908879835133,0.0634033588349326,0.16402463614940643,1,value_factor,0.4224930703639984,quality_factor,0.32430896162986755,volatility_factor,0.13983333110809326
2020-12-22,002025.SZ,cp,3,cn_a,INDUSTRY_C39,0.06189536013804574,0.0531735846415073,0.06189536013804574,0.16402463614940643,0,momentum_factor,0.36925673484802246,volatility_factor,0.35375985503196716,value_factor,0.20396549999713898
2020-12-22,603228.SH,cp,3,cn_a,INDUSTRY_C39,0.057386305395843315,0.049299908109810164,0.057386305395843315,0.16402463614940643,0,quality_factor,0.4459320604801178,value_factor,0.44288524985313416,momentum_factor,0.06141894683241844
2020-12-22,600363.SH,cp,3,cn_a,INDUSTRY_C39,0.05441725450201639,0.04674923098868608,0.05441725450201639,0.16402463614940643,0,volatility_factor,0.4074104130268097,momentum_factor,0.3799956738948822,value_factor,0.17881496250629425
2020-12-22,002130.SZ,cp,3,cn_a,INDUSTRY_C39,0.05300818615950742,0.04553871674967103,0.05300818615950742,0.16402463614940643,0,value_factor,0.32647931575775146,volatility_factor,0.32632899284362793,momentum_factor,0.25695064663887024
2020-12-22,600498.SH,cp,3,cn_a,INDUSTRY_C39,0.04636797811408367,0.03983419118017645,0.04636797811408367,0.16402463614940643,0,quality_factor,0.3210082948207855,value_factor,0.30237728357315063,momentum_factor,0.20733262598514557
2020-12-22,300735.SZ,cp,3,cn_a,INDUSTRY_C39,0.02977827196409509,0.025582167406880338,0.02977827196409509,0.16402463614940643,0,quality_factor,0.3550284802913666,value_factor,0.2964663505554199,momentum_factor,0.1787964105606079
2020-12-22,600884.SH,cp,3,cn_a,INDUSTRY_C39,0.029511198134008116,0.02535272738297567,0.029511198134008116,0.16402463614940643,0,value_factor,0.3173081874847412,quality_factor,0.3139640688896179,momentum_factor,0.20976601541042328
2020-12-22,002273.SZ,cp,3,cn_a,INDUSTRY_C39,0.017578997043174067,0.015101912083608018,0.017578997043174067,0.16402463614940643,0,value_factor,0.27985188364982605,momentum_factor,0.27978891134262085,volatility_factor,0.2776714563369751
2020-12-22,300570.SZ,cp,3,cn_a,INDUSTRY_C39,0.006601386506028971,0.005671174436125005,0.006601386506028971,0.16402463614940643,0,quality_factor,0.35530272126197815,value_factor,0.23099757730960846,volatility_factor,0.21854658424854279
2020-12-22,002841.SZ,cp,3,cn_a,INDUSTRY_C39,0.0007682394433983467,0.000659985578521205,0.0007682394433983467,0.16402463614940643,2,quality_factor,0.5128540992736816,volatility_factor,0.34448501467704773,value_factor,0.12779538333415985
2020-12-22,002138.SZ,cp,3,cn_a,INDUSTRY_C39,-0.005774192230232223,-0.004960541446173111,-0.005774192230232223,0.16402463614940643,2,value_factor,0.36546796560287476,quality_factor,0.26316124200820923,momentum_factor,0.24240721762180328
2020-12-22,688100.SH,cp,3,cn_a,INDUSTRY_C39,-0.007523901143298016,-0.006463696040950484,-0.007523901143298016,0.16402463614940643,2,value_factor,0.40133702754974365,quality_factor,0.26886484026908875,momentum_factor,0.2282775193452835
2020-12-22,603486.SH,cp,3,cn_a,INDUSTRY_C39,-0.0077703480578251004,-0.006675415721392075,-0.0077703480578251004,0.16402463614940643,2,value_factor,0.34188491106033325,quality_factor,0.26478350162506104,momentum_factor,0.24695417284965515
2020-12-22,300037.SZ,cp,3,cn_a,INDUSTRY_C39,-0.008023339450118091,-0.006892757686632459,-0.008023339450118091,0.16402463614940643,0,value_factor,0.3120887875556946,quality_factor,0.31093165278434753,momentum_factor,0.21376655995845795
2020-12-22,603659.SH,cp,3,cn_a,INDUSTRY_C39,-0.011020105712078853,-0.009467244758454757,-0.011020105712078853,0.16402463614940643,2,value_factor,0.46522989869117737,quality_factor,0.31016454100608826,momentum_factor,0.17561660706996918
2020-12-22,002402.SZ,cp,3,cn_a,INDUSTRY_C39,-0.014261919509541244,-0.012252249320459319,-0.014261919509541244,0.16402463614940643,2,value_factor,0.49992939829826355,quality_factor,0.23516394197940826,volatility_factor,0.19732390344142914
2020-12-22,603290.SH,cp,3,cn_a,INDUSTRY_C39,-0.018213193717809027,-0.015646743077124377,-0.018213193717809027,0.16402463614940643,0,momentum_factor,0.40661880373954773,volatility_factor,0.3783724308013916,quality_factor,0.16886377334594727
2020-12-22,605358.SH,cp,3,cn_a,INDUSTRY_C39,-0.02019415225091612,-0.01734856153325029,-0.02019415225091612,0.16402463614940643,0,quality_factor,0.35180097818374634,value_factor,0.3331608474254608,momentum_factor,0.17234231531620026
2020-12-22,300054.SZ,cp,3,cn_a,INDUSTRY_C39,-0.024114046523468387,-0.020716097151791707,-0.024114046523468387,0.16402463614940643,0,quality_factor,0.4242492914199829,value_factor,0.34417951107025146,volatility_factor,0.1259838044643402
2020-12-22,300136.SZ,cp,3,cn_a,INDUSTRY_C39,-0.026984940584811018,-0.023182448878756923,-0.026984940584811018,0.16402463614940643,2,value_factor,0.4197634756565094,quality_factor,0.3317530155181885,momentum_factor,0.16808460652828217
2020-12-22,300627.SZ,cp,3,cn_a,INDUSTRY_C39,-0.02839258168010783,-0.024391736986277293,-0.02839258168010783,0.16402463614940643,0,value_factor,0.34801626205444336,volatility_factor,0.2373514026403427,momentum_factor,0.2088642716407776
2020-12-22,300623.SZ,cp,3,cn_a,INDUSTRY_C39,-0.030176914105296628,-0.025924636237978103,-0.030176914105296628,0.16402463614940643,0,momentum_factor,0.3566875755786896,volatility_factor,0.32688453793525696,value_factor,0.2081466019153595
2020-12-22,300919.SZ,cp,3,cn_a,INDUSTRY_C39,-0.038544024007122896,-0.033112723124899324,-0.038544024007122896,0.16402463614940643,2,value_factor,0.4771101474761963,quality_factor,0.4067697525024414,momentum_factor,0.08731620758771896
2020-12-22,688608.SH,cp,3,cn_a,INDUSTRY_C39,-0.038544024007122896,-0.033112723124899324,-0.038544024007122896,0.16402463614940643,2,value_factor,0.4771101474761963,quality_factor,0.4067697525024414,momentum_factor,0.08731620758771896
2020-12-22,689009.SH,cp,3,cn_a,INDUSTRY_C39,-0.038544024007122896,-0.033112723124899324,-0.038544024007122896,0.16402463614940643,2,value_factor,0.4771101474761963,quality_factor,0.4067697525024414,momentum_factor,0.08731620758771896
2020-12-22,688027.SH,cp,3,cn_a,INDUSTRY_C39,-0.045075303362670724,-0.03872366932272392,-0.045075303362670724,0.16402463614940643,1,value_factor,0.5140208601951599,quality_factor,0.45032912492752075,volatility_factor,0.028570763766765594
2020-12-22,300390.SZ,cp,3,cn_a,INDUSTRY_C39,-0.04521146271891554,-0.03884064224343832,-0.04521146271891554,0.16402463614940643,0,value_factor,0.3771796226501465,quality_factor,0.3453720211982727,momentum_factor,0.147990882396698
2020-12-22,300679.SZ,cp,3,cn_a,INDUSTRY_C39,-0.04687261451682071,-0.040267718449656376,-0.04687261451682071,0.16402463614940643,1,value_factor,0.46194571256637573,quality_factor,0.3275928795337677,volatility_factor,0.13269224762916565
2020-12-22,002156.SZ,cp,3,cn_a,INDUSTRY_C39,-0.04890253791934674,-0.042011602056105365,-0.04890253791934674,0.16402463614940643,0,momentum_factor,0.4260236620903015,volatility_factor,0.41355574131011963,value_factor,0.15782327950000763
2020-12-22,002281.SZ,cp,3,cn_a,INDUSTRY_C39,-0.04998500762355508,-0.04294153920018556,-0.04998500762355508,0.16402463614940643,2,value_factor,0.4481982886791229,quality_factor,0.29579076170921326,volatility_factor,0.1581142395734787
2020-12-22,002465.SZ,cp,3,cn_a,INDUSTRY_C39,-0.05162505441963018,-0.044350484344581415,-0.05162505441963018,0.16402463614940643,0,value_factor,0.45122167468070984,quality_factor,0.4253283441066742,momentum_factor,0.07749542593955994
2020-12-22,002436.SZ,cp,3,cn_a,INDUSTRY_C39,-0.05702165672275058,-0.04898664267214464,-0.05702165672275058,0.16402463614940643,1,value_factor,0.44745129346847534,quality_factor,0.4311072528362274,momentum_factor,0.06446243077516556
2020-12-22,688981.SH,cp,3,cn_a,INDUSTRY_C39,-0.06141207173855164,-0.052758397193539586,-0.06141207173855164,0.16402463614940643,2,value_factor,0.5212613344192505,quality_factor,0.4280068278312683,volatility_factor,0.0492657795548439
2020-12-22,300373.SZ,cp,3,cn_a,INDUSTRY_C39,-0.06178869761035277,-0.05308195210343483,-0.06178869761035277,0.16402463614940643,1,value_factor,0.5086104273796082,quality_factor,0.45580950379371643,momentum_factor,0.0322076790034771
2020-12-22,600171.SH,cp,3,cn_a,INDUSTRY_C39,-0.06293329950683534,-0.05406526629189262,-0.06293329950683534,0.16402463614940643,1,value_factor,0.4104444682598114,quality_factor,0.3285745084285736,volatility_factor,0.13807304203510284
2020-12-22,603160.SH,cp,3,cn_a,INDUSTRY_C39,-0.07307992246771178,-0.06278211216906826,-0.07307992246771178,0.16402463614940643,1,value_factor,0.5102450847625732,quality_factor,0.44818082451820374,volatility_factor,0.03675105422735214
2020-12-22,600764.SH,cp,3,cn_a,INDUSTRY_C39,-0.07536748439384025,-0.06474733003726374,-0.07536748439384025,0.16402463614940643,0,value_factor,0.448807954788208,quality_factor,0.4242135286331177,momentum_factor,0.07909160852432251
2020-12-22,002414.SZ,cp,3,cn_a,INDUSTRY_C39,-0.07700933350276923,-0.06615782352768863,-0.07700933350276923,0.16402463614940643,0,value_factor,0.335542231798172,quality_factor,0.2746036648750305,momentum_factor,0.20251427590847015
2020-12-22,300857.SZ,cp,3,cn_a,INDUSTRY_C39,-0.07862411743964413,-0.06754506564331186,-0.07862411743964413,0.16402463614940643,0,quality_factor,0.38233986496925354,value_factor,0.38199564814567566,momentum_factor,0.132999449968338
2020-12-22,002185.SZ,cp,3,cn_a,INDUSTRY_C39,-0.08203428881167604,-0.0704747042412352,-0.08203428881167604,0.16402463614940643,1,value_factor,0.39433419704437256,quality_factor,0.35372194647789,momentum_factor,0.1307695358991623
2020-12-22,688002.SH,cp,3,cn_a,INDUSTRY_C39,-0.08288605163890574,-0.07120644378822505,-0.08288605163890574,0.16402463614940643,0,value_factor,0.39284318685531616,quality_factor,0.3920802175998688,momentum_factor,0.12164989858865738
2020-12-22,300458.SZ,cp,3,cn_a,INDUSTRY_C39,-0.0863094987332585,-0.0741474874049241,-0.0863094987332585,0.16402463614940643,2,value_factor,0.5178521871566772,quality_factor,0.42477017641067505,momentum_factor,0.029802355915308
2020-12-22,688019.SH,cp,3,cn_a,INDUSTRY_C39,-0.08855900829213534,-0.07608001492660005,-0.08855900829213534,0.16402463614940643,0,value_factor,0.4500851631164551,quality_factor,0.43507951498031616,momentum_factor,0.06917469948530197
2020-12-22,603019.SH,cp,3,cn_a,INDUSTRY_C39,-0.09228384224051925,-0.07927997648734081,-0.09228384224051925,0.16402463614940643,1,value_factor,0.4444366693496704,quality_factor,0.3362818658351898,volatility_factor,0.12827140092849731
2020-12-22,300346.SZ,cp,3,cn_a,INDUSTRY_C39,-0.0975822600152726,-0.08383178562753413,-0.0975822600152726,0.16402463614940643,0,value_factor,0.35965409874916077,quality_factor,0.26697149872779846,volatility_factor,0.19018614292144775
2020-12-22,688008.SH,cp,3,cn_a,INDUSTRY_C39,-0.09788176890001635,-0.0840890902299839,-0.09788176890001635,0.16402463614940643,1,value_factor,0.4995619058609009,quality_factor,0.4378814697265625,volatility_factor,0.04572402313351631
2020-12-22,600118.SH,cp,3,cn_a,INDUSTRY_C39,-0.10105382837069193,-0.08681416966042388,-0.10105382837069193,0.16402463614940643,1,value_factor,0.4948711693286896,quality_factor,0.427683025598526,volatility_factor,0.053909968584775925
2020-12-22,300474.SZ,cp,3,cn_a,INDUSTRY_C39,-0.1077773430638947,-0.09259026300296314,-0.1077773430638947,0.16402463614940643,2,value_factor,0.512562096118927,quality_factor,0.42871344089508057,momentum_factor,0.057016659528017044
2020-12-22,600562.SH,cp,3,cn_a,INDUSTRY_C39,-0.10918733159590382,-0.09380156776608473,-0.10918733159590382,0.16402463614940643,2,value_factor,0.5008626580238342,quality_factor,0.38183021545410156,volatility_factor,0.08749888837337494
2020-12-22,603501.SH,cp,3,cn_a,INDUSTRY_C39,-0.11971877985297964,-0.10284901258337498,-0.11971877985297964,0.16402463614940643,1,value_factor,0.5067167282104492,quality_factor,0.42238104343414307,volatility_factor,0.05646961182355881
2020-12-22,300115.SZ,cp,3,cn_a,INDUSTRY_C39,-0.12203932378885483,-0.10484256491287747,-0.12203932378885483,0.16402463614940643,2,value_factor,0.5197375416755676,quality_factor,0.43322300910949707,volatility_factor,0.04681320860981941
2020-12-22,600435.SH,cp,3,cn_a,INDUSTRY_C39,-0.13689995914245381,-0.11760916405760813,-0.13689995914245381,0.16402463614940643,2,value_factor,0.5217763781547546,quality_factor,0.42317113280296326,volatility_factor,0.04791579023003578
2020-12-22,300223.SZ,cp,3,cn_a,INDUSTRY_C39,-0.14214647228943952,-0.12211638253524237,-0.14214647228943952,0.16402463614940643,1,value_factor,0.44621214270591736,quality_factor,0.3291470408439636,volatility_factor,0.13339783251285553
2020-12-23,600707.SH,cp,3,cn_a,INDUSTRY_C39,0.057297709255742645,0.052233239325547465,0.057297709255742645,0.0969587117433548,2,value_factor,0.566131055355072,quality_factor,0.2324105203151703,volatility_factor,0.1277533322572708
2020-12-23,002429.SZ,cp,3,cn_a,INDUSTRY_C39,0.04316741326651612,0.03935190180380144,0.04316741326651612,0.0969587117433548,2,value_factor,0.56695556640625,quality_factor,0.2296072244644165,volatility_factor,0.1298830658197403
2020-12-23,600601.SH,cp,3,cn_a,INDUSTRY_C39,0.03915438251787392,0.03569357761881492,0.03915438251787392,0.0969587117433548,0,volatility_factor,0.3267400562763214,momentum_factor,0.298825204372406,quality_factor,0.2759213447570801
2020-12-23,002583.SZ,cp,3,cn_a,INDUSTRY_C39,0.036154364033619615,0.032958726862919896,0.036154364033619615,0.0969587117433548,1,value_factor,0.5403739213943481,quality_factor,0.33233141899108887,volatility_factor,0.11983514577150345
2020-12-23,600563.SH,cp,3,cn_a,INDUSTRY_C39,0.03592700064498332,0.032751459828220475,0.03592700064498332,0.0969587117433548,0,volatility_factor,0.343747615814209,momentum_factor,0.30521777272224426,value_factor,0.2760787904262543
2020-12-23,002152.SZ,cp,3,cn_a,INDUSTRY_C39,0.03346448719009792,0.030506604731879633,0.03346448719009792,0.0969587117433548,2,value_factor,0.42155855894088745,quality_factor,0.3706805408000946,momentum_factor,0.1332622468471527
2020-12-23,603228.SH,cp,3,cn_a,INDUSTRY_C39,0.031856351481400744,0.02904061004498175,0.031856351481400744,0.0969587117433548,0,quality_factor,0.4009281098842621,value_factor,0.3887793719768524,momentum_factor,0.11486879736185074
2020-12-23,002841.SZ,cp,3,cn_a,INDUSTRY_C39,0.028566879713976007,0.026041890404801593,0.028566879713976007,0.0969587117433548,2,quality_factor,0.5397924780845642,value_factor,0.32239407300949097,volatility_factor,0.07028323411941528
2020-12-23,300735.SZ,cp,3,cn_a,INDUSTRY_C39,0.0257350627867333,0.02346037408926093,0.0257350627867333,0.0969587117433548,0,quality_factor,0.3522341251373291,value_factor,0.289275199174881,momentum_factor,0.1830866038799286
2020-12-23,603920.SH,cp,3,cn_a,INDUSTRY_C39,0.02545563982860223,0.023205648962642544,0.02545563982860223,0.0969587117433548,2,value_factor,0.4858570396900177,quality_factor,0.34078264236450195,momentum_factor,0.14335550367832184
2020-12-23,002025.SZ,cp,3,cn_a,INDUSTRY_C39,0.023671797747652684,0.021579478360998786,0.023671797747652684,0.0969587117433548,0,momentum_factor,0.3738386929035187,volatility_factor,0.3718178868293762,quality_factor,0.20510509610176086
2020-12-23,601231.SH,cp,3,cn_a,INDUSTRY_C39,0.02165409623710686,0.019740118860299444,0.02165409623710686,0.0969587117433548,1,value_factor,0.4200901687145233,volatility_factor,0.24688521027565002,quality_factor,0.18158301711082458
2020-12-23,300073.SZ,cp,3,cn_a,INDUSTRY_C39,0.01925078882714827,0.017549236663649548,0.01925078882714827,0.0969587117433548,0,volatility_factor,0.32138791680336,quality_factor,0.29259780049324036,momentum_factor,0.28294798731803894
2020-12-23,600498.SH,cp,3,cn_a,INDUSTRY_C39,0.016311078556198254,0.014869363556594878,0.016311078556198254,0.0969587117433548,0,quality_factor,0.2919650077819824,value_factor,0.2598232328891754,momentum_factor,0.24376267194747925
2020-12-23,300570.SZ,cp,3,cn_a,INDUSTRY_C39,0.014663844378516502,0.013367726263487055,0.014663844378516502,0.0969587117433548,0,quality_factor,0.3890414834022522,value_factor,0.286438524723053,volatility_factor,0.17320969700813293
2020-12-23,603486.SH,cp,3,cn_a,INDUSTRY_C39,0.009364188081634405,0.008536499687523319,0.009364188081634405,0.0969587117433548,2,momentum_factor,0.4264214038848877,volatility_factor,0.2814341187477112,value_factor,0.18582406640052795
2020-12-23,688100.SH,cp,3,cn_a,INDUSTRY_C39,0.007660364705914025,0.0069832750419229345,0.007660364705914025,0.0969587117433548,2,momentum_factor,0.5199888348579407,volatility_factor,0.29282501339912415,value_factor,0.15743473172187805
2020-12-23,002138.SZ,cp,3,cn_a,INDUSTRY_C39,0.006918346109402502,0.006306842503187388,0.006918346109402502,0.0969587117433548,2,momentum_factor,0.48063355684280396,volatility_factor,0.29706376791000366,value_factor,0.17398908734321594
2020-12-23,002273.SZ,cp,3,cn_a,INDUSTRY_C39,0.006600655719778179,0.0060172323535283845,0.006600655719778179,0.0969587117433548,0,volatility_factor,0.40921828150749207,momentum_factor,0.3919081389904022,quality_factor,0.14606796205043793
2020-12-23,600363.SH,cp,3,cn_a,INDUSTRY_C39,0.0053294398892651616,0.004858377635388739,0.0053294398892651616,0.0969587117433548,0,quality_factor,0.31370019912719727,volatility_factor,0.2871415913105011,momentum_factor,0.25352537631988525
2020-12-23,603659.SH,cp,3,cn_a,INDUSTRY_C39,0.005293920367653798,0.0048259976380528175,0.005293920367653798,0.0969587117433548,2,momentum_factor,0.5023887753486633,volatility_factor,0.24086546897888184,value_factor,0.20435279607772827
2020-12-23,300136.SZ,cp,3,cn_a,INDUSTRY_C39,0.004125611016994552,0.0037609536299776924,0.004125611016994552,0.0969587117433548,2,momentum_factor,0.35624226927757263,value_factor,0.2699243724346161,volatility_factor,0.212173730134964
2020-12-23,600060.SH,cp,3,cn_a,INDUSTRY_C39,0.003509926067717702,0.003199688271860568,0.003509926067717702,0.0969587117433548,2,quality_factor,0.44170892238616943,volatility_factor,0.36103734374046326,value_factor,0.1669033318758011
2020-12-23,002402.SZ,cp,3,cn_a,INDUSTRY_C39,0.002990208597581312,0.0027259079523344193,0.002990208597581312,0.0969587117433548,2,quality_factor,0.6095790863037109,volatility_factor,0.2385101467370987,momentum_factor,0.07819021493196487
2020-12-23,600884.SH,cp,3,cn_a,INDUSTRY_C39,0.002854163818177736,0.002601887993877422,0.002854163818177736,0.0969587117433548,0,momentum_factor,0.270416796207428,quality_factor,0.26396089792251587,value_factor,0.2522086203098297
2020-12-23,600699.SH,cp,3,cn_a,INDUSTRY_C39,-0.00029962992208358856,-0.00027314602333283755,-0.00029962992208358856,0.0969587117433548,2,value_factor,0.32361793518066406,quality_factor,0.28587353229522705,momentum_factor,0.22124221920967102
2020-12-23,300037.SZ,cp,3,cn_a,INDUSTRY_C39,-0.0006633426177601692,-0.0006047106273245895,-0.0006633426177601692,0.0969587117433548,0,momentum_factor,0.2715788185596466,quality_factor,0.26345524191856384,value_factor,0.24938617646694183
2020-12-23,002130.SZ,cp,3,cn_a,INDUSTRY_C39,-0.0006859147284315549,-0.0006252876185184053,-0.0006859147284315549,0.0969587117433548,0,quality_factor,0.3807809054851532,volatility_factor,0.2929213345050812,momentum_factor,0.19893509149551392
2020-12-23,603290.SH,cp,3,cn_a,INDUSTRY_C39,-0.005653270341653128,-0.005153585135656922,-0.005653270341653128,0.0969587117433548,0,momentum_factor,0.2944285273551941,volatility_factor,0.2813008725643158,quality_factor,0.26282986998558044
2020-12-23,300627.SZ,cp,3,cn_a,INDUSTRY_C39,-0.007279575586088803,-0.006636143376682724,-0.007279575586088803,0.0969587117433548,0,volatility_factor,0.3988015353679657,momentum_factor,0.31388911604881287,quality_factor,0.1987871676683426
2020-12-23,002281.SZ,cp,3,cn_a,INDUSTRY_C39,-0.008087225685267353,-0.007372406335004522,-0.008087225685267353,0.0969587117433548,2,volatility_factor,0.3701840043067932,value_factor,0.3697742819786072,quality_factor,0.15800228714942932
2020-12-23,300919.SZ,cp,3,cn_a,INDUSTRY_C39,-0.009027821101602265,-0.008229863746969213,-0.009027821101602265,0.0969587117433548,2,value_factor,0.37119564414024353,quality_factor,0.2851846516132355,momentum_factor,0.22151149809360504
2020-12-23,688608.SH,cp,3,cn_a,INDUSTRY_C39,-0.009027821101602265,-0.008229863746969213,-0.009027821101602265,0.0969587117433548,2,value_factor,0.37119564414024353,quality_factor,0.2851846516132355,momentum_factor,0.22151149809360504
2020-12-23,689009.SH,cp,3,cn_a,INDUSTRY_C39,-0.009027821101602265,-0.008229863746969213,-0.009027821101602265,0.0969587117433548,2,value_factor,0.37119564414024353,quality_factor,0.2851846516132355,momentum_factor,0.22151149809360504
2020-12-23,300679.SZ,cp,3,cn_a,INDUSTRY_C39,-0.009720900624703235,-0.008861682873283427,-0.009720900624703235,0.0969587117433548,1,value_factor,0.5796627402305603,volatility_factor,0.32365304231643677,quality_factor,0.053630631417036057
2020-12-23,605358.SH,cp,3,cn_a,INDUSTRY_C39,-0.009765479648621898,-0.008902321615311487,-0.009765479648621898,0.0969587117433548,0,quality_factor,0.3197769224643707,value_factor,0.28864461183547974,momentum_factor,0.2119014710187912
2020-12-23,300623.SZ,cp,3,cn_a,INDUSTRY_C39,-0.014285572763582636,-0.013022889584158176,-0.014285572763582636,0.0969587117433548,0,momentum_factor,0.43842047452926636,volatility_factor,0.41546937823295593,quality_factor,0.13732454180717468
2020-12-23,002156.SZ,cp,3,cn_a,INDUSTRY_C39,-0.015653990797588477,-0.014270354929563037,-0.015653990797588477,0.0969587117433548,0,volatility_factor,0.3274313509464264,momentum_factor,0.3253343999385834,quality_factor,0.24475602805614471
2020-12-23,688027.SH,cp,3,cn_a,INDUSTRY_C39,-0.017104993035815797,-0.015593104968887453,-0.017104993035815797,0.0969587117433548,1,value_factor,0.47514888644218445,quality_factor,0.3843974769115448,momentum_factor,0.10756489634513855
2020-12-23,688981.SH,cp,3,cn_a,INDUSTRY_C39,-0.017900180606412703,-0.016318006945305052,-0.017900180606412703,0.0969587117433548,2,value_factor,0.5105584263801575,quality_factor,0.33864012360572815,momentum_factor,0.1389843225479126
2020-12-23,002465.SZ,cp,3,cn_a,INDUSTRY_C39,-0.02172589775877782,-0.019805573938942084,-0.02172589775877782,0.0969587117433548,0,value_factor,0.37664172053337097,quality_factor,0.3563403785228729,momentum_factor,0.1573105901479721
2020-12-23,300458.SZ,cp,3,cn_a,INDUSTRY_C39,-0.02220241237683633,-0.020239970050243472,-0.02220241237683633,0.0969587117433548,2,value_factor,0.45857855677604675,quality_factor,0.30539706349372864,momentum_factor,0.1815119832754135
2020-12-23,300054.SZ,cp,3,cn_a,INDUSTRY_C39,-0.022831395832714454,-0.020813358477275553,-0.022831395832714454,0.0969587117433548,0,quality_factor,0.4221336841583252,value_factor,0.3452913463115692,volatility_factor,0.12540172040462494
2020-12-23,300373.SZ,cp,3,cn_a,INDUSTRY_C39,-0.024090542339457063,-0.02196121066346085,-0.024090542339457063,0.0969587117433548,1,value_factor,0.4353947639465332,quality_factor,0.37248796224594116,momentum_factor,0.12815847992897034
2020-12-23,600562.SH,cp,3,cn_a,INDUSTRY_C39,-0.02496812226903638,-0.022761222445509877,-0.02496812226903638,0.0969587117433548,2,value_factor,0.5577962398529053,quality_factor,0.2399931102991104,momentum_factor,0.11402156203985214
2020-12-23,600171.SH,cp,3,cn_a,INDUSTRY_C39,-0.025070274382881026,-0.022854345466994774,-0.025070274382881026,0.0969587117433548,1,value_factor,0.3956097960472107,quality_factor,0.22326402366161346,volatility_factor,0.21861237287521362
2020-12-23,300390.SZ,cp,3,cn_a,INDUSTRY_C39,-0.025788404821783274,-0.023509001291274208,-0.025788404821783274,0.0969587117433548,0,value_factor,0.35638219118118286,quality_factor,0.3052634000778198,momentum_factor,0.17642417550086975
2020-12-23,300474.SZ,cp,3,cn_a,INDUSTRY_C39,-0.02721584435214376,-0.024810271299805897,-0.02721584435214376,0.0969587117433548,2,value_factor,0.4141620695590973,quality_factor,0.29768678545951843,momentum_factor,0.19958029687404633
2020-12-23,603019.SH,cp,3,cn_a,INDUSTRY_C39,-0.027452655629046533,-0.025026151136227304,-0.027452655629046533,0.0969587117433548,1,value_factor,0.48426076769828796,volatility_factor,0.23521484434604645,quality_factor,0.18699821829795837
2020-12-23,603160.SH,cp,3,cn_a,INDUSTRY_C39,-0.02881254690538754,-0.02626584339297708,-0.02881254690538754,0.0969587117433548,1,value_factor,0.4929980933666229,quality_factor,0.40034008026123047,momentum_factor,0.08896446973085403
2020-12-23,600764.SH,cp,3,cn_a,INDUSTRY_C39,-0.031921954319812235,-0.029100414333908697,-0.031921954319812235,0.0969587117433548,0,value_factor,0.3747837245464325,quality_factor,0.35621705651283264,momentum_factor,0.15789061784744263
2020-12-23,002436.SZ,cp,3,cn_a,INDUSTRY_C39,-0.032620895573913816,-0.029737577080451258,-0.032620895573913816,0.0969587117433548,1,value_factor,0.4690033197402954,quality_factor,0.4475780129432678,volatility_factor,0.04209895431995392
2020-12-23,300857.SZ,cp,3,cn_a,INDUSTRY_C39,-0.03518613343360324,-0.03207607690518349,-0.03518613343360324,0.0969587117433548,0,quality_factor,0.3334544897079468,value_factor,0.3211134672164917,momentum_factor,0.19159406423568726
2020-12-23,600435.SH,cp,3,cn_a,INDUSTRY_C39,-0.03664945550112834,-0.03341005784013218,-0.03664945550112834,0.0969587117433548,2,value_factor,0.5049893260002136,quality_factor,0.31913530826568604,momentum_factor,0.15761618316173553
2020-12-23,300223.SZ,cp,3,cn_a,INDUSTRY_C39,-0.03830982109970988,-0.03492366588494111,-0.03830982109970988,0.0969587117433548,1,value_factor,0.4946284294128418,volatility_factor,0.2694909870624542,quality_factor,0.13953210413455963
2020-12-23,688002.SH,cp,3,cn_a,INDUSTRY_C39,-0.03835321115368636,-0.034963220748532364,-0.03835321115368636,0.0969587117433548,0,quality_factor,0.34229153394699097,value_factor,0.3315593898296356,momentum_factor,0.1811438500881195
2020-12-23,300115.SZ,cp,3,cn_a,INDUSTRY_C39,-0.038388096200679435,-0.03499502235163554,-0.038388096200679435,0.0969587117433548,2,value_factor,0.5066724419593811,quality_factor,0.3547312021255493,momentum_factor,0.12576352059841156
2020-12-23,300346.SZ,cp,3,cn_a,INDUSTRY_C39,-0.03886133766517098,-0.03542643461915271,-0.03886133766517098,0.0969587117433548,0,volatility_factor,0.342170387506485,momentum_factor,0.302290141582489,value_factor,0.27892735600471497
2020-12-23,002414.SZ,cp,3,cn_a,INDUSTRY_C39,-0.03921736487413047,-0.035750993046593224,-0.03921736487413047,0.0969587117433548,0,momentum_factor,0.28756675124168396,volatility_factor,0.2792966663837433,value_factor,0.2712571620941162
2020-12-23,600118.SH,cp,3,cn_a,INDUSTRY_C39,-0.039274503581820316,-0.035803081338294296,-0.039274503581820316,0.0969587117433548,1,value_factor,0.5190966725349426,quality_factor,0.4029601812362671,momentum_factor,0.062430232763290405
2020-12-23,688008.SH,cp,3,cn_a,INDUSTRY_C39,-0.039372099712818416,-0.035892051074325415,-0.039372099712818416,0.0969587117433548,1,value_factor,0.5145424604415894,quality_factor,0.4146755635738373,momentum_factor,0.07030753791332245
2020-12-23,603501.SH,cp,3,cn_a,INDUSTRY_C39,-0.03943963683706865,-0.0359536186800839,-0.03943963683706865,0.0969587117433548,1,value_factor,0.5242120027542114,quality_factor,0.36566150188446045,momentum_factor,0.09870088845491409
2020-12-23,688019.SH,cp,3,cn_a,INDUSTRY_C39,-0.04208582077918195,-0.03836590986839125,-0.04208582077918195,0.0969587117433548,0,value_factor,0.3838123083114624,quality_factor,0.37629467248916626,momentum_factor,0.13787585496902466
2020-12-23,002185.SZ,cp,3,cn_a,INDUSTRY_C39,-0.04371754530194083,-0.039853408384784156,-0.04371754530194083,0.0969587117433548,1,value_factor,0.3797774612903595,quality_factor,0.31326642632484436,momentum_factor,0.1537904143333435
2020-12-24,600707.SH,cp,3,cn_a,INDUSTRY_C39,0.09695252010005853,0.0814395631196248,0.09695252010005853,0.19048427045345306,2,value_factor,0.4516289234161377,quality_factor,0.34350818395614624,volatility_factor,0.12201172113418579
2020-12-24,002429.SZ,cp,3,cn_a,INDUSTRY_C39,0.07341213856739358,0.06166577708795712,0.07341213856739358,0.19048427045345306,2,value_factor,0.4509965777397156,quality_factor,0.3421049118041992,volatility_factor,0.12313652038574219
2020-12-24,600498.SH,cp,3,cn_a,INDUSTRY_C39,0.06008782578446883,0.050473430454875956,0.06008782578446883,0.19048427045345306,0,quality_factor,0.3662354350090027,value_factor,0.3166700005531311,momentum_factor,0.16377989947795868
2020-12-24,002152.SZ,cp,3,cn_a,INDUSTRY_C39,0.04198090922020652,0.03526372396230455,0.04198090922020652,0.19048427045345306,2,value_factor,0.4422985315322876,quality_factor,0.4419592618942261,momentum_factor,0.0650751143693924
2020-12-24,002583.SZ,cp,3,cn_a,INDUSTRY_C39,0.04162722579653139,0.034966631906553663,0.04162722579653139,0.19048427045345306,1,value_factor,0.4393754005432129,quality_factor,0.35494378209114075,volatility_factor,0.11491230130195618
2020-12-24,600060.SH,cp,3,cn_a,INDUSTRY_C39,0.04061376337938395,0.03411532926475058,0.04061376337938395,0.19048427045345306,2,value_factor,0.33720654249191284,volatility_factor,0.322672039270401,momentum_factor,0.2466944456100464
2020-12-24,603920.SH,cp,3,cn_a,INDUSTRY_C39,0.03900993376726926,0.03276812155117967,0.03900993376726926,0.19048427045345306,2,value_factor,0.5087261199951172,quality_factor,0.4622200131416321,momentum_factor,0.01946946606040001
2020-12-24,600884.SH,cp,3,cn_a,INDUSTRY_C39,0.036703840814096445,0.030831016642242637,0.036703840814096445,0.19048427045345306,0,quality_factor,0.3654199242591858,value_factor,0.3256707787513733,momentum_factor,0.16221781075000763
2020-12-24,600699.SH,cp,3,cn_a,INDUSTRY_C39,0.03466484016064233,0.029118267739516257,0.03466484016064233,0.19048427045345306,2,value_factor,0.4465871751308441,quality_factor,0.2659384310245514,volatility_factor,0.1806367039680481
2020-12-24,300735.SZ,cp,3,cn_a,INDUSTRY_C39,0.03177441040236035,0.02669032325184837,0.03177441040236035,0.19048427045345306,0,quality_factor,0.37508559226989746,value_factor,0.30892130732536316,volatility_factor,0.15806199610233307
2020-12-24,603228.SH,cp,3,cn_a,INDUSTRY_C39,0.031076504798594227,0.026104086530917413,0.031076504798594227,0.19048427045345306,0,quality_factor,0.4253009855747223,value_factor,0.3907082676887512,momentum_factor,0.0928620770573616
2020-12-24,600563.SH,cp,3,cn_a,INDUSTRY_C39,0.024288502928212125,0.02040220373087681,0.024288502928212125,0.19048427045345306,0,volatility_factor,0.4104757010936737,momentum_factor,0.4028269946575165,value_factor,0.15894785523414612
2020-12-24,601231.SH,cp,3,cn_a,INDUSTRY_C39,0.02153398240499048,0.018088422224385822,0.02153398240499048,0.19048427045345306,1,value_factor,0.34330546855926514,volatility_factor,0.2350456863641739,momentum_factor,0.21205070614814758
2020-12-24,600601.SH,cp,3,cn_a,INDUSTRY_C39,0.01558211801105779,0.013088890128790137,0.01558211801105779,0.19048427045345306,0,quality_factor,0.2897537648677826,volatility_factor,0.27804869413375854,momentum_factor,0.27062535285949707
2020-12-24,300073.SZ,cp,3,cn_a,INDUSTRY_C39,0.011099528519853106,0.00932354055941767,0.011099528519853106,0.19048427045345306,0,quality_factor,0.2882373631000519,volatility_factor,0.28567585349082947,momentum_factor,0.27449432015419006
2020-12-24,300570.SZ,cp,3,cn_a,INDUSTRY_C39,0.011002179882697314,0.009241768260233735,0.011002179882697314,0.19048427045345306,0,quality_factor,0.3698272109031677,value_factor,0.2786431610584259,volatility_factor,0.1812794804573059
2020-12-24,002130.SZ,cp,3,cn_a,INDUSTRY_C39,0.009574216246846451,0.008042286962229445,0.009574216246846451,0.19048427045345306,0,volatility_factor,0.3337155878543854,momentum_factor,0.29878830909729004,quality_factor,0.27877533435821533
2020-12-24,002025.SZ,cp,3,cn_a,INDUSTRY_C39,0.005253342032630679,0.0044127773018573235,0.005253342032630679,0.19048427045345306,0,quality_factor,0.2817533314228058,momentum_factor,0.2755233645439148,volatility_factor,0.27261117100715637
2020-12-24,603290.SH,cp,3,cn_a,INDUSTRY_C39,0.0047927008274028975,0.0040258413205137575,0.0047927008274028975,0.19048427045345306,0,quality_factor,0.3231745958328247,value_factor,0.23707327246665955,momentum_factor,0.22197717428207397
2020-12-24,002273.SZ,cp,3,cn_a,INDUSTRY_C39,0.0030633026068066856,0.0025731566930295158,0.0030633026068066856,0.19048427045345306,0,volatility_factor,0.3288007974624634,momentum_factor,0.3276582658290863,quality_factor,0.2425512969493866
2020-12-24,600363.SH,cp,3,cn_a,INDUSTRY_C39,0.0018720478296253844,0.0015725094842959225,0.0018720478296253844,0.19048427045345306,0,quality_factor,0.3057599663734436,volatility_factor,0.26271679997444153,momentum_factor,0.2519235610961914
2020-12-24,002841.SZ,cp,3,cn_a,INDUSTRY_C39,0.0013465824258706313,0.0011311215464465535,0.0013465824258706313,0.19048427045345306,2,quality_factor,0.40854671597480774,volatility_factor,0.2824835777282715,momentum_factor,0.17198148369789124
2020-12-24,002156.SZ,cp,3,cn_a,INDUSTRY_C39,-0.001129091496178911,-0.000948430407750056,-0.001129091496178911,0.19048427045345306,0,quality_factor,0.29835405945777893,momentum_factor,0.2554585933685303,volatility_factor,0.25474223494529724
2020-12-24,300623.SZ,cp,3,cn_a,INDUSTRY_C39,-0.003058278702115531,-0.002568936641784019,-0.003058278702115531,0.19048427045345306,0,momentum_factor,0.28693029284477234,volatility_factor,0.27748385071754456,quality_factor,0.27018606662750244
2020-12-24,002402.SZ,cp,3,cn_a,INDUSTRY_C39,-0.005163711668502662,-0.004337488307932201,-0.005163711668502662,0.19048427045345306,2,volatility_factor,0.37020593881607056,value_factor,0.3443750739097595,momentum_factor,0.2566733658313751
2020-12-24,300627.SZ,cp,3,cn_a,INDUSTRY_C39,-0.006822264648668291,-0.005730663338102036,-0.006822264648668291,0.19048427045345306,0,volatility_factor,0.4080008864402771,momentum_factor,0.38236626982688904,quality_factor,0.18384574353694916
2020-12-24,002138.SZ,cp,3,cn_a,INDUSTRY_C39,-0.0076926521588549564,-0.0064617838752600715,-0.0076926521588549564,0.19048427045345306,2,value_factor,0.3618731200695038,quality_factor,0.3540308475494385,momentum_factor,0.16309402883052826
2020-12-24,688100.SH,cp,3,cn_a,INDUSTRY_C39,-0.008032507366209213,-0.006747260308284153,-0.008032507366209213,0.19048427045345306,2,value_factor,0.38609808683395386,quality_factor,0.3582633435726166,momentum_factor,0.15321536362171173
2020-12-24,603659.SH,cp,3,cn_a,INDUSTRY_C39,-0.008131608000732548,-0.006830504275249928,-0.008131608000732548,0.19048427045345306,2,value_factor,0.433334618806839,quality_factor,0.37890347838401794,momentum_factor,0.12301680445671082
2020-12-24,300037.SZ,cp,3,cn_a,INDUSTRY_C39,-0.01053582712889546,-0.008850034610710641,-0.01053582712889546,0.19048427045345306,0,quality_factor,0.36417892575263977,value_factor,0.3232412040233612,momentum_factor,0.16392943263053894
2020-12-24,603486.SH,cp,3,cn_a,INDUSTRY_C39,-0.012026718702408127,-0.010102375016924882,-0.012026718702408127,0.19048427045345306,2,quality_factor,0.3530784547328949,value_factor,0.3467852473258972,momentum_factor,0.1677602082490921
2020-12-24,300390.SZ,cp,3,cn_a,INDUSTRY_C39,-0.01422660984011224,-0.011950271007461894,-0.01422660984011224,0.19048427045345306,0,value_factor,0.3075939118862152,quality_factor,0.24272441864013672,momentum_factor,0.23517590761184692
2020-12-24,300054.SZ,cp,3,cn_a,INDUSTRY_C39,-0.01630544512127189,-0.013696480769937187,-0.01630544512127189,0.19048427045345306,0,quality_factor,0.40049391984939575,value_factor,0.3250139355659485,volatility_factor,0.14307302236557007
2020-12-24,300679.SZ,cp,3,cn_a,INDUSTRY_C39,-0.017324357295005876,-0.014552361176145556,-0.017324357295005876,0.19048427045345306,1,value_factor,0.3904876708984375,quality_factor,0.23750993609428406,volatility_factor,0.2085638791322708
2020-12-24,002281.SZ,cp,3,cn_a,INDUSTRY_C39,-0.01736922504422962,-0.014590049829222046,-0.01736922504422962,0.19048427045345306,2,value_factor,0.3447694480419159,volatility_factor,0.27959132194519043,momentum_factor,0.22582225501537323
2020-12-24,605358.SH,cp,3,cn_a,INDUSTRY_C39,-0.018706106898090463,-0.015713022950587206,-0.018706106898090463,0.19048427045345306,0,quality_factor,0.3776380121707916,value_factor,0.32922106981277466,momentum_factor,0.1505308747291565
2020-12-24,002414.SZ,cp,3,cn_a,INDUSTRY_C39,-0.019823148459859906,-0.01665133148225901,-0.019823148459859906,0.19048427045345306,0,momentum_factor,0.4315963387489319,volatility_factor,0.4143476188182831,value_factor,0.12872058153152466
2020-12-24,300136.SZ,cp,3,cn_a,INDUSTRY_C39,-0.020701833506327847,-0.017389421902500216,-0.020701833506327847,0.19048427045345306,2,value_factor,0.39049142599105835,quality_factor,0.3808603286743164,momentum_factor,0.13215166330337524
2020-12-24,688027.SH,cp,3,cn_a,INDUSTRY_C39,-0.020828528326381785,-0.017495844827701786,-0.020828528326381785,0.19048427045345306,1,value_factor,0.4937676787376404,quality_factor,0.4693273603916168,momentum_factor,0.027863649651408195
2020-12-24,600171.SH,cp,3,cn_a,INDUSTRY_C39,-0.020924566213536694,-0.017576516104371602,-0.020924566213536694,0.19048427045345306,1,value_factor,0.33289751410484314,volatility_factor,0.23273929953575134,momentum_factor,0.22002984583377838
2020-12-24,300919.SZ,cp,3,cn_a,INDUSTRY_C39,-0.021688778572338252,-0.01821845012080754,-0.021688778572338252,0.19048427045345306,2,value_factor,0.4285059869289398,quality_factor,0.4179287552833557,momentum_factor,0.08978748321533203
2020-12-24,688608.SH,cp,3,cn_a,INDUSTRY_C39,-0.021688778572338252,-0.01821845012080754,-0.021688778572338252,0.19048427045345306,2,value_factor,0.4285059869289398,quality_factor,0.4179287552833557,momentum_factor,0.08978748321533203
2020-12-24,689009.SH,cp,3,cn_a,INDUSTRY_C39,-0.021688778572338252,-0.01821845012080754,-0.021688778572338252,0.19048427045345306,2,value_factor,0.4285059869289398,quality_factor,0.4179287552833557,momentum_factor,0.08978748321533203
2020-12-24,002436.SZ,cp,3,cn_a,INDUSTRY_C39,-0.022721274712387194,-0.01908574098113283,-0.022721274712387194,0.19048427045345306,1,value_factor,0.4640311598777771,quality_factor,0.4616716504096985,momentum_factor,0.0421505868434906
2020-12-24,300346.SZ,cp,3,cn_a,INDUSTRY_C39,-0.02654811476489814,-0.022300264767451464,-0.02654811476489814,0.19048427045345306,0,volatility_factor,0.41036948561668396,momentum_factor,0.40212103724479675,value_factor,0.16591686010360718
2020-12-24,002185.SZ,cp,3,cn_a,INDUSTRY_C39,-0.027098822822928102,-0.022762856390713355,-0.027098822822928102,0.19048427045345306,1,value_factor,0.3396601974964142,quality_factor,0.27352508902549744,momentum_factor,0.1991569548845291
2020-12-24,688981.SH,cp,3,cn_a,INDUSTRY_C39,-0.027795899319428996,-0.023348396666277138,-0.027795899319428996,0.19048427045345306,2,value_factor,0.5130349397659302,quality_factor,0.45560503005981445,volatility_factor,0.02769588679075241
2020-12-24,002465.SZ,cp,3,cn_a,INDUSTRY_C39,-0.02889933897565668,-0.02427527967498397,-0.02889933897565668,0.19048427045345306,0,quality_factor,0.419441819190979,value_factor,0.40133193135261536,momentum_factor,0.09534134715795517
2020-12-24,300373.SZ,cp,3,cn_a,INDUSTRY_C39,-0.03026628560618386,-0.025423507037027643,-0.03026628560618386,0.19048427045345306,1,value_factor,0.45622676610946655,quality_factor,0.44891247153282166,momentum_factor,0.05540507286787033
2020-12-24,603160.SH,cp,3,cn_a,INDUSTRY_C39,-0.0329356443929951,-0.027665753171352808,-0.0329356443929951,0.19048427045345306,1,value_factor,0.5050194263458252,quality_factor,0.4774276614189148,momentum_factor,0.015278473496437073
2020-12-24,603019.SH,cp,3,cn_a,INDUSTRY_C39,-0.0332376482884825,-0.02791943471860435,-0.0332376482884825,0.19048427045345306,1,value_factor,0.38020914793014526,quality_factor,0.2507944107055664,volatility_factor,0.19984681904315948
2020-12-24,300458.SZ,cp,3,cn_a,INDUSTRY_C39,-0.041553587197712634,-0.03490477590414803,-0.041553587197712634,0.19048427045345306,2,value_factor,0.5031001567840576,quality_factor,0.45692989230155945,momentum_factor,0.036442697048187256
2020-12-24,600764.SH,cp,3,cn_a,INDUSTRY_C39,-0.042434049225086444,-0.03564435897820058,-0.042434049225086444,0.19048427045345306,0,quality_factor,0.4185149669647217,value_factor,0.3994182348251343,momentum_factor,0.09664484113454819
2020-12-24,688008.SH,cp,3,cn_a,INDUSTRY_C39,-0.04296826755117293,-0.036093099320814476,-0.04296826755117293,0.19048427045345306,1,value_factor,0.5073255300521851,quality_factor,0.47442641854286194,volatility_factor,0.017464669421315193
2020-12-24,600118.SH,cp,3,cn_a,INDUSTRY_C39,-0.04362327161732548,-0.03664329899519106,-0.04362327161732548,0.19048427045345306,1,value_factor,0.49725183844566345,quality_factor,0.45568573474884033,volatility_factor,0.03267977014183998
2020-12-24,600562.SH,cp,3,cn_a,INDUSTRY_C39,-0.04570432668332457,-0.03839137336425272,-0.04570432668332457,0.19048427045345306,2,value_factor,0.4691936671733856,quality_factor,0.36781924962997437,volatility_factor,0.10174014419317245
2020-12-24,688019.SH,cp,3,cn_a,INDUSTRY_C39,-0.04861657678726557,-0.04083764681764275,-0.04861657678726557,0.19048427045345306,0,quality_factor,0.42284950613975525,value_factor,0.3986934721469879,momentum_factor,0.0930018350481987
2020-12-24,300223.SZ,cp,3,cn_a,INDUSTRY_C39,-0.05099411123426671,-0.04283476217334267,-0.05099411123426671,0.19048427045345306,1,value_factor,0.3753564953804016,quality_factor,0.2340460568666458,volatility_factor,0.21295166015625
2020-12-24,603501.SH,cp,3,cn_a,INDUSTRY_C39,-0.05247128719773467,-0.0440755815454589,-0.05247128719773467,0.19048427045345306,1,value_factor,0.501799464225769,quality_factor,0.44617822766304016,volatility_factor,0.03925192728638649
2020-12-24,300115.SZ,cp,3,cn_a,INDUSTRY_C39,-0.05514891589443855,-0.04632477435685858,-0.05514891589443855,0.19048427045345306,2,value_factor,0.5113055109977722,quality_factor,0.46045950055122375,volatility_factor,0.02233787253499031
2020-12-24,300474.SZ,cp,3,cn_a,INDUSTRY_C39,-0.055396414643991504,-0.04653267189284263,-0.055396414643991504,0.19048427045345306,2,value_factor,0.46408316493034363,quality_factor,0.4370483160018921,momentum_factor,0.06388755142688751
2020-12-24,688002.SH,cp,3,cn_a,INDUSTRY_C39,-0.05573388012065356,-0.04681614096573471,-0.05573388012065356,0.19048427045345306,0,quality_factor,0.3973812460899353,value_factor,0.3610319495201111,momentum_factor,0.12503519654273987
2020-12-24,300857.SZ,cp,3,cn_a,INDUSTRY_C39,-0.05581954005751238,-0.04688809482343162,-0.05581954005751238,0.19048427045345306,0,quality_factor,0.39267927408218384,value_factor,0.3550785779953003,momentum_factor,0.13069579005241394
2020-12-24,600435.SH,cp,3,cn_a,INDUSTRY_C39,-0.06261593957303124,-0.05259703159742221,-0.06261593957303124,0.19048427045345306,2,value_factor,0.5133888721466064,quality_factor,0.4524524509906769,volatility_factor,0.02691628411412239
2020-12-25,600707.SH,cp,3,cn_a,INDUSTRY_C39,0.07138902267223932,0.06382555071442064,0.07138902267223932,0.11850227415561676,2,value_factor,0.5501917600631714,quality_factor,0.3211844861507416,volatility_factor,0.11663668602705002
2020-12-25,002429.SZ,cp,3,cn_a,INDUSTRY_C39,0.053967173473881754,0.0482494988520219,0.053967173473881754,0.11850227415561676,2,value_factor,0.5506437420845032,quality_factor,0.319831907749176,volatility_factor,0.1179642602801323
2020-12-25,600601.SH,cp,3,cn_a,INDUSTRY_C39,0.050578290881346896,0.04521965911366166,0.050578290881346896,0.11850227415561676,0,volatility_factor,0.3953159749507904,momentum_factor,0.3670920431613922,quality_factor,0.2225746065378189
2020-12-25,002583.SZ,cp,3,cn_a,INDUSTRY_C39,0.03736838512000244,0.033409306785764176,0.03736838512000244,0.11850227415561676,1,value_factor,0.5049672722816467,quality_factor,0.35484710335731506,volatility_factor,0.10719636082649231
2020-12-25,600563.SH,cp,3,cn_a,INDUSTRY_C39,0.03450043940569108,0.03084521208628363,0.03450043940569108,0.11850227415561676,0,value_factor,0.3128175139427185,volatility_factor,0.2755606174468994,momentum_factor,0.2513449192047119
2020-12-25,002152.SZ,cp,3,cn_a,INDUSTRY_C39,0.03210755428510674,0.02870584660822073,0.03210755428510674,0.11850227415561676,2,value_factor,0.4479551315307617,quality_factor,0.39868196845054626,momentum_factor,0.10184849053621292
2020-12-25,300073.SZ,cp,3,cn_a,INDUSTRY_C39,0.028216478494438327,0.025227019669362305,0.028216478494438327,0.11850227415561676,0,volatility_factor,0.39586564898490906,momentum_factor,0.35485967993736267,quality_factor,0.2373054325580597
2020-12-25,603920.SH,cp,3,cn_a,INDUSTRY_C39,0.027964775194159828,0.025001983646237708,0.027964775194159828,0.11850227415561676,2,value_factor,0.5159203410148621,quality_factor,0.39120131731033325,momentum_factor,0.09122096747159958
2020-12-25,603228.SH,cp,3,cn_a,INDUSTRY_C39,0.026760590632969764,0.023925379150156745,0.026760590632969764,0.11850227415561676,0,quality_factor,0.41452160477638245,value_factor,0.4051559567451477,momentum_factor,0.0987156331539154
2020-12-25,002025.SZ,cp,3,cn_a,INDUSTRY_C39,0.023209628293865532,0.020750631571666248,0.023209628293865532,0.11850227415561676,0,momentum_factor,0.4196777045726776,volatility_factor,0.4129468500614166,quality_factor,0.13887685537338257
2020-12-25,601231.SH,cp,3,cn_a,INDUSTRY_C39,0.022378487528121962,0.02000754789984821,0.022378487528121962,0.11850227415561676,1,value_factor,0.42133671045303345,quality_factor,0.2509845495223999,volatility_factor,0.19482114911079407
2020-12-25,600060.SH,cp,3,cn_a,INDUSTRY_C39,0.021805179727174336,0.019494980494459357,0.021805179727174336,0.11850227415561676,2,value_factor,0.4739949107170105,volatility_factor,0.3685409426689148,momentum_factor,0.0910729393362999
2020-12-25,300735.SZ,cp,3,cn_a,INDUSTRY_C39,0.01876453954261128,0.01677648783214698,0.01876453954261128,0.11850227415561676,0,quality_factor,0.35292619466781616,value_factor,0.2911107838153839,momentum_factor,0.1820102334022522
2020-12-25,600498.SH,cp,3,cn_a,INDUSTRY_C39,0.01657180458633729,0.014816067155182439,0.01657180458633729,0.11850227415561676,0,quality_factor,0.2999435365200043,value_factor,0.2715907692909241,momentum_factor,0.23373526334762573
2020-12-25,002841.SZ,cp,3,cn_a,INDUSTRY_C39,0.015321459577020939,0.013698192784370011,0.015321459577020939,0.11850227415561676,2,quality_factor,0.5533400177955627,value_factor,0.2774319648742676,volatility_factor,0.10585878789424896
2020-12-25,600699.SH,cp,3,cn_a,INDUSTRY_C39,0.014190294145429851,0.012686871240553843,0.014190294145429851,0.11850227415561676,2,value_factor,0.6024659872055054,volatility_factor,0.1992168426513672,momentum_factor,0.11520141363143921
2020-12-25,600363.SH,cp,3,cn_a,INDUSTRY_C39,0.012175324986626806,0.010885382560373497,0.012175324986626806,0.11850227415561676,0,volatility_factor,0.3413888216018677,momentum_factor,0.3063202202320099,quality_factor,0.2729327976703644
2020-12-25,300570.SZ,cp,3,cn_a,INDUSTRY_C39,0.008919646902901673,0.00797463467695373,0.008919646902901673,0.11850227415561676,0,quality_factor,0.38136017322540283,value_factor,0.2737841010093689,volatility_factor,0.18355554342269897
2020-12-25,002130.SZ,cp,3,cn_a,INDUSTRY_C39,0.008726521749575314,0.007801970606113956,0.008726521749575314,0.11850227415561676,0,volatility_factor,0.3946169316768646,quality_factor,0.31908535957336426,momentum_factor,0.28121858835220337
2020-12-25,600884.SH,cp,3,cn_a,INDUSTRY_C39,0.006546159376856591,0.005852611671271879,0.006546159376856591,0.11850227415561676,0,quality_factor,0.2783988416194916,value_factor,0.2710949778556824,momentum_factor,0.252881795167923
2020-12-25,002273.SZ,cp,3,cn_a,INDUSTRY_C39,0.0065250583959578605,0.005833746281663461,0.0065250583959578605,0.11850227415561676,0,volatility_factor,0.40990740060806274,momentum_factor,0.3985382616519928,value_factor,0.1585245281457901
2020-12-25,603486.SH,cp,3,cn_a,INDUSTRY_C39,0.003658076797407512,0.003270513552512469,0.003658076797407512,0.11850227415561676,2,momentum_factor,0.36520594358444214,value_factor,0.23916684091091156,volatility_factor,0.23528768122196198
2020-12-25,688100.SH,cp,3,cn_a,INDUSTRY_C39,0.0027901537096451864,0.0024945445452251302,0.0027901537096451864,0.11850227415561676,2,momentum_factor,0.4221462607383728,value_factor,0.26174625754356384,volatility_factor,0.2267480492591858
2020-12-25,002138.SZ,cp,3,cn_a,INDUSTRY_C39,0.002695633610268022,0.0024100385922016937,0.002695633610268022,0.11850227415561676,2,momentum_factor,0.3934250473976135,value_factor,0.24420510232448578,volatility_factor,0.23544073104858398
2020-12-25,603659.SH,cp,3,cn_a,INDUSTRY_C39,0.0009315701827416774,0.0008328728664013796,0.0009315701827416774,0.11850227415561676,2,momentum_factor,0.3895875811576843,value_factor,0.3338479697704315,volatility_factor,0.1710323691368103
2020-12-25,002402.SZ,cp,3,cn_a,INDUSTRY_C39,-0.0008531990844951769,-0.0007628049719487218,-0.0008531990844951769,0.11850227415561676,2,quality_factor,0.3593217730522156,volatility_factor,0.3392587900161743,value_factor,0.2807113826274872
2020-12-25,300037.SZ,cp,3,cn_a,INDUSTRY_C39,-0.0017192539794959134,-0.0015371037163947193,-0.0017192539794959134,0.11850227415561676,0,quality_factor,0.2770712673664093,value_factor,0.26745954155921936,momentum_factor,0.2549755871295929
2020-12-25,300136.SZ,cp,3,cn_a,INDUSTRY_C39,-0.002417599979945536,-0.0021614618655817486,-0.002417599979945536,0.11850227415561676,2,value_factor,0.32449039816856384,momentum_factor,0.2878376245498657,quality_factor,0.22347061336040497
2020-12-25,603290.SH,cp,3,cn_a,INDUSTRY_C39,-0.006138413675296216,-0.005488065513061916,-0.006138413675296216,0.11850227415561676,0,momentum_factor,0.3188837170600891,volatility_factor,0.3024618625640869,quality_factor,0.24234771728515625
2020-12-25,605358.SH,cp,3,cn_a,INDUSTRY_C39,-0.008640587487689404,-0.007725140844551212,-0.008640587487689404,0.11850227415561676,0,quality_factor,0.3287152647972107,value_factor,0.301126629114151,momentum_factor,0.20084553956985474
2020-12-25,300627.SZ,cp,3,cn_a,INDUSTRY_C39,-0.008738793365222477,-0.007812942077602393,-0.008738793365222477,0.11850227415561676,0,volatility_factor,0.4001930356025696,momentum_factor,0.3264884948730469,value_factor,0.24399928748607635
2020-12-25,300919.SZ,cp,3,cn_a,INDUSTRY_C39,-0.011395801943731743,-0.0101884478546585,-0.011395801943731743,0.11850227415561676,2,value_factor,0.4092579185962677,quality_factor,0.3287864029407501,momentum_factor,0.17336733639240265
2020-12-25,688608.SH,cp,3,cn_a,INDUSTRY_C39,-0.011395801943731743,-0.0101884478546585,-0.011395801943731743,0.11850227415561676,2,value_factor,0.4092579185962677,quality_factor,0.3287864029407501,momentum_factor,0.17336733639240265
2020-12-25,689009.SH,cp,3,cn_a,INDUSTRY_C39,-0.011395801943731743,-0.0101884478546585,-0.011395801943731743,0.11850227415561676,2,value_factor,0.4092579185962677,quality_factor,0.3287864029407501,momentum_factor,0.17336733639240265
2020-12-25,300623.SZ,cp,3,cn_a,INDUSTRY_C39,-0.012774682334753722,-0.011421239634570576,-0.012774682334753722,0.11850227415561676,0,momentum_factor,0.44314777851104736,volatility_factor,0.41596657037734985,value_factor,0.08092037588357925
2020-12-25,002281.SZ,cp,3,cn_a,INDUSTRY_C39,-0.01286454128318388,-0.01150157827285822,-0.01286454128318388,0.11850227415561676,2,value_factor,0.47923746705055237,volatility_factor,0.28600776195526123,quality_factor,0.11989546567201614
2020-12-25,300679.SZ,cp,3,cn_a,INDUSTRY_C39,-0.013198937874567268,-0.011800546458766298,-0.013198937874567268,0.11850227415561676,1,value_factor,0.5081472992897034,quality_factor,0.22042176127433777,volatility_factor,0.20737604796886444
2020-12-25,300054.SZ,cp,3,cn_a,INDUSTRY_C39,-0.01626418754202666,-0.014541041296481289,-0.01626418754202666,0.11850227415561676,0,quality_factor,0.42269790172576904,value_factor,0.3450343906879425,volatility_factor,0.12552739679813385
2020-12-25,002156.SZ,cp,3,cn_a,INDUSTRY_C39,-0.01671951935453821,-0.014948131947165405,-0.01671951935453821,0.11850227415561676,0,momentum_factor,0.3775331377983093,volatility_factor,0.3760751783847809,quality_factor,0.20243822038173676
2020-12-25,688027.SH,cp,3,cn_a,INDUSTRY_C39,-0.016813291750990753,-0.015031969414346785,-0.016813291750990753,0.11850227415561676,1,value_factor,0.5010069012641907,quality_factor,0.4187515079975128,momentum_factor,0.07067931443452835
2020-12-25,688981.SH,cp,3,cn_a,INDUSTRY_C39,-0.020033795074595597,-0.01791126920740352,-0.020033795074595597,0.11850227415561676,2,value_factor,0.5221952795982361,quality_factor,0.38268959522247314,momentum_factor,0.08005964010953903
2020-12-25,002465.SZ,cp,3,cn_a,INDUSTRY_C39,-0.02038663324265124,-0.018226725135307348,-0.02038663324265124,0.11850227415561676,0,value_factor,0.40064796805381775,quality_factor,0.3784944415092468,momentum_factor,0.13166531920433044
2020-12-25,300390.SZ,cp,3,cn_a,INDUSTRY_C39,-0.02146117359513018,-0.019187420872475713,-0.02146117359513018,0.11850227415561676,0,value_factor,0.36393874883651733,quality_factor,0.319814532995224,momentum_factor,0.1660987138748169
2020-12-25,300373.SZ,cp,3,cn_a,INDUSTRY_C39,-0.023387704620900274,-0.020909841198255147,-0.023387704620900274,0.11850227415561676,1,value_factor,0.4623306095600128,quality_factor,0.40278342366218567,momentum_factor,0.09458276629447937
2020-12-25,600171.SH,cp,3,cn_a,INDUSTRY_C39,-0.024115036677111682,-0.02156011440976946,-0.024115036677111682,0.11850227415561676,1,value_factor,0.40231406688690186,quality_factor,0.2704595923423767,volatility_factor,0.18251149356365204
2020-12-25,300458.SZ,cp,3,cn_a,INDUSTRY_C39,-0.026581935639358435,-0.02376565216513446,-0.026581935639358435,0.11850227415561676,2,value_factor,0.49433961510658264,quality_factor,0.36289897561073303,momentum_factor,0.12167935818433762
2020-12-25,002436.SZ,cp,3,cn_a,INDUSTRY_C39,-0.027113322466775943,-0.024240740009634394,-0.027113322466775943,0.11850227415561676,1,value_factor,0.4612254202365875,quality_factor,0.4416181445121765,momentum_factor,0.04967564344406128
2020-12-25,603160.SH,cp,3,cn_a,INDUSTRY_C39,-0.027834579481658503,-0.024885581813855084,-0.027834579481658503,0.11850227415561676,1,value_factor,0.5127397775650024,quality_factor,0.4299112856388092,momentum_factor,0.05361635610461235
2020-12-25,600764.SH,cp,3,cn_a,INDUSTRY_C39,-0.029870850076070894,-0.026706115100725403,-0.029870850076070894,0.11850227415561676,0,value_factor,0.39852121472358704,quality_factor,0.3779700994491577,momentum_factor,0.1326674073934555
2020-12-25,603019.SH,cp,3,cn_a,INDUSTRY_C39,-0.030408364351109468,-0.027186681206507662,-0.030408364351109468,0.11850227415561676,1,value_factor,0.46362921595573425,quality_factor,0.2647119164466858,volatility_factor,0.17953066527843475
2020-12-25,600562.SH,cp,3,cn_a,INDUSTRY_C39,-0.03197634004811636,-0.028588534161236634,-0.03197634004811636,0.11850227415561676,2,value_factor,0.5450628995895386,quality_factor,0.32392460107803345,volatility_factor,0.09061684459447861
2020-12-25,300857.SZ,cp,3,cn_a,INDUSTRY_C39,-0.03215172490858456,-0.02874533747479016,-0.03215172490858456,0.11850227415561676,0,quality_factor,0.34789741039276123,value_factor,0.3391556143760681,momentum_factor,0.1742686778306961
2020-12-25,300474.SZ,cp,3,cn_a,INDUSTRY_C39,-0.032919332647573,-0.029431619270501586,-0.032919332647573,0.11850227415561676,2,value_factor,0.45207032561302185,quality_factor,0.34773820638656616,momentum_factor,0.14578096568584442
2020-12-25,002414.SZ,cp,3,cn_a,INDUSTRY_C39,-0.034055981707163,-0.030447843466908348,-0.034055981707163,0.11850227415561676,0,value_factor,0.2962988615036011,momentum_factor,0.25444287061691284,volatility_factor,0.24349826574325562
2020-12-25,688002.SH,cp,3,cn_a,INDUSTRY_C39,-0.034567727565513864,-0.030905371249366265,-0.034567727565513864,0.11850227415561676,0,quality_factor,0.3571048974990845,value_factor,0.3498448431491852,momentum_factor,0.16342970728874207
2020-12-25,002185.SZ,cp,3,cn_a,INDUSTRY_C39,-0.03730415898287015,-0.03335188523243168,-0.03730415898287015,0.11850227415561676,1,value_factor,0.38530433177948,quality_factor,0.3285716474056244,momentum_factor,0.14506374299526215
2020-12-25,300346.SZ,cp,3,cn_a,INDUSTRY_C39,-0.03739189425617345,-0.03343032519317149,-0.03739189425617345,0.11850227415561676,0,value_factor,0.3151780962944031,volatility_factor,0.27400460839271545,momentum_factor,0.24883495271205902
2020-12-25,688019.SH,cp,3,cn_a,INDUSTRY_C39,-0.03753411958555786,-0.03355748213738652,-0.03753411958555786,0.11850227415561676,0,value_factor,0.404663622379303,quality_factor,0.394747793674469,momentum_factor,0.11629785597324371
2020-12-25,688008.SH,cp,3,cn_a,INDUSTRY_C39,-0.03769767076322472,-0.0337037055145086,-0.03769767076322472,0.11850227415561676,1,value_factor,0.5155198574066162,quality_factor,0.4300088584423065,momentum_factor,0.035258930176496506
2020-12-25,600118.SH,cp,3,cn_a,INDUSTRY_C39,-0.038189716039977284,-0.034143619938177744,-0.038189716039977284,0.11850227415561676,1,value_factor,0.519194483757019,quality_factor,0.42167240381240845,volatility_factor,0.03231602534651756
2020-12-25,300115.SZ,cp,3,cn_a,INDUSTRY_C39,-0.04130938089389612,-0.036932764821978215,-0.04130938089389612,0.11850227415561676,2,value_factor,0.5200096368789673,quality_factor,0.39396417140960693,momentum_factor,0.07327539473772049
2020-12-25,603501.SH,cp,3,cn_a,INDUSTRY_C39,-0.04147294130321776,-0.037078996452686475,-0.04147294130321776,0.11850227415561676,1,value_factor,0.5231674313545227,quality_factor,0.3955901265144348,momentum_factor,0.04959234222769737
2020-12-25,600435.SH,cp,3,cn_a,INDUSTRY_C39,-0.04292850158496777,-0.038380344098349894,-0.04292850158496777,0.11850227415561676,2,value_factor,0.5230793952941895,quality_factor,0.3726431727409363,momentum_factor,0.09305675327777863
2020-12-25,300223.SZ,cp,3,cn_a,INDUSTRY_C39,-0.04472445395556386,-0.03998602022080422,-0.04472445395556386,0.11850227415561676,1,value_factor,0.4683506488800049,quality_factor,0.24289150536060333,volatility_factor,0.1952928751707077
2020-12-28,600707.SH,cp,3,cn_a,INDUSTRY_C39,0.197959170324011,0.15473823864487263,0.197959170324011,0.27931642532348633,2,quality_factor,0.3908935487270355,value_factor,0.3637802004814148,momentum_factor,0.14833033084869385
2020-12-28,002429.SZ,cp,3,cn_a,INDUSTRY_C39,0.15032594104599709,0.11750489407496341,0.15032594104599709,0.27931642532348633,2,quality_factor,0.3904944062232971,value_factor,0.36348915100097656,momentum_factor,0.14868737757205963
2020-12-28,600060.SH,cp,3,cn_a,INDUSTRY_C39,0.12391234559677967,0.09685824643848168,0.12391234559677967,0.27931642532348633,2,quality_factor,0.3428907096385956,value_factor,0.32874804735183716,momentum_factor,0.19129696488380432
2020-12-28,600498.SH,cp,3,cn_a,INDUSTRY_C39,0.11735497494936514,0.09173256328643706,0.11735497494936514,0.27931642532348633,0,quality_factor,0.47676998376846313,value_factor,0.41070234775543213,volatility_factor,0.07017450034618378
2020-12-28,600699.SH,cp,3,cn_a,INDUSTRY_C39,0.10556259655072246,0.08251484500719206,0.10556259655072246,0.27931642532348633,2,quality_factor,0.38066020607948303,value_factor,0.3567394018173218,momentum_factor,0.15711335837841034
2020-12-28,600884.SH,cp,3,cn_a,INDUSTRY_C39,0.08423478101233932,0.06584358595336554,0.08423478101233932,0.27931642532348633,0,quality_factor,0.5017411708831787,value_factor,0.43702614307403564,volatility_factor,0.04759954288601875
2020-12-28,603920.SH,cp,3,cn_a,INDUSTRY_C39,0.07112769541928393,0.05559820386211228,0.07112769541928393,0.27931642532348633,2,quality_factor,0.43884679675102234,value_factor,0.3991237282752991,momentum_factor,0.10510171949863434
2020-12-28,002583.SZ,cp,3,cn_a,INDUSTRY_C39,0.06657051645398328,0.052036005429345084,0.06657051645398328,0.27931642532348633,1,quality_factor,0.3899589776992798,value_factor,0.36263078451156616,momentum_factor,0.14957870543003082
2020-12-28,002152.SZ,cp,3,cn_a,INDUSTRY_C39,0.06356252313038688,0.04968475497710782,0.06356252313038688,0.27931642532348633,2,quality_factor,0.48601508140563965,value_factor,0.43370574712753296,momentum_factor,0.06274200230836868
2020-12-28,002130.SZ,cp,3,cn_a,INDUSTRY_C39,0.04134990576563303,0.03232187514138837,0.04134990576563303,0.27931642532348633,0,momentum_factor,0.33335402607917786,volatility_factor,0.26850929856300354,value_factor,0.21251212060451508
2020-12-28,300735.SZ,cp,3,cn_a,INDUSTRY_C39,0.03488833359367329,0.0272710745387729,0.03488833359367329,0.27931642532348633,0,quality_factor,0.41783151030540466,value_factor,0.34835660457611084,volatility_factor,0.12361758202314377
2020-12-28,603228.SH,cp,3,cn_a,INDUSTRY_C39,0.0333030860844791,0.02603193817046328,0.0333030860844791,0.27931642532348633,0,quality_factor,0.4992717504501343,value_factor,0.4327453374862671,volatility_factor,0.05108426511287689
2020-12-28,601231.SH,cp,3,cn_a,INDUSTRY_C39,0.03263088747975484,0.025506502405379366,0.03263088747975484,0.27931642532348633,1,quality_factor,0.3245934545993805,value_factor,0.3140674829483032,momentum_factor,0.20884430408477783
2020-12-28,600601.SH,cp,3,cn_a,INDUSTRY_C39,0.03130308110580986,0.02446859939119018,0.03130308110580986,0.27931642532348633,0,momentum_factor,0.3439127504825592,volatility_factor,0.3056960701942444,quality_factor,0.213962584733963
2020-12-28,300073.SZ,cp,3,cn_a,INDUSTRY_C39,0.030004039212565763,0.02345318063510283,0.030004039212565763,0.27931642532348633,0,momentum_factor,0.4130169153213501,volatility_factor,0.3598240613937378,quality_factor,0.15380190312862396
2020-12-28,600563.SH,cp,3,cn_a,INDUSTRY_C39,0.02406031058226296,0.018807161469985116,0.02406031058226296,0.27931642532348633,0,momentum_factor,0.39765477180480957,volatility_factor,0.32608193159103394,value_factor,0.15912847220897675
2020-12-28,600363.SH,cp,3,cn_a,INDUSTRY_C39,0.01525279713440334,0.011922614946920998,0.01525279713440334,0.27931642532348633,0,momentum_factor,0.37120527029037476,volatility_factor,0.3273370563983917,quality_factor,0.1903083324432373
2020-12-28,603290.SH,cp,3,cn_a,INDUSTRY_C39,0.013009710959555916,0.01016926751039431,0.013009710959555916,0.27931642532348633,0,quality_factor,0.3835691213607788,value_factor,0.31366512179374695,volatility_factor,0.1535271257162094
2020-12-28,300623.SZ,cp,3,cn_a,INDUSTRY_C39,0.0065386664998834726,0.005111062728855462,0.0065386664998834726,0.27931642532348633,0,quality_factor,0.36037537455558777,value_factor,0.2904053330421448,momentum_factor,0.17561259865760803
2020-12-28,002156.SZ,cp,3,cn_a,INDUSTRY_C39,0.00597031483122349,0.004666800732831867,0.00597031483122349,0.27931642532348633,0,quality_factor,0.320919007062912,value_factor,0.24844621121883392,momentum_factor,0.2210851013660431
2020-12-28,002273.SZ,cp,3,cn_a,INDUSTRY_C39,0.0018478572937399161,0.0014444098873135857,0.0018478572937399161,0.27931642532348633,0,momentum_factor,0.3306185305118561,volatility_factor,0.29468151926994324,quality_factor,0.22529388964176178
2020-12-28,300570.SZ,cp,3,cn_a,INDUSTRY_C39,0.0008972075769446289,0.0007013179532325336,0.0008972075769446289,0.27931642532348633,0,quality_factor,0.2980930507183075,momentum_factor,0.24785549938678741,volatility_factor,0.23170962929725647
2020-12-28,300390.SZ,cp,3,cn_a,INDUSTRY_C39,-0.0032477589761590294,-0.002538667456988059,-0.0032477589761590294,0.27931642532348633,0,momentum_factor,0.5063095688819885,volatility_factor,0.42447739839553833,quality_factor,0.06032171472907066
2020-12-28,002414.SZ,cp,3,cn_a,INDUSTRY_C39,-0.004172145610439646,-0.0032612303944934366,-0.004172145610439646,0.27931642532348633,0,momentum_factor,0.32729408144950867,volatility_factor,0.2905409038066864,quality_factor,0.22756905853748322
2020-12-28,300054.SZ,cp,3,cn_a,INDUSTRY_C39,-0.004815981047104616,-0.003764495594502238,-0.004815981047104616,0.27931642532348633,0,quality_factor,0.34456905722618103,value_factor,0.27013468742370605,momentum_factor,0.19470663368701935
2020-12-28,002025.SZ,cp,3,cn_a,INDUSTRY_C39,-0.005994010840821404,-0.00468532313208264,-0.005994010840821404,0.27931642532348633,0,quality_factor,0.31987959146499634,value_factor,0.24771921336650848,momentum_factor,0.22218699753284454
2020-12-28,300627.SZ,cp,3,cn_a,INDUSTRY_C39,-0.012729415401308501,-0.009950169597869235,-0.012729415401308501,0.27931642532348633,0,momentum_factor,0.35606780648231506,volatility_factor,0.28877708315849304,value_factor,0.19362697005271912
2020-12-28,002185.SZ,cp,3,cn_a,INDUSTRY_C39,-0.013861593453684602,-0.010835156322001866,-0.013861593453684602,0.27931642532348633,1,momentum_factor,0.29147323966026306,value_factor,0.24519050121307373,quality_factor,0.2375505119562149
2020-12-28,002436.SZ,cp,3,cn_a,INDUSTRY_C39,-0.014095165409743265,-0.01101773191583871,-0.014095165409743265,0.27931642532348633,1,quality_factor,0.4709821939468384,value_factor,0.4193575978279114,momentum_factor,0.0791739895939827
2020-12-28,002402.SZ,cp,3,cn_a,INDUSTRY_C39,-0.0214064126571879,-0.016732695862773046,-0.0214064126571879,0.27931642532348633,2,quality_factor,0.35058194398880005,value_factor,0.33474013209342957,momentum_factor,0.18407858908176422
2020-12-28,300037.SZ,cp,3,cn_a,INDUSTRY_C39,-0.024277670781814188,-0.018977064861553206,-0.024277670781814188,0.27931642532348633,0,quality_factor,0.49925485253334045,value_factor,0.4344344735145569,volatility_factor,0.04982535541057587
2020-12-28,600171.SH,cp,3,cn_a,INDUSTRY_C39,-0.025341835619667033,-0.019808887870144502,-0.025341835619667033,0.27931642532348633,1,quality_factor,0.3053654134273529,value_factor,0.299257755279541,momentum_factor,0.2267400473356247
2020-12-28,300346.SZ,cp,3,cn_a,INDUSTRY_C39,-0.02677308203547575,-0.02092764659744437,-0.02677308203547575,0.27931642532348633,0,momentum_factor,0.38878920674324036,volatility_factor,0.31793466210365295,value_factor,0.16640500724315643
2020-12-28,002138.SZ,cp,3,cn_a,INDUSTRY_C39,-0.03030033489545242,-0.023684785324155213,-0.03030033489545242,0.27931642532348633,2,quality_factor,0.4817560613155365,value_factor,0.4319191575050354,momentum_factor,0.06538951396942139
2020-12-28,603659.SH,cp,3,cn_a,INDUSTRY_C39,-0.03042919872308301,-0.02378551398289811,-0.03042919872308301,0.27931642532348633,2,quality_factor,0.44734466075897217,value_factor,0.4063696563243866,momentum_factor,0.09657513350248337
2020-12-28,605358.SH,cp,3,cn_a,INDUSTRY_C39,-0.030705172750075154,-0.024001233895133554,-0.030705172750075154,0.27931642532348633,0,quality_factor,0.4756646454334259,value_factor,0.40925291180610657,volatility_factor,0.07138588279485703
2020-12-28,688027.SH,cp,3,cn_a,INDUSTRY_C39,-0.032024100798409394,-0.025032197011237326,-0.032024100798409394,0.27931642532348633,1,quality_factor,0.45513826608657837,value_factor,0.41085484623908997,momentum_factor,0.09065893292427063
2020-12-28,688100.SH,cp,3,cn_a,INDUSTRY_C39,-0.0329408839272695,-0.025748816536096696,-0.0329408839272695,0.27931642532348633,2,quality_factor,0.46481800079345703,value_factor,0.41939905285835266,momentum_factor,0.08069045841693878
2020-12-28,300679.SZ,cp,3,cn_a,INDUSTRY_C39,-0.03781746806983631,-0.029560683597315524,-0.03781746806983631,0.27931642532348633,1,quality_factor,0.3597428798675537,value_factor,0.34079909324645996,momentum_factor,0.17643104493618011
2020-12-28,002281.SZ,cp,3,cn_a,INDUSTRY_C39,-0.041858500600808236,-0.03271942716613206,-0.041858500600808236,0.27931642532348633,2,quality_factor,0.3402794301509857,value_factor,0.32651886343955994,momentum_factor,0.19391942024230957
2020-12-28,002465.SZ,cp,3,cn_a,INDUSTRY_C39,-0.04376916895667003,-0.03421293441581712,-0.04376916895667003,0.27931642532348633,0,quality_factor,0.5090406537055969,value_factor,0.4491179287433624,momentum_factor,0.030586179345846176
2020-12-28,603486.SH,cp,3,cn_a,INDUSTRY_C39,-0.04442915276423664,-0.03472882227163021,-0.04442915276423664,0.27931642532348633,2,quality_factor,0.4978901445865631,value_factor,0.4438205361366272,momentum_factor,0.05083630979061127
2020-12-28,300919.SZ,cp,3,cn_a,INDUSTRY_C39,-0.04516575522011843,-0.03530460043041961,-0.04516575522011843,0.27931642532348633,2,quality_factor,0.4747212529182434,value_factor,0.4259425699710846,momentum_factor,0.07242880761623383
2020-12-28,688608.SH,cp,3,cn_a,INDUSTRY_C39,-0.04516575522011843,-0.03530460043041961,-0.04516575522011843,0.27931642532348633,2,quality_factor,0.4747212529182434,value_factor,0.4259425699710846,momentum_factor,0.07242880761623383
2020-12-28,689009.SH,cp,3,cn_a,INDUSTRY_C39,-0.04516575522011843,-0.03530460043041961,-0.04516575522011843,0.27931642532348633,2,quality_factor,0.4747212529182434,value_factor,0.4259425699710846,momentum_factor,0.07242880761623383
2020-12-28,002841.SZ,cp,3,cn_a,INDUSTRY_C39,-0.04549372303916465,-0.035560962197183674,-0.04549372303916465,0.27931642532348633,2,quality_factor,0.33077141642570496,value_factor,0.3209698498249054,momentum_factor,0.2012050300836563
2020-12-28,300373.SZ,cp,3,cn_a,INDUSTRY_C39,-0.04644991899752744,-0.03630838944773352,-0.04644991899752744,0.27931642532348633,1,quality_factor,0.4758341610431671,value_factor,0.4261898994445801,momentum_factor,0.07193049788475037
2020-12-28,603160.SH,cp,3,cn_a,INDUSTRY_C39,-0.04830799817271786,-0.0377607894469914,-0.04830799817271786,0.27931642532348633,1,quality_factor,0.45074018836021423,value_factor,0.4074894189834595,momentum_factor,0.0947328507900238
2020-12-28,688981.SH,cp,3,cn_a,INDUSTRY_C39,-0.05159634613549074,-0.04033118399339253,-0.05159634613549074,0.27931642532348633,2,quality_factor,0.43044114112854004,value_factor,0.39292654395103455,momentum_factor,0.11268091201782227
2020-12-28,603019.SH,cp,3,cn_a,INDUSTRY_C39,-0.05844629832275199,-0.04568556860979357,-0.05844629832275199,0.27931642532348633,1,quality_factor,0.3522900342941284,value_factor,0.33490264415740967,momentum_factor,0.18350501358509064
2020-12-28,688008.SH,cp,3,cn_a,INDUSTRY_C39,-0.06093726798905037,-0.04763267850144412,-0.06093726798905037,0.27931642532348633,1,quality_factor,0.44356682896614075,value_factor,0.4020940959453583,momentum_factor,0.1012948676943779
2020-12-28,300136.SZ,cp,3,cn_a,INDUSTRY_C39,-0.061143014178746236,-0.04779350359961625,-0.061143014178746236,0.27931642532348633,2,quality_factor,0.4784260094165802,value_factor,0.42916563153266907,momentum_factor,0.06865508109331131
2020-12-28,600118.SH,cp,3,cn_a,INDUSTRY_C39,-0.06368253410689993,-0.049778563650347295,-0.06368253410689993,0.27931642532348633,1,quality_factor,0.4340653121471405,value_factor,0.39511969685554504,momentum_factor,0.10983503609895706
2020-12-28,600764.SH,cp,3,cn_a,INDUSTRY_C39,-0.06406944619715314,-0.05008100023491266,-0.06406944619715314,0.27931642532348633,0,quality_factor,0.5093720555305481,value_factor,0.4490901231765747,momentum_factor,0.02846808172762394
2020-12-28,688019.SH,cp,3,cn_a,INDUSTRY_C39,-0.06484313636200711,-0.05068576864837092,-0.06484313636200711,0.27931642532348633,0,quality_factor,0.5114369988441467,value_factor,0.44870591163635254,volatility_factor,0.024190055206418037
2020-12-28,300458.SZ,cp,3,cn_a,INDUSTRY_C39,-0.08283894284151201,-0.0647525046984099,-0.08283894284151201,0.27931642532348633,2,quality_factor,0.4417794644832611,value_factor,0.4014551341533661,momentum_factor,0.10230828821659088
2020-12-28,688002.SH,cp,3,cn_a,INDUSTRY_C39,-0.08421495457089546,-0.06582808826956238,-0.08421495457089546,0.27931642532348633,0,quality_factor,0.5022731423377991,value_factor,0.4367963373661041,volatility_factor,0.04770875349640846
2020-12-28,300857.SZ,cp,3,cn_a,INDUSTRY_C39,-0.08819662909048777,-0.06894043361335447,-0.08819662909048777,0.27931642532348633,0,quality_factor,0.5002478361129761,value_factor,0.4347870945930481,volatility_factor,0.04944584146142006
2020-12-28,603501.SH,cp,3,cn_a,INDUSTRY_C39,-0.0891978721864472,-0.0697230727448002,-0.0891978721864472,0.27931642532348633,1,quality_factor,0.4271441400051117,value_factor,0.390315979719162,momentum_factor,0.11581207811832428
2020-12-28,600562.SH,cp,3,cn_a,INDUSTRY_C39,-0.09551106349883332,-0.07465788886020322,-0.09551106349883332,0.27931642532348633,2,quality_factor,0.3991504907608032,value_factor,0.36993780732154846,momentum_factor,0.14082354307174683
2020-12-28,300223.SZ,cp,3,cn_a,INDUSTRY_C39,-0.09636584341812002,-0.07532604249472766,-0.09636584341812002,0.27931642532348633,1,quality_factor,0.35047876834869385,value_factor,0.33369335532188416,momentum_factor,0.1850270926952362
2020-12-28,300115.SZ,cp,3,cn_a,INDUSTRY_C39,-0.09755083737770005,-0.07625231369403662,-0.09755083737770005,0.27931642532348633,2,quality_factor,0.4340166449546814,value_factor,0.39548686146736145,momentum_factor,0.10952367633581161
2020-12-28,300474.SZ,cp,3,cn_a,INDUSTRY_C39,-0.11176923369036351,-0.08736637119475871,-0.11176923369036351,0.27931642532348633,2,quality_factor,0.45738086104393005,value_factor,0.4130385220050812,momentum_factor,0.08816957473754883
2020-12-28,600435.SH,cp,3,cn_a,INDUSTRY_C39,-0.12194851170188012,-0.09532318141779847,-0.12194851170188012,0.27931642532348633,2,quality_factor,0.42960166931152344,value_factor,0.3923894762992859,momentum_factor,0.11336565017700195
2020-12-29,600707.SH,cp,3,cn_a,INDUSTRY_C39,0.15850720851843955,0.13668754013647735,0.15850720851843955,0.15963178873062134,2,quality_factor,0.40110284090042114,value_factor,0.3450945019721985,momentum_factor,0.16222506761550903
2020-12-29,002429.SZ,cp,3,cn_a,INDUSTRY_C39,0.12044121891380909,0.10386161044816061,0.12044121891380909,0.15963178873062134,2,quality_factor,0.40088412165641785,value_factor,0.34494298696517944,momentum_factor,0.16241374611854553
2020-12-29,600060.SH,cp,3,cn_a,INDUSTRY_C39,0.10626559854530102,0.09163736717120893,0.10626559854530102,0.15963178873062134,2,quality_factor,0.37650933861732483,value_factor,0.3278709053993225,momentum_factor,0.18359984457492828
2020-12-29,600498.SH,cp,3,cn_a,INDUSTRY_C39,0.09286910293815766,0.08008499647397008,0.09286910293815766,0.15963178873062134,0,quality_factor,0.5112568140029907,value_factor,0.4397827386856079,momentum_factor,0.03362978249788284
2020-12-29,600699.SH,cp,3,cn_a,INDUSTRY_C39,0.09047806959436482,0.07802310623438946,0.09047806959436482,0.15963178873062134,2,quality_factor,0.39613911509513855,value_factor,0.3448263108730316,momentum_factor,0.1637120544910431
2020-12-29,600884.SH,cp,3,cn_a,INDUSTRY_C39,0.06892802225596652,0.059439579415370175,0.06892802225596652,0.15963178873062134,0,quality_factor,0.4997664988040924,value_factor,0.4317931830883026,momentum_factor,0.06096287816762924
2020-12-29,603920.SH,cp,3,cn_a,INDUSTRY_C39,0.05547133386373265,0.04783530190704753,0.05547133386373265,0.15963178873062134,2,quality_factor,0.428370863199234,value_factor,0.367058128118515,momentum_factor,0.13599932193756104
2020-12-29,002583.SZ,cp,3,cn_a,INDUSTRY_C39,0.05015444350767717,0.04325032012143973,0.05015444350767717,0.15963178873062134,1,quality_factor,0.400206983089447,value_factor,0.34047624468803406,momentum_factor,0.16652075946331024
2020-12-29,002152.SZ,cp,3,cn_a,INDUSTRY_C39,0.04706511483818463,0.04058625997898313,0.04706511483818463,0.15963178873062134,2,quality_factor,0.45793306827545166,value_factor,0.38929489254951477,momentum_factor,0.10895472764968872
2020-12-29,002130.SZ,cp,3,cn_a,INDUSTRY_C39,0.03689577108639141,0.031816800247609675,0.03689577108639141,0.15963178873062134,0,quality_factor,0.29909756779670715,value_factor,0.26310065388679504,momentum_factor,0.26018309593200684
2020-12-29,300073.SZ,cp,3,cn_a,INDUSTRY_C39,0.02542196870673665,0.021922450091890283,0.02542196870673665,0.15963178873062134,0,momentum_factor,0.518121063709259,volatility_factor,0.3921089172363281,quality_factor,0.04740326851606369
2020-12-29,600601.SH,cp,3,cn_a,INDUSTRY_C39,0.025221713161137426,0.021749761176461796,0.025221713161137426,0.15963178873062134,0,momentum_factor,0.437325656414032,volatility_factor,0.3420215845108032,quality_factor,0.11779583990573883
2020-12-29,601231.SH,cp,3,cn_a,INDUSTRY_C39,0.024205058116773655,0.02087305608222465,0.024205058116773655,0.15963178873062134,1,quality_factor,0.3608200252056122,value_factor,0.3053716719150543,momentum_factor,0.20738042891025543
2020-12-29,300735.SZ,cp,3,cn_a,INDUSTRY_C39,0.022711886332843486,0.019585430238237455,0.022711886332843486,0.15963178873062134,0,quality_factor,0.4567437767982483,value_factor,0.3842875361442566,volatility_factor,0.09223811328411102
2020-12-29,603228.SH,cp,3,cn_a,INDUSTRY_C39,0.021468332421917664,0.01851306055423174,0.021468332421917664,0.15963178873062134,0,quality_factor,0.5131242275238037,value_factor,0.42772698402404785,momentum_factor,0.044074442237615585
2020-12-29,600563.SH,cp,3,cn_a,INDUSTRY_C39,0.014947398456949484,0.012889780506622955,0.014947398456949484,0.15963178873062134,0,momentum_factor,0.3787391781806946,volatility_factor,0.26217323541641235,quality_factor,0.20306049287319183
2020-12-29,600363.SH,cp,3,cn_a,INDUSTRY_C39,0.014260736044598555,0.012297642162091393,0.014260736044598555,0.15963178873062134,0,momentum_factor,0.5551576018333435,volatility_factor,0.4278562366962433,quality_factor,0.012610734440386295
2020-12-29,603290.SH,cp,3,cn_a,INDUSTRY_C39,0.010914559081500522,0.00941209075895751,0.010914559081500522,0.15963178873062134,0,quality_factor,0.4300628900527954,value_factor,0.37264347076416016,volatility_factor,0.10405553877353668
2020-12-29,300623.SZ,cp,3,cn_a,INDUSTRY_C39,0.007383483650531157,0.006367093504845841,0.007383483650531157,0.15963178873062134,0,quality_factor,0.419091135263443,value_factor,0.37186816334724426,volatility_factor,0.10591956973075867
2020-12-29,002156.SZ,cp,3,cn_a,INDUSTRY_C39,0.006113948849500779,0.005272319388939892,0.006113948849500779,0.15963178873062134,0,quality_factor,0.3398890793323517,value_factor,0.29724812507629395,momentum_factor,0.1919640600681305
2020-12-29,002414.SZ,cp,3,cn_a,INDUSTRY_C39,0.002824857926465712,0.0024359957178774587,0.002824857926465712,0.15963178873062134,0,quality_factor,0.31578516960144043,value_factor,0.30508801341056824,momentum_factor,0.21125657856464386
2020-12-29,300390.SZ,cp,3,cn_a,INDUSTRY_C39,0.0017991820702760947,0.0015515115920742804,0.0017991820702760947,0.15963178873062134,0,value_factor,0.3720265030860901,quality_factor,0.3530748188495636,momentum_factor,0.16136375069618225
2020-12-29,300054.SZ,cp,3,cn_a,INDUSTRY_C39,0.0010493727109644505,0.0009049189364242136,0.0010493727109644505,0.15963178873062134,0,momentum_factor,0.29921093583106995,volatility_factor,0.26907646656036377,quality_factor,0.25223225355148315
2020-12-29,002273.SZ,cp,3,cn_a,INDUSTRY_C39,0.0007431517533961642,0.0006408515175384891,0.0007431517533961642,0.15963178873062134,0,momentum_factor,0.3354710638523102,volatility_factor,0.26484784483909607,quality_factor,0.20751871168613434
2020-12-29,300570.SZ,cp,3,cn_a,INDUSTRY_C39,-0.003012023250246613,-0.0025973963755862375,-0.003012023250246613,0.15963178873062134,0,momentum_factor,0.3703021705150604,volatility_factor,0.31145551800727844,quality_factor,0.18498116731643677
2020-12-29,002185.SZ,cp,3,cn_a,INDUSTRY_C39,-0.004025476004266126,-0.0034713399980010537,-0.004025476004266126,0.15963178873062134,1,momentum_factor,0.5055993795394897,volatility_factor,0.3128094971179962,quality_factor,0.1560877114534378
2020-12-29,002436.SZ,cp,3,cn_a,INDUSTRY_C39,-0.005757274630922207,-0.004964743966829461,-0.005757274630922207,0.15963178873062134,1,quality_factor,0.4832773804664612,value_factor,0.3574298322200775,momentum_factor,0.1306508630514145
2020-12-29,002025.SZ,cp,3,cn_a,INDUSTRY_C39,-0.007573868505859444,-0.006531270502203253,-0.007573868505859444,0.15963178873062134,0,quality_factor,0.3497953712940216,value_factor,0.30920103192329407,momentum_factor,0.18018770217895508
2020-12-29,300627.SZ,cp,3,cn_a,INDUSTRY_C39,-0.010007978374359494,-0.008630307470029804,-0.010007978374359494,0.15963178873062134,0,momentum_factor,0.2952882647514343,quality_factor,0.27093395590782166,value_factor,0.23131734132766724
2020-12-29,300346.SZ,cp,3,cn_a,INDUSTRY_C39,-0.016797999228605483,-0.01448563264241335,-0.016797999228605483,0.15963178873062134,0,momentum_factor,0.3690037131309509,volatility_factor,0.25449085235595703,quality_factor,0.2119816541671753
2020-12-29,600171.SH,cp,3,cn_a,INDUSTRY_C39,-0.01733542569129348,-0.014949078449551671,-0.01733542569129348,0.15963178873062134,1,quality_factor,0.34442824125289917,value_factor,0.2856113612651825,momentum_factor,0.22892436385154724
2020-12-29,002402.SZ,cp,3,cn_a,INDUSTRY_C39,-0.019003256183409596,-0.016387319962116332,-0.019003256183409596,0.15963178873062134,2,quality_factor,0.38139283657073975,value_factor,0.3340379595756531,momentum_factor,0.17693471908569336
2020-12-29,300037.SZ,cp,3,cn_a,INDUSTRY_C39,-0.019880305670678968,-0.01714363721805276,-0.019880305670678968,0.15963178873062134,0,quality_factor,0.5017839074134827,value_factor,0.43358200788497925,momentum_factor,0.058878179639577866
2020-12-29,605358.SH,cp,3,cn_a,INDUSTRY_C39,-0.023256366682014553,-0.020054958913156902,-0.023256366682014553,0.15963178873062134,0,quality_factor,0.5124496817588806,value_factor,0.43818217515945435,momentum_factor,0.028827648609876633
2020-12-29,688027.SH,cp,3,cn_a,INDUSTRY_C39,-0.023831854211059825,-0.02055122640445694,-0.023831854211059825,0.15963178873062134,1,quality_factor,0.4391772150993347,value_factor,0.3733953833580017,momentum_factor,0.12769187986850739
2020-12-29,603659.SH,cp,3,cn_a,INDUSTRY_C39,-0.02671608134915883,-0.023038418730828406,-0.02671608134915883,0.15963178873062134,2,quality_factor,0.43024981021881104,value_factor,0.37570512294769287,momentum_factor,0.12790566682815552
2020-12-29,002138.SZ,cp,3,cn_a,INDUSTRY_C39,-0.02673675621230589,-0.023056247548915887,-0.02673675621230589,0.15963178873062134,2,quality_factor,0.44751814007759094,value_factor,0.3909285366535187,momentum_factor,0.11013910919427872
2020-12-29,688100.SH,cp,3,cn_a,INDUSTRY_C39,-0.02918606034618987,-0.02516838718115072,-0.02918606034618987,0.15963178873062134,2,quality_factor,0.4388275146484375,value_factor,0.38363468647003174,momentum_factor,0.1187564954161644
2020-12-29,300679.SZ,cp,3,cn_a,INDUSTRY_C39,-0.03070684979408061,-0.02647982891708612,-0.03070684979408061,0.15963178873062134,1,quality_factor,0.384074330329895,value_factor,0.3312074542045593,momentum_factor,0.17875352501869202
2020-12-29,002465.SZ,cp,3,cn_a,INDUSTRY_C39,-0.032401341696499705,-0.027941061703201972,-0.032401341696499705,0.15963178873062134,0,quality_factor,0.4788728654384613,value_factor,0.40740054845809937,momentum_factor,0.08772323280572891
2020-12-29,300373.SZ,cp,3,cn_a,INDUSTRY_C39,-0.034541274908406895,-0.02978641756761944,-0.034541274908406895,0.15963178873062134,1,quality_factor,0.45161008834838867,value_factor,0.3841051459312439,momentum_factor,0.11512135714292526
2020-12-29,002281.SZ,cp,3,cn_a,INDUSTRY_C39,-0.03462428349435406,-0.029857999418876416,-0.03462428349435406,0.15963178873062134,2,quality_factor,0.37399688363075256,value_factor,0.32359543442726135,momentum_factor,0.1880006492137909
2020-12-29,603160.SH,cp,3,cn_a,INDUSTRY_C39,-0.03542245610899029,-0.030546297776526406,-0.03542245610899029,0.15963178873062134,1,quality_factor,0.436988890171051,value_factor,0.3705206513404846,momentum_factor,0.13077665865421295
2020-12-29,300919.SZ,cp,3,cn_a,INDUSTRY_C39,-0.03628838916928523,-0.031293028862392436,-0.03628838916928523,0.15963178873062134,2,quality_factor,0.4476383924484253,value_factor,0.38557544350624084,momentum_factor,0.11482631415128708
2020-12-29,688608.SH,cp,3,cn_a,INDUSTRY_C39,-0.03628838916928523,-0.031293028862392436,-0.03628838916928523,0.15963178873062134,2,quality_factor,0.4476383924484253,value_factor,0.38557544350624084,momentum_factor,0.11482631415128708
2020-12-29,689009.SH,cp,3,cn_a,INDUSTRY_C39,-0.03628838916928523,-0.031293028862392436,-0.03628838916928523,0.15963178873062134,2,quality_factor,0.4476383924484253,value_factor,0.38557544350624084,momentum_factor,0.11482631415128708
2020-12-29,603486.SH,cp,3,cn_a,INDUSTRY_C39,-0.03893810246971987,-0.033577989883967575,-0.03893810246971987,0.15963178873062134,2,quality_factor,0.45600539445877075,value_factor,0.39789432287216187,momentum_factor,0.10186213254928589
2020-12-29,688981.SH,cp,3,cn_a,INDUSTRY_C39,-0.04041745518424642,-0.03485369895381301,-0.04041745518424642,0.15963178873062134,2,quality_factor,0.4234904944896698,value_factor,0.36311185359954834,momentum_factor,0.14070658385753632
2020-12-29,688008.SH,cp,3,cn_a,INDUSTRY_C39,-0.0441897471726887,-0.03810670755447064,-0.0441897471726887,0.15963178873062134,1,quality_factor,0.4329181909561157,value_factor,0.36625179648399353,momentum_factor,0.13556422293186188
2020-12-29,002841.SZ,cp,3,cn_a,INDUSTRY_C39,-0.04469300839987378,-0.03854069121889175,-0.04469300839987378,0.15963178873062134,2,quality_factor,0.37482768297195435,value_factor,0.33367612957954407,momentum_factor,0.1789076179265976
2020-12-29,603019.SH,cp,3,cn_a,INDUSTRY_C39,-0.04520425725433593,-0.03898156295568657,-0.04520425725433593,0.15963178873062134,1,quality_factor,0.3786574602127075,value_factor,0.3235118091106415,momentum_factor,0.18690018355846405
2020-12-29,688019.SH,cp,3,cn_a,INDUSTRY_C39,-0.045968984875922714,-0.03964102026646847,-0.045968984875922714,0.15963178873062134,0,quality_factor,0.492557555437088,value_factor,0.416315495967865,momentum_factor,0.07641901075839996
2020-12-29,600118.SH,cp,3,cn_a,INDUSTRY_C39,-0.04663181233455146,-0.04021260471175467,-0.04663181233455146,0.15963178873062134,1,quality_factor,0.4268780052661896,value_factor,0.3616786599159241,momentum_factor,0.14111614227294922
2020-12-29,600764.SH,cp,3,cn_a,INDUSTRY_C39,-0.04738239288747359,-0.04085986240061409,-0.04738239288747359,0.15963178873062134,0,quality_factor,0.4803192913532257,value_factor,0.40858694911003113,momentum_factor,0.08631329238414764
2020-12-29,300136.SZ,cp,3,cn_a,INDUSTRY_C39,-0.0521459843061467,-0.04496771086580179,-0.0521459843061467,0.15963178873062134,2,quality_factor,0.44719576835632324,value_factor,0.3887258768081665,momentum_factor,0.11216146498918533
2020-12-29,688002.SH,cp,3,cn_a,INDUSTRY_C39,-0.06226675795914473,-0.053695286525210606,-0.06226675795914473,0.15963178873062134,0,quality_factor,0.5094995498657227,value_factor,0.43382924795150757,momentum_factor,0.056336380541324615
2020-12-29,300458.SZ,cp,3,cn_a,INDUSTRY_C39,-0.06595701321539142,-0.05687755134563603,-0.06595701321539142,0.15963178873062134,2,quality_factor,0.429565966129303,value_factor,0.36938074231147766,momentum_factor,0.13365139067173004
2020-12-29,300857.SZ,cp,3,cn_a,INDUSTRY_C39,-0.06609867519841586,-0.056999712527903104,-0.06609867519841586,0.15963178873062134,0,quality_factor,0.509442925453186,value_factor,0.4346754252910614,momentum_factor,0.055115774273872375
2020-12-29,603501.SH,cp,3,cn_a,INDUSTRY_C39,-0.06833205246098405,-0.05892564919078788,-0.06833205246098405,0.15963178873062134,1,quality_factor,0.4219532608985901,value_factor,0.36037135124206543,momentum_factor,0.14350898563861847
2020-12-29,300115.SZ,cp,3,cn_a,INDUSTRY_C39,-0.07550672554337762,-0.06511267641864855,-0.07550672554337762,0.15963178873062134,2,quality_factor,0.42575380206108093,value_factor,0.36431753635406494,momentum_factor,0.13907386362552643
2020-12-29,300223.SZ,cp,3,cn_a,INDUSTRY_C39,-0.0758627299322652,-0.06541967421798947,-0.0758627299322652,0.15963178873062134,1,quality_factor,0.3781209886074066,value_factor,0.3241586685180664,momentum_factor,0.18646526336669922
2020-12-29,600562.SH,cp,3,cn_a,INDUSTRY_C39,-0.07684532689943942,-0.06626700957670272,-0.07684532689943942,0.15963178873062134,2,quality_factor,0.4057045876979828,value_factor,0.3493707776069641,momentum_factor,0.15729720890522003
2020-12-29,300474.SZ,cp,3,cn_a,INDUSTRY_C39,-0.08921275787500778,-0.07693197386229517,-0.08921275787500778,0.15963178873062134,2,quality_factor,0.43822336196899414,value_factor,0.3770255148410797,momentum_factor,0.12473312765359879
2020-12-29,600435.SH,cp,3,cn_a,INDUSTRY_C39,-0.09660278250379765,-0.08330470793223976,-0.09660278250379765,0.15963178873062134,2,quality_factor,0.42282962799072266,value_factor,0.36323660612106323,momentum_factor,0.14076319336891174
2020-12-30,600707.SH,cp,3,cn_a,INDUSTRY_C39,0.11427086534739299,0.10379744960687914,0.11427086534739299,0.10090242326259613,2,quality_factor,0.3940366804599762,value_factor,0.2933453619480133,momentum_factor,0.20960994064807892
2020-12-30,600498.SH,cp,3,cn_a,INDUSTRY_C39,0.10179161964364127,0.09246198038531361,0.10179161964364127,0.10090242326259613,0,quality_factor,0.5180577635765076,value_factor,0.43160417675971985,volatility_factor,0.0458671897649765
2020-12-30,002429.SZ,cp,3,cn_a,INDUSTRY_C39,0.08684098060837822,0.07888163164869,0.08684098060837822,0.10090242326259613,2,quality_factor,0.3935869038105011,value_factor,0.2930467426776886,momentum_factor,0.20998640358448029
2020-12-30,600060.SH,cp,3,cn_a,INDUSTRY_C39,0.0774577223437667,0.07035838931646093,0.0774577223437667,0.10090242326259613,2,quality_factor,0.3439364731311798,value_factor,0.25923818349838257,momentum_factor,0.25228986144065857
2020-12-30,600884.SH,cp,3,cn_a,INDUSTRY_C39,0.07256713964472437,0.06591604953274718,0.07256713964472437,0.10090242326259613,0,quality_factor,0.5143296718597412,value_factor,0.42792809009552,momentum_factor,0.03580157086253166
2020-12-30,600699.SH,cp,3,cn_a,INDUSTRY_C39,0.07137459242900704,0.06483280439278144,0.07137459242900704,0.10090242326259613,2,quality_factor,0.38584667444229126,value_factor,0.3014545738697052,momentum_factor,0.20452702045440674
2020-12-30,603920.SH,cp,3,cn_a,INDUSTRY_C39,0.04278716846148082,0.038865540649403396,0.04278716846148082,0.10090242326259613,2,quality_factor,0.4475836157798767,value_factor,0.34230634570121765,momentum_factor,0.15297146141529083
2020-12-30,002152.SZ,cp,3,cn_a,INDUSTRY_C39,0.03734345230899069,0.0339207644696268,0.03734345230899069,0.10090242326259613,2,quality_factor,0.5019639730453491,value_factor,0.385482519865036,momentum_factor,0.10122103989124298
2020-12-30,002583.SZ,cp,3,cn_a,INDUSTRY_C39,0.03203339006368207,0.02909739224223351,0.03203339006368207,0.10090242326259613,1,quality_factor,0.3901817202568054,value_factor,0.2696942389011383,momentum_factor,0.23142404854297638
2020-12-30,300735.SZ,cp,3,cn_a,INDUSTRY_C39,0.028598609317166384,0.025977423907669092,0.028598609317166384,0.10090242326259613,0,quality_factor,0.44185566902160645,value_factor,0.3660443425178528,volatility_factor,0.10760003328323364
2020-12-30,002156.SZ,cp,3,cn_a,INDUSTRY_C39,0.021919891273781352,0.01991083906612332,0.021919891273781352,0.10090242326259613,0,quality_factor,0.4034607410430908,value_factor,0.364384263753891,momentum_factor,0.1188180074095726
2020-12-30,002130.SZ,cp,3,cn_a,INDUSTRY_C39,0.01976835134627422,0.017956497016435632,0.01976835134627422,0.10090242326259613,0,momentum_factor,0.5136245489120483,volatility_factor,0.3498353660106659,quality_factor,0.10575263202190399
2020-12-30,603290.SH,cp,3,cn_a,INDUSTRY_C39,0.018922216835037076,0.01718791436832337,0.018922216835037076,0.10090242326259613,0,quality_factor,0.4440271258354187,value_factor,0.38846555352211,volatility_factor,0.090609110891819
2020-12-30,002414.SZ,cp,3,cn_a,INDUSTRY_C39,0.017735458676487865,0.01610992769356529,0.017735458676487865,0.10090242326259613,0,quality_factor,0.4309556782245636,value_factor,0.41608601808547974,momentum_factor,0.08143555372953415
2020-12-30,603228.SH,cp,3,cn_a,INDUSTRY_C39,0.017383493644972055,0.015790221769302948,0.017383493644972055,0.10090242326259613,0,quality_factor,0.515679657459259,value_factor,0.3929923176765442,volatility_factor,0.07883620262145996
2020-12-30,300623.SZ,cp,3,cn_a,INDUSTRY_C39,0.01531680077198927,0.013912950177071842,0.01531680077198927,0.10090242326259613,0,quality_factor,0.45032814145088196,value_factor,0.40590476989746094,volatility_factor,0.07685323059558868
2020-12-30,601231.SH,cp,3,cn_a,INDUSTRY_C39,0.012005528432734655,0.01090517017362519,0.012005528432734655,0.10090242326259613,1,momentum_factor,0.38677963614463806,quality_factor,0.2668575644493103,volatility_factor,0.21769866347312927
2020-12-30,002185.SZ,cp,3,cn_a,INDUSTRY_C39,0.009095632304375375,0.008261978526949557,0.009095632304375375,0.10090242326259613,1,value_factor,0.4481232464313507,quality_factor,0.40416237711906433,momentum_factor,0.09696745127439499
2020-12-30,300390.SZ,cp,3,cn_a,INDUSTRY_C39,0.008993849306895337,0.00816952437846951,0.008993849306895337,0.10090242326259613,0,value_factor,0.4816246032714844,quality_factor,0.47936126589775085,momentum_factor,0.022083912044763565
2020-12-30,300346.SZ,cp,3,cn_a,INDUSTRY_C39,0.0035719692201348786,0.003244582895186171,0.0035719692201348786,0.10090242326259613,0,value_factor,0.30484506487846375,quality_factor,0.2714558243751526,momentum_factor,0.25045448541641235
2020-12-30,300570.SZ,cp,3,cn_a,INDUSTRY_C39,0.0015718970262583799,0.0014278259106049532,0.0015718970262583799,0.10090242326259613,0,quality_factor,0.2971974313259125,value_factor,0.2519489526748657,momentum_factor,0.24113963544368744
2020-12-30,002436.SZ,cp,3,cn_a,INDUSTRY_C39,0.0013852892810370843,0.0012583215669389088,0.0013852892810370843,0.10090242326259613,1,value_factor,0.5508642196655273,volatility_factor,0.36093559861183167,quality_factor,0.05339919403195381
2020-12-30,300054.SZ,cp,3,cn_a,INDUSTRY_C39,-0.00032020979518813545,-0.0002908611917712047,-0.00032020979518813545,0.10090242326259613,0,quality_factor,0.2904874086380005,momentum_factor,0.25459596514701843,volatility_factor,0.23267656564712524
2020-12-30,300627.SZ,cp,3,cn_a,INDUSTRY_C39,-0.0029583294119701173,-0.0026871858117640673,-0.0029583294119701173,0.10090242326259613,0,momentum_factor,0.4197242259979248,volatility_factor,0.2876456379890442,value_factor,0.1758633553981781
2020-12-30,002273.SZ,cp,3,cn_a,INDUSTRY_C39,-0.0036904519508316135,-0.003352206174588075,-0.0036904519508316135,0.10090242326259613,0,quality_factor,0.3688463568687439,value_factor,0.3506437838077545,momentum_factor,0.15286114811897278
2020-12-30,600563.SH,cp,3,cn_a,INDUSTRY_C39,-0.003830172109244814,-0.0034791203802158194,-0.003830172109244814,0.10090242326259613,0,value_factor,0.3089132606983185,quality_factor,0.27814981341362,momentum_factor,0.243513286113739
2020-12-30,600363.SH,cp,3,cn_a,INDUSTRY_C39,-0.005367114054650597,-0.00487519499330262,-0.005367114054650597,0.10090242326259613,0,quality_factor,0.29262834787368774,value_factor,0.2779541313648224,momentum_factor,0.2385801374912262
2020-12-30,600171.SH,cp,3,cn_a,INDUSTRY_C39,-0.005722543091752425,-0.0051980474321569325,-0.005722543091752425,0.10090242326259613,1,momentum_factor,0.5215069055557251,volatility_factor,0.29683560132980347,quality_factor,0.10285676270723343
2020-12-30,300073.SZ,cp,3,cn_a,INDUSTRY_C39,-0.007672354330527428,-0.0069691500941032325,-0.007672354330527428,0.10090242326259613,0,quality_factor,0.28666889667510986,value_factor,0.2789013087749481,momentum_factor,0.24360133707523346
2020-12-30,002402.SZ,cp,3,cn_a,INDUSTRY_C39,-0.014900783994407588,-0.0135350631244502,-0.014900783994407588,0.10090242326259613,2,quality_factor,0.35770541429519653,value_factor,0.28040072321891785,momentum_factor,0.23017112910747528
2020-12-30,688027.SH,cp,3,cn_a,INDUSTRY_C39,-0.017692337617022463,-0.01607075886445694,-0.017692337617022463,0.10090242326259613,1,quality_factor,0.47081640362739563,value_factor,0.3530319035053253,momentum_factor,0.13766607642173767
2020-12-30,300679.SZ,cp,3,cn_a,INDUSTRY_C39,-0.021061672998035942,-0.019131280182434346,-0.021061672998035942,0.10090242326259613,1,quality_factor,0.3563609719276428,value_factor,0.2580733597278595,momentum_factor,0.25018614530563354
2020-12-30,300037.SZ,cp,3,cn_a,INDUSTRY_C39,-0.021071421831464727,-0.019140135493396365,-0.021071421831464727,0.10090242326259613,0,quality_factor,0.5145100355148315,value_factor,0.4285731017589569,momentum_factor,0.03340736776590347
2020-12-30,002281.SZ,cp,3,cn_a,INDUSTRY_C39,-0.023465048254757793,-0.021314375771477226,-0.023465048254757793,0.10090242326259613,2,quality_factor,0.3335935175418854,momentum_factor,0.2721100449562073,value_factor,0.23970450460910797
2020-12-30,603659.SH,cp,3,cn_a,INDUSTRY_C39,-0.024640400354297688,-0.022382001801536995,-0.024640400354297688,0.10090242326259613,2,quality_factor,0.4440980851650238,value_factor,0.36463433504104614,momentum_factor,0.13417285680770874
2020-12-30,605358.SH,cp,3,cn_a,INDUSTRY_C39,-0.024657130916685595,-0.022397198936004073,-0.024657130916685595,0.10090242326259613,0,quality_factor,0.5153602957725525,value_factor,0.4246090352535248,volatility_factor,0.055272966623306274
2020-12-30,002025.SZ,cp,3,cn_a,INDUSTRY_C39,-0.02531833409700425,-0.022997800004180016,-0.02531833409700425,0.10090242326259613,0,quality_factor,0.41276490688323975,value_factor,0.37540701031684875,momentum_factor,0.10780900716781616
2020-12-30,603160.SH,cp,3,cn_a,INDUSTRY_C39,-0.02533916350335824,-0.023016720305954197,-0.02533916350335824,0.10090242326259613,1,quality_factor,0.46864408254623413,value_factor,0.345519483089447,momentum_factor,0.1448337584733963
2020-12-30,002138.SZ,cp,3,cn_a,INDUSTRY_C39,-0.02623972225631335,-0.0238347389802131,-0.02623972225631335,0.10090242326259613,2,quality_factor,0.46811482310295105,value_factor,0.38947540521621704,momentum_factor,0.1062304675579071
2020-12-30,300373.SZ,cp,3,cn_a,INDUSTRY_C39,-0.02693355033852958,-0.02446497473786434,-0.02693355033852958,0.10090242326259613,1,quality_factor,0.4915412366390228,value_factor,0.3754280209541321,momentum_factor,0.11270765215158463
2020-12-30,603019.SH,cp,3,cn_a,INDUSTRY_C39,-0.027437908691411245,-0.024923106480875923,-0.027437908691411245,0.10090242326259613,1,quality_factor,0.3363875150680542,momentum_factor,0.2873682975769043,value_factor,0.22159166634082794
2020-12-30,002465.SZ,cp,3,cn_a,INDUSTRY_C39,-0.027793310062531138,-0.025245933789454403,-0.027793310062531138,0.10090242326259613,0,quality_factor,0.5164000988006592,value_factor,0.40584707260131836,momentum_factor,0.06377242505550385
2020-12-30,688100.SH,cp,3,cn_a,INDUSTRY_C39,-0.02799719811987728,-0.025431134630399234,-0.02799719811987728,0.10090242326259613,2,quality_factor,0.45601534843444824,value_factor,0.3780572712421417,momentum_factor,0.11934126913547516
2020-12-30,600601.SH,cp,3,cn_a,INDUSTRY_C39,-0.029282232457885894,-0.026598390050554338,-0.029282232457885894,0.10090242326259613,0,quality_factor,0.32717105746269226,value_factor,0.3090049624443054,momentum_factor,0.20021142065525055
2020-12-30,688008.SH,cp,3,cn_a,INDUSTRY_C39,-0.030373586631089217,-0.02758971692509886,-0.030373586631089217,0.10090242326259613,1,quality_factor,0.4623039960861206,value_factor,0.3343171775341034,momentum_factor,0.1563033163547516
2020-12-30,688981.SH,cp,3,cn_a,INDUSTRY_C39,-0.0307980560910448,-0.027975281935440355,-0.0307980560910448,0.10090242326259613,2,quality_factor,0.43853309750556946,value_factor,0.33396488428115845,momentum_factor,0.1626027673482895
2020-12-30,300919.SZ,cp,3,cn_a,INDUSTRY_C39,-0.03153276840469316,-0.028642654709065796,-0.03153276840469316,0.10090242326259613,2,quality_factor,0.47613295912742615,value_factor,0.37979182600975037,momentum_factor,0.1127440482378006
2020-12-30,688608.SH,cp,3,cn_a,INDUSTRY_C39,-0.03153276840469316,-0.028642654709065796,-0.03153276840469316,0.10090242326259613,2,quality_factor,0.47613295912742615,value_factor,0.37979182600975037,momentum_factor,0.1127440482378006
2020-12-30,689009.SH,cp,3,cn_a,INDUSTRY_C39,-0.03153276840469316,-0.028642654709065796,-0.03153276840469316,0.10090242326259613,2,quality_factor,0.47613295912742615,value_factor,0.37979182600975037,momentum_factor,0.1127440482378006
2020-12-30,600118.SH,cp,3,cn_a,INDUSTRY_C39,-0.031812902190485416,-0.02889711302987713,-0.031812902190485416,0.10090242326259613,1,quality_factor,0.4495279788970947,value_factor,0.32388627529144287,momentum_factor,0.16871453821659088
2020-12-30,688019.SH,cp,3,cn_a,INDUSTRY_C39,-0.03859133605111338,-0.03505427430561561,-0.03859133605111338,0.10090242326259613,0,quality_factor,0.5202471017837524,value_factor,0.40435346961021423,momentum_factor,0.04138676077127457
2020-12-30,603486.SH,cp,3,cn_a,INDUSTRY_C39,-0.03892958200807104,-0.03536151856744306,-0.03892958200807104,0.10090242326259613,2,quality_factor,0.47964879870414734,value_factor,0.39992713928222656,momentum_factor,0.09411381185054779
2020-12-30,002841.SZ,cp,3,cn_a,INDUSTRY_C39,-0.039054197098774335,-0.03547471214971103,-0.039054197098774335,0.10090242326259613,2,quality_factor,0.3516542911529541,value_factor,0.29138344526290894,momentum_factor,0.22201699018478394
2020-12-30,600764.SH,cp,3,cn_a,INDUSTRY_C39,-0.04079139757534724,-0.03705269073923115,-0.04079139757534724,0.10090242326259613,0,quality_factor,0.5166193842887878,value_factor,0.4063587784767151,momentum_factor,0.06137385964393616
2020-12-30,300223.SZ,cp,3,cn_a,INDUSTRY_C39,-0.047664045399135595,-0.04329543086364357,-0.047664045399135595,0.10090242326259613,1,quality_factor,0.3375372290611267,momentum_factor,0.28059032559394836,value_factor,0.22895419597625732
2020-12-30,300136.SZ,cp,3,cn_a,INDUSTRY_C39,-0.04905062307635984,-0.04455492273972386,-0.04905062307635984,0.10090242326259613,2,quality_factor,0.4702206254005432,value_factor,0.38581740856170654,momentum_factor,0.10892358422279358
2020-12-30,603501.SH,cp,3,cn_a,INDUSTRY_C39,-0.04975223113759034,-0.04519222540788831,-0.04975223113759034,0.10090242326259613,1,quality_factor,0.4368218779563904,value_factor,0.3255905508995056,momentum_factor,0.17041392624378204
2020-12-30,300458.SZ,cp,3,cn_a,INDUSTRY_C39,-0.05287561427557486,-0.0480293370625724,-0.05287561427557486,0.10090242326259613,2,quality_factor,0.4482969641685486,value_factor,0.3485550880432129,momentum_factor,0.14728504419326782
2020-12-30,300115.SZ,cp,3,cn_a,INDUSTRY_C39,-0.05688830879659703,-0.0516742508913719,-0.05688830879659703,0.10090242326259613,2,quality_factor,0.4433574676513672,value_factor,0.3356724977493286,momentum_factor,0.15988248586654663
2020-12-30,600562.SH,cp,3,cn_a,INDUSTRY_C39,-0.05695826712102884,-0.051737797234814004,-0.05695826712102884,0.10090242326259613,2,quality_factor,0.40365850925445557,value_factor,0.30467864871025085,momentum_factor,0.19719816744327545
2020-12-30,688002.SH,cp,3,cn_a,INDUSTRY_C39,-0.0592626215905548,-0.05383094771722141,-0.0592626215905548,0.10090242326259613,0,quality_factor,0.5195221304893494,value_factor,0.41831496357917786,volatility_factor,0.042287759482860565
2020-12-30,300857.SZ,cp,3,cn_a,INDUSTRY_C39,-0.06420487292625444,-0.05832022048506362,-0.06420487292625444,0.10090242326259613,0,quality_factor,0.5189158916473389,value_factor,0.42031973600387573,volatility_factor,0.04068931192159653
2020-12-30,300474.SZ,cp,3,cn_a,INDUSTRY_C39,-0.0741857009798865,-0.06738626276786527,-0.0741857009798865,0.10090242326259613,2,quality_factor,0.46234506368637085,value_factor,0.3638627231121063,momentum_factor,0.1302555352449417
2020-12-30,600435.SH,cp,3,cn_a,INDUSTRY_C39,-0.07480554676785457,-0.06794929702637953,-0.07480554676785457,0.10090242326259613,2,quality_factor,0.43677055835723877,value_factor,0.3351534903049469,momentum_factor,0.1619993895292282
2020-12-31,600498.SH,cp,3,cn_a,INDUSTRY_C39,0.05552414431549241,0.05068363409370826,0.05552414431549241,0.09550435096025467,0,quality_factor,0.4335373342037201,value_factor,0.3530993163585663,volatility_factor,0.1182374358177185
2020-12-31,600884.SH,cp,3,cn_a,INDUSTRY_C39,0.035447849051440584,0.03235755963250246,0.035447849051440584,0.09550435096025467,0,quality_factor,0.44853389263153076,value_factor,0.3639448583126068,volatility_factor,0.10838490724563599
2020-12-31,300735.SZ,cp,3,cn_a,INDUSTRY_C39,0.02256935055278635,0.020601788992016656,0.02256935055278635,0.09550435096025467,0,quality_factor,0.4024244248867035,value_factor,0.3287372291088104,volatility_factor,0.14006759226322174
2020-12-31,002156.SZ,cp,3,cn_a,INDUSTRY_C39,0.02161872423363574,0.01973403682557337,0.02161872423363574,0.09550435096025467,0,quality_factor,0.4008018374443054,value_factor,0.3421533405780792,volatility_factor,0.13024303317070007
2020-12-31,600707.SH,cp,3,cn_a,INDUSTRY_C39,0.018155730777630854,0.01657294185766614,0.018155730777630854,0.09550435096025467,2,momentum_factor,0.4325203001499176,quality_factor,0.26732832193374634,volatility_factor,0.22352543473243713
2020-12-31,603290.SH,cp,3,cn_a,INDUSTRY_C39,0.01475381682856698,0.013467601578436905,0.01475381682856698,0.09550435096025467,0,quality_factor,0.4103376865386963,value_factor,0.34526970982551575,volatility_factor,0.12679970264434814
2020-12-31,002414.SZ,cp,3,cn_a,INDUSTRY_C39,0.014743469604782775,0.0134581564098417,0.014743469604782775,0.09550435096025467,0,quality_factor,0.4201657176017761,value_factor,0.37346217036247253,volatility_factor,0.10460381954908371
2020-12-31,300346.SZ,cp,3,cn_a,INDUSTRY_C39,0.013804766567553663,0.012601288071786142,0.013804766567553663,0.09550435096025467,0,quality_factor,0.38163167238235474,value_factor,0.34596648812294006,momentum_factor,0.14275945723056793
2020-12-31,002429.SZ,cp,3,cn_a,INDUSTRY_C39,0.013746753525806456,0.01254833251854301,0.013746753525806456,0.09550435096025467,2,momentum_factor,0.43657052516937256,quality_factor,0.26345694065093994,volatility_factor,0.226835697889328
2020-12-31,002152.SZ,cp,3,cn_a,INDUSTRY_C39,0.013033255309776342,0.011897035988833252,0.013033255309776342,0.09550435096025467,2,quality_factor,0.48194244503974915,value_factor,0.35621607303619385,volatility_factor,0.1102403923869133
2020-12-31,600699.SH,cp,3,cn_a,INDUSTRY_C39,0.012924744067488227,0.011797984591157773,0.012924744067488227,0.09550435096025467,2,momentum_factor,0.4102882146835327,volatility_factor,0.24273724853992462,quality_factor,0.2362302988767624
2020-12-31,300623.SZ,cp,3,cn_a,INDUSTRY_C39,0.011574449749744548,0.010565406872706766,0.011574449749744548,0.09550435096025467,0,quality_factor,0.41710570454597473,value_factor,0.3571638762950897,volatility_factor,0.11712831258773804
2020-12-31,603920.SH,cp,3,cn_a,INDUSTRY_C39,0.011171355676340882,0.010197453925865345,0.011171355676340882,0.09550435096025467,2,quality_factor,0.5272306203842163,value_factor,0.3622176945209503,momentum_factor,0.0748995989561081
2020-12-31,603228.SH,cp,3,cn_a,INDUSTRY_C39,0.00939390345311389,0.008574957276674323,0.00939390345311389,0.09550435096025467,0,quality_factor,0.4149438738822937,value_factor,0.3188604712486267,volatility_factor,0.14597353339195251
2020-12-31,002185.SZ,cp,3,cn_a,INDUSTRY_C39,0.008500344524804524,0.007759297452971981,0.008500344524804524,0.09550435096025467,1,quality_factor,0.4317002296447754,value_factor,0.41272106766700745,momentum_factor,0.08163134753704071
2020-12-31,300570.SZ,cp,3,cn_a,INDUSTRY_C39,0.007626778210892923,0.006961887318034858,0.007626778210892923,0.09550435096025467,0,quality_factor,0.3692842423915863,value_factor,0.3065991699695587,momentum_factor,0.163641557097435
2020-12-31,600060.SH,cp,3,cn_a,INDUSTRY_C39,0.007098093022986663,0.006479292098514694,0.007098093022986663,0.09550435096025467,2,momentum_factor,0.3851431906223297,volatility_factor,0.27237725257873535,value_factor,0.19084589183330536
2020-12-31,300390.SZ,cp,3,cn_a,INDUSTRY_C39,0.006075508454415662,0.005545854893092261,0.006075508454415662,0.09550435096025467,0,quality_factor,0.45276519656181335,value_factor,0.41890132427215576,volatility_factor,0.06686635315418243
2020-12-31,300627.SZ,cp,3,cn_a,INDUSTRY_C39,0.004059875362991975,0.003705941620545286,0.004059875362991975,0.09550435096025467,0,quality_factor,0.3549676537513733,value_factor,0.3193832337856293,momentum_factor,0.17303979396820068
2020-12-31,600171.SH,cp,3,cn_a,INDUSTRY_C39,0.003979936948160056,0.003632972114804671,0.003979936948160056,0.09550435096025467,1,quality_factor,0.3453831374645233,value_factor,0.34209877252578735,momentum_factor,0.1757422685623169
2020-12-31,002583.SZ,cp,3,cn_a,INDUSTRY_C39,0.0032900981685144047,0.0030032724278982875,0.0032900981685144047,0.09550435096025467,1,momentum_factor,0.505900502204895,volatility_factor,0.25095269083976746,value_factor,0.1506323516368866
2020-12-31,002436.SZ,cp,3,cn_a,INDUSTRY_C39,0.0015009631111838617,0.0013701114362634215,0.0015009631111838617,0.09550435096025467,1,volatility_factor,0.3991113007068634,momentum_factor,0.31804975867271423,value_factor,0.2229042798280716
2020-12-31,603019.SH,cp,3,cn_a,INDUSTRY_C39,-7.295647324549474e-05,-6.6596239173565e-05,-7.295647324549474e-05,0.09550435096025467,1,momentum_factor,0.30001354217529297,value_factor,0.27197304368019104,quality_factor,0.2247609943151474
2020-12-31,300223.SZ,cp,3,cn_a,INDUSTRY_C39,-0.0009609804639812753,-0.0008772036527186777,-0.0009609804639812753,0.09550435096025467,1,momentum_factor,0.3124496638774872,value_factor,0.2596190869808197,quality_factor,0.21422262489795685
2020-12-31,002281.SZ,cp,3,cn_a,INDUSTRY_C39,-0.0011135432900877952,-0.0010164662843181599,-0.0011135432900877952,0.09550435096025467,2,momentum_factor,0.3294354975223541,volatility_factor,0.23445646464824677,value_factor,0.23367434740066528
2020-12-31,300679.SZ,cp,3,cn_a,INDUSTRY_C39,-0.0017896822652845854,-0.0016336604948340196,-0.0017896822652845854,0.09550435096025467,1,momentum_factor,0.40187355875968933,volatility_factor,0.264954537153244,value_factor,0.20437343418598175
2020-12-31,002402.SZ,cp,3,cn_a,INDUSTRY_C39,-0.00206693646916902,-0.001886744100063037,-0.00206693646916902,0.09550435096025467,2,momentum_factor,0.505246639251709,volatility_factor,0.3493187129497528,value_factor,0.10526330024003983
2020-12-31,601231.SH,cp,3,cn_a,INDUSTRY_C39,-0.002416126651163766,-0.002205492414539968,-0.002416126651163766,0.09550435096025467,1,value_factor,0.3135741651058197,quality_factor,0.3042657673358917,momentum_factor,0.21927496790885925
2020-12-31,002273.SZ,cp,3,cn_a,INDUSTRY_C39,-0.0046016487741555685,-0.004200484051980003,-0.0046016487741555685,0.09550435096025467,0,quality_factor,0.3956630825996399,value_factor,0.3446201682090759,momentum_factor,0.13071314990520477
2020-12-31,688027.SH,cp,3,cn_a,INDUSTRY_C39,-0.004952554566139826,-0.0045207984121840294,-0.004952554566139826,0.09550435096025467,1,quality_factor,0.5358923077583313,value_factor,0.3694923222064972,volatility_factor,0.09012635052204132
2020-12-31,300054.SZ,cp,3,cn_a,INDUSTRY_C39,-0.005513712677675063,-0.005033035615375516,-0.005513712677675063,0.09550435096025467,0,quality_factor,0.3628782629966736,value_factor,0.292768269777298,momentum_factor,0.17280380427837372
2020-12-31,002841.SZ,cp,3,cn_a,INDUSTRY_C39,-0.006530723173080003,-0.00596138468682951,-0.006530723173080003,0.09550435096025467,2,momentum_factor,0.5456755757331848,volatility_factor,0.39986395835876465,value_factor,0.04188014939427376
2020-12-31,603160.SH,cp,3,cn_a,INDUSTRY_C39,-0.006648398896613448,-0.006068801620252064,-0.006648398896613448,0.09550435096025467,1,quality_factor,0.5380597710609436,value_factor,0.3575900197029114,volatility_factor,0.09167038649320602
2020-12-31,600118.SH,cp,3,cn_a,INDUSTRY_C39,-0.0068656119847620165,-0.006267078402646613,-0.0068656119847620165,0.09550435096025467,1,quality_factor,0.5379949808120728,value_factor,0.31741341948509216,momentum_factor,0.08867024630308151
2020-12-31,688008.SH,cp,3,cn_a,INDUSTRY_C39,-0.007203532130239871,-0.00657553918520231,-0.007203532130239871,0.09550435096025467,1,quality_factor,0.5401065945625305,value_factor,0.3380565643310547,volatility_factor,0.08582259714603424
2020-12-31,688981.SH,cp,3,cn_a,INDUSTRY_C39,-0.007504123311147541,-0.006849925285388803,-0.007504123311147541,0.09550435096025467,2,quality_factor,0.5246458053588867,value_factor,0.348691463470459,momentum_factor,0.11726921051740646
2020-12-31,002130.SZ,cp,3,cn_a,INDUSTRY_C39,-0.007687244417019718,-0.007017082172528277,-0.007687244417019718,0.09550435096025467,0,quality_factor,0.32843002676963806,value_factor,0.29302647709846497,momentum_factor,0.20315106213092804
2020-12-31,603659.SH,cp,3,cn_a,INDUSTRY_C39,-0.007794379145520727,-0.007114877058789295,-0.007794379145520727,0.09550435096025467,2,quality_factor,0.5168561339378357,value_factor,0.4032946228981018,momentum_factor,0.06558655947446823
2020-12-31,300373.SZ,cp,3,cn_a,INDUSTRY_C39,-0.008830004432853217,-0.008060218112999937,-0.008830004432853217,0.09550435096025467,1,quality_factor,0.4962404668331146,value_factor,0.36121460795402527,volatility_factor,0.10483427345752716
2020-12-31,688100.SH,cp,3,cn_a,INDUSTRY_C39,-0.00966462920261576,-0.00882208156821733,-0.00966462920261576,0.09550435096025467,2,quality_factor,0.5196643471717834,value_factor,0.4135133922100067,volatility_factor,0.0388471856713295
2020-12-31,002138.SZ,cp,3,cn_a,INDUSTRY_C39,-0.009686540263723072,-0.008842082456433774,-0.009686540263723072,0.09550435096025467,2,quality_factor,0.52159583568573,value_factor,0.4184785783290863,volatility_factor,0.05911868438124657
2020-12-31,300037.SZ,cp,3,cn_a,INDUSTRY_C39,-0.010390183754801758,-0.009484383381083969,-0.010390183754801758,0.09550435096025467,0,quality_factor,0.4474193751811981,value_factor,0.36345621943473816,volatility_factor,0.10888019949197769
2020-12-31,600562.SH,cp,3,cn_a,INDUSTRY_C39,-0.010446082315447148,-0.009535408790462954,-0.010446082315447148,0.09550435096025467,2,quality_factor,0.34981006383895874,momentum_factor,0.32648539543151855,value_factor,0.17336662113666534
2020-12-31,300919.SZ,cp,3,cn_a,INDUSTRY_C39,-0.010821736552200832,-0.009878314063765159,-0.010821736552200832,0.09550435096025467,2,quality_factor,0.5147415995597839,value_factor,0.3929910957813263,volatility_factor,0.0789470374584198
2020-12-31,688608.SH,cp,3,cn_a,INDUSTRY_C39,-0.010821736552200832,-0.009878314063765159,-0.010821736552200832,0.09550435096025467,2,quality_factor,0.5147415995597839,value_factor,0.3929910957813263,volatility_factor,0.0789470374584198
2020-12-31,689009.SH,cp,3,cn_a,INDUSTRY_C39,-0.010821736552200832,-0.009878314063765159,-0.010821736552200832,0.09550435096025467,2,quality_factor,0.5147415995597839,value_factor,0.3929910957813263,volatility_factor,0.0789470374584198
2020-12-31,603501.SH,cp,3,cn_a,INDUSTRY_C39,-0.011138154363771816,-0.010167147053090866,-0.011138154363771816,0.09550435096025467,1,quality_factor,0.5275391936302185,value_factor,0.3274129033088684,momentum_factor,0.13834138214588165
2020-12-31,002465.SZ,cp,3,cn_a,INDUSTRY_C39,-0.011608413195550069,-0.010596409437104472,-0.011608413195550069,0.09550435096025467,0,quality_factor,0.45441365242004395,value_factor,0.349643349647522,volatility_factor,0.11837159097194672
2020-12-31,600563.SH,cp,3,cn_a,INDUSTRY_C39,-0.012940405223381182,-0.011812280431364744,-0.012940405223381182,0.09550435096025467,0,quality_factor,0.3827188313007355,value_factor,0.3464686870574951,momentum_factor,0.14167232811450958
2020-12-31,605358.SH,cp,3,cn_a,INDUSTRY_C39,-0.01377259133882395,-0.012571917830426778,-0.01377259133882395,0.09550435096025467,0,quality_factor,0.42815375328063965,value_factor,0.3462875485420227,volatility_factor,0.12395283579826355
2020-12-31,300115.SZ,cp,3,cn_a,INDUSTRY_C39,-0.014011967519033091,-0.012790425560316898,-0.014011967519033091,0.09550435096025467,2,quality_factor,0.5273693203926086,value_factor,0.35012081265449524,momentum_factor,0.09674353897571564
2020-12-31,300458.SZ,cp,3,cn_a,INDUSTRY_C39,-0.014595102861717153,-0.013322724053163038,-0.014595102861717153,0.09550435096025467,2,quality_factor,0.5250876545906067,value_factor,0.37395182251930237,momentum_factor,0.06686480343341827
2020-12-31,603486.SH,cp,3,cn_a,INDUSTRY_C39,-0.015219212114876847,-0.013892424413458684,-0.015219212114876847,0.09550435096025467,2,quality_factor,0.5015984773635864,value_factor,0.4044836759567261,volatility_factor,0.07190795242786407
2020-12-31,600764.SH,cp,3,cn_a,INDUSTRY_C39,-0.017205894322902093,-0.015705910696469025,-0.017205894322902093,0.09550435096025467,0,quality_factor,0.45300981402397156,value_factor,0.349089652299881,volatility_factor,0.11894936114549637
2020-12-31,688019.SH,cp,3,cn_a,INDUSTRY_C39,-0.01732689352313147,-0.01581636137095778,-0.01732689352313147,0.09550435096025467,0,quality_factor,0.43926793336868286,value_factor,0.3372821509838104,volatility_factor,0.12937302887439728
2020-12-31,300136.SZ,cp,3,cn_a,INDUSTRY_C39,-0.01764019021608431,-0.016102345336026468,-0.01764019021608431,0.09550435096025467,2,quality_factor,0.5203798413276672,value_factor,0.4107709527015686,volatility_factor,0.06501457840204239
2020-12-31,600435.SH,cp,3,cn_a,INDUSTRY_C39,-0.018483207343895497,-0.016871869516316973,-0.018483207343895497,0.09550435096025467,2,quality_factor,0.5227518677711487,value_factor,0.3525596559047699,momentum_factor,0.12239747494459152
2020-12-31,600363.SH,cp,3,cn_a,INDUSTRY_C39,-0.01988180269484343,-0.01814853745756119,-0.01988180269484343,0.09550435096025467,0,quality_factor,0.3752565383911133,value_factor,0.3229520916938782,momentum_factor,0.15422284603118896
2020-12-31,300474.SZ,cp,3,cn_a,INDUSTRY_C39,-0.022909647023123758,-0.020912418935054772,-0.022909647023123758,0.09550435096025467,2,quality_factor,0.5274354219436646,value_factor,0.39071881771087646,volatility_factor,0.06189344823360443
2020-12-31,002025.SZ,cp,3,cn_a,INDUSTRY_C39,-0.02348781634910095,-0.021440184340956896,-0.02348781634910095,0.09550435096025467,0,quality_factor,0.40471598505973816,value_factor,0.3470250964164734,volatility_factor,0.12614791095256805
2020-12-31,688002.SH,cp,3,cn_a,INDUSTRY_C39,-0.029757419765777966,-0.027163213293513983,-0.029757419765777966,0.09550435096025467,0,quality_factor,0.4348354935646057,value_factor,0.344832181930542,volatility_factor,0.12425649166107178
2020-12-31,300073.SZ,cp,3,cn_a,INDUSTRY_C39,-0.03108871452425888,-0.028378447805302603,-0.03108871452425888,0.09550435096025467,0,quality_factor,0.37544938921928406,value_factor,0.3253976106643677,momentum_factor,0.15343253314495087
2020-12-31,300857.SZ,cp,3,cn_a,INDUSTRY_C39,-0.03238355627818613,-0.029560407229880223,-0.03238355627818613,0.09550435096025467,0,quality_factor,0.4358873665332794,value_factor,0.3471876084804535,volatility_factor,0.1223750188946724
2020-12-31,600601.SH,cp,3,cn_a,INDUSTRY_C39,-0.05709582381077959,-0.05211829696755814,-0.05709582381077959,0.09550435096025467,0,quality_factor,0.38327160477638245,value_factor,0.330780565738678,momentum_factor,0.14516183733940125
