trade_date,stock_code,model,rank,market_id,universe_id,total_score,stock_score,selection_signal,time_regime_score,cluster_label,top_factor_1,top_factor_1_score,top_factor_2,top_factor_2_score,top_factor_3,top_factor_3_score
2020-10-27,600707.SH,tucker,"(3, 2, 2)",cn_a,INDUSTRY_C39,1.1913538640426131,1.1913538640426131,1.1913538640426131,0.0,0,quality_factor,0.4975139796733856,value_factor,0.42910298705101013,momentum_factor,0.07206203788518906
2020-10-27,600601.SH,tucker,"(3, 2, 2)",cn_a,INDUSTRY_C39,0.9190812647120437,0.9190812647120437,0.9190812647120437,0.0,2,quality_factor,0.6915237903594971,value_factor,0.21863102912902832,volatility_factor,0.048817288130521774
2020-10-27,002429.SZ,tucker,"(3, 2, 2)",cn_a,INDUSTRY_C39,0.8531583795604465,0.8531583795604465,0.8531583795604465,0.0,0,quality_factor,0.5316221117973328,value_factor,0.3921007215976715,momentum_factor,0.06660604476928711
2020-10-27,600699.SH,tucker,"(3, 2, 2)",cn_a,INDUSTRY_C39,0.7530446584623867,0.7530446584623867,0.7530446584623867,0.0,0,value_factor,0.5123287439346313,quality_factor,0.38199445605278015,momentum_factor,0.08395174890756607
2020-10-27,600060.SH,tucker,"(3, 2, 2)",cn_a,INDUSTRY_C39,0.7085064786316889,0.7085064786316889,0.7085064786316889,0.0,1,value_factor,0.5849481225013733,quality_factor,0.2786352336406708,momentum_factor,0.09430099278688431
2020-10-27,002130.SZ,tucker,"(3, 2, 2)",cn_a,INDUSTRY_C39,0.6367995980499757,0.6367995980499757,0.6367995980499757,0.0,0,value_factor,0.5593189597129822,quality_factor,0.31511324644088745,momentum_factor,0.09064848721027374
2020-10-27,002583.SZ,tucker,"(3, 2, 2)",cn_a,INDUSTRY_C39,0.5919166458657145,0.5919166458657145,0.5919166458657145,0.0,0,value_factor,0.5060185790061951,quality_factor,0.39097580313682556,momentum_factor,0.08305244892835617
2020-10-27,300073.SZ,tucker,"(3, 2, 2)",cn_a,INDUSTRY_C39,0.523414254221239,0.523414254221239,0.523414254221239,0.0,2,quality_factor,0.7589851021766663,value_factor,0.14544548094272614,volatility_factor,0.06533274799585342
2020-10-27,600363.SH,tucker,"(3, 2, 2)",cn_a,INDUSTRY_C39,0.5005047269865168,0.5005047269865168,0.5005047269865168,0.0,0,value_factor,0.5397173166275024,quality_factor,0.34301233291625977,momentum_factor,0.08785498887300491
2020-10-27,603920.SH,tucker,"(3, 2, 2)",cn_a,INDUSTRY_C39,0.4717416785270775,0.4717416785270775,0.4717416785270775,0.0,0,quality_factor,0.5660554766654968,value_factor,0.3547455966472626,momentum_factor,0.061098020523786545
2020-10-27,600884.SH,tucker,"(3, 2, 2)",cn_a,INDUSTRY_C39,0.46018091410523565,0.46018091410523565,0.46018091410523565,0.0,2,value_factor,0.7606942653656006,momentum_factor,0.1193472146987915,volatility_factor,0.09146283566951752
2020-10-27,600563.SH,tucker,"(3, 2, 2)",cn_a,INDUSTRY_C39,0.42224002275213124,0.42224002275213124,0.42224002275213124,0.0,2,quality_factor,0.7288711071014404,value_factor,0.17811468243598938,volatility_factor,0.05796043574810028
2020-10-27,002152.SZ,tucker,"(3, 2, 2)",cn_a,INDUSTRY_C39,0.3767760838305843,0.3767760838305843,0.3767760838305843,0.0,0,value_factor,0.5325943231582642,quality_factor,0.35315051674842834,momentum_factor,0.08683985471725464
2020-10-27,601231.SH,tucker,"(3, 2, 2)",cn_a,INDUSTRY_C39,0.35945980262312954,0.35945980262312954,0.35945980262312954,0.0,0,quality_factor,0.5868372917175293,value_factor,0.3322003185749054,momentum_factor,0.057773709297180176
2020-10-27,002025.SZ,tucker,"(3, 2, 2)",cn_a,INDUSTRY_C39,0.33022362799719723,0.33022362799719723,0.33022362799719723,0.0,0,quality_factor,0.6077775359153748,value_factor,0.3094833493232727,momentum_factor,0.054424088448286057
2020-10-27,603228.SH,tucker,"(3, 2, 2)",cn_a,INDUSTRY_C39,0.32190929153662184,0.32190929153662184,0.32190929153662184,0.0,2,quality_factor,0.6770684123039246,value_factor,0.2343129962682724,volatility_factor,0.045278400182724
2020-10-27,002273.SZ,tucker,"(3, 2, 2)",cn_a,INDUSTRY_C39,0.2938392627669825,0.2938392627669825,0.2938392627669825,0.0,0,quality_factor,0.4818212389945984,value_factor,0.4421911835670471,momentum_factor,0.07395618408918381
2020-10-27,600498.SH,tucker,"(3, 2, 2)",cn_a,INDUSTRY_C39,0.275086205145193,0.275086205145193,0.275086205145193,0.0,2,value_factor,0.6206861138343811,quality_factor,0.22776930034160614,momentum_factor,0.09939414262771606
2020-10-27,002465.SZ,tucker,"(3, 2, 2)",cn_a,INDUSTRY_C39,0.2158882854548754,0.2158882854548754,0.2158882854548754,0.0,2,value_factor,0.7272869944572449,momentum_factor,0.11458621919155121,volatility_factor,0.08208250254392624
2020-10-27,300570.SZ,tucker,"(3, 2, 2)",cn_a,INDUSTRY_C39,0.21550486863575383,0.21550486863575383,0.21550486863575383,0.0,1,quality_factor,0.5455517768859863,value_factor,0.37698912620544434,momentum_factor,0.06437783688306808
2020-10-27,300054.SZ,tucker,"(3, 2, 2)",cn_a,INDUSTRY_C39,0.1976595931398942,0.1976595931398942,0.1976595931398942,0.0,1,value_factor,0.5393176674842834,quality_factor,0.34358105063438416,momentum_factor,0.08779802173376083
2020-10-27,002138.SZ,tucker,"(3, 2, 2)",cn_a,INDUSTRY_C39,0.18552891201220967,0.18552891201220967,0.18552891201220967,0.0,0,value_factor,0.5095483064651489,quality_factor,0.38595181703567505,momentum_factor,0.08355548977851868
2020-10-27,300735.SZ,tucker,"(3, 2, 2)",cn_a,INDUSTRY_C39,0.14374471757433463,0.14374471757433463,0.14374471757433463,0.0,1,quality_factor,0.8296137452125549,volatility_factor,0.09966441243886948,value_factor,0.06821142137050629
2020-10-27,600171.SH,tucker,"(3, 2, 2)",cn_a,INDUSTRY_C39,0.10617561646003716,0.10617561646003716,0.10617561646003716,0.0,2,value_factor,0.7426865696907043,momentum_factor,0.11581222712993622,volatility_factor,0.09722212702035904
2020-10-27,300679.SZ,tucker,"(3, 2, 2)",cn_a,INDUSTRY_C39,0.10278381542360497,0.10278381542360497,0.10278381542360497,0.0,2,value_factor,0.6985170841217041,momentum_factor,0.10839240998029709,volatility_factor,0.0973820686340332
2020-10-27,002402.SZ,tucker,"(3, 2, 2)",cn_a,INDUSTRY_C39,0.10035743141687707,0.10035743141687707,0.10035743141687707,0.0,1,quality_factor,0.8822888731956482,volatility_factor,0.09551924467086792,value_factor,0.011679105460643768
2020-10-27,605358.SH,tucker,"(3, 2, 2)",cn_a,INDUSTRY_C39,0.09270711528722887,0.09270711528722887,0.09270711528722887,0.0,1,value_factor,0.5102878212928772,quality_factor,0.3848993182182312,momentum_factor,0.08366087824106216
2020-10-27,600764.SH,tucker,"(3, 2, 2)",cn_a,INDUSTRY_C39,0.07459097542816621,0.07459097542816621,0.07459097542816621,0.0,1,value_factor,0.5743141770362854,quality_factor,0.2937704920768738,momentum_factor,0.09278550744056702
2020-10-27,300919.SZ,tucker,"(3, 2, 2)",cn_a,INDUSTRY_C39,0.06691823113447151,0.06691823113447151,0.06691823113447151,0.0,1,value_factor,0.6037666201591492,quality_factor,0.2518509030342102,momentum_factor,0.09698288887739182
2020-10-27,688608.SH,tucker,"(3, 2, 2)",cn_a,INDUSTRY_C39,0.06691823113447151,0.06691823113447151,0.06691823113447151,0.0,1,value_factor,0.6037666201591492,quality_factor,0.2518509030342102,momentum_factor,0.09698288887739182
2020-10-27,689009.SH,tucker,"(3, 2, 2)",cn_a,INDUSTRY_C39,0.06691823113447151,0.06691823113447151,0.06691823113447151,0.0,1,value_factor,0.6037666201591492,quality_factor,0.2518509030342102,momentum_factor,0.09698288887739182
2020-10-27,002436.SZ,tucker,"(3, 2, 2)",cn_a,INDUSTRY_C39,0.04818761566942474,0.04818761566942474,0.04818761566942474,0.0,1,quality_factor,0.67461758852005,value_factor,0.20132796466350555,volatility_factor,0.0991823822259903
2020-10-27,002281.SZ,tucker,"(3, 2, 2)",cn_a,INDUSTRY_C39,0.044219724489667406,0.044219724489667406,0.044219724489667406,0.0,1,value_factor,0.7091789841651917,momentum_factor,0.11018344014883041,volatility_factor,0.09734345227479935
2020-10-27,688981.SH,tucker,"(3, 2, 2)",cn_a,INDUSTRY_C39,0.03206579829780576,0.03206579829780576,0.03206579829780576,0.0,1,value_factor,0.7629767060279846,momentum_factor,0.11922066658735275,volatility_factor,0.09714864939451218
2020-10-27,300037.SZ,tucker,"(3, 2, 2)",cn_a,INDUSTRY_C39,0.030554492700406655,0.030554492700406655,0.030554492700406655,0.0,1,quality_factor,0.8423270583152771,volatility_factor,0.08573602139949799,value_factor,0.05503182113170624
2020-10-27,002841.SZ,tucker,"(3, 2, 2)",cn_a,INDUSTRY_C39,0.026736161005840538,0.026736161005840538,0.026736161005840538,0.0,2,value_factor,0.4496251046657562,quality_factor,0.38550931215286255,volatility_factor,0.09828329086303711
2020-10-27,688100.SH,tucker,"(3, 2, 2)",cn_a,INDUSTRY_C39,0.00988923244238352,0.00988923244238352,0.00988923244238352,0.0,1,quality_factor,0.46067941188812256,value_factor,0.3850661814212799,volatility_factor,0.09851706773042679
2020-10-27,688027.SH,tucker,"(3, 2, 2)",cn_a,INDUSTRY_C39,-0.004723838935991742,-0.004723838935991742,-0.004723838935991742,0.0,1,quality_factor,0.42431771755218506,value_factor,0.41629499197006226,volatility_factor,0.09840399771928787
2020-10-27,603160.SH,tucker,"(3, 2, 2)",cn_a,INDUSTRY_C39,-0.0052032721078905005,-0.0052032721078905005,-0.0052032721078905005,0.0,2,value_factor,0.5100266337394714,quality_factor,0.3151799440383911,volatility_factor,0.0980645939707756
2020-10-27,300857.SZ,tucker,"(3, 2, 2)",cn_a,INDUSTRY_C39,-0.00780312513991737,-0.00780312513991737,-0.00780312513991737,0.0,1,value_factor,0.5770591497421265,quality_factor,0.28986355662345886,momentum_factor,0.0931767076253891
2020-10-27,300627.SZ,tucker,"(3, 2, 2)",cn_a,INDUSTRY_C39,-0.025374983109533525,-0.025374983109533525,-0.025374983109533525,0.0,1,value_factor,0.632099449634552,quality_factor,0.17304280400276184,volatility_factor,0.09762256592512131
2020-10-27,300136.SZ,tucker,"(3, 2, 2)",cn_a,INDUSTRY_C39,-0.027199755874080588,-0.027199755874080588,-0.027199755874080588,0.0,1,value_factor,0.5748041868209839,quality_factor,0.2397552728652954,volatility_factor,0.09783002734184265
2020-10-27,603486.SH,tucker,"(3, 2, 2)",cn_a,INDUSTRY_C39,-0.028050543736072867,-0.028050543736072867,-0.028050543736072867,0.0,1,value_factor,0.4871803820133209,quality_factor,0.4177882671356201,momentum_factor,0.08036775141954422
2020-10-27,002156.SZ,tucker,"(3, 2, 2)",cn_a,INDUSTRY_C39,-0.032059787817074664,-0.032059787817074664,-0.032059787817074664,0.0,2,quality_factor,0.43069615960121155,value_factor,0.41081690788269043,volatility_factor,0.09842382371425629
2020-10-27,300373.SZ,tucker,"(3, 2, 2)",cn_a,INDUSTRY_C39,-0.03836814229400813,-0.03836814229400813,-0.03836814229400813,0.0,1,value_factor,0.5268974304199219,quality_factor,0.36125877499580383,momentum_factor,0.08602797985076904
2020-10-27,603659.SH,tucker,"(3, 2, 2)",cn_a,INDUSTRY_C39,-0.04992110917860207,-0.04992110917860207,-0.04992110917860207,0.0,1,value_factor,0.6383103132247925,quality_factor,0.1658109575510025,momentum_factor,0.09827858209609985
2020-10-27,002185.SZ,tucker,"(3, 2, 2)",cn_a,INDUSTRY_C39,-0.053079111157589495,-0.053079111157589495,-0.053079111157589495,0.0,2,quality_factor,0.49701616168022156,value_factor,0.3538587987422943,volatility_factor,0.09863007068634033
2020-10-27,300458.SZ,tucker,"(3, 2, 2)",cn_a,INDUSTRY_C39,-0.06080442091101412,-0.06080442091101412,-0.06080442091101412,0.0,1,quality_factor,0.5760177373886108,value_factor,0.28600919246673584,volatility_factor,0.0988757535815239
2020-10-27,300623.SZ,tucker,"(3, 2, 2)",cn_a,INDUSTRY_C39,-0.07759950229879405,-0.07759950229879405,-0.07759950229879405,0.0,1,value_factor,0.6417306661605835,quality_factor,0.19781659543514252,momentum_factor,0.10239328444004059
2020-10-27,603019.SH,tucker,"(3, 2, 2)",cn_a,INDUSTRY_C39,-0.10402243919772725,-0.10402243919772725,-0.10402243919772725,0.0,1,value_factor,0.519078254699707,quality_factor,0.3723878860473633,momentum_factor,0.08491363376379013
2020-10-27,300390.SZ,tucker,"(3, 2, 2)",cn_a,INDUSTRY_C39,-0.11985152558018572,-0.11985152558018572,-0.11985152558018572,0.0,1,value_factor,0.5771960020065308,quality_factor,0.28966888785362244,momentum_factor,0.09319620579481125
2020-10-27,688002.SH,tucker,"(3, 2, 2)",cn_a,INDUSTRY_C39,-0.13056216493638836,-0.13056216493638836,-0.13056216493638836,0.0,1,value_factor,0.5549525022506714,quality_factor,0.3213280439376831,momentum_factor,0.09002620726823807
2020-10-27,600118.SH,tucker,"(3, 2, 2)",cn_a,INDUSTRY_C39,-0.14315918366667757,-0.14315918366667757,-0.14315918366667757,0.0,2,quality_factor,0.7024111747741699,value_factor,0.2068198025226593,volatility_factor,0.0514826737344265
2020-10-27,300115.SZ,tucker,"(3, 2, 2)",cn_a,INDUSTRY_C39,-0.1544870503039,-0.1544870503039,-0.1544870503039,0.0,2,quality_factor,0.703864336013794,value_factor,0.1762097328901291,volatility_factor,0.09927333891391754
2020-10-27,688008.SH,tucker,"(3, 2, 2)",cn_a,INDUSTRY_C39,-0.1835548246375468,-0.1835548246375468,-0.1835548246375468,0.0,1,value_factor,0.5501269698143005,quality_factor,0.32819631695747375,momentum_factor,0.0893385037779808
2020-10-27,300474.SZ,tucker,"(3, 2, 2)",cn_a,INDUSTRY_C39,-0.18757557931670016,-0.18757557931670016,-0.18757557931670016,0.0,1,quality_factor,0.58115553855896,value_factor,0.33836421370506287,momentum_factor,0.058682579547166824
2020-10-27,600435.SH,tucker,"(3, 2, 2)",cn_a,INDUSTRY_C39,-0.1894168780097316,-0.1894168780097316,-0.1894168780097316,0.0,2,quality_factor,0.7096921801567078,value_factor,0.17120461165905,volatility_factor,0.09929146617650986
2020-10-27,600562.SH,tucker,"(3, 2, 2)",cn_a,INDUSTRY_C39,-0.19632814406738008,-0.19632814406738008,-0.19632814406738008,0.0,2,quality_factor,0.7550014853477478,value_factor,0.13229116797447205,volatility_factor,0.09943236410617828
2020-10-27,002414.SZ,tucker,"(3, 2, 2)",cn_a,INDUSTRY_C39,-0.21281048536096128,-0.21281048536096128,-0.21281048536096128,0.0,1,value_factor,0.5273147821426392,quality_factor,0.3606647849082947,momentum_factor,0.08608745038509369
2020-10-27,688019.SH,tucker,"(3, 2, 2)",cn_a,INDUSTRY_C39,-0.25474739581312494,-0.25474739581312494,-0.25474739581312494,0.0,1,value_factor,0.496095210313797,quality_factor,0.40509963035583496,momentum_factor,0.08163823932409286
2020-10-27,603290.SH,tucker,"(3, 2, 2)",cn_a,INDUSTRY_C39,-0.28384721858181605,-0.28384721858181605,-0.28384721858181605,0.0,1,value_factor,0.5891752243041992,quality_factor,0.27261877059936523,momentum_factor,0.09490341693162918
2020-10-27,300346.SZ,tucker,"(3, 2, 2)",cn_a,INDUSTRY_C39,-0.2938874328059425,-0.2938874328059425,-0.2938874328059425,0.0,1,quality_factor,0.46634456515312195,value_factor,0.45306500792503357,momentum_factor,0.07550584524869919
2020-10-27,603501.SH,tucker,"(3, 2, 2)",cn_a,INDUSTRY_C39,-0.3108308942268655,-0.3108308942268655,-0.3108308942268655,0.0,1,quality_factor,0.46868258714675903,value_factor,0.4514223337173462,momentum_factor,0.07527174055576324
2020-10-27,300223.SZ,tucker,"(3, 2, 2)",cn_a,INDUSTRY_C39,-0.35317456493559624,-0.35317456493559624,-0.35317456493559624,0.0,1,quality_factor,0.5258325338363647,value_factor,0.3983815610408783,momentum_factor,0.06753215193748474
2020-10-28,600707.SH,tucker,"(3, 2, 2)",cn_a,INDUSTRY_C39,1.1860040105549883,1.1596679902658538,1.1860040105549883,0.022709989920258522,0,quality_factor,0.4975331723690033,value_factor,0.4290821850299835,momentum_factor,0.07205896824598312
2020-10-28,600601.SH,tucker,"(3, 2, 2)",cn_a,INDUSTRY_C39,0.9159060203069918,0.8955677083627869,0.9159060203069918,0.022709989920258522,2,quality_factor,0.6910116076469421,value_factor,0.21918664872646332,volatility_factor,0.048691894859075546
2020-10-28,002429.SZ,tucker,"(3, 2, 2)",cn_a,INDUSTRY_C39,0.8518033367453359,0.8328884681957935,0.8518033367453359,0.022709989920258522,0,quality_factor,0.5313467383384705,value_factor,0.39239951968193054,momentum_factor,0.06665010005235672
2020-10-28,600699.SH,tucker,"(3, 2, 2)",cn_a,INDUSTRY_C39,0.750318891817909,0.7336575539283428,0.750318891817909,0.022709989920258522,0,value_factor,0.5121883749961853,quality_factor,0.3821942210197449,momentum_factor,0.08393173664808273
2020-10-28,600060.SH,tucker,"(3, 2, 2)",cn_a,INDUSTRY_C39,0.7020520604773811,0.6864625201856,0.7020520604773811,0.022709989920258522,1,value_factor,0.585234522819519,quality_factor,0.27822765707969666,momentum_factor,0.09434180706739426
2020-10-28,002130.SZ,tucker,"(3, 2, 2)",cn_a,INDUSTRY_C39,0.6362385888283549,0.6221104811364822,0.6362385888283549,0.022709989920258522,0,value_factor,0.5588832497596741,quality_factor,0.315733402967453,momentum_factor,0.09058639407157898
2020-10-28,002583.SZ,tucker,"(3, 2, 2)",cn_a,INDUSTRY_C39,0.5926340415690551,0.5794742023072208,0.5926340415690551,0.022709989920258522,0,value_factor,0.5057365894317627,quality_factor,0.39137712121009827,momentum_factor,0.08301226049661636
2020-10-28,300073.SZ,tucker,"(3, 2, 2)",cn_a,INDUSTRY_C39,0.5241768983481472,0.5125371961994736,0.5241768983481472,0.022709989920258522,2,quality_factor,0.756587564945221,value_factor,0.14804652333259583,volatility_factor,0.06474579125642776
2020-10-28,600363.SH,tucker,"(3, 2, 2)",cn_a,INDUSTRY_C39,0.4982532929845297,0.4871892420062971,0.4982532929845297,0.022709989920258522,0,value_factor,0.539583683013916,quality_factor,0.3432026207447052,momentum_factor,0.08783593773841858
2020-10-28,603920.SH,tucker,"(3, 2, 2)",cn_a,INDUSTRY_C39,0.47046450187643934,0.46001751977817684,0.47046450187643934,0.022709989920258522,0,quality_factor,0.5657671689987183,value_factor,0.3550582826137543,momentum_factor,0.06114412099123001
2020-10-28,600884.SH,tucker,"(3, 2, 2)",cn_a,INDUSTRY_C39,0.45930135314515025,0.4491022563060112,0.45930135314515025,0.022709989920258522,2,value_factor,0.7598879337310791,momentum_factor,0.11923230439424515,volatility_factor,0.0912364274263382
2020-10-28,600563.SH,tucker,"(3, 2, 2)",cn_a,INDUSTRY_C39,0.42161000130045173,0.41224786639236244,0.42161000130045173,0.022709989920258522,2,quality_factor,0.7276486754417419,value_factor,0.17944090068340302,volatility_factor,0.057661157101392746
2020-10-28,002152.SZ,tucker,"(3, 2, 2)",cn_a,INDUSTRY_C39,0.3773844036471351,0.36900432801264965,0.3773844036471351,0.022709989920258522,0,value_factor,0.532126784324646,quality_factor,0.35381588339805603,momentum_factor,0.08677323162555695
2020-10-28,601231.SH,tucker,"(3, 2, 2)",cn_a,INDUSTRY_C39,0.3592548485564126,0.35127735194059234,0.3592548485564126,0.022709989920258522,0,quality_factor,0.5861684679985046,value_factor,0.3329259753227234,momentum_factor,0.057880714535713196
2020-10-28,002025.SZ,tucker,"(3, 2, 2)",cn_a,INDUSTRY_C39,0.33137738810788375,0.3240189293346408,0.33137738810788375,0.022709989920258522,0,quality_factor,0.6063045859336853,value_factor,0.31108126044273376,momentum_factor,0.05465970188379288
2020-10-28,603228.SH,tucker,"(3, 2, 2)",cn_a,INDUSTRY_C39,0.3215376201413791,0.3143976600633345,0.3215376201413791,0.022709989920258522,2,quality_factor,0.6760204434394836,value_factor,0.23544983565807343,volatility_factor,0.04502185806632042
2020-10-28,002273.SZ,tucker,"(3, 2, 2)",cn_a,INDUSTRY_C39,0.2944966368948617,0.2879571401180206,0.2944966368948617,0.022709989920258522,0,quality_factor,0.48156091570854187,value_factor,0.44237416982650757,momentum_factor,0.07398226112127304
2020-10-28,600498.SH,tucker,"(3, 2, 2)",cn_a,INDUSTRY_C39,0.2734069699871521,0.2673357835116502,0.2734069699871521,0.022709989920258522,2,value_factor,0.6206867098808289,quality_factor,0.22776851058006287,momentum_factor,0.09939422458410263
2020-10-28,300570.SZ,tucker,"(3, 2, 2)",cn_a,INDUSTRY_C39,0.21727075368138535,0.21244610981318215,0.21727075368138535,0.022709989920258522,1,quality_factor,0.5442320704460144,value_factor,0.37842077016830444,momentum_factor,0.06458893418312073
2020-10-28,002465.SZ,tucker,"(3, 2, 2)",cn_a,INDUSTRY_C39,0.21702963401539668,0.2122103443722712,0.21702963401539668,0.022709989920258522,2,value_factor,0.725190281867981,momentum_factor,0.11428739875555038,volatility_factor,0.08149377256631851
2020-10-28,300054.SZ,tucker,"(3, 2, 2)",cn_a,INDUSTRY_C39,0.1995803972025748,0.1951485796511477,0.1995803972025748,0.022709989920258522,1,value_factor,0.5383159518241882,quality_factor,0.3450068235397339,momentum_factor,0.08765526860952377
2020-10-28,002138.SZ,tucker,"(3, 2, 2)",cn_a,INDUSTRY_C39,0.1867548320860802,0.18260781487269712,0.1867548320860802,0.022709989920258522,0,value_factor,0.509057343006134,quality_factor,0.3866506516933441,momentum_factor,0.08348551392555237
2020-10-28,300735.SZ,tucker,"(3, 2, 2)",cn_a,INDUSTRY_C39,0.14562463138182477,0.14239093806161854,0.14562463138182477,0.022709989920258522,1,quality_factor,0.8402807712554932,volatility_factor,0.09969758242368698,value_factor,0.05905013531446457
2020-10-28,600171.SH,tucker,"(3, 2, 2)",cn_a,INDUSTRY_C39,0.10604399134865239,0.10368921288007703,0.10604399134865239,0.022709989920258522,2,value_factor,0.7437282800674438,momentum_factor,0.11598721891641617,volatility_factor,0.097218357026577
2020-10-28,300679.SZ,tucker,"(3, 2, 2)",cn_a,INDUSTRY_C39,0.10507552941577707,0.10274225629868995,0.10507552941577707,0.022709989920258522,2,value_factor,0.7037858963012695,momentum_factor,0.10927749425172806,volatility_factor,0.09736298024654388
2020-10-28,002402.SZ,tucker,"(3, 2, 2)",cn_a,INDUSTRY_C39,0.10202181853725661,0.09975635513323804,0.10202181853725661,0.022709989920258522,1,quality_factor,0.8713123202323914,volatility_factor,0.09283201396465302,value_factor,0.023587103933095932
2020-10-28,605358.SH,tucker,"(3, 2, 2)",cn_a,INDUSTRY_C39,0.09398081537038627,0.09189390787398945,0.09398081537038627,0.022709989920258522,1,value_factor,0.5095398426055908,quality_factor,0.3859638273715973,momentum_factor,0.08355428278446198
2020-10-28,600764.SH,tucker,"(3, 2, 2)",cn_a,INDUSTRY_C39,0.0753588006193621,0.07368540754108098,0.0753588006193621,0.022709989920258522,1,value_factor,0.5728216767311096,quality_factor,0.2958948612213135,momentum_factor,0.09257280081510544
2020-10-28,300919.SZ,tucker,"(3, 2, 2)",cn_a,INDUSTRY_C39,0.06850839524196013,0.06698712004304742,0.06850839524196013,0.022709989920258522,1,value_factor,0.6004478335380554,quality_factor,0.25657451152801514,momentum_factor,0.0965099111199379
2020-10-28,688608.SH,tucker,"(3, 2, 2)",cn_a,INDUSTRY_C39,0.06850839524196013,0.06698712004304742,0.06850839524196013,0.022709989920258522,1,value_factor,0.6004478335380554,quality_factor,0.25657451152801514,momentum_factor,0.0965099111199379
2020-10-28,689009.SH,tucker,"(3, 2, 2)",cn_a,INDUSTRY_C39,0.06850839524196013,0.06698712004304742,0.06850839524196013,0.022709989920258522,1,value_factor,0.6004478335380554,quality_factor,0.25657451152801514,momentum_factor,0.0965099111199379
2020-10-28,002436.SZ,tucker,"(3, 2, 2)",cn_a,INDUSTRY_C39,0.04978951475243632,0.048683904940802776,0.04978951475243632,0.022709989920258522,1,quality_factor,0.6894771456718445,value_factor,0.18856599926948547,volatility_factor,0.09922859817743301
2020-10-28,002281.SZ,tucker,"(3, 2, 2)",cn_a,INDUSTRY_C39,0.04606516156878714,0.04504225353567675,0.04606516156878714,0.022709989920258522,1,value_factor,0.7185251116752625,momentum_factor,0.11175346374511719,volatility_factor,0.09730961173772812
2020-10-28,688981.SH,tucker,"(3, 2, 2)",cn_a,INDUSTRY_C39,0.03400557997516949,0.033250463098498245,0.03400557997516949,0.022709989920258522,1,value_factor,0.7790479063987732,momentum_factor,0.1219203844666481,volatility_factor,0.0970904603600502
2020-10-28,300037.SZ,tucker,"(3, 2, 2)",cn_a,INDUSTRY_C39,0.03304710195215703,0.03231326872751065,0.03304710195215703,0.022709989920258522,1,quality_factor,0.8061949610710144,value_factor,0.09422976523637772,volatility_factor,0.07689038664102554
2020-10-28,002841.SZ,tucker,"(3, 2, 2)",cn_a,INDUSTRY_C39,0.02901827292273304,0.028373902568461538,0.02901827292273304,0.022709989920258522,2,value_factor,0.444935142993927,quality_factor,0.3909701108932495,volatility_factor,0.09830028563737869
2020-10-28,688100.SH,tucker,"(3, 2, 2)",cn_a,INDUSTRY_C39,0.010598871798533211,0.010363516689913057,0.010598871798533211,0.022709989920258522,1,quality_factor,0.4714915156364441,value_factor,0.37578028440475464,volatility_factor,0.09855068475008011
2020-10-28,688027.SH,tucker,"(3, 2, 2)",cn_a,INDUSTRY_C39,-0.002464856583057673,-0.0024101227774351803,-0.002464856583057673,0.022709989920258522,1,value_factor,0.456595778465271,quality_factor,0.37739288806915283,volatility_factor,0.09825805574655533
2020-10-28,603160.SH,tucker,"(3, 2, 2)",cn_a,INDUSTRY_C39,-0.00396193288810856,-0.003873955491744959,-0.00396193288810856,0.022709989920258522,2,value_factor,0.5076839923858643,quality_factor,0.31790757179260254,volatility_factor,0.0980730652809143
2020-10-28,300857.SZ,tucker,"(3, 2, 2)",cn_a,INDUSTRY_C39,-0.005165458279036384,-0.0050507557882954615,-0.005165458279036384,0.022709989920258522,1,value_factor,0.6212231516838074,quality_factor,0.2270050346851349,momentum_factor,0.09947066754102707
2020-10-28,300627.SZ,tucker,"(3, 2, 2)",cn_a,INDUSTRY_C39,-0.02279536838489591,-0.022289181829926348,-0.02279536838489591,0.022709989920258522,1,value_factor,0.6198224425315857,quality_factor,0.1873377114534378,volatility_factor,0.09766701608896255
2020-10-28,300136.SZ,tucker,"(3, 2, 2)",cn_a,INDUSTRY_C39,-0.024602927807969893,-0.02405660317486886,-0.024602927807969893,0.022709989920258522,1,value_factor,0.5681934356689453,quality_factor,0.24745255708694458,volatility_factor,0.09785395860671997
2020-10-28,603486.SH,tucker,"(3, 2, 2)",cn_a,INDUSTRY_C39,-0.02578766376246116,-0.025215031267112553,-0.02578766376246116,0.022709989920258522,1,value_factor,0.48824402689933777,quality_factor,0.4162742495536804,momentum_factor,0.08051934093236923
2020-10-28,002156.SZ,tucker,"(3, 2, 2)",cn_a,INDUSTRY_C39,-0.029928797385720844,-0.029264208220621056,-0.029928797385720844,0.022709989920258522,2,quality_factor,0.42418724298477173,value_factor,0.4164069890975952,volatility_factor,0.09840357303619385
2020-10-28,300373.SZ,tucker,"(3, 2, 2)",cn_a,INDUSTRY_C39,-0.0355664984644383,-0.034776720338195205,-0.0355664984644383,0.022709989920258522,1,value_factor,0.5305116176605225,quality_factor,0.35611477494239807,momentum_factor,0.08654304593801498
2020-10-28,603659.SH,tucker,"(3, 2, 2)",cn_a,INDUSTRY_C39,-0.04796097823420441,-0.04689597231127192,-0.04796097823420441,0.022709989920258522,1,value_factor,0.6338419914245605,quality_factor,0.17101377248764038,volatility_factor,0.09761625528335571
2020-10-28,002185.SZ,tucker,"(3, 2, 2)",cn_a,INDUSTRY_C39,-0.05070650537491923,-0.04958053316701743,-0.05070650537491923,0.022709989920258522,2,quality_factor,0.49005138874053955,value_factor,0.35984042286872864,volatility_factor,0.09860841184854507
2020-10-28,300458.SZ,tucker,"(3, 2, 2)",cn_a,INDUSTRY_C39,-0.057961978062998805,-0.05667489318244162,-0.057961978062998805,0.022709989920258522,1,quality_factor,0.5650765895843506,value_factor,0.29540592432022095,volatility_factor,0.09884173423051834
2020-10-28,300623.SZ,tucker,"(3, 2, 2)",cn_a,INDUSTRY_C39,-0.07473688156469023,-0.07307729861917112,-0.07473688156469023,0.022709989920258522,1,value_factor,0.6461694836616516,quality_factor,0.19149892032146454,momentum_factor,0.10302586108446121
2020-10-28,603019.SH,tucker,"(3, 2, 2)",cn_a,INDUSTRY_C39,-0.10190654397260779,-0.09964364031817385,-0.10190654397260779,0.022709989920258522,1,value_factor,0.5196710228919983,quality_factor,0.37154415249824524,momentum_factor,0.08499810844659805
2020-10-28,300390.SZ,tucker,"(3, 2, 2)",cn_a,INDUSTRY_C39,-0.11685048461462062,-0.11425574066247682,-0.11685048461462062,0.022709989920258522,1,value_factor,0.578980565071106,quality_factor,0.2871289551258087,momentum_factor,0.09345052391290665
2020-10-28,688002.SH,tucker,"(3, 2, 2)",cn_a,INDUSTRY_C39,-0.12804312789609068,-0.1251998437384109,-0.12804312789609068,0.022709989920258522,1,value_factor,0.5559328198432922,quality_factor,0.3199327290058136,momentum_factor,0.09016591310501099
2020-10-28,600118.SH,tucker,"(3, 2, 2)",cn_a,INDUSTRY_C39,-0.1419697355730436,-0.1388172016834279,-0.1419697355730436,0.022709989920258522,2,quality_factor,0.7032367587089539,value_factor,0.2059241533279419,volatility_factor,0.05168478935956955
2020-10-28,300115.SZ,tucker,"(3, 2, 2)",cn_a,INDUSTRY_C39,-0.1512882893640786,-0.14792883069215018,-0.1512882893640786,0.022709989920258522,2,quality_factor,0.6975783705711365,value_factor,0.1816083937883377,volatility_factor,0.09925378859043121
2020-10-28,688008.SH,tucker,"(3, 2, 2)",cn_a,INDUSTRY_C39,-0.18116147008727074,-0.1771386572558072,-0.18116147008727074,0.022709989920258522,1,value_factor,0.5505961179733276,quality_factor,0.3275284767150879,momentum_factor,0.0894053652882576
2020-10-28,300474.SZ,tucker,"(3, 2, 2)",cn_a,INDUSTRY_C39,-0.18437374482916633,-0.18027960126692621,-0.18437374482916633,0.022709989920258522,1,quality_factor,0.5828673839569092,value_factor,0.3365072011947632,momentum_factor,0.05840876325964928
2020-10-28,600435.SH,tucker,"(3, 2, 2)",cn_a,INDUSTRY_C39,-0.18720038264810193,-0.18304347168348628,-0.18720038264810193,0.022709989920258522,2,quality_factor,0.707102358341217,value_factor,0.17342880368232727,volatility_factor,0.09928340464830399
2020-10-28,600562.SH,tucker,"(3, 2, 2)",cn_a,INDUSTRY_C39,-0.19336031016007443,-0.18906661384356188,-0.19336031016007443,0.022709989920258522,2,quality_factor,0.7504364252090454,value_factor,0.13621190190315247,volatility_factor,0.09941817075014114
2020-10-28,002414.SZ,tucker,"(3, 2, 2)",cn_a,INDUSTRY_C39,-0.20968337744010593,-0.2050272163871827,-0.20968337744010593,0.022709989920258522,1,value_factor,0.5277215242385864,quality_factor,0.3600859045982361,momentum_factor,0.08614541590213776
2020-10-28,688019.SH,tucker,"(3, 2, 2)",cn_a,INDUSTRY_C39,-0.25166286115530845,-0.2460745173061958,-0.25166286115530845,0.022709989920258522,1,value_factor,0.49617698788642883,quality_factor,0.40498313307762146,momentum_factor,0.08164989203214645
2020-10-28,603290.SH,tucker,"(3, 2, 2)",cn_a,INDUSTRY_C39,-0.2808607724690095,-0.2746240692737947,-0.2808607724690095,0.022709989920258522,1,value_factor,0.5896193385124207,quality_factor,0.2719867527484894,momentum_factor,0.09496670216321945
2020-10-28,300346.SZ,tucker,"(3, 2, 2)",cn_a,INDUSTRY_C39,-0.2904239939738643,-0.28397493298446,-0.2904239939738643,0.022709989920258522,1,quality_factor,0.46662163734436035,value_factor,0.4528703987598419,momentum_factor,0.07547811418771744
2020-10-28,603501.SH,tucker,"(3, 2, 2)",cn_a,INDUSTRY_C39,-0.3077643915201331,-0.3009302752884733,-0.3077643915201331,0.022709989920258522,1,quality_factor,0.46891331672668457,value_factor,0.45126020908355713,momentum_factor,0.07524864375591278
2020-10-28,300223.SZ,tucker,"(3, 2, 2)",cn_a,INDUSTRY_C39,-0.34953281758033905,-0.34177120523030446,-0.34953281758033905,0.022709989920258522,1,quality_factor,0.5262914299964905,value_factor,0.39788374304771423,momentum_factor,0.06745874881744385
2020-10-29,600707.SH,tucker,"(3, 2, 2)",cn_a,INDUSTRY_C39,1.2262346225695966,1.1562265149690192,1.2262346225695966,0.06054879352450371,0,quality_factor,0.49773260951042175,value_factor,0.42886584997177124,momentum_factor,0.0720270648598671
2020-10-29,600601.SH,tucker,"(3, 2, 2)",cn_a,INDUSTRY_C39,0.9572028936018251,0.9025543280357706,0.9572028936018251,0.06054879352450371,2,quality_factor,0.6857619881629944,value_factor,0.22488169372081757,volatility_factor,0.04740672931075096
2020-10-29,002429.SZ,tucker,"(3, 2, 2)",cn_a,INDUSTRY_C39,0.9073023152250748,0.855502670245694,0.9073023152250748,0.06054879352450371,0,quality_factor,0.5285794734954834,value_factor,0.3954015374183655,momentum_factor,0.06709275394678116
2020-10-29,600699.SH,tucker,"(3, 2, 2)",cn_a,INDUSTRY_C39,0.7828171745676765,0.7381246271709376,0.7828171745676765,0.06054879352450371,0,value_factor,0.510741651058197,quality_factor,0.3842533528804779,momentum_factor,0.08372555673122406
2020-10-29,600060.SH,tucker,"(3, 2, 2)",cn_a,INDUSTRY_C39,0.6907014273888142,0.651267946260072,0.6907014273888142,0.06054879352450371,1,value_factor,0.5883641839027405,quality_factor,0.273773193359375,momentum_factor,0.0947878286242485
2020-10-29,002130.SZ,tucker,"(3, 2, 2)",cn_a,INDUSTRY_C39,0.6825177769707085,0.6435515162812617,0.6825177769707085,0.06054879352450371,0,value_factor,0.5545111894607544,quality_factor,0.3219561278820038,momentum_factor,0.08996330946683884
2020-10-29,002583.SZ,tucker,"(3, 2, 2)",cn_a,INDUSTRY_C39,0.64900444739017,0.6119515275411666,0.64900444739017,0.06054879352450371,0,value_factor,0.5029769539833069,quality_factor,0.3953048288822174,momentum_factor,0.08261898159980774
2020-10-29,300073.SZ,tucker,"(3, 2, 2)",cn_a,INDUSTRY_C39,0.5754061512210279,0.5425551005270736,0.5754061512210279,0.06054879352450371,2,quality_factor,0.7334620952606201,value_factor,0.17313414812088013,volatility_factor,0.059084370732307434
2020-10-29,600363.SH,tucker,"(3, 2, 2)",cn_a,INDUSTRY_C39,0.5151128786818173,0.48570408759611866,0.5151128786818173,0.06054879352450371,0,value_factor,0.5381918549537659,quality_factor,0.345183402299881,momentum_factor,0.08763758093118668
2020-10-29,603920.SH,tucker,"(3, 2, 2)",cn_a,INDUSTRY_C39,0.49546163371563234,0.46717477023396353,0.49546163371563234,0.06054879352450371,0,quality_factor,0.5628352761268616,value_factor,0.3582391142845154,momentum_factor,0.061613138765096664
2020-10-29,600884.SH,tucker,"(3, 2, 2)",cn_a,INDUSTRY_C39,0.48763422671566115,0.4597942450471475,0.48763422671566115,0.06054879352450371,2,value_factor,0.7516404986381531,momentum_factor,0.11805692315101624,volatility_factor,0.08892065286636353
2020-10-29,600563.SH,tucker,"(3, 2, 2)",cn_a,INDUSTRY_C39,0.4495149172544692,0.42385124073123565,0.4495149172544692,0.06054879352450371,2,quality_factor,0.7154228687286377,value_factor,0.19270402193069458,volatility_factor,0.0546681210398674
2020-10-29,002152.SZ,tucker,"(3, 2, 2)",cn_a,INDUSTRY_C39,0.41490097205386967,0.39121347264673,0.41490097205386967,0.06054879352450371,0,value_factor,0.5275608897209167,quality_factor,0.3603145480155945,momentum_factor,0.08612252026796341
2020-10-29,601231.SH,tucker,"(3, 2, 2)",cn_a,INDUSTRY_C39,0.3865826756538962,0.3645119225895404,0.3865826756538962,0.06054879352450371,0,quality_factor,0.5795334577560425,value_factor,0.3401239812374115,momentum_factor,0.05894205719232559
2020-10-29,002025.SZ,tucker,"(3, 2, 2)",cn_a,INDUSTRY_C39,0.37094774509252254,0.34976962047049087,0.37094774509252254,0.06054879352450371,0,quality_factor,0.5923570990562439,value_factor,0.32621222734451294,momentum_factor,0.05689076706767082
2020-10-29,603228.SH,tucker,"(3, 2, 2)",cn_a,INDUSTRY_C39,0.34398295080264724,0.324344298468649,0.34398295080264724,0.06054879352450371,2,quality_factor,0.6655731201171875,value_factor,0.24678374826908112,momentum_factor,0.04517901688814163
2020-10-29,002273.SZ,tucker,"(3, 2, 2)",cn_a,INDUSTRY_C39,0.3257269926139671,0.3071306082617247,0.3257269926139671,0.06054879352450371,0,quality_factor,0.47905322909355164,value_factor,0.44413599371910095,momentum_factor,0.07423334568738937
2020-10-29,600498.SH,tucker,"(3, 2, 2)",cn_a,INDUSTRY_C39,0.2779112820715037,0.2620447891666583,0.2779112820715037,0.06054879352450371,2,value_factor,0.6206927299499512,quality_factor,0.22775998711585999,momentum_factor,0.09939508140087128
2020-10-29,300570.SZ,tucker,"(3, 2, 2)",cn_a,INDUSTRY_C39,0.25401241262199975,0.23951035242290117,0.25401241262199975,0.06054879352450371,1,quality_factor,0.5323142409324646,value_factor,0.39134982228279114,momentum_factor,0.06649532169103622
2020-10-29,002465.SZ,tucker,"(3, 2, 2)",cn_a,INDUSTRY_C39,0.24707124367896716,0.23296546824731326,0.24707124367896716,0.06054879352450371,2,value_factor,0.7049838900566101,momentum_factor,0.11140771210193634,quality_factor,0.1077883318066597
2020-10-29,300054.SZ,tucker,"(3, 2, 2)",cn_a,INDUSTRY_C39,0.2365254961711134,0.22302179787271745,0.2365254961711134,0.06054879352450371,1,value_factor,0.529262363910675,quality_factor,0.357892781496048,momentum_factor,0.08636501431465149
2020-10-29,002138.SZ,tucker,"(3, 2, 2)",cn_a,INDUSTRY_C39,0.21521335532126332,0.2029264083870463,0.21521335532126332,0.06054879352450371,0,value_factor,0.5045056343078613,quality_factor,0.3931291699409485,momentum_factor,0.08283683657646179
2020-10-29,300735.SZ,tucker,"(3, 2, 2)",cn_a,INDUSTRY_C39,0.17769879388011176,0.16755362585640787,0.17769879388011176,0.06054879352450371,1,quality_factor,0.8597993850708008,volatility_factor,0.09001351147890091,value_factor,0.03607678785920143
2020-10-29,300679.SZ,tucker,"(3, 2, 2)",cn_a,INDUSTRY_C39,0.13822250274337486,0.13033111257482652,0.13822250274337486,0.06054879352450371,2,value_factor,0.7583181858062744,momentum_factor,0.11843810230493546,volatility_factor,0.09716551750898361
2020-10-29,002402.SZ,tucker,"(3, 2, 2)",cn_a,INDUSTRY_C39,0.12820778427417573,0.120888153763426,0.12820778427417573,0.06054879352450371,1,quality_factor,0.7824075222015381,value_factor,0.12003567814826965,volatility_factor,0.07106688618659973
2020-10-29,605358.SH,tucker,"(3, 2, 2)",cn_a,INDUSTRY_C39,0.11532713943896444,0.10874288986836356,0.11532713943896444,0.06054879352450371,1,value_factor,0.5030591487884521,quality_factor,0.3951878845691681,momentum_factor,0.0826306939125061
2020-10-29,600171.SH,tucker,"(3, 2, 2)",cn_a,INDUSTRY_C39,0.11334975506458377,0.1068783981945325,0.11334975506458377,0.06054879352450371,2,value_factor,0.7546815872192383,momentum_factor,0.11782720685005188,volatility_factor,0.09717869013547897
2020-10-29,300919.SZ,tucker,"(3, 2, 2)",cn_a,INDUSTRY_C39,0.09114664043494082,0.08594290234636119,0.09114664043494082,0.06054879352450371,1,value_factor,0.5734447240829468,quality_factor,0.2950080931186676,momentum_factor,0.09266159683465958
2020-10-29,688608.SH,tucker,"(3, 2, 2)",cn_a,INDUSTRY_C39,0.09114664043494082,0.08594290234636119,0.09114664043494082,0.06054879352450371,1,value_factor,0.5734447240829468,quality_factor,0.2950080931186676,momentum_factor,0.09266159683465958
2020-10-29,689009.SH,tucker,"(3, 2, 2)",cn_a,INDUSTRY_C39,0.09114664043494082,0.08594290234636119,0.09114664043494082,0.06054879352450371,1,value_factor,0.5734447240829468,quality_factor,0.2950080931186676,momentum_factor,0.09266159683465958
2020-10-29,600764.SH,tucker,"(3, 2, 2)",cn_a,INDUSTRY_C39,0.08976395299501223,0.08463915520814227,0.08976395299501223,0.06054879352450371,1,value_factor,0.5593267679214478,quality_factor,0.3151021897792816,momentum_factor,0.09064960479736328
2020-10-29,002436.SZ,tucker,"(3, 2, 2)",cn_a,INDUSTRY_C39,0.0710151448231042,0.06696075277729137,0.0710151448231042,0.06054879352450371,1,quality_factor,0.8511471748352051,volatility_factor,0.09957816451787949,value_factor,0.048485614359378815
2020-10-29,002281.SZ,tucker,"(3, 2, 2)",cn_a,INDUSTRY_C39,0.06958971853013594,0.06561670682986066,0.06958971853013594,0.06054879352450371,1,value_factor,0.7555648684501648,momentum_factor,0.11861620843410492,volatility_factor,0.09002257883548737
2020-10-29,300037.SZ,tucker,"(3, 2, 2)",cn_a,INDUSTRY_C39,0.06242431577126641,0.058860390780917184,0.06242431577126641,0.06054879352450371,1,quality_factor,0.6303070783615112,value_factor,0.28504201769828796,momentum_factor,0.05082021281123161
2020-10-29,688981.SH,tucker,"(3, 2, 2)",cn_a,INDUSTRY_C39,0.057548336624016753,0.054262790719134466,0.057548336624016753,0.06054879352450371,1,value_factor,0.6861398816108704,quality_factor,0.13460905849933624,momentum_factor,0.10872218757867813
2020-10-29,002841.SZ,tucker,"(3, 2, 2)",cn_a,INDUSTRY_C39,0.05581289170930981,0.052626425713025345,0.05581289170930981,0.06054879352450371,2,quality_factor,0.44945529103279114,value_factor,0.3947058618068695,volatility_factor,0.0984821692109108
2020-10-29,300857.SZ,tucker,"(3, 2, 2)",cn_a,INDUSTRY_C39,0.022623399196824105,0.021331785556081232,0.022623399196824105,0.06054879352450371,1,quality_factor,0.4968792200088501,value_factor,0.429791659116745,momentum_factor,0.07216357439756393
2020-10-29,688027.SH,tucker,"(3, 2, 2)",cn_a,INDUSTRY_C39,0.02149538292779657,0.020268169918779295,0.02149538292779657,0.06054879352450371,1,value_factor,0.7448955774307251,momentum_factor,0.11709567904472351,volatility_factor,0.08702676743268967
2020-10-29,688100.SH,tucker,"(3, 2, 2)",cn_a,INDUSTRY_C39,0.01906030746503173,0.017972117626519568,0.01906030746503173,0.06054879352450371,1,quality_factor,0.5890557765960693,value_factor,0.27481168508529663,volatility_factor,0.09891629964113235
2020-10-29,603160.SH,tucker,"(3, 2, 2)",cn_a,INDUSTRY_C39,0.008990264092182858,0.008476992517282907,0.008990264092182858,0.06054879352450371,2,value_factor,0.4827861785888672,quality_factor,0.34689778089523315,volatility_factor,0.09816322475671768
2020-10-29,300627.SZ,tucker,"(3, 2, 2)",cn_a,INDUSTRY_C39,0.0029238903513493786,0.002756959792904851,0.0029238903513493786,0.06054879352450371,1,value_factor,0.48429012298583984,quality_factor,0.3451465964317322,volatility_factor,0.09815777838230133
2020-10-29,300136.SZ,tucker,"(3, 2, 2)",cn_a,INDUSTRY_C39,0.0011519224757372839,0.0010861569924075533,0.0011519224757372839,0.06054879352450371,1,value_factor,0.4968014657497406,quality_factor,0.33057883381843567,volatility_factor,0.09811247140169144
2020-10-29,603486.SH,tucker,"(3, 2, 2)",cn_a,INDUSTRY_C39,-0.0037021762057389807,-0.00349081180173565,-0.0037021762057389807,0.06054879352450371,1,value_factor,0.5672371983528137,quality_factor,0.30384334921836853,momentum_factor,0.09177693724632263
2020-10-29,300373.SZ,tucker,"(3, 2, 2)",cn_a,INDUSTRY_C39,-0.008521755016679075,-0.008035231531554133,-0.008521755016679075,0.06054879352450371,1,value_factor,0.6762216091156006,quality_factor,0.14872564375400543,momentum_factor,0.10730870813131332
2020-10-29,002156.SZ,tucker,"(3, 2, 2)",cn_a,INDUSTRY_C39,-0.009594319576647478,-0.009046561305176767,-0.009594319576647478,0.06054879352450371,2,value_factor,0.47420257329940796,quality_factor,0.3568922281265259,volatility_factor,0.09819430857896805
2020-10-29,002185.SZ,tucker,"(3, 2, 2)",cn_a,INDUSTRY_C39,-0.029494945201303035,-0.027811021701411184,-0.029494945201303035,0.06054879352450371,2,value_factor,0.4216052293777466,quality_factor,0.4181346595287323,volatility_factor,0.09838475286960602
2020-10-29,603659.SH,tucker,"(3, 2, 2)",cn_a,INDUSTRY_C39,-0.03093577636615069,-0.029169593026774333,-0.03093577636615069,0.06054879352450371,1,value_factor,0.5859262943267822,quality_factor,0.22680501639842987,volatility_factor,0.09778974950313568
2020-10-29,300458.SZ,tucker,"(3, 2, 2)",cn_a,INDUSTRY_C39,-0.03232107895925123,-0.030475806014009798,-0.03232107895925123,0.06054879352450371,1,quality_factor,0.4533251225948334,value_factor,0.3913823366165161,volatility_factor,0.09849420189857483
2020-10-29,300623.SZ,tucker,"(3, 2, 2)",cn_a,INDUSTRY_C39,-0.05025855241033772,-0.04738919439333842,-0.05025855241033772,0.06054879352450371,1,value_factor,0.7129660844802856,momentum_factor,0.11254528164863586,quality_factor,0.09642729163169861
2020-10-29,603019.SH,tucker,"(3, 2, 2)",cn_a,INDUSTRY_C39,-0.08764796237870044,-0.0826439705909615,-0.08764796237870044,0.06054879352450371,1,value_factor,0.527130663394928,quality_factor,0.3609267771244049,momentum_factor,0.08606121689081192
2020-10-29,300390.SZ,tucker,"(3, 2, 2)",cn_a,INDUSTRY_C39,-0.0943520571262329,-0.08896531559565421,-0.0943520571262329,0.06054879352450371,1,value_factor,0.6025185585021973,quality_factor,0.253627210855484,momentum_factor,0.09680502116680145
2020-10-29,688002.SH,tucker,"(3, 2, 2)",cn_a,INDUSTRY_C39,-0.1116200671202341,-0.10524746148220213,-0.1116200671202341,0.06054879352450371,1,value_factor,0.5680180788040161,quality_factor,0.3027317225933075,momentum_factor,0.09188822656869888
2020-10-29,300115.SZ,tucker,"(3, 2, 2)",cn_a,INDUSTRY_C39,-0.1295047523907602,-0.12211107546035375,-0.1295047523907602,0.06054879352450371,2,quality_factor,0.6325439214706421,value_factor,0.23746247589588165,volatility_factor,0.09905154258012772
2020-10-29,600118.SH,tucker,"(3, 2, 2)",cn_a,INDUSTRY_C39,-0.14091272507743416,-0.1328677449097406,-0.14091272507743416,0.06054879352450371,2,quality_factor,0.7122390866279602,value_factor,0.19615808129310608,volatility_factor,0.05388867110013962
2020-10-29,300474.SZ,tucker,"(3, 2, 2)",cn_a,INDUSTRY_C39,-0.16527597411156314,-0.1558400489089734,-0.16527597411156314,0.06054879352450371,1,quality_factor,0.6038182377815247,value_factor,0.3137785792350769,momentum_factor,0.055057425051927567
2020-10-29,688008.SH,tucker,"(3, 2, 2)",cn_a,INDUSTRY_C39,-0.17044749853290325,-0.16071632099321223,-0.17044749853290325,0.06054879352450371,1,value_factor,0.5559656620025635,quality_factor,0.3198859691619873,momentum_factor,0.09017059952020645
2020-10-29,600562.SH,tucker,"(3, 2, 2)",cn_a,INDUSTRY_C39,-0.1775039111848495,-0.16736986939135334,-0.1775039111848495,0.06054879352450371,2,quality_factor,0.7029887437820435,value_factor,0.1769617646932602,volatility_factor,0.09927061945199966
2020-10-29,600435.SH,tucker,"(3, 2, 2)",cn_a,INDUSTRY_C39,-0.17887437122837152,-0.1686620872188889,-0.17887437122837152,0.06054879352450371,2,quality_factor,0.6800404787063599,value_factor,0.19667048752307892,volatility_factor,0.09919923543930054
2020-10-29,002414.SZ,tucker,"(3, 2, 2)",cn_a,INDUSTRY_C39,-0.19346460547369548,-0.18241933675625882,-0.19346460547369548,0.06054879352450371,1,value_factor,0.5324798226356506,quality_factor,0.3533133864402771,momentum_factor,0.08682354539632797
2020-10-29,688019.SH,tucker,"(3, 2, 2)",cn_a,INDUSTRY_C39,-0.23934893291317624,-0.22568403914728685,-0.23934893291317624,0.06054879352450371,1,value_factor,0.4971078932285309,quality_factor,0.40365833044052124,momentum_factor,0.08178255707025528
2020-10-29,603290.SH,tucker,"(3, 2, 2)",cn_a,INDUSTRY_C39,-0.27199523099755746,-0.25646649689721185,-0.27199523099755746,0.06054879352450371,1,value_factor,0.5945448875427246,quality_factor,0.2649761438369751,momentum_factor,0.09566866606473923
2020-10-29,300346.SZ,tucker,"(3, 2, 2)",cn_a,INDUSTRY_C39,-0.27724220289125173,-0.2614139090116029,-0.27724220289125173,0.06054879352450371,1,quality_factor,0.46977055072784424,value_factor,0.45065799355506897,momentum_factor,0.07516281306743622
2020-10-29,603501.SH,tucker,"(3, 2, 2)",cn_a,INDUSTRY_C39,-0.3002532183425872,-0.283111181060114,-0.3002532183425872,0.06054879352450371,1,quality_factor,0.47147315740585327,value_factor,0.4494616687297821,momentum_factor,0.07499232888221741
2020-10-29,300223.SZ,tucker,"(3, 2, 2)",cn_a,INDUSTRY_C39,-0.3393007730058887,-0.31992943526321527,-0.3393007730058887,0.06054879352450371,1,quality_factor,0.5314112305641174,value_factor,0.39232951402664185,momentum_factor,0.06663978099822998
2020-10-30,600707.SH,tucker,"(3, 2, 2)",cn_a,INDUSTRY_C39,1.1807253405261497,1.1688541378212485,1.1807253405261497,0.010156228207051754,0,quality_factor,0.4977472126483917,value_factor,0.4288499355316162,momentum_factor,0.07202472537755966
2020-10-30,600601.SH,tucker,"(3, 2, 2)",cn_a,INDUSTRY_C39,0.9224006863660608,0.9131267213318961,0.9224006863660608,0.010156228207051754,2,quality_factor,0.6853821277618408,value_factor,0.22529387474060059,volatility_factor,0.047313716262578964
2020-10-30,002429.SZ,tucker,"(3, 2, 2)",cn_a,INDUSTRY_C39,0.8755088533912587,0.8667063463967769,0.8755088533912587,0.010156228207051754,0,quality_factor,0.5283830761909485,value_factor,0.3956146240234375,momentum_factor,0.06712417304515839
2020-10-30,600699.SH,tucker,"(3, 2, 2)",cn_a,INDUSTRY_C39,0.7542622061384932,0.7466787324597407,0.7542622061384932,0.010156228207051754,0,value_factor,0.5106363296508789,quality_factor,0.3844032287597656,momentum_factor,0.08371055871248245
2020-10-30,600060.SH,tucker,"(3, 2, 2)",cn_a,INDUSTRY_C39,0.6625834646164834,0.6559217437679472,0.6625834646164834,0.010156228207051754,1,value_factor,0.5886054039001465,quality_factor,0.27342987060546875,momentum_factor,0.09482220560312271
2020-10-30,002130.SZ,tucker,"(3, 2, 2)",cn_a,INDUSTRY_C39,0.6589320048280499,0.6523069963442182,0.6589320048280499,0.010156228207051754,0,value_factor,0.5542012453079224,quality_factor,0.32239726185798645,momentum_factor,0.08991914242506027
2020-10-30,002583.SZ,tucker,"(3, 2, 2)",cn_a,INDUSTRY_C39,0.6274797458660373,0.6211709634585416,0.6274797458660373,0.010156228207051754,0,value_factor,0.5027859807014465,quality_factor,0.3955766260623932,momentum_factor,0.08259176462888718
2020-10-30,300073.SZ,tucker,"(3, 2, 2)",cn_a,INDUSTRY_C39,0.5564137801926506,0.5508195064477305,0.5564137801926506,0.010156228207051754,2,quality_factor,0.7318844199180603,value_factor,0.17484568059444427,volatility_factor,0.0586981363594532
2020-10-30,600363.SH,tucker,"(3, 2, 2)",cn_a,INDUSTRY_C39,0.49599253101756724,0.4910057422414385,0.49599253101756724,0.010156228207051754,0,value_factor,0.5380896329879761,quality_factor,0.34532901644706726,momentum_factor,0.08762301504611969
2020-10-30,603920.SH,tucker,"(3, 2, 2)",cn_a,INDUSTRY_C39,0.47771199618826554,0.4729090028530104,0.47771199618826554,0.010156228207051754,0,quality_factor,0.5626246333122253,value_factor,0.35846760869026184,momentum_factor,0.06164683401584625
2020-10-30,600884.SH,tucker,"(3, 2, 2)",cn_a,INDUSTRY_C39,0.47043746128714986,0.46570760729720306,0.47043746128714986,0.010156228207051754,2,value_factor,0.7510448098182678,momentum_factor,0.11797203123569489,volatility_factor,0.08875338733196259
2020-10-30,600563.SH,tucker,"(3, 2, 2)",cn_a,INDUSTRY_C39,0.43379295672652307,0.42943153248626387,0.43379295672652307,0.010156228207051754,2,quality_factor,0.714559018611908,value_factor,0.19364123046398163,volatility_factor,0.05445663258433342
2020-10-30,002152.SZ,tucker,"(3, 2, 2)",cn_a,INDUSTRY_C39,0.4012485425353927,0.39721432507601195,0.4012485425353927,0.010156228207051754,0,value_factor,0.5272455811500549,quality_factor,0.3607633709907532,momentum_factor,0.08607760071754456
2020-10-30,601231.SH,tucker,"(3, 2, 2)",cn_a,INDUSTRY_C39,0.37330496531222246,0.3695516970779752,0.37330496531222246,0.010156228207051754,0,quality_factor,0.5790683031082153,value_factor,0.34062859416007996,momentum_factor,0.05901646614074707
2020-10-30,002025.SZ,tucker,"(3, 2, 2)",cn_a,INDUSTRY_C39,0.3591818619803124,0.35557058970119615,0.3591818619803124,0.010156228207051754,0,quality_factor,0.5914223790168762,value_factor,0.32722631096839905,momentum_factor,0.057040296494960785
2020-10-30,603228.SH,tucker,"(3, 2, 2)",cn_a,INDUSTRY_C39,0.3320317355297684,0.32869343499394893,0.3320317355297684,0.010156228207051754,2,quality_factor,0.6648370623588562,value_factor,0.24758216738700867,momentum_factor,0.045296747237443924
2020-10-30,002273.SZ,tucker,"(3, 2, 2)",cn_a,INDUSTRY_C39,0.31513864808483344,0.3119701933704656,0.31513864808483344,0.010156228207051754,0,quality_factor,0.47888240218162537,value_factor,0.4442560374736786,momentum_factor,0.07425044476985931
2020-10-30,600498.SH,tucker,"(3, 2, 2)",cn_a,INDUSTRY_C39,0.2672602181266557,0.2645731408569124,0.2672602181266557,0.010156228207051754,2,value_factor,0.6206931471824646,quality_factor,0.22775936126708984,momentum_factor,0.09939514845609665
2020-10-30,300570.SZ,tucker,"(3, 2, 2)",cn_a,INDUSTRY_C39,0.24665995237262148,0.2441799934920135,0.24665995237262148,0.010156228207051754,1,quality_factor,0.53155118227005,value_factor,0.3921777009963989,momentum_factor,0.06661739200353622
2020-10-30,002465.SZ,tucker,"(3, 2, 2)",cn_a,INDUSTRY_C39,0.23950370005831845,0.23709569129084404,0.23950370005831845,0.010156228207051754,2,value_factor,0.7036064863204956,momentum_factor,0.11121142655611038,quality_factor,0.10974881798028946
2020-10-30,300054.SZ,tucker,"(3, 2, 2)",cn_a,INDUSTRY_C39,0.22987878611812274,0.2275675477852952,0.22987878611812274,0.010156228207051754,1,value_factor,0.5286822319030762,quality_factor,0.35871851444244385,momentum_factor,0.08628232777118683
2020-10-30,002138.SZ,tucker,"(3, 2, 2)",cn_a,INDUSTRY_C39,0.20878887127104045,0.2066896743381775,0.20878887127104045,0.010156228207051754,0,value_factor,0.5042067170143127,quality_factor,0.39355453848838806,momentum_factor,0.08279423415660858
2020-10-30,300735.SZ,tucker,"(3, 2, 2)",cn_a,INDUSTRY_C39,0.17302053650887692,0.1712809601734589,0.17302053650887692,0.010156228207051754,1,quality_factor,0.8541410565376282,volatility_factor,0.08862826973199844,value_factor,0.042215269058942795
2020-10-30,300679.SZ,tucker,"(3, 2, 2)",cn_a,INDUSTRY_C39,0.13518226858853508,0.13382312429185403,0.13518226858853508,0.010156228207051754,2,value_factor,0.762302815914154,momentum_factor,0.11910746246576309,volatility_factor,0.09715110063552856
2020-10-30,002402.SZ,tucker,"(3, 2, 2)",cn_a,INDUSTRY_C39,0.12505484144695972,0.12379751993357149,0.12505484144695972,0.010156228207051754,1,quality_factor,0.7772737741470337,value_factor,0.12560497224330902,volatility_factor,0.06981007754802704
2020-10-30,605358.SH,tucker,"(3, 2, 2)",cn_a,INDUSTRY_C39,0.11232964722408206,0.11120026686253845,0.11232964722408206,0.010156228207051754,1,value_factor,0.5026602149009705,quality_factor,0.3957556188106537,momentum_factor,0.08257384598255157
2020-10-30,600171.SH,tucker,"(3, 2, 2)",cn_a,INDUSTRY_C39,0.10940496738776752,0.10830499222825704,0.10940496738776752,0.010156228207051754,2,value_factor,0.7554944157600403,momentum_factor,0.1179637536406517,volatility_factor,0.09717575460672379
2020-10-30,300919.SZ,tucker,"(3, 2, 2)",cn_a,INDUSTRY_C39,0.08919885059556475,0.0883020309880578,0.08919885059556475,0.010156228207051754,1,value_factor,0.5718787312507629,quality_factor,0.29723694920539856,momentum_factor,0.09243842959403992
2020-10-30,688608.SH,tucker,"(3, 2, 2)",cn_a,INDUSTRY_C39,0.08919885059556475,0.0883020309880578,0.08919885059556475,0.010156228207051754,1,value_factor,0.5718787312507629,quality_factor,0.29723694920539856,momentum_factor,0.09243842959403992
2020-10-30,689009.SH,tucker,"(3, 2, 2)",cn_a,INDUSTRY_C39,0.08919885059556475,0.0883020309880578,0.08919885059556475,0.010156228207051754,1,value_factor,0.5718787312507629,quality_factor,0.29723694920539856,momentum_factor,0.09243842959403992
2020-10-30,600764.SH,tucker,"(3, 2, 2)",cn_a,INDUSTRY_C39,0.08726950683265366,0.0863920851580197,0.08726950683265366,0.010156228207051754,1,value_factor,0.5584616661071777,quality_factor,0.31633344292640686,momentum_factor,0.09052631258964539
2020-10-30,002436.SZ,tucker,"(3, 2, 2)",cn_a,INDUSTRY_C39,0.06975956525173299,0.06905819134936542,0.06975956525173299,0.010156228207051754,1,quality_factor,0.8606129288673401,volatility_factor,0.09925666451454163,value_factor,0.037534020841121674
2020-10-30,002281.SZ,tucker,"(3, 2, 2)",cn_a,INDUSTRY_C39,0.06855835313308493,0.06786905641078847,0.06855835313308493,0.010156228207051754,1,value_factor,0.7507961988449097,momentum_factor,0.11793659627437592,volatility_factor,0.0886835902929306
2020-10-30,300037.SZ,tucker,"(3, 2, 2)",cn_a,INDUSTRY_C39,0.06210348440624561,0.0614790859735511,0.06210348440624561,0.010156228207051754,1,quality_factor,0.6238892078399658,value_factor,0.2920044958591461,momentum_factor,0.05184682831168175
2020-10-30,688981.SH,tucker,"(3, 2, 2)",cn_a,INDUSTRY_C39,0.05699404462287273,0.05642101732052923,0.05699404462287273,0.010156228207051754,1,value_factor,0.681322455406189,quality_factor,0.14146557450294495,momentum_factor,0.10803563892841339
2020-10-30,002841.SZ,tucker,"(3, 2, 2)",cn_a,INDUSTRY_C39,0.05556465788275483,0.055006001864869467,0.05556465788275483,0.010156228207051754,2,quality_factor,0.45387452840805054,value_factor,0.39091047644615173,volatility_factor,0.09849591553211212
2020-10-30,300857.SZ,tucker,"(3, 2, 2)",cn_a,INDUSTRY_C39,0.023759064462807154,0.02352018700279506,0.023759064462807154,0.010156228207051754,1,quality_factor,0.49263519048690796,value_factor,0.43439576029777527,momentum_factor,0.07284245640039444
2020-10-30,688027.SH,tucker,"(3, 2, 2)",cn_a,INDUSTRY_C39,0.022396000767975186,0.022170827769843984,0.022396000767975186,0.010156228207051754,1,value_factor,0.729556679725647,momentum_factor,0.11490967869758606,volatility_factor,0.08271978795528412
2020-10-30,688100.SH,tucker,"(3, 2, 2)",cn_a,INDUSTRY_C39,0.018925213336992142,0.01873493619459015,0.018925213336992142,0.010156228207051754,1,quality_factor,0.5980725288391113,value_factor,0.2670677602291107,volatility_factor,0.09894433617591858
2020-10-30,603160.SH,tucker,"(3, 2, 2)",cn_a,INDUSTRY_C39,0.009581000827468444,0.009484671902328223,0.009581000827468444,0.010156228207051754,2,value_factor,0.4809190034866333,quality_factor,0.3490718603134155,volatility_factor,0.09816998243331909
2020-10-30,300627.SZ,tucker,"(3, 2, 2)",cn_a,INDUSTRY_C39,0.004686717181877234,0.0046395961726323435,0.004686717181877234,0.010156228207051754,1,value_factor,0.47373852133750916,quality_factor,0.3574325144290924,volatility_factor,0.09819598495960236
2020-10-30,300136.SZ,tucker,"(3, 2, 2)",cn_a,INDUSTRY_C39,0.0029873575184248785,0.0029573221448828575,0.0029873575184248785,0.010156228207051754,1,value_factor,0.49136269092559814,quality_factor,0.3369116187095642,volatility_factor,0.0981321707367897
2020-10-30,603486.SH,tucker,"(3, 2, 2)",cn_a,INDUSTRY_C39,-0.0019429435658130662,-0.001923408898331743,-0.0019429435658130662,0.010156228207051754,1,value_factor,0.6322672367095947,quality_factor,0.2112860381603241,momentum_factor,0.10104461014270782
2020-10-30,300373.SZ,tucker,"(3, 2, 2)",cn_a,INDUSTRY_C39,-0.006209917241883843,-0.006147481733955967,-0.006209917241883843,0.010156228207051754,1,value_factor,0.7242423892021179,momentum_factor,0.11415231972932816,volatility_factor,0.0812276154756546
2020-10-30,002156.SZ,tucker,"(3, 2, 2)",cn_a,INDUSTRY_C39,-0.007730174609121511,-0.007652454188817607,-0.007730174609121511,0.010156228207051754,2,value_factor,0.478421151638031,quality_factor,0.35198020935058594,volatility_factor,0.09817902743816376
2020-10-30,002185.SZ,tucker,"(3, 2, 2)",cn_a,INDUSTRY_C39,-0.026780488623640783,-0.026511233278578166,-0.026780488623640783,0.010156228207051754,2,value_factor,0.4261079728603363,quality_factor,0.41289177536964417,volatility_factor,0.09836845099925995
2020-10-30,603659.SH,tucker,"(3, 2, 2)",cn_a,INDUSTRY_C39,-0.028470134923642795,-0.028183891602597575,-0.028470134923642795,0.010156228207051754,1,value_factor,0.5823013782501221,quality_factor,0.2310258448123932,volatility_factor,0.09780288487672806
2020-10-30,300458.SZ,tucker,"(3, 2, 2)",cn_a,INDUSTRY_C39,-0.029171477747701083,-0.02887818301296611,-0.029171477747701083,0.010156228207051754,1,quality_factor,0.4452645480632782,value_factor,0.39830493927001953,volatility_factor,0.09846912324428558
2020-10-30,300623.SZ,tucker,"(3, 2, 2)",cn_a,INDUSTRY_C39,-0.046485163306769536,-0.046017793989414836,-0.046485163306769536,0.010156228207051754,1,value_factor,0.7200825214385986,momentum_factor,0.11355948448181152,quality_factor,0.08629843592643738
2020-10-30,603019.SH,tucker,"(3, 2, 2)",cn_a,INDUSTRY_C39,-0.08314372698936073,-0.08230778656964226,-0.08314372698936073,0.010156228207051754,1,value_factor,0.5277926325798035,quality_factor,0.35998475551605225,momentum_factor,0.08615554869174957
2020-10-30,300390.SZ,tucker,"(3, 2, 2)",cn_a,INDUSTRY_C39,-0.08898117069092418,-0.08808653967223132,-0.08898117069092418,0.010156228207051754,1,value_factor,0.6047088503837585,quality_factor,0.25050976872444153,momentum_factor,0.09711716324090958
2020-10-30,688002.SH,tucker,"(3, 2, 2)",cn_a,INDUSTRY_C39,-0.10601063754809165,-0.10494478952737547,-0.10601063754809165,0.010156228207051754,1,value_factor,0.5690683722496033,quality_factor,0.3012368679046631,momentum_factor,0.09203790873289108
2020-10-30,300115.SZ,tucker,"(3, 2, 2)",cn_a,INDUSTRY_C39,-0.12279722481370486,-0.12156260174148958,-0.12279722481370486,0.010156228207051754,2,quality_factor,0.6277937293052673,value_factor,0.2415420562028885,volatility_factor,0.09903676062822342
2020-10-30,600118.SH,tucker,"(3, 2, 2)",cn_a,INDUSTRY_C39,-0.13526819307132087,-0.13390818487605355,-0.13526819307132087,0.010156228207051754,2,quality_factor,0.7129313349723816,value_factor,0.1954069584608078,volatility_factor,0.05405816063284874
2020-10-30,300474.SZ,tucker,"(3, 2, 2)",cn_a,INDUSTRY_C39,-0.157351306359107,-0.15576927098681828,-0.157351306359107,0.010156228207051754,1,quality_factor,0.6056258678436279,value_factor,0.31181755661964417,momentum_factor,0.05476826801896095
2020-10-30,688008.SH,tucker,"(3, 2, 2)",cn_a,INDUSTRY_C39,-0.1629308000374779,-0.16129266753728547,-0.1629308000374779,0.010156228207051754,1,value_factor,0.5563989281654358,quality_factor,0.31926944851875305,momentum_factor,0.09023233503103256
2020-10-30,600562.SH,tucker,"(3, 2, 2)",cn_a,INDUSTRY_C39,-0.1693328547382977,-0.16763035494922554,-0.1693328547382977,0.010156228207051754,2,quality_factor,0.6995075345039368,value_factor,0.1799515038728714,volatility_factor,0.09925979375839233
2020-10-30,600435.SH,tucker,"(3, 2, 2)",cn_a,INDUSTRY_C39,-0.17119913372986223,-0.16947787007128345,-0.17119913372986223,0.010156228207051754,2,quality_factor,0.6780445575714111,value_factor,0.19838473200798035,volatility_factor,0.0991930365562439
2020-10-30,002414.SZ,tucker,"(3, 2, 2)",cn_a,INDUSTRY_C39,-0.18463649119783251,-0.1827801261834639,-0.18463649119783251,0.010156228207051754,1,value_factor,0.5328723192214966,quality_factor,0.3527548313140869,momentum_factor,0.08687946945428848
2020-10-30,688019.SH,tucker,"(3, 2, 2)",cn_a,INDUSTRY_C39,-0.22899315123424502,-0.22669081721715306,-0.22899315123424502,0.010156228207051754,1,value_factor,0.4971824884414673,quality_factor,0.4035521149635315,momentum_factor,0.08179319649934769
2020-10-30,603290.SH,tucker,"(3, 2, 2)",cn_a,INDUSTRY_C39,-0.2606014683212841,-0.2579813391943372,-0.2606014683212841,0.010156228207051754,1,value_factor,0.5949301719665527,quality_factor,0.2644277513027191,momentum_factor,0.09572356939315796
2020-10-30,300346.SZ,tucker,"(3, 2, 2)",cn_a,INDUSTRY_C39,-0.2653259096519706,-0.262658280231112,-0.2653259096519706,0.010156228207051754,1,quality_factor,0.47002285718917847,value_factor,0.4504806399345398,momentum_factor,0.07513754069805145
2020-10-30,603501.SH,tucker,"(3, 2, 2)",cn_a,INDUSTRY_C39,-0.28784192105858974,-0.28494791203331377,-0.28784192105858974,0.010156228207051754,1,quality_factor,0.47167345881462097,value_factor,0.4493210017681122,momentum_factor,0.07497227191925049
2020-10-30,300223.SZ,tucker,"(3, 2, 2)",cn_a,INDUSTRY_C39,-0.32514802917314695,-0.32187893852951466,-0.32514802917314695,0.010156228207051754,1,quality_factor,0.5318139791488647,value_factor,0.39189255237579346,momentum_factor,0.06657534837722778
2020-11-02,600707.SH,tucker,"(3, 2, 2)",cn_a,INDUSTRY_C39,1.5022163347741893,1.169778242420922,1.5022163347741893,0.2841889262199402,0,quality_factor,0.4968215227127075,value_factor,0.4298541843891144,momentum_factor,0.07217279821634293
2020-11-02,600601.SH,tucker,"(3, 2, 2)",cn_a,INDUSTRY_C39,1.1153758556193998,0.8685449477696702,1.1153758556193998,0.2841889262199402,2,quality_factor,0.7108857035636902,value_factor,0.19762621819972992,volatility_factor,0.05355735495686531
2020-11-02,600060.SH,tucker,"(3, 2, 2)",cn_a,INDUSTRY_C39,1.0430120982039017,0.8121951751004762,1.0430120982039017,0.2841889262199402,1,value_factor,0.5760407447814941,quality_factor,0.29131314158439636,momentum_factor,0.09303156286478043
2020-11-02,002429.SZ,tucker,"(3, 2, 2)",cn_a,INDUSTRY_C39,0.9625664641547057,0.7495520322786731,0.9625664641547057,0.2841889262199402,0,quality_factor,0.5428131222724915,value_factor,0.3799600601196289,momentum_factor,0.06481590121984482
2020-11-02,600699.SH,tucker,"(3, 2, 2)",cn_a,INDUSTRY_C39,0.9195536098011532,0.7160578543746835,0.9195536098011532,0.2841889262199402,0,value_factor,0.5175350308418274,quality_factor,0.37458425760269165,momentum_factor,0.08469370007514954
2020-11-02,002130.SZ,tucker,"(3, 2, 2)",cn_a,INDUSTRY_C39,0.6978698565829539,0.5434323641507077,0.6978698565829539,0.2841889262199402,0,value_factor,0.5771068334579468,quality_factor,0.289795845746994,momentum_factor,0.0931834951043129
2020-11-02,600363.SH,tucker,"(3, 2, 2)",cn_a,INDUSTRY_C39,0.6312800713137893,0.4915787927494494,0.6312800713137893,0.2841889262199402,0,value_factor,0.5445151329040527,quality_factor,0.3361836075782776,momentum_factor,0.08853873610496521
2020-11-02,002583.SZ,tucker,"(3, 2, 2)",cn_a,INDUSTRY_C39,0.5920416643973875,0.46102378305108593,0.5920416643973875,0.2841889262199402,0,value_factor,0.5187438726425171,quality_factor,0.37286376953125,momentum_factor,0.0848659798502922
2020-11-02,603920.SH,tucker,"(3, 2, 2)",cn_a,INDUSTRY_C39,0.5563740591200205,0.433249362252371,0.5563740591200205,0.2841889262199402,0,quality_factor,0.57724529504776,value_factor,0.3426062762737274,momentum_factor,0.05930807441473007
2020-11-02,600884.SH,tucker,"(3, 2, 2)",cn_a,INDUSTRY_C39,0.5259912484998309,0.4095902194349447,0.5259912484998309,0.2841889262199402,2,value_factor,0.7680354118347168,momentum_factor,0.1200704500079155,volatility_factor,0.09713035076856613
2020-11-02,300073.SZ,tucker,"(3, 2, 2)",cn_a,INDUSTRY_C39,0.5176601837307636,0.40310280608610816,0.5176601837307636,0.2841889262199402,2,quality_factor,0.8744410276412964,volatility_factor,0.09359797835350037,value_factor,0.020192833617329597
2020-11-02,600563.SH,tucker,"(3, 2, 2)",cn_a,INDUSTRY_C39,0.47453100716320157,0.3695180478895811,0.47453100716320157,0.2841889262199402,2,quality_factor,0.7794143557548523,value_factor,0.12328274548053741,volatility_factor,0.07033412903547287
2020-11-02,601231.SH,tucker,"(3, 2, 2)",cn_a,INDUSTRY_C39,0.38882465285083834,0.3027783738552872,0.38882465285083834,0.2841889262199402,0,quality_factor,0.615391731262207,value_factor,0.3012230694293976,momentum_factor,0.053206104785203934
2020-11-02,002152.SZ,tucker,"(3, 2, 2)",cn_a,INDUSTRY_C39,0.36992122310329123,0.28805824312981687,0.36992122310329123,0.2841889262199402,0,value_factor,0.5538785457611084,quality_factor,0.32285672426223755,momentum_factor,0.08987314999103546
2020-11-02,600498.SH,tucker,"(3, 2, 2)",cn_a,INDUSTRY_C39,0.36716208027417147,0.28590969423274926,0.36716208027417147,0.2841889262199402,2,value_factor,0.6206669211387634,quality_factor,0.22779668867588043,momentum_factor,0.0993914008140564
2020-11-02,603228.SH,tucker,"(3, 2, 2)",cn_a,INDUSTRY_C39,0.3568077778089712,0.2778467824810559,0.3568077778089712,0.2841889262199402,2,quality_factor,0.7209228277206421,value_factor,0.18673737347126007,volatility_factor,0.056014589965343475
2020-11-02,002025.SZ,tucker,"(3, 2, 2)",cn_a,INDUSTRY_C39,0.2958418230612395,0.2303724968262968,0.2958418230612395,0.2841889262199402,0,quality_factor,0.6853498816490173,value_factor,0.22532884776592255,volatility_factor,0.047305818647146225
2020-11-02,002273.SZ,tucker,"(3, 2, 2)",cn_a,INDUSTRY_C39,0.2801284169331237,0.21813644255269146,0.2801284169331237,0.2841889262199402,0,quality_factor,0.49399545788764954,value_factor,0.43292009830474854,momentum_factor,0.07262486964464188
2020-11-02,002465.SZ,tucker,"(3, 2, 2)",cn_a,INDUSTRY_C39,0.17571422611299517,0.13682894655895844,0.17571422611299517,0.2841889262199402,2,value_factor,0.7291610240936279,momentum_factor,0.11354013532400131,volatility_factor,0.09727109968662262
2020-11-02,300570.SZ,tucker,"(3, 2, 2)",cn_a,INDUSTRY_C39,0.14675566047807026,0.11427886557042663,0.14675566047807026,0.2841889262199402,1,quality_factor,0.6379558444023132,value_factor,0.27674439549446106,momentum_factor,0.049596723169088364
2020-11-02,002138.SZ,tucker,"(3, 2, 2)",cn_a,INDUSTRY_C39,0.13979955222412216,0.10886213304061013,0.13979955222412216,0.2841889262199402,0,value_factor,0.5385882258415222,quality_factor,0.34461936354637146,momentum_factor,0.08769407868385315
2020-11-02,300054.SZ,tucker,"(3, 2, 2)",cn_a,INDUSTRY_C39,0.12083487072201612,0.09409430547671874,0.12083487072201612,0.2841889262199402,1,value_factor,0.6090531349182129,quality_factor,0.24432650208473206,momentum_factor,0.09773627668619156
2020-11-02,600171.SH,tucker,"(3, 2, 2)",cn_a,INDUSTRY_C39,0.11809935920245226,0.09196415831788185,0.11809935920245226,0.2841889262199402,2,value_factor,0.7064597010612488,momentum_factor,0.10972665250301361,volatility_factor,0.09735330194234848
2020-11-02,300735.SZ,tucker,"(3, 2, 2)",cn_a,INDUSTRY_C39,0.0657905744301393,0.05123122465335178,0.0657905744301393,0.2841889262199402,1,quality_factor,0.48890215158462524,value_factor,0.36082741618156433,volatility_factor,0.09860483556985855
2020-11-02,600764.SH,tucker,"(3, 2, 2)",cn_a,INDUSTRY_C39,0.04363498802720072,0.03397863438237048,0.04363498802720072,0.2841889262199402,1,value_factor,0.6779431700706482,quality_factor,0.14627544581890106,momentum_factor,0.10755404084920883
2020-11-02,605358.SH,tucker,"(3, 2, 2)",cn_a,INDUSTRY_C39,0.03963019639683197,0.030860096788157078,0.03963019639683197,0.2841889262199402,1,value_factor,0.5848439931869507,quality_factor,0.27878338098526,momentum_factor,0.09428615868091583
2020-11-02,002402.SZ,tucker,"(3, 2, 2)",cn_a,INDUSTRY_C39,0.02984382849316655,0.023239436580281568,0.02984382849316655,0.2841889262199402,1,quality_factor,0.44800323247909546,value_factor,0.395952969789505,volatility_factor,0.09847765415906906
2020-11-02,300679.SZ,tucker,"(3, 2, 2)",cn_a,INDUSTRY_C39,0.003723777579234246,0.00289971150690347,0.003723777579234246,0.2841889262199402,2,value_factor,0.5057783126831055,quality_factor,0.3201265037059784,volatility_factor,0.09807996451854706
2020-11-02,300919.SZ,tucker,"(3, 2, 2)",cn_a,INDUSTRY_C39,-0.0020618931643320037,-0.0016055994772514346,-0.0020618931643320037,0.2841889262199402,1,value_factor,0.4787881374359131,quality_factor,0.35155290365219116,volatility_factor,0.0981777012348175
2020-11-02,688608.SH,tucker,"(3, 2, 2)",cn_a,INDUSTRY_C39,-0.0020618931643320037,-0.0016055994772514346,-0.0020618931643320037,0.2841889262199402,1,value_factor,0.4787881374359131,quality_factor,0.35155290365219116,volatility_factor,0.0981777012348175
2020-11-02,689009.SH,tucker,"(3, 2, 2)",cn_a,INDUSTRY_C39,-0.0020618931643320037,-0.0016055994772514346,-0.0020618931643320037,0.2841889262199402,1,value_factor,0.4787881374359131,quality_factor,0.35155290365219116,volatility_factor,0.0981777012348175
2020-11-02,688100.SH,tucker,"(3, 2, 2)",cn_a,INDUSTRY_C39,-0.02200542271415059,-0.01713565756836077,-0.02200542271415059,0.2841889262199402,1,value_factor,0.6778765320777893,quality_factor,0.11974155902862549,momentum_factor,0.10492510348558426
2020-11-02,002436.SZ,tucker,"(3, 2, 2)",cn_a,INDUSTRY_C39,-0.022370890890493267,-0.017420248216915513,-0.022370890890493267,0.2841889262199402,1,value_factor,0.5942249298095703,quality_factor,0.2171424776315689,volatility_factor,0.09775970131158829
2020-11-02,002281.SZ,tucker,"(3, 2, 2)",cn_a,INDUSTRY_C39,-0.03769405189473485,-0.02935241799362676,-0.03769405189473485,0.2841889262199402,1,quality_factor,0.5021210312843323,value_factor,0.34947454929351807,volatility_factor,0.09864594787359238
2020-11-02,688981.SH,tucker,"(3, 2, 2)",cn_a,INDUSTRY_C39,-0.054837456866228686,-0.04270201463456506,-0.054837456866228686,0.2841889262199402,1,quality_factor,0.8106938600540161,volatility_factor,0.09960556775331497,value_factor,0.08446051925420761
2020-11-02,603160.SH,tucker,"(3, 2, 2)",cn_a,INDUSTRY_C39,-0.062246751912234076,-0.048471644438116,-0.062246751912234076,0.2841889262199402,2,value_factor,0.5888704061508179,quality_factor,0.22337713837623596,volatility_factor,0.09777910262346268
2020-11-02,002841.SZ,tucker,"(3, 2, 2)",cn_a,INDUSTRY_C39,-0.0761148923678667,-0.059270787405946254,-0.0761148923678667,0.2841889262199402,2,value_factor,0.6039567589759827,quality_factor,0.20581114292144775,volatility_factor,0.09772446751594543
2020-11-02,300037.SZ,tucker,"(3, 2, 2)",cn_a,INDUSTRY_C39,-0.08170811520899975,-0.06362623890325185,-0.08170811520899975,0.2841889262199402,1,value_factor,0.5954471826553345,quality_factor,0.2636919319629669,momentum_factor,0.09579725563526154
2020-11-02,688027.SH,tucker,"(3, 2, 2)",cn_a,INDUSTRY_C39,-0.10826731761549588,-0.08430793194038869,-0.10826731761549588,0.2841889262199402,1,quality_factor,0.5691750049591064,value_factor,0.35136136412620544,momentum_factor,0.06059901416301727
2020-11-02,300857.SZ,tucker,"(3, 2, 2)",cn_a,INDUSTRY_C39,-0.1288313479975592,-0.1003211750136884,-0.1288313479975592,0.2841889262199402,1,value_factor,0.48244336247444153,quality_factor,0.42453035712242126,momentum_factor,0.07969266921281815
2020-11-02,002156.SZ,tucker,"(3, 2, 2)",cn_a,INDUSTRY_C39,-0.1312719891039666,-0.1022217061141325,-0.1312719891039666,0.2841889262199402,2,quality_factor,0.669639527797699,value_factor,0.20560327172279358,volatility_factor,0.09916690737009048
2020-11-02,603486.SH,tucker,"(3, 2, 2)",cn_a,INDUSTRY_C39,-0.1330697303640029,-0.10362161008456094,-0.1330697303640029,0.2841889262199402,1,value_factor,0.4776512384414673,quality_factor,0.431350976228714,momentum_factor,0.07900972664356232
2020-11-02,603659.SH,tucker,"(3, 2, 2)",cn_a,INDUSTRY_C39,-0.14231511684716888,-0.11082100720229082,-0.14231511684716888,0.2841889262199402,1,value_factor,0.7773866653442383,momentum_factor,0.12172611057758331,volatility_factor,0.09614983946084976
2020-11-02,300627.SZ,tucker,"(3, 2, 2)",cn_a,INDUSTRY_C39,-0.1447264660030789,-0.11269872861442526,-0.1447264660030789,0.2841889262199402,1,value_factor,0.6605819463729858,quality_factor,0.1709856241941452,momentum_factor,0.10507983714342117
2020-11-02,300136.SZ,tucker,"(3, 2, 2)",cn_a,INDUSTRY_C39,-0.1474397330301517,-0.11481155395167933,-0.1474397330301517,0.2841889262199402,1,value_factor,0.7754537463188171,momentum_factor,0.12145063281059265,volatility_factor,0.09560710191726685
2020-11-02,002185.SZ,tucker,"(3, 2, 2)",cn_a,INDUSTRY_C39,-0.16450713608588158,-0.12810196778027233,-0.16450713608588158,0.2841889262199402,2,quality_factor,0.753775954246521,value_factor,0.13334371149539948,volatility_factor,0.09942855685949326
2020-11-02,300373.SZ,tucker,"(3, 2, 2)",cn_a,INDUSTRY_C39,-0.16859352335573163,-0.13128404402836144,-0.16859352335573163,0.2841889262199402,1,value_factor,0.4905119240283966,quality_factor,0.41304633021354675,momentum_factor,0.08084253966808319
2020-11-02,300458.SZ,tucker,"(3, 2, 2)",cn_a,INDUSTRY_C39,-0.1941431141867137,-0.15117955093038998,-0.1941431141867137,0.2841889262199402,1,quality_factor,0.836051344871521,volatility_factor,0.08419965207576752,value_factor,0.061839982867240906
2020-11-02,600118.SH,tucker,"(3, 2, 2)",cn_a,INDUSTRY_C39,-0.20550376513725338,-0.16002610784369736,-0.20550376513725338,0.2841889262199402,2,quality_factor,0.6765759587287903,value_factor,0.23484724760055542,volatility_factor,0.045157842338085175
2020-11-02,603019.SH,tucker,"(3, 2, 2)",cn_a,INDUSTRY_C39,-0.2065472885353171,-0.1608387011688096,-0.2065472885353171,0.2841889262199402,1,value_factor,0.5055014491081238,quality_factor,0.3917117118835449,momentum_factor,0.082978755235672
2020-11-02,300623.SZ,tucker,"(3, 2, 2)",cn_a,INDUSTRY_C39,-0.21279492707191727,-0.16570374720608622,-0.21279492707191727,0.2841889262199402,1,value_factor,0.5630261898040771,quality_factor,0.30983680486679077,momentum_factor,0.09117681533098221
2020-11-02,688002.SH,tucker,"(3, 2, 2)",cn_a,INDUSTRY_C39,-0.25299489449338675,-0.19700752559479187,-0.25299489449338675,0.2841889262199402,1,value_factor,0.5316475629806519,quality_factor,0.3544979393482208,momentum_factor,0.08670493960380554
2020-11-02,300390.SZ,tucker,"(3, 2, 2)",cn_a,INDUSTRY_C39,-0.26372572398772004,-0.2053636395412473,-0.26372572398772004,0.2841889262199402,1,value_factor,0.5393914580345154,quality_factor,0.34347620606422424,momentum_factor,0.08780854195356369
2020-11-02,600435.SH,tucker,"(3, 2, 2)",cn_a,INDUSTRY_C39,-0.3012910895660909,-0.2346158492962235,-0.3012910895660909,0.2841889262199402,2,quality_factor,0.8015296459197998,volatility_factor,0.09957706183195114,value_factor,0.09233109652996063
2020-11-02,688008.SH,tucker,"(3, 2, 2)",cn_a,INDUSTRY_C39,-0.3031889753671324,-0.23609373597956304,-0.3031889753671324,0.2841889262199402,1,value_factor,0.5371151566505432,quality_factor,0.3467160165309906,momentum_factor,0.08748413622379303
2020-11-02,300115.SZ,tucker,"(3, 2, 2)",cn_a,INDUSTRY_C39,-0.3093275529998145,-0.24087385611798684,-0.3093275529998145,0.2841889262199402,2,quality_factor,0.8744732141494751,volatility_factor,0.09360584616661072,value_factor,0.020158004015684128
2020-11-02,600562.SH,tucker,"(3, 2, 2)",cn_a,INDUSTRY_C39,-0.34293799806423103,-0.26704636299619766,-0.34293799806423103,0.2841889262199402,2,quality_factor,0.8849204778671265,volatility_factor,0.09616348892450333,momentum_factor,0.010091829113662243
2020-11-02,300474.SZ,tucker,"(3, 2, 2)",cn_a,INDUSTRY_C39,-0.34439709834830157,-0.2681825667015531,-0.34439709834830157,0.2841889262199402,1,quality_factor,0.5399093627929688,value_factor,0.3831101953983307,momentum_factor,0.06528038531541824
2020-11-02,002414.SZ,tucker,"(3, 2, 2)",cn_a,INDUSTRY_C39,-0.3676191532360404,-0.2862656176730795,-0.3676191532360404,0.2841889262199402,1,value_factor,0.5165796875953674,quality_factor,0.375944048166275,momentum_factor,0.08455755561590195
2020-11-02,688019.SH,tucker,"(3, 2, 2)",cn_a,INDUSTRY_C39,-0.4099422831340404,-0.31922270604961944,-0.4099422831340404,0.2841889262199402,1,value_factor,0.4937921464443207,quality_factor,0.4083775579929352,momentum_factor,0.08131001889705658
2020-11-02,603290.SH,tucker,"(3, 2, 2)",cn_a,INDUSTRY_C39,-0.4361761240603368,-0.3396510395860977,-0.4361761240603368,0.2841889262199402,1,value_factor,0.5758922100067139,quality_factor,0.29152458906173706,momentum_factor,0.09301040321588516
2020-11-02,603501.SH,tucker,"(3, 2, 2)",cn_a,INDUSTRY_C39,-0.4683209104344302,-0.3646822357176025,-0.4683209104344302,0.2841889262199402,1,quality_factor,0.4617854654788971,value_factor,0.45626819133758545,momentum_factor,0.07596234232187271
2020-11-02,300346.SZ,tucker,"(3, 2, 2)",cn_a,INDUSTRY_C39,-0.4685829259476909,-0.3648862676133382,-0.4685829259476909,0.2841889262199402,1,value_factor,0.4585492014884949,quality_factor,0.4585389196872711,momentum_factor,0.07628742605447769
2020-11-02,300223.SZ,tucker,"(3, 2, 2)",cn_a,INDUSTRY_C39,-0.5393200745131435,-0.4199693973911815,-0.5393200745131435,0.2841889262199402,1,quality_factor,0.5123051404953003,value_factor,0.41305676102638245,momentum_factor,0.06969601660966873
2020-11-03,600707.SH,tucker,"(3, 2, 2)",cn_a,INDUSTRY_C39,1.1989690276518812,1.153935382516555,1.1989690276518812,0.03902609273791313,0,quality_factor,0.49668827652931213,value_factor,0.4299987852573395,momentum_factor,0.07219411432743073
2020-11-03,600601.SH,tucker,"(3, 2, 2)",cn_a,INDUSTRY_C39,0.8835320700536677,0.8503463339830697,0.8835320700536677,0.03902609273791313,2,quality_factor,0.7148191332817078,value_factor,0.19335901737213135,volatility_factor,0.05452031269669533
2020-11-03,600060.SH,tucker,"(3, 2, 2)",cn_a,INDUSTRY_C39,0.8554516072144448,0.8233205819575313,0.8554516072144448,0.03902609273791313,1,value_factor,0.5745943188667297,quality_factor,0.2933717668056488,momentum_factor,0.09282542765140533
2020-11-03,002429.SZ,tucker,"(3, 2, 2)",cn_a,INDUSTRY_C39,0.7508637803079168,0.7226611059706327,0.7508637803079168,0.03902609273791313,0,quality_factor,0.5452889204025269,value_factor,0.3772743046283722,momentum_factor,0.06441988050937653
2020-11-03,600699.SH,tucker,"(3, 2, 2)",cn_a,INDUSTRY_C39,0.7293197929800315,0.7019263174274933,0.7293197929800315,0.03902609273791313,0,value_factor,0.5185694694519043,quality_factor,0.3731119930744171,momentum_factor,0.08484113216400146
2020-11-03,002130.SZ,tucker,"(3, 2, 2)",cn_a,INDUSTRY_C39,0.540847645073654,0.5205332413160988,0.540847645073654,0.03902609273791313,0,value_factor,0.5810642838478088,quality_factor,0.28416311740875244,momentum_factor,0.09374748170375824
2020-11-03,600363.SH,tucker,"(3, 2, 2)",cn_a,INDUSTRY_C39,0.5038729926417017,0.48494736819221884,0.5038729926417017,0.03902609273791313,0,value_factor,0.545432448387146,quality_factor,0.3348778486251831,momentum_factor,0.08866946399211884
2020-11-03,002583.SZ,tucker,"(3, 2, 2)",cn_a,INDUSTRY_C39,0.4488186329140842,0.4319608671347971,0.4488186329140842,0.03902609273791313,0,value_factor,0.5219398736953735,quality_factor,0.3683149516582489,momentum_factor,0.08532144874334335
2020-11-03,603920.SH,tucker,"(3, 2, 2)",cn_a,INDUSTRY_C39,0.4381519239338012,0.4216948030218136,0.4381519239338012,0.03902609273791313,0,quality_factor,0.5795907378196716,value_factor,0.34006187319755554,momentum_factor,0.05893290415406227
2020-11-03,600884.SH,tucker,"(3, 2, 2)",cn_a,INDUSTRY_C39,0.4114741282246516,0.3960190335178876,0.4114741282246516,0.03902609273791313,2,value_factor,0.7609143853187561,momentum_factor,0.1188742145895958,volatility_factor,0.09715612977743149
2020-11-03,300073.SZ,tucker,"(3, 2, 2)",cn_a,INDUSTRY_C39,0.3912951893843589,0.37659802182165203,0.3912951893843589,0.03902609273791313,2,quality_factor,0.881375789642334,volatility_factor,0.09855148196220398,value_factor,0.013512023724615574
2020-11-03,600563.SH,tucker,"(3, 2, 2)",cn_a,INDUSTRY_C39,0.3698459347560788,0.35595440778880827,0.3698459347560788,0.03902609273791313,2,quality_factor,0.7908311486244202,value_factor,0.11089728772640228,volatility_factor,0.0731290951371193
2020-11-03,601231.SH,tucker,"(3, 2, 2)",cn_a,INDUSTRY_C39,0.30043533259630556,0.28915088917681797,0.30043533259630556,0.03902609273791313,0,quality_factor,0.6220945119857788,value_factor,0.29395154118537903,momentum_factor,0.05213392525911331
2020-11-03,600498.SH,tucker,"(3, 2, 2)",cn_a,INDUSTRY_C39,0.2961626386869292,0.2850386789637249,0.2961626386869292,0.03902609273791313,2,value_factor,0.6206634640693665,quality_factor,0.2278016060590744,momentum_factor,0.099390909075737
2020-11-03,002152.SZ,tucker,"(3, 2, 2)",cn_a,INDUSTRY_C39,0.27908911391308594,0.26860644102727416,0.27908911391308594,0.03902609273791313,0,value_factor,0.5592819452285767,quality_factor,0.31516599655151367,momentum_factor,0.09064320474863052
2020-11-03,603228.SH,tucker,"(3, 2, 2)",cn_a,INDUSTRY_C39,0.27723707841470907,0.26682396855136775,0.27723707841470907,0.03902609273791313,2,quality_factor,0.7309736013412476,value_factor,0.17583374679088593,volatility_factor,0.05847515910863876
2020-11-03,002025.SZ,tucker,"(3, 2, 2)",cn_a,INDUSTRY_C39,0.21760099099214547,0.20942783089923872,0.21760099099214547,0.03902609273791313,0,quality_factor,0.7089836001396179,value_factor,0.19968971610069275,volatility_factor,0.05309168994426727
2020-11-03,002273.SZ,tucker,"(3, 2, 2)",cn_a,INDUSTRY_C39,0.20969394072007003,0.20181777186530828,0.20969394072007003,0.03902609273791313,0,quality_factor,0.49678024649620056,value_factor,0.42989903688430786,momentum_factor,0.072179414331913
2020-11-03,002465.SZ,tucker,"(3, 2, 2)",cn_a,INDUSTRY_C39,0.12541673981455095,0.12070604852513601,0.12541673981455095,0.03902609273791313,2,value_factor,0.7046346664428711,momentum_factor,0.10942007601261139,volatility_factor,0.09735991060733795
2020-11-03,300570.SZ,tucker,"(3, 2, 2)",cn_a,INDUSTRY_C39,0.09792919382919636,0.09425094321422463,0.09792919382919636,0.03902609273791313,1,quality_factor,0.6792829036712646,value_factor,0.2319105863571167,volatility_factor,0.04582054167985916
2020-11-03,002138.SZ,tucker,"(3, 2, 2)",cn_a,INDUSTRY_C39,0.09711560424620266,0.09346791230599344,0.09711560424620266,0.03902609273791313,0,value_factor,0.5488829612731934,quality_factor,0.32996678352355957,momentum_factor,0.089161217212677
2020-11-03,600171.SH,tucker,"(3, 2, 2)",cn_a,INDUSTRY_C39,0.09183456047055756,0.08838522615748595,0.09183456047055756,0.03902609273791313,2,value_factor,0.6997803449630737,momentum_factor,0.10860461741685867,volatility_factor,0.0973774865269661
2020-11-03,300054.SZ,tucker,"(3, 2, 2)",cn_a,INDUSTRY_C39,0.07671565400313778,0.07383419046319314,0.07671565400313778,0.03902609273791313,1,value_factor,0.639986515045166,quality_factor,0.20029909908771515,momentum_factor,0.10214471071958542
2020-11-03,300735.SZ,tucker,"(3, 2, 2)",cn_a,INDUSTRY_C39,0.03477078883230009,0.033464787318302845,0.03477078883230009,0.03902609273791313,1,quality_factor,0.43189409375190735,value_factor,0.4097881317138672,volatility_factor,0.09842755645513535
2020-11-03,600764.SH,tucker,"(3, 2, 2)",cn_a,INDUSTRY_C39,0.027080436470612514,0.02606328695465238,0.027080436470612514,0.03902609273791313,1,value_factor,0.7237369418144226,momentum_factor,0.11408029496669769,quality_factor,0.08109712600708008
2020-11-03,605358.SH,tucker,"(3, 2, 2)",cn_a,INDUSTRY_C39,0.01975930733109049,0.019017141675476457,0.01975930733109049,0.03902609273791313,1,value_factor,0.6429775953292847,quality_factor,0.19604191184043884,momentum_factor,0.10257097333669662
2020-11-03,002402.SZ,tucker,"(3, 2, 2)",cn_a,INDUSTRY_C39,0.008962924080840814,0.00862627389795665,0.008962924080840814,0.03902609273791313,1,value_factor,0.46186646819114685,quality_factor,0.37125590443611145,volatility_factor,0.0982389748096466
2020-11-03,300919.SZ,tucker,"(3, 2, 2)",cn_a,INDUSTRY_C39,-0.01492599010515335,-0.01436536532987848,-0.01492599010515335,0.03902609273791313,1,quality_factor,0.5603705048561096,value_factor,0.2994477450847626,volatility_factor,0.09882710874080658
2020-11-03,688608.SH,tucker,"(3, 2, 2)",cn_a,INDUSTRY_C39,-0.01492599010515335,-0.01436536532987848,-0.01492599010515335,0.03902609273791313,1,quality_factor,0.5603705048561096,value_factor,0.2994477450847626,volatility_factor,0.09882710874080658
2020-11-03,689009.SH,tucker,"(3, 2, 2)",cn_a,INDUSTRY_C39,-0.01492599010515335,-0.01436536532987848,-0.01492599010515335,0.03902609273791313,1,quality_factor,0.5603705048561096,value_factor,0.2994477450847626,volatility_factor,0.09882710874080658
2020-11-03,300679.SZ,tucker,"(3, 2, 2)",cn_a,INDUSTRY_C39,-0.016367336580183564,-0.015752574388364513,-0.016367336580183564,0.03902609273791313,2,value_factor,0.4680982232093811,quality_factor,0.3639998435974121,volatility_factor,0.09821640700101852
2020-11-03,688100.SH,tucker,"(3, 2, 2)",cn_a,INDUSTRY_C39,-0.022859810602941746,-0.022001189091617315,-0.022859810602941746,0.03902609273791313,1,value_factor,0.7261635661125183,momentum_factor,0.1130366101861,volatility_factor,0.09728195518255234
2020-11-03,002436.SZ,tucker,"(3, 2, 2)",cn_a,INDUSTRY_C39,-0.030626898512036604,-0.029476542791932746,-0.030626898512036604,0.03902609273791313,1,value_factor,0.6572919487953186,quality_factor,0.1437094807624817,momentum_factor,0.10146720707416534
2020-11-03,002281.SZ,tucker,"(3, 2, 2)",cn_a,INDUSTRY_C39,-0.044442316912860935,-0.042773049831988035,-0.044442316912860935,0.03902609273791313,1,quality_factor,0.5890161991119385,value_factor,0.274845689535141,volatility_factor,0.09891617298126221
2020-11-03,603160.SH,tucker,"(3, 2, 2)",cn_a,INDUSTRY_C39,-0.058236447659331614,-0.056049068788529124,-0.058236447659331614,0.03902609273791313,2,value_factor,0.6028716564178467,quality_factor,0.20707449316978455,volatility_factor,0.09772839397192001
2020-11-03,688981.SH,tucker,"(3, 2, 2)",cn_a,INDUSTRY_C39,-0.058404367673105424,-0.056210681674981874,-0.058404367673105424,0.03902609273791313,1,quality_factor,0.8366314172744751,volatility_factor,0.08434166014194489,value_factor,0.061210647225379944
2020-11-03,002841.SZ,tucker,"(3, 2, 2)",cn_a,INDUSTRY_C39,-0.07762307071762217,-0.0747075243270221,-0.07762307071762217,0.03902609273791313,2,value_factor,0.6306682229042053,quality_factor,0.1747092306613922,volatility_factor,0.09762775152921677
2020-11-03,300037.SZ,tucker,"(3, 2, 2)",cn_a,INDUSTRY_C39,-0.08368621420419778,-0.08054293428096947,-0.08368621420419778,0.03902609273791313,1,value_factor,0.5717566609382629,quality_factor,0.2974107563495636,momentum_factor,0.0924210250377655
2020-11-03,688027.SH,tucker,"(3, 2, 2)",cn_a,INDUSTRY_C39,-0.10213020441897595,-0.09829416255523411,-0.10213020441897595,0.03902609273791313,1,quality_factor,0.5505604147911072,value_factor,0.37155547738075256,momentum_factor,0.06357663869857788
2020-11-03,002156.SZ,tucker,"(3, 2, 2)",cn_a,INDUSTRY_C39,-0.11872972342396387,-0.11427019852517505,-0.11872972342396387,0.03902609273791313,2,quality_factor,0.7165451645851135,value_factor,0.1653190404176712,volatility_factor,0.09931278228759766
2020-11-03,300857.SZ,tucker,"(3, 2, 2)",cn_a,INDUSTRY_C39,-0.12110585460880031,-0.11655708149249708,-0.12110585460880031,0.03902609273791313,1,value_factor,0.4811316430568695,quality_factor,0.42639726400375366,momentum_factor,0.07950572669506073
2020-11-03,603486.SH,tucker,"(3, 2, 2)",cn_a,INDUSTRY_C39,-0.12121743476873134,-0.11666447066733125,-0.12121743476873134,0.03902609273791313,1,value_factor,0.4772196114063263,quality_factor,0.43196526169776917,momentum_factor,0.07894820719957352
2020-11-03,603659.SH,tucker,"(3, 2, 2)",cn_a,INDUSTRY_C39,-0.12578007926075047,-0.12105574083007797,-0.12578007926075047,0.03902609273791313,1,value_factor,0.758232057094574,momentum_factor,0.11899630725383759,volatility_factor,0.09077147394418716
2020-11-03,300627.SZ,tucker,"(3, 2, 2)",cn_a,INDUSTRY_C39,-0.1328302526938702,-0.12784110758245182,-0.1328302526938702,0.03902609273791313,1,value_factor,0.6415398716926575,quality_factor,0.19808824360370636,momentum_factor,0.10236608237028122
2020-11-03,300136.SZ,tucker,"(3, 2, 2)",cn_a,INDUSTRY_C39,-0.1350591531365571,-0.1299862898395451,-0.1350591531365571,0.03902609273791313,1,value_factor,0.7491995096206665,momentum_factor,0.11770904809236526,volatility_factor,0.08823525160551071
2020-11-03,002185.SZ,tucker,"(3, 2, 2)",cn_a,INDUSTRY_C39,-0.1462899473817243,-0.14079525200151394,-0.1462899473817243,0.03902609273791313,2,quality_factor,0.8044277429580688,volatility_factor,0.09958607703447342,value_factor,0.08984209597110748
2020-11-03,300373.SZ,tucker,"(3, 2, 2)",cn_a,INDUSTRY_C39,-0.15302907937446303,-0.14728126012559403,-0.15302907937446303,0.03902609273791313,1,value_factor,0.4886710047721863,quality_factor,0.4156665503978729,momentum_factor,0.08058018982410431
2020-11-03,600118.SH,tucker,"(3, 2, 2)",cn_a,INDUSTRY_C39,-0.1678586974524159,-0.1615538731912299,-0.1678586974524159,0.03902609273791313,2,quality_factor,0.6723520755767822,value_factor,0.2394295334815979,volatility_factor,0.044123779982328415
2020-11-03,300458.SZ,tucker,"(3, 2, 2)",cn_a,INDUSTRY_C39,-0.17299994488009687,-0.16650201378556378,-0.17299994488009687,0.03902609273791313,1,quality_factor,0.7931717038154602,value_factor,0.10835808515548706,volatility_factor,0.0737021192908287
2020-11-03,603019.SH,tucker,"(3, 2, 2)",cn_a,INDUSTRY_C39,-0.17643354548820395,-0.16980664729964612,-0.17643354548820395,0.03902609273791313,1,value_factor,0.5039253830909729,quality_factor,0.39395496249198914,momentum_factor,0.08275415003299713
2020-11-03,300623.SZ,tucker,"(3, 2, 2)",cn_a,INDUSTRY_C39,-0.18749855449806033,-0.18045605117069008,-0.18749855449806033,0.03902609273791313,1,value_factor,0.556041955947876,quality_factor,0.3197774291038513,momentum_factor,0.09018146991729736
2020-11-03,688002.SH,tucker,"(3, 2, 2)",cn_a,INDUSTRY_C39,-0.2154995343086158,-0.20740530557454379,-0.2154995343086158,0.03902609273791313,1,value_factor,0.5288320183753967,quality_factor,0.3585054576396942,momentum_factor,0.08630367368459702
2020-11-03,300390.SZ,tucker,"(3, 2, 2)",cn_a,INDUSTRY_C39,-0.22778767798642102,-0.21923190279952534,-0.22778767798642102,0.03902609273791313,1,value_factor,0.5353519916534424,quality_factor,0.3492254316806793,momentum_factor,0.08723286539316177
2020-11-03,600435.SH,tucker,"(3, 2, 2)",cn_a,INDUSTRY_C39,-0.25006481968082434,-0.24067230820586966,-0.25006481968082434,0.03902609273791313,2,quality_factor,0.8188481330871582,volatility_factor,0.0996309220790863,value_factor,0.07745730876922607
2020-11-03,688008.SH,tucker,"(3, 2, 2)",cn_a,INDUSTRY_C39,-0.2530067756450089,-0.24350376339994317,-0.2530067756450089,0.03902609273791313,1,value_factor,0.5352559089660645,quality_factor,0.3493621349334717,momentum_factor,0.08721917122602463
2020-11-03,300115.SZ,tucker,"(3, 2, 2)",cn_a,INDUSTRY_C39,-0.2644803477625421,-0.2545463846227835,-0.2644803477625421,0.03902609273791313,2,quality_factor,0.8451216816902161,volatility_factor,0.08642019331455231,value_factor,0.05200003832578659
2020-11-03,600562.SH,tucker,"(3, 2, 2)",cn_a,INDUSTRY_C39,-0.28836412901205255,-0.2775330837088067,-0.28836412901205255,0.03902609273791313,2,quality_factor,0.8626419901847839,volatility_factor,0.09070941060781479,value_factor,0.03299307823181152
2020-11-03,300474.SZ,tucker,"(3, 2, 2)",cn_a,INDUSTRY_C39,-0.29144841940267446,-0.2805015272045196,-0.29144841940267446,0.03902609273791313,1,quality_factor,0.5348532199859619,value_factor,0.38859549164772034,momentum_factor,0.0660891979932785
2020-11-03,002414.SZ,tucker,"(3, 2, 2)",cn_a,INDUSTRY_C39,-0.30866185551432196,-0.2970684213659303,-0.30866185551432196,0.03902609273791313,1,value_factor,0.5151267647743225,quality_factor,0.37801191210746765,momentum_factor,0.08435048907995224
2020-11-03,688019.SH,tucker,"(3, 2, 2)",cn_a,INDUSTRY_C39,-0.3408195254222711,-0.3280182393097218,-0.3408195254222711,0.03902609273791313,1,value_factor,0.49345776438713074,quality_factor,0.40885359048843384,momentum_factor,0.08126237243413925
2020-11-03,603290.SH,tucker,"(3, 2, 2)",cn_a,INDUSTRY_C39,-0.3601507614950648,-0.34662338821491423,-0.3601507614950648,0.03902609273791313,1,value_factor,0.5738277435302734,quality_factor,0.2944629490375519,momentum_factor,0.09271617978811264
2020-11-03,603501.SH,tucker,"(3, 2, 2)",cn_a,INDUSTRY_C39,-0.38551778816847504,-0.3710376215708974,-0.38551778816847504,0.03902609273791313,1,quality_factor,0.4607142508029938,value_factor,0.4570208489894867,momentum_factor,0.07606960833072662
2020-11-03,300346.SZ,tucker,"(3, 2, 2)",cn_a,INDUSTRY_C39,-0.3890494906967575,-0.3744366722668855,-0.3890494906967575,0.03902609273791313,1,value_factor,0.4593466520309448,quality_factor,0.45740389823913574,momentum_factor,0.07640106230974197
2020-11-03,300223.SZ,tucker,"(3, 2, 2)",cn_a,INDUSTRY_C39,-0.44488957765679876,-0.4281793884004183,-0.44488957765679876,0.03902609273791313,1,quality_factor,0.5102367997169495,value_factor,0.415300577878952,momentum_factor,0.07002686709165573
2020-11-04,600707.SH,tucker,"(3, 2, 2)",cn_a,INDUSTRY_C39,1.1716773131388312,1.1499850509029947,1.1716773131388312,0.01886305958032608,0,quality_factor,0.4967471957206726,value_factor,0.4299348294734955,momentum_factor,0.07218468934297562
2020-11-04,600601.SH,tucker,"(3, 2, 2)",cn_a,INDUSTRY_C39,0.8663106165165334,0.8502718685946992,0.8663106165165334,0.01886305958032608,2,quality_factor,0.7130707502365112,value_factor,0.19525569677352905,volatility_factor,0.054092295467853546
2020-11-04,600060.SH,tucker,"(3, 2, 2)",cn_a,INDUSTRY_C39,0.8260431201293332,0.810749878740242,0.8260431201293332,0.01886305958032608,1,value_factor,0.5752249360084534,quality_factor,0.29247424006462097,momentum_factor,0.09291530400514603
2020-11-04,002429.SZ,tucker,"(3, 2, 2)",cn_a,INDUSTRY_C39,0.7412895205718943,0.7275653949166444,0.7412895205718943,0.01886305958032608,0,quality_factor,0.544179379940033,value_factor,0.37847796082496643,momentum_factor,0.06459736078977585
2020-11-04,600699.SH,tucker,"(3, 2, 2)",cn_a,INDUSTRY_C39,0.7147096111834496,0.7014775820791811,0.7147096111834496,0.01886305958032608,0,value_factor,0.5181106328964233,quality_factor,0.3737650215625763,momentum_factor,0.08477573841810226
2020-11-04,002130.SZ,tucker,"(3, 2, 2)",cn_a,INDUSTRY_C39,0.535514906646807,0.5256004620672988,0.535514906646807,0.01886305958032608,0,value_factor,0.5792896747589111,quality_factor,0.28668898344039917,momentum_factor,0.09349457919597626
2020-11-04,600363.SH,tucker,"(3, 2, 2)",cn_a,INDUSTRY_C39,0.4923917144346436,0.4832756463222931,0.4923917144346436,0.01886305958032608,0,value_factor,0.5450270175933838,quality_factor,0.3354550302028656,momentum_factor,0.08861168473958969
2020-11-04,002583.SZ,tucker,"(3, 2, 2)",cn_a,INDUSTRY_C39,0.44885000137743414,0.440540058165893,0.44885000137743414,0.01886305958032608,0,value_factor,0.5204883813858032,quality_factor,0.37038084864616394,momentum_factor,0.08511459827423096
2020-11-04,603920.SH,tucker,"(3, 2, 2)",cn_a,INDUSTRY_C39,0.4307323010993421,0.42275778633822453,0.4307323010993421,0.01886305958032608,0,quality_factor,0.5785451531410217,value_factor,0.3411961495876312,momentum_factor,0.05910015106201172
2020-11-04,600884.SH,tucker,"(3, 2, 2)",cn_a,INDUSTRY_C39,0.40571129608453227,0.3982000165470544,0.40571129608453227,0.01886305958032608,2,value_factor,0.7640517950057983,momentum_factor,0.11940126866102219,volatility_factor,0.09714476019144058
2020-11-04,300073.SZ,tucker,"(3, 2, 2)",cn_a,INDUSTRY_C39,0.3918394125040204,0.38458495498823664,0.3918394125040204,0.01886305958032608,2,quality_factor,0.8914589881896973,volatility_factor,0.09776421636343002,momentum_factor,0.009045904502272606
2020-11-04,600563.SH,tucker,"(3, 2, 2)",cn_a,INDUSTRY_C39,0.36527100720358485,0.3585084332537815,0.36527100720358485,0.01886305958032608,2,quality_factor,0.7857037782669067,value_factor,0.1164596751332283,volatility_factor,0.07187386602163315
2020-11-04,601231.SH,tucker,"(3, 2, 2)",cn_a,INDUSTRY_C39,0.2978749671322262,0.2923601536011753,0.2978749671322262,0.01886305958032608,0,quality_factor,0.6190722584724426,value_factor,0.29723018407821655,momentum_factor,0.052617356181144714
2020-11-04,600498.SH,tucker,"(3, 2, 2)",cn_a,INDUSTRY_C39,0.2880734031445292,0.2827400543341469,0.2880734031445292,0.01886305958032608,2,value_factor,0.6206649541854858,quality_factor,0.2277994304895401,momentum_factor,0.09939111769199371
2020-11-04,002152.SZ,tucker,"(3, 2, 2)",cn_a,INDUSTRY_C39,0.27971978269815645,0.27454109159370504,0.27971978269815645,0.01886305958032608,0,value_factor,0.5568249821662903,quality_factor,0.31866294145584106,momentum_factor,0.09029305726289749
2020-11-04,603228.SH,tucker,"(3, 2, 2)",cn_a,INDUSTRY_C39,0.27418668870470675,0.2691104364923765,0.27418668870470675,0.01886305958032608,2,quality_factor,0.7264531254768372,value_factor,0.18073789775371552,volatility_factor,0.05736846849322319
2020-11-04,002025.SZ,tucker,"(3, 2, 2)",cn_a,INDUSTRY_C39,0.2206525674542315,0.21656743812506046,0.2206525674542315,0.01886305958032608,0,quality_factor,0.6980043053627014,value_factor,0.2116006761789322,volatility_factor,0.05040379986166954
2020-11-04,002273.SZ,tucker,"(3, 2, 2)",cn_a,INDUSTRY_C39,0.2109224639236656,0.207017476306722,0.2109224639236656,0.01886305958032608,0,quality_factor,0.49550363421440125,value_factor,0.4312839210033417,momentum_factor,0.07238361984491348
2020-11-04,002465.SZ,tucker,"(3, 2, 2)",cn_a,INDUSTRY_C39,0.12897024215488312,0.12658250597353782,0.12897024215488312,0.01886305958032608,2,value_factor,0.7154734134674072,momentum_factor,0.11124082654714584,volatility_factor,0.09732066839933395
2020-11-04,300570.SZ,tucker,"(3, 2, 2)",cn_a,INDUSTRY_C39,0.10399922253912267,0.10207379615905718,0.10399922253912267,0.01886305958032608,1,quality_factor,0.6590148210525513,value_factor,0.2538984417915344,momentum_factor,0.046228084713220596
2020-11-04,002138.SZ,tucker,"(3, 2, 2)",cn_a,INDUSTRY_C39,0.10115617672710797,0.09928338608096951,0.10115617672710797,0.01886305958032608,0,value_factor,0.5440043807029724,quality_factor,0.3369106352329254,momentum_factor,0.08846595138311386
2020-11-04,600171.SH,tucker,"(3, 2, 2)",cn_a,INDUSTRY_C39,0.09079206298943596,0.08911115202767693,0.09079206298943596,0.01886305958032608,2,value_factor,0.7027232646942139,momentum_factor,0.10909898579120636,volatility_factor,0.0973668247461319
2020-11-04,300054.SZ,tucker,"(3, 2, 2)",cn_a,INDUSTRY_C39,0.0834955987868794,0.08194977349512643,0.0834955987868794,0.01886305958032608,1,value_factor,0.6248354315757751,quality_factor,0.22186359763145447,momentum_factor,0.09998547285795212
2020-11-04,300735.SZ,tucker,"(3, 2, 2)",cn_a,INDUSTRY_C39,0.041646339282287184,0.04087530505405429,0.041646339282287184,0.01886305958032608,1,quality_factor,0.4568082094192505,value_factor,0.3883909285068512,volatility_factor,0.09850502759218216
2020-11-04,600764.SH,tucker,"(3, 2, 2)",cn_a,INDUSTRY_C39,0.029812006165198666,0.029260071047688,0.029812006165198666,0.01886305958032608,1,value_factor,0.7013205885887146,quality_factor,0.11300232261419296,momentum_factor,0.11088564991950989
2020-11-04,605358.SH,tucker,"(3, 2, 2)",cn_a,INDUSTRY_C39,0.02444031840808816,0.02398783393126978,0.02444031840808816,0.01886305958032608,1,value_factor,0.6114675402641296,quality_factor,0.2408902645111084,momentum_factor,0.09808036684989929
2020-11-04,002402.SZ,tucker,"(3, 2, 2)",cn_a,INDUSTRY_C39,0.015180095320135782,0.01489905325782322,0.015180095320135782,0.01886305958032608,1,value_factor,0.43314167857170105,quality_factor,0.40470200777053833,volatility_factor,0.09834298491477966
2020-11-04,300679.SZ,tucker,"(3, 2, 2)",cn_a,INDUSTRY_C39,-0.007635966575040438,-0.007494595407815122,-0.007635966575040438,0.01886305958032608,2,value_factor,0.4847869575023651,quality_factor,0.344568133354187,volatility_factor,0.09815598279237747
2020-11-04,300919.SZ,tucker,"(3, 2, 2)",cn_a,INDUSTRY_C39,-0.00884626323059513,-0.008682484808282561,-0.00884626323059513,0.01886305958032608,1,quality_factor,0.4658685028553009,value_factor,0.38060954213142395,volatility_factor,0.09853319823741913
2020-11-04,688608.SH,tucker,"(3, 2, 2)",cn_a,INDUSTRY_C39,-0.00884626323059513,-0.008682484808282561,-0.00884626323059513,0.01886305958032608,1,quality_factor,0.4658685028553009,value_factor,0.38060954213142395,volatility_factor,0.09853319823741913
2020-11-04,689009.SH,tucker,"(3, 2, 2)",cn_a,INDUSTRY_C39,-0.00884626323059513,-0.008682484808282561,-0.00884626323059513,0.01886305958032608,1,quality_factor,0.4658685028553009,value_factor,0.38060954213142395,volatility_factor,0.09853319823741913
2020-11-04,688100.SH,tucker,"(3, 2, 2)",cn_a,INDUSTRY_C39,-0.020050206750285952,-0.01967900015796508,-0.020050206750285952,0.01886305958032608,1,value_factor,0.7050853371620178,momentum_factor,0.10949578881263733,volatility_factor,0.09735827893018723
2020-11-04,002436.SZ,tucker,"(3, 2, 2)",cn_a,INDUSTRY_C39,-0.024409507828575507,-0.023957593774315396,-0.024409507828575507,0.01886305958032608,1,value_factor,0.6298205852508545,quality_factor,0.1756962090730667,volatility_factor,0.0976308211684227
2020-11-04,002281.SZ,tucker,"(3, 2, 2)",cn_a,INDUSTRY_C39,-0.0372251753576736,-0.036535993911059744,-0.0372251753576736,0.01886305958032608,1,quality_factor,0.5503160953521729,value_factor,0.30808281898498535,volatility_factor,0.09879583865404129
2020-11-04,688981.SH,tucker,"(3, 2, 2)",cn_a,INDUSTRY_C39,-0.05074868328402986,-0.04980912959157892,-0.05074868328402986,0.01886305958032608,1,quality_factor,0.8913080096244812,volatility_factor,0.09772723913192749,momentum_factor,0.009070070460438728
2020-11-04,603160.SH,tucker,"(3, 2, 2)",cn_a,INDUSTRY_C39,-0.053213119772793784,-0.05222793986399611,-0.053213119772793784,0.01886305958032608,2,value_factor,0.5967225432395935,quality_factor,0.21423432230949402,volatility_factor,0.09775065630674362
2020-11-04,002841.SZ,tucker,"(3, 2, 2)",cn_a,INDUSTRY_C39,-0.06856327854529937,-0.06729390804433012,-0.06856327854529937,0.01886305958032608,2,value_factor,0.6189622282981873,quality_factor,0.18833929300308228,volatility_factor,0.09767013788223267
2020-11-04,300037.SZ,tucker,"(3, 2, 2)",cn_a,INDUSTRY_C39,-0.07379729265720461,-0.07243102038525429,-0.07379729265720461,0.01886305958032608,1,value_factor,0.5809596180915833,quality_factor,0.28431206941604614,momentum_factor,0.0937325730919838
2020-11-04,688027.SH,tucker,"(3, 2, 2)",cn_a,INDUSTRY_C39,-0.09301168418793991,-0.0912896794842758,-0.09301168418793991,0.01886305958032608,1,quality_factor,0.5580046772956848,value_factor,0.3634795844554901,momentum_factor,0.06238584965467453
2020-11-04,002156.SZ,tucker,"(3, 2, 2)",cn_a,INDUSTRY_C39,-0.10999460690047685,-0.10795818285210051,-0.10999460690047685,0.01886305958032608,2,quality_factor,0.695762574672699,value_factor,0.18316781520843506,volatility_factor,0.09924814850091934
2020-11-04,300857.SZ,tucker,"(3, 2, 2)",cn_a,INDUSTRY_C39,-0.11044770985019194,-0.10840289712014119,-0.11044770985019194,0.01886305958032608,1,value_factor,0.4816598892211914,quality_factor,0.4256454408168793,momentum_factor,0.07958101481199265
2020-11-04,603486.SH,tucker,"(3, 2, 2)",cn_a,INDUSTRY_C39,-0.11197062210103527,-0.10989761439653463,-0.11197062210103527,0.01886305958032608,1,value_factor,0.4773966372013092,quality_factor,0.43171340227127075,momentum_factor,0.0789734423160553
2020-11-04,603659.SH,tucker,"(3, 2, 2)",cn_a,INDUSTRY_C39,-0.11764670563441405,-0.11546861175038442,-0.11764670563441405,0.01886305958032608,1,value_factor,0.7663575410842896,momentum_factor,0.12015429884195328,volatility_factor,0.09305300563573837
2020-11-04,300627.SZ,tucker,"(3, 2, 2)",cn_a,INDUSTRY_C39,-0.12232103299690382,-0.12005639930043074,-0.12232103299690382,0.01886305958032608,1,value_factor,0.6494227051734924,quality_factor,0.18686863780021667,momentum_factor,0.10348950326442719
2020-11-04,300136.SZ,tucker,"(3, 2, 2)",cn_a,INDUSTRY_C39,-0.12447181624661811,-0.1221673632639456,-0.12447181624661811,0.01886305958032608,1,value_factor,0.7601728439331055,momentum_factor,0.11927288770675659,volatility_factor,0.09131641685962677
2020-11-04,002185.SZ,tucker,"(3, 2, 2)",cn_a,INDUSTRY_C39,-0.13648051361109345,-0.13395373336355043,-0.13648051361109345,0.01886305958032608,2,quality_factor,0.7819753289222717,value_factor,0.10912510007619858,volatility_factor,0.09951625019311905
2020-11-04,300373.SZ,tucker,"(3, 2, 2)",cn_a,INDUSTRY_C39,-0.1415631483734449,-0.13894226897003573,-0.1415631483734449,0.01886305958032608,1,value_factor,0.48942822217941284,quality_factor,0.41458889842033386,momentum_factor,0.08068809658288956
2020-11-04,300458.SZ,tucker,"(3, 2, 2)",cn_a,INDUSTRY_C39,-0.16126143729613068,-0.15827586665553822,-0.16126143729613068,0.01886305958032608,1,quality_factor,0.81083083152771,value_factor,0.08920051157474518,volatility_factor,0.07802531868219376
2020-11-04,600118.SH,tucker,"(3, 2, 2)",cn_a,INDUSTRY_C39,-0.16237838961322784,-0.15937213988096424,-0.16237838961322784,0.01886305958032608,2,quality_factor,0.6741945147514343,value_factor,0.2374306470155716,volatility_factor,0.044574856758117676
2020-11-04,603019.SH,tucker,"(3, 2, 2)",cn_a,INDUSTRY_C39,-0.16741184315676244,-0.16431240480251746,-0.16741184315676244,0.01886305958032608,1,value_factor,0.5045968294143677,quality_factor,0.3929993212223053,momentum_factor,0.08284983783960342
2020-11-04,300623.SZ,tucker,"(3, 2, 2)",cn_a,INDUSTRY_C39,-0.1755977308922991,-0.17234674021097468,-0.1755977308922991,0.01886305958032608,1,value_factor,0.558975100517273,quality_factor,0.31560268998146057,momentum_factor,0.09059946984052658
2020-11-04,688002.SH,tucker,"(3, 2, 2)",cn_a,INDUSTRY_C39,-0.2047264865695593,-0.2009362103702265,-0.2047264865695593,0.01886305958032608,1,value_factor,0.5300344228744507,quality_factor,0.3567940592765808,momentum_factor,0.08647503703832626
2020-11-04,300390.SZ,tucker,"(3, 2, 2)",cn_a,INDUSTRY_C39,-0.21512555792463606,-0.21114275484071315,-0.21512555792463606,0.01886305958032608,1,value_factor,0.5370646119117737,quality_factor,0.34678784012794495,momentum_factor,0.0874769389629364
2020-11-04,600435.SH,tucker,"(3, 2, 2)",cn_a,INDUSTRY_C39,-0.24022585235792238,-0.23577834609767448,-0.24022585235792238,0.01886305958032608,2,quality_factor,0.8112024664878845,volatility_factor,0.09960713982582092,value_factor,0.08402367681264877
2020-11-04,688008.SH,tucker,"(3, 2, 2)",cn_a,INDUSTRY_C39,-0.2424839869499727,-0.23799467391649018,-0.2424839869499727,0.01886305958032608,1,value_factor,0.5360588431358337,quality_factor,0.34821948409080505,momentum_factor,0.08733359724283218
2020-11-04,300115.SZ,tucker,"(3, 2, 2)",cn_a,INDUSTRY_C39,-0.2508549278788193,-0.24621063647052913,-0.2508549278788193,0.01886305958032608,2,quality_factor,0.8575378656387329,volatility_factor,0.08945983648300171,value_factor,0.038530368357896805
2020-11-04,600562.SH,tucker,"(3, 2, 2)",cn_a,INDUSTRY_C39,-0.2754665608460957,-0.2703666132683197,-0.2754665608460957,0.01886305958032608,2,quality_factor,0.8721699118614197,volatility_factor,0.09304196387529373,value_factor,0.022656725719571114
2020-11-04,300474.SZ,tucker,"(3, 2, 2)",cn_a,INDUSTRY_C39,-0.27765090452838587,-0.2725105163314751,-0.27765090452838587,0.01886305958032608,1,quality_factor,0.5370144248008728,value_factor,0.38625088334083557,momentum_factor,0.06574348360300064
2020-11-04,002414.SZ,tucker,"(3, 2, 2)",cn_a,INDUSTRY_C39,-0.2950434149540874,-0.2895810243655087,-0.2950434149540874,0.01886305958032608,1,value_factor,0.5157518982887268,quality_factor,0.37712234258651733,momentum_factor,0.08443958312273026
2020-11-04,688019.SH,tucker,"(3, 2, 2)",cn_a,INDUSTRY_C39,-0.3271700738153797,-0.321112894968152,-0.3271700738153797,0.01886305958032608,1,value_factor,0.49360230565071106,quality_factor,0.4086477756500244,momentum_factor,0.08128297328948975
2020-11-04,603290.SH,tucker,"(3, 2, 2)",cn_a,INDUSTRY_C39,-0.34675579435500814,-0.3403360083451604,-0.34675579435500814,0.01886305958032608,1,value_factor,0.5747247338294983,quality_factor,0.2931861877441406,momentum_factor,0.09284402430057526
2020-11-04,603501.SH,tucker,"(3, 2, 2)",cn_a,INDUSTRY_C39,-0.3716702246700831,-0.3647891765449835,-0.3716702246700831,0.01886305958032608,1,quality_factor,0.4611797034740448,value_factor,0.4566938281059265,momentum_factor,0.07602301239967346
2020-11-04,300346.SZ,tucker,"(3, 2, 2)",cn_a,INDUSTRY_C39,-0.3736854636159273,-0.36676710565202575,-0.3736854636159273,0.01886305958032608,1,value_factor,0.4590018689632416,quality_factor,0.4578946530818939,momentum_factor,0.07635193318128586
2020-11-04,300223.SZ,tucker,"(3, 2, 2)",cn_a,INDUSTRY_C39,-0.4285214161778664,-0.4205878334165,-0.4285214161778664,0.01886305958032608,1,quality_factor,0.5111343860626221,value_factor,0.41432681679725647,momentum_factor,0.06988329440355301
2020-11-05,600707.SH,tucker,"(3, 2, 2)",cn_a,INDUSTRY_C39,1.1644485668795723,1.1113739721308968,1.1644485668795723,0.04775581136345863,0,quality_factor,0.49658462405204773,value_factor,0.43011122941970825,momentum_factor,0.07221069931983948
2020-11-05,600601.SH,tucker,"(3, 2, 2)",cn_a,INDUSTRY_C39,0.8530402536333856,0.8141593901468821,0.8530402536333856,0.04775581136345863,2,quality_factor,0.7179288268089294,value_factor,0.18998537957668304,volatility_factor,0.0552816204726696
2020-11-05,600060.SH,tucker,"(3, 2, 2)",cn_a,INDUSTRY_C39,0.8481951243618723,0.8095350978276435,0.8481951243618723,0.04775581136345863,1,value_factor,0.5735184550285339,quality_factor,0.29490312933921814,momentum_factor,0.09267210215330124
2020-11-05,002429.SZ,tucker,"(3, 2, 2)",cn_a,INDUSTRY_C39,0.7161007934868976,0.6834615164122814,0.7161007934868976,0.04775581136345863,0,quality_factor,0.5472995042800903,value_factor,0.3750930726528168,momentum_factor,0.06409826129674911
2020-11-05,600699.SH,tucker,"(3, 2, 2)",cn_a,INDUSTRY_C39,0.7048399543505354,0.6727139369343462,0.7048399543505354,0.04775581136345863,0,value_factor,0.5193818211555481,quality_factor,0.3719557225704193,momentum_factor,0.08495689928531647
2020-11-05,002130.SZ,tucker,"(3, 2, 2)",cn_a,INDUSTRY_C39,0.5130738530596161,0.4896883746436364,0.5130738530596161,0.04775581136345863,0,value_factor,0.5842841863632202,quality_factor,0.27958017587661743,momentum_factor,0.09420637041330338
2020-11-05,600363.SH,tucker,"(3, 2, 2)",cn_a,INDUSTRY_C39,0.4893862085521639,0.4670803932218221,0.4893862085521639,0.04775581136345863,0,value_factor,0.5461450219154358,quality_factor,0.3338637948036194,momentum_factor,0.08877101540565491
2020-11-05,603920.SH,tucker,"(3, 2, 2)",cn_a,INDUSTRY_C39,0.4210712531357395,0.4018791765115363,0.4210712531357395,0.04775581136345863,0,quality_factor,0.5814628601074219,value_factor,0.3380308747291565,momentum_factor,0.05863342806696892
2020-11-05,002583.SZ,tucker,"(3, 2, 2)",cn_a,INDUSTRY_C39,0.4179781285320215,0.3989270339481753,0.4179781285320215,0.04775581136345863,0,value_factor,0.5246529579162598,quality_factor,0.36445343494415283,momentum_factor,0.08570811152458191
2020-11-05,600884.SH,tucker,"(3, 2, 2)",cn_a,INDUSTRY_C39,0.39332643327049277,0.37539894240181937,0.39332643327049277,0.04775581136345863,2,value_factor,0.7554402351379395,momentum_factor,0.11795464903116226,volatility_factor,0.0971759483218193
2020-11-05,300073.SZ,tucker,"(3, 2, 2)",cn_a,INDUSTRY_C39,0.3635036355547678,0.34693544293940876,0.3635036355547678,0.04775581136345863,2,quality_factor,0.858299970626831,volatility_factor,0.09933522343635559,value_factor,0.040210042148828506
2020-11-05,600563.SH,tucker,"(3, 2, 2)",cn_a,INDUSTRY_C39,0.35247655769212727,0.33641097009125165,0.35247655769212727,0.04775581136345863,2,quality_factor,0.8001670837402344,value_factor,0.10076915472745895,volatility_factor,0.07541467249393463
2020-11-05,600498.SH,tucker,"(3, 2, 2)",cn_a,INDUSTRY_C39,0.289992216583641,0.2767746131503769,0.289992216583641,0.04775581136345863,2,value_factor,0.6206608414649963,quality_factor,0.22780539095401764,momentum_factor,0.09939054399728775
2020-11-05,601231.SH,tucker,"(3, 2, 2)",cn_a,INDUSTRY_C39,0.2843045185746187,0.2713461556741423,0.2843045185746187,0.04775581136345863,0,quality_factor,0.6276480555534363,value_factor,0.28792673349380493,momentum_factor,0.051245562732219696
2020-11-05,603228.SH,tucker,"(3, 2, 2)",cn_a,INDUSTRY_C39,0.26355430907788335,0.251541723424521,0.26355430907788335,0.04775581136345863,2,quality_factor,0.7392328977584839,value_factor,0.16687360405921936,volatility_factor,0.06049715355038643
2020-11-05,002152.SZ,tucker,"(3, 2, 2)",cn_a,INDUSTRY_C39,0.25884291971850665,0.2470450752637378,0.25884291971850665,0.04775581136345863,0,value_factor,0.5638874173164368,quality_factor,0.3086110055446625,momentum_factor,0.09129954874515533
2020-11-05,002025.SZ,tucker,"(3, 2, 2)",cn_a,INDUSTRY_C39,0.19733943438012175,0.18834486750481122,0.19733943438012175,0.04775581136345863,0,quality_factor,0.7306930422782898,value_factor,0.17613820731639862,volatility_factor,0.058406464755535126
2020-11-05,002273.SZ,tucker,"(3, 2, 2)",cn_a,INDUSTRY_C39,0.19316238696397597,0.18435820642702647,0.19316238696397597,0.04775581136345863,0,quality_factor,0.49922093749046326,value_factor,0.4272512197494507,momentum_factor,0.07178899645805359
2020-11-05,002465.SZ,tucker,"(3, 2, 2)",cn_a,INDUSTRY_C39,0.11060071929088008,0.1055596307256669,0.11060071929088008,0.04775581136345863,2,value_factor,0.685599148273468,quality_factor,0.11074957996606827,momentum_factor,0.10622239112854004
2020-11-05,600171.SH,tucker,"(3, 2, 2)",cn_a,INDUSTRY_C39,0.08735820856725186,0.0833764942609671,0.08735820856725186,0.04775581136345863,2,value_factor,0.6946454644203186,momentum_factor,0.10774204134941101,quality_factor,0.10021647810935974
2020-11-05,002138.SZ,tucker,"(3, 2, 2)",cn_a,INDUSTRY_C39,0.08338918357837585,0.0795883741216685,0.08338918357837585,0.04775581136345863,0,value_factor,0.5590578317642212,quality_factor,0.3154849708080292,momentum_factor,0.09061127156019211
2020-11-05,300570.SZ,tucker,"(3, 2, 2)",cn_a,INDUSTRY_C39,0.08059843067001675,0.07692482140391271,0.08059843067001675,0.04775581136345863,1,quality_factor,0.726092517375946,value_factor,0.1811290979385376,volatility_factor,0.05728019028902054
2020-11-05,300054.SZ,tucker,"(3, 2, 2)",cn_a,INDUSTRY_C39,0.05959868414763779,0.056882225818210064,0.05959868414763779,0.04775581136345863,1,value_factor,0.6748350262641907,quality_factor,0.15069927275180817,momentum_factor,0.10711108893156052
2020-11-05,600764.SH,tucker,"(3, 2, 2)",cn_a,INDUSTRY_C39,0.020446725064971628,0.01951478038520872,0.020446725064971628,0.04775581136345863,1,value_factor,0.7751991748809814,momentum_factor,0.12141435593366623,volatility_factor,0.09553562104701996
2020-11-05,300735.SZ,tucker,"(3, 2, 2)",cn_a,INDUSTRY_C39,0.020363760111340282,0.019435596904986828,0.020363760111340282,0.04775581136345863,1,value_factor,0.44647955894470215,quality_factor,0.38917186856269836,volatility_factor,0.098294697701931
2020-11-05,605358.SH,tucker,"(3, 2, 2)",cn_a,INDUSTRY_C39,0.01021914251053315,0.0097533625157336,0.01021914251053315,0.04775581136345863,1,value_factor,0.7524316906929016,momentum_factor,0.11816967278718948,volatility_factor,0.089142806828022
2020-11-05,002402.SZ,tucker,"(3, 2, 2)",cn_a,INDUSTRY_C39,-0.0025226885580743445,-0.002407706517042073,-0.0025226885580743445,0.04775581136345863,1,value_factor,0.5108320713043213,quality_factor,0.3142422139644623,volatility_factor,0.09806167334318161
2020-11-05,300919.SZ,tucker,"(3, 2, 2)",cn_a,INDUSTRY_C39,-0.0245326753486081,-0.023414496461826185,-0.0245326753486081,0.04775581136345863,1,quality_factor,0.7355380654335022,value_factor,0.14900712668895721,volatility_factor,0.09937184303998947
2020-11-05,688608.SH,tucker,"(3, 2, 2)",cn_a,INDUSTRY_C39,-0.0245326753486081,-0.023414496461826185,-0.0245326753486081,0.04775581136345863,1,quality_factor,0.7355380654335022,value_factor,0.14900712668895721,volatility_factor,0.09937184303998947
2020-11-05,689009.SH,tucker,"(3, 2, 2)",cn_a,INDUSTRY_C39,-0.0245326753486081,-0.023414496461826185,-0.0245326753486081,0.04775581136345863,1,quality_factor,0.7355380654335022,value_factor,0.14900712668895721,volatility_factor,0.09937184303998947
2020-11-05,688100.SH,tucker,"(3, 2, 2)",cn_a,INDUSTRY_C39,-0.02620443244061826,-0.025010056259511502,-0.02620443244061826,0.04775581136345863,1,value_factor,0.7622196078300476,momentum_factor,0.11909348517656326,volatility_factor,0.09715139120817184
2020-11-05,300679.SZ,tucker,"(3, 2, 2)",cn_a,INDUSTRY_C39,-0.030511595904214095,-0.029120902803795697,-0.030511595904214095,0.04775581136345863,2,value_factor,0.4386461675167084,quality_factor,0.3982928395271301,volatility_factor,0.09832306206226349
2020-11-05,002436.SZ,tucker,"(3, 2, 2)",cn_a,INDUSTRY_C39,-0.03939732429647419,-0.03760162710495214,-0.03939732429647419,0.04775581136345863,1,value_factor,0.7040750980377197,momentum_factor,0.10932607203722,volatility_factor,0.09736193716526031
2020-11-05,002281.SZ,tucker,"(3, 2, 2)",cn_a,INDUSTRY_C39,-0.05401318680965003,-0.05155131079164024,-0.05401318680965003,0.04775581136345863,1,quality_factor,0.6581582427024841,value_factor,0.21546390652656555,volatility_factor,0.09913120418787003
2020-11-05,603160.SH,tucker,"(3, 2, 2)",cn_a,INDUSTRY_C39,-0.0630252238665773,-0.06015258671384585,-0.0630252238665773,0.04775581136345863,2,value_factor,0.6135268211364746,quality_factor,0.19466808438301086,volatility_factor,0.09768981486558914
2020-11-05,688981.SH,tucker,"(3, 2, 2)",cn_a,INDUSTRY_C39,-0.06778434267380794,-0.06469478885404718,-0.06778434267380794,0.04775581136345863,1,quality_factor,0.7679330706596375,value_factor,0.13573825359344482,volatility_factor,0.06752334535121918
2020-11-05,002841.SZ,tucker,"(3, 2, 2)",cn_a,INDUSTRY_C39,-0.08813988869630718,-0.08412254606151336,-0.08813988869630718,0.04775581136345863,2,value_factor,0.6508593559265137,quality_factor,0.1511993557214737,momentum_factor,0.10038662701845169
2020-11-05,300037.SZ,tucker,"(3, 2, 2)",cn_a,INDUSTRY_C39,-0.09523689093940499,-0.0908960728599273,-0.09523689093940499,0.04775581136345863,1,value_factor,0.5589697957038879,quality_factor,0.31561028957366943,momentum_factor,0.09059871733188629
2020-11-05,688027.SH,tucker,"(3, 2, 2)",cn_a,INDUSTRY_C39,-0.1110687002689531,-0.10600628152096692,-0.1110687002689531,0.04775581136345863,1,quality_factor,0.5397329926490784,value_factor,0.38330161571502686,momentum_factor,0.06530861556529999
2020-11-05,002156.SZ,tucker,"(3, 2, 2)",cn_a,INDUSTRY_C39,-0.1258592269667074,-0.12012266834433724,-0.1258592269667074,0.04775581136345863,2,quality_factor,0.7532521486282349,value_factor,0.13379356265068054,volatility_factor,0.09942692518234253
2020-11-05,603486.SH,tucker,"(3, 2, 2)",cn_a,INDUSTRY_C39,-0.12907100839635996,-0.12318805945444403,-0.12907100839635996,0.04775581136345863,1,value_factor,0.4769510328769684,quality_factor,0.4323476254940033,momentum_factor,0.07890993356704712
2020-11-05,603659.SH,tucker,"(3, 2, 2)",cn_a,INDUSTRY_C39,-0.13137382331624586,-0.12538591399039328,-0.13137382331624586,0.04775581136345863,1,value_factor,0.7451099753379822,momentum_factor,0.11712624132633209,volatility_factor,0.08708696812391281
2020-11-05,300857.SZ,tucker,"(3, 2, 2)",cn_a,INDUSTRY_C39,-0.13143481823965464,-0.12544412881605133,-0.13143481823965464,0.04775581136345863,1,value_factor,0.4803544878959656,quality_factor,0.42750343680381775,momentum_factor,0.07939496636390686
2020-11-05,300627.SZ,tucker,"(3, 2, 2)",cn_a,INDUSTRY_C39,-0.14209461105626375,-0.1356180571643289,-0.14209461105626375,0.04775581136345863,1,value_factor,0.6293752193450928,quality_factor,0.21540212631225586,momentum_factor,0.10063245892524719
2020-11-05,300136.SZ,tucker,"(3, 2, 2)",cn_a,INDUSTRY_C39,-0.1443072144714861,-0.13772981196077783,-0.1443072144714861,0.04775581136345863,1,value_factor,0.7319671511650085,momentum_factor,0.11525320261716843,volatility_factor,0.08339663594961166
2020-11-05,002185.SZ,tucker,"(3, 2, 2)",cn_a,INDUSTRY_C39,-0.15340748298386098,-0.1464152978222601,-0.15340748298386098,0.04775581136345863,2,quality_factor,0.8441237211227417,volatility_factor,0.09970951825380325,value_factor,0.05574962869286537
2020-11-05,300373.SZ,tucker,"(3, 2, 2)",cn_a,INDUSTRY_C39,-0.16258077164276014,-0.15517047563287303,-0.16258077164276014,0.04775581136345863,1,value_factor,0.487515926361084,quality_factor,0.4173106551170349,momentum_factor,0.08041557669639587
2020-11-05,600118.SH,tucker,"(3, 2, 2)",cn_a,INDUSTRY_C39,-0.1659272305027588,-0.1583644056883462,-0.1659272305027588,0.04775581136345863,2,quality_factor,0.6692047715187073,value_factor,0.2428438812494278,momentum_factor,0.044598083943128586
2020-11-05,603019.SH,tucker,"(3, 2, 2)",cn_a,INDUSTRY_C39,-0.18010609118728851,-0.17189700572536107,-0.18010609118728851,0.04775581136345863,1,value_factor,0.5028320550918579,quality_factor,0.39551112055778503,momentum_factor,0.08259832859039307
2020-11-05,300458.SZ,tucker,"(3, 2, 2)",cn_a,INDUSTRY_C39,-0.18165838716142635,-0.17337854934331873,-0.18165838716142635,0.04775581136345863,1,quality_factor,0.7661709785461426,value_factor,0.13764987885951996,volatility_factor,0.06709195673465729
2020-11-05,300623.SZ,tucker,"(3, 2, 2)",cn_a,INDUSTRY_C39,-0.19544631095477008,-0.1865380310666805,-0.19544631095477008,0.04775581136345863,1,value_factor,0.5513947010040283,quality_factor,0.32639187574386597,momentum_factor,0.08951916545629501
2020-11-05,688002.SH,tucker,"(3, 2, 2)",cn_a,INDUSTRY_C39,-0.21955469566768773,-0.2095475757062129,-0.21955469566768773,0.04775581136345863,1,value_factor,0.5268646478652954,quality_factor,0.3613054156303406,momentum_factor,0.08602330088615417
2020-11-05,300390.SZ,tucker,"(3, 2, 2)",cn_a,INDUSTRY_C39,-0.2343030358536525,-0.22362369884382552,-0.2343030358536525,0.04775581136345863,1,value_factor,0.5325888991355896,quality_factor,0.3531580865383148,momentum_factor,0.08683909475803375
2020-11-05,600435.SH,tucker,"(3, 2, 2)",cn_a,INDUSTRY_C39,-0.2501158024271247,-0.2387157327017331,-0.2501158024271247,0.04775581136345863,2,quality_factor,0.8322458863258362,volatility_factor,0.0996725782752037,value_factor,0.06595078110694885
2020-11-05,688008.SH,tucker,"(3, 2, 2)",cn_a,INDUSTRY_C39,-0.2540516343136702,-0.24247217265262871,-0.2540516343136702,0.04775581136345863,1,value_factor,0.5339128971099854,quality_factor,0.35127365589141846,momentum_factor,0.08702777326107025
2020-11-05,300115.SZ,tucker,"(3, 2, 2)",cn_a,INDUSTRY_C39,-0.2701632033767711,-0.25784938983183237,-0.2701632033767711,0.04775581136345863,2,quality_factor,0.8251783847808838,volatility_factor,0.08153779059648514,value_factor,0.07363558560609818
2020-11-05,600562.SH,tucker,"(3, 2, 2)",cn_a,INDUSTRY_C39,-0.2911360727418603,-0.2778663332986641,-0.2911360727418603,0.04775581136345863,2,quality_factor,0.8470090627670288,volatility_factor,0.08688224107027054,value_factor,0.049952540546655655
2020-11-05,300474.SZ,tucker,"(3, 2, 2)",cn_a,INDUSTRY_C39,-0.2955823745201742,-0.2821099763492965,-0.2955823745201742,0.04775581136345863,1,quality_factor,0.5313109159469604,value_factor,0.39243826270103455,momentum_factor,0.06665581464767456
2020-11-05,002414.SZ,tucker,"(3, 2, 2)",cn_a,INDUSTRY_C39,-0.31130198129572595,-0.29711309655519524,-0.31130198129572595,0.04775581136345863,1,value_factor,0.5140891671180725,quality_factor,0.37948885560035706,momentum_factor,0.08420262485742569
2020-11-05,688019.SH,tucker,"(3, 2, 2)",cn_a,INDUSTRY_C39,-0.34130809494558306,-0.325751556564311,-0.34130809494558306,0.04775581136345863,1,value_factor,0.4932153522968292,quality_factor,0.4091985821723938,momentum_factor,0.08122781664133072
2020-11-05,603290.SH,tucker,"(3, 2, 2)",cn_a,INDUSTRY_C39,-0.3588683803444582,-0.3425114587966596,-0.3588683803444582,0.04775581136345863,1,value_factor,0.5723079442977905,quality_factor,0.2966259717941284,momentum_factor,0.09249959141016006
2020-11-05,603501.SH,tucker,"(3, 2, 2)",cn_a,INDUSTRY_C39,-0.3832867874930488,-0.365816895307747,-0.3832867874930488,0.04775581136345863,1,quality_factor,0.4599258303642273,value_factor,0.4575747847557068,momentum_factor,0.07614855468273163
2020-11-05,300346.SZ,tucker,"(3, 2, 2)",cn_a,INDUSTRY_C39,-0.3892278017082495,-0.3714871230487002,-0.3892278017082495,0.04775581136345863,1,value_factor,0.4599248766899109,quality_factor,0.4565808176994324,momentum_factor,0.07648347318172455
2020-11-05,300223.SZ,tucker,"(3, 2, 2)",cn_a,INDUSTRY_C39,-0.4429934143701753,-0.42280214391583953,-0.4429934143701753,0.04775581136345863,1,quality_factor,0.5087200403213501,value_factor,0.416946142911911,momentum_factor,0.07026950269937515
2020-11-06,600707.SH,tucker,"(3, 2, 2)",cn_a,INDUSTRY_C39,1.154382313415745,1.1286716429936658,1.154382313415745,0.022779637947678566,0,quality_factor,0.4966643750667572,value_factor,0.4300246834754944,momentum_factor,0.07219794392585754
2020-11-06,600601.SH,tucker,"(3, 2, 2)",cn_a,INDUSTRY_C39,0.8495211820538443,0.8306004494035553,0.8495211820538443,0.022779637947678566,2,quality_factor,0.7155319452285767,value_factor,0.19258573651313782,volatility_factor,0.05469482019543648
2020-11-06,600060.SH,tucker,"(3, 2, 2)",cn_a,INDUSTRY_C39,0.8276086512389611,0.809175959553392,0.8276086512389611,0.022779637947678566,1,value_factor,0.574342668056488,quality_factor,0.2937299609184265,momentum_factor,0.09278956800699234
2020-11-06,002429.SZ,tucker,"(3, 2, 2)",cn_a,INDUSTRY_C39,0.7199380285074053,0.703903401884874,0.7199380285074053,0.022779637947678566,0,quality_factor,0.5457455515861511,value_factor,0.37677890062332153,momentum_factor,0.06434684246778488
2020-11-06,600699.SH,tucker,"(3, 2, 2)",cn_a,INDUSTRY_C39,0.7014028078044002,0.6857810019130576,0.7014028078044002,0.022779637947678566,0,value_factor,0.518756091594696,quality_factor,0.3728463649749756,momentum_factor,0.08486773073673248
2020-11-06,002130.SZ,tucker,"(3, 2, 2)",cn_a,INDUSTRY_C39,0.5179471930926117,0.5064113531694916,0.5179471930926117,0.022779637947678566,0,value_factor,0.5817950963973999,quality_factor,0.2831229567527771,momentum_factor,0.09385164082050323
2020-11-06,600363.SH,tucker,"(3, 2, 2)",cn_a,INDUSTRY_C39,0.4851399040710097,0.47433475569234024,0.4851399040710097,0.022779637947678566,0,value_factor,0.5455967783927917,quality_factor,0.33464401960372925,momentum_factor,0.08869288116693497
2020-11-06,002583.SZ,tucker,"(3, 2, 2)",cn_a,INDUSTRY_C39,0.42803453396578495,0.4185012496247426,0.42803453396578495,0.022779637947678566,0,value_factor,0.5225465297698975,quality_factor,0.3674515187740326,momentum_factor,0.08540791273117065
2020-11-06,603920.SH,tucker,"(3, 2, 2)",cn_a,INDUSTRY_C39,0.4208379327734652,0.41146493280205026,0.4208379327734652,0.022779637947678566,0,quality_factor,0.5800184607505798,value_factor,0.33959782123565674,momentum_factor,0.05886447802186012
2020-11-06,600884.SH,tucker,"(3, 2, 2)",cn_a,INDUSTRY_C39,0.3947329618130036,0.3859413778048638,0.3947329618130036,0.022779637947678566,2,value_factor,0.7596476078033447,momentum_factor,0.11866143345832825,volatility_factor,0.097160704433918
2020-11-06,300073.SZ,tucker,"(3, 2, 2)",cn_a,INDUSTRY_C39,0.37296843640269717,0.3646615969486051,0.37296843640269717,0.022779637947678566,2,quality_factor,0.8760450482368469,volatility_factor,0.09873251616954803,value_factor,0.01967940665781498
2020-11-06,600563.SH,tucker,"(3, 2, 2)",cn_a,INDUSTRY_C39,0.35455681144405693,0.34666003996809064,0.35455681144405693,0.022779637947678566,2,quality_factor,0.7929463386535645,value_factor,0.10860253870487213,volatility_factor,0.07364694029092789
2020-11-06,601231.SH,tucker,"(3, 2, 2)",cn_a,INDUSTRY_C39,0.2875538124404353,0.28114934728677893,0.2875538124404353,0.022779637947678566,0,quality_factor,0.6233470439910889,value_factor,0.29259276390075684,momentum_factor,0.051933567970991135
2020-11-06,600498.SH,tucker,"(3, 2, 2)",cn_a,INDUSTRY_C39,0.2856874782846831,0.27932458055788206,0.2856874782846831,0.022779637947678566,2,value_factor,0.6206628680229187,quality_factor,0.22780247032642365,momentum_factor,0.09939081966876984
2020-11-06,002152.SZ,tucker,"(3, 2, 2)",cn_a,INDUSTRY_C39,0.26592078612871645,0.2599981367507081,0.26592078612871645,0.022779637947678566,0,value_factor,0.5603102445602417,quality_factor,0.31370237469673157,momentum_factor,0.09078976511955261
2020-11-06,603228.SH,tucker,"(3, 2, 2)",cn_a,INDUSTRY_C39,0.2656249358999682,0.2597088757668203,0.2656249358999682,0.022779637947678566,2,quality_factor,0.7328417897224426,value_factor,0.17380711436271667,volatility_factor,0.058932509273290634
2020-11-06,002025.SZ,tucker,"(3, 2, 2)",cn_a,INDUSTRY_C39,0.20631128692385228,0.20171627412713092,0.20631128692385228,0.022779637947678566,0,quality_factor,0.7136999368667603,value_factor,0.19457314908504486,volatility_factor,0.05424632504582405
2020-11-06,002273.SZ,tucker,"(3, 2, 2)",cn_a,INDUSTRY_C39,0.19949843410210497,0.19505515874236473,0.19949843410210497,0.022779637947678566,0,quality_factor,0.497319757938385,value_factor,0.4293137490749359,momentum_factor,0.07209311425685883
2020-11-06,002465.SZ,tucker,"(3, 2, 2)",cn_a,INDUSTRY_C39,0.11819286828679189,0.11556044933213011,0.11819286828679189,0.022779637947678566,2,value_factor,0.7002440690994263,momentum_factor,0.10868252068758011,volatility_factor,0.09737581759691238
2020-11-06,002138.SZ,tucker,"(3, 2, 2)",cn_a,INDUSTRY_C39,0.09100695466318573,0.08898002667731006,0.09100695466318573,0.022779637947678566,0,value_factor,0.551032304763794,quality_factor,0.3269076645374298,momentum_factor,0.08946752548217773
2020-11-06,300570.SZ,tucker,"(3, 2, 2)",cn_a,INDUSTRY_C39,0.09097218420509058,0.08894603063491595,0.09097218420509058,0.022779637947678566,1,quality_factor,0.6886354684829712,value_factor,0.221764475107193,volatility_factor,0.048110172152519226
2020-11-06,600171.SH,tucker,"(3, 2, 2)",cn_a,INDUSTRY_C39,0.0880008538885034,0.08604087847577027,0.0880008538885034,0.022779637947678566,2,value_factor,0.6985921263694763,momentum_factor,0.10840502381324768,volatility_factor,0.09738179296255112
2020-11-06,300054.SZ,tucker,"(3, 2, 2)",cn_a,INDUSTRY_C39,0.07045682833078928,0.06888759752125112,0.07045682833078928,0.022779637947678566,1,value_factor,0.6469652056694031,quality_factor,0.19036637246608734,momentum_factor,0.10313927382230759
2020-11-06,300735.SZ,tucker,"(3, 2, 2)",cn_a,INDUSTRY_C39,0.03041500253744592,0.02973759255200261,0.03041500253744592,0.022779637947678566,1,quality_factor,0.4219245910644531,value_factor,0.41835033893585205,volatility_factor,0.09839654713869095
2020-11-06,600764.SH,tucker,"(3, 2, 2)",cn_a,INDUSTRY_C39,0.02473595940500057,0.024185034384368472,0.02473595940500057,0.022779637947678566,1,value_factor,0.7340534329414368,momentum_factor,0.11555052548646927,volatility_factor,0.0839824303984642
2020-11-06,605358.SH,tucker,"(3, 2, 2)",cn_a,INDUSTRY_C39,0.01697491291328785,0.016596843718806126,0.01697491291328785,0.022779637947678566,1,value_factor,0.6600430607795715,quality_factor,0.17175252735614777,momentum_factor,0.10500304400920868
2020-11-06,002402.SZ,tucker,"(3, 2, 2)",cn_a,INDUSTRY_C39,0.00606454235149273,0.005929471458732252,0.00606454235149273,0.022779637947678566,1,value_factor,0.47332563996315,quality_factor,0.35791319608688354,volatility_factor,0.09819747507572174
2020-11-06,300919.SZ,tucker,"(3, 2, 2)",cn_a,INDUSTRY_C39,-0.016663875126046418,-0.016292733437247724,-0.016663875126046418,0.022779637947678566,1,quality_factor,0.5997050404548645,value_factor,0.2656656801700592,volatility_factor,0.09894941747188568
2020-11-06,688608.SH,tucker,"(3, 2, 2)",cn_a,INDUSTRY_C39,-0.016663875126046418,-0.016292733437247724,-0.016663875126046418,0.022779637947678566,1,quality_factor,0.5997050404548645,value_factor,0.2656656801700592,volatility_factor,0.09894941747188568
2020-11-06,689009.SH,tucker,"(3, 2, 2)",cn_a,INDUSTRY_C39,-0.016663875126046418,-0.016292733437247724,-0.016663875126046418,0.022779637947678566,1,quality_factor,0.5997050404548645,value_factor,0.2656656801700592,volatility_factor,0.09894941747188568
2020-11-06,300679.SZ,tucker,"(3, 2, 2)",cn_a,INDUSTRY_C39,-0.01909776692557423,-0.018672417034541824,-0.01909776692557423,0.022779637947678566,2,value_factor,0.4613211154937744,quality_factor,0.3718908727169037,volatility_factor,0.09824094921350479
2020-11-06,688100.SH,tucker,"(3, 2, 2)",cn_a,INDUSTRY_C39,-0.02292419841942428,-0.022413625359353585,-0.02292419841942428,0.022779637947678566,1,value_factor,0.7345874905586243,momentum_factor,0.11445169150829315,volatility_factor,0.09725145250558853
2020-11-06,002436.SZ,tucker,"(3, 2, 2)",cn_a,INDUSTRY_C39,-0.03169312957889702,-0.03098725285176996,-0.03169312957889702,0.022779637947678566,1,value_factor,0.6682456731796265,quality_factor,0.13095544278621674,momentum_factor,0.10330726206302643
2020-11-06,002281.SZ,tucker,"(3, 2, 2)",cn_a,INDUSTRY_C39,-0.04526853335195908,-0.044260302085785866,-0.04526853335195908,0.022779637947678566,1,quality_factor,0.6048300862312317,value_factor,0.26126405596733093,volatility_factor,0.0989653542637825
2020-11-06,603160.SH,tucker,"(3, 2, 2)",cn_a,INDUSTRY_C39,-0.05754790176735556,-0.05626618156198908,-0.05754790176735556,0.022779637947678566,2,value_factor,0.6053455471992493,quality_factor,0.20419402420520782,volatility_factor,0.09771944582462311
2020-11-06,688981.SH,tucker,"(3, 2, 2)",cn_a,INDUSTRY_C39,-0.058759597541103714,-0.05745089016664376,-0.058759597541103714,0.022779637947678566,1,quality_factor,0.8182168006896973,value_factor,0.08118778467178345,volatility_factor,0.0798335075378418
2020-11-06,002841.SZ,tucker,"(3, 2, 2)",cn_a,INDUSTRY_C39,-0.07764974744780649,-0.07592031427667541,-0.07764974744780649,0.022779637947678566,2,value_factor,0.6353665590286255,quality_factor,0.1692385971546173,momentum_factor,0.09778407216072083
2020-11-06,300037.SZ,tucker,"(3, 2, 2)",cn_a,INDUSTRY_C39,-0.08376349761485163,-0.08189789758308777,-0.08376349761485163,0.022779637947678566,1,value_factor,0.56847083568573,quality_factor,0.3020874261856079,momentum_factor,0.09195274859666824
2020-11-06,688027.SH,tucker,"(3, 2, 2)",cn_a,INDUSTRY_C39,-0.10104613788675573,-0.09879561488546067,-0.10104613788675573,0.022779637947678566,1,quality_factor,0.5478333234786987,value_factor,0.37451401352882385,momentum_factor,0.06401287764310837
2020-11-06,002156.SZ,tucker,"(3, 2, 2)",cn_a,INDUSTRY_C39,-0.11672426396632188,-0.11412455410744685,-0.11672426396632188,0.022779637947678566,2,quality_factor,0.7249881625175476,value_factor,0.1580677479505539,volatility_factor,0.09933903068304062
2020-11-06,603486.SH,tucker,"(3, 2, 2)",cn_a,INDUSTRY_C39,-0.11930124989700339,-0.11664414481024234,-0.11930124989700339,0.022779637947678566,1,value_factor,0.4771532416343689,quality_factor,0.43205973505973816,momentum_factor,0.07893874496221542
2020-11-06,300857.SZ,tucker,"(3, 2, 2)",cn_a,INDUSTRY_C39,-0.1197586184161551,-0.11709132671173655,-0.1197586184161551,0.022779637947678566,1,value_factor,0.4809369146823883,quality_factor,0.4266744554042816,momentum_factor,0.07947797328233719
2020-11-06,603659.SH,tucker,"(3, 2, 2)",cn_a,INDUSTRY_C39,-0.1232079473607545,-0.12046383140267122,-0.1232079473607545,0.022779637947678566,1,value_factor,0.755081057548523,momentum_factor,0.11854725331068039,volatility_factor,0.08988672494888306
2020-11-06,300627.SZ,tucker,"(3, 2, 2)",cn_a,INDUSTRY_C39,-0.13088091396031099,-0.12796590391184867,-0.13088091396031099,0.022779637947678566,1,value_factor,0.6385565996170044,quality_factor,0.20233429968357086,momentum_factor,0.10194092243909836
2020-11-06,300136.SZ,tucker,"(3, 2, 2)",cn_a,INDUSTRY_C39,-0.13303786515665791,-0.13007481499125922,-0.13303786515665791,0.022779637947678566,1,value_factor,0.745007336139679,momentum_factor,0.11711160093545914,volatility_factor,0.08705814182758331
2020-11-06,002185.SZ,tucker,"(3, 2, 2)",cn_a,INDUSTRY_C39,-0.14343814331084936,-0.14024345574004973,-0.14343814331084936,0.022779637947678566,2,quality_factor,0.8135538101196289,volatility_factor,0.0996144488453865,value_factor,0.08200420439243317
2020-11-06,300373.SZ,tucker,"(3, 2, 2)",cn_a,INDUSTRY_C39,-0.15052710542625952,-0.14717453084829965,-0.15052710542625952,0.022779637947678566,1,value_factor,0.48838621377944946,quality_factor,0.41607189178466797,momentum_factor,0.08053960651159286
2020-11-06,600118.SH,tucker,"(3, 2, 2)",cn_a,INDUSTRY_C39,-0.16227932450256274,-0.15866500177766113,-0.16227932450256274,0.022779637947678566,2,quality_factor,0.67161625623703,value_factor,0.2402278035879135,momentum_factor,0.04421234130859375
2020-11-06,300458.SZ,tucker,"(3, 2, 2)",cn_a,INDUSTRY_C39,-0.16968259465467891,-0.16590338458118006,-0.16968259465467891,0.022779637947678566,1,quality_factor,0.7865219712257385,value_factor,0.11557196825742722,volatility_factor,0.07207417488098145
2020-11-06,603019.SH,tucker,"(3, 2, 2)",cn_a,INDUSTRY_C39,-0.17187200445392942,-0.16804403133796775,-0.17187200445392942,0.022779637947678566,1,value_factor,0.5036638379096985,quality_factor,0.39432719349861145,momentum_factor,0.08271688222885132
2020-11-06,300623.SZ,tucker,"(3, 2, 2)",cn_a,INDUSTRY_C39,-0.1835750411714752,-0.17948641530946444,-0.1835750411714752,0.022779637947678566,1,value_factor,0.5549160242080688,quality_factor,0.32137998938560486,momentum_factor,0.09002100676298141
2020-11-06,688002.SH,tucker,"(3, 2, 2)",cn_a,INDUSTRY_C39,-0.209829608034546,-0.20515623437464714,-0.209829608034546,0.022779637947678566,1,value_factor,0.528362512588501,quality_factor,0.3591736853122711,momentum_factor,0.08623676002025604
2020-11-06,300390.SZ,tucker,"(3, 2, 2)",cn_a,INDUSTRY_C39,-0.22230367733284565,-0.21735247831056595,-0.22230367733284565,0.022779637947678566,1,value_factor,0.5346882343292236,quality_factor,0.35017022490501404,momentum_factor,0.08713826537132263
2020-11-06,600435.SH,tucker,"(3, 2, 2)",cn_a,INDUSTRY_C39,-0.242422056362745,-0.23702277614011003,-0.242422056362745,0.022779637947678566,2,quality_factor,0.8219417929649353,volatility_factor,0.09964054822921753,value_factor,0.07480037212371826
2020-11-06,688008.SH,tucker,"(3, 2, 2)",cn_a,INDUSTRY_C39,-0.24550102307465094,-0.2400331673918323,-0.24550102307465094,0.022779637947678566,1,value_factor,0.5349387526512146,quality_factor,0.3498135209083557,momentum_factor,0.08717396855354309
2020-11-06,300115.SZ,tucker,"(3, 2, 2)",cn_a,INDUSTRY_C39,-0.2576829998622129,-0.25194382436910745,-0.2576829998622129,0.022779637947678566,2,quality_factor,0.8403206467628479,volatility_factor,0.08524482697248459,value_factor,0.05720847472548485
2020-11-06,600562.SH,tucker,"(3, 2, 2)",cn_a,INDUSTRY_C39,-0.2801706719920907,-0.27393064585360394,-0.2801706719920907,0.022779637947678566,2,quality_factor,0.8589160442352295,volatility_factor,0.0897972509264946,value_factor,0.03703516721725464
2020-11-06,300474.SZ,tucker,"(3, 2, 2)",cn_a,INDUSTRY_C39,-0.28347172138290466,-0.27715817350734007,-0.28347172138290466,0.022779637947678566,1,quality_factor,0.5340085029602051,value_factor,0.3895118236541748,momentum_factor,0.06622430682182312
2020-11-06,002414.SZ,tucker,"(3, 2, 2)",cn_a,INDUSTRY_C39,-0.2998169755969818,-0.2931393824314129,-0.2998169755969818,0.022779637947678566,1,value_factor,0.514880895614624,quality_factor,0.3783619999885559,momentum_factor,0.08431544899940491
2020-11-06,688019.SH,tucker,"(3, 2, 2)",cn_a,INDUSTRY_C39,-0.3304987591921186,-0.3231378142315608,-0.3304987591921186,0.022779637947678566,1,value_factor,0.49340057373046875,quality_factor,0.40893498063087463,momentum_factor,0.08125421404838562
2020-11-06,603290.SH,tucker,"(3, 2, 2)",cn_a,INDUSTRY_C39,-0.34883367635771,-0.34106437187277094,-0.34883367635771,0.022779637947678566,1,value_factor,0.573470950126648,quality_factor,0.29497063159942627,momentum_factor,0.09266533702611923
2020-11-06,603501.SH,tucker,"(3, 2, 2)",cn_a,INDUSTRY_C39,-0.37320750198883174,-0.36489533801059987,-0.37320750198883174,0.022779637947678566,1,quality_factor,0.4605291783809662,value_factor,0.4571508467197418,momentum_factor,0.07608813047409058
2020-11-06,300346.SZ,tucker,"(3, 2, 2)",cn_a,INDUSTRY_C39,-0.3771815369764897,-0.36878086236999713,-0.3771815369764897,0.022779637947678566,1,value_factor,0.4594830572605133,quality_factor,0.4572097659111023,momentum_factor,0.07642050087451935
2020-11-06,300223.SZ,tucker,"(3, 2, 2)",cn_a,INDUSTRY_C39,-0.43083843608836875,-0.42124270258942464,-0.43083843608836875,0.022779637947678566,1,quality_factor,0.5098803639411926,value_factor,0.41568732261657715,momentum_factor,0.07008389383554459
2020-11-09,600707.SH,tucker,"(3, 2, 2)",cn_a,INDUSTRY_C39,1.1726891737978966,1.1269191269501306,1.1726891737978966,0.040615204721689224,0,quality_factor,0.4965258538722992,value_factor,0.43017494678497314,momentum_factor,0.0722200945019722
2020-11-09,600060.SH,tucker,"(3, 2, 2)",cn_a,INDUSTRY_C39,0.864108220427742,0.8303820851361293,0.864108220427742,0.040615204721689224,1,value_factor,0.5729271769523621,quality_factor,0.2957446277141571,momentum_factor,0.09258783608675003
2020-11-09,600601.SH,tucker,"(3, 2, 2)",cn_a,INDUSTRY_C39,0.8561944367463268,0.8227771763534806,0.8561944367463268,0.040615204721689224,2,quality_factor,0.7197098135948181,value_factor,0.1880534291267395,volatility_factor,0.05571761354804039
2020-11-09,002429.SZ,tucker,"(3, 2, 2)",cn_a,INDUSTRY_C39,0.7136704793040346,0.6858159275596669,0.7136704793040346,0.040615204721689224,0,quality_factor,0.5484728217124939,value_factor,0.3738202154636383,momentum_factor,0.063910573720932
2020-11-09,600699.SH,tucker,"(3, 2, 2)",cn_a,INDUSTRY_C39,0.7078420431700584,0.6802149752303185,0.7078420431700584,0.040615204721689224,0,value_factor,0.5198450088500977,quality_factor,0.37129664421081543,momentum_factor,0.08502291142940521
2020-11-09,002130.SZ,tucker,"(3, 2, 2)",cn_a,INDUSTRY_C39,0.5097443666318456,0.48984904904691046,0.5097443666318456,0.040615204721689224,0,value_factor,0.5861658453941345,quality_factor,0.27690213918685913,momentum_factor,0.09447453171014786
2020-11-09,600363.SH,tucker,"(3, 2, 2)",cn_a,INDUSTRY_C39,0.4928612749081407,0.47362490422609754,0.4928612749081407,0.040615204721689224,0,value_factor,0.546548068523407,quality_factor,0.33329012989997864,momentum_factor,0.08882845938205719
2020-11-09,603920.SH,tucker,"(3, 2, 2)",cn_a,INDUSTRY_C39,0.4215038011995658,0.4050525120101762,0.4215038011995658,0.040615204721689224,0,quality_factor,0.5825421810150146,value_factor,0.33685994148254395,momentum_factor,0.058460772037506104
2020-11-09,002583.SZ,tucker,"(3, 2, 2)",cn_a,INDUSTRY_C39,0.41071479914044445,0.39468460459464855,0.41071479914044445,0.040615204721689224,0,value_factor,0.5262877345085144,quality_factor,0.36212658882141113,momentum_factor,0.08594108372926712
2020-11-09,600884.SH,tucker,"(3, 2, 2)",cn_a,INDUSTRY_C39,0.3925158043732676,0.37719591641312755,0.3925158043732676,0.040615204721689224,2,value_factor,0.752365231513977,momentum_factor,0.11743809282779694,volatility_factor,0.09718707948923111
2020-11-09,300073.SZ,tucker,"(3, 2, 2)",cn_a,INDUSTRY_C39,0.35664928029452636,0.3427292624142251,0.35664928029452636,0.040615204721689224,2,quality_factor,0.8447368144989014,volatility_factor,0.09971143305301666,value_factor,0.055223073810338974
2020-11-09,600563.SH,tucker,"(3, 2, 2)",cn_a,INDUSTRY_C39,0.3511371232653563,0.3374322448193522,0.3511371232653563,0.040615204721689224,2,quality_factor,0.8056420683860779,value_factor,0.09482952952384949,volatility_factor,0.07675504684448242
2020-11-09,600498.SH,tucker,"(3, 2, 2)",cn_a,INDUSTRY_C39,0.2933887617290839,0.28193780126233153,0.2933887617290839,0.040615204721689224,2,value_factor,0.620659351348877,quality_factor,0.22780747711658478,momentum_factor,0.09939032793045044
2020-11-09,601231.SH,tucker,"(3, 2, 2)",cn_a,INDUSTRY_C39,0.2820491681200611,0.27104079187964614,0.2820491681200611,0.040615204721689224,0,quality_factor,0.6309357285499573,value_factor,0.2843600809574127,momentum_factor,0.05071965605020523
2020-11-09,603228.SH,tucker,"(3, 2, 2)",cn_a,INDUSTRY_C39,0.26216757009090624,0.25193517242481017,0.26216757009090624,0.040615204721689224,2,quality_factor,0.7440935969352722,value_factor,0.1616005301475525,volatility_factor,0.06168711930513382
2020-11-09,002152.SZ,tucker,"(3, 2, 2)",cn_a,INDUSTRY_C39,0.25370920787067874,0.2438069399983296,0.25370920787067874,0.040615204721689224,0,value_factor,0.5666707158088684,quality_factor,0.3046495020389557,momentum_factor,0.09169621765613556
2020-11-09,002025.SZ,tucker,"(3, 2, 2)",cn_a,INDUSTRY_C39,0.19075182679639416,0.1833067848843141,0.19075182679639416,0.040615204721689224,0,quality_factor,0.7445825338363647,value_factor,0.16107012331485748,volatility_factor,0.0618068091571331
2020-11-09,002273.SZ,tucker,"(3, 2, 2)",cn_a,INDUSTRY_C39,0.188543101433768,0.18118426605073248,0.188543101433768,0.040615204721689224,0,quality_factor,0.5007270574569702,value_factor,0.4256173074245453,momentum_factor,0.07154807448387146
2020-11-09,002465.SZ,tucker,"(3, 2, 2)",cn_a,INDUSTRY_C39,0.1049915988670793,0.10089377780235081,0.1049915988670793,0.040615204721689224,2,value_factor,0.6748359799385071,quality_factor,0.1232818141579628,momentum_factor,0.10441434383392334
2020-11-09,600171.SH,tucker,"(3, 2, 2)",cn_a,INDUSTRY_C39,0.08693122487789684,0.08353830003123092,0.08693122487789684,0.040615204721689224,2,value_factor,0.6917607188224792,momentum_factor,0.10725745558738708,quality_factor,0.10357526689767838
2020-11-09,002138.SZ,tucker,"(3, 2, 2)",cn_a,INDUSTRY_C39,0.07774422592281123,0.0747098695544428,0.07774422592281123,0.040615204721689224,0,value_factor,0.5659649968147278,quality_factor,0.3056539297103882,momentum_factor,0.09159563481807709
2020-11-09,300570.SZ,tucker,"(3, 2, 2)",cn_a,INDUSTRY_C39,0.07289101969391883,0.07004608391663411,0.07289101969391883,0.040615204721689224,1,quality_factor,0.7619419097900391,value_factor,0.14223766326904297,volatility_factor,0.06605663895606995
2020-11-09,300054.SZ,tucker,"(3, 2, 2)",cn_a,INDUSTRY_C39,0.05151620630238625,0.04950552928023634,0.05151620630238625,0.040615204721689224,1,value_factor,0.7013896107673645,quality_factor,0.1129041537642479,momentum_factor,0.11089548468589783
2020-11-09,600764.SH,tucker,"(3, 2, 2)",cn_a,INDUSTRY_C39,0.017252049518672898,0.016578702196694703,0.017252049518672898,0.040615204721689224,1,value_factor,0.7432202696800232,momentum_factor,0.115901879966259,volatility_factor,0.09722018986940384
2020-11-09,300735.SZ,tucker,"(3, 2, 2)",cn_a,INDUSTRY_C39,0.01286058225150868,0.012358633853507571,0.01286058225150868,0.040615204721689224,1,value_factor,0.46674150228500366,quality_factor,0.36557960510253906,volatility_factor,0.0982213243842125
2020-11-09,605358.SH,tucker,"(3, 2, 2)",cn_a,INDUSTRY_C39,0.005173884412721701,0.00497194775529673,0.005173884412721701,0.040615204721689224,1,value_factor,0.6668208241462708,quality_factor,0.132614403963089,momentum_factor,0.10306791961193085
2020-11-09,002402.SZ,tucker,"(3, 2, 2)",cn_a,INDUSTRY_C39,-0.008945202442972113,-0.00859607128014947,-0.008945202442972113,0.040615204721689224,1,value_factor,0.5377156138420105,quality_factor,0.2829398512840271,volatility_factor,0.0979643240571022
2020-11-09,688100.SH,tucker,"(3, 2, 2)",cn_a,INDUSTRY_C39,-0.028673237579591098,-0.027554121400625516,-0.028673237579591098,0.040615204721689224,1,value_factor,0.779599666595459,momentum_factor,0.1220414936542511,volatility_factor,0.0967712253332138
2020-11-09,300919.SZ,tucker,"(3, 2, 2)",cn_a,INDUSTRY_C39,-0.03043148445916619,-0.029243743921891354,-0.03043148445916619,0.040615204721689224,1,quality_factor,0.8401703238487244,volatility_factor,0.09969723224639893,value_factor,0.0591450072824955
2020-11-09,688608.SH,tucker,"(3, 2, 2)",cn_a,INDUSTRY_C39,-0.03043148445916619,-0.029243743921891354,-0.03043148445916619,0.040615204721689224,1,quality_factor,0.8401703238487244,volatility_factor,0.09969723224639893,value_factor,0.0591450072824955
2020-11-09,689009.SH,tucker,"(3, 2, 2)",cn_a,INDUSTRY_C39,-0.03043148445916619,-0.029243743921891354,-0.03043148445916619,0.040615204721689224,1,quality_factor,0.8401703238487244,volatility_factor,0.09969723224639893,value_factor,0.0591450072824955
2020-11-09,300679.SZ,tucker,"(3, 2, 2)",cn_a,INDUSTRY_C39,-0.039064809491966425,-0.037540110364101445,-0.039064809491966425,0.040615204721689224,2,value_factor,0.4219120740890503,quality_factor,0.4177773594856262,volatility_factor,0.09838365018367767
2020-11-09,002436.SZ,tucker,"(3, 2, 2)",cn_a,INDUSTRY_C39,-0.0451821631754592,-0.043418703793868134,-0.0451821631754592,0.040615204721689224,1,value_factor,0.7297359704971313,momentum_factor,0.11363672465085983,volatility_factor,0.09726901352405548
2020-11-09,002281.SZ,tucker,"(3, 2, 2)",cn_a,INDUSTRY_C39,-0.06058497091791824,-0.058220340102573515,-0.06058497091791824,0.040615204721689224,1,quality_factor,0.6979315280914307,value_factor,0.18130503594875336,volatility_factor,0.09925489127635956
2020-11-09,603160.SH,tucker,"(3, 2, 2)",cn_a,INDUSTRY_C39,-0.0671594357645727,-0.06453820365132751,-0.0671594357645727,0.040615204721689224,2,value_factor,0.6194716095924377,quality_factor,0.18774615228176117,volatility_factor,0.09766828268766403
2020-11-09,688981.SH,tucker,"(3, 2, 2)",cn_a,INDUSTRY_C39,-0.07457400168170415,-0.07166337913409188,-0.07457400168170415,0.040615204721689224,1,quality_factor,0.7390900254249573,value_factor,0.1670287698507309,volatility_factor,0.06046214699745178
2020-11-09,002841.SZ,tucker,"(3, 2, 2)",cn_a,INDUSTRY_C39,-0.09603775122600872,-0.0922893987460991,-0.09603775122600872,0.040615204721689224,2,value_factor,0.6620737314224243,quality_factor,0.1381416916847229,momentum_factor,0.10227047652006149
2020-11-09,300037.SZ,tucker,"(3, 2, 2)",cn_a,INDUSTRY_C39,-0.10387431478884382,-0.09982010131063161,-0.10387431478884382,0.040615204721689224,1,value_factor,0.5531406402587891,quality_factor,0.32390692830085754,momentum_factor,0.08976799249649048
2020-11-09,688027.SH,tucker,"(3, 2, 2)",cn_a,INDUSTRY_C39,-0.11863099172492196,-0.11400082529193467,-0.11863099172492196,0.040615204721689224,1,quality_factor,0.5345989465713501,value_factor,0.3888712525367737,momentum_factor,0.06612985581159592
2020-11-09,002156.SZ,tucker,"(3, 2, 2)",cn_a,INDUSTRY_C39,-0.1327668953915247,-0.12758500477832646,-0.1327668953915247,0.040615204721689224,2,quality_factor,0.7741256356239319,value_factor,0.11586666107177734,volatility_factor,0.09949183464050293
2020-11-09,603486.SH,tucker,"(3, 2, 2)",cn_a,INDUSTRY_C39,-0.13645530382216045,-0.13112945466441697,-0.13645530382216045,0.040615204721689224,1,value_factor,0.4768187701702118,quality_factor,0.4325358271598816,momentum_factor,0.0788910835981369
2020-11-09,603659.SH,tucker,"(3, 2, 2)",cn_a,INDUSTRY_C39,-0.13756025210530565,-0.13219127682700618,-0.13756025210530565,0.040615204721689224,1,value_factor,0.7382692098617554,momentum_factor,0.11615132540464401,volatility_factor,0.08516615629196167
2020-11-09,300857.SZ,tucker,"(3, 2, 2)",cn_a,INDUSTRY_C39,-0.14024607420541754,-0.13477227131713104,-0.14024607420541754,0.040615204721689224,1,value_factor,0.4799822270870209,quality_factor,0.42803332209587097,momentum_factor,0.07934191823005676
2020-11-09,300627.SZ,tucker,"(3, 2, 2)",cn_a,INDUSTRY_C39,-0.15056657152511244,-0.14468995972857548,-0.15056657152511244,0.040615204721689224,1,value_factor,0.6232945322990417,quality_factor,0.22405682504177094,momentum_factor,0.09976587444543839
2020-11-09,300136.SZ,tucker,"(3, 2, 2)",cn_a,INDUSTRY_C39,-0.15282214418376802,-0.1468574974086861,-0.15282214418376802,0.040615204721689224,1,value_factor,0.7232142090797424,momentum_factor,0.11400578171014786,quality_factor,0.0818411111831665
2020-11-09,002185.SZ,tucker,"(3, 2, 2)",cn_a,INDUSTRY_C39,-0.16095592862153685,-0.15467382032034513,-0.16095592862153685,0.040615204721689224,2,quality_factor,0.861819326877594,volatility_factor,0.09921570122241974,value_factor,0.036138247698545456
2020-11-09,600118.SH,tucker,"(3, 2, 2)",cn_a,INDUSTRY_C39,-0.1687565966474261,-0.16217002835038355,-0.1687565966474261,0.040615204721689224,2,quality_factor,0.6674733757972717,value_factor,0.24472220242023468,momentum_factor,0.044875044375658035
2020-11-09,300373.SZ,tucker,"(3, 2, 2)",cn_a,INDUSTRY_C39,-0.17169336243310623,-0.1649921721965124,-0.17169336243310623,0.040615204721689224,1,value_factor,0.4869444966316223,quality_factor,0.4181239604949951,momentum_factor,0.0803341343998909
2020-11-09,603019.SH,tucker,"(3, 2, 2)",cn_a,INDUSTRY_C39,-0.18637339289630825,-0.17909924121601717,-0.18637339289630825,0.040615204721689224,1,value_factor,0.5022575855255127,quality_factor,0.3963286876678467,momentum_factor,0.08251646906137466
2020-11-09,300458.SZ,tucker,"(3, 2, 2)",cn_a,INDUSTRY_C39,-0.19072444230977267,-0.18328046921393443,-0.19072444230977267,0.040615204721689224,1,quality_factor,0.7527866959571838,value_factor,0.1521698236465454,volatility_factor,0.06381530314683914
2020-11-09,300623.SZ,tucker,"(3, 2, 2)",cn_a,INDUSTRY_C39,-0.20444266187696516,-0.19646326680718232,-0.20444266187696516,0.040615204721689224,1,value_factor,0.549014687538147,quality_factor,0.3297792673110962,momentum_factor,0.08917998522520065
2020-11-09,688002.SH,tucker,"(3, 2, 2)",cn_a,INDUSTRY_C39,-0.22696104914781484,-0.21810276164570486,-0.22696104914781484,0.040615204721689224,1,value_factor,0.5258264541625977,quality_factor,0.3627832233905792,momentum_factor,0.08587534725666046
2020-11-09,300390.SZ,tucker,"(3, 2, 2)",cn_a,INDUSTRY_C39,-0.2434189795060198,-0.23391833914490565,-0.2434189795060198,0.040615204721689224,1,value_factor,0.5311498641967773,quality_factor,0.35520637035369873,momentum_factor,0.08663400262594223
2020-11-09,600435.SH,tucker,"(3, 2, 2)",cn_a,INDUSTRY_C39,-0.25602198376925833,-0.24602944827647613,-0.25602198376925833,0.040615204721689224,2,quality_factor,0.8398046493530273,volatility_factor,0.0996960923075676,value_factor,0.05945908650755882
2020-11-09,688008.SH,tucker,"(3, 2, 2)",cn_a,INDUSTRY_C39,-0.2606009355757704,-0.2504296836392958,-0.2606009355757704,0.040615204721689224,1,value_factor,0.5331889390945435,quality_factor,0.3523041903972626,momentum_factor,0.08692459762096405
2020-11-09,300115.SZ,tucker,"(3, 2, 2)",cn_a,INDUSTRY_C39,-0.2796606710605791,-0.2687455178367579,-0.2796606710605791,0.040615204721689224,2,quality_factor,0.81483393907547,value_factor,0.08485785126686096,volatility_factor,0.07900531589984894
2020-11-09,600562.SH,tucker,"(3, 2, 2)",cn_a,INDUSTRY_C39,-0.2995137252023745,-0.2878237074718756,-0.2995137252023745,0.040615204721689224,2,quality_factor,0.8387359976768494,volatility_factor,0.08485689014196396,value_factor,0.058927472680807114
2020-11-09,300474.SZ,tucker,"(3, 2, 2)",cn_a,INDUSTRY_C39,-0.3048190968117179,-0.29292201047981115,-0.3048190968117179,0.040615204721689224,1,quality_factor,0.529438316822052,value_factor,0.3944697976112366,momentum_factor,0.06695536524057388
2020-11-09,002414.SZ,tucker,"(3, 2, 2)",cn_a,INDUSTRY_C39,-0.32008052048560537,-0.30758778093874206,-0.32008052048560537,0.040615204721689224,1,value_factor,0.5135337710380554,quality_factor,0.3802792429924011,momentum_factor,0.08412347733974457
2020-11-09,688019.SH,tucker,"(3, 2, 2)",cn_a,INDUSTRY_C39,-0.34959980408820507,-0.33595492719447106,-0.34959980408820507,0.040615204721689224,1,value_factor,0.4930844008922577,quality_factor,0.4093850255012512,momentum_factor,0.08120915293693542
2020-11-09,603290.SH,tucker,"(3, 2, 2)",cn_a,INDUSTRY_C39,-0.36659163388694627,-0.3522835660443277,-0.36659163388694627,0.040615204721689224,1,value_factor,0.5714786052703857,quality_factor,0.29780644178390503,momentum_factor,0.09238139539957047
2020-11-09,603501.SH,tucker,"(3, 2, 2)",cn_a,INDUSTRY_C39,-0.39105834289656494,-0.37579533964343675,-0.39105834289656494,0.040615204721689224,1,quality_factor,0.45949557423591614,value_factor,0.4578770697116852,momentum_factor,0.07619162648916245
2020-11-09,300346.SZ,tucker,"(3, 2, 2)",cn_a,INDUSTRY_C39,-0.39847377649167687,-0.3829213489387186,-0.39847377649167687,0.040615204721689224,1,value_factor,0.46023741364479065,quality_factor,0.4561360478401184,momentum_factor,0.07652801275253296
2020-11-09,300223.SZ,tucker,"(3, 2, 2)",cn_a,INDUSTRY_C39,-0.45235363246678084,-0.43469827466833844,-0.45235363246678084,0.040615204721689224,1,quality_factor,0.5078942775726318,value_factor,0.41784194111824036,momentum_factor,0.07040159404277802
2020-11-10,600707.SH,tucker,"(3, 2, 2)",cn_a,INDUSTRY_C39,1.1704531978479404,1.1374119320431797,1.1704531978479404,0.02904949150979519,0,quality_factor,0.4966292083263397,value_factor,0.43006283044815063,momentum_factor,0.07220356166362762
2020-11-10,600601.SH,tucker,"(3, 2, 2)",cn_a,INDUSTRY_C39,0.859626315366475,0.8353595256896094,0.859626315366475,0.02904949150979519,2,quality_factor,0.7165845036506653,value_factor,0.19144390523433685,volatility_factor,0.05495249480009079
2020-11-10,600060.SH,tucker,"(3, 2, 2)",cn_a,INDUSTRY_C39,0.8450491575703334,0.8211938732371293,0.8450491575703334,0.02904949150979519,1,value_factor,0.5739766359329224,quality_factor,0.29425105452537537,momentum_factor,0.09273740649223328
2020-11-10,002429.SZ,tucker,"(3, 2, 2)",cn_a,INDUSTRY_C39,0.7254827166816893,0.7050027288250934,0.7254827166816893,0.02904949150979519,0,quality_factor,0.5464243292808533,value_factor,0.3760424554347992,momentum_factor,0.06423824280500412
2020-11-10,600699.SH,tucker,"(3, 2, 2)",cn_a,INDUSTRY_C39,0.7099814208765298,0.6899390262837725,0.7099814208765298,0.02904949150979519,0,value_factor,0.519031286239624,quality_factor,0.37245479226112366,momentum_factor,0.08490694314241409
2020-11-10,002130.SZ,tucker,"(3, 2, 2)",cn_a,INDUSTRY_C39,0.521000917213529,0.50629334084753,0.521000917213529,0.02904949150979519,0,value_factor,0.5828820466995239,quality_factor,0.28157588839530945,momentum_factor,0.09400654584169388
2020-11-10,600363.SH,tucker,"(3, 2, 2)",cn_a,INDUSTRY_C39,0.4919008675137852,0.47801476993807773,0.4919008675137852,0.02904949150979519,0,value_factor,0.5458383560180664,quality_factor,0.3343002498149872,momentum_factor,0.08872731029987335
2020-11-10,002583.SZ,tucker,"(3, 2, 2)",cn_a,INDUSTRY_C39,0.4278890532767931,0.41580997487343546,0.4278890532767931,0.02904949150979519,0,value_factor,0.52345871925354,quality_factor,0.3661533296108246,momentum_factor,0.08553790301084518
2020-11-10,603920.SH,tucker,"(3, 2, 2)",cn_a,INDUSTRY_C39,0.42517536808760964,0.41317289556119874,0.42517536808760964,0.02904949150979519,0,quality_factor,0.5806515216827393,value_factor,0.3389110267162323,momentum_factor,0.058763209730386734
2020-11-10,600884.SH,tucker,"(3, 2, 2)",cn_a,INDUSTRY_C39,0.3980817784438923,0.38684414341689544,0.3980817784438923,0.02904949150979519,2,value_factor,0.7577903270721436,momentum_factor,0.11834941804409027,volatility_factor,0.09716743230819702
2020-11-10,300073.SZ,tucker,"(3, 2, 2)",cn_a,INDUSTRY_C39,0.3725308304502803,0.3620144849765717,0.3725308304502803,0.02904949150979519,2,quality_factor,0.8682191371917725,volatility_factor,0.09899833053350449,value_factor,0.02873389422893524
2020-11-10,600563.SH,tucker,"(3, 2, 2)",cn_a,INDUSTRY_C39,0.3572031448461836,0.34711949171348266,0.3572031448461836,0.02904949150979519,2,quality_factor,0.7960963845252991,value_factor,0.10518521815538406,volatility_factor,0.07441812008619308
2020-11-10,600498.SH,tucker,"(3, 2, 2)",cn_a,INDUSTRY_C39,0.2904675759985156,0.28226783216947754,0.2904675759985156,0.02904949150979519,2,value_factor,0.6206619739532471,quality_factor,0.2278037667274475,momentum_factor,0.09939070045948029
2020-11-10,601231.SH,tucker,"(3, 2, 2)",cn_a,INDUSTRY_C39,0.28900847294535936,0.2808499188126753,0.28900847294535936,0.02904949150979519,0,quality_factor,0.6252185106277466,value_factor,0.2905624508857727,momentum_factor,0.051634203642606735
2020-11-10,603228.SH,tucker,"(3, 2, 2)",cn_a,INDUSTRY_C39,0.2673807680401343,0.2598327524132481,0.2673807680401343,0.02904949150979519,2,quality_factor,0.735627293586731,value_factor,0.17078529298305511,volatility_factor,0.05961443856358528
2020-11-10,002152.SZ,tucker,"(3, 2, 2)",cn_a,INDUSTRY_C39,0.2654628602426746,0.2579689861239166,0.2654628602426746,0.02904949150979519,0,value_factor,0.5618579983711243,quality_factor,0.31149953603744507,momentum_factor,0.09101033210754395
2020-11-10,002025.SZ,tucker,"(3, 2, 2)",cn_a,INDUSTRY_C39,0.2044151378691275,0.19864460819970614,0.2044151378691275,0.02904949150979519,0,quality_factor,0.7209381461143494,value_factor,0.1867208182811737,volatility_factor,0.05601833015680313
2020-11-10,002273.SZ,tucker,"(3, 2, 2)",cn_a,INDUSTRY_C39,0.19870062611044598,0.19309141404202754,0.19870062611044598,0.02904949150979519,0,quality_factor,0.49813759326934814,value_factor,0.42842644453048706,momentum_factor,0.07196228206157684
2020-11-10,002465.SZ,tucker,"(3, 2, 2)",cn_a,INDUSTRY_C39,0.11602094337733423,0.11274573439324326,0.11602094337733423,0.02904949150979519,2,value_factor,0.6937907338142395,momentum_factor,0.1075984537601471,quality_factor,0.10121159255504608
2020-11-10,600171.SH,tucker,"(3, 2, 2)",cn_a,INDUSTRY_C39,0.08860174694342542,0.08610056716374132,0.08860174694342542,0.02904949150979519,2,value_factor,0.6968499422073364,momentum_factor,0.10811235755681992,quality_factor,0.09764961898326874
2020-11-10,002138.SZ,tucker,"(3, 2, 2)",cn_a,INDUSTRY_C39,0.08855016324648335,0.08605043964688829,0.08855016324648335,0.02904949150979519,0,value_factor,0.5543957948684692,quality_factor,0.32212042808532715,momentum_factor,0.08994686603546143
2020-11-10,300570.SZ,tucker,"(3, 2, 2)",cn_a,INDUSTRY_C39,0.0872949531914492,0.08483066349826358,0.0872949531914492,0.02904949150979519,1,quality_factor,0.7038284540176392,value_factor,0.2052823007106781,volatility_factor,0.051829636096954346
2020-11-10,300054.SZ,tucker,"(3, 2, 2)",cn_a,INDUSTRY_C39,0.06635874519865871,0.06448547342443428,0.06635874519865871,0.02904949150979519,1,value_factor,0.6582848429679871,quality_factor,0.17425502836704254,momentum_factor,0.10475246608257294
2020-11-10,300735.SZ,tucker,"(3, 2, 2)",cn_a,INDUSTRY_C39,0.026271269978455636,0.02552964612200174,0.026271269978455636,0.02904949150979519,1,value_factor,0.43082624673843384,quality_factor,0.4073980450630188,volatility_factor,0.0983513742685318
2020-11-10,600764.SH,tucker,"(3, 2, 2)",cn_a,INDUSTRY_C39,0.023085963871437142,0.02243425949740684,0.023085963871437142,0.02904949150979519,1,value_factor,0.7507757544517517,momentum_factor,0.11793369054794312,volatility_factor,0.08867783844470978
2020-11-10,605358.SH,tucker,"(3, 2, 2)",cn_a,INDUSTRY_C39,0.014154881651308918,0.013755296936656714,0.014154881651308918,0.02904949150979519,1,value_factor,0.6921461820602417,quality_factor,0.12606021761894226,momentum_factor,0.10957816988229752
2020-11-10,002402.SZ,tucker,"(3, 2, 2)",cn_a,INDUSTRY_C39,0.0023239410312173555,0.002258337422744821,0.0023239410312173555,0.02904949150979519,1,value_factor,0.4899870455265045,quality_factor,0.3385132849216461,volatility_factor,0.09813714772462845
2020-11-10,300919.SZ,tucker,"(3, 2, 2)",cn_a,INDUSTRY_C39,-0.02031509853096574,-0.01974161419887479,-0.02031509853096574,0.02904949150979519,1,quality_factor,0.6586637496948242,value_factor,0.21502968668937683,volatility_factor,0.09913276880979538
2020-11-10,688608.SH,tucker,"(3, 2, 2)",cn_a,INDUSTRY_C39,-0.02031509853096574,-0.01974161419887479,-0.02031509853096574,0.02904949150979519,1,quality_factor,0.6586637496948242,value_factor,0.21502968668937683,volatility_factor,0.09913276880979538
2020-11-10,689009.SH,tucker,"(3, 2, 2)",cn_a,INDUSTRY_C39,-0.02031509853096574,-0.01974161419887479,-0.02031509853096574,0.02904949150979519,1,quality_factor,0.6586637496948242,value_factor,0.21502968668937683,volatility_factor,0.09913276880979538
2020-11-10,300679.SZ,tucker,"(3, 2, 2)",cn_a,INDUSTRY_C39,-0.024342883490714166,-0.023655696950193046,-0.024342883490714166,0.02904949150979519,2,value_factor,0.45134276151657104,quality_factor,0.38350939750671387,volatility_factor,0.09827708452939987
2020-11-10,688100.SH,tucker,"(3, 2, 2)",cn_a,INDUSTRY_C39,-0.024607022863086463,-0.02391237980979909,-0.024607022863086463,0.02904949150979519,1,value_factor,0.7468509674072266,momentum_factor,0.11651178449392319,volatility_factor,0.09720703959465027
2020-11-10,002436.SZ,tucker,"(3, 2, 2)",cn_a,INDUSTRY_C39,-0.03542269378605515,-0.03442273014542631,-0.03542269378605515,0.02904949150979519,1,value_factor,0.6841663122177124,quality_factor,0.11241798847913742,momentum_factor,0.10598170012235641
2020-11-10,002281.SZ,tucker,"(3, 2, 2)",cn_a,INDUSTRY_C39,-0.04959529993285039,-0.0481952512245713,-0.04959529993285039,0.02904949150979519,1,quality_factor,0.6282182335853577,value_factor,0.2411774843931198,volatility_factor,0.09903809428215027
2020-11-10,603160.SH,tucker,"(3, 2, 2)",cn_a,INDUSTRY_C39,-0.06055174681896302,-0.0588424034934319,-0.06055174681896302,0.02904949150979519,2,value_factor,0.6089638471603394,quality_factor,0.1999809890985489,volatility_factor,0.09770633280277252
2020-11-10,688981.SH,tucker,"(3, 2, 2)",cn_a,INDUSTRY_C39,-0.06334609893068457,-0.061557872544262815,-0.06334609893068457,0.02904949150979519,1,quality_factor,0.7941839694976807,value_factor,0.10725990682840347,volatility_factor,0.07394992560148239
2020-11-10,002841.SZ,tucker,"(3, 2, 2)",cn_a,INDUSTRY_C39,-0.08307504633552802,-0.08072988234882447,-0.08307504633552802,0.02904949150979519,2,value_factor,0.6422271728515625,quality_factor,0.16125047206878662,momentum_factor,0.0989365428686142
2020-11-10,300037.SZ,tucker,"(3, 2, 2)",cn_a,INDUSTRY_C39,-0.08968559980894066,-0.08715382344437081,-0.08968559980894066,0.02904949150979519,1,value_factor,0.5640298128128052,quality_factor,0.308408260345459,momentum_factor,0.09131984412670135
2020-11-10,688027.SH,tucker,"(3, 2, 2)",cn_a,INDUSTRY_C39,-0.10649983306967621,-0.10349339992131296,-0.10649983306967621,0.02904949150979519,1,quality_factor,0.5440874099731445,value_factor,0.37857770919799805,momentum_factor,0.06461206823587418
2020-11-10,002156.SZ,tucker,"(3, 2, 2)",cn_a,INDUSTRY_C39,-0.1219427547176371,-0.11850037617657422,-0.1219427547176371,0.02904949150979519,2,quality_factor,0.737423300743103,value_factor,0.1473880261182785,volatility_factor,0.09937770664691925
2020-11-10,603486.SH,tucker,"(3, 2, 2)",cn_a,INDUSTRY_C39,-0.12482669600001753,-0.1213029053438426,-0.12482669600001753,0.02904949150979519,1,value_factor,0.4770607054233551,quality_factor,0.43219152092933655,momentum_factor,0.07892555743455887
2020-11-10,300857.SZ,tucker,"(3, 2, 2)",cn_a,INDUSTRY_C39,-0.12613265907692164,-0.12257200178375982,-0.12613265907692164,0.02904949150979519,1,value_factor,0.480668306350708,quality_factor,0.42705678939819336,momentum_factor,0.0794396921992302
2020-11-10,603659.SH,tucker,"(3, 2, 2)",cn_a,INDUSTRY_C39,-0.12806265129887334,-0.1244475113607635,-0.12806265129887334,0.02904949150979519,1,value_factor,0.7505881786346436,momentum_factor,0.11790695786476135,volatility_factor,0.08862517774105072
2020-11-10,300627.SZ,tucker,"(3, 2, 2)",cn_a,INDUSTRY_C39,-0.1371621057845026,-0.1332900931282945,-0.1371621057845026,0.02904949150979519,1,value_factor,0.6343716382980347,quality_factor,0.20829080045223236,momentum_factor,0.1013445183634758
2020-11-10,300136.SZ,tucker,"(3, 2, 2)",cn_a,INDUSTRY_C39,-0.13936539610838003,-0.1354311857484362,-0.13936539610838003,0.02904949150979519,1,value_factor,0.7390894889831543,momentum_factor,0.11626822501420975,volatility_factor,0.08539648354053497
2020-11-10,002185.SZ,tucker,"(3, 2, 2)",cn_a,INDUSTRY_C39,-0.1492947917758991,-0.14508027990357156,-0.1492947917758991,0.02904949150979519,2,quality_factor,0.8269997835159302,volatility_factor,0.09965626895427704,value_factor,0.07045634090900421
2020-11-10,300373.SZ,tucker,"(3, 2, 2)",cn_a,INDUSTRY_C39,-0.15737782121170413,-0.15293512975510343,-0.15737782121170413,0.02904949150979519,1,value_factor,0.4879883825778961,quality_factor,0.4166381359100342,momentum_factor,0.08048290759325027
2020-11-10,600118.SH,tucker,"(3, 2, 2)",cn_a,INDUSTRY_C39,-0.16552700208566334,-0.16085426362518188,-0.16552700208566334,0.02904949150979519,2,quality_factor,0.6705455780029297,value_factor,0.24138927459716797,momentum_factor,0.04438360780477524
2020-11-10,300458.SZ,tucker,"(3, 2, 2)",cn_a,INDUSTRY_C39,-0.176691562877779,-0.17170365485613615,-0.176691562877779,0.02904949150979519,1,quality_factor,0.7772244811058044,value_factor,0.12565846741199493,volatility_factor,0.06979800760746002
2020-11-10,603019.SH,tucker,"(3, 2, 2)",cn_a,INDUSTRY_C39,-0.17724652548996772,-0.1722429511715308,-0.17724652548996772,0.02904949150979519,1,value_factor,0.5032898783683777,quality_factor,0.39485952258110046,momentum_factor,0.08266357332468033
2020-11-10,300623.SZ,tucker,"(3, 2, 2)",cn_a,INDUSTRY_C39,-0.19067751152558013,-0.1852947876773383,-0.19067751152558013,0.02904949150979519,1,value_factor,0.5533215999603271,quality_factor,0.3236493468284607,momentum_factor,0.08979377150535583
2020-11-10,688002.SH,tucker,"(3, 2, 2)",cn_a,INDUSTRY_C39,-0.2162461038037333,-0.21014159231351712,-0.2162461038037333,0.02904949150979519,1,value_factor,0.5276898145675659,quality_factor,0.36013099551200867,momentum_factor,0.08614090085029602
2020-11-10,300390.SZ,tucker,"(3, 2, 2)",cn_a,INDUSTRY_C39,-0.22985251065712373,-0.22336389760153338,-0.22985251065712373,0.02904949150979519,1,value_factor,0.5337420701980591,quality_factor,0.35151687264442444,momentum_factor,0.0870034247636795
2020-11-10,600435.SH,tucker,"(3, 2, 2)",cn_a,INDUSTRY_C39,-0.2482671849724537,-0.24125873554076593,-0.2482671849724537,0.02904949150979519,2,quality_factor,0.8264850378036499,volatility_factor,0.0996546745300293,value_factor,0.07089842110872269
2020-11-10,688008.SH,tucker,"(3, 2, 2)",cn_a,INDUSTRY_C39,-0.2517564691365979,-0.2446495190850239,-0.2517564691365979,0.02904949150979519,1,value_factor,0.5344808101654053,quality_factor,0.35046544671058655,momentum_factor,0.08710870891809464
2020-11-10,300115.SZ,tucker,"(3, 2, 2)",cn_a,INDUSTRY_C39,-0.2658006652607168,-0.25829725508753826,-0.2658006652607168,0.02904949150979519,2,quality_factor,0.8334881663322449,volatility_factor,0.0835721418261528,value_factor,0.06462066620588303
2020-11-10,600562.SH,tucker,"(3, 2, 2)",cn_a,INDUSTRY_C39,-0.2878439786449099,-0.2797182975615541,-0.2878439786449099,0.02904949150979519,2,quality_factor,0.8535728454589844,volatility_factor,0.08848915994167328,value_factor,0.04283171892166138
2020-11-10,300474.SZ,tucker,"(3, 2, 2)",cn_a,INDUSTRY_C39,-0.29168525063886613,-0.28345113250803666,-0.29168525063886613,0.02904949150979519,1,quality_factor,0.5327976942062378,value_factor,0.39082542061805725,momentum_factor,0.06641799956560135
2020-11-10,002414.SZ,tucker,"(3, 2, 2)",cn_a,INDUSTRY_C39,-0.3079179802219555,-0.29922562084416476,-0.3079179802219555,0.02904949150979519,1,value_factor,0.5145266652107239,quality_factor,0.3788661062717438,momentum_factor,0.08426497131586075
2020-11-10,688019.SH,tucker,"(3, 2, 2)",cn_a,INDUSTRY_C39,-0.3386093369014056,-0.32905057699105283,-0.3386093369014056,0.02904949150979519,1,value_factor,0.49331793189048767,quality_factor,0.4090525507926941,momentum_factor,0.08124243468046188
2020-11-10,603290.SH,tucker,"(3, 2, 2)",cn_a,INDUSTRY_C39,-0.35678579162757373,-0.3467139201523162,-0.35678579162757373,0.02904949150979519,1,value_factor,0.572953462600708,quality_factor,0.29570719599723816,momentum_factor,0.09259159117937088
2020-11-10,603501.SH,tucker,"(3, 2, 2)",cn_a,INDUSTRY_C39,-0.38142458418150416,-0.37065717281163174,-0.38142458418150416,0.02904949150979519,1,quality_factor,0.46026068925857544,value_factor,0.45733949542045593,momentum_factor,0.07611501961946487
2020-11-10,300346.SZ,tucker,"(3, 2, 2)",cn_a,INDUSTRY_C39,-0.3863093961703676,-0.3754040891788445,-0.3863093961703676,0.02904949150979519,1,value_factor,0.4596801698207855,quality_factor,0.45692914724349976,momentum_factor,0.07644859701395035
2020-11-10,300223.SZ,tucker,"(3, 2, 2)",cn_a,INDUSTRY_C39,-0.4405542772791949,-0.4281176663973839,-0.4405542772791949,0.02904949150979519,1,quality_factor,0.5093637108802795,value_factor,0.41624781489372253,momentum_factor,0.07016653567552567
2020-11-11,600707.SH,tucker,"(3, 2, 2)",cn_a,INDUSTRY_C39,1.201597472691438,1.1530030438950376,1.201597472691438,0.042146001011133194,0,quality_factor,0.49677589535713196,value_factor,0.42990371584892273,momentum_factor,0.07218009978532791
2020-11-11,600601.SH,tucker,"(3, 2, 2)",cn_a,INDUSTRY_C39,0.8898756474295094,0.8538877232124213,0.8898756474295094,0.042146001011133194,2,quality_factor,0.7122247219085693,value_factor,0.19617357850074768,volatility_factor,0.053885165601968765
2020-11-11,600060.SH,tucker,"(3, 2, 2)",cn_a,INDUSTRY_C39,0.8421768387065112,0.8081179268391004,0.8421768387065112,0.042146001011133194,1,value_factor,0.5755370855331421,quality_factor,0.2920299470424652,momentum_factor,0.09295978397130966
2020-11-11,002429.SZ,tucker,"(3, 2, 2)",cn_a,INDUSTRY_C39,0.763972011625924,0.7330758218742565,0.763972011625924,0.042146001011133194,0,quality_factor,0.5436477065086365,value_factor,0.3790547549724579,momentum_factor,0.06468240916728973
2020-11-11,600699.SH,tucker,"(3, 2, 2)",cn_a,INDUSTRY_C39,0.7339545338283878,0.7042722965197232,0.7339545338283878,0.042146001011133194,0,value_factor,0.517888069152832,quality_factor,0.3740818500518799,momentum_factor,0.08474401384592056
2020-11-11,002130.SZ,tucker,"(3, 2, 2)",cn_a,INDUSTRY_C39,0.5526736226569693,0.5303226610294481,0.5526736226569693,0.042146001011133194,0,value_factor,0.5784398317337036,quality_factor,0.287898451089859,momentum_factor,0.09337346255779266
2020-11-11,600363.SH,tucker,"(3, 2, 2)",cn_a,INDUSTRY_C39,0.5049596294378277,0.4845382942440955,0.5049596294378277,0.042146001011133194,0,value_factor,0.5448294281959534,quality_factor,0.33573615550994873,momentum_factor,0.08858352899551392
2020-11-11,002583.SZ,tucker,"(3, 2, 2)",cn_a,INDUSTRY_C39,0.4654277001801433,0.44660509631296263,0.4654277001801433,0.042146001011133194,0,value_factor,0.5198039412498474,quality_factor,0.37135496735572815,momentum_factor,0.08501705527305603
2020-11-11,603920.SH,tucker,"(3, 2, 2)",cn_a,INDUSTRY_C39,0.4430064897916476,0.4250906337635019,0.4430064897916476,0.042146001011133194,0,quality_factor,0.5780409574508667,value_factor,0.3417431712150574,momentum_factor,0.05918080732226372
2020-11-11,600884.SH,tucker,"(3, 2, 2)",cn_a,INDUSTRY_C39,0.4178704861871212,0.40097116836344615,0.4178704861871212,0.042146001011133194,2,value_factor,0.7655859589576721,momentum_factor,0.11965899169445038,volatility_factor,0.09713920950889587
2020-11-11,300073.SZ,tucker,"(3, 2, 2)",cn_a,INDUSTRY_C39,0.4065636387660118,0.3901215870438426,0.4065636387660118,0.042146001011133194,2,quality_factor,0.884745717048645,volatility_factor,0.09612070024013519,momentum_factor,0.010119782760739326
2020-11-11,600563.SH,tucker,"(3, 2, 2)",cn_a,INDUSTRY_C39,0.3765174863887841,0.36129054675321953,0.3765174863887841,0.042146001011133194,2,quality_factor,0.783253014087677,value_factor,0.11911838501691818,volatility_factor,0.07127387821674347
2020-11-11,601231.SH,tucker,"(3, 2, 2)",cn_a,INDUSTRY_C39,0.30761736406991663,0.29517685014194617,0.30761736406991663,0.042146001011133194,0,quality_factor,0.617634654045105,value_factor,0.2987898290157318,momentum_factor,0.05284733325242996
2020-11-11,600498.SH,tucker,"(3, 2, 2)",cn_a,INDUSTRY_C39,0.29475686108659926,0.2828364454533671,0.29475686108659926,0.042146001011133194,2,value_factor,0.6206656694412231,quality_factor,0.22779837250709534,momentum_factor,0.09939123690128326
2020-11-11,002152.SZ,tucker,"(3, 2, 2)",cn_a,INDUSTRY_C39,0.29034900953884796,0.27860685412424174,0.29034900953884796,0.042146001011133194,0,value_factor,0.5556681752204895,quality_factor,0.32030946016311646,momentum_factor,0.09012819081544876
2020-11-11,603228.SH,tucker,"(3, 2, 2)",cn_a,INDUSTRY_C39,0.28281593827286694,0.2713784317141151,0.28281593827286694,0.042146001011133194,2,quality_factor,0.7242962121963501,value_factor,0.18307781219482422,volatility_factor,0.056840430945158005
2020-11-11,002025.SZ,tucker,"(3, 2, 2)",cn_a,INDUSTRY_C39,0.23028327865591655,0.22097027272675027,0.23028327865591655,0.042146001011133194,0,quality_factor,0.6929711103439331,value_factor,0.21706095337867737,volatility_factor,0.04917159676551819
2020-11-11,002273.SZ,tucker,"(3, 2, 2)",cn_a,INDUSTRY_C39,0.2193047595601904,0.21043574163583595,0.2193047595601904,0.042146001011133194,0,quality_factor,0.4949086010456085,value_factor,0.43192946910858154,momentum_factor,0.07247880846261978
2020-11-11,002465.SZ,tucker,"(3, 2, 2)",cn_a,INDUSTRY_C39,0.13546277521035097,0.12998445461287364,0.13546277521035097,0.042146001011133194,2,value_factor,0.7207546830177307,momentum_factor,0.11212798953056335,volatility_factor,0.09730154275894165
2020-11-11,300570.SZ,tucker,"(3, 2, 2)",cn_a,INDUSTRY_C39,0.11079802438518743,0.10631718381325453,0.11079802438518743,0.042146001011133194,1,quality_factor,0.6503639221191406,value_factor,0.2632834017276764,momentum_factor,0.04761189594864845
2020-11-11,002138.SZ,tucker,"(3, 2, 2)",cn_a,INDUSTRY_C39,0.10685999893626519,0.10253841810116199,0.10685999893626519,0.042146001011133194,0,value_factor,0.541824221611023,quality_factor,0.3400135040283203,momentum_factor,0.08815524727106094
2020-11-11,600171.SH,tucker,"(3, 2, 2)",cn_a,INDUSTRY_C39,0.09363367237708553,0.08984698429835469,0.09363367237708553,0.042146001011133194,2,value_factor,0.7041622996330261,momentum_factor,0.10934071987867355,volatility_factor,0.09736162424087524
2020-11-11,300054.SZ,tucker,"(3, 2, 2)",cn_a,INDUSTRY_C39,0.08988415794457885,0.08624910593054728,0.08988415794457885,0.042146001011133194,1,value_factor,0.6183571815490723,quality_factor,0.2310841977596283,momentum_factor,0.0990622341632843
2020-11-11,300735.SZ,tucker,"(3, 2, 2)",cn_a,INDUSTRY_C39,0.046537317880302694,0.04465527798632353,0.046537317880302694,0.042146001011133194,1,quality_factor,0.4691067039966583,value_factor,0.3778284788131714,volatility_factor,0.09854327887296677
2020-11-11,600764.SH,tucker,"(3, 2, 2)",cn_a,INDUSTRY_C39,0.032244657041697836,0.030940634083687246,0.032244657041697836,0.042146001011133194,1,value_factor,0.6917279958724976,quality_factor,0.12665550410747528,momentum_factor,0.10951856523752213
2020-11-11,605358.SH,tucker,"(3, 2, 2)",cn_a,INDUSTRY_C39,0.027625793027204287,0.026508563952814156,0.027625793027204287,0.042146001011133194,1,value_factor,0.5998808741569519,quality_factor,0.25738149881362915,momentum_factor,0.09642911702394485
2020-11-11,002402.SZ,tucker,"(3, 2, 2)",cn_a,INDUSTRY_C39,0.018773288525126924,0.018014068192826152,0.018773288525126924,0.042146001011133194,1,quality_factor,0.42126625776290894,value_factor,0.41891565918922424,volatility_factor,0.0983944982290268
2020-11-11,300679.SZ,tucker,"(3, 2, 2)",cn_a,INDUSTRY_C39,-0.0036581229766867217,-0.003510182921419372,-0.0036581229766867217,0.042146001011133194,2,value_factor,0.4928973317146301,quality_factor,0.33512476086616516,volatility_factor,0.098126620054245
2020-11-11,300919.SZ,tucker,"(3, 2, 2)",cn_a,INDUSTRY_C39,-0.00620668596456987,-0.005955678147042311,-0.00620668596456987,0.042146001011133194,1,quality_factor,0.4211152195930481,value_factor,0.41904541850090027,volatility_factor,0.09839403629302979
2020-11-11,688608.SH,tucker,"(3, 2, 2)",cn_a,INDUSTRY_C39,-0.00620668596456987,-0.005955678147042311,-0.00620668596456987,0.042146001011133194,1,quality_factor,0.4211152195930481,value_factor,0.41904541850090027,volatility_factor,0.09839403629302979
2020-11-11,689009.SH,tucker,"(3, 2, 2)",cn_a,INDUSTRY_C39,-0.00620668596456987,-0.005955678147042311,-0.00620668596456987,0.042146001011133194,1,quality_factor,0.4211152195930481,value_factor,0.41904541850090027,volatility_factor,0.09839403629302979
2020-11-11,688100.SH,tucker,"(3, 2, 2)",cn_a,INDUSTRY_C39,-0.019419383668861864,-0.018634034266575946,-0.019419383668861864,0.042146001011133194,1,value_factor,0.69466632604599,momentum_factor,0.10774554312229156,quality_factor,0.1001921147108078
2020-11-11,002436.SZ,tucker,"(3, 2, 2)",cn_a,INDUSTRY_C39,-0.022277048983527115,-0.021376131250903086,-0.022277048983527115,0.042146001011133194,1,value_factor,0.6162078976631165,quality_factor,0.19154629111289978,volatility_factor,0.09768010675907135
2020-11-11,002281.SZ,tucker,"(3, 2, 2)",cn_a,INDUSTRY_C39,-0.03507788031182286,-0.03365927749691892,-0.03507788031182286,0.042146001011133194,1,quality_factor,0.5316318273544312,value_factor,0.32412955164909363,volatility_factor,0.09873771667480469
2020-11-11,688981.SH,tucker,"(3, 2, 2)",cn_a,INDUSTRY_C39,-0.04888645700233919,-0.04690941435045397,-0.04888645700233919,0.042146001011133194,1,quality_factor,0.8657814264297485,volatility_factor,0.0990811213850975,value_factor,0.03155423700809479
2020-11-11,603160.SH,tucker,"(3, 2, 2)",cn_a,INDUSTRY_C39,-0.05272602810856324,-0.050593707363164556,-0.05272602810856324,0.042146001011133194,2,value_factor,0.5937044620513916,quality_factor,0.2177485078573227,volatility_factor,0.09776158630847931
2020-11-11,002841.SZ,tucker,"(3, 2, 2)",cn_a,INDUSTRY_C39,-0.06667340867234389,-0.06397703465028108,-0.06667340867234389,0.042146001011133194,2,value_factor,0.6132022142410278,quality_factor,0.19504599273204803,volatility_factor,0.09769099205732346
2020-11-11,300037.SZ,tucker,"(3, 2, 2)",cn_a,INDUSTRY_C39,-0.07169606430721348,-0.06879656645444653,-0.07169606430721348,0.042146001011133194,1,value_factor,0.5861139297485352,quality_factor,0.2769760191440582,momentum_factor,0.09446713328361511
2020-11-11,688027.SH,tucker,"(3, 2, 2)",cn_a,INDUSTRY_C39,-0.09199530071279167,-0.08827487087527056,-0.09199530071279167,0.042146001011133194,1,quality_factor,0.5620534420013428,value_factor,0.3590872883796692,momentum_factor,0.06173820421099663
2020-11-11,300857.SZ,tucker,"(3, 2, 2)",cn_a,INDUSTRY_C39,-0.10932360172462467,-0.10490238904690999,-0.10932360172462467,0.042146001011133194,1,value_factor,0.4819451570510864,quality_factor,0.4252394735813141,momentum_factor,0.07962166517972946
2020-11-11,002156.SZ,tucker,"(3, 2, 2)",cn_a,INDUSTRY_C39,-0.10979193075955072,-0.10535177814358032,-0.10979193075955072,0.042146001011133194,2,quality_factor,0.6856672763824463,value_factor,0.1918381005525589,volatility_factor,0.0992167517542839
2020-11-11,603486.SH,tucker,"(3, 2, 2)",cn_a,INDUSTRY_C39,-0.11159122868237377,-0.10707830972261413,-0.11159122868237377,0.042146001011133194,1,value_factor,0.4774903953075409,quality_factor,0.4315798878669739,momentum_factor,0.07898679375648499
2020-11-11,603659.SH,tucker,"(3, 2, 2)",cn_a,INDUSTRY_C39,-0.11801994994349456,-0.11324704372121538,-0.11801994994349456,0.042146001011133194,1,value_factor,0.7705066204071045,momentum_factor,0.12074559926986694,volatility_factor,0.09421800076961517
2020-11-11,300627.SZ,tucker,"(3, 2, 2)",cn_a,INDUSTRY_C39,-0.1217076992600165,-0.11678565484824088,-0.1217076992600165,0.042146001011133194,1,value_factor,0.6535568833351135,quality_factor,0.18098437786102295,momentum_factor,0.10407867282629013
2020-11-11,300136.SZ,tucker,"(3, 2, 2)",cn_a,INDUSTRY_C39,-0.12389973604664259,-0.11888904233427533,-0.12389973604664259,0.042146001011133194,1,value_factor,0.7658682465553284,momentum_factor,0.12008457630872726,volatility_factor,0.0929156243801117
2020-11-11,002185.SZ,tucker,"(3, 2, 2)",cn_a,INDUSTRY_C39,-0.13673105065300473,-0.13120143906824344,-0.13673105065300473,0.042146001011133194,2,quality_factor,0.7710745334625244,value_factor,0.11848706752061844,volatility_factor,0.09948235005140305
2020-11-11,300373.SZ,tucker,"(3, 2, 2)",cn_a,INDUSTRY_C39,-0.14119310883371972,-0.13548304483167556,-0.14119310883371972,0.042146001011133194,1,value_factor,0.4898280203342438,quality_factor,0.41401970386505127,momentum_factor,0.08074507862329483
2020-11-11,300458.SZ,tucker,"(3, 2, 2)",cn_a,INDUSTRY_C39,-0.16148528041620752,-0.1549545701415969,-0.16148528041620752,0.042146001011133194,1,quality_factor,0.8201439380645752,volatility_factor,0.0803053006529808,value_factor,0.07909715920686722
2020-11-11,600118.SH,tucker,"(3, 2, 2)",cn_a,INDUSTRY_C39,-0.16569651706739638,-0.15899549797952517,-0.16569651706739638,0.042146001011133194,2,quality_factor,0.6751060485839844,value_factor,0.23644179105758667,volatility_factor,0.044798001646995544
2020-11-11,603019.SH,tucker,"(3, 2, 2)",cn_a,INDUSTRY_C39,-0.1691880301831064,-0.16234580899607212,-0.1691880301831064,0.042146001011133194,1,value_factor,0.5049380660057068,quality_factor,0.392513632774353,momentum_factor,0.08289846777915955
2020-11-11,300623.SZ,tucker,"(3, 2, 2)",cn_a,INDUSTRY_C39,-0.17627139179686396,-0.16914270869608422,-0.17627139179686396,0.042146001011133194,1,value_factor,0.5604895353317261,quality_factor,0.3134472072124481,momentum_factor,0.09081529825925827
2020-11-11,688002.SH,tucker,"(3, 2, 2)",cn_a,INDUSTRY_C39,-0.2070251741885564,-0.1986527613674522,-0.2070251741885564,0.042146001011133194,1,value_factor,0.5306438207626343,quality_factor,0.3559266924858093,momentum_factor,0.0865618884563446
2020-11-11,300390.SZ,tucker,"(3, 2, 2)",cn_a,INDUSTRY_C39,-0.21688638146674005,-0.20811516642957187,-0.21688638146674005,0.042146001011133194,1,value_factor,0.5379396677017212,quality_factor,0.34554240107536316,momentum_factor,0.08760163933038712
2020-11-11,600435.SH,tucker,"(3, 2, 2)",cn_a,INDUSTRY_C39,-0.24429014527454387,-0.23441068036220833,-0.24429014527454387,0.042146001011133194,2,quality_factor,0.8074725866317749,volatility_factor,0.09959553927183151,value_factor,0.087227001786232
2020-11-11,688008.SH,tucker,"(3, 2, 2)",cn_a,INDUSTRY_C39,-0.2462980012175565,-0.23633733555798767,-0.2462980012175565,0.042146001011133194,1,value_factor,0.5364605784416199,quality_factor,0.3476475775241852,momentum_factor,0.08739085495471954
2020-11-11,300115.SZ,tucker,"(3, 2, 2)",cn_a,INDUSTRY_C39,-0.2534642048748381,-0.24321372704332433,-0.2534642048748381,0.042146001011133194,2,quality_factor,0.8638975620269775,volatility_factor,0.09101678431034088,value_factor,0.031630989164114
2020-11-11,600562.SH,tucker,"(3, 2, 2)",cn_a,INDUSTRY_C39,-0.2793390810237098,-0.2680421838585937,-0.2793390810237098,0.042146001011133194,2,quality_factor,0.8769909143447876,volatility_factor,0.09422222524881363,value_factor,0.017426639795303345
2020-11-11,300474.SZ,tucker,"(3, 2, 2)",cn_a,INDUSTRY_C39,-0.2811649862315487,-0.26979424668358154,-0.2811649862315487,0.042146001011133194,1,quality_factor,0.5381086468696594,value_factor,0.3850637972354889,momentum_factor,0.06556844711303711
2020-11-11,002414.SZ,tucker,"(3, 2, 2)",cn_a,INDUSTRY_C39,-0.29928663531767086,-0.28718302872711876,-0.29928663531767086,0.042146001011133194,1,value_factor,0.5160660147666931,quality_factor,0.37667518854141235,momentum_factor,0.08448434621095657
2020-11-11,688019.SH,tucker,"(3, 2, 2)",cn_a,INDUSTRY_C39,-0.33258362699593225,-0.3191334394346168,-0.33258362699593225,0.042146001011133194,1,value_factor,0.49367454648017883,quality_factor,0.4085449278354645,momentum_factor,0.0812932625412941
2020-11-11,603290.SH,tucker,"(3, 2, 2)",cn_a,INDUSTRY_C39,-0.3530162037425112,-0.33873969171031065,-0.3530162037425112,0.042146001011133194,1,value_factor,0.5751705169677734,quality_factor,0.29255175590515137,momentum_factor,0.09290755540132523
2020-11-11,603501.SH,tucker,"(3, 2, 2)",cn_a,INDUSTRY_C39,-0.3786291675327952,-0.3633168283010052,-0.3786291675327952,0.042146001011133194,1,quality_factor,0.4614109694957733,value_factor,0.4565313160419464,momentum_factor,0.07599984109401703
2020-11-11,300346.SZ,tucker,"(3, 2, 2)",cn_a,INDUSTRY_C39,-0.3799789597088526,-0.3646120328291355,-0.3799789597088526,0.042146001011133194,1,value_factor,0.4588295519351959,quality_factor,0.45813989639282227,momentum_factor,0.0763273760676384
2020-11-11,300223.SZ,tucker,"(3, 2, 2)",cn_a,INDUSTRY_C39,-0.4363484702223637,-0.4187018746289624,-0.4363484702223637,0.042146001011133194,1,quality_factor,0.5115811228752136,value_factor,0.41384223103523254,momentum_factor,0.06981183588504791
2020-11-12,600707.SH,tucker,"(3, 2, 2)",cn_a,INDUSTRY_C39,1.1562060854118263,1.1405848226599398,1.1562060854118263,0.013695823028683662,0,quality_factor,0.4968033730983734,value_factor,0.42987391352653503,momentum_factor,0.07217571139335632
2020-11-12,600601.SH,tucker,"(3, 2, 2)",cn_a,INDUSTRY_C39,0.8575888722946753,0.8460021653258761,0.8575888722946753,0.013695823028683662,2,quality_factor,0.7114177346229553,value_factor,0.19704902172088623,volatility_factor,0.05368760973215103
2020-11-12,600060.SH,tucker,"(3, 2, 2)",cn_a,INDUSTRY_C39,0.8057935832518309,0.7949066717863221,0.8057935832518309,0.013695823028683662,1,value_factor,0.5758392214775085,quality_factor,0.29159998893737793,momentum_factor,0.09300284087657928
2020-11-12,002429.SZ,tucker,"(3, 2, 2)",cn_a,INDUSTRY_C39,0.7385692996531381,0.7285906416648011,0.7385692996531381,0.013695823028683662,0,quality_factor,0.5431437492370605,value_factor,0.37960147857666016,momentum_factor,0.06476302444934845
2020-11-12,600699.SH,tucker,"(3, 2, 2)",cn_a,INDUSTRY_C39,0.7071443904247114,0.6975903079252992,0.7071443904247114,0.013695823028683662,0,value_factor,0.5176754593849182,quality_factor,0.37438449263572693,momentum_factor,0.08471371978521347
2020-11-12,002130.SZ,tucker,"(3, 2, 2)",cn_a,INDUSTRY_C39,0.5350050215216605,0.5277766786507685,0.5350050215216605,0.013695823028683662,0,value_factor,0.5776347517967224,quality_factor,0.28904440999031067,momentum_factor,0.09325873851776123
2020-11-12,600363.SH,tucker,"(3, 2, 2)",cn_a,INDUSTRY_C39,0.48587891815950407,0.4793143079728447,0.48587891815950407,0.013695823028683662,0,value_factor,0.544640302658081,quality_factor,0.33600544929504395,momentum_factor,0.08855657279491425
2020-11-12,002583.SZ,tucker,"(3, 2, 2)",cn_a,INDUSTRY_C39,0.4525583218748653,0.4464438994152723,0.4525583218748653,0.013695823028683662,0,value_factor,0.5191617608070374,quality_factor,0.37226900458335876,momentum_factor,0.08492553234100342
2020-11-12,603920.SH,tucker,"(3, 2, 2)",cn_a,INDUSTRY_C39,0.4274459767337765,0.4216708420073261,0.4274459767337765,0.013695823028683662,0,quality_factor,0.5775611400604248,value_factor,0.34226369857788086,momentum_factor,0.05925756320357323
2020-11-12,600884.SH,tucker,"(3, 2, 2)",cn_a,INDUSTRY_C39,0.4037421523337832,0.398287275106276,0.4037421523337832,0.013695823028683662,2,value_factor,0.7670589089393616,momentum_factor,0.11990642547607422,volatility_factor,0.09713386744260788
2020-11-12,300073.SZ,tucker,"(3, 2, 2)",cn_a,INDUSTRY_C39,0.3955516036007955,0.3902073871935819,0.3955516036007955,0.013695823028683662,2,quality_factor,0.8784896731376648,volatility_factor,0.09458913654088974,value_factor,0.01580069772899151
2020-11-12,600563.SH,tucker,"(3, 2, 2)",cn_a,INDUSTRY_C39,0.3640618206183762,0.35914305619604214,0.3640618206183762,0.013695823028683662,2,quality_factor,0.7809338569641113,value_factor,0.12163439393043518,volatility_factor,0.07070609927177429
2020-11-12,601231.SH,tucker,"(3, 2, 2)",cn_a,INDUSTRY_C39,0.2979643146958425,0.2939385800891165,0.2979643146958425,0.013695823028683662,0,quality_factor,0.6162781715393066,value_factor,0.30026131868362427,momentum_factor,0.05306429788470268
2020-11-12,600498.SH,tucker,"(3, 2, 2)",cn_a,INDUSTRY_C39,0.28300236254114486,0.27917877579442296,0.28300236254114486,0.013695823028683662,2,value_factor,0.6206664443016052,quality_factor,0.22779737412929535,momentum_factor,0.09939133375883102
2020-11-12,002152.SZ,tucker,"(3, 2, 2)",cn_a,INDUSTRY_C39,0.2825922885262787,0.2787742422052774,0.2825922885262787,0.013695823028683662,0,value_factor,0.5545836091041565,quality_factor,0.32185298204421997,momentum_factor,0.08997363597154617
2020-11-12,603228.SH,tucker,"(3, 2, 2)",cn_a,INDUSTRY_C39,0.27363160464946223,0.2699346242863749,0.27363160464946223,0.013695823028683662,2,quality_factor,0.7222574353218079,value_factor,0.18528962135314941,volatility_factor,0.05634130537509918
2020-11-12,002025.SZ,tucker,"(3, 2, 2)",cn_a,INDUSTRY_C39,0.22526524253747432,0.22222173015076002,0.22526524253747432,0.013695823028683662,0,quality_factor,0.6883292198181152,value_factor,0.22209669649600983,volatility_factor,0.048035211861133575
2020-11-12,002273.SZ,tucker,"(3, 2, 2)",cn_a,INDUSTRY_C39,0.2137803168207467,0.21089197490456577,0.2137803168207467,0.013695823028683662,0,quality_factor,0.49435415863990784,value_factor,0.43253093957901,momentum_factor,0.07256748527288437
2020-11-12,002465.SZ,tucker,"(3, 2, 2)",cn_a,INDUSTRY_C39,0.13329252078296835,0.1314916329340946,0.13329252078296835,0.013695823028683662,2,value_factor,0.7258137464523315,momentum_factor,0.11297784000635147,volatility_factor,0.09728322923183441
2020-11-12,300570.SZ,tucker,"(3, 2, 2)",cn_a,INDUSTRY_C39,0.1104290342392489,0.10893705025728088,0.1104290342392489,0.013695823028683662,1,quality_factor,0.6427115201950073,value_factor,0.2715851664543152,momentum_factor,0.04883599653840065
2020-11-12,002138.SZ,tucker,"(3, 2, 2)",cn_a,INDUSTRY_C39,0.10569797640895623,0.10426991277682364,0.10569797640895623,0.013695823028683662,0,value_factor,0.5398440361022949,quality_factor,0.3428318500518799,momentum_factor,0.08787304908037186
2020-11-12,600171.SH,tucker,"(3, 2, 2)",cn_a,INDUSTRY_C39,0.09057847319041012,0.08935468605831928,0.09057847319041012,0.013695823028683662,2,value_factor,0.7055439352989197,momentum_factor,0.10957281291484833,volatility_factor,0.09735661745071411
2020-11-12,300054.SZ,tucker,"(3, 2, 2)",cn_a,INDUSTRY_C39,0.09040961510546695,0.08918810938025155,0.09040961510546695,0.013695823028683662,1,value_factor,0.6126208305358887,quality_factor,0.23924872279167175,momentum_factor,0.09824472665786743
2020-11-12,300735.SZ,tucker,"(3, 2, 2)",cn_a,INDUSTRY_C39,0.04830513601449374,0.0476524952513384,0.04830513601449374,0.013695823028683662,1,quality_factor,0.4809872806072235,value_factor,0.36762499809265137,volatility_factor,0.09858022630214691
2020-11-12,600764.SH,tucker,"(3, 2, 2)",cn_a,INDUSTRY_C39,0.03256621546883059,0.032126220025897115,0.03256621546883059,0.013695823028683662,1,value_factor,0.6832301020622253,quality_factor,0.13875050842761993,momentum_factor,0.10830750316381454
2020-11-12,605358.SH,tucker,"(3, 2, 2)",cn_a,INDUSTRY_C39,0.028941679249855422,0.028550654170721904,0.028941679249855422,0.013695823028683662,1,value_factor,0.5904035568237305,quality_factor,0.2708706557750702,momentum_factor,0.09507846087217331
2020-11-12,002402.SZ,tucker,"(3, 2, 2)",cn_a,INDUSTRY_C39,0.021016999767841105,0.020733043404203004,0.021016999767841105,0.013695823028683662,1,quality_factor,0.43730172514915466,value_factor,0.4051438271999359,volatility_factor,0.09844435751438141
2020-11-12,300679.SZ,tucker,"(3, 2, 2)",cn_a,INDUSTRY_C39,0.0003239978038238615,0.00031962033609693463,0.0003239978038238615,0.013695823028683662,2,value_factor,0.5006534457206726,quality_factor,0.32609376311302185,volatility_factor,0.098098523914814
2020-11-12,300919.SZ,tucker,"(3, 2, 2)",cn_a,INDUSTRY_C39,-0.003332604256336685,-0.0032875781252748094,-0.003332604256336685,0.013695823028683662,1,value_factor,0.45520704984664917,quality_factor,0.3790099620819092,volatility_factor,0.09826309978961945
2020-11-12,688608.SH,tucker,"(3, 2, 2)",cn_a,INDUSTRY_C39,-0.003332604256336685,-0.0032875781252748094,-0.003332604256336685,0.013695823028683662,1,value_factor,0.45520704984664917,quality_factor,0.3790099620819092,volatility_factor,0.09826309978961945
2020-11-12,689009.SH,tucker,"(3, 2, 2)",cn_a,INDUSTRY_C39,-0.003332604256336685,-0.0032875781252748094,-0.003332604256336685,0.013695823028683662,1,value_factor,0.45520704984664917,quality_factor,0.3790099620819092,volatility_factor,0.09826309978961945
2020-11-12,688100.SH,tucker,"(3, 2, 2)",cn_a,INDUSTRY_C39,-0.017633049182976625,-0.01739481268009046,-0.017633049182976625,0.013695823028683662,1,value_factor,0.6845925450325012,quality_factor,0.11192167550325394,momentum_factor,0.10605330020189285
2020-11-12,002436.SZ,tucker,"(3, 2, 2)",cn_a,INDUSTRY_C39,-0.018896941988264863,-0.018641629289490494,-0.018896941988264863,0.013695823028683662,1,value_factor,0.6030251979827881,quality_factor,0.20689578354358673,volatility_factor,0.09772783517837524
2020-11-12,002281.SZ,tucker,"(3, 2, 2)",cn_a,INDUSTRY_C39,-0.030899075879188807,-0.03048160481655609,-0.030899075879188807,0.013695823028683662,1,quality_factor,0.5138382911682129,value_factor,0.33941131830215454,volatility_factor,0.09868238121271133
2020-11-12,688981.SH,tucker,"(3, 2, 2)",cn_a,INDUSTRY_C39,-0.04413050217523845,-0.04353426403175337,-0.04413050217523845,0.013695823028683662,1,quality_factor,0.8349495530128479,volatility_factor,0.09968098998069763,value_factor,0.06362875550985336
2020-11-12,603160.SH,tucker,"(3, 2, 2)",cn_a,INDUSTRY_C39,-0.04903380407361836,-0.04837131842610018,-0.04903380407361836,0.013695823028683662,2,value_factor,0.5907996892929077,quality_factor,0.22113069891929626,volatility_factor,0.09777210652828217
2020-11-12,002841.SZ,tucker,"(3, 2, 2)",cn_a,INDUSTRY_C39,-0.060801011684015624,-0.05997954171332417,-0.060801011684015624,0.013695823028683662,2,value_factor,0.6076496243476868,quality_factor,0.20151129364967346,volatility_factor,0.09771110117435455
2020-11-12,300037.SZ,tucker,"(3, 2, 2)",cn_a,INDUSTRY_C39,-0.06531611121470748,-0.06443363866237442,-0.06531611121470748,0.013695823028683662,1,value_factor,0.591547966003418,quality_factor,0.2692417800426483,momentum_factor,0.09524155408143997
2020-11-12,688027.SH,tucker,"(3, 2, 2)",cn_a,INDUSTRY_C39,-0.08539587534976747,-0.08424210923177397,-0.08539587534976747,0.013695823028683662,1,quality_factor,0.566231906414032,value_factor,0.3545542061328888,momentum_factor,0.0610697939991951
2020-11-12,300857.SZ,tucker,"(3, 2, 2)",cn_a,INDUSTRY_C39,-0.10156019634027869,-0.1001880374040977,-0.10156019634027869,0.013695823028683662,1,value_factor,0.4822379946708679,quality_factor,0.4248226583003998,momentum_factor,0.07966339588165283
2020-11-12,002156.SZ,tucker,"(3, 2, 2)",cn_a,INDUSTRY_C39,-0.10287029664328165,-0.10148043721120918,-0.10287029664328165,0.013695823028683662,2,quality_factor,0.6760154962539673,value_factor,0.20012739300727844,volatility_factor,0.0991867333650589
2020-11-12,603486.SH,tucker,"(3, 2, 2)",cn_a,INDUSTRY_C39,-0.10439235358396858,-0.10298192995344238,-0.10439235358396858,0.013695823028683662,1,value_factor,0.47758540511131287,quality_factor,0.4314447045326233,momentum_factor,0.07900033891201019
2020-11-12,603659.SH,tucker,"(3, 2, 2)",cn_a,INDUSTRY_C39,-0.11113801798260849,-0.10963645506702165,-0.11113801798260849,0.013695823028683662,1,value_factor,0.7746052742004395,momentum_factor,0.12132970988750458,volatility_factor,0.09536885470151901
2020-11-12,300627.SZ,tucker,"(3, 2, 2)",cn_a,INDUSTRY_C39,-0.11366768778073559,-0.11213194701650166,-0.11366768778073559,0.013695823028683662,1,value_factor,0.6577159762382507,quality_factor,0.17506477236747742,momentum_factor,0.10467139631509781
2020-11-12,300136.SZ,tucker,"(3, 2, 2)",cn_a,INDUSTRY_C39,-0.11576432664648639,-0.11420025862551947,-0.11576432664648639,0.013695823028683662,1,value_factor,0.7715572118759155,momentum_factor,0.12089532613754272,volatility_factor,0.09451299160718918
2020-11-12,002185.SZ,tucker,"(3, 2, 2)",cn_a,INDUSTRY_C39,-0.12858621993474223,-0.12684891794920822,-0.12858621993474223,0.013695823028683662,2,quality_factor,0.7606562972068787,value_factor,0.1274346113204956,volatility_factor,0.09944994747638702
2020-11-12,300373.SZ,tucker,"(3, 2, 2)",cn_a,INDUSTRY_C39,-0.1321884966839296,-0.1304025250777163,-0.1321884966839296,0.013695823028683662,1,value_factor,0.49023228883743286,quality_factor,0.4134444296360016,momentum_factor,0.08080269396305084
2020-11-12,300458.SZ,tucker,"(3, 2, 2)",cn_a,INDUSTRY_C39,-0.15179781562077863,-0.14974690653727385,-0.15179781562077863,0.013695823028683662,1,quality_factor,0.8295491337776184,volatility_factor,0.08260782063007355,value_factor,0.06889393925666809
2020-11-12,600118.SH,tucker,"(3, 2, 2)",cn_a,INDUSTRY_C39,-0.1586740860133509,-0.15653027305404862,-0.1586740860133509,0.013695823028683662,2,quality_factor,0.6759878396987915,value_factor,0.2354852557182312,volatility_factor,0.04501386731863022
2020-11-12,603019.SH,tucker,"(3, 2, 2)",cn_a,INDUSTRY_C39,-0.16049489627683086,-0.15832648272434194,-0.16049489627683086,0.013695823028683662,1,value_factor,0.5052740573883057,quality_factor,0.3920353949069977,momentum_factor,0.08294635266065598
2020-11-12,300623.SZ,tucker,"(3, 2, 2)",cn_a,INDUSTRY_C39,-0.16610249332500576,-0.16385831668148879,-0.16610249332500576,0.013695823028683662,1,value_factor,0.5619968771934509,quality_factor,0.3113018572330475,momentum_factor,0.09103012084960938
2020-11-12,688002.SH,tucker,"(3, 2, 2)",cn_a,INDUSTRY_C39,-0.19650625876060424,-0.19385130309204257,-0.19650625876060424,0.013695823028683662,1,value_factor,0.5312427878379822,quality_factor,0.35507410764694214,momentum_factor,0.08664724975824356
2020-11-12,300390.SZ,tucker,"(3, 2, 2)",cn_a,INDUSTRY_C39,-0.2052548594465523,-0.20248170323247297,-0.2052548594465523,0.013695823028683662,1,value_factor,0.5388043522834778,quality_factor,0.3443116247653961,momentum_factor,0.08772486448287964
2020-11-12,600435.SH,tucker,"(3, 2, 2)",cn_a,INDUSTRY_C39,-0.23315488676655216,-0.23000477901844307,-0.23315488676655216,0.013695823028683662,2,quality_factor,0.8038969039916992,volatility_factor,0.0995844230055809,value_factor,0.09029792994260788
2020-11-12,688008.SH,tucker,"(3, 2, 2)",cn_a,INDUSTRY_C39,-0.2348032236296379,-0.2316308455410015,-0.2348032236296379,0.013695823028683662,1,value_factor,0.536852240562439,quality_factor,0.34709012508392334,momentum_factor,0.0874466672539711
2020-11-12,300115.SZ,tucker,"(3, 2, 2)",cn_a,INDUSTRY_C39,-0.24039202539162144,-0.23714413815120516,-0.24039202539162144,0.013695823028683662,2,quality_factor,0.8701932430267334,volatility_factor,0.09255806356668472,value_factor,0.02480107545852661
2020-11-12,600562.SH,tucker,"(3, 2, 2)",cn_a,INDUSTRY_C39,-0.2658741800188783,-0.2622820086253694,-0.2658741800188783,0.013695823028683662,2,quality_factor,0.8817243576049805,volatility_factor,0.09538105130195618,value_factor,0.01229146309196949
2020-11-12,300474.SZ,tucker,"(3, 2, 2)",cn_a,INDUSTRY_C39,-0.26724954069020473,-0.2636387870813828,-0.26724954069020473,0.013695823028683662,1,quality_factor,0.5391834378242493,value_factor,0.3838977813720703,momentum_factor,0.0653965175151825
2020-11-12,002414.SZ,tucker,"(3, 2, 2)",cn_a,INDUSTRY_C39,-0.2849491653187232,-0.2810992757198555,-0.2849491653187232,0.013695823028683662,1,value_factor,0.5163731575012207,quality_factor,0.3762381076812744,momentum_factor,0.0845281258225441
2020-11-12,688019.SH,tucker,"(3, 2, 2)",cn_a,INDUSTRY_C39,-0.3173106925066521,-0.31302357296613875,-0.3173106925066521,0.013695823028683662,1,value_factor,0.49374493956565857,quality_factor,0.40844476222991943,momentum_factor,0.08130329102277756
2020-11-12,603290.SH,tucker,"(3, 2, 2)",cn_a,INDUSTRY_C39,-0.33729079472481166,-0.3327337281303107,-0.33729079472481166,0.013695823028683662,1,value_factor,0.5756030678749084,quality_factor,0.2919361889362335,momentum_factor,0.09296919405460358
2020-11-12,603501.SH,tucker,"(3, 2, 2)",cn_a,INDUSTRY_C39,-0.36199360911539064,-0.3571027878735347,-0.36199360911539064,0.013695823028683662,1,quality_factor,0.46163541078567505,value_factor,0.4563736319541931,momentum_factor,0.0759773701429367
2020-11-12,300346.SZ,tucker,"(3, 2, 2)",cn_a,INDUSTRY_C39,-0.36263201050044597,-0.35773256394870545,-0.36263201050044597,0.013695823028683662,1,value_factor,0.4586617648601532,quality_factor,0.45837879180908203,momentum_factor,0.07630345970392227
2020-11-12,300223.SZ,tucker,"(3, 2, 2)",cn_a,INDUSTRY_C39,-0.4169948677767357,-0.4113609358350885,-0.4169948677767357,0.013695823028683662,1,quality_factor,0.5120149254798889,value_factor,0.41337165236473083,momentum_factor,0.06974244117736816
2020-11-13,600707.SH,tucker,"(3, 2, 2)",cn_a,INDUSTRY_C39,1.1626019122208895,1.134479331619482,1.1626019122208895,0.02478898875415325,0,quality_factor,0.4967174828052521,value_factor,0.4299670457839966,momentum_factor,0.07218944281339645
2020-11-13,600601.SH,tucker,"(3, 2, 2)",cn_a,INDUSTRY_C39,0.8581544375323028,0.8373962424147186,0.8581544375323028,0.02478898875415325,2,quality_factor,0.7139506340026855,value_factor,0.19430114328861237,volatility_factor,0.05430769920349121
2020-11-13,600060.SH,tucker,"(3, 2, 2)",cn_a,INDUSTRY_C39,0.8246163936787528,0.8046694619279071,0.8246163936787528,0.02478898875415325,1,value_factor,0.5749052166938782,quality_factor,0.29292935132980347,momentum_factor,0.09286972880363464
2020-11-13,002429.SZ,tucker,"(3, 2, 2)",cn_a,INDUSTRY_C39,0.7317864516127377,0.7140850155044963,0.7317864516127377,0.02478898875415325,0,quality_factor,0.5447359085083008,value_factor,0.3778741955757141,momentum_factor,0.0645083338022232
2020-11-13,600699.SH,tucker,"(3, 2, 2)",cn_a,INDUSTRY_C39,0.7081774962059673,0.6910471453026983,0.7081774962059673,0.02478898875415325,0,value_factor,0.5183417797088623,quality_factor,0.3734361231327057,momentum_factor,0.08480868488550186
2020-11-13,002130.SZ,tucker,"(3, 2, 2)",cn_a,INDUSTRY_C39,0.5278753837890346,0.5151064231740055,0.5278753837890346,0.02478898875415325,0,value_factor,0.5801796317100525,quality_factor,0.28542229533195496,momentum_factor,0.09362141788005829
2020-11-13,600363.SH,tucker,"(3, 2, 2)",cn_a,INDUSTRY_C39,0.48858372161154656,0.4767652006310427,0.48858372161154656,0.02478898875415325,0,value_factor,0.5452315211296082,quality_factor,0.335163950920105,momentum_factor,0.08864083141088486
2020-11-13,002583.SZ,tucker,"(3, 2, 2)",cn_a,INDUSTRY_C39,0.4402459801873366,0.4295967175875416,0.4402459801873366,0.02478898875415325,0,value_factor,0.5212125182151794,quality_factor,0.36935025453567505,momentum_factor,0.08521779626607895
2020-11-13,603920.SH,tucker,"(3, 2, 2)",cn_a,INDUSTRY_C39,0.42611817650682804,0.4158106562468224,0.42611817650682804,0.02478898875415325,0,quality_factor,0.5790706872940063,value_factor,0.3406260013580322,momentum_factor,0.05901607871055603
2020-11-13,600884.SH,tucker,"(3, 2, 2)",cn_a,INDUSTRY_C39,0.40076584502861723,0.3910715811016135,0.40076584502861723,0.02478898875415325,2,value_factor,0.7624673247337341,momentum_factor,0.11913510411977768,volatility_factor,0.09715050458908081
2020-11-13,300073.SZ,tucker,"(3, 2, 2)",cn_a,INDUSTRY_C39,0.38407551708158033,0.3747849812819954,0.38407551708158033,0.02478898875415325,2,quality_factor,0.8879038095474243,volatility_factor,0.09832975268363953,momentum_factor,0.007807241752743721
2020-11-13,600563.SH,tucker,"(3, 2, 2)",cn_a,INDUSTRY_C39,0.36051854087417257,0.35179783293669115,0.36051854087417257,0.02478898875415325,2,quality_factor,0.7882735133171082,value_factor,0.11367195099592209,volatility_factor,0.07250295579433441
2020-11-13,601231.SH,tucker,"(3, 2, 2)",cn_a,INDUSTRY_C39,0.2934270798870271,0.28632927055262203,0.2934270798870271,0.02478898875415325,0,quality_factor,0.6205844879150391,value_factor,0.2955896556377411,momentum_factor,0.05237546190619469
2020-11-13,600498.SH,tucker,"(3, 2, 2)",cn_a,INDUSTRY_C39,0.2865164490892518,0.2795858033983726,0.2865164490892518,0.02478898875415325,2,value_factor,0.6206641793251038,quality_factor,0.22780053317546844,momentum_factor,0.09939101338386536
2020-11-13,002152.SZ,tucker,"(3, 2, 2)",cn_a,INDUSTRY_C39,0.2740590128055228,0.26742970435853897,0.2740590128055228,0.02478898875415325,0,value_factor,0.5580500960350037,quality_factor,0.3169192671775818,momentum_factor,0.0904676616191864
2020-11-13,603228.SH,tucker,"(3, 2, 2)",cn_a,INDUSTRY_C39,0.27043167437701443,0.26389010887647857,0.27043167437701443,0.02478898875415325,2,quality_factor,0.7287173271179199,value_factor,0.17828154563903809,volatility_factor,0.05792278051376343
2020-11-13,002025.SZ,tucker,"(3, 2, 2)",cn_a,INDUSTRY_C39,0.21493832006461255,0.20973910254500489,0.21493832006461255,0.02478898875415325,0,quality_factor,0.7034286856651306,value_factor,0.20571590960025787,volatility_factor,0.05173178017139435
2020-11-13,002273.SZ,tucker,"(3, 2, 2)",cn_a,INDUSTRY_C39,0.2062857960046955,0.2012958773884552,0.2062857960046955,0.02478898875415325,0,quality_factor,0.49613794684410095,value_factor,0.430595725774765,momentum_factor,0.07228213548660278
2020-11-13,002465.SZ,tucker,"(3, 2, 2)",cn_a,INDUSTRY_C39,0.12476490317073485,0.12174692168561652,0.12476490317073485,0.02478898875415325,2,value_factor,0.7100061774253845,momentum_factor,0.11032241582870483,volatility_factor,0.09734046459197998
2020-11-13,300570.SZ,tucker,"(3, 2, 2)",cn_a,INDUSTRY_C39,0.09904122655928657,0.0966454840033027,0.09904122655928657,0.02478898875415325,1,quality_factor,0.6687777042388916,value_factor,0.24330712854862213,momentum_factor,0.044666390866041183
2020-11-13,002138.SZ,tucker,"(3, 2, 2)",cn_a,INDUSTRY_C39,0.09724489955834605,0.09489260897877767,0.09724489955834605,0.02478898875415325,0,value_factor,0.5463932156562805,quality_factor,0.33351045846939087,momentum_factor,0.0888063982129097
2020-11-13,600171.SH,tucker,"(3, 2, 2)",cn_a,INDUSTRY_C39,0.08956450608422599,0.08739799920435398,0.08956450608422599,0.02478898875415325,2,value_factor,0.7012370824813843,momentum_factor,0.10884933173656464,volatility_factor,0.09737221896648407
2020-11-13,300054.SZ,tucker,"(3, 2, 2)",cn_a,INDUSTRY_C39,0.07858281816677218,0.0766819511420834,0.07858281816677218,0.02478898875415325,1,value_factor,0.6321383118629456,quality_factor,0.21146953105926514,momentum_factor,0.10102623701095581
2020-11-13,300735.SZ,tucker,"(3, 2, 2)",cn_a,INDUSTRY_C39,0.03748759142337074,0.0365807910815904,0.03748759142337074,0.02478898875415325,1,quality_factor,0.44418683648109436,value_factor,0.3992307186126709,volatility_factor,0.09846578538417816
2020-11-13,600764.SH,tucker,"(3, 2, 2)",cn_a,INDUSTRY_C39,0.02790593645635207,0.027230910087478858,0.02790593645635207,0.02478898875415325,1,value_factor,0.7121284008026123,momentum_factor,0.11242591589689255,quality_factor,0.09761948883533478
2020-11-13,605358.SH,tucker,"(3, 2, 2)",cn_a,INDUSTRY_C39,0.021683841537323688,0.021159323578965404,0.021683841537323688,0.02478898875415325,1,value_factor,0.6258081197738647,quality_factor,0.22047924995422363,momentum_factor,0.10012409836053848
2020-11-13,002402.SZ,tucker,"(3, 2, 2)",cn_a,INDUSTRY_C39,0.01184969476473642,0.011563058391081408,0.01184969476473642,0.02478898875415325,1,value_factor,0.4477092921733856,quality_factor,0.38774004578590393,volatility_factor,0.09829024225473404
2020-11-13,300919.SZ,tucker,"(3, 2, 2)",cn_a,INDUSTRY_C39,-0.011649718272292641,-0.011367919199323291,-0.011649718272292641,0.02478898875415325,1,quality_factor,0.5130821466445923,value_factor,0.3400607705116272,volatility_factor,0.0986800417304039
2020-11-13,688608.SH,tucker,"(3, 2, 2)",cn_a,INDUSTRY_C39,-0.011649718272292641,-0.011367919199323291,-0.011649718272292641,0.02478898875415325,1,quality_factor,0.5130821466445923,value_factor,0.3400607705116272,volatility_factor,0.0986800417304039
2020-11-13,689009.SH,tucker,"(3, 2, 2)",cn_a,INDUSTRY_C39,-0.011649718272292641,-0.011367919199323291,-0.011649718272292641,0.02478898875415325,1,quality_factor,0.5130821466445923,value_factor,0.3400607705116272,volatility_factor,0.0986800417304039
2020-11-13,300679.SZ,tucker,"(3, 2, 2)",cn_a,INDUSTRY_C39,-0.011759120848262486,-0.011474675398465115,-0.011759120848262486,0.02478898875415325,2,value_factor,0.4763762950897217,quality_factor,0.3543612062931061,volatility_factor,0.0981864407658577
2020-11-13,688100.SH,tucker,"(3, 2, 2)",cn_a,INDUSTRY_C39,-0.02104032521313413,-0.020531373494178266,-0.02104032521313413,0.02478898875415325,1,value_factor,0.7157682776451111,momentum_factor,0.1112903505563736,volatility_factor,0.097319595515728
2020-11-13,002436.SZ,tucker,"(3, 2, 2)",cn_a,INDUSTRY_C39,-0.026982474044531485,-0.026329785628001035,-0.026982474044531485,0.02478898875415325,1,value_factor,0.6437550187110901,quality_factor,0.15947143733501434,momentum_factor,0.09919320791959763
2020-11-13,002281.SZ,tucker,"(3, 2, 2)",cn_a,INDUSTRY_C39,-0.04004175105581268,-0.039073167261435914,-0.04004175105581268,0.02478898875415325,1,quality_factor,0.5697770714759827,value_factor,0.2913689613342285,volatility_factor,0.09885634481906891
2020-11-13,688981.SH,tucker,"(3, 2, 2)",cn_a,INDUSTRY_C39,-0.05352091724608716,-0.05222628122898384,-0.05352091724608716,0.02478898875415325,1,quality_factor,0.861889660358429,volatility_factor,0.09052523225545883,value_factor,0.03380921483039856
2020-11-13,603160.SH,tucker,"(3, 2, 2)",cn_a,INDUSTRY_C39,-0.0546510870475908,-0.053329112961452874,-0.0546510870475908,0.02478898875415325,2,value_factor,0.599831759929657,quality_factor,0.21061404049396515,volatility_factor,0.09773939102888107
2020-11-13,002841.SZ,tucker,"(3, 2, 2)",cn_a,INDUSTRY_C39,-0.07168118147120409,-0.06994726052858563,-0.07168118147120409,0.02478898875415325,2,value_factor,0.6248860955238342,quality_factor,0.18144166469573975,volatility_factor,0.09764867275953293
2020-11-13,300037.SZ,tucker,"(3, 2, 2)",cn_a,INDUSTRY_C39,-0.07722045233257936,-0.07535254004723682,-0.07722045233257936,0.02478898875415325,1,value_factor,0.5761072635650635,quality_factor,0.2912184000015259,momentum_factor,0.09304104745388031
2020-11-13,688027.SH,tucker,"(3, 2, 2)",cn_a,INDUSTRY_C39,-0.09569048573306728,-0.09337579540826353,-0.09569048573306728,0.02478898875415325,1,quality_factor,0.5541146993637085,value_factor,0.3676995635032654,momentum_factor,0.06300808489322662
2020-11-13,002156.SZ,tucker,"(3, 2, 2)",cn_a,INDUSTRY_C39,-0.11216097448684112,-0.10944787380105855,-0.11216097448684112,0.02478898875415325,2,quality_factor,0.7062348127365112,value_factor,0.17417381703853607,volatility_factor,0.0992807075381279
2020-11-13,300857.SZ,tucker,"(3, 2, 2)",cn_a,INDUSTRY_C39,-0.11354568614340954,-0.11079909018743843,-0.11354568614340954,0.02478898875415325,1,value_factor,0.4813844859600067,quality_factor,0.42603743076324463,momentum_factor,0.07954176515340805
2020-11-13,603486.SH,tucker,"(3, 2, 2)",cn_a,INDUSTRY_C39,-0.11434937649230843,-0.11158333979193642,-0.11434937649230843,0.02478898875415325,1,value_factor,0.4773049056529999,quality_factor,0.43184393644332886,momentum_factor,0.0789603590965271
2020-11-13,603659.SH,tucker,"(3, 2, 2)",cn_a,INDUSTRY_C39,-0.11937242475261652,-0.11648488379693546,-0.11937242475261652,0.02478898875415325,1,value_factor,0.7621954083442688,momentum_factor,0.11956114321947098,volatility_factor,0.09188432991504669
2020-11-13,300627.SZ,tucker,"(3, 2, 2)",cn_a,INDUSTRY_C39,-0.12511899687467598,-0.12209245009422753,-0.12511899687467598,0.02478898875415325,1,value_factor,0.6453501582145691,quality_factor,0.1926649659872055,momentum_factor,0.10290909558534622
2020-11-13,300136.SZ,tucker,"(3, 2, 2)",cn_a,INDUSTRY_C39,-0.12726682115610055,-0.12418831990969337,-0.12726682115610055,0.02478898875415325,1,value_factor,0.754522442817688,momentum_factor,0.11846763640642166,volatility_factor,0.08972986787557602
2020-11-13,002185.SZ,tucker,"(3, 2, 2)",cn_a,INDUSTRY_C39,-0.1386653723002676,-0.13531114754960544,-0.1386653723002676,0.02478898875415325,2,quality_factor,0.7932870984077454,volatility_factor,0.09955143183469772,value_factor,0.09941013157367706
2020-11-13,300373.SZ,tucker,"(3, 2, 2)",cn_a,INDUSTRY_C39,-0.14446070802081365,-0.14096629788579929,-0.14446070802081365,0.02478898875415325,1,value_factor,0.48903611302375793,quality_factor,0.4151467978954315,momentum_factor,0.08063221722841263
2020-11-13,600118.SH,tucker,"(3, 2, 2)",cn_a,INDUSTRY_C39,-0.16195093809115635,-0.1580334507190241,-0.16195093809115635,0.02478898875415325,2,quality_factor,0.673260509967804,value_factor,0.23844397068023682,volatility_factor,0.04434617608785629
2020-11-13,300458.SZ,tucker,"(3, 2, 2)",cn_a,INDUSTRY_C39,-0.16391535120157236,-0.1599503459598655,-0.16391535120157236,0.02478898875415325,1,quality_factor,0.8016915321350098,value_factor,0.09911525249481201,volatility_factor,0.07578790187835693
2020-11-13,603019.SH,tucker,"(3, 2, 2)",cn_a,INDUSTRY_C39,-0.16861966801932593,-0.16454086842764323,-0.16861966801932593,0.02478898875415325,1,value_factor,0.5042534470558167,quality_factor,0.3934881091117859,momentum_factor,0.08280090242624283
2020-11-13,300623.SZ,tucker,"(3, 2, 2)",cn_a,INDUSTRY_C39,-0.1780566873919371,-0.1737496124678697,-0.1780566873919371,0.02478898875415325,1,value_factor,0.5574672818183899,quality_factor,0.3177487552165985,momentum_factor,0.0903846025466919
2020-11-13,688002.SH,tucker,"(3, 2, 2)",cn_a,INDUSTRY_C39,-0.20607663402825244,-0.20109177490355384,-0.20607663402825244,0.02478898875415325,1,value_factor,0.5294199585914612,quality_factor,0.35766851902008057,momentum_factor,0.08638747036457062
2020-11-13,300390.SZ,tucker,"(3, 2, 2)",cn_a,INDUSTRY_C39,-0.2172003963532987,-0.21194646068633002,-0.2172003963532987,0.02478898875415325,1,value_factor,0.5361872315406799,quality_factor,0.34803664684295654,momentum_factor,0.08735189586877823
2020-11-13,600435.SH,tucker,"(3, 2, 2)",cn_a,INDUSTRY_C39,-0.24043999883522454,-0.23462391236919675,-0.24043999883522454,0.02478898875415325,2,quality_factor,0.815060555934906,volatility_factor,0.09961913526058197,value_factor,0.08071018010377884
2020-11-13,688008.SH,tucker,"(3, 2, 2)",cn_a,INDUSTRY_C39,-0.24298928380975798,-0.2371115318059234,-0.24298928380975798,0.02478898875415325,1,value_factor,0.5356502532958984,quality_factor,0.34880098700523376,momentum_factor,0.08727537095546722
2020-11-13,300115.SZ,tucker,"(3, 2, 2)",cn_a,INDUSTRY_C39,-0.25271710222124943,-0.24660404064629052,-0.25271710222124943,0.02478898875415325,2,quality_factor,0.8511715531349182,volatility_factor,0.0879012867808342,value_factor,0.04543681815266609
2020-11-13,600562.SH,tucker,"(3, 2, 2)",cn_a,INDUSTRY_C39,-0.27650190652035295,-0.2698135060706175,-0.27650190652035295,0.02478898875415325,2,quality_factor,0.8673037886619568,volatility_factor,0.09185069054365158,value_factor,0.027935665100812912
2020-11-13,300474.SZ,tucker,"(3, 2, 2)",cn_a,INDUSTRY_C39,-0.2790844886334895,-0.2723336172099211,-0.2790844886334895,0.02478898875415325,1,quality_factor,0.5359103679656982,value_factor,0.3874485194683075,momentum_factor,0.06592006981372833
2020-11-13,002414.SZ,tucker,"(3, 2, 2)",cn_a,INDUSTRY_C39,-0.29605663605223187,-0.2888952194723677,-0.29605663605223187,0.02478898875415325,1,value_factor,0.5154333114624023,quality_factor,0.37757569551467896,momentum_factor,0.0843941867351532
2020-11-13,688019.SH,tucker,"(3, 2, 2)",cn_a,INDUSTRY_C39,-0.3275837187717266,-0.3196596826609754,-0.3275837187717266,0.02478898875415325,1,value_factor,0.4935287833213806,quality_factor,0.4087524712085724,momentum_factor,0.08127249032258987
2020-11-13,603290.SH,tucker,"(3, 2, 2)",cn_a,INDUSTRY_C39,-0.3466702371813329,-0.33828451066156706,-0.3466702371813329,0.02478898875415325,1,value_factor,0.5742692947387695,quality_factor,0.293834388256073,momentum_factor,0.09277910739183426
2020-11-13,603501.SH,tucker,"(3, 2, 2)",cn_a,INDUSTRY_C39,-0.37132923359322983,-0.3623470220626845,-0.37132923359322983,0.02478898875415325,1,quality_factor,0.46094340085983276,value_factor,0.45685988664627075,momentum_factor,0.0760466679930687
2020-11-13,300346.SZ,tucker,"(3, 2, 2)",cn_a,INDUSTRY_C39,-0.37404739721648067,-0.364999435083963,-0.37404739721648067,0.02478898875415325,1,value_factor,0.4591772258281708,quality_factor,0.4576449990272522,momentum_factor,0.07637692242860794
2020-11-13,300223.SZ,tucker,"(3, 2, 2)",cn_a,INDUSTRY_C39,-0.4283250502145128,-0.41796414712151064,-0.4283250502145128,0.02478898875415325,1,quality_factor,0.5106784701347351,value_factor,0.41482141613960266,momentum_factor,0.0699562206864357
2020-11-16,600707.SH,tucker,"(3, 2, 2)",cn_a,INDUSTRY_C39,1.1333461648523742,1.1292757895561367,1.1333461648523742,0.0036044036969542503,0,quality_factor,0.49671438336372375,value_factor,0.4299704432487488,momentum_factor,0.07218994945287704
2020-11-16,600601.SH,tucker,"(3, 2, 2)",cn_a,INDUSTRY_C39,0.8364109719743843,0.8334070296102524,0.8364109719743843,0.0036044036969542503,2,quality_factor,0.7140437364578247,value_factor,0.19420015811920166,volatility_factor,0.0543304942548275
2020-11-16,600060.SH,tucker,"(3, 2, 2)",cn_a,INDUSTRY_C39,0.8043774482686857,0.8014885532462989,0.8043774482686857,0.0036044036969542503,1,value_factor,0.5748716592788696,quality_factor,0.29297709465026855,momentum_factor,0.09286496043205261
2020-11-16,002429.SZ,tucker,"(3, 2, 2)",cn_a,INDUSTRY_C39,0.71298460073159,0.7104239401007812,0.71298460073159,0.0036044036969542503,0,quality_factor,0.5447950959205627,value_factor,0.3778100907802582,momentum_factor,0.0644988864660263
2020-11-16,600699.SH,tucker,"(3, 2, 2)",cn_a,INDUSTRY_C39,0.6902543548129283,0.6877753291091472,0.6902543548129283,0.0036044036969542503,0,value_factor,0.5183662176132202,quality_factor,0.37340134382247925,momentum_factor,0.08481215685606003
2020-11-16,002130.SZ,tucker,"(3, 2, 2)",cn_a,INDUSTRY_C39,0.5142325161653174,0.5123856670778685,0.5142325161653174,0.0036044036969542503,0,value_factor,0.5802741646766663,quality_factor,0.2852877378463745,momentum_factor,0.09363488852977753
2020-11-16,600363.SH,tucker,"(3, 2, 2)",cn_a,INDUSTRY_C39,0.47628959437701424,0.47457901603923014,0.47628959437701424,0.0036044036969542503,0,value_factor,0.5452531576156616,quality_factor,0.33513325452804565,momentum_factor,0.08864391595125198
2020-11-16,002583.SZ,tucker,"(3, 2, 2)",cn_a,INDUSTRY_C39,0.42863984882354433,0.4271004029721865,0.42863984882354433,0.0036044036969542503,0,value_factor,0.5212898850440979,quality_factor,0.3692401349544525,momentum_factor,0.0852288156747818
2020-11-16,603920.SH,tucker,"(3, 2, 2)",cn_a,INDUSTRY_C39,0.4152637985172346,0.4137723923085001,0.4152637985172346,0.0036044036969542503,0,quality_factor,0.5791264772415161,value_factor,0.34056559205055237,momentum_factor,0.05900717154145241
2020-11-16,600884.SH,tucker,"(3, 2, 2)",cn_a,INDUSTRY_C39,0.39049538142115303,0.38909293016387236,0.39049538142115303,0.0036044036969542503,2,value_factor,0.7623003125190735,momentum_factor,0.11910703778266907,volatility_factor,0.09715110063552856
2020-11-16,300073.SZ,tucker,"(3, 2, 2)",cn_a,INDUSTRY_C39,0.3739238832996951,0.3725809480302627,0.3739238832996951,0.0036044036969542503,2,quality_factor,0.8872021436691284,volatility_factor,0.09835358709096909,momentum_factor,0.007673267275094986
2020-11-16,600563.SH,tucker,"(3, 2, 2)",cn_a,INDUSTRY_C39,0.3512484839059743,0.3499869865840877,0.3512484839059743,0.0036044036969542503,2,quality_factor,0.7885466814041138,value_factor,0.11337556689977646,volatility_factor,0.072569839656353
2020-11-16,601231.SH,tucker,"(3, 2, 2)",cn_a,INDUSTRY_C39,0.2858229322184723,0.2847964086032874,0.2858229322184723,0.0036044036969542503,0,quality_factor,0.6207455396652222,value_factor,0.2954149544239044,momentum_factor,0.05234970152378082
2020-11-16,600498.SH,tucker,"(3, 2, 2)",cn_a,INDUSTRY_C39,0.2793759540235747,0.278372584517517,0.2793759540235747,0.0036044036969542503,2,value_factor,0.620664119720459,quality_factor,0.2278006374835968,momentum_factor,0.09939100593328476
2020-11-16,002152.SZ,tucker,"(3, 2, 2)",cn_a,INDUSTRY_C39,0.26680292542712114,0.2658447115377541,0.26680292542712114,0.0036044036969542503,0,value_factor,0.5581810474395752,quality_factor,0.31673285365104675,momentum_factor,0.0904863253235817
2020-11-16,603228.SH,tucker,"(3, 2, 2)",cn_a,INDUSTRY_C39,0.26345861615540594,0.2625124132422655,0.26345861615540594,0.0036044036969542503,2,quality_factor,0.7289581894874573,value_factor,0.17802023887634277,volatility_factor,0.05798175185918808
2020-11-16,002025.SZ,tucker,"(3, 2, 2)",cn_a,INDUSTRY_C39,0.20911735041031082,0.20836631235722347,0.20911735041031082,0.0036044036969542503,0,quality_factor,0.7040145397186279,value_factor,0.20508041977882385,volatility_factor,0.051875196397304535
2020-11-16,002273.SZ,tucker,"(3, 2, 2)",cn_a,INDUSTRY_C39,0.20078571794649427,0.20006460267605689,0.20078571794649427,0.0036044036969542503,0,quality_factor,0.4962060749530792,value_factor,0.4305218756198883,momentum_factor,0.07227125018835068
2020-11-16,002465.SZ,tucker,"(3, 2, 2)",cn_a,INDUSTRY_C39,0.12129527836858191,0.12085965038488813,0.12129527836858191,0.0036044036969542503,2,value_factor,0.7094290852546692,momentum_factor,0.11022546887397766,volatility_factor,0.09734254330396652
2020-11-16,300570.SZ,tucker,"(3, 2, 2)",cn_a,INDUSTRY_C39,0.09612153239033504,0.09577631508338005,0.09612153239033504,0.0036044036969542503,1,quality_factor,0.6698607206344604,value_factor,0.2421322613954544,momentum_factor,0.04449315369129181
2020-11-16,002138.SZ,tucker,"(3, 2, 2)",cn_a,INDUSTRY_C39,0.09447588176575916,0.09413657475863686,0.09447588176575916,0.0036044036969542503,0,value_factor,0.5466537475585938,quality_factor,0.33313971757888794,momentum_factor,0.08884350955486298
2020-11-16,600171.SH,tucker,"(3, 2, 2)",cn_a,INDUSTRY_C39,0.08725673400400227,0.0869433543274879,0.08725673400400227,0.0036044036969542503,2,value_factor,0.7010804414749146,momentum_factor,0.1088230237364769,volatility_factor,0.09737279266119003
2020-11-16,300054.SZ,tucker,"(3, 2, 2)",cn_a,INDUSTRY_C39,0.0761662471115528,0.07589269855219419,0.0761662471115528,0.0036044036969542503,1,value_factor,0.6329478025436401,quality_factor,0.21031728386878967,momentum_factor,0.10114158689975739
2020-11-16,300735.SZ,tucker,"(3, 2, 2)",cn_a,INDUSTRY_C39,0.03614939028269122,0.03601956094215617,0.03614939028269122,0.0036044036969542503,1,quality_factor,0.44286108016967773,value_factor,0.40036922693252563,volatility_factor,0.09846166521310806
2020-11-16,600764.SH,tucker,"(3, 2, 2)",cn_a,INDUSTRY_C39,0.027031284496650602,0.026934202531710912,0.027031284496650602,0.0036044036969542503,1,value_factor,0.713326096534729,momentum_factor,0.11259660869836807,quality_factor,0.09591475874185562
2020-11-16,605358.SH,tucker,"(3, 2, 2)",cn_a,INDUSTRY_C39,0.020873946264989115,0.02079897817682069,0.020873946264989115,0.0036044036969542503,1,value_factor,0.6274899840354919,quality_factor,0.2180853635072708,momentum_factor,0.10036378353834152
2020-11-16,002402.SZ,tucker,"(3, 2, 2)",cn_a,INDUSTRY_C39,0.01122080857090367,0.011180509407746609,0.01122080857090367,0.0036044036969542503,1,value_factor,0.44923752546310425,quality_factor,0.38596057891845703,volatility_factor,0.09828469902276993
2020-11-16,300919.SZ,tucker,"(3, 2, 2)",cn_a,INDUSTRY_C39,-0.011652180840272574,-0.011610332417866067,-0.011652180840272574,0.0036044036969542503,1,quality_factor,0.5181190371513367,value_factor,0.33573487401008606,volatility_factor,0.09869571030139923
2020-11-16,688608.SH,tucker,"(3, 2, 2)",cn_a,INDUSTRY_C39,-0.011652180840272574,-0.011610332417866067,-0.011652180840272574,0.0036044036969542503,1,quality_factor,0.5181190371513367,value_factor,0.33573487401008606,volatility_factor,0.09869571030139923
2020-11-16,689009.SH,tucker,"(3, 2, 2)",cn_a,INDUSTRY_C39,-0.011652180840272574,-0.011610332417866067,-0.011652180840272574,0.0036044036969542503,1,quality_factor,0.5181190371513367,value_factor,0.33573487401008606,volatility_factor,0.09869571030139923
2020-11-16,300679.SZ,tucker,"(3, 2, 2)",cn_a,INDUSTRY_C39,-0.011893703958331388,-0.011850988113628232,-0.011893703958331388,0.0036044036969542503,2,value_factor,0.4754876494407654,quality_factor,0.3553958833217621,volatility_factor,0.09818965196609497
2020-11-16,688100.SH,tucker,"(3, 2, 2)",cn_a,INDUSTRY_C39,-0.020628765588700526,-0.02055467805882826,-0.020628765588700526,0.0036044036969542503,1,value_factor,0.7168898582458496,momentum_factor,0.1114787608385086,volatility_factor,0.09731553494930267
2020-11-16,002436.SZ,tucker,"(3, 2, 2)",cn_a,INDUSTRY_C39,-0.026587786291190612,-0.0264922971353991,-0.026587786291190612,0.0036044036969542503,1,value_factor,0.6452165246009827,quality_factor,0.15776968002319336,momentum_factor,0.09943871200084686
2020-11-16,002281.SZ,tucker,"(3, 2, 2)",cn_a,INDUSTRY_C39,-0.03935373190402551,-0.03921239427645454,-0.03935373190402551,0.0036044036969542503,1,quality_factor,0.5718382596969604,value_factor,0.2895987331867218,volatility_factor,0.09886275976896286
2020-11-16,688981.SH,tucker,"(3, 2, 2)",cn_a,INDUSTRY_C39,-0.05249992571179061,-0.05231137396361453,-0.05249992571179061,0.0036044036969542503,1,quality_factor,0.8590158820152283,volatility_factor,0.08982168138027191,value_factor,0.03692689538002014
2020-11-16,603160.SH,tucker,"(3, 2, 2)",cn_a,INDUSTRY_C39,-0.053466282776930385,-0.05327426038929103,-0.053466282776930385,0.0036044036969542503,2,value_factor,0.6001591086387634,quality_factor,0.21023297309875488,volatility_factor,0.09773821383714676
2020-11-16,002841.SZ,tucker,"(3, 2, 2)",cn_a,INDUSTRY_C39,-0.0702529877744368,-0.070000676490566,-0.0702529877744368,0.0036044036969542503,2,value_factor,0.6255090832710266,quality_factor,0.18071630597114563,volatility_factor,0.09764642268419266
2020-11-16,300037.SZ,tucker,"(3, 2, 2)",cn_a,INDUSTRY_C39,-0.07568846169573638,-0.07541662908690883,-0.07568846169573638,0.0036044036969542503,1,value_factor,0.5756211280822754,quality_factor,0.29191040992736816,momentum_factor,0.09297175705432892
2020-11-16,688027.SH,tucker,"(3, 2, 2)",cn_a,INDUSTRY_C39,-0.0936324158982407,-0.09329613817090673,-0.0936324158982407,0.0036044036969542503,1,quality_factor,0.5537206530570984,value_factor,0.3681270480155945,momentum_factor,0.0630711168050766
2020-11-16,002156.SZ,tucker,"(3, 2, 2)",cn_a,INDUSTRY_C39,-0.10964923524681877,-0.10925543364211832,-0.10964923524681877,0.0036044036969542503,2,quality_factor,0.7073414921760559,value_factor,0.17322340607643127,volatility_factor,0.09928414225578308
2020-11-16,300857.SZ,tucker,"(3, 2, 2)",cn_a,INDUSTRY_C39,-0.11109535501126434,-0.11069635971522125,-0.11109535501126434,0.0036044036969542503,1,value_factor,0.48135659098625183,quality_factor,0.426077276468277,momentum_factor,0.0795377865433693
2020-11-16,603486.SH,tucker,"(3, 2, 2)",cn_a,INDUSTRY_C39,-0.11180600493141389,-0.11140445735966814,-0.11180600493141389,0.0036044036969542503,1,value_factor,0.47729548811912537,quality_factor,0.43185728788375854,momentum_factor,0.07895902544260025
2020-11-16,603659.SH,tucker,"(3, 2, 2)",cn_a,INDUSTRY_C39,-0.11663996060415575,-0.11622105204036395,-0.11663996060415575,0.0036044036969542503,1,value_factor,0.7617637515068054,momentum_factor,0.11949963122606277,volatility_factor,0.09176313132047653
2020-11-16,300627.SZ,tucker,"(3, 2, 2)",cn_a,INDUSTRY_C39,-0.12235602017692028,-0.12191658257407725,-0.12235602017692028,0.0036044036969542503,1,value_factor,0.644931972026825,quality_factor,0.19326016306877136,momentum_factor,0.10284950584173203
2020-11-16,300136.SZ,tucker,"(3, 2, 2)",cn_a,INDUSTRY_C39,-0.12445120673262089,-0.12400424433650481,-0.12445120673262089,0.0036044036969542503,1,value_factor,0.7539399862289429,momentum_factor,0.11838463693857193,volatility_factor,0.08956632018089294
2020-11-16,002185.SZ,tucker,"(3, 2, 2)",cn_a,INDUSTRY_C39,-0.13550969539047522,-0.13502301679780546,-0.13550969539047522,0.0036044036969542503,2,quality_factor,0.7944827079772949,volatility_factor,0.09955514967441559,value_factor,0.0983833447098732
2020-11-16,300373.SZ,tucker,"(3, 2, 2)",cn_a,INDUSTRY_C39,-0.14123660865886553,-0.1407293620464554,-0.14123660865886553,0.0036044036969542503,1,value_factor,0.4889959990978241,quality_factor,0.4152039885520935,momentum_factor,0.08062650263309479
2020-11-16,600118.SH,tucker,"(3, 2, 2)",cn_a,INDUSTRY_C39,-0.15796106141789565,-0.15739374948611126,-0.15796106141789565,0.0036044036969542503,2,quality_factor,0.6731624603271484,value_factor,0.2385503500699997,volatility_factor,0.0443221814930439
2020-11-16,300458.SZ,tucker,"(3, 2, 2)",cn_a,INDUSTRY_C39,-0.16019232071596154,-0.1596169952901468,-0.16019232071596154,0.0036044036969542503,1,quality_factor,0.8007551431655884,value_factor,0.10013122111558914,volatility_factor,0.07555864006280899
2020-11-16,603019.SH,tucker,"(3, 2, 2)",cn_a,INDUSTRY_C39,-0.164634313544025,-0.16404303484776728,-0.164634313544025,0.0036044036969542503,1,value_factor,0.504217803478241,quality_factor,0.3935388922691345,momentum_factor,0.08279580622911453
2020-11-16,300623.SZ,tucker,"(3, 2, 2)",cn_a,INDUSTRY_C39,-0.17396916658794248,-0.1733443620754758,-0.17396916658794248,0.0036044036969542503,1,value_factor,0.5573115348815918,quality_factor,0.3179703950881958,momentum_factor,0.09036239236593246
2020-11-16,688002.SH,tucker,"(3, 2, 2)",cn_a,INDUSTRY_C39,-0.20119311072796603,-0.2004705323198175,-0.20119311072796603,0.0036044036969542503,1,value_factor,0.529356062412262,quality_factor,0.3577595055103302,momentum_factor,0.08637836575508118
2020-11-16,300390.SZ,tucker,"(3, 2, 2)",cn_a,INDUSTRY_C39,-0.21211983870965842,-0.2113580173190702,-0.21211983870965842,0.0036044036969542503,1,value_factor,0.5360962152481079,quality_factor,0.3481661379337311,momentum_factor,0.08733893185853958
2020-11-16,600435.SH,tucker,"(3, 2, 2)",cn_a,INDUSTRY_C39,-0.23460312727931532,-0.233760557900857,-0.23460312727931532,0.0036044036969542503,2,quality_factor,0.8154676556587219,volatility_factor,0.09962041676044464,value_factor,0.08036060631275177
2020-11-16,688008.SH,tucker,"(3, 2, 2)",cn_a,INDUSTRY_C39,-0.23712003083426175,-0.2362684220798645,-0.23712003083426175,0.0036044036969542503,1,value_factor,0.5356075167655945,quality_factor,0.3488617241382599,momentum_factor,0.08726928383111954
2020-11-16,300115.SZ,tucker,"(3, 2, 2)",cn_a,INDUSTRY_C39,-0.2467493973468688,-0.24586320504087286,-0.2467493973468688,0.0036044036969542503,2,quality_factor,0.8505120873451233,volatility_factor,0.08773983269929886,value_factor,0.04615228250622749
2020-11-16,600562.SH,tucker,"(3, 2, 2)",cn_a,INDUSTRY_C39,-0.26987019565634285,-0.2689009657673147,-0.26987019565634285,0.0036044036969542503,2,quality_factor,0.8667974472045898,volatility_factor,0.09172671288251877,value_factor,0.02848503552377224
2020-11-16,300474.SZ,tucker,"(3, 2, 2)",cn_a,INDUSTRY_C39,-0.2724305223508509,-0.27145209713311313,-0.2724305223508509,0.0036044036969542503,1,quality_factor,0.5357955694198608,value_factor,0.38757312297821045,momentum_factor,0.06593845039606094
2020-11-16,002414.SZ,tucker,"(3, 2, 2)",cn_a,INDUSTRY_C39,-0.2889461801554374,-0.287908439498504,-0.2889461801554374,0.0036044036969542503,1,value_factor,0.5154001116752625,quality_factor,0.3776229918003082,momentum_factor,0.08438944816589355
2020-11-16,688019.SH,tucker,"(3, 2, 2)",cn_a,INDUSTRY_C39,-0.31964381290040067,-0.31849582270995924,-0.31964381290040067,0.0036044036969542503,1,value_factor,0.4935210645198822,quality_factor,0.40876340866088867,momentum_factor,0.08127138763666153
2020-11-16,603290.SH,tucker,"(3, 2, 2)",cn_a,INDUSTRY_C39,-0.338214269165035,-0.3369995837946357,-0.338214269165035,0.0036044036969542503,1,value_factor,0.5742216110229492,quality_factor,0.29390230774879456,momentum_factor,0.09277231246232986
2020-11-16,603501.SH,tucker,"(3, 2, 2)",cn_a,INDUSTRY_C39,-0.36224631726498024,-0.3609453215880412,-0.36224631726498024,0.0036044036969542503,1,quality_factor,0.4609186053276062,value_factor,0.4568772614002228,momentum_factor,0.07604914903640747
2020-11-16,300346.SZ,tucker,"(3, 2, 2)",cn_a,INDUSTRY_C39,-0.3649700406514098,-0.36365926281194205,-0.3649700406514098,0.0036044036969542503,1,value_factor,0.4591955840587616,quality_factor,0.45761892199516296,momentum_factor,0.07637953013181686
2020-11-16,300223.SZ,tucker,"(3, 2, 2)",cn_a,INDUSTRY_C39,-0.4178681017861338,-0.4163673423082761,-0.4178681017861338,0.0036044036969542503,1,quality_factor,0.5106307864189148,value_factor,0.41487324237823486,momentum_factor,0.06996385753154755
2020-11-17,600707.SH,tucker,"(3, 2, 2)",cn_a,INDUSTRY_C39,1.1718300921744815,1.1391611605435366,1.1718300921744815,0.02867811731994152,0,quality_factor,0.496814489364624,value_factor,0.4298618733882904,momentum_factor,0.07217393070459366
2020-11-17,600601.SH,tucker,"(3, 2, 2)",cn_a,INDUSTRY_C39,0.8697229663706395,0.8454763453664791,0.8697229663706395,0.02867811731994152,2,quality_factor,0.7110918164253235,value_factor,0.19740252196788788,volatility_factor,0.053607821464538574
2020-11-17,600060.SH,tucker,"(3, 2, 2)",cn_a,INDUSTRY_C39,0.8148074786927345,0.7920918222237998,0.8148074786927345,0.02867811731994152,1,value_factor,0.5759624242782593,quality_factor,0.29142460227012634,momentum_factor,0.09302039444446564
2020-11-17,002429.SZ,tucker,"(3, 2, 2)",cn_a,INDUSTRY_C39,0.7499682261220779,0.7290601944302999,0.7499682261220779,0.02867811731994152,0,quality_factor,0.542941153049469,value_factor,0.3798213005065918,momentum_factor,0.06479543447494507
2020-11-17,600699.SH,tucker,"(3, 2, 2)",cn_a,INDUSTRY_C39,0.7170758619743897,0.6970848219204753,0.7170758619743897,0.02867811731994152,0,value_factor,0.5175895094871521,quality_factor,0.3745068311691284,momentum_factor,0.08470146358013153
2020-11-17,002130.SZ,tucker,"(3, 2, 2)",cn_a,INDUSTRY_C39,0.5435514410688499,0.5283980114165792,0.5435514410688499,0.02867811731994152,0,value_factor,0.5773110389709473,quality_factor,0.2895050048828125,momentum_factor,0.09321260452270508
2020-11-17,600363.SH,tucker,"(3, 2, 2)",cn_a,INDUSTRY_C39,0.4924424562166123,0.4787138712948319,0.4924424562166123,0.02867811731994152,0,value_factor,0.5445635914802551,quality_factor,0.3361144959926605,momentum_factor,0.08854565024375916
2020-11-17,002583.SZ,tucker,"(3, 2, 2)",cn_a,INDUSTRY_C39,0.46060753197432747,0.44776645879208404,0.46060753197432747,0.02867811731994152,0,value_factor,0.5189053416252136,quality_factor,0.37263405323028564,momentum_factor,0.0848889872431755
2020-11-17,603920.SH,tucker,"(3, 2, 2)",cn_a,INDUSTRY_C39,0.4337040370223339,0.4216129944486996,0.4337040370223339,0.02867811731994152,0,quality_factor,0.5773676633834839,value_factor,0.3424736261367798,momentum_factor,0.05928850919008255
2020-11-17,600884.SH,tucker,"(3, 2, 2)",cn_a,INDUSTRY_C39,0.40987794356399604,0.39845113808703725,0.40987794356399604,0.02867811731994152,2,value_factor,0.7676565051078796,momentum_factor,0.12000679224729538,volatility_factor,0.09713169932365417
2020-11-17,300073.SZ,tucker,"(3, 2, 2)",cn_a,INDUSTRY_C39,0.402680168568591,0.3914540266697312,0.402680168568591,0.02867811731994152,2,quality_factor,0.876002848148346,volatility_factor,0.0939803421497345,value_factor,0.01849849335849285
2020-11-17,600563.SH,tucker,"(3, 2, 2)",cn_a,INDUSTRY_C39,0.36970675585761187,0.35939986511358035,0.36970675585761187,0.02867811731994152,2,quality_factor,0.780002236366272,value_factor,0.12264496833086014,volatility_factor,0.07047804445028305
2020-11-17,601231.SH,tucker,"(3, 2, 2)",cn_a,INDUSTRY_C39,0.30279806996926534,0.2943564968164101,0.30279806996926534,0.02867811731994152,0,quality_factor,0.6157345175743103,value_factor,0.30085116624832153,momentum_factor,0.05315127223730087
2020-11-17,002152.SZ,tucker,"(3, 2, 2)",cn_a,INDUSTRY_C39,0.28772877274130104,0.2797073098451753,0.28772877274130104,0.02867811731994152,0,value_factor,0.5541508793830872,quality_factor,0.3224690556526184,momentum_factor,0.08991196006536484
2020-11-17,600498.SH,tucker,"(3, 2, 2)",cn_a,INDUSTRY_C39,0.28657229611845425,0.2785830741213947,0.28657229611845425,0.02867811731994152,2,value_factor,0.6206666827201843,quality_factor,0.22779694199562073,momentum_factor,0.0993913784623146
2020-11-17,603228.SH,tucker,"(3, 2, 2)",cn_a,INDUSTRY_C39,0.27794443878031466,0.27019574899298715,0.27794443878031466,0.02867811731994152,2,quality_factor,0.7214391231536865,value_factor,0.1861773431301117,volatility_factor,0.05614097788929939
2020-11-17,002025.SZ,tucker,"(3, 2, 2)",cn_a,INDUSTRY_C39,0.22981976916612942,0.22341272570781046,0.22981976916612942,0.02867811731994152,0,quality_factor,0.6864968538284302,value_factor,0.22408445179462433,volatility_factor,0.04758663475513458
2020-11-17,002273.SZ,tucker,"(3, 2, 2)",cn_a,INDUSTRY_C39,0.21780167659738764,0.21172968021379776,0.21780167659738764,0.02867811731994152,0,quality_factor,0.4941338300704956,value_factor,0.4327699840068817,momentum_factor,0.07260274142026901
2020-11-17,002465.SZ,tucker,"(3, 2, 2)",cn_a,INDUSTRY_C39,0.1363029612606541,0.1325030314310175,0.1363029612606541,0.02867811731994152,2,value_factor,0.7278627753257751,momentum_factor,0.11332204937934875,volatility_factor,0.09727580845355988
2020-11-17,300570.SZ,tucker,"(3, 2, 2)",cn_a,INDUSTRY_C39,0.11348731348032315,0.1103234509802669,0.11348731348032315,0.02867811731994152,1,quality_factor,0.6397727131843567,value_factor,0.2747732996940613,momentum_factor,0.04930608719587326
2020-11-17,002138.SZ,tucker,"(3, 2, 2)",cn_a,INDUSTRY_C39,0.10830587543263231,0.10528646394681473,0.10830587543263231,0.02867811731994152,0,value_factor,0.5390703678131104,quality_factor,0.3439331650733948,momentum_factor,0.08776278793811798
2020-11-17,300054.SZ,tucker,"(3, 2, 2)",cn_a,INDUSTRY_C39,0.09324021047571807,0.09064080798415566,0.09324021047571807,0.02867811731994152,1,value_factor,0.6104164719581604,quality_factor,0.24238620698451996,momentum_factor,0.09793057292699814
2020-11-17,600171.SH,tucker,"(3, 2, 2)",cn_a,INDUSTRY_C39,0.09200021190550212,0.08943537878434876,0.09200021190550212,0.02867811731994152,2,value_factor,0.7061043381690979,momentum_factor,0.10966695845127106,volatility_factor,0.09735459089279175
2020-11-17,300735.SZ,tucker,"(3, 2, 2)",cn_a,INDUSTRY_C39,0.05040464282078142,0.04899943412952934,0.05040464282078142,0.02867811731994152,1,quality_factor,0.4858272671699524,value_factor,0.3634682595729828,volatility_factor,0.0985952764749527
2020-11-17,600764.SH,tucker,"(3, 2, 2)",cn_a,INDUSTRY_C39,0.03363804718867631,0.03270026698389749,0.03363804718867631,0.02867811731994152,1,value_factor,0.6799635291099548,quality_factor,0.14339977502822876,momentum_factor,0.10784197598695755
2020-11-17,605358.SH,tucker,"(3, 2, 2)",cn_a,INDUSTRY_C39,0.03030094124966043,0.029456194741912408,0.03030094124966043,0.02867811731994152,1,value_factor,0.5869395732879639,quality_factor,0.27580082416534424,momentum_factor,0.09458480030298233
2020-11-17,002402.SZ,tucker,"(3, 2, 2)",cn_a,INDUSTRY_C39,0.022512671073377153,0.021885050297090924,0.022512671073377153,0.02867811731994152,1,quality_factor,0.4438439607620239,value_factor,0.39952510595321655,volatility_factor,0.0984647125005722
2020-11-17,300679.SZ,tucker,"(3, 2, 2)",cn_a,INDUSTRY_C39,0.0019056648906297339,0.0018525377039844831,0.0019056648906297339,0.02867811731994152,2,value_factor,0.503791332244873,quality_factor,0.32244011759757996,volatility_factor,0.09808716922998428
2020-11-17,300919.SZ,tucker,"(3, 2, 2)",cn_a,INDUSTRY_C39,-0.0022945178806215018,-0.0022305500338589157,-0.0022945178806215018,0.02867811731994152,1,value_factor,0.46967458724975586,quality_factor,0.3621644973754883,volatility_factor,0.09821071475744247
2020-11-17,688608.SH,tucker,"(3, 2, 2)",cn_a,INDUSTRY_C39,-0.0022945178806215018,-0.0022305500338589157,-0.0022945178806215018,0.02867811731994152,1,value_factor,0.46967458724975586,quality_factor,0.3621644973754883,volatility_factor,0.09821071475744247
2020-11-17,689009.SH,tucker,"(3, 2, 2)",cn_a,INDUSTRY_C39,-0.0022945178806215018,-0.0022305500338589157,-0.0022945178806215018,0.02867811731994152,1,value_factor,0.46967458724975586,quality_factor,0.3621644973754883,volatility_factor,0.09821071475744247
2020-11-17,688100.SH,tucker,"(3, 2, 2)",cn_a,INDUSTRY_C39,-0.01743935020264005,-0.016953166289747905,-0.01743935020264005,0.02867811731994152,1,value_factor,0.6804861426353455,quality_factor,0.11670303344726562,momentum_factor,0.10536348074674606
2020-11-17,002436.SZ,tucker,"(3, 2, 2)",cn_a,INDUSTRY_C39,-0.01811064179559313,-0.017605743241985522,-0.01811064179559313,0.02867811731994152,1,value_factor,0.5976455211639404,quality_factor,0.2131596952676773,volatility_factor,0.0977473258972168
2020-11-17,002281.SZ,tucker,"(3, 2, 2)",cn_a,INDUSTRY_C39,-0.030145652546408816,-0.029305235263574425,-0.030145652546408816,0.02867811731994152,1,quality_factor,0.5066602230072021,value_factor,0.34557607769966125,volatility_factor,0.09866006672382355
2020-11-17,688981.SH,tucker,"(3, 2, 2)",cn_a,INDUSTRY_C39,-0.04353309592003229,-0.04231945603845537,-0.04353309592003229,0.02867811731994152,1,quality_factor,0.8200751543045044,volatility_factor,0.09963473677635193,value_factor,0.07640344649553299
2020-11-17,603160.SH,tucker,"(3, 2, 2)",cn_a,INDUSTRY_C39,-0.04899865575057002,-0.04763264394953049,-0.04899865575057002,0.02867811731994152,2,value_factor,0.5896193385124207,quality_factor,0.22250501811504364,volatility_factor,0.0977763831615448
2020-11-17,002841.SZ,tucker,"(3, 2, 2)",cn_a,INDUSTRY_C39,-0.06024647407847855,-0.05856688933678354,-0.06024647407847855,0.02867811731994152,2,value_factor,0.605390727519989,quality_factor,0.20414131879806519,volatility_factor,0.09771926701068878
2020-11-17,300037.SZ,tucker,"(3, 2, 2)",cn_a,INDUSTRY_C39,-0.06469217476436903,-0.0628886503041697,-0.06469217476436903,0.02867811731994152,1,value_factor,0.5939040780067444,quality_factor,0.26588818430900574,momentum_factor,0.09557733684778214
2020-11-17,688027.SH,tucker,"(3, 2, 2)",cn_a,INDUSTRY_C39,-0.08526787500715384,-0.08289072972173485,-0.08526787500715384,0.02867811731994152,1,quality_factor,0.5680157542228699,value_factor,0.3526189923286438,momentum_factor,0.06078445166349411
2020-11-17,300857.SZ,tucker,"(3, 2, 2)",cn_a,INDUSTRY_C39,-0.10144160874053082,-0.09861356310267906,-0.10144160874053082,0.02867811731994152,1,value_factor,0.4823625683784485,quality_factor,0.4246453642845154,momentum_factor,0.0796811506152153
2020-11-17,002156.SZ,tucker,"(3, 2, 2)",cn_a,INDUSTRY_C39,-0.10312207786070089,-0.10024718316925223,-0.10312207786070089,0.02867811731994152,2,quality_factor,0.6721115112304688,value_factor,0.2034803032875061,volatility_factor,0.09917458891868591
2020-11-17,603486.SH,tucker,"(3, 2, 2)",cn_a,INDUSTRY_C39,-0.10457883201866598,-0.10166332512387191,-0.10457883201866598,0.02867811731994152,1,value_factor,0.47762542963027954,quality_factor,0.4313877522945404,momentum_factor,0.07900604605674744
2020-11-17,603659.SH,tucker,"(3, 2, 2)",cn_a,INDUSTRY_C39,-0.1116453530433945,-0.10853284174176094,-0.1116453530433945,0.02867811731994152,1,value_factor,0.7763012051582336,momentum_factor,0.12157140672206879,volatility_factor,0.0958450585603714
2020-11-17,300627.SZ,tucker,"(3, 2, 2)",cn_a,INDUSTRY_C39,-0.11379117196744855,-0.11061883833133966,-0.11379117196744855,0.02867811731994152,1,value_factor,0.6594592332839966,quality_factor,0.17258360981941223,momentum_factor,0.10491984337568283
2020-11-17,300136.SZ,tucker,"(3, 2, 2)",cn_a,INDUSTRY_C39,-0.11591097623371142,-0.11267954551423867,-0.11591097623371142,0.02867811731994152,1,value_factor,0.7739295363426208,momentum_factor,0.12123341858386993,volatility_factor,0.09517913311719894
2020-11-17,002185.SZ,tucker,"(3, 2, 2)",cn_a,INDUSTRY_C39,-0.12910116179832878,-0.12550200774312026,-0.12910116179832878,0.02867811731994152,2,quality_factor,0.7564433217048645,value_factor,0.1310529261827469,volatility_factor,0.09943684935569763
2020-11-17,300373.SZ,tucker,"(3, 2, 2)",cn_a,INDUSTRY_C39,-0.1324684855763816,-0.12877545539440427,-0.1324684855763816,0.02867811731994152,1,value_factor,0.4904022514820099,quality_factor,0.4132024049758911,momentum_factor,0.08082691580057144
2020-11-17,300458.SZ,tucker,"(3, 2, 2)",cn_a,INDUSTRY_C39,-0.15237713404548792,-0.14812907947896448,-0.15237713404548792,0.02867811731994152,1,quality_factor,0.8335021734237671,volatility_factor,0.08357556164264679,value_factor,0.06460554897785187
2020-11-17,600118.SH,tucker,"(3, 2, 2)",cn_a,INDUSTRY_C39,-0.160505150549816,-0.15603049861457136,-0.160505150549816,0.02867811731994152,2,quality_factor,0.6763474345207214,value_factor,0.23509520292282104,volatility_factor,0.045101895928382874
2020-11-17,603019.SH,tucker,"(3, 2, 2)",cn_a,INDUSTRY_C39,-0.16171914338235363,-0.1572106470791315,-0.16171914338235363,0.02867811731994152,1,value_factor,0.5054128170013428,quality_factor,0.3918379843235016,momentum_factor,0.08296611905097961
2020-11-17,300623.SZ,tucker,"(3, 2, 2)",cn_a,INDUSTRY_C39,-0.1669067599251176,-0.1622536403601318,-0.1669067599251176,0.02867811731994152,1,value_factor,0.5626238584518433,quality_factor,0.31040939688682556,momentum_factor,0.09111947566270828
2020-11-17,688002.SH,tucker,"(3, 2, 2)",cn_a,INDUSTRY_C39,-0.1980544570358276,-0.19253298463183682,-0.1980544570358276,0.02867811731994152,1,value_factor,0.5314897894859314,quality_factor,0.3547225892543793,momentum_factor,0.08668244630098343
2020-11-17,300390.SZ,tucker,"(3, 2, 2)",cn_a,INDUSTRY_C39,-0.20661759593482745,-0.2008573955777777,-0.20661759593482745,0.02867811731994152,1,value_factor,0.5391623377799988,quality_factor,0.3438023030757904,momentum_factor,0.08777588605880737
2020-11-17,600435.SH,tucker,"(3, 2, 2)",cn_a,INDUSTRY_C39,-0.23552305009831812,-0.22895700739933278,-0.23552305009831812,0.02867811731994152,2,quality_factor,0.8024479150772095,volatility_factor,0.09957991540431976,value_factor,0.09154241532087326
2020-11-17,688008.SH,tucker,"(3, 2, 2)",cn_a,INDUSTRY_C39,-0.23707726205790308,-0.23046789017272704,-0.23707726205790308,0.02867811731994152,1,value_factor,0.5370128154754639,quality_factor,0.3468616306781769,momentum_factor,0.08746956288814545
2020-11-17,300115.SZ,tucker,"(3, 2, 2)",cn_a,INDUSTRY_C39,-0.24220540837330093,-0.23545307117046493,-0.24220540837330093,0.02867811731994152,2,quality_factor,0.8728021383285522,volatility_factor,0.09319675713777542,value_factor,0.021970799192786217
2020-11-17,600562.SH,tucker,"(3, 2, 2)",cn_a,INDUSTRY_C39,-0.26827183883631756,-0.26079280717466385,-0.26827183883631756,0.02867811731994152,2,quality_factor,0.8836747407913208,volatility_factor,0.09585851430892944,momentum_factor,0.010291099548339844
2020-11-17,300474.SZ,tucker,"(3, 2, 2)",cn_a,INDUSTRY_C39,-0.26950921480547546,-0.2619956868877449,-0.26950921480547546,0.02867811731994152,1,quality_factor,0.5396264791488647,value_factor,0.3834172487258911,momentum_factor,0.06532566249370575
2020-11-17,002414.SZ,tucker,"(3, 2, 2)",cn_a,INDUSTRY_C39,-0.28755574462008204,-0.27953910549823896,-0.28755574462008204,0.02867811731994152,1,value_factor,0.5164992213249207,quality_factor,0.37605857849121094,momentum_factor,0.08454608917236328
2020-11-17,688019.SH,tucker,"(3, 2, 2)",cn_a,INDUSTRY_C39,-0.32048685251002257,-0.3115521416307019,-0.32048685251002257,0.02867811731994152,1,value_factor,0.49377378821372986,quality_factor,0.4084037244319916,momentum_factor,0.08130741119384766
2020-11-17,603290.SH,tucker,"(3, 2, 2)",cn_a,INDUSTRY_C39,-0.34086800263477873,-0.3313650947067288,-0.34086800263477873,0.02867811731994152,1,value_factor,0.5757797956466675,quality_factor,0.291684627532959,momentum_factor,0.09299437701702118
2020-11-17,603501.SH,tucker,"(3, 2, 2)",cn_a,INDUSTRY_C39,-0.36592818440445907,-0.35572663477881156,-0.36592818440445907,0.02867811731994152,1,quality_factor,0.461727112531662,value_factor,0.4563091993331909,momentum_factor,0.0759681910276413
2020-11-17,300346.SZ,tucker,"(3, 2, 2)",cn_a,INDUSTRY_C39,-0.3663042287681819,-0.35609219556843036,-0.3663042287681819,0.02867811731994152,1,value_factor,0.4585929811000824,quality_factor,0.45847657322883606,momentum_factor,0.07629366219043732
2020-11-17,300223.SZ,tucker,"(3, 2, 2)",cn_a,INDUSTRY_C39,-0.4214520703400955,-0.4097025949139168,-0.4214520703400955,0.02867811731994152,1,quality_factor,0.5121923089027405,value_factor,0.4131792485713959,momentum_factor,0.06971407681703568
2020-11-18,600707.SH,tucker,"(3, 2, 2)",cn_a,INDUSTRY_C39,1.1522578387604447,1.1353176850796007,1.1522578387604447,0.014921093359589577,0,quality_factor,0.4967629015445709,value_factor,0.4299179017543793,momentum_factor,0.07218220084905624
2020-11-18,600601.SH,tucker,"(3, 2, 2)",cn_a,INDUSTRY_C39,0.8527057366775023,0.8401695093350234,0.8527057366775023,0.014921093359589577,2,quality_factor,0.7126096487045288,value_factor,0.1957559883594513,volatility_factor,0.05397940054535866
2020-11-18,600060.SH,tucker,"(3, 2, 2)",cn_a,INDUSTRY_C39,0.8097619367362621,0.7978570564292927,0.8097619367362621,0.014921093359589577,1,value_factor,0.5753945708274841,quality_factor,0.2922329306602478,momentum_factor,0.09293948113918304
2020-11-18,002429.SZ,tucker,"(3, 2, 2)",cn_a,INDUSTRY_C39,0.7309630563272451,0.7202166538358342,0.7309630563272451,0.014921093359589577,0,quality_factor,0.5438891649246216,value_factor,0.37879279255867004,momentum_factor,0.06464378535747528
2020-11-18,600699.SH,tucker,"(3, 2, 2)",cn_a,INDUSTRY_C39,0.7033830137616015,0.6930420848923868,0.7033830137616015,0.014921093359589577,0,value_factor,0.5179893970489502,quality_factor,0.3739376664161682,momentum_factor,0.0847584530711174
2020-11-18,002130.SZ,tucker,"(3, 2, 2)",cn_a,INDUSTRY_C39,0.5284584534181845,0.5206892136580319,0.5284584534181845,0.014921093359589577,0,value_factor,0.578825831413269,quality_factor,0.28734922409057617,momentum_factor,0.09342847019433975
2020-11-18,600363.SH,tucker,"(3, 2, 2)",cn_a,INDUSTRY_C39,0.4842277001346179,0.4771087278170796,0.4842277001346179,0.014921093359589577,0,value_factor,0.5449194312095642,quality_factor,0.3356081247329712,momentum_factor,0.08859635889530182
2020-11-18,002583.SZ,tucker,"(3, 2, 2)",cn_a,INDUSTRY_C39,0.4440822170022606,0.43755345169480037,0.4440822170022606,0.014921093359589577,0,value_factor,0.5201138854026794,quality_factor,0.3709138035774231,momentum_factor,0.08506122976541519
2020-11-18,603920.SH,tucker,"(3, 2, 2)",cn_a,INDUSTRY_C39,0.42425908592843237,0.4180217544264366,0.42425908592843237,0.014921093359589577,0,quality_factor,0.5782701969146729,value_factor,0.34149447083473206,momentum_factor,0.05914413928985596
2020-11-18,600884.SH,tucker,"(3, 2, 2)",cn_a,INDUSTRY_C39,0.3999263866258362,0.3940467872665865,0.3999263866258362,0.014921093359589577,2,value_factor,0.7648866176605225,momentum_factor,0.11954151093959808,volatility_factor,0.09714173525571823
2020-11-18,300073.SZ,tucker,"(3, 2, 2)",cn_a,INDUSTRY_C39,0.38780887638522393,0.3821074250747877,0.38780887638522393,0.014921093359589577,2,quality_factor,0.8877801895141602,volatility_factor,0.09686357527971268,momentum_factor,0.009634392336010933
2020-11-18,600563.SH,tucker,"(3, 2, 2)",cn_a,INDUSTRY_C39,0.3602190123049288,0.3549231790096901,0.3602190123049288,0.014921093359589577,2,quality_factor,0.7843655347824097,value_factor,0.1179114282131195,volatility_factor,0.07154624164104462
2020-11-18,601231.SH,tucker,"(3, 2, 2)",cn_a,INDUSTRY_C39,0.2940532947424727,0.28973021024199774,0.2940532947424727,0.014921093359589577,0,quality_factor,0.6182867288589478,value_factor,0.2980824112892151,momentum_factor,0.05274302512407303
2020-11-18,600498.SH,tucker,"(3, 2, 2)",cn_a,INDUSTRY_C39,0.2829474928304295,0.27878768254238384,0.2829474928304295,0.014921093359589577,2,value_factor,0.6206653714179993,quality_factor,0.22779886424541473,momentum_factor,0.09939118474721909
2020-11-18,002152.SZ,tucker,"(3, 2, 2)",cn_a,INDUSTRY_C39,0.2769042251448761,0.27283326118955564,0.2769042251448761,0.014921093359589577,0,value_factor,0.5561919808387756,quality_factor,0.31956398487091064,momentum_factor,0.09020283818244934
2020-11-18,603228.SH,tucker,"(3, 2, 2)",cn_a,INDUSTRY_C39,0.2704922223599689,0.26651552577165993,0.2704922223599689,0.014921093359589577,2,quality_factor,0.7252750396728516,value_factor,0.18201592564582825,volatility_factor,0.05708006024360657
2020-11-18,002025.SZ,tucker,"(3, 2, 2)",cn_a,INDUSTRY_C39,0.219082233501172,0.21586135135187381,0.219082233501172,0.014921093359589577,0,quality_factor,0.6952393651008606,value_factor,0.21460020542144775,volatility_factor,0.049726903438568115
2020-11-18,002273.SZ,tucker,"(3, 2, 2)",cn_a,INDUSTRY_C39,0.2089912201559037,0.20591869309790017,0.2089912201559037,0.014921093359589577,0,quality_factor,0.4951775074005127,value_factor,0.431637704372406,momentum_factor,0.07243578135967255
2020-11-18,002465.SZ,tucker,"(3, 2, 2)",cn_a,INDUSTRY_C39,0.12850328044150944,0.1266140632490158,0.12850328044150944,0.014921093359589577,2,value_factor,0.7183489799499512,momentum_factor,0.1117238849401474,volatility_factor,0.09731025993824005
2020-11-18,300570.SZ,tucker,"(3, 2, 2)",cn_a,INDUSTRY_C39,0.10443905969005683,0.10290362754811917,0.10443905969005683,0.014921093359589577,1,quality_factor,0.6542156934738159,value_factor,0.25910478830337524,momentum_factor,0.04699575901031494
2020-11-18,002138.SZ,tucker,"(3, 2, 2)",cn_a,INDUSTRY_C39,0.10110924267135862,0.09962276451361474,0.10110924267135862,0.014921093359589577,0,value_factor,0.5428023934364319,quality_factor,0.33862122893333435,momentum_factor,0.08829464763402939
2020-11-18,600171.SH,tucker,"(3, 2, 2)",cn_a,INDUSTRY_C39,0.08956044793633876,0.08824375674038307,0.08956044793633876,0.014921093359589577,2,value_factor,0.7035064101219177,momentum_factor,0.10923054069280624,volatility_factor,0.09736399352550507
2020-11-18,300054.SZ,tucker,"(3, 2, 2)",cn_a,INDUSTRY_C39,0.08433445220742081,0.08309459205379374,0.08433445220742081,0.014921093359589577,1,value_factor,0.6212424039840698,quality_factor,0.22697757184505463,momentum_factor,0.09947341680526733
2020-11-18,300735.SZ,tucker,"(3, 2, 2)",cn_a,INDUSTRY_C39,0.0429548262780739,0.04232331713662399,0.0429548262780739,0.014921093359589577,1,quality_factor,0.4634915292263031,value_factor,0.3826510012149811,volatility_factor,0.09852581471204758
2020-11-18,600764.SH,tucker,"(3, 2, 2)",cn_a,INDUSTRY_C39,0.030190696323466878,0.029746841642468217,0.030190696323466878,0.014921093359589577,1,value_factor,0.696000874042511,quality_factor,0.12057387828826904,momentum_factor,0.1101275086402893
2020-11-18,605358.SH,tucker,"(3, 2, 2)",cn_a,INDUSTRY_C39,0.025372800288339086,0.02499977688876715,0.025372800288339086,0.014921093359589577,1,value_factor,0.6049189567565918,quality_factor,0.25021079182624817,momentum_factor,0.09714710712432861
2020-11-18,002402.SZ,tucker,"(3, 2, 2)",cn_a,INDUSTRY_C39,0.016602456123328346,0.016358371727676752,0.016602456123328346,0.014921093359589577,1,value_factor,0.42541471123695374,quality_factor,0.41369903087615967,volatility_factor,0.09837096929550171
2020-11-18,300679.SZ,tucker,"(3, 2, 2)",cn_a,INDUSTRY_C39,-0.005330328690983673,-0.005251963776328968,-0.005330328690983673,0.014921093359589577,2,value_factor,0.48920467495918274,quality_factor,0.33942434191703796,volatility_factor,0.09813997894525528
2020-11-18,300919.SZ,tucker,"(3, 2, 2)",cn_a,INDUSTRY_C39,-0.007203276468286391,-0.007097376029796297,-0.007203276468286391,0.014921093359589577,1,quality_factor,0.44139835238456726,value_factor,0.40162551403045654,volatility_factor,0.09845711290836334
2020-11-18,688608.SH,tucker,"(3, 2, 2)",cn_a,INDUSTRY_C39,-0.007203276468286391,-0.007097376029796297,-0.007203276468286391,0.014921093359589577,1,quality_factor,0.44139835238456726,value_factor,0.40162551403045654,volatility_factor,0.09845711290836334
2020-11-18,689009.SH,tucker,"(3, 2, 2)",cn_a,INDUSTRY_C39,-0.007203276468286391,-0.007097376029796297,-0.007203276468286391,0.014921093359589577,1,quality_factor,0.44139835238456726,value_factor,0.40162551403045654,volatility_factor,0.09845711290836334
2020-11-18,688100.SH,tucker,"(3, 2, 2)",cn_a,INDUSTRY_C39,-0.01912110147443927,-0.018839988700346564,-0.01912110147443927,0.014921093359589577,1,value_factor,0.6994245052337646,momentum_factor,0.10854484885931015,volatility_factor,0.09737877547740936
2020-11-18,002436.SZ,tucker,"(3, 2, 2)",cn_a,INDUSTRY_C39,-0.022565856706743995,-0.022234100160862406,-0.022565856706743995,0.014921093359589577,1,value_factor,0.6224274039268494,quality_factor,0.1843045949935913,volatility_factor,0.09765759110450745
2020-11-18,002281.SZ,tucker,"(3, 2, 2)",cn_a,INDUSTRY_C39,-0.03499047013413092,-0.03447605059928548,-0.03499047013413092,0.014921093359589577,1,quality_factor,0.5401288270950317,value_factor,0.3168320059776306,volatility_factor,0.09876414388418198
2020-11-18,688981.SH,tucker,"(3, 2, 2)",cn_a,INDUSTRY_C39,-0.04825836505397618,-0.04754888485527337,-0.04825836505397618,0.014921093359589577,1,quality_factor,0.8789816498756409,volatility_factor,0.09863279014825821,value_factor,0.01628195121884346
2020-11-18,603160.SH,tucker,"(3, 2, 2)",cn_a,INDUSTRY_C39,-0.05136719515081059,-0.05061200985222782,-0.05136719515081059,0.014921093359589577,2,value_factor,0.5950810313224792,quality_factor,0.21614567935466766,volatility_factor,0.09775660187005997
2020-11-18,002841.SZ,tucker,"(3, 2, 2)",cn_a,INDUSTRY_C39,-0.06552570411871349,-0.0645623646121577,-0.06552570411871349,0.014921093359589577,2,value_factor,0.6158305406570435,quality_factor,0.19198563694953918,volatility_factor,0.09768147021532059
2020-11-18,300037.SZ,tucker,"(3, 2, 2)",cn_a,INDUSTRY_C39,-0.07049280040166149,-0.06945643611579831,-0.07049280040166149,0.014921093359589577,1,value_factor,0.5837048888206482,quality_factor,0.28040483593940735,momentum_factor,0.09412381052970886
2020-11-18,688027.SH,tucker,"(3, 2, 2)",cn_a,INDUSTRY_C39,-0.08969901661163142,-0.08838028822002746,-0.08969901661163142,0.014921093359589577,1,quality_factor,0.5601715445518494,value_factor,0.3611287772655487,momentum_factor,0.062039218842983246
2020-11-18,300857.SZ,tucker,"(3, 2, 2)",cn_a,INDUSTRY_C39,-0.10655729002102132,-0.10499071628374718,-0.10655729002102132,0.014921093359589577,1,value_factor,0.4818127751350403,quality_factor,0.4254279136657715,momentum_factor,0.07960280030965805
2020-11-18,002156.SZ,tucker,"(3, 2, 2)",cn_a,INDUSTRY_C39,-0.1065989159476292,-0.1050317302383032,-0.1065989159476292,0.014921093359589577,2,quality_factor,0.6902632713317871,value_factor,0.18789082765579224,volatility_factor,0.09923103451728821
2020-11-18,603486.SH,tucker,"(3, 2, 2)",cn_a,INDUSTRY_C39,-0.10842354733651284,-0.1068295364365925,-0.10842354733651284,0.014921093359589577,1,value_factor,0.4774470031261444,quality_factor,0.4316416084766388,momentum_factor,0.07898061722517014
2020-11-18,603659.SH,tucker,"(3, 2, 2)",cn_a,INDUSTRY_C39,-0.11432289528759786,-0.11264215392028867,-0.11432289528759786,0.014921093359589577,1,value_factor,0.768600583076477,momentum_factor,0.1204739660024643,volatility_factor,0.09368281811475754
2020-11-18,300627.SZ,tucker,"(3, 2, 2)",cn_a,INDUSTRY_C39,-0.11834222062878373,-0.1166023883300158,-0.11834222062878373,0.014921093359589577,1,value_factor,0.6516484022140503,quality_factor,0.183700829744339,momentum_factor,0.10380668938159943
2020-11-18,300136.SZ,tucker,"(3, 2, 2)",cn_a,INDUSTRY_C39,-0.12045021846708441,-0.11867939500805835,-0.12045021846708441,0.014921093359589577,1,value_factor,0.7632440328598022,momentum_factor,0.11971058696508408,volatility_factor,0.09217877686023712
2020-11-18,002185.SZ,tucker,"(3, 2, 2)",cn_a,INDUSTRY_C39,-0.1325293204336654,-0.13058091359290197,-0.1325293204336654,0.014921093359589577,2,quality_factor,0.77603679895401,value_factor,0.11422530561685562,volatility_factor,0.09949778765439987
2020-11-18,300373.SZ,tucker,"(3, 2, 2)",cn_a,INDUSTRY_C39,-0.13713586902742292,-0.13511973807275762,-0.13713586902742292,0.014921093359589577,1,value_factor,0.4896431863307953,quality_factor,0.41428279876708984,momentum_factor,0.0807187408208847
2020-11-18,300458.SZ,tucker,"(3, 2, 2)",cn_a,INDUSTRY_C39,-0.1565551264305902,-0.15425349930162124,-0.1565551264305902,0.014921093359589577,1,quality_factor,0.8158401846885681,value_factor,0.0837661400437355,volatility_factor,0.07925166189670563
2020-11-18,600118.SH,tucker,"(3, 2, 2)",cn_a,INDUSTRY_C39,-0.1592545241221986,-0.15691321124738064,-0.1592545241221986,0.014921093359589577,2,quality_factor,0.674689769744873,value_factor,0.2368934601545334,volatility_factor,0.044696081429719925
2020-11-18,603019.SH,tucker,"(3, 2, 2)",cn_a,INDUSTRY_C39,-0.16333222112826037,-0.16093095915904448,-0.16333222112826037,0.014921093359589577,1,value_factor,0.5047814249992371,quality_factor,0.392736554145813,momentum_factor,0.08287614583969116
2020-11-18,300623.SZ,tucker,"(3, 2, 2)",cn_a,INDUSTRY_C39,-0.17069753009644542,-0.16818798553488704,-0.17069753009644542,0.014921093359589577,1,value_factor,0.5597923994064331,quality_factor,0.31443941593170166,momentum_factor,0.09071595221757889
2020-11-18,688002.SH,tucker,"(3, 2, 2)",cn_a,INDUSTRY_C39,-0.1998036655747314,-0.19686621122469367,-0.1998036655747314,0.014921093359589577,1,value_factor,0.5303642749786377,quality_factor,0.35632458329200745,momentum_factor,0.08652204275131226
2020-11-18,300390.SZ,tucker,"(3, 2, 2)",cn_a,INDUSTRY_C39,-0.2096108332477902,-0.20652919682151324,-0.2096108332477902,0.014921093359589577,1,value_factor,0.537537693977356,quality_factor,0.3461146056652069,momentum_factor,0.08754435181617737
2020-11-18,600435.SH,tucker,"(3, 2, 2)",cn_a,INDUSTRY_C39,-0.23516328213732357,-0.23170598117091531,-0.23516328213732357,0.014921093359589577,2,quality_factor,0.8091719746589661,volatility_factor,0.09960082918405533,value_factor,0.08576754480600357
2020-11-18,688008.SH,tucker,"(3, 2, 2)",cn_a,INDUSTRY_C39,-0.23722318078970334,-0.23373559580303116,-0.23722318078970334,0.014921093359589577,1,value_factor,0.536276638507843,quality_factor,0.3479093015193939,momentum_factor,0.08736464381217957
2020-11-18,300115.SZ,tucker,"(3, 2, 2)",cn_a,INDUSTRY_C39,-0.24471463292283493,-0.2411169108243472,-0.24471463292283493,0.014921093359589577,2,quality_factor,0.8609743714332581,volatility_factor,0.09030114114284515,value_factor,0.03480224311351776
2020-11-18,600562.SH,tucker,"(3, 2, 2)",cn_a,INDUSTRY_C39,-0.269249823906094,-0.26529139269210794,-0.269249823906094,0.014921093359589577,2,quality_factor,0.8747798800468445,volatility_factor,0.09368093311786652,value_factor,0.019825253635644913
2020-11-18,300474.SZ,tucker,"(3, 2, 2)",cn_a,INDUSTRY_C39,-0.27118165701266916,-0.26719482456016663,-0.27118165701266916,0.014921093359589577,1,quality_factor,0.5376067757606506,value_factor,0.3856082558631897,momentum_factor,0.06564872711896896
2020-11-18,002414.SZ,tucker,"(3, 2, 2)",cn_a,INDUSTRY_C39,-0.28843473138163134,-0.2841942493366108,-0.28843473138163134,0.014921093359589577,1,value_factor,0.5159221291542053,quality_factor,0.37688004970550537,momentum_factor,0.08446384221315384
2020-11-18,688019.SH,tucker,"(3, 2, 2)",cn_a,INDUSTRY_C39,-0.32021166142334,-0.3155040043587153,-0.32021166142334,0.014921093359589577,1,value_factor,0.4936414957046509,quality_factor,0.40859198570251465,momentum_factor,0.08128855377435684
2020-11-18,603290.SH,tucker,"(3, 2, 2)",cn_a,INDUSTRY_C39,-0.3396538214730089,-0.33466033152615077,-0.3396538214730089,0.014921093359589577,1,value_factor,0.5749667882919312,quality_factor,0.29284176230430603,momentum_factor,0.09287850558757782
2020-11-18,603501.SH,tucker,"(3, 2, 2)",cn_a,INDUSTRY_C39,-0.3641878588140637,-0.35883367671221345,-0.3641878588140637,0.014921093359589577,1,quality_factor,0.4613052308559418,value_factor,0.45660561323165894,momentum_factor,0.07601043581962585
2020-11-18,300346.SZ,tucker,"(3, 2, 2)",cn_a,INDUSTRY_C39,-0.3657953235295625,-0.36041750895726943,-0.3657953235295625,0.014921093359589577,1,value_factor,0.4589083790779114,quality_factor,0.4580276608467102,momentum_factor,0.07633860409259796
2020-11-18,300223.SZ,tucker,"(3, 2, 2)",cn_a,INDUSTRY_C39,-0.41979200831683694,-0.4136203504676462,-0.41979200831683694,0.014921093359589577,1,quality_factor,0.5113768577575684,value_factor,0.41406381130218506,momentum_factor,0.06984450668096542
2020-11-19,600707.SH,tucker,"(3, 2, 2)",cn_a,INDUSTRY_C39,1.1505134332888207,1.1308596330513374,1.1505134332888207,0.017379503697156906,0,quality_factor,0.49670225381851196,value_factor,0.42998361587524414,momentum_factor,0.07219188660383224
2020-11-19,600601.SH,tucker,"(3, 2, 2)",cn_a,INDUSTRY_C39,0.8484969251049016,0.8340023624291225,0.8484969251049016,0.017379503697156906,2,quality_factor,0.7144036889076233,value_factor,0.19380967319011688,volatility_factor,0.05441860854625702
2020-11-19,600060.SH,tucker,"(3, 2, 2)",cn_a,INDUSTRY_C39,0.8185678196939414,0.8045845249808077,0.8185678196939414,0.017379503697156906,1,value_factor,0.5747424960136414,quality_factor,0.29316097497940063,momentum_factor,0.09284655004739761
2020-11-19,002429.SZ,tucker,"(3, 2, 2)",cn_a,INDUSTRY_C39,0.7222666980045649,0.7099284801358781,0.7222666980045649,0.017379503697156906,0,quality_factor,0.5450239181518555,value_factor,0.37756168842315674,momentum_factor,0.06446225941181183
2020-11-19,600699.SH,tucker,"(3, 2, 2)",cn_a,INDUSTRY_C39,0.7003079244563064,0.688344820285809,0.7003079244563064,0.017379503697156906,0,value_factor,0.5184606313705444,quality_factor,0.3732669949531555,momentum_factor,0.08482562005519867
2020-11-19,002130.SZ,tucker,"(3, 2, 2)",cn_a,INDUSTRY_C39,0.5206128584034982,0.5117194193317973,0.5206128584034982,0.017379503697156906,0,value_factor,0.5806403756141663,quality_factor,0.2847665548324585,momentum_factor,0.09368707239627838
2020-11-19,600363.SH,tucker,"(3, 2, 2)",cn_a,INDUSTRY_C39,0.483506533071343,0.4752469677854879,0.483506533071343,0.017379503697156906,0,value_factor,0.5453364849090576,quality_factor,0.33501455187797546,momentum_factor,0.08865578472614288
2020-11-19,002583.SZ,tucker,"(3, 2, 2)",cn_a,INDUSTRY_C39,0.43306360738980015,0.42566574015635744,0.43306360738980015,0.017379503697156906,0,value_factor,0.5215903520584106,quality_factor,0.3688124716281891,momentum_factor,0.08527164906263351
2020-11-19,603920.SH,tucker,"(3, 2, 2)",cn_a,INDUSTRY_C39,0.4210383393093697,0.4138458953328979,0.4210383393093697,0.017379503697156906,0,quality_factor,0.5793418884277344,value_factor,0.34033188223838806,momentum_factor,0.058972716331481934
2020-11-19,600884.SH,tucker,"(3, 2, 2)",cn_a,INDUSTRY_C39,0.39568284142395627,0.3889235361453416,0.39568284142395627,0.017379503697156906,2,value_factor,0.761655867099762,momentum_factor,0.11899878829717636,volatility_factor,0.097153440117836
2020-11-19,300073.SZ,tucker,"(3, 2, 2)",cn_a,INDUSTRY_C39,0.3776796578004244,0.37122789432387643,0.3776796578004244,0.017379503697156906,2,quality_factor,0.8844936490058899,volatility_factor,0.09844557195901871,value_factor,0.009904620237648487
2020-11-19,600563.SH,tucker,"(3, 2, 2)",cn_a,INDUSTRY_C39,0.35579293023476305,0.3497150497212311,0.35579293023476305,0.017379503697156906,2,quality_factor,0.7896050214767456,value_factor,0.11222735047340393,volatility_factor,0.07282894104719162
2020-11-19,601231.SH,tucker,"(3, 2, 2)",cn_a,INDUSTRY_C39,0.2892886050689664,0.28434679362157383,0.2892886050689664,0.017379503697156906,0,quality_factor,0.6213700771331787,value_factor,0.29473748803138733,momentum_factor,0.052249807864427567
2020-11-19,600498.SH,tucker,"(3, 2, 2)",cn_a,INDUSTRY_C39,0.28387990009404046,0.27903048357576815,0.28387990009404046,0.017379503697156906,2,value_factor,0.6206637620925903,quality_factor,0.22780108451843262,momentum_factor,0.09939095377922058
2020-11-19,002152.SZ,tucker,"(3, 2, 2)",cn_a,INDUSTRY_C39,0.26943432069260975,0.2648316727244958,0.26943432069260975,0.017379503697156906,0,value_factor,0.5586898326873779,quality_factor,0.31600868701934814,momentum_factor,0.09055882692337036
2020-11-19,603228.SH,tucker,"(3, 2, 2)",cn_a,INDUSTRY_C39,0.26679107967421406,0.2622335852257827,0.26679107967421406,0.017379503697156906,2,quality_factor,0.7298917174339294,value_factor,0.1770075261592865,volatility_factor,0.05821028724312782
2020-11-19,002025.SZ,tucker,"(3, 2, 2)",cn_a,INDUSTRY_C39,0.21066876035782192,0.20706998296630974,0.21066876035782192,0.017379503697156906,0,quality_factor,0.7063009738922119,value_factor,0.20260000228881836,volatility_factor,0.05243494734168053
2020-11-19,002273.SZ,tucker,"(3, 2, 2)",cn_a,INDUSTRY_C39,0.2026153433361395,0.19915413952246971,0.2026153433361395,0.017379503697156906,0,quality_factor,0.49647098779678345,value_factor,0.43023449182510376,momentum_factor,0.07222887873649597
2020-11-19,002465.SZ,tucker,"(3, 2, 2)",cn_a,INDUSTRY_C39,0.12183873401096224,0.1197574074743444,0.12183873401096224,0.017379503697156906,2,value_factor,0.7072010040283203,momentum_factor,0.1098511815071106,volatility_factor,0.09735061973333359
2020-11-19,300570.SZ,tucker,"(3, 2, 2)",cn_a,INDUSTRY_C39,0.09590190640394021,0.09426364920822114,0.09590190640394021,0.017379503697156906,1,quality_factor,0.6741430163383484,value_factor,0.2374866008758545,volatility_factor,0.04456223174929619
2020-11-19,002138.SZ,tucker,"(3, 2, 2)",cn_a,INDUSTRY_C39,0.09464481946876331,0.0930280366294405,0.09464481946876331,0.017379503697156906,0,value_factor,0.5476750135421753,quality_factor,0.3316860496997833,momentum_factor,0.08898906409740448
2020-11-19,600171.SH,tucker,"(3, 2, 2)",cn_a,INDUSTRY_C39,0.0883668746794554,0.0868573356751205,0.0883668746794554,0.017379503697156906,2,value_factor,0.7004758715629578,momentum_factor,0.10872146487236023,volatility_factor,0.09737497568130493
2020-11-19,300054.SZ,tucker,"(3, 2, 2)",cn_a,INDUSTRY_C39,0.07559851023847454,0.07430708853448707,0.07559851023847454,0.017379503697156906,1,value_factor,0.6361477971076965,quality_factor,0.20576266944408417,momentum_factor,0.10159764438867569
2020-11-19,300735.SZ,tucker,"(3, 2, 2)",cn_a,INDUSTRY_C39,0.035148969899173745,0.03454853290038361,0.035148969899173745,0.017379503697156906,1,quality_factor,0.437753826379776,value_factor,0.40475553274154663,volatility_factor,0.09844577312469482
2020-11-19,600764.SH,tucker,"(3, 2, 2)",cn_a,INDUSTRY_C39,0.026764771260141748,0.026307558460596184,0.026764771260141748,0.017379503697156906,1,value_factor,0.7180598974227905,momentum_factor,0.11327122896909714,quality_factor,0.08917715400457382
2020-11-19,605358.SH,tucker,"(3, 2, 2)",cn_a,INDUSTRY_C39,0.020154215189113797,0.019809928101445645,0.020154215189113797,0.017379503697156906,1,value_factor,0.6343334317207336,quality_factor,0.20834510028362274,momentum_factor,0.10133907198905945
2020-11-19,002402.SZ,tucker,"(3, 2, 2)",cn_a,INDUSTRY_C39,0.010094321442196495,0.009921883840498304,0.010094321442196495,0.017379503697156906,1,value_factor,0.455121785402298,quality_factor,0.3791091740131378,volatility_factor,0.09826339781284332
2020-11-19,300919.SZ,tucker,"(3, 2, 2)",cn_a,INDUSTRY_C39,-0.012987594928069116,-0.012765732593483455,-0.012987594928069116,0.017379503697156906,1,quality_factor,0.5376648306846619,value_factor,0.3189481198787689,volatility_factor,0.09875647723674774
2020-11-19,688608.SH,tucker,"(3, 2, 2)",cn_a,INDUSTRY_C39,-0.012987594928069116,-0.012765732593483455,-0.012987594928069116,0.017379503697156906,1,quality_factor,0.5376648306846619,value_factor,0.3189481198787689,volatility_factor,0.09875647723674774
2020-11-19,689009.SH,tucker,"(3, 2, 2)",cn_a,INDUSTRY_C39,-0.012987594928069116,-0.012765732593483455,-0.012987594928069116,0.017379503697156906,1,quality_factor,0.5376648306846619,value_factor,0.3189481198787689,volatility_factor,0.09875647723674774
2020-11-19,300679.SZ,tucker,"(3, 2, 2)",cn_a,INDUSTRY_C39,-0.013761525218299233,-0.0135264421155923,-0.013761525218299233,0.017379503697156906,2,value_factor,0.47205498814582825,quality_factor,0.35939279198646545,volatility_factor,0.09820207953453064
2020-11-19,688100.SH,tucker,"(3, 2, 2)",cn_a,INDUSTRY_C39,-0.021403443818546416,-0.02103781661504526,-0.021403443818546416,0.017379503697156906,1,value_factor,0.7212095260620117,momentum_factor,0.11220439523458481,volatility_factor,0.09729988873004913
2020-11-19,002436.SZ,tucker,"(3, 2, 2)",cn_a,INDUSTRY_C39,-0.02810507214350234,-0.02762496347411509,-0.02810507214350234,0.017379503697156906,1,value_factor,0.6508433222770691,quality_factor,0.1512179672718048,momentum_factor,0.1003839373588562
2020-11-19,002281.SZ,tucker,"(3, 2, 2)",cn_a,INDUSTRY_C39,-0.04120274755191944,-0.04049889608335724,-0.04120274755191944,0.017379503697156906,1,quality_factor,0.5798097848892212,value_factor,0.28275254368782043,volatility_factor,0.09888754785060883
2020-11-19,688981.SH,tucker,"(3, 2, 2)",cn_a,INDUSTRY_C39,-0.0545724478296281,-0.053640206660528475,-0.0545724478296281,0.017379503697156906,1,quality_factor,0.8482928276062012,volatility_factor,0.08719653636217117,value_factor,0.048559803515672684
2020-11-19,603160.SH,tucker,"(3, 2, 2)",cn_a,INDUSTRY_C39,-0.05502273554955899,-0.05408280228001026,-0.05502273554955899,0.017379503697156906,2,value_factor,0.6014211177825928,quality_factor,0.20876339077949524,volatility_factor,0.09773363918066025
2020-11-19,002841.SZ,tucker,"(3, 2, 2)",cn_a,INDUSTRY_C39,-0.0727895896365303,-0.07154615169596205,-0.0727895896365303,0.017379503697156906,2,value_factor,0.6279104351997375,quality_factor,0.17792025208473206,volatility_factor,0.09763772785663605
2020-11-19,300037.SZ,tucker,"(3, 2, 2)",cn_a,INDUSTRY_C39,-0.07844693491104827,-0.0771068546100497,-0.07844693491104827,0.017379503697156906,1,value_factor,0.5737871527671814,quality_factor,0.29452061653137207,momentum_factor,0.09271039813756943
2020-11-19,688027.SH,tucker,"(3, 2, 2)",cn_a,INDUSTRY_C39,-0.09642238239319645,-0.09477523409649127,-0.09642238239319645,0.017379503697156906,1,quality_factor,0.5522271990776062,value_factor,0.36974719166755676,momentum_factor,0.06331000477075577
2020-11-19,002156.SZ,tucker,"(3, 2, 2)",cn_a,INDUSTRY_C39,-0.1125281165000091,-0.11060583983743298,-0.1125281165000091,0.017379503697156906,2,quality_factor,0.7116166949272156,value_factor,0.1695517599582672,volatility_factor,0.09929744899272919
2020-11-19,300857.SZ,tucker,"(3, 2, 2)",cn_a,INDUSTRY_C39,-0.11437348481240195,-0.11241968439779741,-0.11437348481240195,0.017379503697156906,1,value_factor,0.4812503755092621,quality_factor,0.4262283146381378,momentum_factor,0.07952265441417694
2020-11-19,603486.SH,tucker,"(3, 2, 2)",cn_a,INDUSTRY_C39,-0.11480943521315562,-0.11284818761728231,-0.11480943521315562,0.017379503697156906,1,value_factor,0.4772597849369049,quality_factor,0.43190813064575195,momentum_factor,0.07895392924547195
2020-11-19,603659.SH,tucker,"(3, 2, 2)",cn_a,INDUSTRY_C39,-0.11947083775703427,-0.11742996112618133,-0.11947083775703427,0.017379503697156906,1,value_factor,0.7601104378700256,momentum_factor,0.11926399916410446,volatility_factor,0.0912988930940628
2020-11-19,300627.SZ,tucker,"(3, 2, 2)",cn_a,INDUSTRY_C39,-0.1257207683006874,-0.12357312639196025,-0.1257207683006874,0.017379503697156906,1,value_factor,0.6433374881744385,quality_factor,0.19552958011627197,momentum_factor,0.10262227803468704
2020-11-19,300136.SZ,tucker,"(3, 2, 2)",cn_a,INDUSTRY_C39,-0.1278532199136802,-0.12566915011388702,-0.1278532199136802,0.017379503697156906,1,value_factor,0.7517153024673462,momentum_factor,0.11806758493185043,volatility_factor,0.08894164115190506
2020-11-19,002185.SZ,tucker,"(3, 2, 2)",cn_a,INDUSTRY_C39,-0.13887054083169784,-0.13649826616770241,-0.13887054083169784,0.017379503697156906,2,quality_factor,0.7991018295288086,volatility_factor,0.09956952929496765,value_factor,0.09441619366407394
2020-11-19,300373.SZ,tucker,"(3, 2, 2)",cn_a,INDUSTRY_C39,-0.14498768076903534,-0.14251090924053178,-0.14498768076903534,0.017379503697156906,1,value_factor,0.4888431131839752,quality_factor,0.41542166471481323,momentum_factor,0.08060470968484879
2020-11-19,600118.SH,tucker,"(3, 2, 2)",cn_a,INDUSTRY_C39,-0.1606888001531009,-0.15794381214406727,-0.1606888001531009,0.017379503697156906,2,quality_factor,0.6727849841117859,value_factor,0.2389599233865738,volatility_factor,0.04422975331544876
2020-11-19,300458.SZ,tucker,"(3, 2, 2)",cn_a,INDUSTRY_C39,-0.1641937740228239,-0.16138891182694465,-0.1641937740228239,0.017379503697156906,1,quality_factor,0.7971876263618469,value_factor,0.10400141775608063,volatility_factor,0.07468526065349579
2020-11-19,603019.SH,tucker,"(3, 2, 2)",cn_a,INDUSTRY_C39,-0.16813874203095422,-0.16526648938926902,-0.16813874203095422,0.017379503697156906,1,value_factor,0.5040809512138367,quality_factor,0.39373350143432617,momentum_factor,0.08277631551027298
2020-11-19,300623.SZ,tucker,"(3, 2, 2)",cn_a,INDUSTRY_C39,-0.17814544234588917,-0.1751022489021797,-0.17814544234588917,0.017379503697156906,1,value_factor,0.5567162036895752,quality_factor,0.31881779432296753,momentum_factor,0.09027756005525589
2020-11-19,688002.SH,tucker,"(3, 2, 2)",cn_a,INDUSTRY_C39,-0.20542537058185242,-0.2019161641003726,-0.20542537058185242,0.017379503697156906,1,value_factor,0.5291109681129456,quality_factor,0.3581082820892334,momentum_factor,0.0863434299826622
2020-11-19,300390.SZ,tucker,"(3, 2, 2)",cn_a,INDUSTRY_C39,-0.21684254412539913,-0.21313830224354152,-0.21684254412539913,0.017379503697156906,1,value_factor,0.535747766494751,quality_factor,0.3486621081829071,momentum_factor,0.08728927373886108
2020-11-19,600435.SH,tucker,"(3, 2, 2)",cn_a,INDUSTRY_C39,-0.2389940133696019,-0.23491136603944995,-0.2389940133696019,0.017379503697156906,2,quality_factor,0.8170389533042908,volatility_factor,0.09962528944015503,value_factor,0.07901107519865036
2020-11-19,688008.SH,tucker,"(3, 2, 2)",cn_a,INDUSTRY_C39,-0.24167358590271462,-0.23754516441490062,-0.24167358590271462,0.017379503697156906,1,value_factor,0.5354434251785278,quality_factor,0.34909525513648987,momentum_factor,0.0872458964586258
2020-11-19,300115.SZ,tucker,"(3, 2, 2)",cn_a,INDUSTRY_C39,-0.2520225102883924,-0.24771730190990515,-0.2520225102883924,0.017379503697156906,2,quality_factor,0.8479874134063721,volatility_factor,0.08712175488471985,value_factor,0.04889119416475296
2020-11-19,600562.SH,tucker,"(3, 2, 2)",cn_a,INDUSTRY_C39,-0.2752368081961774,-0.2705350384560129,-0.2752368081961774,0.017379503697156906,2,quality_factor,0.8648547530174255,volatility_factor,0.09125112742185593,value_factor,0.030592508614063263
2020-11-19,300474.SZ,tucker,"(3, 2, 2)",cn_a,INDUSTRY_C39,-0.27800344367953933,-0.27325441251717264,-0.27800344367953933,0.017379503697156906,1,quality_factor,0.5353549718856812,value_factor,0.3880511522293091,momentum_factor,0.06600892543792725
2020-11-19,002414.SZ,tucker,"(3, 2, 2)",cn_a,INDUSTRY_C39,-0.2946540054762143,-0.28962053885579453,-0.2946540054762143,0.017379503697156906,1,value_factor,0.5152724981307983,quality_factor,0.37780463695526123,momentum_factor,0.08437126129865646
2020-11-19,688019.SH,tucker,"(3, 2, 2)",cn_a,INDUSTRY_C39,-0.3256750980503166,-0.3201117094498839,-0.3256750980503166,0.017379503697156906,1,value_factor,0.4934915006160736,quality_factor,0.4088054597377777,momentum_factor,0.08126717805862427
2020-11-19,603290.SH,tucker,"(3, 2, 2)",cn_a,INDUSTRY_C39,-0.34438662466042075,-0.33850359389372314,-0.34438662466042075,0.017379503697156906,1,value_factor,0.5740379691123962,quality_factor,0.29416367411613464,momentum_factor,0.09274614602327347
2020-11-19,603501.SH,tucker,"(3, 2, 2)",cn_a,INDUSTRY_C39,-0.3687574939016686,-0.36245814448816294,-0.3687574939016686,0.017379503697156906,1,quality_factor,0.46082332730293274,value_factor,0.45694416761398315,momentum_factor,0.07605868577957153
2020-11-19,300346.SZ,tucker,"(3, 2, 2)",cn_a,INDUSTRY_C39,-0.3718124210727368,-0.3654608854555563,-0.3718124210727368,0.017379503697156906,1,value_factor,0.4592660665512085,quality_factor,0.4575185775756836,momentum_factor,0.07638958841562271
2020-11-19,300223.SZ,tucker,"(3, 2, 2)",cn_a,INDUSTRY_C39,-0.42545785666020614,-0.4181899156850499,-0.42545785666020614,0.017379503697156906,1,quality_factor,0.5104470252990723,value_factor,0.415072500705719,momentum_factor,0.06999323517084122
2020-11-20,600707.SH,tucker,"(3, 2, 2)",cn_a,INDUSTRY_C39,1.1424533992488033,1.1255146123528474,1.1424533992488033,0.015049762092530727,0,quality_factor,0.49664896726608276,value_factor,0.4300413727760315,momentum_factor,0.07220040261745453
2020-11-20,600601.SH,tucker,"(3, 2, 2)",cn_a,INDUSTRY_C39,0.8400059719038626,0.827551475152603,0.8400059719038626,0.015049762092530727,2,quality_factor,0.7159926891326904,value_factor,0.192085862159729,volatility_factor,0.054807618260383606
2020-11-20,600060.SH,tucker,"(3, 2, 2)",cn_a,INDUSTRY_C39,0.8215889460746562,0.8094075126063133,0.8215889460746562,0.015049762092530727,1,value_factor,0.5741816163063049,quality_factor,0.29395923018455505,momentum_factor,0.09276662021875381
2020-11-20,002429.SZ,tucker,"(3, 2, 2)",cn_a,INDUSTRY_C39,0.7105824961500955,0.7000469193972957,0.7105824961500955,0.015049762092530727,0,quality_factor,0.5460420250892639,value_factor,0.37645724415779114,momentum_factor,0.06429941207170486
2020-11-20,600699.SH,tucker,"(3, 2, 2)",cn_a,INDUSTRY_C39,0.6936473262145779,0.6833628417468316,0.6936473262145779,0.015049762092530727,0,value_factor,0.5188766121864319,quality_factor,0.3726748526096344,momentum_factor,0.08488490432500839
2020-11-20,002130.SZ,tucker,"(3, 2, 2)",cn_a,INDUSTRY_C39,0.510816329138186,0.5032426207068964,0.510816329138186,0.015049762092530727,0,value_factor,0.5822697877883911,quality_factor,0.28244730830192566,momentum_factor,0.0939192846417427
2020-11-20,600363.SH,tucker,"(3, 2, 2)",cn_a,INDUSTRY_C39,0.48012967259897155,0.47301094529514753,0.48012967259897155,0.015049762092530727,0,value_factor,0.5457026362419128,quality_factor,0.3344932794570923,momentum_factor,0.08870796859264374
2020-11-20,002583.SZ,tucker,"(3, 2, 2)",cn_a,INDUSTRY_C39,0.4209995354919325,0.41475751159871876,0.4209995354919325,0.015049762092530727,0,value_factor,0.5229434370994568,quality_factor,0.3668866455554962,momentum_factor,0.0854644775390625
2020-11-20,603920.SH,tucker,"(3, 2, 2)",cn_a,INDUSTRY_C39,0.4158382490719062,0.4096727499024452,0.4158382490719062,0.015049762092530727,0,quality_factor,0.5802953839302063,value_factor,0.33929741382598877,momentum_factor,0.05882018059492111
2020-11-20,600884.SH,tucker,"(3, 2, 2)",cn_a,INDUSTRY_C39,0.38973553743462674,0.38395705472476155,0.38973553743462674,0.015049762092530727,2,value_factor,0.7588326334953308,momentum_factor,0.11852452158927917,volatility_factor,0.09716366231441498
2020-11-20,300073.SZ,tucker,"(3, 2, 2)",cn_a,INDUSTRY_C39,0.3667054835958094,0.361268460042558,0.3667054835958094,0.015049762092530727,2,quality_factor,0.8726125955581665,volatility_factor,0.09884911775588989,value_factor,0.023650797083973885
2020-11-20,600563.SH,tucker,"(3, 2, 2)",cn_a,INDUSTRY_C39,0.34991329542421157,0.34472524421166356,0.34991329542421157,0.015049762092530727,2,quality_factor,0.7943214178085327,value_factor,0.10711082071065903,volatility_factor,0.0739835724234581
2020-11-20,601231.SH,tucker,"(3, 2, 2)",cn_a,INDUSTRY_C39,0.2834919115921419,0.2792886687462246,0.2834919115921419,0.015049762092530727,0,quality_factor,0.624163031578064,value_factor,0.29170748591423035,momentum_factor,0.05180303379893303
2020-11-20,600498.SH,tucker,"(3, 2, 2)",cn_a,INDUSTRY_C39,0.2830788171125775,0.27888169908484695,0.2830788171125775,0.015049762092530727,2,value_factor,0.6206623911857605,quality_factor,0.227803036570549,momentum_factor,0.09939076751470566
2020-11-20,603228.SH,tucker,"(3, 2, 2)",cn_a,INDUSTRY_C39,0.2620491207053015,0.25816380318178733,0.2620491207053015,0.015049762092530727,2,quality_factor,0.7340571880340576,value_factor,0.17248858511447906,volatility_factor,0.059230051934719086
2020-11-20,002152.SZ,tucker,"(3, 2, 2)",cn_a,INDUSTRY_C39,0.26139296284182256,0.2575173739586423,0.26139296284182256,0.015049762092530727,0,value_factor,0.560983419418335,quality_factor,0.31274423003196716,momentum_factor,0.0908856987953186
2020-11-20,002025.SZ,tucker,"(3, 2, 2)",cn_a,INDUSTRY_C39,0.20213914736184277,0.1991420956284908,0.20213914736184277,0.015049762092530727,0,quality_factor,0.7168273329734802,value_factor,0.19118039309978485,volatility_factor,0.05501195043325424
2020-11-20,002273.SZ,tucker,"(3, 2, 2)",cn_a,INDUSTRY_C39,0.19590721826030413,0.19300256532332416,0.19590721826030413,0.015049762092530727,0,quality_factor,0.4976745545864105,value_factor,0.4289287030696869,momentum_factor,0.07203634083271027
2020-11-20,002465.SZ,tucker,"(3, 2, 2)",cn_a,INDUSTRY_C39,0.11533819743109408,0.11362811529686122,0.11533819743109408,0.015049762092530727,2,value_factor,0.6974146366119385,momentum_factor,0.10820721834897995,volatility_factor,0.09738605469465256
2020-11-20,002138.SZ,tucker,"(3, 2, 2)",cn_a,INDUSTRY_C39,0.08847326249094252,0.08716149805459052,0.08847326249094252,0.015049762092530727,0,value_factor,0.5524758100509644,quality_factor,0.32485318183898926,momentum_factor,0.0896732434630394
2020-11-20,300570.SZ,tucker,"(3, 2, 2)",cn_a,INDUSTRY_C39,0.08791687557615546,0.08661336050856325,0.08791687557615546,0.015049762092530727,1,quality_factor,0.6950703859329224,value_factor,0.21478351950645447,volatility_factor,0.04968554154038429
2020-11-20,600171.SH,tucker,"(3, 2, 2)",cn_a,INDUSTRY_C39,0.08682440646480234,0.08553708908324248,0.08682440646480234,0.015049762092530727,2,value_factor,0.6978276968002319,momentum_factor,0.1082766130566597,volatility_factor,0.09738456457853317
2020-11-20,300054.SZ,tucker,"(3, 2, 2)",cn_a,INDUSTRY_C39,0.0675556504843508,0.06655402471307251,0.0675556504843508,0.015049762092530727,1,value_factor,0.6517621874809265,quality_factor,0.18353882431983948,momentum_factor,0.10382290929555893
2020-11-20,300735.SZ,tucker,"(3, 2, 2)",cn_a,INDUSTRY_C39,0.028146580797745895,0.027729260551426604,0.028146580797745895,0.015049762092530727,1,value_factor,0.4238360822200775,quality_factor,0.4155370891094208,volatility_factor,0.09837668389081955
2020-11-20,600764.SH,tucker,"(3, 2, 2)",cn_a,INDUSTRY_C39,0.02362703194515448,0.023276721587317507,0.02362703194515448,0.015049762092530727,1,value_factor,0.7411416172981262,momentum_factor,0.1165606901049614,volatility_factor,0.08597270399332047
2020-11-20,605358.SH,tucker,"(3, 2, 2)",cn_a,INDUSTRY_C39,0.015491797324683709,0.015262105458310254,0.015491797324683709,0.015049762092530727,1,value_factor,0.6729146242141724,quality_factor,0.15343256294727325,momentum_factor,0.10683741420507431
2020-11-20,002402.SZ,tucker,"(3, 2, 2)",cn_a,INDUSTRY_C39,0.0043652791610718925,0.004300556579389898,0.0043652791610718925,0.015049762092530727,1,value_factor,0.4806571304798126,quality_factor,0.34937673807144165,volatility_factor,0.0981709361076355
2020-11-20,300919.SZ,tucker,"(3, 2, 2)",cn_a,INDUSTRY_C39,-0.0179546470410249,-0.017688439298792262,-0.0179546470410249,0.015049762092530727,1,quality_factor,0.6253851652145386,value_factor,0.24361060559749603,volatility_factor,0.09902927279472351
2020-11-20,688608.SH,tucker,"(3, 2, 2)",cn_a,INDUSTRY_C39,-0.0179546470410249,-0.017688439298792262,-0.0179546470410249,0.015049762092530727,1,quality_factor,0.6253851652145386,value_factor,0.24361060559749603,volatility_factor,0.09902927279472351
2020-11-20,689009.SH,tucker,"(3, 2, 2)",cn_a,INDUSTRY_C39,-0.0179546470410249,-0.017688439298792262,-0.0179546470410249,0.015049762092530727,1,quality_factor,0.6253851652145386,value_factor,0.24361060559749603,volatility_factor,0.09902927279472351
2020-11-20,300679.SZ,tucker,"(3, 2, 2)",cn_a,INDUSTRY_C39,-0.02103086077016621,-0.020719043002318,-0.02103086077016621,0.015049762092530727,2,value_factor,0.4569486975669861,quality_factor,0.3769819438457489,volatility_factor,0.09825678169727325
2020-11-20,688100.SH,tucker,"(3, 2, 2)",cn_a,INDUSTRY_C39,-0.023270780454964612,-0.02292575212270318,-0.023270780454964612,0.015049762092530727,1,value_factor,0.7399814128875732,momentum_factor,0.11535780131816864,volatility_factor,0.0972319170832634
2020-11-20,002436.SZ,tucker,"(3, 2, 2)",cn_a,INDUSTRY_C39,-0.03277259173941728,-0.03228668312566799,-0.03277259173941728,0.015049762092530727,1,value_factor,0.6752519607543945,quality_factor,0.12279750406742096,momentum_factor,0.10448422282934189
2020-11-20,002281.SZ,tucker,"(3, 2, 2)",cn_a,INDUSTRY_C39,-0.04638237171028705,-0.04569467529251968,-0.04638237171028705,0.015049762092530727,1,quality_factor,0.6150631308555603,value_factor,0.2524755299091339,volatility_factor,0.09899717569351196
2020-11-20,603160.SH,tucker,"(3, 2, 2)",cn_a,INDUSTRY_C39,-0.05789567594757018,-0.05703727549314637,-0.05789567594757018,0.015049762092530727,2,value_factor,0.6069345474243164,quality_factor,0.20234382152557373,volatility_factor,0.09771367907524109
2020-11-20,688981.SH,tucker,"(3, 2, 2)",cn_a,INDUSTRY_C39,-0.05976479558552146,-0.05887868229900216,-0.05976479558552146,0.015049762092530727,1,quality_factor,0.807269811630249,value_factor,0.09306364506483078,volatility_factor,0.0771535336971283
2020-11-20,002841.SZ,tucker,"(3, 2, 2)",cn_a,INDUSTRY_C39,-0.07870611360377065,-0.07753916352368881,-0.07870611360377065,0.015049762092530727,2,value_factor,0.6383810639381409,quality_factor,0.1657285839319229,momentum_factor,0.09829047322273254
2020-11-20,300037.SZ,tucker,"(3, 2, 2)",cn_a,INDUSTRY_C39,-0.08493283431948198,-0.08367356266607959,-0.08493283431948198,0.015049762092530727,1,value_factor,0.5664699077606201,quality_factor,0.3049353063106537,momentum_factor,0.09166759252548218
2020-11-20,688027.SH,tucker,"(3, 2, 2)",cn_a,INDUSTRY_C39,-0.10173352279158084,-0.10022515276626993,-0.10173352279158084,0.015049762092530727,1,quality_factor,0.5461542010307312,value_factor,0.3763355612754822,momentum_factor,0.06428146362304688
2020-11-20,002156.SZ,tucker,"(3, 2, 2)",cn_a,INDUSTRY_C39,-0.11705561399278751,-0.11532006827888545,-0.11705561399278751,0.015049762092530727,2,quality_factor,0.7304365038871765,value_factor,0.15338850021362305,volatility_factor,0.09935596585273743
2020-11-20,603486.SH,tucker,"(3, 2, 2)",cn_a,INDUSTRY_C39,-0.11972195572395587,-0.11794687702393311,-0.11972195572395587,0.015049762092530727,1,value_factor,0.47711196541786194,quality_factor,0.43211856484413147,momentum_factor,0.07893287390470505
2020-11-20,300857.SZ,tucker,"(3, 2, 2)",cn_a,INDUSTRY_C39,-0.1205349571876138,-0.11874782437794591,-0.1205349571876138,0.015049762092530727,1,value_factor,0.48081666231155396,quality_factor,0.42684563994407654,momentum_factor,0.07946084439754486
2020-11-20,603659.SH,tucker,"(3, 2, 2)",cn_a,INDUSTRY_C39,-0.12327802563486921,-0.12145022223688706,-0.12327802563486921,0.015049762092530727,1,value_factor,0.7530913352966309,momentum_factor,0.11826369166374207,volatility_factor,0.08932802081108093
2020-11-20,300627.SZ,tucker,"(3, 2, 2)",cn_a,INDUSTRY_C39,-0.13143634199322285,-0.12948757787831797,-0.13143634199322285,0.015049762092530727,1,value_factor,0.6366932988166809,quality_factor,0.20498625934123993,momentum_factor,0.10167538374662399
2020-11-20,300136.SZ,tucker,"(3, 2, 2)",cn_a,INDUSTRY_C39,-0.13357798297367848,-0.1315974654409104,-0.13357798297367848,0.015049762092530727,1,value_factor,0.7423779368400574,momentum_factor,0.11673688888549805,volatility_factor,0.08631983399391174
2020-11-20,002185.SZ,tucker,"(3, 2, 2)",cn_a,INDUSTRY_C39,-0.14360736496231138,-0.1414781450279265,-0.14360736496231138,0.015049762092530727,2,quality_factor,0.8194444179534912,volatility_factor,0.09963277727365494,value_factor,0.07694520056247711
2020-11-20,300373.SZ,tucker,"(3, 2, 2)",cn_a,INDUSTRY_C39,-0.15100617292205482,-0.1487672532560252,-0.15100617292205482,0.015049762092530727,1,value_factor,0.4882088601589203,quality_factor,0.41632434725761414,momentum_factor,0.0805143266916275
2020-11-20,600118.SH,tucker,"(3, 2, 2)",cn_a,INDUSTRY_C39,-0.16102533401090974,-0.1586378634852372,-0.16102533401090974,0.015049762092530727,2,quality_factor,0.6711452603340149,value_factor,0.24073876440525055,momentum_factor,0.044287681579589844
2020-11-20,300458.SZ,tucker,"(3, 2, 2)",cn_a,INDUSTRY_C39,-0.16991732671602858,-0.16739801749162975,-0.16991732671602858,0.015049762092530727,1,quality_factor,0.782378077507019,value_factor,0.12006751447916031,volatility_factor,0.0710596889257431
2020-11-20,603019.SH,tucker,"(3, 2, 2)",cn_a,INDUSTRY_C39,-0.17137174861622922,-0.16883087514891204,-0.17137174861622922,0.015049762092530727,1,value_factor,0.503498375415802,quality_factor,0.394562691450119,momentum_factor,0.08269328624010086
2020-11-20,300623.SZ,tucker,"(3, 2, 2)",cn_a,INDUSTRY_C39,-0.1836234692607775,-0.18090094349565697,-0.1836234692607775,0.015049762092530727,1,value_factor,0.5542083382606506,quality_factor,0.3223872482776642,momentum_factor,0.08992014080286026
2020-11-20,688002.SH,tucker,"(3, 2, 2)",cn_a,INDUSTRY_C39,-0.20915684071696394,-0.20605573991489573,-0.20915684071696394,0.015049762092530727,1,value_factor,0.528065025806427,quality_factor,0.35959699749946594,momentum_factor,0.08619437366724014
2020-11-20,300390.SZ,tucker,"(3, 2, 2)",cn_a,INDUSTRY_C39,-0.22191219252002156,-0.21862197224391877,-0.22191219252002156,0.015049762092530727,1,value_factor,0.5342690944671631,quality_factor,0.350766658782959,momentum_factor,0.08707854151725769
2020-11-20,600435.SH,tucker,"(3, 2, 2)",cn_a,INDUSTRY_C39,-0.24097388497219607,-0.23740104314974755,-0.24097388497219607,0.015049762092530727,2,quality_factor,0.8239342570304871,volatility_factor,0.09964673221111298,value_factor,0.0730891153216362
2020-11-20,688008.SH,tucker,"(3, 2, 2)",cn_a,INDUSTRY_C39,-0.24417825511723765,-0.24055790313546158,-0.24417825511723765,0.015049762092530727,1,value_factor,0.5347368121147156,quality_factor,0.3501010537147522,momentum_factor,0.08714518696069717
2020-11-20,300115.SZ,tucker,"(3, 2, 2)",cn_a,INDUSTRY_C39,-0.2569585632046694,-0.2531487217301053,-0.2569585632046694,0.015049762092530727,2,quality_factor,0.8372927904129028,volatility_factor,0.08450356870889664,value_factor,0.06049315631389618
2020-11-20,600562.SH,tucker,"(3, 2, 2)",cn_a,INDUSTRY_C39,-0.2788897821169528,-0.2747547735556891,-0.2788897821169528,0.015049762092530727,2,quality_factor,0.8565542101860046,volatility_factor,0.08921902626752853,value_factor,0.03959745913743973
2020-11-20,300474.SZ,tucker,"(3, 2, 2)",cn_a,INDUSTRY_C39,-0.282368198990378,-0.2781816170676162,-0.282368198990378,0.015049762092530727,1,quality_factor,0.5334731936454773,value_factor,0.3900925815105438,momentum_factor,0.06630994379520416
2020-11-20,002414.SZ,tucker,"(3, 2, 2)",cn_a,INDUSTRY_C39,-0.29839904104098913,-0.293974775010117,-0.29839904104098913,0.015049762092530727,1,value_factor,0.5147245526313782,quality_factor,0.37858453392982483,momentum_factor,0.0842931717634201
2020-11-20,688019.SH,tucker,"(3, 2, 2)",cn_a,INDUSTRY_C39,-0.32858510935585944,-0.3237132842571526,-0.32858510935585944,0.015049762092530727,1,value_factor,0.4933640956878662,quality_factor,0.40898680686950684,momentum_factor,0.08124902099370956
2020-11-20,603290.SH,tucker,"(3, 2, 2)",cn_a,INDUSTRY_C39,-0.3465535472626465,-0.3414153099490026,-0.3465535472626465,0.015049762092530727,1,value_factor,0.5732431411743164,quality_factor,0.29529500007629395,momentum_factor,0.09263286739587784
2020-11-20,603501.SH,tucker,"(3, 2, 2)",cn_a,INDUSTRY_C39,-0.37064368925552205,-0.3651482752012085,-0.37064368925552205,0.015049762092530727,1,quality_factor,0.4604109525680542,value_factor,0.45723390579223633,momentum_factor,0.07609997689723969
2020-11-20,300346.SZ,tucker,"(3, 2, 2)",cn_a,INDUSTRY_C39,-0.3749426757817026,-0.3693835220451548,-0.3749426757817026,0.015049762092530727,1,value_factor,0.4595699608325958,quality_factor,0.4570860266685486,momentum_factor,0.07643289119005203
2020-11-20,300223.SZ,tucker,"(3, 2, 2)",cn_a,INDUSTRY_C39,-0.4279770719158967,-0.42163159434779174,-0.4279770719158967,0.015049762092530727,1,quality_factor,0.5096527934074402,value_factor,0.4159342050552368,momentum_factor,0.07012029737234116
2020-11-23,600707.SH,tucker,"(3, 2, 2)",cn_a,INDUSTRY_C39,1.1285250076599098,1.1218367348519047,1.1285250076599098,0.005961850751191378,0,quality_factor,0.4966643750667572,value_factor,0.430024653673172,momentum_factor,0.07219792902469635
2020-11-23,600601.SH,tucker,"(3, 2, 2)",cn_a,INDUSTRY_C39,0.8304938570718188,0.8255718841923816,0.8304938570718188,0.005961850751191378,2,quality_factor,0.7155311107635498,value_factor,0.19258663058280945,volatility_factor,0.05469461902976036
2020-11-23,600060.SH,tucker,"(3, 2, 2)",cn_a,INDUSTRY_C39,0.8090663011859348,0.8042713200332213,0.8090663011859348,0.005961850751191378,1,value_factor,0.5743430256843567,quality_factor,0.29372960329055786,momentum_factor,0.09278962016105652
2020-11-23,002429.SZ,tucker,"(3, 2, 2)",cn_a,INDUSTRY_C39,0.7038153801572442,0.6996441750558859,0.7038153801572442,0.005961850751191378,0,quality_factor,0.5457450151443481,value_factor,0.3767794668674469,momentum_factor,0.06434691697359085
2020-11-23,600699.SH,tucker,"(3, 2, 2)",cn_a,INDUSTRY_C39,0.6856928143093769,0.6816290137081837,0.6856928143093769,0.005961850751191378,0,value_factor,0.5187559127807617,quality_factor,0.37284666299819946,momentum_factor,0.0848676934838295
2020-11-23,002130.SZ,tucker,"(3, 2, 2)",cn_a,INDUSTRY_C39,0.506348743498352,0.5033478365538706,0.506348743498352,0.005961850751191378,0,value_factor,0.581794261932373,quality_factor,0.2831241488456726,momentum_factor,0.09385151416063309
2020-11-23,600363.SH,tucker,"(3, 2, 2)",cn_a,INDUSTRY_C39,0.4742731254513422,0.471462316628327,0.4742731254513422,0.005961850751191378,0,value_factor,0.5455965995788574,quality_factor,0.33464428782463074,momentum_factor,0.08869285881519318
2020-11-23,002583.SZ,tucker,"(3, 2, 2)",cn_a,INDUSTRY_C39,0.4184515520786239,0.41597157324054895,0.4184515520786239,0.005961850751191378,0,value_factor,0.5225458145141602,quality_factor,0.3674525022506714,momentum_factor,0.0854078009724617
2020-11-23,603920.SH,tucker,"(3, 2, 2)",cn_a,INDUSTRY_C39,0.41141264060335214,0.4089743783066905,0.41141264060335214,0.005961850751191378,0,quality_factor,0.5800179243087769,value_factor,0.3395983576774597,momentum_factor,0.05886455625295639
2020-11-23,600884.SH,tucker,"(3, 2, 2)",cn_a,INDUSTRY_C39,0.3858928802341993,0.38360586236560557,0.3858928802341993,0.005961850751191378,2,value_factor,0.7596490979194641,momentum_factor,0.11866168677806854,volatility_factor,0.0971607118844986
2020-11-23,300073.SZ,tucker,"(3, 2, 2)",cn_a,INDUSTRY_C39,0.3646185309068337,0.3624575967768797,0.3646185309068337,0.005961850751191378,2,quality_factor,0.8760512471199036,volatility_factor,0.09873230755329132,value_factor,0.01967220939695835
2020-11-23,600563.SH,tucker,"(3, 2, 2)",cn_a,INDUSTRY_C39,0.34661675537704945,0.34456250987601766,0.34661675537704945,0.005961850751191378,2,quality_factor,0.7929438948631287,value_factor,0.10860524326562881,volatility_factor,0.07364633679389954
2020-11-23,601231.SH,tucker,"(3, 2, 2)",cn_a,INDUSTRY_C39,0.281114771945654,0.27944872797465564,0.281114771945654,0.005961850751191378,0,quality_factor,0.6233454942703247,value_factor,0.2925943434238434,momentum_factor,0.05193379893898964
2020-11-23,600498.SH,tucker,"(3, 2, 2)",cn_a,INDUSTRY_C39,0.27928767645870345,0.27763246088138716,0.27928767645870345,0.005961850751191378,2,value_factor,0.6206628680229187,quality_factor,0.22780248522758484,momentum_factor,0.09939082711935043
2020-11-23,002152.SZ,tucker,"(3, 2, 2)",cn_a,INDUSTRY_C39,0.25996754303735997,0.25842682941802597,0.25996754303735997,0.005961850751191378,0,value_factor,0.5603090524673462,quality_factor,0.31370407342910767,momentum_factor,0.09078958630561829
2020-11-23,603228.SH,tucker,"(3, 2, 2)",cn_a,INDUSTRY_C39,0.2596766216392,0.2581376321834099,0.2596766216392,0.005961850751191378,2,quality_factor,0.7328396439552307,value_factor,0.1738094985485077,volatility_factor,0.058931972831487656
2020-11-23,002025.SZ,tucker,"(3, 2, 2)",cn_a,INDUSTRY_C39,0.20169371806480665,0.20049836785021505,0.20169371806480665,0.005961850751191378,0,quality_factor,0.7136943936347961,value_factor,0.19457924365997314,volatility_factor,0.054244957864284515
2020-11-23,002273.SZ,tucker,"(3, 2, 2)",cn_a,INDUSTRY_C39,0.19503255458452057,0.19387668216463663,0.19503255458452057,0.005961850751191378,0,quality_factor,0.4973191022872925,value_factor,0.42931440472602844,momentum_factor,0.07209321111440659
2020-11-23,002465.SZ,tucker,"(3, 2, 2)",cn_a,INDUSTRY_C39,0.11554835844350954,0.1148635539965174,0.11554835844350954,0.005961850751191378,2,value_factor,0.7002491354942322,momentum_factor,0.10868337005376816,volatility_factor,0.0973757952451706
2020-11-23,002138.SZ,tucker,"(3, 2, 2)",cn_a,INDUSTRY_C39,0.08897131741343149,0.0884440234333162,0.08897131741343149,0.005961850751191378,0,value_factor,0.5510297417640686,quality_factor,0.3269113302230835,momentum_factor,0.08946715295314789
2020-11-23,300570.SZ,tucker,"(3, 2, 2)",cn_a,INDUSTRY_C39,0.08893825977921531,0.08841116171720065,0.08893825977921531,0.005961850751191378,1,quality_factor,0.6886240243911743,value_factor,0.2217767983675003,volatility_factor,0.048107389360666275
2020-11-23,600171.SH,tucker,"(3, 2, 2)",cn_a,INDUSTRY_C39,0.08603017807467965,0.08552031493759434,0.08603017807467965,0.005961850751191378,2,value_factor,0.6985935568809509,momentum_factor,0.10840526223182678,volatility_factor,0.09738178551197052
2020-11-23,300054.SZ,tucker,"(3, 2, 2)",cn_a,INDUSTRY_C39,0.06888253616999657,0.06847429958641608,0.06888253616999657,0.005961850751191378,1,value_factor,0.6469566822052002,quality_factor,0.19037841260433197,momentum_factor,0.10313805937767029
2020-11-23,300735.SZ,tucker,"(3, 2, 2)",cn_a,INDUSTRY_C39,0.029737225681014896,0.029560986185604637,0.029737225681014896,0.005961850751191378,1,quality_factor,0.42193618416786194,value_factor,0.4183403253555298,volatility_factor,0.09839658439159393
2020-11-23,600764.SH,tucker,"(3, 2, 2)",cn_a,INDUSTRY_C39,0.024183419172557397,0.02404009465271198,0.024183419172557397,0.005961850751191378,1,value_factor,0.7340408563613892,momentum_factor,0.11554873734712601,volatility_factor,0.08397891372442245
2020-11-23,605358.SH,tucker,"(3, 2, 2)",cn_a,INDUSTRY_C39,0.01659702740674761,0.016498664103901144,0.01659702740674761,0.005961850751191378,1,value_factor,0.6600212454795837,quality_factor,0.17178364098072052,momentum_factor,0.10499993711709976
2020-11-23,002402.SZ,tucker,"(3, 2, 2)",cn_a,INDUSTRY_C39,0.0059316295329861915,0.005896475366048504,0.0059316295329861915,0.005961850751191378,1,value_factor,0.4733123481273651,quality_factor,0.35792869329452515,volatility_factor,0.09819753468036652
2020-11-23,300919.SZ,tucker,"(3, 2, 2)",cn_a,INDUSTRY_C39,-0.016287998961480643,-0.016191467134705463,-0.016287998961480643,0.005961850751191378,1,quality_factor,0.5996587872505188,value_factor,0.2657054364681244,volatility_factor,0.09894926846027374
2020-11-23,688608.SH,tucker,"(3, 2, 2)",cn_a,INDUSTRY_C39,-0.016287998961480643,-0.016191467134705463,-0.016287998961480643,0.005961850751191378,1,quality_factor,0.5996587872505188,value_factor,0.2657054364681244,volatility_factor,0.09894926846027374
2020-11-23,689009.SH,tucker,"(3, 2, 2)",cn_a,INDUSTRY_C39,-0.016287998961480643,-0.016191467134705463,-0.016287998961480643,0.005961850751191378,1,quality_factor,0.5996587872505188,value_factor,0.2657054364681244,volatility_factor,0.09894926846027374
2020-11-23,300679.SZ,tucker,"(3, 2, 2)",cn_a,INDUSTRY_C39,-0.018666179058932645,-0.018555552801666014,-0.018666179058932645,0.005961850751191378,2,value_factor,0.46132904291152954,quality_factor,0.3718816637992859,volatility_factor,0.0982409194111824
2020-11-23,688100.SH,tucker,"(3, 2, 2)",cn_a,INDUSTRY_C39,-0.022409669386786204,-0.022276857104046616,-0.022409669386786204,0.005961850751191378,1,value_factor,0.7345775961875916,momentum_factor,0.11445005238056183,volatility_factor,0.09725148230791092
2020-11-23,002436.SZ,tucker,"(3, 2, 2)",cn_a,INDUSTRY_C39,-0.03098070949539178,-0.03079710041674106,-0.03098070949539178,0.005961850751191378,1,value_factor,0.6682329177856445,quality_factor,0.13097025454044342,momentum_factor,0.10330512374639511
2020-11-23,002281.SZ,tucker,"(3, 2, 2)",cn_a,INDUSTRY_C39,-0.044251721790807025,-0.0439894612422574,-0.044251721790807025,0.005961850751191378,1,quality_factor,0.6048116087913513,value_factor,0.26127997040748596,volatility_factor,0.09896529465913773
2020-11-23,603160.SH,tucker,"(3, 2, 2)",cn_a,INDUSTRY_C39,-0.05625718518028092,-0.05592377351519395,-0.05625718518028092,0.005961850751191378,2,value_factor,0.6053426861763,quality_factor,0.20419740676879883,volatility_factor,0.0977194607257843
2020-11-23,688981.SH,tucker,"(3, 2, 2)",cn_a,INDUSTRY_C39,-0.0574405411107464,-0.05710011621401795,-0.0574405411107464,0.005961850751191378,1,quality_factor,0.8182373046875,value_factor,0.08116559684276581,volatility_factor,0.07983852177858353
2020-11-23,002841.SZ,tucker,"(3, 2, 2)",cn_a,INDUSTRY_C39,-0.07590712485927466,-0.07545725661915222,-0.07590712485927466,0.005961850751191378,2,value_factor,0.6353610754013062,quality_factor,0.16924497485160828,momentum_factor,0.0977831557393074
2020-11-23,300037.SZ,tucker,"(3, 2, 2)",cn_a,INDUSTRY_C39,-0.08188361637937248,-0.08139832809498888,-0.08188361637937248,0.005961850751191378,1,value_factor,0.568474531173706,quality_factor,0.3020821213722229,momentum_factor,0.09195328503847122
2020-11-23,688027.SH,tucker,"(3, 2, 2)",cn_a,INDUSTRY_C39,-0.09877968116949272,-0.09819425731883365,-0.09877968116949272,0.005961850751191378,1,quality_factor,0.547836422920227,value_factor,0.37451061606407166,momentum_factor,0.06401237845420837
2020-11-23,002156.SZ,tucker,"(3, 2, 2)",cn_a,INDUSTRY_C39,-0.11410697605244151,-0.11343071404676586,-0.11410697605244151,0.005961850751191378,2,quality_factor,0.7249783277511597,value_factor,0.1580762267112732,volatility_factor,0.09933899343013763
2020-11-23,603486.SH,tucker,"(3, 2, 2)",cn_a,INDUSTRY_C39,-0.11662603187675116,-0.11593484053193175,-0.11662603187675116,0.005961850751191378,1,value_factor,0.47715336084365845,quality_factor,0.4320596754550934,momentum_factor,0.07893876731395721
2020-11-23,300857.SZ,tucker,"(3, 2, 2)",cn_a,INDUSTRY_C39,-0.11707251087634829,-0.11637867344630073,-0.11707251087634829,0.005961850751191378,1,value_factor,0.48093709349632263,quality_factor,0.42667412757873535,momentum_factor,0.07947800308465958
2020-11-23,603659.SH,tucker,"(3, 2, 2)",cn_a,INDUSTRY_C39,-0.12044577737669147,-0.11973194807543569,-0.12044577737669147,0.005961850751191378,1,value_factor,0.7550846934318542,momentum_factor,0.11854777485132217,volatility_factor,0.08988774567842484
2020-11-23,300627.SZ,tucker,"(3, 2, 2)",cn_a,INDUSTRY_C39,-0.1279458648972678,-0.127187585866426,-0.1279458648972678,0.005961850751191378,1,value_factor,0.6385599970817566,quality_factor,0.20232945680618286,momentum_factor,0.10194141417741776
2020-11-23,300136.SZ,tucker,"(3, 2, 2)",cn_a,INDUSTRY_C39,-0.13005448950260207,-0.12928371357845758,-0.13005448950260207,0.005961850751191378,1,value_factor,0.7450121641159058,momentum_factor,0.11711229383945465,volatility_factor,0.08705949038267136
2020-11-23,002185.SZ,tucker,"(3, 2, 2)",cn_a,INDUSTRY_C39,-0.1402222805114619,-0.13939124454907242,-0.1402222805114619,0.005961850751191378,2,quality_factor,0.8135431408882141,volatility_factor,0.09961441904306412,value_factor,0.08201336115598679
2020-11-23,300373.SZ,tucker,"(3, 2, 2)",cn_a,INDUSTRY_C39,-0.14715176964861243,-0.1462796656430207,-0.14715176964861243,0.005961850751191378,1,value_factor,0.4883865416049957,quality_factor,0.41607141494750977,momentum_factor,0.08053965121507645
2020-11-23,600118.SH,tucker,"(3, 2, 2)",cn_a,INDUSTRY_C39,-0.15864363147900876,-0.1577034202480814,-0.15864363147900876,0.005961850751191378,2,quality_factor,0.6716170310974121,value_factor,0.2402268499135971,momentum_factor,0.04421219974756241
2020-11-23,300458.SZ,tucker,"(3, 2, 2)",cn_a,INDUSTRY_C39,-0.16587827316502854,-0.16489518538556586,-0.16587827316502854,0.005961850751191378,1,quality_factor,0.7865296602249146,value_factor,0.11556373536586761,volatility_factor,0.07207604497671127
2020-11-23,603019.SH,tucker,"(3, 2, 2)",cn_a,INDUSTRY_C39,-0.16801991647169648,-0.16702413611156858,-0.16801991647169648,0.005961850751191378,1,value_factor,0.5036641955375671,quality_factor,0.39432674646377563,momentum_factor,0.0827169194817543
2020-11-23,300623.SZ,tucker,"(3, 2, 2)",cn_a,INDUSTRY_C39,-0.17945961569174881,-0.17839603725120098,-0.17945961569174881,0.005961850751191378,1,value_factor,0.5549173355102539,quality_factor,0.32137811183929443,momentum_factor,0.09002119302749634
2020-11-23,688002.SH,tucker,"(3, 2, 2)",cn_a,INDUSTRY_C39,-0.2051269047806211,-0.20391120757398204,-0.2051269047806211,0.005961850751191378,1,value_factor,0.5283629894256592,quality_factor,0.35917291045188904,momentum_factor,0.08623683452606201
2020-11-23,300390.SZ,tucker,"(3, 2, 2)",cn_a,INDUSTRY_C39,-0.2173208302398468,-0.21603286498463264,-0.2173208302398468,0.005961850751191378,1,value_factor,0.5346889495849609,quality_factor,0.3501691222190857,momentum_factor,0.08713837713003159
2020-11-23,600435.SH,tucker,"(3, 2, 2)",cn_a,INDUSTRY_C39,-0.2369900913091924,-0.23558555496953554,-0.2369900913091924,0.005961850751191378,2,quality_factor,0.821938157081604,volatility_factor,0.09964053332805634,value_factor,0.07480347156524658
2020-11-23,688008.SH,tucker,"(3, 2, 2)",cn_a,INDUSTRY_C39,-0.23999981013515595,-0.23857743651192378,-0.23999981013515595,0.005961850751191378,1,value_factor,0.534939169883728,quality_factor,0.3498130142688751,momentum_factor,0.08717402815818787
2020-11-23,300115.SZ,tucker,"(3, 2, 2)",cn_a,INDUSTRY_C39,-0.25190762383194576,-0.2504146778190807,-0.25190762383194576,0.005961850751191378,2,quality_factor,0.8403260707855225,volatility_factor,0.08524616062641144,value_factor,0.05720246210694313
2020-11-23,600562.SH,tucker,"(3, 2, 2)",cn_a,INDUSTRY_C39,-0.27389216870108163,-0.2722689299320556,-0.27389216870108163,0.005961850751191378,2,quality_factor,0.8589203357696533,volatility_factor,0.08979830145835876,value_factor,0.037030499428510666
2020-11-23,300474.SZ,tucker,"(3, 2, 2)",cn_a,INDUSTRY_C39,-0.2771188986313597,-0.2754765364491129,-0.2771188986313597,0.005961850751191378,1,quality_factor,0.5340094566345215,value_factor,0.38951078057289124,momentum_factor,0.06622415781021118
2020-11-23,002414.SZ,tucker,"(3, 2, 2)",cn_a,INDUSTRY_C39,-0.29309829166195717,-0.291361226624949,-0.29309829166195717,0.005961850751191378,1,value_factor,0.5148811340332031,quality_factor,0.3783615827560425,momentum_factor,0.08431548625230789
2020-11-23,688019.SH,tucker,"(3, 2, 2)",cn_a,INDUSTRY_C39,-0.32309314579802323,-0.32117831441473416,-0.32309314579802323,0.005961850751191378,1,value_factor,0.49340060353279114,quality_factor,0.4089348614215851,momentum_factor,0.08125422894954681
2020-11-23,603290.SH,tucker,"(3, 2, 2)",cn_a,INDUSTRY_C39,-0.34101769118517755,-0.33899662888215254,-0.34101769118517755,0.005961850751191378,1,value_factor,0.5734714269638062,quality_factor,0.2949700653553009,momentum_factor,0.0926654040813446
2020-11-23,603501.SH,tucker,"(3, 2, 2)",cn_a,INDUSTRY_C39,-0.3648456181664119,-0.36268333818985904,-0.3648456181664119,0.005961850751191378,1,quality_factor,0.4605293869972229,value_factor,0.4571506977081299,momentum_factor,0.07608811557292938
2020-11-23,300346.SZ,tucker,"(3, 2, 2)",cn_a,INDUSTRY_C39,-0.368729982794828,-0.36654468189260286,-0.368729982794828,0.005961850751191378,1,value_factor,0.459482878446579,quality_factor,0.4572100043296814,momentum_factor,0.07642047852277756
2020-11-23,300223.SZ,tucker,"(3, 2, 2)",cn_a,INDUSTRY_C39,-0.4211851289872072,-0.4186889494375998,-0.4211851289872072,0.005961850751191378,1,quality_factor,0.509880781173706,value_factor,0.41568687558174133,momentum_factor,0.07008382678031921
2020-11-24,600707.SH,tucker,"(3, 2, 2)",cn_a,INDUSTRY_C39,1.1340129055659525,1.1218282834496651,1.1340129055659525,0.010861343704164028,0,quality_factor,0.496627539396286,value_factor,0.43006467819213867,momentum_factor,0.07220383733510971
2020-11-24,600601.SH,tucker,"(3, 2, 2)",cn_a,INDUSTRY_C39,0.8327822318399363,0.8238342412568274,0.8327822318399363,0.010861343704164028,2,quality_factor,0.7166357040405273,value_factor,0.19138836860656738,volatility_factor,0.054965026676654816
2020-11-24,600060.SH,tucker,"(3, 2, 2)",cn_a,INDUSTRY_C39,0.8190180215125091,0.8102179231630297,0.8190180215125091,0.010861343704164028,1,value_factor,0.5739589929580688,quality_factor,0.2942761182785034,momentum_factor,0.09273488819599152
2020-11-24,002429.SZ,tucker,"(3, 2, 2)",cn_a,INDUSTRY_C39,0.702685435565935,0.6951352953012466,0.702685435565935,0.010861343704164028,0,quality_factor,0.5464575290679932,value_factor,0.37600651383399963,momentum_factor,0.06423294544219971
2020-11-24,600699.SH,tucker,"(3, 2, 2)",cn_a,INDUSTRY_C39,0.6878214756202604,0.6804310440627664,0.6878214756202604,0.010861343704164028,0,value_factor,0.5190446376800537,quality_factor,0.3724357485771179,momentum_factor,0.0849088504910469
2020-11-24,002130.SZ,tucker,"(3, 2, 2)",cn_a,INDUSTRY_C39,0.5045849590952931,0.499163347910833,0.5045849590952931,0.010861343704164028,0,value_factor,0.5829351544380188,quality_factor,0.28150030970573425,momentum_factor,0.09401412308216095
2020-11-24,600363.SH,tucker,"(3, 2, 2)",cn_a,INDUSTRY_C39,0.47658660722024876,0.4714658297703977,0.47658660722024876,0.010861343704164028,0,value_factor,0.5458500385284424,quality_factor,0.33428359031677246,momentum_factor,0.08872897922992706
2020-11-24,002583.SZ,tucker,"(3, 2, 2)",cn_a,INDUSTRY_C39,0.4142804587158568,0.40982914179094426,0.4142804587158568,0.010861343704164028,0,value_factor,0.5235034823417664,quality_factor,0.36608943343162537,momentum_factor,0.08554428815841675
2020-11-24,603920.SH,tucker,"(3, 2, 2)",cn_a,INDUSTRY_C39,0.41186667157138696,0.4074412900516891,0.41186667157138696,0.010861343704164028,0,quality_factor,0.5806823968887329,value_factor,0.3388775587081909,momentum_factor,0.05875827372074127
2020-11-24,600884.SH,tucker,"(3, 2, 2)",cn_a,INDUSTRY_C39,0.3855872149835525,0.3814441981938965,0.3855872149835525,0.010861343704164028,2,value_factor,0.7577003836631775,momentum_factor,0.1183343231678009,volatility_factor,0.09716776013374329
2020-11-24,300073.SZ,tucker,"(3, 2, 2)",cn_a,INDUSTRY_C39,0.3606680318972332,0.3567927641145445,0.3606680318972332,0.010861343704164028,2,quality_factor,0.8678398728370667,volatility_factor,0.09901121258735657,value_factor,0.029172658920288086
2020-11-24,600563.SH,tucker,"(3, 2, 2)",cn_a,INDUSTRY_C39,0.3459745469294785,0.34225715615244356,0.3459745469294785,0.010861343704164028,2,quality_factor,0.7962504029273987,value_factor,0.10501813888549805,volatility_factor,0.07445582002401352
2020-11-24,600498.SH,tucker,"(3, 2, 2)",cn_a,INDUSTRY_C39,0.28146204229489097,0.27843781866515177,0.28146204229489097,0.010861343704164028,2,value_factor,0.6206619143486023,quality_factor,0.22780382633209229,momentum_factor,0.09939069300889969
2020-11-24,601231.SH,tucker,"(3, 2, 2)",cn_a,INDUSTRY_C39,0.2798908453592285,0.27688350376040566,0.2798908453592285,0.010861343704164028,0,quality_factor,0.6253101825714111,value_factor,0.2904629707336426,momentum_factor,0.05161953344941139
2020-11-24,603228.SH,tucker,"(3, 2, 2)",cn_a,INDUSTRY_C39,0.2589649906195908,0.2561824909350101,0.2589649906195908,0.010861343704164028,2,quality_factor,0.7357635498046875,value_factor,0.17063741385936737,volatility_factor,0.05964779481291771
2020-11-24,002152.SZ,tucker,"(3, 2, 2)",cn_a,INDUSTRY_C39,0.2570025510444308,0.2542411371733643,0.2570025510444308,0.010861343704164028,0,value_factor,0.5619341135025024,quality_factor,0.31139111518859863,momentum_factor,0.09102118015289307
2020-11-24,002025.SZ,tucker,"(3, 2, 2)",cn_a,INDUSTRY_C39,0.1978268635403645,0.19570127434745604,0.1978268635403645,0.010861343704164028,0,quality_factor,0.7212988138198853,value_factor,0.18632951378822327,volatility_factor,0.05610662326216698
2020-11-24,002273.SZ,tucker,"(3, 2, 2)",cn_a,INDUSTRY_C39,0.19234634573647705,0.1902796430325267,0.19234634573647705,0.010861343704164028,0,quality_factor,0.49817803502082825,value_factor,0.4283825755119324,momentum_factor,0.07195581495761871
2020-11-24,002465.SZ,tucker,"(3, 2, 2)",cn_a,INDUSTRY_C39,0.11222938582498788,0.11102351537156652,0.11222938582498788,0.010861343704164028,2,value_factor,0.6934778094291687,momentum_factor,0.1075458973646164,quality_factor,0.10157597064971924
2020-11-24,600171.SH,tucker,"(3, 2, 2)",cn_a,INDUSTRY_C39,0.0858139261705599,0.08489188175856846,0.0858139261705599,0.010861343704164028,2,value_factor,0.6967656016349792,momentum_factor,0.10809818655252457,quality_factor,0.09774784743785858
2020-11-24,002138.SZ,tucker,"(3, 2, 2)",cn_a,INDUSTRY_C39,0.08561826652284424,0.08469832441397397,0.08561826652284424,0.010861343704164028,0,value_factor,0.5545654892921448,quality_factor,0.3218788802623749,momentum_factor,0.08997105062007904
2020-11-24,300570.SZ,tucker,"(3, 2, 2)",cn_a,INDUSTRY_C39,0.08434479612339278,0.08343853706479243,0.08434479612339278,0.010861343704164028,1,quality_factor,0.7046137452125549,value_factor,0.20443041622638702,volatility_factor,0.05202188342809677
2020-11-24,300054.SZ,tucker,"(3, 2, 2)",cn_a,INDUSTRY_C39,0.06405404866389286,0.06336580748589823,0.06405404866389286,0.010861343704164028,1,value_factor,0.6588693857192993,quality_factor,0.17342311143875122,momentum_factor,0.10483578592538834
2020-11-24,300735.SZ,tucker,"(3, 2, 2)",cn_a,INDUSTRY_C39,0.025238691571270004,0.024967509543273612,0.025238691571270004,0.010861343704164028,1,value_factor,0.4314279556274414,quality_factor,0.40669742226600647,volatility_factor,0.0983491986989975
2020-11-24,600764.SH,tucker,"(3, 2, 2)",cn_a,INDUSTRY_C39,0.022273479861238885,0.02203415812689893,0.022273479861238885,0.010861343704164028,1,value_factor,0.7516387701034546,momentum_factor,0.11805667728185654,volatility_factor,0.08892017602920532
2020-11-24,605358.SH,tucker,"(3, 2, 2)",cn_a,INDUSTRY_C39,0.01357053858925453,0.013424727299265691,0.01357053858925453,0.010861343704164028,1,value_factor,0.6939769983291626,quality_factor,0.12345438450574875,momentum_factor,0.10983909666538239
2020-11-24,002402.SZ,tucker,"(3, 2, 2)",cn_a,INDUSTRY_C39,0.0020718075312889466,0.002049546592509034,0.0020718075312889466,0.010861343704164028,1,value_factor,0.49078959226608276,quality_factor,0.3375788629055023,volatility_factor,0.09813424199819565
2020-11-24,300919.SZ,tucker,"(3, 2, 2)",cn_a,INDUSTRY_C39,-0.01984332688758571,-0.01963011640429361,-0.01984332688758571,0.010861343704164028,1,quality_factor,0.6615581512451172,value_factor,0.21254387497901917,volatility_factor,0.09914177656173706
2020-11-24,688608.SH,tucker,"(3, 2, 2)",cn_a,INDUSTRY_C39,-0.01984332688758571,-0.01963011640429361,-0.01984332688758571,0.010861343704164028,1,quality_factor,0.6615581512451172,value_factor,0.21254387497901917,volatility_factor,0.09914177656173706
2020-11-24,689009.SH,tucker,"(3, 2, 2)",cn_a,INDUSTRY_C39,-0.01984332688758571,-0.01963011640429361,-0.01984332688758571,0.010861343704164028,1,quality_factor,0.6615581512451172,value_factor,0.21254387497901917,volatility_factor,0.09914177656173706
2020-11-24,300679.SZ,tucker,"(3, 2, 2)",cn_a,INDUSTRY_C39,-0.02381903521167321,-0.02356310695741411,-0.02381903521167321,0.010861343704164028,2,value_factor,0.45085829496383667,quality_factor,0.3840733766555786,volatility_factor,0.09827883541584015
2020-11-24,688100.SH,tucker,"(3, 2, 2)",cn_a,INDUSTRY_C39,-0.023905015120975214,-0.0236481630388661,-0.023905015120975214,0.010861343704164028,1,value_factor,0.7474421262741089,momentum_factor,0.11661109328269958,volatility_factor,0.09720490872859955
2020-11-24,002436.SZ,tucker,"(3, 2, 2)",cn_a,INDUSTRY_C39,-0.03447441795024068,-0.03410400086473758,-0.03447441795024068,0.010861343704164028,1,value_factor,0.6849329471588135,quality_factor,0.1115252897143364,momentum_factor,0.10611049085855484
2020-11-24,002281.SZ,tucker,"(3, 2, 2)",cn_a,INDUSTRY_C39,-0.048224967814994094,-0.04770680527335831,-0.048224967814994094,0.010861343704164028,1,quality_factor,0.629356861114502,value_factor,0.24019965529441833,volatility_factor,0.0990416407585144
2020-11-24,603160.SH,tucker,"(3, 2, 2)",cn_a,INDUSTRY_C39,-0.05877008852975635,-0.05813862188862631,-0.05877008852975635,0.010861343704164028,2,value_factor,0.6091388463973999,quality_factor,0.19977732002735138,volatility_factor,0.09770571440458298
2020-11-24,688981.SH,tucker,"(3, 2, 2)",cn_a,INDUSTRY_C39,-0.06155103665405685,-0.06088968957518816,-0.06155103665405685,0.010861343704164028,1,quality_factor,0.7930997610092163,value_factor,0.10843610018491745,volatility_factor,0.07368449866771698
2020-11-24,002841.SZ,tucker,"(3, 2, 2)",cn_a,INDUSTRY_C39,-0.08069281713543056,-0.07982579747501213,-0.08069281713543056,0.010861343704164028,2,value_factor,0.6425583958625793,quality_factor,0.1608646661043167,momentum_factor,0.09899219125509262
2020-11-24,300037.SZ,tucker,"(3, 2, 2)",cn_a,INDUSTRY_C39,-0.08711691094620978,-0.08618086636099576,-0.08711691094620978,0.010861343704164028,1,value_factor,0.563825249671936,quality_factor,0.30869942903518677,momentum_factor,0.09129069000482559
2020-11-24,688027.SH,tucker,"(3, 2, 2)",cn_a,INDUSTRY_C39,-0.10337433413071526,-0.10226360850164758,-0.10337433413071526,0.010861343704164028,1,quality_factor,0.5439131855964661,value_factor,0.3787667751312256,momentum_factor,0.06463994830846786
2020-11-24,002156.SZ,tucker,"(3, 2, 2)",cn_a,INDUSTRY_C39,-0.1183151501145413,-0.11704388998363649,-0.1183151501145413,0.010861343704164028,2,quality_factor,0.7380270957946777,value_factor,0.1468694806098938,volatility_factor,0.09937957674264908
2020-11-24,603486.SH,tucker,"(3, 2, 2)",cn_a,INDUSTRY_C39,-0.12112204531220176,-0.11982062595018446,-0.12112204531220176,0.010861343704164028,1,value_factor,0.4770562946796417,quality_factor,0.4321976602077484,momentum_factor,0.07892493158578873
2020-11-24,300857.SZ,tucker,"(3, 2, 2)",cn_a,INDUSTRY_C39,-0.12242693491961922,-0.12111149491754411,-0.12242693491961922,0.010861343704164028,1,value_factor,0.48065581917762756,quality_factor,0.4270746111869812,momentum_factor,0.07943791896104813
2020-11-24,603659.SH,tucker,"(3, 2, 2)",cn_a,INDUSTRY_C39,-0.12422317203844774,-0.12288843201746036,-0.12422317203844774,0.010861343704164028,1,value_factor,0.7503743767738342,momentum_factor,0.11787649244070053,volatility_factor,0.0885651484131813
2020-11-24,300627.SZ,tucker,"(3, 2, 2)",cn_a,INDUSTRY_C39,-0.13310135476084803,-0.13167122137967857,-0.13310135476084803,0.010861343704164028,1,value_factor,0.6341744661331177,quality_factor,0.2085714489221573,momentum_factor,0.1013164147734642
2020-11-24,300136.SZ,tucker,"(3, 2, 2)",cn_a,INDUSTRY_C39,-0.1352368155986921,-0.13378373734341623,-0.1352368155986921,0.010861343704164028,1,value_factor,0.7388095259666443,momentum_factor,0.11622834205627441,volatility_factor,0.08531788736581802
2020-11-24,002185.SZ,tucker,"(3, 2, 2)",cn_a,INDUSTRY_C39,-0.1448281372203159,-0.1432720031453208,-0.1448281372203159,0.010861343704164028,2,quality_factor,0.8276526927947998,volatility_factor,0.0996582955121994,value_factor,0.06989550590515137
2020-11-24,300373.SZ,tucker,"(3, 2, 2)",cn_a,INDUSTRY_C39,-0.1527015975859058,-0.15106086558540965,-0.1527015975859058,0.010861343704164028,1,value_factor,0.48796969652175903,quality_factor,0.4166647493839264,momentum_factor,0.08048024028539658
2020-11-24,600118.SH,tucker,"(3, 2, 2)",cn_a,INDUSTRY_C39,-0.160420028913673,-0.1586963647273104,-0.160420028913673,0.010861343704164028,2,quality_factor,0.6704939603805542,value_factor,0.24144525825977325,momentum_factor,0.04439185559749603
2020-11-24,300458.SZ,tucker,"(3, 2, 2)",cn_a,INDUSTRY_C39,-0.17140893905508595,-0.16956720238746167,-0.17140893905508595,0.010861343704164028,1,quality_factor,0.7767872214317322,value_factor,0.1261327564716339,volatility_factor,0.06969098001718521
2020-11-24,603019.SH,tucker,"(3, 2, 2)",cn_a,INDUSTRY_C39,-0.1718683701080139,-0.1700216969941279,-0.1718683701080139,0.010861343704164028,1,value_factor,0.5032719969749451,quality_factor,0.3948849141597748,momentum_factor,0.08266103267669678
2020-11-24,300623.SZ,tucker,"(3, 2, 2)",cn_a,INDUSTRY_C39,-0.18495476073625852,-0.18296747835426927,-0.18495476073625852,0.010861343704164028,1,value_factor,0.553246021270752,quality_factor,0.3237568736076355,momentum_factor,0.08978301286697388
2020-11-24,688002.SH,tucker,"(3, 2, 2)",cn_a,INDUSTRY_C39,-0.2096778926151899,-0.20742496773654354,-0.2096778926151899,0.010861343704164028,1,value_factor,0.5276577472686768,quality_factor,0.360176682472229,momentum_factor,0.08613632619380951
2020-11-24,300390.SZ,tucker,"(3, 2, 2)",cn_a,INDUSTRY_C39,-0.2229057435995681,-0.22051068950452207,-0.2229057435995681,0.010861343704164028,1,value_factor,0.5336970090866089,quality_factor,0.3515809178352356,momentum_factor,0.08699700981378555
2020-11-24,600435.SH,tucker,"(3, 2, 2)",cn_a,INDUSTRY_C39,-0.24065386449003953,-0.23806811225984603,-0.24065386449003953,0.010861343704164028,2,quality_factor,0.8267052173614502,volatility_factor,0.09965535253286362,value_factor,0.07070930302143097
2020-11-24,688008.SH,tucker,"(3, 2, 2)",cn_a,INDUSTRY_C39,-0.2440517858163388,-0.24142952395989797,-0.2440517858163388,0.010861343704164028,1,value_factor,0.5344588160514832,quality_factor,0.35049673914909363,momentum_factor,0.08710557222366333
2020-11-24,300115.SZ,tucker,"(3, 2, 2)",cn_a,INDUSTRY_C39,-0.25773829263291215,-0.2549689734433198,-0.25773829263291215,0.010861343704164028,2,quality_factor,0.8331633806228638,volatility_factor,0.08349264413118362,value_factor,0.06497298926115036
2020-11-24,600562.SH,tucker,"(3, 2, 2)",cn_a,INDUSTRY_C39,-0.27905972089985187,-0.27606130947935364,-0.27905972089985187,0.010861343704164028,2,quality_factor,0.8533176779747009,volatility_factor,0.08842669427394867,value_factor,0.04310854524374008
2020-11-24,300474.SZ,tucker,"(3, 2, 2)",cn_a,INDUSTRY_C39,-0.2828046318325385,-0.27976598248851225,-0.2828046318325385,0.010861343704164028,1,quality_factor,0.5327398777008057,value_factor,0.39088818430900574,momentum_factor,0.06642725318670273
2020-11-24,002414.SZ,tucker,"(3, 2, 2)",cn_a,INDUSTRY_C39,-0.2985159958517873,-0.2953085327027625,-0.2985159958517873,0.010861343704164028,1,value_factor,0.5145097374916077,quality_factor,0.3788902759552002,momentum_factor,0.08426254987716675
2020-11-24,688019.SH,tucker,"(3, 2, 2)",cn_a,INDUSTRY_C39,-0.32823219732054676,-0.32470544266800283,-0.32823219732054676,0.010861343704164028,1,value_factor,0.4933139383792877,quality_factor,0.40905821323394775,momentum_factor,0.08124187588691711
2020-11-24,603290.SH,tucker,"(3, 2, 2)",cn_a,INDUSTRY_C39,-0.345823310499316,-0.34210754471150534,-0.345823310499316,0.010861343704164028,1,value_factor,0.5729286074638367,quality_factor,0.29574263095855713,momentum_factor,0.09258805215358734
2020-11-24,603501.SH,tucker,"(3, 2, 2)",cn_a,INDUSTRY_C39,-0.36969151661912164,-0.3657192942506706,-0.36969151661912164,0.010861343704164028,1,quality_factor,0.46024778485298157,value_factor,0.4573485553264618,momentum_factor,0.07611631602048874
2020-11-24,300346.SZ,tucker,"(3, 2, 2)",cn_a,INDUSTRY_C39,-0.37446445466138456,-0.37044094853227794,-0.37446445466138456,0.010861343704164028,1,value_factor,0.4596896469593048,quality_factor,0.4569157063961029,momentum_factor,0.07644995301961899
2020-11-24,300223.SZ,tucker,"(3, 2, 2)",cn_a,INDUSTRY_C39,-0.4270130296921596,-0.42242490518317677,-0.4270130296921596,0.010861343704164028,1,quality_factor,0.5093388557434082,value_factor,0.416274756193161,momentum_factor,0.07017050683498383
2020-11-25,600707.SH,tucker,"(3, 2, 2)",cn_a,INDUSTRY_C39,1.1735994049027059,1.147527066537091,1.1735994049027059,0.022720495238900185,0,quality_factor,0.49669453501701355,value_factor,0.4299919605255127,momentum_factor,0.07219311594963074
2020-11-25,600601.SH,tucker,"(3, 2, 2)",cn_a,INDUSTRY_C39,0.8651449327265225,0.8459251279727761,0.8651449327265225,0.022720495238900185,2,quality_factor,0.7146324515342712,value_factor,0.19356152415275574,volatility_factor,0.054474614560604095
2020-11-25,600060.SH,tucker,"(3, 2, 2)",cn_a,INDUSTRY_C39,0.8362917869911713,0.8177129752162743,0.8362917869911713,0.022720495238900185,1,value_factor,0.5746607780456543,quality_factor,0.29327723383903503,momentum_factor,0.09283490478992462
2020-11-25,002429.SZ,tucker,"(3, 2, 2)",cn_a,INDUSTRY_C39,0.7357769607678789,0.7194311567374532,0.7357769607678789,0.022720495238900185,0,quality_factor,0.5451697707176208,value_factor,0.37740358710289,momentum_factor,0.06443894654512405
2020-11-25,600699.SH,tucker,"(3, 2, 2)",cn_a,INDUSTRY_C39,0.7140999104714182,0.6982356773993083,0.7140999104714182,0.022720495238900185,0,value_factor,0.5185205936431885,quality_factor,0.37318161129951477,momentum_factor,0.08483415842056274
2020-11-25,002130.SZ,tucker,"(3, 2, 2)",cn_a,INDUSTRY_C39,0.5301472285920021,0.518369634065538,0.5301472285920021,0.022720495238900185,0,value_factor,0.5808735489845276,quality_factor,0.2844345271587372,momentum_factor,0.09372030943632126
2020-11-25,600363.SH,tucker,"(3, 2, 2)",cn_a,INDUSTRY_C39,0.4932100195336926,0.4822530111534267,0.4932100195336926,0.022720495238900185,0,value_factor,0.5453893542289734,quality_factor,0.33493927121162415,momentum_factor,0.08866333216428757
2020-11-25,002583.SZ,tucker,"(3, 2, 2)",cn_a,INDUSTRY_C39,0.4404139049895883,0.43062979952409325,0.4404139049895883,0.022720495238900185,0,value_factor,0.5217824578285217,quality_factor,0.368539035320282,momentum_factor,0.08529902249574661
2020-11-25,603920.SH,tucker,"(3, 2, 2)",cn_a,INDUSTRY_C39,0.4291529936722271,0.4196190572924907,0.4291529936722271,0.022720495238900185,0,quality_factor,0.5794788599014282,value_factor,0.34018322825431824,momentum_factor,0.058950796723365784
2020-11-25,600884.SH,tucker,"(3, 2, 2)",cn_a,INDUSTRY_C39,0.40315153328563536,0.3941952376838061,0.40315153328563536,0.022720495238900185,2,value_factor,0.7612472176551819,momentum_factor,0.1189301460981369,volatility_factor,0.09715491533279419
2020-11-25,300073.SZ,tucker,"(3, 2, 2)",cn_a,INDUSTRY_C39,0.38402274656141444,0.3754914104456876,0.38402274656141444,0.022720495238900185,2,quality_factor,0.8827757835388184,volatility_factor,0.09850393235683441,value_factor,0.011892220005393028
2020-11-25,600563.SH,tucker,"(3, 2, 2)",cn_a,INDUSTRY_C39,0.3624297848353124,0.35437815159101416,0.3624297848353124,0.022720495238900185,2,quality_factor,0.7902795672416687,value_factor,0.11149562150239944,volatility_factor,0.07299407571554184
2020-11-25,601231.SH,tucker,"(3, 2, 2)",cn_a,INDUSTRY_C39,0.2945341917522588,0.2879909069861555,0.2945341917522588,0.022720495238900185,0,quality_factor,0.6217684745788574,value_factor,0.2943052649497986,momentum_factor,0.05218607932329178
2020-11-25,600498.SH,tucker,"(3, 2, 2)",cn_a,INDUSTRY_C39,0.2897523462003879,0.28331529350522777,0.2897523462003879,0.022720495238900185,2,value_factor,0.6206636428833008,quality_factor,0.2278013825416565,momentum_factor,0.09939093887805939
2020-11-25,002152.SZ,tucker,"(3, 2, 2)",cn_a,INDUSTRY_C39,0.27392792759207596,0.267842425515186,0.27392792759207596,0.022720495238900185,0,value_factor,0.5590152144432068,quality_factor,0.31554558873176575,momentum_factor,0.09060519933700562
2020-11-25,603228.SH,tucker,"(3, 2, 2)",cn_a,INDUSTRY_C39,0.27171830818773646,0.2656818943640686,0.27171830818773646,0.022720495238900185,2,quality_factor,0.7304868698120117,value_factor,0.17636185884475708,volatility_factor,0.05835598707199097
2020-11-25,002025.SZ,tucker,"(3, 2, 2)",cn_a,INDUSTRY_C39,0.2138496987926202,0.20909887693380352,0.2138496987926202,0.022720495238900185,0,quality_factor,0.7077722549438477,value_factor,0.20100386440753937,volatility_factor,0.052795134484767914
2020-11-25,002273.SZ,tucker,"(3, 2, 2)",cn_a,INDUSTRY_C39,0.20589650007886942,0.20132236413782642,0.20589650007886942,0.022720495238900185,0,quality_factor,0.49664080142974854,value_factor,0.4300503134727478,momentum_factor,0.07220171391963959
2020-11-25,002465.SZ,tucker,"(3, 2, 2)",cn_a,INDUSTRY_C39,0.12344589610983006,0.12070345847755395,0.12344589610983006,0.022720495238900185,2,value_factor,0.7057871222496033,momentum_factor,0.10961367189884186,volatility_factor,0.09735573828220367
2020-11-25,300570.SZ,tucker,"(3, 2, 2)",cn_a,INDUSTRY_C39,0.09674147462561417,0.09459229454773516,0.09674147462561417,0.022720495238900185,1,quality_factor,0.676946222782135,value_factor,0.2344454824924469,volatility_factor,0.04524850472807884
2020-11-25,002138.SZ,tucker,"(3, 2, 2)",cn_a,INDUSTRY_C39,0.09572685349412761,0.09360021394016375,0.09572685349412761,0.022720495238900185,0,value_factor,0.5483362674713135,quality_factor,0.33074498176574707,momentum_factor,0.08908329159021378
2020-11-25,600171.SH,tucker,"(3, 2, 2)",cn_a,INDUSTRY_C39,0.09000305588564134,0.08800357453179358,0.09000305588564134,0.022720495238900185,2,value_factor,0.7000925540924072,momentum_factor,0.10865707695484161,volatility_factor,0.09737635403871536
2020-11-25,300054.SZ,tucker,"(3, 2, 2)",cn_a,INDUSTRY_C39,0.07600099830647639,0.07431258253556412,0.07600099830647639,0.022720495238900185,1,value_factor,0.638241708278656,quality_factor,0.20278245210647583,momentum_factor,0.10189605504274368
2020-11-25,300735.SZ,tucker,"(3, 2, 2)",cn_a,INDUSTRY_C39,0.034852107541381655,0.0340778433957305,0.034852107541381655,0.022720495238900185,1,quality_factor,0.4345226585865021,value_factor,0.40753060579299927,volatility_factor,0.09843572974205017
2020-11-25,600764.SH,tucker,"(3, 2, 2)",cn_a,INDUSTRY_C39,0.026864212774899213,0.026267405344299746,0.026864212774899213,0.022720495238900185,1,value_factor,0.7211567163467407,momentum_factor,0.11371257156133652,quality_factor,0.08476944267749786
2020-11-25,605358.SH,tucker,"(3, 2, 2)",cn_a,INDUSTRY_C39,0.01988798229127164,0.019446156740286144,0.01988798229127164,0.022720495238900185,1,value_factor,0.6389874219894409,quality_factor,0.20172107219696045,momentum_factor,0.1020023301243782
2020-11-25,002402.SZ,tucker,"(3, 2, 2)",cn_a,INDUSTRY_C39,0.009457560192927855,0.00924745382406545,0.009457560192927855,0.022720495238900185,1,value_factor,0.45884180068969727,quality_factor,0.37477773427963257,volatility_factor,0.09824992716312408
2020-11-25,300919.SZ,tucker,"(3, 2, 2)",cn_a,INDUSTRY_C39,-0.013998471304449298,-0.013687485393135539,-0.013998471304449298,0.022720495238900185,1,quality_factor,0.5501478910446167,value_factor,0.3082272708415985,volatility_factor,0.09879530966281891
2020-11-25,688608.SH,tucker,"(3, 2, 2)",cn_a,INDUSTRY_C39,-0.013998471304449298,-0.013687485393135539,-0.013998471304449298,0.022720495238900185,1,quality_factor,0.5501478910446167,value_factor,0.3082272708415985,volatility_factor,0.09879530966281891
2020-11-25,689009.SH,tucker,"(3, 2, 2)",cn_a,INDUSTRY_C39,-0.013998471304449298,-0.013687485393135539,-0.013998471304449298,0.022720495238900185,1,quality_factor,0.5501478910446167,value_factor,0.3082272708415985,volatility_factor,0.09879530966281891
2020-11-25,300679.SZ,tucker,"(3, 2, 2)",cn_a,INDUSTRY_C39,-0.015130238127441476,-0.014794109218068278,-0.015130238127441476,0.022720495238900185,2,value_factor,0.4698755741119385,quality_factor,0.36193040013313293,volatility_factor,0.09820997714996338
2020-11-25,688100.SH,tucker,"(3, 2, 2)",cn_a,INDUSTRY_C39,-0.022132148688990844,-0.021640467398963855,-0.022132148688990844,0.022720495238900185,1,value_factor,0.7239415645599365,momentum_factor,0.11266333609819412,volatility_factor,0.09729000180959702
2020-11-25,002436.SZ,tucker,"(3, 2, 2)",cn_a,INDUSTRY_C39,-0.02939057187834925,-0.02873763959875699,-0.02939057187834925,0.022720495238900185,1,value_factor,0.6544001698493958,quality_factor,0.14707651734352112,momentum_factor,0.10098143666982651
2020-11-25,002281.SZ,tucker,"(3, 2, 2)",cn_a,INDUSTRY_C39,-0.042840634733120136,-0.04188889982264426,-0.042840634733120136,0.022720495238900185,1,quality_factor,0.5848783254623413,value_factor,0.27839940786361694,volatility_factor,0.09890330582857132
2020-11-25,688981.SH,tucker,"(3, 2, 2)",cn_a,INDUSTRY_C39,-0.056494389252346865,-0.055239326557024473,-0.056494389252346865,0.022720495238900185,1,quality_factor,0.8417811393737793,volatility_factor,0.08560238033533096,value_factor,0.05562404543161392
2020-11-25,603160.SH,tucker,"(3, 2, 2)",cn_a,INDUSTRY_C39,-0.056610137476907844,-0.055352503353154794,-0.056610137476907844,0.022720495238900185,2,value_factor,0.6022207140922546,quality_factor,0.20783250033855438,volatility_factor,0.09773076325654984
2020-11-25,002841.SZ,tucker,"(3, 2, 2)",cn_a,INDUSTRY_C39,-0.07520342166776331,-0.07353272462430623,-0.07520342166776331,0.022720495238900185,2,value_factor,0.6294308304786682,quality_factor,0.17615003883838654,volatility_factor,0.09763222187757492
2020-11-25,300037.SZ,tucker,"(3, 2, 2)",cn_a,INDUSTRY_C39,-0.08106462167168381,-0.07926371393700418,-0.08106462167168381,0.022720495238900185,1,value_factor,0.5726580023765564,quality_factor,0.2961277663707733,momentum_factor,0.09254947304725647
2020-11-25,688027.SH,tucker,"(3, 2, 2)",cn_a,INDUSTRY_C39,-0.09924518557436944,-0.09704038379222495,-0.09924518557436944,0.022720495238900185,1,quality_factor,0.5513020753860474,value_factor,0.37075087428092957,momentum_factor,0.06345800310373306
2020-11-25,002156.SZ,tucker,"(3, 2, 2)",cn_a,INDUSTRY_C39,-0.11557459099758179,-0.11300701995897316,-0.11557459099758179,0.022720495238900185,2,quality_factor,0.7143312096595764,value_factor,0.16722039878368378,volatility_factor,0.0993058830499649
2020-11-25,300857.SZ,tucker,"(3, 2, 2)",cn_a,INDUSTRY_C39,-0.1177012768151009,-0.11508645995138357,-0.1177012768151009,0.022720495238900185,1,value_factor,0.4811845123767853,quality_factor,0.4263220727443695,momentum_factor,0.07951326668262482
2020-11-25,603486.SH,tucker,"(3, 2, 2)",cn_a,INDUSTRY_C39,-0.11796116815097185,-0.11534057761796089,-0.11796116815097185,0.022720495238900185,1,value_factor,0.4772375226020813,quality_factor,0.4319398105144501,momentum_factor,0.07895076274871826
2020-11-25,603659.SH,tucker,"(3, 2, 2)",cn_a,INDUSTRY_C39,-0.12255699296381337,-0.11983430294175279,-0.12255699296381337,0.022720495238900185,1,value_factor,0.7590721845626831,momentum_factor,0.11911604553461075,volatility_factor,0.09100737422704697
2020-11-25,300627.SZ,tucker,"(3, 2, 2)",cn_a,INDUSTRY_C39,-0.12922190307758238,-0.12635114737745767,-0.12922190307758238,0.022720495238900185,1,value_factor,0.6423421502113342,quality_factor,0.19694636762142181,momentum_factor,0.10248041152954102
2020-11-25,300136.SZ,tucker,"(3, 2, 2)",cn_a,INDUSTRY_C39,-0.1314007230649367,-0.128481563342357,-0.1314007230649367,0.022720495238900185,1,value_factor,0.7503232359886169,momentum_factor,0.11786919832229614,volatility_factor,0.08855078369379044
2020-11-25,002185.SZ,tucker,"(3, 2, 2)",cn_a,INDUSTRY_C39,-0.1425040208893699,-0.13933819357592103,-0.1425040208893699,0.022720495238900185,2,quality_factor,0.8020351529121399,volatility_factor,0.09957864135503769,value_factor,0.0918969064950943
2020-11-25,300373.SZ,tucker,"(3, 2, 2)",cn_a,INDUSTRY_C39,-0.14894037542778693,-0.14563155995955065,-0.14894037542778693,0.022720495238900185,1,value_factor,0.4887477457523346,quality_factor,0.415557324886322,momentum_factor,0.0805911272764206
2020-11-25,600118.SH,tucker,"(3, 2, 2)",cn_a,INDUSTRY_C39,-0.1641300488519046,-0.16048378407726754,-0.1641300488519046,0.022720495238900185,2,quality_factor,0.6725462079048157,value_factor,0.23921893537044525,volatility_factor,0.04417131096124649
2020-11-25,300458.SZ,tucker,"(3, 2, 2)",cn_a,INDUSTRY_C39,-0.16850806339569924,-0.16476453794073245,-0.16850806339569924,0.022720495238900185,1,quality_factor,0.7949630618095398,value_factor,0.10641467571258545,volatility_factor,0.07414066791534424
2020-11-25,603019.SH,tucker,"(3, 2, 2)",cn_a,INDUSTRY_C39,-0.17216686159117192,-0.1683420533542223,-0.17216686159117192,0.022720495238900185,1,value_factor,0.5039950013160706,quality_factor,0.39385586977005005,momentum_factor,0.08276406675577164
2020-11-25,300623.SZ,tucker,"(3, 2, 2)",cn_a,INDUSTRY_C39,-0.1827177616714572,-0.17865855774905837,-0.1827177616714572,0.022720495238900185,1,value_factor,0.5563431978225708,quality_factor,0.3193485736846924,momentum_factor,0.09022440016269684
2020-11-25,688002.SH,tucker,"(3, 2, 2)",cn_a,INDUSTRY_C39,-0.21031436095380177,-0.20564207911808444,-0.21031436095380177,0.022720495238900185,1,value_factor,0.5289568901062012,quality_factor,0.358327716588974,momentum_factor,0.08632147312164307
2020-11-25,300390.SZ,tucker,"(3, 2, 2)",cn_a,INDUSTRY_C39,-0.22217098835684118,-0.21723530318244144,-0.22217098835684118,0.022720495238900185,1,value_factor,0.5355290770530701,quality_factor,0.34897348284721375,momentum_factor,0.08725809305906296
2020-11-25,600435.SH,tucker,"(3, 2, 2)",cn_a,INDUSTRY_C39,-0.2443316499710764,-0.23890365007190895,-0.2443316499710764,0.022720495238900185,2,quality_factor,0.8180357217788696,volatility_factor,0.09962839633226395,value_factor,0.078155018389225
2020-11-25,688008.SH,tucker,"(3, 2, 2)",cn_a,INDUSTRY_C39,-0.2471456191464674,-0.24165510493774534,-0.2471456191464674,0.022720495238900185,1,value_factor,0.5353399515151978,quality_factor,0.34924259781837463,momentum_factor,0.08723115175962448
2020-11-25,300115.SZ,tucker,"(3, 2, 2)",cn_a,INDUSTRY_C39,-0.25807360961019354,-0.2523403223872417,-0.25807360961019354,0.022720495238900185,2,quality_factor,0.8464031219482422,volatility_factor,0.08673390746116638,value_factor,0.050609882920980453
2020-11-25,600562.SH,tucker,"(3, 2, 2)",cn_a,INDUSTRY_C39,-0.2815875222990254,-0.2753318569244132,-0.2815875222990254,0.022720495238900185,2,quality_factor,0.8636325001716614,volatility_factor,0.09095189720392227,value_factor,0.03191852197051048
2020-11-25,300474.SZ,tucker,"(3, 2, 2)",cn_a,INDUSTRY_C39,-0.28451812759959233,-0.2781973567616566,-0.28451812759959233,0.022720495238900185,1,quality_factor,0.5350778102874756,value_factor,0.38835182785987854,momentum_factor,0.06605327129364014
2020-11-25,002414.SZ,tucker,"(3, 2, 2)",cn_a,INDUSTRY_C39,-0.30142817435950675,-0.2947317349083619,-0.30142817435950675,0.022720495238900185,1,value_factor,0.5151920914649963,quality_factor,0.37791910767555237,momentum_factor,0.0843598023056984
2020-11-25,688019.SH,tucker,"(3, 2, 2)",cn_a,INDUSTRY_C39,-0.33298010470954204,-0.3255827168762338,-0.33298010470954204,0.022720495238900185,1,value_factor,0.4934729039669037,quality_factor,0.40883198380470276,momentum_factor,0.08126451820135117
2020-11-25,603290.SH,tucker,"(3, 2, 2)",cn_a,INDUSTRY_C39,-0.35197631326355205,-0.34415691126168263,-0.35197631326355205,0.022720495238900185,1,value_factor,0.5739219784736633,quality_factor,0.2943287789821625,momentum_factor,0.0927296131849289
2020-11-25,603501.SH,tucker,"(3, 2, 2)",cn_a,INDUSTRY_C39,-0.3768198877121575,-0.3684485681849984,-0.3768198877121575,0.022720495238900185,1,quality_factor,0.460763156414032,value_factor,0.4569864571094513,momentum_factor,0.07606471329927444
2020-11-25,300346.SZ,tucker,"(3, 2, 2)",cn_a,INDUSTRY_C39,-0.3801238230453901,-0.371679104264971,-0.3801238230453901,0.022720495238900185,1,value_factor,0.4593105614185333,quality_factor,0.4574553370475769,momentum_factor,0.0763959214091301
2020-11-25,300223.SZ,tucker,"(3, 2, 2)",cn_a,INDUSTRY_C39,-0.43481080630843466,-0.4251511776312719,-0.43481080630843466,0.022720495238900185,1,quality_factor,0.5103310942649841,value_factor,0.41519835591316223,momentum_factor,0.07001179456710815
2020-11-26,600707.SH,tucker,"(3, 2, 2)",cn_a,INDUSTRY_C39,1.1516462214807472,1.1497911730940953,1.1516462214807472,0.0016134156612679362,0,quality_factor,0.49669742584228516,value_factor,0.4299888014793396,momentum_factor,0.07219264656305313
2020-11-26,600601.SH,tucker,"(3, 2, 2)",cn_a,INDUSTRY_C39,0.8491020146290964,0.8477342983174713,0.8491020146290964,0.0016134156612679362,2,quality_factor,0.7145458459854126,value_factor,0.19365552067756653,volatility_factor,0.05445340648293495
2020-11-26,600060.SH,tucker,"(3, 2, 2)",cn_a,INDUSTRY_C39,0.8201656723235414,0.8188445660854861,0.8201656723235414,0.0016134156612679362,1,value_factor,0.5746917128562927,quality_factor,0.2932332754135132,momentum_factor,0.0928393080830574
2020-11-26,002429.SZ,tucker,"(3, 2, 2)",cn_a,INDUSTRY_C39,0.7223787120077372,0.7212151190229587,0.7223787120077372,0.0016134156612679362,0,quality_factor,0.5451145172119141,value_factor,0.37746351957321167,momentum_factor,0.064447782933712
2020-11-26,600699.SH,tucker,"(3, 2, 2)",cn_a,INDUSTRY_C39,0.7008387577212105,0.699709860858125,0.7008387577212105,0.0016134156612679362,0,value_factor,0.518497884273529,quality_factor,0.37321391701698303,momentum_factor,0.08483092486858368
2020-11-26,002130.SZ,tucker,"(3, 2, 2)",cn_a,INDUSTRY_C39,0.5205692830687099,0.5197307606208564,0.5205692830687099,0.0016134156612679362,0,value_factor,0.5807852149009705,quality_factor,0.28456035256385803,momentum_factor,0.09370771050453186
2020-11-26,600363.SH,tucker,"(3, 2, 2)",cn_a,INDUSTRY_C39,0.48398353038391434,0.4832039395247958,0.48398353038391434,0.0016134156612679362,0,value_factor,0.5453693866729736,quality_factor,0.33496779203414917,momentum_factor,0.08866047859191895
2020-11-26,002583.SZ,tucker,"(3, 2, 2)",cn_a,INDUSTRY_C39,0.4326732745363283,0.43197633319713474,0.4326732745363283,0.0016134156612679362,0,value_factor,0.5217095613479614,quality_factor,0.3686427175998688,momentum_factor,0.0852886289358139
2020-11-26,603920.SH,tucker,"(3, 2, 2)",cn_a,INDUSTRY_C39,0.4212493506866081,0.4205708107723586,0.4212493506866081,0.0016134156612679362,0,quality_factor,0.5794269442558289,value_factor,0.3402395248413086,momentum_factor,0.05895909667015076
2020-11-26,600884.SH,tucker,"(3, 2, 2)",cn_a,INDUSTRY_C39,0.39578524165359846,0.3951477188099546,0.39578524165359846,0.0016134156612679362,2,value_factor,0.761401891708374,momentum_factor,0.11895611137151718,volatility_factor,0.09715434908866882
2020-11-26,300073.SZ,tucker,"(3, 2, 2)",cn_a,INDUSTRY_C39,0.37729827666737736,0.3766905322521537,0.37729827666737736,0.0016134156612679362,2,quality_factor,0.8834261298179626,volatility_factor,0.09848183393478394,value_factor,0.011139743030071259
2020-11-26,600563.SH,tucker,"(3, 2, 2)",cn_a,INDUSTRY_C39,0.3558369006399427,0.3552637257741453,0.3558369006399427,0.0016134156612679362,2,quality_factor,0.7900239825248718,value_factor,0.11177296936511993,volatility_factor,0.07293149083852768
2020-11-26,601231.SH,tucker,"(3, 2, 2)",cn_a,INDUSTRY_C39,0.28923245932904434,0.28876656954706265,0.28923245932904434,0.0016134156612679362,0,quality_factor,0.6216173768043518,value_factor,0.29446911811828613,momentum_factor,0.052210237830877304
2020-11-26,600498.SH,tucker,"(3, 2, 2)",cn_a,INDUSTRY_C39,0.28426682322742663,0.2838089319914109,0.28426682322742663,0.0016134156612679362,2,value_factor,0.6206637024879456,quality_factor,0.22780127823352814,momentum_factor,0.09939094632863998
2020-11-26,002152.SZ,tucker,"(3, 2, 2)",cn_a,INDUSTRY_C39,0.26914303099228065,0.26870950085419804,0.26914303099228065,0.0016134156612679362,0,value_factor,0.558891773223877,quality_factor,0.3157212734222412,momentum_factor,0.09058760851621628
2020-11-26,603228.SH,tucker,"(3, 2, 2)",cn_a,INDUSTRY_C39,0.26679392235908816,0.2663641761175693,0.26679392235908816,0.0016134156612679362,2,quality_factor,0.7302613258361816,value_factor,0.17660661041736603,volatility_factor,0.058300767093896866
2020-11-26,002025.SZ,tucker,"(3, 2, 2)",cn_a,INDUSTRY_C39,0.21023821632698758,0.20989956887021174,0.21023821632698758,0.0016134156612679362,0,quality_factor,0.707213282585144,value_factor,0.201610267162323,volatility_factor,0.05265829339623451
2020-11-26,002273.SZ,tucker,"(3, 2, 2)",cn_a,INDUSTRY_C39,0.2023365092458479,0.2020105896986499,0.2023365092458479,0.0016134156612679362,0,quality_factor,0.49657636880874634,value_factor,0.43012019991874695,momentum_factor,0.07221202552318573
2020-11-26,002465.SZ,tucker,"(3, 2, 2)",cn_a,INDUSTRY_C39,0.12144796183221084,0.12125233591736231,0.12144796183221084,0.0016134156612679362,2,value_factor,0.706322431564331,momentum_factor,0.10970360040664673,volatility_factor,0.09735380113124847
2020-11-26,300570.SZ,tucker,"(3, 2, 2)",cn_a,INDUSTRY_C39,0.09533490002426524,0.09518133649999626,0.09533490002426524,0.0016134156612679362,1,quality_factor,0.6758768558502197,value_factor,0.23560567200183868,volatility_factor,0.04498669132590294
2020-11-26,002138.SZ,tucker,"(3, 2, 2)",cn_a,INDUSTRY_C39,0.09423979606632492,0.09408799651331075,0.09423979606632492,0.0016134156612679362,0,value_factor,0.5480847358703613,quality_factor,0.33110302686691284,momentum_factor,0.08904744684696198
2020-11-26,600171.SH,tucker,"(3, 2, 2)",cn_a,INDUSTRY_C39,0.08837036397682349,0.0882280187860302,0.08837036397682349,0.0016134156612679362,2,value_factor,0.7002376914024353,momentum_factor,0.10868145525455475,volatility_factor,0.09737583249807358
2020-11-26,300054.SZ,tucker,"(3, 2, 2)",cn_a,INDUSTRY_C39,0.0749934185327382,0.07487262065448025,0.0749934185327382,0.0016134156612679362,1,value_factor,0.6374430060386658,quality_factor,0.20391929149627686,momentum_factor,0.10178222507238388
2020-11-26,300735.SZ,tucker,"(3, 2, 2)",cn_a,INDUSTRY_C39,0.03457252649435156,0.03451683776955084,0.03457252649435156,0.0016134156612679362,1,quality_factor,0.43574514985084534,value_factor,0.4064806401729584,volatility_factor,0.098439522087574
2020-11-26,600764.SH,tucker,"(3, 2, 2)",cn_a,INDUSTRY_C39,0.026524293548999912,0.026481568754668637,0.026524293548999912,0.0016134156612679362,1,value_factor,0.719975471496582,momentum_factor,0.11354423314332962,quality_factor,0.0864507257938385
2020-11-26,605358.SH,tucker,"(3, 2, 2)",cn_a,INDUSTRY_C39,0.019765142740184774,0.01973330544895051,0.019765142740184774,0.0016134156612679362,1,value_factor,0.6371951699256897,quality_factor,0.2042720466852188,momentum_factor,0.10174690932035446
2020-11-26,002402.SZ,tucker,"(3, 2, 2)",cn_a,INDUSTRY_C39,0.009592500608090387,0.009577049202576187,0.009592500608090387,0.0016134156612679362,1,value_factor,0.45743459463119507,quality_factor,0.37641629576683044,volatility_factor,0.09825503081083298
2020-11-26,300919.SZ,tucker,"(3, 2, 2)",cn_a,INDUSTRY_C39,-0.013457849869946277,-0.013436172238201913,-0.013457849869946277,0.0016134156612679362,1,quality_factor,0.5454142093658447,value_factor,0.31229278445243835,volatility_factor,0.09878058731555939
2020-11-26,688608.SH,tucker,"(3, 2, 2)",cn_a,INDUSTRY_C39,-0.013457849869946277,-0.013436172238201913,-0.013457849869946277,0.0016134156612679362,1,quality_factor,0.5454142093658447,value_factor,0.31229278445243835,volatility_factor,0.09878058731555939
2020-11-26,689009.SH,tucker,"(3, 2, 2)",cn_a,INDUSTRY_C39,-0.013457849869946277,-0.013436172238201913,-0.013457849869946277,0.0016134156612679362,1,quality_factor,0.5454142093658447,value_factor,0.31229278445243835,volatility_factor,0.09878058731555939
2020-11-26,300679.SZ,tucker,"(3, 2, 2)",cn_a,INDUSTRY_C39,-0.014441259466126209,-0.014417997778140627,-0.014441259466126209,0.0016134156612679362,2,value_factor,0.47070086002349854,quality_factor,0.3609694540500641,volatility_factor,0.09820698201656342
2020-11-26,688100.SH,tucker,"(3, 2, 2)",cn_a,INDUSTRY_C39,-0.021606967737731558,-0.0215721636721299,-0.021606967737731558,0.0016134156612679362,1,value_factor,0.7229079008102417,momentum_factor,0.112489715218544,volatility_factor,0.09729374945163727
2020-11-26,002436.SZ,tucker,"(3, 2, 2)",cn_a,INDUSTRY_C39,-0.028572699454167193,-0.02852667512913047,-0.028572699454167193,0.0016134156612679362,1,value_factor,0.6530547142028809,quality_factor,0.1486431211233139,momentum_factor,0.10075541585683823
2020-11-26,002281.SZ,tucker,"(3, 2, 2)",cn_a,INDUSTRY_C39,-0.041737886200581525,-0.04167065565962677,-0.041737886200581525,0.0016134156612679362,1,quality_factor,0.5829583406448364,value_factor,0.2800484597682953,volatility_factor,0.09889735281467438
2020-11-26,688981.SH,tucker,"(3, 2, 2)",cn_a,INDUSTRY_C39,-0.055130372169001955,-0.055041569283150314,-0.055130372169001955,0.0016134156612679362,1,quality_factor,0.8442208766937256,volatility_factor,0.08619966357946396,value_factor,0.052977267652750015
2020-11-26,603160.SH,tucker,"(3, 2, 2)",cn_a,INDUSTRY_C39,-0.055371612869447674,-0.05528242139796634,-0.055371612869447674,0.0016134156612679362,2,value_factor,0.60191810131073,quality_factor,0.20818482339382172,volatility_factor,0.09773185104131699
2020-11-26,002841.SZ,tucker,"(3, 2, 2)",cn_a,INDUSTRY_C39,-0.07344249019732986,-0.07332419052299316,-0.07344249019732986,0.0016134156612679362,2,value_factor,0.6288555264472961,quality_factor,0.17681990563869476,volatility_factor,0.09763430804014206
2020-11-26,300037.SZ,tucker,"(3, 2, 2)",cn_a,INDUSTRY_C39,-0.07916048661452643,-0.0790329765074798,-0.07916048661452643,0.0016134156612679362,1,value_factor,0.5730825066566467,quality_factor,0.29552367329597473,momentum_factor,0.09260997921228409
2020-11-26,688027.SH,tucker,"(3, 2, 2)",cn_a,INDUSTRY_C39,-0.09705877256609412,-0.09690243226288221,-0.09705877256609412,0.0016134156612679362,1,quality_factor,0.55165034532547,value_factor,0.370373010635376,momentum_factor,0.06340228766202927
2020-11-26,002156.SZ,tucker,"(3, 2, 2)",cn_a,INDUSTRY_C39,-0.11311969353171258,-0.11293748262260653,-0.11311969353171258,0.0016134156612679362,2,quality_factor,0.7133032083511353,value_factor,0.16810324788093567,volatility_factor,0.09930270165205002
2020-11-26,300857.SZ,tucker,"(3, 2, 2)",cn_a,INDUSTRY_C39,-0.11511583068879037,-0.11493040444241867,-0.11511583068879037,0.0016134156612679362,1,value_factor,0.48120933771133423,quality_factor,0.4262867867946625,momentum_factor,0.07951680570840836
2020-11-26,603486.SH,tucker,"(3, 2, 2)",cn_a,INDUSTRY_C39,-0.11543952677605354,-0.11525357912658664,-0.11543952677605354,0.0016134156612679362,1,value_factor,0.47724592685699463,quality_factor,0.4319278597831726,momentum_factor,0.07895196229219437
2020-11-26,603659.SH,tucker,"(3, 2, 2)",cn_a,INDUSTRY_C39,-0.12000850210432851,-0.11981519484202802,-0.12000850210432851,0.0016134156612679362,1,value_factor,0.7594643235206604,momentum_factor,0.11917192488908768,volatility_factor,0.09111747145652771
2020-11-26,300627.SZ,tucker,"(3, 2, 2)",cn_a,INDUSTRY_C39,-0.12644114770686687,-0.1262374788694365,-0.12644114770686687,0.0016134156612679362,1,value_factor,0.6427175402641296,quality_factor,0.19641204178333282,momentum_factor,0.10253392159938812
2020-11-26,300136.SZ,tucker,"(3, 2, 2)",cn_a,INDUSTRY_C39,-0.1285778811846887,-0.1283707705402895,-0.1285778811846887,0.0016134156612679362,1,value_factor,0.7508485317230225,momentum_factor,0.11794405430555344,volatility_factor,0.08869826793670654
2020-11-26,002185.SZ,tucker,"(3, 2, 2)",cn_a,INDUSTRY_C39,-0.13952367758450818,-0.13929893567316834,-0.13952367758450818,0.0016134156612679362,2,quality_factor,0.8009243607521057,volatility_factor,0.09957519173622131,value_factor,0.0928509458899498
2020-11-26,300373.SZ,tucker,"(3, 2, 2)",cn_a,INDUSTRY_C39,-0.1457666350508212,-0.14553183711015585,-0.1457666350508212,0.0016134156612679362,1,value_factor,0.48878368735313416,quality_factor,0.41550618410110474,momentum_factor,0.08059624582529068
2020-11-26,600118.SH,tucker,"(3, 2, 2)",cn_a,INDUSTRY_C39,-0.16097926499960183,-0.16071996286301515,-0.16097926499960183,0.0016134156612679362,2,quality_factor,0.6726364493370056,value_factor,0.23912091553211212,volatility_factor,0.044193416833877563
2020-11-26,300458.SZ,tucker,"(3, 2, 2)",cn_a,INDUSTRY_C39,-0.16497713230709532,-0.16471139048689706,-0.16497713230709532,0.0016134156612679362,1,quality_factor,0.7958018183708191,value_factor,0.10550479590892792,volatility_factor,0.07434600591659546
2020-11-26,603019.SH,tucker,"(3, 2, 2)",cn_a,INDUSTRY_C39,-0.16870322999251394,-0.16843148624970186,-0.16870322999251394,0.0016134156612679362,1,value_factor,0.5040274262428284,quality_factor,0.39380964636802673,momentum_factor,0.08276869356632233
2020-11-26,300623.SZ,tucker,"(3, 2, 2)",cn_a,INDUSTRY_C39,-0.17892917104744108,-0.17864095556608453,-0.17892917104744108,0.0016134156612679362,1,value_factor,0.556484043598175,quality_factor,0.3191482424736023,momentum_factor,0.09024446457624435
2020-11-26,688002.SH,tucker,"(3, 2, 2)",cn_a,INDUSTRY_C39,-0.20609527883454512,-0.20576330473749382,-0.20609527883454512,0.0016134156612679362,1,value_factor,0.5290150046348572,quality_factor,0.35824477672576904,momentum_factor,0.08632976561784744
2020-11-26,300390.SZ,tucker,"(3, 2, 2)",cn_a,INDUSTRY_C39,-0.2176519574427693,-0.21730136808210027,-0.2176519574427693,0.0016134156612679362,1,value_factor,0.5356116890907288,quality_factor,0.3488558828830719,momentum_factor,0.0872698724269867
2020-11-26,600435.SH,tucker,"(3, 2, 2)",cn_a,INDUSTRY_C39,-0.23955982161114814,-0.23917394350700694,-0.23955982161114814,0.0016134156612679362,2,quality_factor,0.8176583051681519,volatility_factor,0.09962721914052963,value_factor,0.0784791111946106
2020-11-26,688008.SH,tucker,"(3, 2, 2)",cn_a,INDUSTRY_C39,-0.2422911948570311,-0.24190091711223757,-0.2422911948570311,0.0016134156612679362,1,value_factor,0.5353791117668152,quality_factor,0.3491869270801544,momentum_factor,0.08723673224449158
2020-11-26,300115.SZ,tucker,"(3, 2, 2)",cn_a,INDUSTRY_C39,-0.2528767691559889,-0.25246944038271213,-0.2528767691559889,0.0016134156612679362,2,quality_factor,0.847001314163208,volatility_factor,0.08688034862279892,value_factor,0.04996088892221451
2020-11-26,600562.SH,tucker,"(3, 2, 2)",cn_a,INDUSTRY_C39,-0.2760125862142513,-0.2755679907358812,-0.2760125862142513,0.0016134156612679362,2,quality_factor,0.8640943169593811,volatility_factor,0.09106495976448059,value_factor,0.03141748532652855
2020-11-26,300474.SZ,tucker,"(3, 2, 2)",cn_a,INDUSTRY_C39,-0.2788480747923371,-0.2783989119664482,-0.2788480747923371,0.0016134156612679362,1,quality_factor,0.535182535648346,value_factor,0.38823822140693665,momentum_factor,0.06603651493787766
2020-11-26,002414.SZ,tucker,"(3, 2, 2)",cn_a,INDUSTRY_C39,-0.29546953090055605,-0.29499359457012886,-0.29546953090055605,0.0016134156612679362,1,value_factor,0.515222430229187,quality_factor,0.37787583470344543,momentum_factor,0.0843641385436058
2020-11-26,688019.SH,tucker,"(3, 2, 2)",cn_a,INDUSTRY_C39,-0.3264652993306567,-0.3259394356448084,-0.3264652993306567,0.0016134156612679362,1,value_factor,0.4934799373149872,quality_factor,0.4088219702243805,momentum_factor,0.08126552402973175
2020-11-26,603290.SH,tucker,"(3, 2, 2)",cn_a,INDUSTRY_C39,-0.3451398973774932,-0.3445839530276944,-0.3451398973774932,0.0016134156612679362,1,value_factor,0.5739659070968628,quality_factor,0.29426634311676025,momentum_factor,0.09273587167263031
2020-11-26,603501.SH,tucker,"(3, 2, 2)",cn_a,INDUSTRY_C39,-0.36952481369429496,-0.36892959061563974,-0.36952481369429496,0.0016134156612679362,1,quality_factor,0.4607859253883362,value_factor,0.4569704830646515,momentum_factor,0.07606243342161179
2020-11-26,300346.SZ,tucker,"(3, 2, 2)",cn_a,INDUSTRY_C39,-0.3726972016395976,-0.3720968685427527,-0.3726972016395976,0.0016134156612679362,1,value_factor,0.4592937231063843,quality_factor,0.45747920870780945,momentum_factor,0.07639352232217789
2020-11-26,300223.SZ,tucker,"(3, 2, 2)",cn_a,INDUSTRY_C39,-0.4263741819229557,-0.4256873870344445,-0.4263741819229557,0.0016134156612679362,1,quality_factor,0.510374903678894,value_factor,0.4151507318019867,momentum_factor,0.07000477612018585
2020-11-27,600707.SH,tucker,"(3, 2, 2)",cn_a,INDUSTRY_C39,1.1514534273536705,1.1331871742969934,1.1514534273536705,0.016119319945573807,0,quality_factor,0.49664735794067383,value_factor,0.43004319071769714,momentum_factor,0.07220067083835602
2020-11-27,600601.SH,tucker,"(3, 2, 2)",cn_a,INDUSTRY_C39,0.846545019724901,0.8331157266359891,0.846545019724901,0.016119319945573807,2,quality_factor,0.7160413861274719,value_factor,0.1920330673456192,volatility_factor,0.05481954291462898
2020-11-27,600060.SH,tucker,"(3, 2, 2)",cn_a,INDUSTRY_C39,0.8283306605658074,0.8151903136780716,0.8283306605658074,0.016119319945573807,1,value_factor,0.5741646885871887,quality_factor,0.2939833402633667,momentum_factor,0.09276420623064041
2020-11-27,002429.SZ,tucker,"(3, 2, 2)",cn_a,INDUSTRY_C39,0.715976512165845,0.7046185120564395,0.715976512165845,0.016119319945573807,0,quality_factor,0.5460734367370605,value_factor,0.376423180103302,momentum_factor,0.06429439038038254
2020-11-27,600699.SH,tucker,"(3, 2, 2)",cn_a,INDUSTRY_C39,0.699057763262472,0.6879681562478542,0.699057763262472,0.016119319945573807,0,value_factor,0.5188893675804138,quality_factor,0.3726567029953003,momentum_factor,0.08488671481609344
2020-11-27,002130.SZ,tucker,"(3, 2, 2)",cn_a,INDUSTRY_C39,0.5146512395007832,0.5064869928596845,0.5146512395007832,0.016119319945573807,0,value_factor,0.5823200345039368,quality_factor,0.2823757827281952,momentum_factor,0.09392645955085754
2020-11-27,600363.SH,tucker,"(3, 2, 2)",cn_a,INDUSTRY_C39,0.4839123615283753,0.4762357456592938,0.4839123615283753,0.016119319945573807,0,value_factor,0.5457139015197754,quality_factor,0.33447739481925964,momentum_factor,0.08870957791805267
2020-11-27,002583.SZ,tucker,"(3, 2, 2)",cn_a,INDUSTRY_C39,0.4240382476057916,0.4173114536665191,0.4240382476057916,0.016119319945573807,0,value_factor,0.522985577583313,quality_factor,0.3668266236782074,momentum_factor,0.08547047525644302
2020-11-27,603920.SH,tucker,"(3, 2, 2)",cn_a,INDUSTRY_C39,0.4190449005013729,0.4123973192680964,0.4190449005013729,0.016119319945573807,0,quality_factor,0.5803247094154358,value_factor,0.3392656743526459,momentum_factor,0.05881550535559654
2020-11-27,600884.SH,tucker,"(3, 2, 2)",cn_a,INDUSTRY_C39,0.39270810112141624,0.38647831763032275,0.39270810112141624,0.016119319945573807,2,value_factor,0.7587466835975647,momentum_factor,0.11851008981466293,volatility_factor,0.09716397523880005
2020-11-27,300073.SZ,tucker,"(3, 2, 2)",cn_a,INDUSTRY_C39,0.36933807367102733,0.36347902409344646,0.36933807367102733,0.016119319945573807,2,quality_factor,0.8722503781318665,volatility_factor,0.09886139631271362,value_factor,0.024069739505648613
2020-11-27,600563.SH,tucker,"(3, 2, 2)",cn_a,INDUSTRY_C39,0.3525656309956405,0.34697265356219426,0.3525656309956405,0.016119319945573807,2,quality_factor,0.794467031955719,value_factor,0.10695280879735947,volatility_factor,0.07401923090219498
2020-11-27,601231.SH,tucker,"(3, 2, 2)",cn_a,INDUSTRY_C39,0.2856092093304684,0.28107840507124815,0.2856092093304684,0.016119319945573807,0,quality_factor,0.6242495179176331,value_factor,0.2916136085987091,momentum_factor,0.051789190620183945
2020-11-27,600498.SH,tucker,"(3, 2, 2)",cn_a,INDUSTRY_C39,0.2853453996604541,0.2808187803852521,0.2853453996604541,0.016119319945573807,2,value_factor,0.6206623911857605,quality_factor,0.22780311107635498,momentum_factor,0.09939076006412506
2020-11-27,603228.SH,tucker,"(3, 2, 2)",cn_a,INDUSTRY_C39,0.26402509902831595,0.2598366975197553,0.26402509902831595,0.016119319945573807,2,quality_factor,0.7341859340667725,value_factor,0.17234887182712555,volatility_factor,0.05926158279180527
2020-11-27,002152.SZ,tucker,"(3, 2, 2)",cn_a,INDUSTRY_C39,0.2632628259328171,0.2590865168571156,0.2632628259328171,0.016119319945573807,0,value_factor,0.5610549449920654,quality_factor,0.3126424252986908,momentum_factor,0.0908958911895752
2020-11-27,002025.SZ,tucker,"(3, 2, 2)",cn_a,INDUSTRY_C39,0.20351453085007323,0.20028604775826295,0.20351453085007323,0.016119319945573807,0,quality_factor,0.7171615362167358,value_factor,0.19081787765026093,volatility_factor,0.055093761533498764
2020-11-27,002273.SZ,tucker,"(3, 2, 2)",cn_a,INDUSTRY_C39,0.1972878154438888,0.19415811077995002,0.1972878154438888,0.016119319945573807,0,quality_factor,0.4977124333381653,value_factor,0.4288877844810486,momentum_factor,0.07203030586242676
2020-11-27,002465.SZ,tucker,"(3, 2, 2)",cn_a,INDUSTRY_C39,0.1160730631971929,0.11423172085971219,0.1160730631971929,0.016119319945573807,2,value_factor,0.6971160769462585,momentum_factor,0.10815706104040146,volatility_factor,0.09738713502883911
2020-11-27,002138.SZ,tucker,"(3, 2, 2)",cn_a,INDUSTRY_C39,0.08900075191149695,0.08758887521893612,0.08900075191149695,0.016119319945573807,0,value_factor,0.5526309013366699,quality_factor,0.3246324062347412,momentum_factor,0.08969534188508987
2020-11-27,300570.SZ,tucker,"(3, 2, 2)",cn_a,INDUSTRY_C39,0.08838445589383041,0.08698235590499818,0.08838445589383041,0.016119319945573807,1,quality_factor,0.6957693696022034,value_factor,0.21402518451213837,volatility_factor,0.04985667020082474
2020-11-27,600171.SH,tucker,"(3, 2, 2)",cn_a,INDUSTRY_C39,0.0874799811008088,0.086092229382658,0.0874799811008088,0.016119319945573807,2,value_factor,0.6977470517158508,momentum_factor,0.1082630529999733,volatility_factor,0.09738484770059586
2020-11-27,300054.SZ,tucker,"(3, 2, 2)",cn_a,INDUSTRY_C39,0.06785667334701052,0.06678021889605681,0.06785667334701052,0.016119319945573807,1,value_factor,0.6522830128669739,quality_factor,0.18279746174812317,momentum_factor,0.10389713197946548
2020-11-27,300735.SZ,tucker,"(3, 2, 2)",cn_a,INDUSTRY_C39,0.028160440962179564,0.027713713609962658,0.028160440962179564,0.016119319945573807,1,value_factor,0.4244135618209839,quality_factor,0.4148646891117096,volatility_factor,0.09837458282709122
2020-11-27,600764.SH,tucker,"(3, 2, 2)",cn_a,INDUSTRY_C39,0.023722388304397095,0.023346064661961336,0.023722388304397095,0.016119319945573807,1,value_factor,0.7419111132621765,momentum_factor,0.11667036265134811,volatility_factor,0.08618877083063126
2020-11-27,605358.SH,tucker,"(3, 2, 2)",cn_a,INDUSTRY_C39,0.015474729673221806,0.015229243992707246,0.015474729673221806,0.016119319945573807,1,value_factor,0.6743738651275635,quality_factor,0.15135557949543,momentum_factor,0.10704536736011505
2020-11-27,002402.SZ,tucker,"(3, 2, 2)",cn_a,INDUSTRY_C39,0.004225572651907791,0.004158539650367717,0.004225572651907791,0.016119319945573807,1,value_factor,0.4814284145832062,quality_factor,0.3484787344932556,volatility_factor,0.09816814959049225
2020-11-27,300919.SZ,tucker,"(3, 2, 2)",cn_a,INDUSTRY_C39,-0.0182517159899495,-0.017962177173119338,-0.0182517159899495,0.016119319945573807,1,quality_factor,0.628110408782959,value_factor,0.2412700057029724,volatility_factor,0.09903775155544281
2020-11-27,688608.SH,tucker,"(3, 2, 2)",cn_a,INDUSTRY_C39,-0.0182517159899495,-0.017962177173119338,-0.0182517159899495,0.016119319945573807,1,quality_factor,0.628110408782959,value_factor,0.2412700057029724,volatility_factor,0.09903775155544281
2020-11-27,689009.SH,tucker,"(3, 2, 2)",cn_a,INDUSTRY_C39,-0.0182517159899495,-0.017962177173119338,-0.0182517159899495,0.016119319945573807,1,quality_factor,0.628110408782959,value_factor,0.2412700057029724,volatility_factor,0.09903775155544281
2020-11-27,300679.SZ,tucker,"(3, 2, 2)",cn_a,INDUSTRY_C39,-0.02142316700657715,-0.02108331740387377,-0.02142316700657715,0.016119319945573807,2,value_factor,0.45648708939552307,quality_factor,0.3775194585323334,volatility_factor,0.09825845807790756
2020-11-27,688100.SH,tucker,"(3, 2, 2)",cn_a,INDUSTRY_C39,-0.02351617086715071,-0.02314311858576522,-0.02351617086715071,0.016119319945573807,1,value_factor,0.7405490875244141,momentum_factor,0.11545316874980927,volatility_factor,0.09722986072301865
2020-11-27,002436.SZ,tucker,"(3, 2, 2)",cn_a,INDUSTRY_C39,-0.0331804361357471,-0.03265407334191757,-0.0331804361357471,0.016119319945573807,1,value_factor,0.6759889125823975,quality_factor,0.12193939834833145,momentum_factor,0.10460801422595978
2020-11-27,002281.SZ,tucker,"(3, 2, 2)",cn_a,INDUSTRY_C39,-0.04691601094669517,-0.04617175181471124,-0.04691601094669517,0.016119319945573807,1,quality_factor,0.6161448955535889,value_factor,0.2515464425086975,volatility_factor,0.09900054335594177
2020-11-27,603160.SH,tucker,"(3, 2, 2)",cn_a,INDUSTRY_C39,-0.058452021616150214,-0.05752475925959204,-0.058452021616150214,0.016119319945573807,2,value_factor,0.6071019768714905,quality_factor,0.20214885473251343,volatility_factor,0.09771307557821274
2020-11-27,688981.SH,tucker,"(3, 2, 2)",cn_a,INDUSTRY_C39,-0.0604071322772357,-0.059448854731317,-0.0604071322772357,0.016119319945573807,1,quality_factor,0.8061533570289612,value_factor,0.09427491575479507,volatility_factor,0.07688020169734955
2020-11-27,002841.SZ,tucker,"(3, 2, 2)",cn_a,INDUSTRY_C39,-0.07952387447812409,-0.07826233564315507,-0.07952387447812409,0.016119319945573807,2,value_factor,0.6386986970901489,quality_factor,0.16535890102386475,momentum_factor,0.09834381937980652
2020-11-27,300037.SZ,tucker,"(3, 2, 2)",cn_a,INDUSTRY_C39,-0.08581838607381569,-0.0844569933160186,-0.08581838607381569,0.016119319945573807,1,value_factor,0.5662637948989868,quality_factor,0.30522868037223816,momentum_factor,0.0916382223367691
2020-11-27,688027.SH,tucker,"(3, 2, 2)",cn_a,INDUSTRY_C39,-0.10271915673223052,-0.10108965608021406,-0.10271915673223052,0.016119319945573807,1,quality_factor,0.5459803938865662,value_factor,0.37652409076690674,momentum_factor,0.064309261739254
2020-11-27,002156.SZ,tucker,"(3, 2, 2)",cn_a,INDUSTRY_C39,-0.1181413128603791,-0.11626716053611588,-0.1181413128603791,0.016119319945573807,2,quality_factor,0.7310118675231934,value_factor,0.15289443731307983,volatility_factor,0.09935776144266129
2020-11-27,603486.SH,tucker,"(3, 2, 2)",cn_a,INDUSTRY_C39,-0.1208409976396931,-0.118924018463574,-0.1208409976396931,0.016119319945573807,1,value_factor,0.4771077036857605,quality_factor,0.43212464451789856,momentum_factor,0.0789322629570961
2020-11-27,300857.SZ,tucker,"(3, 2, 2)",cn_a,INDUSTRY_C39,-0.12169873755044538,-0.1197681514894151,-0.12169873755044538,0.016119319945573807,1,value_factor,0.4808042645454407,quality_factor,0.42686334252357483,momentum_factor,0.07945907115936279
2020-11-27,603659.SH,tucker,"(3, 2, 2)",cn_a,INDUSTRY_C39,-0.12439207747188974,-0.12241876521160203,-0.12439207747188974,0.016119319945573807,1,value_factor,0.7528831958770752,momentum_factor,0.11823403090238571,volatility_factor,0.08926957845687866
2020-11-27,300627.SZ,tucker,"(3, 2, 2)",cn_a,INDUSTRY_C39,-0.13267472784595594,-0.13057002252701852,-0.13267472784595594,0.016119319945573807,1,value_factor,0.6364993453025818,quality_factor,0.20526239275932312,momentum_factor,0.1016477420926094
2020-11-27,300136.SZ,tucker,"(3, 2, 2)",cn_a,INDUSTRY_C39,-0.13483398264659271,-0.1326950236673115,-0.13483398264659271,0.016119319945573807,1,value_factor,0.742103636264801,momentum_factor,0.11669779568910599,volatility_factor,0.08624282479286194
2020-11-27,002185.SZ,tucker,"(3, 2, 2)",cn_a,INDUSTRY_C39,-0.14491435203956549,-0.14261548161804732,-0.14491435203956549,0.016119319945573807,2,quality_factor,0.8200664520263672,volatility_factor,0.09963471442461014,value_factor,0.07641097158193588
2020-11-27,300373.SZ,tucker,"(3, 2, 2)",cn_a,INDUSTRY_C39,-0.15241219928050337,-0.14999438564180442,-0.15241219928050337,0.016119319945573807,1,value_factor,0.4881904125213623,quality_factor,0.4163505733013153,momentum_factor,0.08051168918609619
2020-11-27,600118.SH,tucker,"(3, 2, 2)",cn_a,INDUSTRY_C39,-0.16233885126947498,-0.15976356470748737,-0.16233885126947498,0.016119319945573807,2,quality_factor,0.6710956692695618,value_factor,0.24079251289367676,momentum_factor,0.04429560899734497
2020-11-27,300458.SZ,tucker,"(3, 2, 2)",cn_a,INDUSTRY_C39,-0.17146739664871066,-0.16874729804658722,-0.17146739664871066,0.016119319945573807,1,quality_factor,0.7819470167160034,value_factor,0.12053515017032623,volatility_factor,0.07095416635274887
2020-11-27,603019.SH,tucker,"(3, 2, 2)",cn_a,INDUSTRY_C39,-0.17285749742228101,-0.17011534674935636,-0.17285749742228101,0.016119319945573807,1,value_factor,0.5034810900688171,quality_factor,0.39458736777305603,momentum_factor,0.08269082009792328
2020-11-27,300623.SZ,tucker,"(3, 2, 2)",cn_a,INDUSTRY_C39,-0.18527696646850536,-0.1823377976973765,-0.18527696646850536,0.016119319945573807,1,value_factor,0.5541344285011292,quality_factor,0.32249242067337036,momentum_factor,0.0899096205830574
2020-11-27,688002.SH,tucker,"(3, 2, 2)",cn_a,INDUSTRY_C39,-0.21096362700006704,-0.207616974061273,-0.21096362700006704,0.016119319945573807,1,value_factor,0.5280339121818542,quality_factor,0.3596413731575012,momentum_factor,0.08618994057178497
2020-11-27,300390.SZ,tucker,"(3, 2, 2)",cn_a,INDUSTRY_C39,-0.22386309702573112,-0.22031181142165654,-0.22386309702573112,0.016119319945573807,1,value_factor,0.534225344657898,quality_factor,0.3508290946483612,momentum_factor,0.08707230538129807
2020-11-27,600435.SH,tucker,"(3, 2, 2)",cn_a,INDUSTRY_C39,-0.2429846622926506,-0.23913003888809886,-0.2429846622926506,0.016119319945573807,2,quality_factor,0.8241444826126099,volatility_factor,0.0996473878622055,value_factor,0.07290858030319214
2020-11-27,688008.SH,tucker,"(3, 2, 2)",cn_a,INDUSTRY_C39,-0.2462310003972562,-0.24232487822435,-0.2462310003972562,0.016119319945573807,1,value_factor,0.5347155928611755,quality_factor,0.3501312732696533,momentum_factor,0.08714217692613602
2020-11-27,300115.SZ,tucker,"(3, 2, 2)",cn_a,INDUSTRY_C39,-0.2591890287898718,-0.25507734500230345,-0.2591890287898718,0.016119319945573807,2,quality_factor,0.8369762897491455,volatility_factor,0.08442609012126923,value_factor,0.06083657592535019
2020-11-27,600562.SH,tucker,"(3, 2, 2)",cn_a,INDUSTRY_C39,-0.28125854365617736,-0.2767967568303015,-0.28125854365617736,0.016119319945573807,2,quality_factor,0.8563067317008972,volatility_factor,0.08915844559669495,value_factor,0.03986593335866928
2020-11-27,300474.SZ,tucker,"(3, 2, 2)",cn_a,INDUSTRY_C39,-0.2847868592590213,-0.28026910047272197,-0.2847868592590213,0.016119319945573807,1,quality_factor,0.5334170460700989,value_factor,0.3901533782482147,momentum_factor,0.06631889939308167
2020-11-27,002414.SZ,tucker,"(3, 2, 2)",cn_a,INDUSTRY_C39,-0.3009285106632084,-0.2961546863841178,-0.3009285106632084,0.016119319945573807,1,value_factor,0.5147081613540649,quality_factor,0.3786078989505768,momentum_factor,0.08429083228111267
2020-11-27,688019.SH,tucker,"(3, 2, 2)",cn_a,INDUSTRY_C39,-0.3313333735346724,-0.32607721718189975,-0.3313333735346724,0.016119319945573807,1,value_factor,0.493360310792923,quality_factor,0.4089922606945038,momentum_factor,0.08124847710132599
2020-11-27,603290.SH,tucker,"(3, 2, 2)",cn_a,INDUSTRY_C39,-0.34942453322409084,-0.34388138506329075,-0.34942453322409084,0.016119319945573807,1,value_factor,0.5732191205024719,quality_factor,0.29532909393310547,momentum_factor,0.09262945502996445
2020-11-27,603501.SH,tucker,"(3, 2, 2)",cn_a,INDUSTRY_C39,-0.3737010684033707,-0.36777280580859545,-0.3737010684033707,0.016119319945573807,1,quality_factor,0.46039852499961853,value_factor,0.4572426676750183,momentum_factor,0.07610122114419937
2020-11-27,300346.SZ,tucker,"(3, 2, 2)",cn_a,INDUSTRY_C39,-0.3780728572160289,-0.37207524209785553,-0.3780728572160289,0.016119319945573807,1,value_factor,0.45957908034324646,quality_factor,0.45707306265830994,momentum_factor,0.0764341875910759
2020-11-27,300223.SZ,tucker,"(3, 2, 2)",cn_a,INDUSTRY_C39,-0.43151781083806573,-0.4246723637327089,-0.43151781083806573,0.016119319945573807,1,quality_factor,0.5096288919448853,value_factor,0.4159601330757141,momentum_factor,0.07012411952018738
2020-11-30,600707.SH,tucker,"(3, 2, 2)",cn_a,INDUSTRY_C39,1.1637164496331793,1.1489441099342732,1.1637164496331793,0.012857318855822086,0,quality_factor,0.49668198823928833,value_factor,0.43000560998916626,momentum_factor,0.0721951276063919
2020-11-30,600601.SH,tucker,"(3, 2, 2)",cn_a,INDUSTRY_C39,0.8572465571040727,0.846364578636508,0.8572465571040727,0.012857318855822086,2,quality_factor,0.7150072455406189,value_factor,0.19315491616725922,volatility_factor,0.05456637218594551
2020-11-30,600060.SH,tucker,"(3, 2, 2)",cn_a,INDUSTRY_C39,0.8313566014974849,0.8208032728647926,0.8313566014974849,0.012857318855822086,1,value_factor,0.5745276808738708,quality_factor,0.2934667766094208,momentum_factor,0.09281593561172485
2020-11-30,002429.SZ,tucker,"(3, 2, 2)",cn_a,INDUSTRY_C39,0.727986629489631,0.7187454902151348,0.727986629489631,0.012857318855822086,0,quality_factor,0.5454092025756836,value_factor,0.3771438002586365,momentum_factor,0.06440063565969467
2020-11-30,600699.SH,tucker,"(3, 2, 2)",cn_a,INDUSTRY_C39,0.7076641585404252,0.6986809948616829,0.7076641585404252,0.012857318855822086,0,value_factor,0.5186187624931335,quality_factor,0.3730418384075165,momentum_factor,0.08484814316034317
2020-11-30,002130.SZ,tucker,"(3, 2, 2)",cn_a,INDUSTRY_C39,0.5242028314160232,0.5175485452286561,0.5242028314160232,0.012857318855822086,0,value_factor,0.5812567472457886,quality_factor,0.28388917446136475,momentum_factor,0.09377492219209671
2020-11-30,600363.SH,tucker,"(3, 2, 2)",cn_a,INDUSTRY_C39,0.489059167602456,0.4828509988007131,0.489059167602456,0.012857318855822086,0,value_factor,0.5454759001731873,quality_factor,0.3348160684108734,momentum_factor,0.08867566287517548
2020-11-30,002583.SZ,tucker,"(3, 2, 2)",cn_a,INDUSTRY_C39,0.43453180041117534,0.4290158077759638,0.43453180041117534,0.012857318855822086,0,value_factor,0.5220991373062134,quality_factor,0.3680882453918457,momentum_factor,0.08534415066242218
2020-11-30,603920.SH,tucker,"(3, 2, 2)",cn_a,INDUSTRY_C39,0.42499743655810196,0.41960247414609897,0.42499743655810196,0.012857318855822086,0,quality_factor,0.5797035098075867,value_factor,0.3399394750595093,momentum_factor,0.05891485512256622
2020-11-30,600884.SH,tucker,"(3, 2, 2)",cn_a,INDUSTRY_C39,0.39899234853204973,0.39392749745802935,0.39899234853204973,0.012857318855822086,2,value_factor,0.7605792284011841,momentum_factor,0.11881793290376663,volatility_factor,0.09715733677148819
2020-11-30,300073.SZ,tucker,"(3, 2, 2)",cn_a,INDUSTRY_C39,0.378784445855654,0.3739761160356146,0.378784445855654,0.012857318855822086,2,quality_factor,0.8799663782119751,volatility_factor,0.09859934449195862,value_factor,0.015142603777348995
2020-11-30,600563.SH,tucker,"(3, 2, 2)",cn_a,INDUSTRY_C39,0.3585625493613217,0.35401091843426824,0.3585625493613217,0.012857318855822086,2,quality_factor,0.7913879752159119,value_factor,0.11029314994812012,volatility_factor,0.0732654333114624
2020-11-30,601231.SH,tucker,"(3, 2, 2)",cn_a,INDUSTRY_C39,0.2911465399018457,0.2874506949295185,0.2911465399018457,0.012857318855822086,0,quality_factor,0.6224239468574524,value_factor,0.2935941815376282,momentum_factor,0.05208123102784157
2020-11-30,600498.SH,tucker,"(3, 2, 2)",cn_a,INDUSTRY_C39,0.28759816553835876,0.28394736400551623,0.28759816553835876,0.012857318855822086,2,value_factor,0.6206632852554321,quality_factor,0.2278018444776535,momentum_factor,0.0993908941745758
2020-11-30,002152.SZ,tucker,"(3, 2, 2)",cn_a,INDUSTRY_C39,0.27014009018612023,0.2667109033083543,0.27014009018612023,0.012857318855822086,0,value_factor,0.5595518350601196,quality_factor,0.31478187441825867,momentum_factor,0.09068166464567184
2020-11-30,603228.SH,tucker,"(3, 2, 2)",cn_a,INDUSTRY_C39,0.26873870682166173,0.2653273092525497,0.26873870682166173,0.012857318855822086,2,quality_factor,0.7314652800559998,value_factor,0.17530040442943573,volatility_factor,0.05859552323818207
2020-11-30,002025.SZ,tucker,"(3, 2, 2)",cn_a,INDUSTRY_C39,0.2103511894877404,0.20768096923936172,0.2103511894877404,0.012857318855822086,0,quality_factor,0.7102143168449402,value_factor,0.19835452735424042,volatility_factor,0.05339299142360687
2020-11-30,002273.SZ,tucker,"(3, 2, 2)",cn_a,INDUSTRY_C39,0.2028897745083775,0.20031427025094697,0.2028897745083775,0.012857318855822086,0,quality_factor,0.49692150950431824,value_factor,0.42974576354026794,momentum_factor,0.07215680927038193
2020-11-30,002465.SZ,tucker,"(3, 2, 2)",cn_a,INDUSTRY_C39,0.12104725820955543,0.11951067151057357,0.12104725820955543,0.012857318855822086,2,value_factor,0.703474223613739,momentum_factor,0.10922513157129288,volatility_factor,0.09736411273479462
2020-11-30,300570.SZ,tucker,"(3, 2, 2)",cn_a,INDUSTRY_C39,0.09416670303949934,0.09297134095102497,0.09416670303949934,0.012857318855822086,1,quality_factor,0.6816838979721069,value_factor,0.22930586338043213,volatility_factor,0.04640834778547287
2020-11-30,002138.SZ,tucker,"(3, 2, 2)",cn_a,INDUSTRY_C39,0.0935949657867354,0.09240686139142075,0.0935949657867354,0.012857318855822086,0,value_factor,0.5494406819343567,quality_factor,0.3291730284690857,momentum_factor,0.08924070745706558
2020-11-30,600171.SH,tucker,"(3, 2, 2)",cn_a,INDUSTRY_C39,0.08902289309473725,0.08789282707376678,0.08902289309473725,0.012857318855822086,2,value_factor,0.6994661092758179,momentum_factor,0.10855183005332947,volatility_factor,0.09737862646579742
2020-11-30,300054.SZ,tucker,"(3, 2, 2)",cn_a,INDUSTRY_C39,0.07355273246664203,0.07261904630097642,0.07355273246664203,0.012857318855822086,1,value_factor,0.6417788863182068,quality_factor,0.19774803519248962,momentum_factor,0.10240014642477036
2020-11-30,300735.SZ,tucker,"(3, 2, 2)",cn_a,INDUSTRY_C39,0.032932574150386154,0.03251452457081523,0.032932574150386154,0.012857318855822086,1,quality_factor,0.4292523264884949,value_factor,0.41205692291259766,volatility_factor,0.09841933846473694
2020-11-30,600764.SH,tucker,"(3, 2, 2)",cn_a,INDUSTRY_C39,0.02592793715106435,0.025598805174449134,0.02592793715106435,0.012857318855822086,1,value_factor,0.726387083530426,momentum_factor,0.11445796489715576,volatility_factor,0.08182980865240097
2020-11-30,605358.SH,tucker,"(3, 2, 2)",cn_a,INDUSTRY_C39,0.018632354836197452,0.018395833753147003,0.018632354836197452,0.012857318855822086,1,value_factor,0.6471871137619019,quality_factor,0.19005046784877777,momentum_factor,0.10317088663578033
2020-11-30,002402.SZ,tucker,"(3, 2, 2)",cn_a,INDUSTRY_C39,0.008016095559130493,0.007914338394233757,0.008016095559130493,0.012857318855822086,1,value_factor,0.46490493416786194,quality_factor,0.36771807074546814,volatility_factor,0.09822797775268555
2020-11-30,300919.SZ,tucker,"(3, 2, 2)",cn_a,INDUSTRY_C39,-0.015097936528699224,-0.014906281725482539,-0.015097936528699224,0.012857318855822086,1,quality_factor,0.5707062482833862,value_factor,0.2905709147453308,volatility_factor,0.09885922819375992
2020-11-30,688608.SH,tucker,"(3, 2, 2)",cn_a,INDUSTRY_C39,-0.015097936528699224,-0.014906281725482539,-0.015097936528699224,0.012857318855822086,1,quality_factor,0.5707062482833862,value_factor,0.2905709147453308,volatility_factor,0.09885922819375992
2020-11-30,689009.SH,tucker,"(3, 2, 2)",cn_a,INDUSTRY_C39,-0.015097936528699224,-0.014906281725482539,-0.015097936528699224,0.012857318855822086,1,quality_factor,0.5707062482833862,value_factor,0.2905709147453308,volatility_factor,0.09885922819375992
2020-11-30,300679.SZ,tucker,"(3, 2, 2)",cn_a,INDUSTRY_C39,-0.016775581443376274,-0.016562630438166772,-0.016775581443376274,0.012857318855822086,2,value_factor,0.46630802750587463,quality_factor,0.36608433723449707,volatility_factor,0.09822289645671844
2020-11-30,688100.SH,tucker,"(3, 2, 2)",cn_a,INDUSTRY_C39,-0.022431283028876755,-0.02214653794953262,-0.022431283028876755,0.012857318855822086,1,value_factor,0.7283963561058044,momentum_factor,0.11341168731451035,volatility_factor,0.09727387875318527
2020-11-30,002436.SZ,tucker,"(3, 2, 2)",cn_a,INDUSTRY_C39,-0.0303138182621415,-0.029929011446803957,-0.0303138182621415,0.012857318855822086,1,value_factor,0.6601966619491577,quality_factor,0.1403273344039917,momentum_factor,0.10195516049861908
2020-11-30,002281.SZ,tucker,"(3, 2, 2)",cn_a,INDUSTRY_C39,-0.04379595214525598,-0.0432400016963896,-0.04379595214525598,0.012857318855822086,1,quality_factor,0.5931879878044128,value_factor,0.2712627053260803,volatility_factor,0.09892914444208145
2020-11-30,603160.SH,tucker,"(3, 2, 2)",cn_a,INDUSTRY_C39,-0.05691763968681436,-0.05619512114840357,-0.05691763968681436,0.012857318855822086,2,value_factor,0.6035264730453491,quality_factor,0.20631209015846252,volatility_factor,0.09772602468729019
2020-11-30,688981.SH,tucker,"(3, 2, 2)",cn_a,INDUSTRY_C39,-0.05736033214348587,-0.05663219402020614,-0.05736033214348587,0.012857318855822086,1,quality_factor,0.8315839767456055,volatility_factor,0.08310597389936447,value_factor,0.06668639183044434
2020-11-30,002841.SZ,tucker,"(3, 2, 2)",cn_a,INDUSTRY_C39,-0.07611682179762048,-0.07515058681078157,-0.07611682179762048,0.012857318855822086,2,value_factor,0.6319124698638916,quality_factor,0.17326052486896515,volatility_factor,0.09762324392795563
2020-11-30,300037.SZ,tucker,"(3, 2, 2)",cn_a,INDUSTRY_C39,-0.0820752378659751,-0.08103336611533785,-0.0820752378659751,0.012857318855822086,1,value_factor,0.5708657503128052,quality_factor,0.2986786663532257,momentum_factor,0.09229405969381332
2020-11-30,688027.SH,tucker,"(3, 2, 2)",cn_a,INDUSTRY_C39,-0.0998502740408081,-0.09858276410088705,-0.0998502740408081,0.012857318855822086,1,quality_factor,0.5498247146606445,value_factor,0.37235358357429504,momentum_factor,0.06369432061910629
2020-11-30,002156.SZ,tucker,"(3, 2, 2)",cn_a,INDUSTRY_C39,-0.11588072015161484,-0.11440971803320951,-0.11588072015161484,0.012857318855822086,2,quality_factor,0.71877521276474,value_factor,0.1634036898612976,volatility_factor,0.0993197113275528
2020-11-30,603486.SH,tucker,"(3, 2, 2)",cn_a,INDUSTRY_C39,-0.11834371198313287,-0.11684144438590556,-0.11834371198313287,0.012857318855822086,1,value_factor,0.47720178961753845,quality_factor,0.4319906234741211,momentum_factor,0.07894565910100937
2020-11-30,300857.SZ,tucker,"(3, 2, 2)",cn_a,INDUSTRY_C39,-0.11838586662834778,-0.11688306391559537,-0.11838586662834778,0.012857318855822086,1,value_factor,0.48107922077178955,quality_factor,0.4264719784259796,momentum_factor,0.07949825376272202
2020-11-30,603659.SH,tucker,"(3, 2, 2)",cn_a,INDUSTRY_C39,-0.12264266775434739,-0.12108582875785613,-0.12264266775434739,0.012857318855822086,1,value_factor,0.757391631603241,momentum_factor,0.11887653917074203,volatility_factor,0.09053549915552139
2020-11-30,300627.SZ,tucker,"(3, 2, 2)",cn_a,INDUSTRY_C39,-0.12972129235123384,-0.12807459654539766,-0.12972129235123384,0.012857318855822086,1,value_factor,0.6407402157783508,quality_factor,0.19922634959220886,momentum_factor,0.10225211828947067
2020-11-30,300136.SZ,tucker,"(3, 2, 2)",cn_a,INDUSTRY_C39,-0.13188757149403435,-0.1302133767116303,-0.13188757149403435,0.012857318855822086,1,value_factor,0.7480779886245728,momentum_factor,0.11754921078681946,volatility_factor,0.08792034536600113
2020-11-30,002185.SZ,tucker,"(3, 2, 2)",cn_a,INDUSTRY_C39,-0.14267817082578846,-0.1408669990341364,-0.14267817082578846,0.012857318855822086,2,quality_factor,0.8068379759788513,volatility_factor,0.09959356486797333,value_factor,0.08777203410863876
2020-11-30,300373.SZ,tucker,"(3, 2, 2)",cn_a,INDUSTRY_C39,-0.14937910483874567,-0.14748287068196975,-0.14937910483874567,0.012857318855822086,1,value_factor,0.48859456181526184,quality_factor,0.4157753586769104,momentum_factor,0.08056928962469101
2020-11-30,600118.SH,tucker,"(3, 2, 2)",cn_a,INDUSTRY_C39,-0.16309982861060707,-0.1610294221350187,-0.16309982861060707,0.012857318855822086,2,quality_factor,0.6721569895744324,value_factor,0.23964115977287292,momentum_factor,0.044125840067863464
2020-11-30,300458.SZ,tucker,"(3, 2, 2)",cn_a,INDUSTRY_C39,-0.16874341024081999,-0.16660136354309132,-0.16874341024081999,0.012857318855822086,1,quality_factor,0.7913875579833984,value_factor,0.11029361933469772,volatility_factor,0.07326532155275345
2020-11-30,603019.SH,tucker,"(3, 2, 2)",cn_a,INDUSTRY_C39,-0.17177863485575062,-0.1695980586957218,-0.17177863485575062,0.012857318855822086,1,value_factor,0.5038557052612305,quality_factor,0.3940541744232178,momentum_factor,0.08274421840906143
2020-11-30,300623.SZ,tucker,"(3, 2, 2)",cn_a,INDUSTRY_C39,-0.18279787923083265,-0.18047742361719185,-0.18279787923083265,0.012857318855822086,1,value_factor,0.555741012096405,quality_factor,0.3202057480812073,momentum_factor,0.09013858437538147
2020-11-30,688002.SH,tucker,"(3, 2, 2)",cn_a,INDUSTRY_C39,-0.20978772795428766,-0.20712466034621244,-0.20978772795428766,0.012857318855822086,1,value_factor,0.528706967830658,quality_factor,0.35868343710899353,momentum_factor,0.08628585189580917
2020-11-30,300390.SZ,tucker,"(3, 2, 2)",cn_a,INDUSTRY_C39,-0.22188582728285813,-0.21906918512227994,-0.22188582728285813,0.012857318855822086,1,value_factor,0.5351749062538147,quality_factor,0.3494774401187897,momentum_factor,0.08720763772726059
2020-11-30,600435.SH,tucker,"(3, 2, 2)",cn_a,INDUSTRY_C39,-0.24315358720913754,-0.2400669698545464,-0.24315358720913754,0.012857318855822086,2,quality_factor,0.8196659684181213,volatility_factor,0.09963347017765045,value_factor,0.07675491273403168
2020-11-30,688008.SH,tucker,"(3, 2, 2)",cn_a,INDUSTRY_C39,-0.24607468381371067,-0.24295098574985424,-0.24607468381371067,0.012857318855822086,1,value_factor,0.535171627998352,quality_factor,0.34948205947875977,momentum_factor,0.08720716089010239
2020-11-30,300115.SZ,tucker,"(3, 2, 2)",cn_a,INDUSTRY_C39,-0.2575132732366822,-0.2542443725088214,-0.2575132732366822,0.012857318855822086,2,quality_factor,0.8438404202461243,volatility_factor,0.08610651642084122,value_factor,0.0533900186419487
2020-11-30,600562.SH,tucker,"(3, 2, 2)",cn_a,INDUSTRY_C39,-0.2805595088396506,-0.27699805675942607,-0.2805595088396506,0.012857318855822086,2,quality_factor,0.8616499304771423,volatility_factor,0.09046653658151627,value_factor,0.034069303423166275
2020-11-30,300474.SZ,tucker,"(3, 2, 2)",cn_a,INDUSTRY_C39,-0.28364140863096493,-0.28004083458881435,-0.28364140863096493,0.012857318855822086,1,quality_factor,0.5346282720565796,value_factor,0.3888395130634308,momentum_factor,0.06612517684698105
2020-11-30,002414.SZ,tucker,"(3, 2, 2)",cn_a,INDUSTRY_C39,-0.3002879774171263,-0.2964760900700827,-0.3002879774171263,0.012857318855822086,1,value_factor,0.5150614380836487,quality_factor,0.3781050443649292,momentum_factor,0.08434117585420609
2020-11-30,688019.SH,tucker,"(3, 2, 2)",cn_a,INDUSTRY_C39,-0.3314255408088565,-0.32721838993867214,-0.3314255408088565,0.012857318855822086,1,value_factor,0.4934425354003906,quality_factor,0.40887516736984253,momentum_factor,0.08126019686460495
2020-11-30,603290.SH,tucker,"(3, 2, 2)",cn_a,INDUSTRY_C39,-0.3501144867144304,-0.34567009638817525,-0.3501144867144304,0.012857318855822086,1,value_factor,0.5737330913543701,quality_factor,0.29459765553474426,momentum_factor,0.0927027016878128
2020-11-30,603501.SH,tucker,"(3, 2, 2)",cn_a,INDUSTRY_C39,-0.37472237876989123,-0.3699656132590867,-0.37472237876989123,0.012857318855822086,1,quality_factor,0.46066516637802124,value_factor,0.45705536007881165,momentum_factor,0.07607453316450119
2020-11-30,300346.SZ,tucker,"(3, 2, 2)",cn_a,INDUSTRY_C39,-0.37830305725521635,-0.37350083823298774,-0.37830305725521635,0.012857318855822086,1,value_factor,0.45938289165496826,quality_factor,0.45735234022140503,momentum_factor,0.07640623301267624
2020-11-30,300223.SZ,tucker,"(3, 2, 2)",cn_a,INDUSTRY_C39,-0.43247290592457105,-0.42698304911374346,-0.43247290592457105,0.012857318855822086,1,quality_factor,0.5101422071456909,value_factor,0.41540321707725525,momentum_factor,0.07004199922084808
2020-12-01,600060.SH,tucker,"(3, 2, 2)",cn_a,INDUSTRY_C39,2.0112051206011547,1.0056025603005774,2.0112051206011547,1.0,1,value_factor,0.5435732007026672,quality_factor,0.33752426505088806,momentum_factor,0.08840449899435043
2020-12-01,600707.SH,tucker,"(3, 2, 2)",cn_a,INDUSTRY_C39,1.2094984526499293,0.6047492263249646,1.2094984526499293,1.0,0,quality_factor,0.48962509632110596,value_factor,0.4367082715034485,momentum_factor,0.07317478954792023
2020-12-01,600601.SH,tucker,"(3, 2, 2)",cn_a,INDUSTRY_C39,0.5573077633644571,0.27865388168222854,0.5573077633644571,1.0,2,quality_factor,0.7535766959190369,value_factor,0.1335148960351944,volatility_factor,0.09942793846130371
2020-12-01,600363.SH,tucker,"(3, 2, 2)",cn_a,INDUSTRY_C39,0.5096608291869207,0.25483041459346034,0.5096608291869207,1.0,0,value_factor,0.5885151028633118,quality_factor,0.2735583484172821,momentum_factor,0.09480933099985123
2020-12-01,600699.SH,tucker,"(3, 2, 2)",cn_a,INDUSTRY_C39,0.5056324795750944,0.2528162397875472,0.5056324795750944,1.0,0,value_factor,0.5878696441650391,quality_factor,0.2744770348072052,momentum_factor,0.0947173535823822
2020-12-01,600498.SH,tucker,"(3, 2, 2)",cn_a,INDUSTRY_C39,0.4545167859828935,0.22725839299144676,0.4545167859828935,1.0,2,value_factor,0.6205520033836365,quality_factor,0.2279602587223053,momentum_factor,0.09937502443790436
2020-12-01,603920.SH,tucker,"(3, 2, 2)",cn_a,INDUSTRY_C39,0.1468685141065048,0.0734342570532524,0.1468685141065048,1.0,0,quality_factor,0.8119798302650452,volatility_factor,0.09960955381393433,value_factor,0.08335602283477783
2020-12-01,600884.SH,tucker,"(3, 2, 2)",cn_a,INDUSTRY_C39,-0.0013298079571328891,-0.0006649039785664446,-0.0013298079571328891,1.0,2,value_factor,0.49937570095062256,quality_factor,0.327581524848938,volatility_factor,0.09810315072536469
2020-12-01,600171.SH,tucker,"(3, 2, 2)",cn_a,INDUSTRY_C39,-0.028456507149181926,-0.014228253574590963,-0.028456507149181926,1.0,2,value_factor,0.45410001277923584,quality_factor,0.3802988529205322,volatility_factor,0.0982670933008194
2020-12-01,600563.SH,tucker,"(3, 2, 2)",cn_a,INDUSTRY_C39,-0.07109736739520295,-0.035548683697601474,-0.07109736739520295,1.0,2,value_factor,0.5776385068893433,quality_factor,0.23645515739917755,volatility_factor,0.09781976044178009
2020-12-01,603228.SH,tucker,"(3, 2, 2)",cn_a,INDUSTRY_C39,-0.0970907521689787,-0.04854537608448935,-0.0970907521689787,1.0,2,value_factor,0.665837287902832,quality_factor,0.13375960290431976,momentum_factor,0.10290269553661346
2020-12-01,002429.SZ,tucker,"(3, 2, 2)",cn_a,INDUSTRY_C39,-0.11126733629143364,-0.05563366814571682,-0.11126733629143364,1.0,0,value_factor,0.7206158638000488,momentum_factor,0.11210467666387558,volatility_factor,0.09730203449726105
2020-12-01,601231.SH,tucker,"(3, 2, 2)",cn_a,INDUSTRY_C39,-0.19133997114305729,-0.09566998557152864,-0.19133997114305729,1.0,0,value_factor,0.6798917651176453,quality_factor,0.14350195229053497,momentum_factor,0.10783174633979797
2020-12-01,002130.SZ,tucker,"(3, 2, 2)",cn_a,INDUSTRY_C39,-0.2608395630800511,-0.13041978154002554,-0.2608395630800511,1.0,0,quality_factor,0.7631950974464417,value_factor,0.12525421380996704,volatility_factor,0.09945784509181976
2020-12-01,688100.SH,tucker,"(3, 2, 2)",cn_a,INDUSTRY_C39,-0.2876114854553939,-0.14380574272769694,-0.2876114854553939,1.0,1,value_factor,0.5324915051460266,quality_factor,0.35329681634902954,momentum_factor,0.08682520687580109
2020-12-01,600764.SH,tucker,"(3, 2, 2)",cn_a,INDUSTRY_C39,-0.35958264634492076,-0.17979132317246038,-0.35958264634492076,1.0,1,quality_factor,0.49699604511260986,value_factor,0.42966488003730774,momentum_factor,0.07214488834142685
2020-12-01,600118.SH,tucker,"(3, 2, 2)",cn_a,INDUSTRY_C39,-0.36109639435757096,-0.18054819717878548,-0.36109639435757096,1.0,2,quality_factor,0.5797724723815918,value_factor,0.33986467123031616,momentum_factor,0.05890382453799248
2020-12-01,002273.SZ,tucker,"(3, 2, 2)",cn_a,INDUSTRY_C39,-0.4820349175258875,-0.24101745876294375,-0.4820349175258875,1.0,0,value_factor,0.4844570457935333,quality_factor,0.4216642677783966,momentum_factor,0.07997964322566986
2020-12-01,603160.SH,tucker,"(3, 2, 2)",cn_a,INDUSTRY_C39,-0.4860631164215127,-0.24303155821075634,-0.4860631164215127,1.0,2,value_factor,0.6531012058258057,quality_factor,0.18163293600082397,momentum_factor,0.10401373356580734
2020-12-01,002152.SZ,tucker,"(3, 2, 2)",cn_a,INDUSTRY_C39,-0.5254849595888615,-0.26274247979443077,-0.5254849595888615,1.0,0,quality_factor,0.5558385252952576,value_factor,0.3658294677734375,momentum_factor,0.06273234635591507
2020-12-01,605358.SH,tucker,"(3, 2, 2)",cn_a,INDUSTRY_C39,-0.5729913229074999,-0.28649566145374994,-0.5729913229074999,1.0,1,value_factor,0.4592580795288086,quality_factor,0.4575299918651581,momentum_factor,0.07638844102621078
2020-12-01,002465.SZ,tucker,"(3, 2, 2)",cn_a,INDUSTRY_C39,-0.6140405406610808,-0.3070202703305404,-0.6140405406610808,1.0,2,quality_factor,0.6979376673698425,value_factor,0.21167287230491638,volatility_factor,0.05038750544190407
2020-12-01,002138.SZ,tucker,"(3, 2, 2)",cn_a,INDUSTRY_C39,-0.6244309393481989,-0.31221546967409947,-0.6244309393481989,1.0,0,quality_factor,0.4738597273826599,value_factor,0.4477848708629608,momentum_factor,0.07475335896015167
2020-12-01,002436.SZ,tucker,"(3, 2, 2)",cn_a,INDUSTRY_C39,-0.6688263580783119,-0.33441317903915596,-0.6688263580783119,1.0,1,value_factor,0.5230229496955872,quality_factor,0.36677342653274536,momentum_factor,0.08547581732273102
2020-12-01,300919.SZ,tucker,"(3, 2, 2)",cn_a,INDUSTRY_C39,-0.6783800743795293,-0.33919003718976465,-0.6783800743795293,1.0,1,quality_factor,0.47430577874183655,value_factor,0.4474714994430542,momentum_factor,0.07470870018005371
2020-12-01,688608.SH,tucker,"(3, 2, 2)",cn_a,INDUSTRY_C39,-0.6783800743795293,-0.33919003718976465,-0.6783800743795293,1.0,1,quality_factor,0.47430577874183655,value_factor,0.4474714994430542,momentum_factor,0.07470870018005371
2020-12-01,689009.SH,tucker,"(3, 2, 2)",cn_a,INDUSTRY_C39,-0.6783800743795293,-0.33919003718976465,-0.6783800743795293,1.0,1,quality_factor,0.47430577874183655,value_factor,0.4474714994430542,momentum_factor,0.07470870018005371
2020-12-01,300073.SZ,tucker,"(3, 2, 2)",cn_a,INDUSTRY_C39,-0.6974616240513506,-0.3487308120256753,-0.6974616240513506,1.0,2,value_factor,0.667059600353241,quality_factor,0.16176599264144897,momentum_factor,0.10600299388170242
2020-12-01,002025.SZ,tucker,"(3, 2, 2)",cn_a,INDUSTRY_C39,-0.7055337191918412,-0.3527668595959206,-0.7055337191918412,1.0,0,value_factor,0.5439509153366089,quality_factor,0.33698660135269165,momentum_factor,0.0884583368897438
2020-12-01,600435.SH,tucker,"(3, 2, 2)",cn_a,INDUSTRY_C39,-0.7314770263895357,-0.36573851319476786,-0.7314770263895357,1.0,2,quality_factor,0.6721869707107544,value_factor,0.23960867524147034,momentum_factor,0.04412104934453964
2020-12-01,002583.SZ,tucker,"(3, 2, 2)",cn_a,INDUSTRY_C39,-0.7314818281073925,-0.36574091405369624,-0.7314818281073925,1.0,0,quality_factor,0.5244824886322021,value_factor,0.3998461365699768,momentum_factor,0.06774810701608658
2020-12-01,002402.SZ,tucker,"(3, 2, 2)",cn_a,INDUSTRY_C39,-0.7330044884573337,-0.36650224422866684,-0.7330044884573337,1.0,1,value_factor,0.529975414276123,quality_factor,0.3568779528141022,momentum_factor,0.08646662533283234
2020-12-01,603659.SH,tucker,"(3, 2, 2)",cn_a,INDUSTRY_C39,-0.7359297736850555,-0.36796488684252776,-0.7359297736850555,1.0,1,value_factor,0.5630855560302734,quality_factor,0.30975234508514404,momentum_factor,0.09118527173995972
2020-12-01,603019.SH,tucker,"(3, 2, 2)",cn_a,INDUSTRY_C39,-0.7564412861979936,-0.3782206430989968,-0.7564412861979936,1.0,1,value_factor,0.48642054200172424,quality_factor,0.41886964440345764,momentum_factor,0.08025946468114853
2020-12-01,002281.SZ,tucker,"(3, 2, 2)",cn_a,INDUSTRY_C39,-0.7619549362992489,-0.38097746814962447,-0.7619549362992489,1.0,1,quality_factor,0.5155429840087891,value_factor,0.4095442295074463,momentum_factor,0.06917808949947357
2020-12-01,688981.SH,tucker,"(3, 2, 2)",cn_a,INDUSTRY_C39,-0.7899913572325309,-0.39499567861626544,-0.7899913572325309,1.0,1,quality_factor,0.48273730278015137,value_factor,0.44154760241508484,momentum_factor,0.07386445999145508
2020-12-01,688008.SH,tucker,"(3, 2, 2)",cn_a,INDUSTRY_C39,-0.805729817773418,-0.402864908886709,-0.805729817773418,1.0,1,value_factor,0.5064229369163513,quality_factor,0.390400230884552,momentum_factor,0.08311008661985397
2020-12-01,002156.SZ,tucker,"(3, 2, 2)",cn_a,INDUSTRY_C39,-0.8169021091002093,-0.40845105455010466,-0.8169021091002093,1.0,2,quality_factor,0.5633929967880249,value_factor,0.3576340079307556,momentum_factor,0.0615239180624485
2020-12-01,300735.SZ,tucker,"(3, 2, 2)",cn_a,INDUSTRY_C39,-0.8509412051383443,-0.42547060256917213,-0.8509412051383443,1.0,1,value_factor,0.5531885623931885,quality_factor,0.3238386809825897,momentum_factor,0.08977482467889786
2020-12-01,300570.SZ,tucker,"(3, 2, 2)",cn_a,INDUSTRY_C39,-0.8602785089529278,-0.4301392544764639,-0.8602785089529278,1.0,1,value_factor,0.495699018239975,quality_factor,0.40566354990005493,momentum_factor,0.08158177882432938
2020-12-01,603486.SH,tucker,"(3, 2, 2)",cn_a,INDUSTRY_C39,-0.8720004095323298,-0.4360002047661649,-0.8720004095323298,1.0,1,value_factor,0.47458550333976746,quality_factor,0.435714453458786,momentum_factor,0.0785728171467781
2020-12-01,688027.SH,tucker,"(3, 2, 2)",cn_a,INDUSTRY_C39,-0.8881287569726387,-0.44406437848631936,-0.8881287569726387,1.0,1,value_factor,0.45949921011924744,quality_factor,0.4571866989135742,momentum_factor,0.0764228105545044
2020-12-01,688002.SH,tucker,"(3, 2, 2)",cn_a,INDUSTRY_C39,-0.8954764025805533,-0.44773820129027664,-0.8954764025805533,1.0,1,value_factor,0.49587634205818176,quality_factor,0.4054112434387207,momentum_factor,0.08160704374313354
2020-12-01,002185.SZ,tucker,"(3, 2, 2)",cn_a,INDUSTRY_C39,-0.896357546477317,-0.4481787732386585,-0.896357546477317,1.0,2,quality_factor,0.5549368858337402,value_factor,0.3668075203895569,momentum_factor,0.06287655234336853
2020-12-01,300054.SZ,tucker,"(3, 2, 2)",cn_a,INDUSTRY_C39,-0.9079155191648542,-0.4539577595824271,-0.9079155191648542,1.0,1,quality_factor,0.4802807569503784,value_factor,0.44327354431152344,momentum_factor,0.07411043345928192
2020-12-01,002841.SZ,tucker,"(3, 2, 2)",cn_a,INDUSTRY_C39,-0.9210856573511745,-0.46054282867558727,-0.9210856573511745,1.0,2,value_factor,0.5803099274635315,quality_factor,0.28523674607276917,momentum_factor,0.09363998472690582
2020-12-01,603290.SH,tucker,"(3, 2, 2)",cn_a,INDUSTRY_C39,-0.9638874695202528,-0.4819437347601264,-0.9638874695202528,1.0,1,value_factor,0.534823477268219,quality_factor,0.3499777317047119,momentum_factor,0.08715754002332687
2020-12-01,603501.SH,tucker,"(3, 2, 2)",cn_a,INDUSTRY_C39,-0.9750523010450354,-0.4875261505225177,-0.9750523010450354,1.0,1,value_factor,0.4712134301662445,quality_factor,0.4405139684677124,momentum_factor,0.07809224724769592
2020-12-01,300679.SZ,tucker,"(3, 2, 2)",cn_a,INDUSTRY_C39,-0.9824719804128865,-0.49123599020644326,-0.9824719804128865,1.0,2,quality_factor,0.5801441073417664,value_factor,0.3394615352153778,momentum_factor,0.05884438008069992
2020-12-01,300627.SZ,tucker,"(3, 2, 2)",cn_a,INDUSTRY_C39,-0.9990540710511885,-0.49952703552559424,-0.9990540710511885,1.0,1,value_factor,0.5105020403862,quality_factor,0.3845944404602051,momentum_factor,0.08369140326976776
2020-12-01,300136.SZ,tucker,"(3, 2, 2)",cn_a,INDUSTRY_C39,-1.00446680954809,-0.502233404774045,-1.00446680954809,1.0,1,value_factor,0.5418899655342102,quality_factor,0.33991992473602295,momentum_factor,0.08816462010145187
2020-12-01,300037.SZ,tucker,"(3, 2, 2)",cn_a,INDUSTRY_C39,-1.0070688589358963,-0.5035344294679481,-1.0070688589358963,1.0,1,value_factor,0.4851715564727783,quality_factor,0.4206473231315613,momentum_factor,0.08008146286010742
2020-12-01,600562.SH,tucker,"(3, 2, 2)",cn_a,INDUSTRY_C39,-1.0228246206967404,-0.5114123103483702,-1.0228246206967404,1.0,2,quality_factor,0.5932257175445557,value_factor,0.3252699375152588,momentum_factor,0.05675182864069939
2020-12-01,688019.SH,tucker,"(3, 2, 2)",cn_a,INDUSTRY_C39,-1.0246460155183355,-0.5123230077591677,-1.0246460155183355,1.0,1,value_factor,0.4880921542644501,quality_factor,0.4164903461933136,momentum_factor,0.08049769699573517
2020-12-01,300857.SZ,tucker,"(3, 2, 2)",cn_a,INDUSTRY_C39,-1.035277815187759,-0.5176389075938795,-1.035277815187759,1.0,1,value_factor,0.4745713174343109,quality_factor,0.43573465943336487,momentum_factor,0.07857078313827515
2020-12-01,300623.SZ,tucker,"(3, 2, 2)",cn_a,INDUSTRY_C39,-1.0712141793154393,-0.5356070896577196,-1.0712141793154393,1.0,1,value_factor,0.4965594708919525,quality_factor,0.40443891286849976,momentum_factor,0.08170440793037415
2020-12-01,002414.SZ,tucker,"(3, 2, 2)",cn_a,INDUSTRY_C39,-1.0732129560224963,-0.5366064780112482,-1.0732129560224963,1.0,1,value_factor,0.49482154846191406,quality_factor,0.4069124758243561,momentum_factor,0.08145672082901001
2020-12-01,300458.SZ,tucker,"(3, 2, 2)",cn_a,INDUSTRY_C39,-1.075969246499087,-0.5379846232495435,-1.075969246499087,1.0,1,quality_factor,0.5173516869544983,value_factor,0.4075819253921509,momentum_factor,0.06888874620199203
2020-12-01,300373.SZ,tucker,"(3, 2, 2)",cn_a,INDUSTRY_C39,-1.0768568258887856,-0.5384284129443928,-1.0768568258887856,1.0,1,value_factor,0.47701847553253174,quality_factor,0.4322516620159149,momentum_factor,0.07891954481601715
2020-12-01,300390.SZ,tucker,"(3, 2, 2)",cn_a,INDUSTRY_C39,-1.0938536136983739,-0.5469268068491869,-1.0938536136983739,1.0,1,value_factor,0.4946056604385376,quality_factor,0.4072198271751404,momentum_factor,0.08142595738172531
2020-12-01,300474.SZ,tucker,"(3, 2, 2)",cn_a,INDUSTRY_C39,-1.121822476584066,-0.560911238292033,-1.121822476584066,1.0,1,quality_factor,0.4703965187072754,value_factor,0.45021817088127136,momentum_factor,0.0751001387834549
2020-12-01,300346.SZ,tucker,"(3, 2, 2)",cn_a,INDUSTRY_C39,-1.1445705456027098,-0.5722852728013549,-1.1445705456027098,1.0,1,value_factor,0.472181499004364,quality_factor,0.4391360282897949,momentum_factor,0.07823020964860916
2020-12-01,300115.SZ,tucker,"(3, 2, 2)",cn_a,INDUSTRY_C39,-1.1456694049262266,-0.5728347024631133,-1.1456694049262266,1.0,2,quality_factor,0.5615845322608948,value_factor,0.35959592461586,momentum_factor,0.06181320175528526
2020-12-01,300223.SZ,tucker,"(3, 2, 2)",cn_a,INDUSTRY_C39,-1.1700535722069083,-0.5850267861034542,-1.1700535722069083,1.0,1,quality_factor,0.46835681796073914,value_factor,0.4516512155532837,momentum_factor,0.07530436664819717
2020-12-02,600060.SH,tucker,"(3, 2, 2)",cn_a,INDUSTRY_C39,1.0255660368794541,1.0131638917059256,1.0255660368794541,0.012241056188941002,1,value_factor,0.5434515476226807,quality_factor,0.3376973569393158,momentum_factor,0.08838716149330139
2020-12-02,600707.SH,tucker,"(3, 2, 2)",cn_a,INDUSTRY_C39,0.6136487068338883,0.6062278679273474,0.6136487068338883,0.012241056188941002,0,quality_factor,0.4895530045032501,value_factor,0.43675893545150757,momentum_factor,0.07318200916051865
2020-12-02,600601.SH,tucker,"(3, 2, 2)",cn_a,INDUSTRY_C39,0.2812522152897573,0.2778510390817253,0.2812522152897573,0.012241056188941002,2,quality_factor,0.7501174211502075,value_factor,0.13648581504821777,volatility_factor,0.09941717237234116
2020-12-02,600363.SH,tucker,"(3, 2, 2)",cn_a,INDUSTRY_C39,0.25858662527530435,0.25545954349678196,0.25858662527530435,0.012241056188941002,0,value_factor,0.5888776779174805,quality_factor,0.27304238080978394,momentum_factor,0.09486100822687149
2020-12-02,600699.SH,tucker,"(3, 2, 2)",cn_a,INDUSTRY_C39,0.25550167334327634,0.2524118978135361,0.25550167334327634,0.012241056188941002,0,value_factor,0.5886992812156677,quality_factor,0.2732962667942047,momentum_factor,0.09483557939529419
2020-12-02,600498.SH,tucker,"(3, 2, 2)",cn_a,INDUSTRY_C39,0.23130333695350275,0.22850619131795932,0.23130333695350275,0.012241056188941002,2,value_factor,0.620551347732544,quality_factor,0.22796118259429932,momentum_factor,0.0993749350309372
2020-12-02,603920.SH,tucker,"(3, 2, 2)",cn_a,INDUSTRY_C39,0.07318734789072114,0.07230229507036048,0.07318734789072114,0.012241056188941002,0,quality_factor,0.8015452027320862,volatility_factor,0.09957711398601532,value_factor,0.09231775254011154
2020-12-02,600884.SH,tucker,"(3, 2, 2)",cn_a,INDUSTRY_C39,-0.0025478279296712353,-0.0025170171084031093,-0.0025478279296712353,0.012241056188941002,2,value_factor,0.49764764308929443,quality_factor,0.32959356904029846,volatility_factor,0.0981094092130661
2020-12-02,600171.SH,tucker,"(3, 2, 2)",cn_a,INDUSTRY_C39,-0.014982360286260384,-0.014801178967232216,-0.014982360286260384,0.012241056188941002,2,value_factor,0.452474445104599,quality_factor,0.38219165802001953,volatility_factor,0.09827298671007156
2020-12-02,600563.SH,tucker,"(3, 2, 2)",cn_a,INDUSTRY_C39,-0.03806988952356101,-0.037609511274249996,-0.03806988952356101,0.012241056188941002,2,value_factor,0.5816671252250671,quality_factor,0.23176433145999908,volatility_factor,0.09780517965555191
2020-12-02,603228.SH,tucker,"(3, 2, 2)",cn_a,INDUSTRY_C39,-0.050954531348953544,-0.05033833943900917,-0.050954531348953544,0.012241056188941002,2,value_factor,0.6709281206130981,quality_factor,0.12783204019069672,momentum_factor,0.10375788062810898
2020-12-02,002429.SZ,tucker,"(3, 2, 2)",cn_a,INDUSTRY_C39,-0.060360092959416044,-0.059630159821372444,-0.060360092959416044,0.012241056188941002,0,value_factor,0.7346433401107788,momentum_factor,0.11446107923984528,volatility_factor,0.09725124388933182
2020-12-02,601231.SH,tucker,"(3, 2, 2)",cn_a,INDUSTRY_C39,-0.09930184731380341,-0.09810099248622675,-0.09930184731380341,0.012241056188941002,0,value_factor,0.6764796376228333,quality_factor,0.14835847914218903,momentum_factor,0.10734546929597855
2020-12-02,002130.SZ,tucker,"(3, 2, 2)",cn_a,INDUSTRY_C39,-0.13596657103179663,-0.13432233059086496,-0.13596657103179663,0.012241056188941002,0,quality_factor,0.7748635411262512,value_factor,0.11523296684026718,volatility_factor,0.09949414432048798
2020-12-02,688100.SH,tucker,"(3, 2, 2)",cn_a,INDUSTRY_C39,-0.14711199510651093,-0.14533297332296016,-0.14711199510651093,0.012241056188941002,1,value_factor,0.5321770310401917,quality_factor,0.3537443280220032,momentum_factor,0.08678039163351059
2020-12-02,600118.SH,tucker,"(3, 2, 2)",cn_a,INDUSTRY_C39,-0.18406773709526436,-0.18184181042147896,-0.18406773709526436,0.012241056188941002,2,quality_factor,0.5794018507003784,value_factor,0.34026673436164856,momentum_factor,0.0589631088078022
2020-12-02,600764.SH,tucker,"(3, 2, 2)",cn_a,INDUSTRY_C39,-0.18417749643074965,-0.18195024243998623,-0.18417749643074965,0.012241056188941002,1,quality_factor,0.4966821074485779,value_factor,0.4300054907798767,momentum_factor,0.07219511270523071
2020-12-02,002273.SZ,tucker,"(3, 2, 2)",cn_a,INDUSTRY_C39,-0.24768410294664364,-0.24468886510582527,-0.24768410294664364,0.012241056188941002,0,value_factor,0.4842621088027954,quality_factor,0.42194172739982605,momentum_factor,0.07995186001062393
2020-12-02,603160.SH,tucker,"(3, 2, 2)",cn_a,INDUSTRY_C39,-0.2485301665046828,-0.24552469723780748,-0.2485301665046828,0.012241056188941002,2,value_factor,0.652338445186615,quality_factor,0.18271858990192413,momentum_factor,0.10390503704547882
2020-12-02,002152.SZ,tucker,"(3, 2, 2)",cn_a,INDUSTRY_C39,-0.2702391734578383,-0.26697117769717876,-0.2702391734578383,0.012241056188941002,0,quality_factor,0.5547342896461487,value_factor,0.3670274615287781,momentum_factor,0.06290898472070694
2020-12-02,605358.SH,tucker,"(3, 2, 2)",cn_a,INDUSTRY_C39,-0.2933788328436515,-0.2898310097440894,-0.2933788328436515,0.012241056188941002,1,value_factor,0.4593271017074585,quality_factor,0.45743176341056824,momentum_factor,0.07639827579259872
2020-12-02,002465.SZ,tucker,"(3, 2, 2)",cn_a,INDUSTRY_C39,-0.31486957475853666,-0.31106186463899654,-0.31486957475853666,0.012241056188941002,2,quality_factor,0.6957982778549194,value_factor,0.2139938622713089,volatility_factor,0.04986374080181122
2020-12-02,002138.SZ,tucker,"(3, 2, 2)",cn_a,INDUSTRY_C39,-0.3200595420752481,-0.31618906980700856,-0.3200595420752481,0.012241056188941002,0,quality_factor,0.47363927960395813,value_factor,0.44793978333473206,momentum_factor,0.07477543503046036
2020-12-02,002436.SZ,tucker,"(3, 2, 2)",cn_a,INDUSTRY_C39,-0.34220395246002994,-0.33806568837488316,-0.34220395246002994,0.012241056188941002,1,value_factor,0.5227364301681519,quality_factor,0.3671811819076538,momentum_factor,0.08543497323989868
2020-12-02,300919.SZ,tucker,"(3, 2, 2)",cn_a,INDUSTRY_C39,-0.3471653279807606,-0.3429670661019508,-0.3471653279807606,0.012241056188941002,1,quality_factor,0.47409936785697937,value_factor,0.44761648774147034,momentum_factor,0.07472936064004898
2020-12-02,688608.SH,tucker,"(3, 2, 2)",cn_a,INDUSTRY_C39,-0.3471653279807606,-0.3429670661019508,-0.3471653279807606,0.012241056188941002,1,quality_factor,0.47409936785697937,value_factor,0.44761648774147034,momentum_factor,0.07472936064004898
2020-12-02,689009.SH,tucker,"(3, 2, 2)",cn_a,INDUSTRY_C39,-0.3471653279807606,-0.3429670661019508,-0.3471653279807606,0.012241056188941002,1,quality_factor,0.47409936785697937,value_factor,0.44761648774147034,momentum_factor,0.07472936064004898
2020-12-02,300073.SZ,tucker,"(3, 2, 2)",cn_a,INDUSTRY_C39,-0.358775658806645,-0.3544369934791666,-0.358775658806645,0.012241056188941002,2,value_factor,0.6652545928955078,quality_factor,0.1643349826335907,momentum_factor,0.10574575513601303
2020-12-02,002025.SZ,tucker,"(3, 2, 2)",cn_a,INDUSTRY_C39,-0.36211923394476114,-0.35774013484435113,-0.36211923394476114,0.012241056188941002,0,value_factor,0.5433059930801392,quality_factor,0.33790454268455505,momentum_factor,0.08836641907691956
2020-12-02,600435.SH,tucker,"(3, 2, 2)",cn_a,INDUSTRY_C39,-0.37327633700200213,-0.368762315325321,-0.37327633700200213,0.012241056188941002,2,quality_factor,0.6713467240333557,value_factor,0.2405201643705368,momentum_factor,0.04425545036792755
2020-12-02,002402.SZ,tucker,"(3, 2, 2)",cn_a,INDUSTRY_C39,-0.375233575268352,-0.37069588475685616,-0.375233575268352,0.012241056188941002,1,value_factor,0.529617428779602,quality_factor,0.3573874235153198,momentum_factor,0.0864156112074852
2020-12-02,603659.SH,tucker,"(3, 2, 2)",cn_a,INDUSTRY_C39,-0.376119473667018,-0.3715710700077051,-0.376119473667018,0.012241056188941002,1,value_factor,0.5627049803733826,quality_factor,0.3102940022945404,momentum_factor,0.09113103151321411
2020-12-02,002583.SZ,tucker,"(3, 2, 2)",cn_a,INDUSTRY_C39,-0.37645013744172234,-0.3718977350734136,-0.37645013744172234,0.012241056188941002,0,quality_factor,0.5237004160881042,value_factor,0.4006945788860321,momentum_factor,0.06787320971488953
2020-12-02,603019.SH,tucker,"(3, 2, 2)",cn_a,INDUSTRY_C39,-0.3863885672257718,-0.3817159796674838,-0.3863885672257718,0.012241056188941002,1,value_factor,0.4863836169242859,quality_factor,0.4189222753047943,momentum_factor,0.0802542045712471
2020-12-02,002281.SZ,tucker,"(3, 2, 2)",cn_a,INDUSTRY_C39,-0.3898097035298514,-0.3850957442533357,-0.3898097035298514,0.012241056188941002,1,quality_factor,0.5151517391204834,value_factor,0.4099685847759247,momentum_factor,0.06924065947532654
2020-12-02,688981.SH,tucker,"(3, 2, 2)",cn_a,INDUSTRY_C39,-0.40409696388469873,-0.39921022911574183,-0.40409696388469873,0.012241056188941002,1,quality_factor,0.4824860990047455,value_factor,0.44172409176826477,momentum_factor,0.07388961315155029
2020-12-02,688008.SH,tucker,"(3, 2, 2)",cn_a,INDUSTRY_C39,-0.411269740051868,-0.4062962650749445,-0.411269740051868,0.012241056188941002,1,value_factor,0.5063399076461792,quality_factor,0.3905184268951416,momentum_factor,0.08309824764728546
2020-12-02,002156.SZ,tucker,"(3, 2, 2)",cn_a,INDUSTRY_C39,-0.4175976594875876,-0.4125476611346297,-0.4175976594875876,0.012241056188941002,2,quality_factor,0.5627835392951965,value_factor,0.35829517245292664,momentum_factor,0.06162140518426895
2020-12-02,300735.SZ,tucker,"(3, 2, 2)",cn_a,INDUSTRY_C39,-0.4357173258836805,-0.43044820684511176,-0.4357173258836805,0.012241056188941002,1,value_factor,0.5526821613311768,quality_factor,0.3245594799518585,momentum_factor,0.08970265090465546
2020-12-02,300570.SZ,tucker,"(3, 2, 2)",cn_a,INDUSTRY_C39,-0.4407832785144254,-0.43545289703374235,-0.4407832785144254,0.012241056188941002,1,value_factor,0.4955056309700012,quality_factor,0.4059387147426605,momentum_factor,0.08155421167612076
2020-12-02,603486.SH,tucker,"(3, 2, 2)",cn_a,INDUSTRY_C39,-0.445788778512843,-0.44039786564225997,-0.445788778512843,0.012241056188941002,1,value_factor,0.4745822250843048,quality_factor,0.4357190430164337,momentum_factor,0.0785723477602005
2020-12-02,688027.SH,tucker,"(3, 2, 2)",cn_a,INDUSTRY_C39,-0.4541307860578646,-0.4486389934926626,-0.4541307860578646,0.012241056188941002,1,value_factor,0.45957210659980774,quality_factor,0.4570830166339874,momentum_factor,0.0764331966638565
2020-12-02,688002.SH,tucker,"(3, 2, 2)",cn_a,INDUSTRY_C39,-0.45737728501310826,-0.4518462326148962,-0.45737728501310826,0.012241056188941002,1,value_factor,0.4958033263683319,quality_factor,0.4055151641368866,momentum_factor,0.08159664273262024
2020-12-02,002185.SZ,tucker,"(3, 2, 2)",cn_a,INDUSTRY_C39,-0.4581423582388021,-0.452602053828655,-0.4581423582388021,0.012241056188941002,2,quality_factor,0.5543872117996216,value_factor,0.36740386486053467,momentum_factor,0.06296447664499283
2020-12-02,300054.SZ,tucker,"(3, 2, 2)",cn_a,INDUSTRY_C39,-0.4650703170526238,-0.4594462330048176,-0.4650703170526238,0.012241056188941002,1,quality_factor,0.4800199270248413,value_factor,0.4434567987918854,momentum_factor,0.07413654774427414
2020-12-02,002841.SZ,tucker,"(3, 2, 2)",cn_a,INDUSTRY_C39,-0.4711111870793299,-0.46541405093702026,-0.4711111870793299,0.012241056188941002,2,value_factor,0.5797802209854126,quality_factor,0.28599080443382263,momentum_factor,0.09356449544429779
2020-12-02,603290.SH,tucker,"(3, 2, 2)",cn_a,INDUSTRY_C39,-0.49173752703786805,-0.48579095706744263,-0.49173752703786805,0.012241056188941002,1,value_factor,0.5346879959106445,quality_factor,0.3501705229282379,momentum_factor,0.08713823556900024
2020-12-02,603501.SH,tucker,"(3, 2, 2)",cn_a,INDUSTRY_C39,-0.49733720680318394,-0.4913229200413698,-0.49733720680318394,0.012241056188941002,1,value_factor,0.471262663602829,quality_factor,0.4404439628124237,momentum_factor,0.07809925824403763
2020-12-02,300679.SZ,tucker,"(3, 2, 2)",cn_a,INDUSTRY_C39,-0.5028101199599646,-0.49672964939227965,-0.5028101199599646,0.012241056188941002,2,quality_factor,0.5793113112449646,value_factor,0.3403650224208832,momentum_factor,0.058977603912353516
2020-12-02,300627.SZ,tucker,"(3, 2, 2)",cn_a,INDUSTRY_C39,-0.5107692891564672,-0.504592568549013,-0.5107692891564672,0.012241056188941002,1,value_factor,0.510322093963623,quality_factor,0.38485050201416016,momentum_factor,0.08366575837135315
2020-12-02,300136.SZ,tucker,"(3, 2, 2)",cn_a,INDUSTRY_C39,-0.513529718860285,-0.5073196164434719,-0.513529718860285,0.012241056188941002,1,value_factor,0.5415686368942261,quality_factor,0.3403773605823517,momentum_factor,0.08811882138252258
2020-12-02,300037.SZ,tucker,"(3, 2, 2)",cn_a,INDUSTRY_C39,-0.5150947104113425,-0.5088656825897152,-0.5150947104113425,0.012241056188941002,1,value_factor,0.4851014018058777,quality_factor,0.42074719071388245,momentum_factor,0.08007146418094635
2020-12-02,600562.SH,tucker,"(3, 2, 2)",cn_a,INDUSTRY_C39,-0.5222306224112161,-0.5159153001791019,-0.5222306224112161,0.012241056188941002,2,quality_factor,0.5926105976104736,value_factor,0.32593727111816406,momentum_factor,0.05685022100806236
2020-12-02,688019.SH,tucker,"(3, 2, 2)",cn_a,INDUSTRY_C39,-0.5229248863789613,-0.5166011684295484,-0.5229248863789613,0.012241056188941002,1,value_factor,0.48807621002197266,quality_factor,0.416513055562973,momentum_factor,0.08049541711807251
2020-12-02,300857.SZ,tucker,"(3, 2, 2)",cn_a,INDUSTRY_C39,-0.5293638398923042,-0.5229622558344532,-0.5293638398923042,0.012241056188941002,1,value_factor,0.47456440329551697,quality_factor,0.43574437499046326,momentum_factor,0.07856980711221695
2020-12-02,300623.SZ,tucker,"(3, 2, 2)",cn_a,INDUSTRY_C39,-0.5474568192817548,-0.5408364372636161,-0.5474568192817548,0.012241056188941002,1,value_factor,0.49646079540252686,quality_factor,0.4045793116092682,momentum_factor,0.08169034123420715
2020-12-02,002414.SZ,tucker,"(3, 2, 2)",cn_a,INDUSTRY_C39,-0.5479300995231622,-0.5413039941385599,-0.5479300995231622,0.012241056188941002,1,value_factor,0.4947684705257416,quality_factor,0.40698790550231934,momentum_factor,0.08144915848970413
2020-12-02,300458.SZ,tucker,"(3, 2, 2)",cn_a,INDUSTRY_C39,-0.5499565207177618,-0.5433059098708739,-0.5499565207177618,0.012241056188941002,1,quality_factor,0.5169946551322937,value_factor,0.4079693555831909,momentum_factor,0.06894587725400925
2020-12-02,300373.SZ,tucker,"(3, 2, 2)",cn_a,INDUSTRY_C39,-0.5505014560910746,-0.5438442553539534,-0.5505014560910746,0.012241056188941002,1,value_factor,0.4770035743713379,quality_factor,0.4322728216648102,momentum_factor,0.07891742140054703
2020-12-02,300390.SZ,tucker,"(3, 2, 2)",cn_a,INDUSTRY_C39,-0.5588621334402718,-0.5521038272350431,-0.5588621334402718,0.012241056188941002,1,value_factor,0.49452686309814453,quality_factor,0.4073318839073181,momentum_factor,0.08141472935676575
2020-12-02,300474.SZ,tucker,"(3, 2, 2)",cn_a,INDUSTRY_C39,-0.5728892946740198,-0.5659613583487038,-0.5728892946740198,0.012241056188941002,1,quality_factor,0.47023022174835205,value_factor,0.45033490657806396,momentum_factor,0.07511677592992783
2020-12-02,300346.SZ,tucker,"(3, 2, 2)",cn_a,INDUSTRY_C39,-0.5840901481454354,-0.5770267601711523,-0.5840901481454354,0.012241056188941002,1,value_factor,0.4722198247909546,quality_factor,0.4390815496444702,momentum_factor,0.0782356709241867
2020-12-02,300115.SZ,tucker,"(3, 2, 2)",cn_a,INDUSTRY_C39,-0.5852178669444555,-0.5781408414941276,-0.5852178669444555,0.012241056188941002,2,quality_factor,0.5610576272010803,value_factor,0.3601674437522888,momentum_factor,0.06189747154712677
2020-12-02,300223.SZ,tucker,"(3, 2, 2)",cn_a,INDUSTRY_C39,-0.5968804066245675,-0.5896623463651649,-0.5968804066245675,0.012241056188941002,1,quality_factor,0.4682047367095947,value_factor,0.45175808668136597,momentum_factor,0.07531959563493729
2020-12-03,600060.SH,tucker,"(3, 2, 2)",cn_a,INDUSTRY_C39,1.0341410481986235,1.013525135826603,1.0341410481986235,0.0203408170491457,1,value_factor,0.5440868735313416,quality_factor,0.33679306507110596,momentum_factor,0.0884777083992958
2020-12-03,600707.SH,tucker,"(3, 2, 2)",cn_a,INDUSTRY_C39,0.635151194776665,0.622489264958379,0.635151194776665,0.0203408170491457,0,quality_factor,0.48992207646369934,value_factor,0.4364997148513794,momentum_factor,0.0731450691819191
2020-12-03,600601.SH,tucker,"(3, 2, 2)",cn_a,INDUSTRY_C39,0.29906583360974165,0.29310386640042974,0.29906583360974165,0.0203408170491457,2,quality_factor,0.7680298089981079,value_factor,0.12110201269388199,volatility_factor,0.09947288036346436
2020-12-03,600699.SH,tucker,"(3, 2, 2)",cn_a,INDUSTRY_C39,0.2699373762893268,0.2645560936246385,0.2699373762893268,0.0203408170491457,0,value_factor,0.5845062732696533,quality_factor,0.27926406264305115,momentum_factor,0.0942380279302597
2020-12-03,600363.SH,tucker,"(3, 2, 2)",cn_a,INDUSTRY_C39,0.2676151269148414,0.262280138988858,0.2676151269148414,0.0203408170491457,0,value_factor,0.5870189070701599,quality_factor,0.2756880521774292,momentum_factor,0.09459610283374786
2020-12-03,600498.SH,tucker,"(3, 2, 2)",cn_a,INDUSTRY_C39,0.23569688052014365,0.23099819242181707,0.23569688052014365,0.0203408170491457,2,value_factor,0.6205546855926514,quality_factor,0.2279563993215561,momentum_factor,0.0993754044175148
2020-12-03,603920.SH,tucker,"(3, 2, 2)",cn_a,INDUSTRY_C39,0.08278448963798452,0.08113415597497792,0.08278448963798452,0.0203408170491457,0,quality_factor,0.8536312580108643,volatility_factor,0.09949378669261932,value_factor,0.04561154171824455
2020-12-03,600884.SH,tucker,"(3, 2, 2)",cn_a,INDUSTRY_C39,0.007285631312630802,0.00714039006437199,0.007285631312630802,0.0203408170491457,2,value_factor,0.5065742135047913,quality_factor,0.3191998600959778,volatility_factor,0.09807708859443665
2020-12-03,600171.SH,tucker,"(3, 2, 2)",cn_a,INDUSTRY_C39,-0.012621736557489341,-0.01237011844861997,-0.012621736557489341,0.0203408170491457,2,value_factor,0.46087148785591125,quality_factor,0.37241435050964355,volatility_factor,0.09824257344007492
2020-12-03,600563.SH,tucker,"(3, 2, 2)",cn_a,INDUSTRY_C39,-0.028819320692043737,-0.02824479887894749,-0.028819320692043737,0.0203408170491457,2,value_factor,0.5607617497444153,quality_factor,0.25610587000846863,volatility_factor,0.09788088500499725
2020-12-03,002429.SZ,tucker,"(3, 2, 2)",cn_a,INDUSTRY_C39,-0.041774440946233705,-0.04094165492015162,-0.041774440946233705,0.0203408170491457,0,value_factor,0.6612478494644165,quality_factor,0.13910338282585144,momentum_factor,0.10213173180818558
2020-12-03,603228.SH,tucker,"(3, 2, 2)",cn_a,INDUSTRY_C39,-0.043762192978796535,-0.04288978051897797,-0.043762192978796535,0.0203408170491457,2,value_factor,0.644481360912323,quality_factor,0.15862564742565155,momentum_factor,0.09931522607803345
2020-12-03,601231.SH,tucker,"(3, 2, 2)",cn_a,INDUSTRY_C39,-0.09100012890758163,-0.08918601400839146,-0.09100012890758163,0.0203408170491457,0,value_factor,0.695371687412262,quality_factor,0.12146943062543869,momentum_factor,0.11003784090280533
2020-12-03,002130.SZ,tucker,"(3, 2, 2)",cn_a,INDUSTRY_C39,-0.12151445521599376,-0.11909202805769613,-0.12151445521599376,0.0203408170491457,0,quality_factor,0.714983344078064,value_factor,0.16666030883789062,volatility_factor,0.09930791705846786
2020-12-03,688100.SH,tucker,"(3, 2, 2)",cn_a,INDUSTRY_C39,-0.145962921490599,-0.1430531068146842,-0.145962921490599,0.0203408170491457,1,value_factor,0.533839762210846,quality_factor,0.3513778746128082,momentum_factor,0.08701734244823456
2020-12-03,600764.SH,tucker,"(3, 2, 2)",cn_a,INDUSTRY_C39,-0.18141175716095692,-0.17779525929985837,-0.18141175716095692,0.0203408170491457,1,quality_factor,0.498355507850647,value_factor,0.42819008231163025,momentum_factor,0.07192742824554443
2020-12-03,600118.SH,tucker,"(3, 2, 2)",cn_a,INDUSTRY_C39,-0.18594804366131262,-0.182241113566479,-0.18594804366131262,0.0203408170491457,2,quality_factor,0.5813372731208801,value_factor,0.33816707134246826,momentum_factor,0.058653514832258224
2020-12-03,002273.SZ,tucker,"(3, 2, 2)",cn_a,INDUSTRY_C39,-0.23983608906586676,-0.23505488460208232,-0.23983608906586676,0.0203408170491457,0,value_factor,0.48531439900398254,quality_factor,0.4204440712928772,momentum_factor,0.08010182529687881
2020-12-03,603160.SH,tucker,"(3, 2, 2)",cn_a,INDUSTRY_C39,-0.2470563441569637,-0.2421312017395307,-0.2470563441569637,0.0203408170491457,2,value_factor,0.6563552618026733,quality_factor,0.17700152099132538,momentum_factor,0.10447747260332108
2020-12-03,002152.SZ,tucker,"(3, 2, 2)",cn_a,INDUSTRY_C39,-0.2604780081840684,-0.25528530086342277,-0.2604780081840684,0.0203408170491457,0,quality_factor,0.5607324242591858,value_factor,0.3605203628540039,momentum_factor,0.06194951385259628
2020-12-03,605358.SH,tucker,"(3, 2, 2)",cn_a,INDUSTRY_C39,-0.28953026071794286,-0.2837583880179793,-0.28953026071794286,0.0203408170491457,1,value_factor,0.4589598774909973,quality_factor,0.457954466342926,momentum_factor,0.07634594291448593
2020-12-03,002465.SZ,tucker,"(3, 2, 2)",cn_a,INDUSTRY_C39,-0.30825609043039837,-0.30211091269132256,-0.30825609043039837,0.0203408170491457,2,quality_factor,0.7072896361351013,value_factor,0.2015274316072464,volatility_factor,0.052676986902952194
2020-12-03,002138.SZ,tucker,"(3, 2, 2)",cn_a,INDUSTRY_C39,-0.31406063030956244,-0.30779973732475957,-0.31406063030956244,0.0203408170491457,0,quality_factor,0.47481822967529297,value_factor,0.44711148738861084,momentum_factor,0.0746573880314827
2020-12-03,002436.SZ,tucker,"(3, 2, 2)",cn_a,INDUSTRY_C39,-0.33899378380365913,-0.33223584091595587,-0.33899378380365913,0.0203408170491457,1,value_factor,0.5242536664009094,quality_factor,0.36502161622047424,momentum_factor,0.0856512039899826
2020-12-03,300919.SZ,tucker,"(3, 2, 2)",cn_a,INDUSTRY_C39,-0.34352393439984896,-0.33667568159950295,-0.34352393439984896,0.0203408170491457,1,quality_factor,0.4751955270767212,value_factor,0.44684645533561707,momentum_factor,0.07461961358785629
2020-12-03,688608.SH,tucker,"(3, 2, 2)",cn_a,INDUSTRY_C39,-0.34352393439984896,-0.33667568159950295,-0.34352393439984896,0.0203408170491457,1,quality_factor,0.4751955270767212,value_factor,0.44684645533561707,momentum_factor,0.07461961358785629
2020-12-03,689009.SH,tucker,"(3, 2, 2)",cn_a,INDUSTRY_C39,-0.34352393439984896,-0.33667568159950295,-0.34352393439984896,0.0203408170491457,1,quality_factor,0.4751955270767212,value_factor,0.44684645533561707,momentum_factor,0.07461961358785629
2020-12-03,300073.SZ,tucker,"(3, 2, 2)",cn_a,INDUSTRY_C39,-0.3453216274322115,-0.3384375370813771,-0.3453216274322115,0.0203408170491457,2,value_factor,0.6749531030654907,quality_factor,0.15053115785121918,momentum_factor,0.10712792724370956
2020-12-03,002025.SZ,tucker,"(3, 2, 2)",cn_a,INDUSTRY_C39,-0.35276528946476776,-0.3457328074758126,-0.35276528946476776,0.0203408170491457,0,value_factor,0.5467619299888611,quality_factor,0.33298563957214355,momentum_factor,0.08885893225669861
2020-12-03,002583.SZ,tucker,"(3, 2, 2)",cn_a,INDUSTRY_C39,-0.36142201230775456,-0.3542169559491128,-0.36142201230775456,0.0203408170491457,0,quality_factor,0.527959942817688,value_factor,0.39607366919517517,momentum_factor,0.06719185411930084
2020-12-03,002402.SZ,tucker,"(3, 2, 2)",cn_a,INDUSTRY_C39,-0.3706998252348313,-0.3633098128891491,-0.3706998252348313,0.0203408170491457,1,value_factor,0.5315165519714355,quality_factor,0.3546844720840454,momentum_factor,0.08668626844882965
2020-12-03,603659.SH,tucker,"(3, 2, 2)",cn_a,INDUSTRY_C39,-0.37478602298757047,-0.3673145510625089,-0.37478602298757047,0.0203408170491457,1,value_factor,0.5647097826004028,quality_factor,0.30744054913520813,momentum_factor,0.09141674637794495
2020-12-03,600435.SH,tucker,"(3, 2, 2)",cn_a,INDUSTRY_C39,-0.3749369320458425,-0.3674624517033828,-0.3749369320458425,0.0203408170491457,2,quality_factor,0.6757578253746033,value_factor,0.23573477566242218,volatility_factor,0.04495755955576897
2020-12-03,603019.SH,tucker,"(3, 2, 2)",cn_a,INDUSTRY_C39,-0.38614379664267107,-0.3784459040887962,-0.38614379664267107,0.0203408170491457,1,value_factor,0.4865780472755432,quality_factor,0.4186454117298126,momentum_factor,0.08028191328048706
2020-12-03,002281.SZ,tucker,"(3, 2, 2)",cn_a,INDUSTRY_C39,-0.38638061131245777,-0.3786779977870198,-0.38638061131245777,0.0203408170491457,1,quality_factor,0.51722651720047,value_factor,0.40771782398223877,momentum_factor,0.06890879571437836
2020-12-03,688981.SH,tucker,"(3, 2, 2)",cn_a,INDUSTRY_C39,-0.4008360490214375,-0.39284526200397285,-0.4008360490214375,0.0203408170491457,1,quality_factor,0.48381760716438293,value_factor,0.4407885670661926,momentum_factor,0.07375628501176834
2020-12-03,688008.SH,tucker,"(3, 2, 2)",cn_a,INDUSTRY_C39,-0.4125630016001679,-0.40433843426117455,-0.4125630016001679,0.0203408170491457,1,value_factor,0.5067756772041321,quality_factor,0.3898981809616089,momentum_factor,0.08316034823656082
2020-12-03,002156.SZ,tucker,"(3, 2, 2)",cn_a,INDUSTRY_C39,-0.41561866867978586,-0.4073331856998737,-0.41561866867978586,0.0203408170491457,2,quality_factor,0.5660061240196228,value_factor,0.35479921102523804,momentum_factor,0.06110592558979988
2020-12-03,300735.SZ,tucker,"(3, 2, 2)",cn_a,INDUSTRY_C39,-0.42987228615423934,-0.421302653029287,-0.42987228615423934,0.0203408170491457,1,value_factor,0.5553699135780334,quality_factor,0.3207339942455292,momentum_factor,0.09008569270372391
2020-12-03,300570.SZ,tucker,"(3, 2, 2)",cn_a,INDUSTRY_C39,-0.433375047994865,-0.4247355862606604,-0.433375047994865,0.0203408170491457,1,value_factor,0.4965364634990692,quality_factor,0.4044716954231262,momentum_factor,0.0817011222243309
2020-12-03,603486.SH,tucker,"(3, 2, 2)",cn_a,INDUSTRY_C39,-0.4435444880331426,-0.43470229545765976,-0.4435444880331426,0.0203408170491457,1,value_factor,0.4745994508266449,quality_factor,0.43569454550743103,momentum_factor,0.07857480645179749
2020-12-03,688027.SH,tucker,"(3, 2, 2)",cn_a,INDUSTRY_C39,-0.4513356629592794,-0.4423381509717762,-0.4513356629592794,0.0203408170491457,1,value_factor,0.4591865539550781,quality_factor,0.4576317071914673,momentum_factor,0.0763782486319542
2020-12-03,002185.SZ,tucker,"(3, 2, 2)",cn_a,INDUSTRY_C39,-0.4563532353531167,-0.44725569655305075,-0.4563532353531167,0.0203408170491457,2,quality_factor,0.5572915077209473,value_factor,0.3642532229423523,momentum_factor,0.062499918043613434
2020-12-03,688002.SH,tucker,"(3, 2, 2)",cn_a,INDUSTRY_C39,-0.4572460159280055,-0.44813067927905675,-0.4572460159280055,0.0203408170491457,1,value_factor,0.49618738889694214,quality_factor,0.40496838092803955,momentum_factor,0.08165138214826584
2020-12-03,300054.SZ,tucker,"(3, 2, 2)",cn_a,INDUSTRY_C39,-0.45788791305259025,-0.44875977999168654,-0.45788791305259025,0.0203408170491457,1,quality_factor,0.481410950422287,value_factor,0.4424794912338257,momentum_factor,0.07399726659059525
2020-12-03,002841.SZ,tucker,"(3, 2, 2)",cn_a,INDUSTRY_C39,-0.4675366354652517,-0.4582161522253198,-0.4675366354652517,0.0203408170491457,2,value_factor,0.5825779438018799,quality_factor,0.2820087671279907,momentum_factor,0.09396320581436157
2020-12-03,603290.SH,tucker,"(3, 2, 2)",cn_a,INDUSTRY_C39,-0.49465723738108425,-0.48479609679702396,-0.49465723738108425,0.0203408170491457,1,value_factor,0.5353969931602478,quality_factor,0.34916141629219055,momentum_factor,0.08723928034305573
2020-12-03,300679.SZ,tucker,"(3, 2, 2)",cn_a,INDUSTRY_C39,-0.49741107760443276,-0.48749503838847885,-0.49741107760443276,0.0203408170491457,2,quality_factor,0.5837380886077881,value_factor,0.33556249737739563,momentum_factor,0.05826947093009949
2020-12-03,603501.SH,tucker,"(3, 2, 2)",cn_a,INDUSTRY_C39,-0.5007968620280094,-0.4908133261827431,-0.5007968620280094,0.0203408170491457,1,value_factor,0.47100505232810974,quality_factor,0.4408104419708252,momentum_factor,0.07806254923343658
2020-12-03,300627.SZ,tucker,"(3, 2, 2)",cn_a,INDUSTRY_C39,-0.508053552598536,-0.49792535244739633,-0.508053552598536,0.0203408170491457,1,value_factor,0.5112722516059875,quality_factor,0.3834981918334961,momentum_factor,0.08380117267370224
2020-12-03,300136.SZ,tucker,"(3, 2, 2)",cn_a,INDUSTRY_C39,-0.5108353081731403,-0.5006516528891961,-0.5108353081731403,0.0203408170491457,1,value_factor,0.5432643890380859,quality_factor,0.3379638195037842,momentum_factor,0.0883604884147644
2020-12-03,300037.SZ,tucker,"(3, 2, 2)",cn_a,INDUSTRY_C39,-0.5111582270199955,-0.5009681342518594,-0.5111582270199955,0.0203408170491457,1,value_factor,0.4854728579521179,quality_factor,0.42021846771240234,momentum_factor,0.0801244005560875
2020-12-03,600562.SH,tucker,"(3, 2, 2)",cn_a,INDUSTRY_C39,-0.5230888072773334,-0.5126608748087415,-0.5230888072773334,0.0203408170491457,2,quality_factor,0.5958462357521057,value_factor,0.32242703437805176,momentum_factor,0.05633264034986496
2020-12-03,688019.SH,tucker,"(3, 2, 2)",cn_a,INDUSTRY_C39,-0.5250249239043646,-0.5145583943693527,-0.5250249239043646,0.0203408170491457,1,value_factor,0.4881599247455597,quality_factor,0.4163939356803894,momentum_factor,0.08050735294818878
2020-12-03,300857.SZ,tucker,"(3, 2, 2)",cn_a,INDUSTRY_C39,-0.5261546626670474,-0.515665611450515,-0.5261546626670474,0.0203408170491457,1,value_factor,0.4746006727218628,quality_factor,0.43569281697273254,momentum_factor,0.07857497781515121
2020-12-03,300623.SZ,tucker,"(3, 2, 2)",cn_a,INDUSTRY_C39,-0.5456212591787732,-0.534744135514516,-0.5456212591787732,0.0203408170491457,1,value_factor,0.496981143951416,quality_factor,0.40383875370025635,momentum_factor,0.08176449686288834
2020-12-03,300458.SZ,tucker,"(3, 2, 2)",cn_a,INDUSTRY_C39,-0.5477467247544694,-0.5368272292956348,-0.5477467247544694,0.0203408170491457,1,quality_factor,0.5188811421394348,value_factor,0.4059227705001831,momentum_factor,0.06864410638809204
2020-12-03,300373.SZ,tucker,"(3, 2, 2)",cn_a,INDUSTRY_C39,-0.5478095436290932,-0.536888795857127,-0.5478095436290932,0.0203408170491457,1,value_factor,0.47708219289779663,quality_factor,0.4321609437465668,momentum_factor,0.0789286270737648
2020-12-03,002414.SZ,tucker,"(3, 2, 2)",cn_a,INDUSTRY_C39,-0.5489760280916002,-0.538032026101552,-0.5489760280916002,0.0203408170491457,1,value_factor,0.49504712224006653,quality_factor,0.40659135580062866,momentum_factor,0.08148887008428574
2020-12-03,300390.SZ,tucker,"(3, 2, 2)",cn_a,INDUSTRY_C39,-0.5578552222779787,-0.5467342108852002,-0.5578552222779787,0.0203408170491457,1,value_factor,0.494941771030426,quality_factor,0.4067413806915283,momentum_factor,0.08147384971380234
2020-12-03,300474.SZ,tucker,"(3, 2, 2)",cn_a,INDUSTRY_C39,-0.5732377178654724,-0.5618100518034425,-0.5732377178654724,0.0203408170491457,1,quality_factor,0.4711051285266876,value_factor,0.4497202932834625,momentum_factor,0.07502918690443039
2020-12-03,300115.SZ,tucker,"(3, 2, 2)",cn_a,INDUSTRY_C39,-0.584781783352379,-0.5731239828779209,-0.584781783352379,0.0203408170491457,2,quality_factor,0.5638339519500732,value_factor,0.35715559124946594,momentum_factor,0.06145337224006653
2020-12-03,300346.SZ,tucker,"(3, 2, 2)",cn_a,INDUSTRY_C39,-0.5866351364976939,-0.5749403888716798,-0.5866351364976939,0.0203408170491457,1,value_factor,0.4720190465450287,quality_factor,0.4393673837184906,momentum_factor,0.07820706069469452
2020-12-03,300223.SZ,tucker,"(3, 2, 2)",cn_a,INDUSTRY_C39,-0.6006086287875454,-0.5886353153961741,-0.6006086287875454,0.0203408170491457,1,quality_factor,0.46900129318237305,value_factor,0.45119836926460266,momentum_factor,0.07523982226848602
2020-12-04,600060.SH,tucker,"(3, 2, 2)",cn_a,INDUSTRY_C39,1.0141919723926216,1.0103302804667853,1.0141919723926216,0.003822231898084283,1,value_factor,0.5439456105232239,quality_factor,0.33699411153793335,momentum_factor,0.08845757693052292
2020-12-04,600707.SH,tucker,"(3, 2, 2)",cn_a,INDUSTRY_C39,0.6193272493815549,0.6169690656219803,0.6193272493815549,0.003822231898084283,0,quality_factor,0.4898415803909302,value_factor,0.4365561902523041,momentum_factor,0.07315311580896378
2020-12-04,600601.SH,tucker,"(3, 2, 2)",cn_a,INDUSTRY_C39,0.28992357526722673,0.2888196466617993,0.28992357526722673,0.003822231898084283,2,quality_factor,0.7640811204910278,value_factor,0.12449323385953903,volatility_factor,0.09946060180664062
2020-12-04,600699.SH,tucker,"(3, 2, 2)",cn_a,INDUSTRY_C39,0.2620469634163725,0.26104917929821625,0.2620469634163725,0.003822231898084283,0,value_factor,0.5854091048240662,quality_factor,0.2779791057109833,momentum_factor,0.09436668455600739
2020-12-04,600363.SH,tucker,"(3, 2, 2)",cn_a,INDUSTRY_C39,0.26095475448418803,0.2599611291195316,0.26095475448418803,0.003822231898084283,0,value_factor,0.587424635887146,quality_factor,0.2751103341579437,momentum_factor,0.09465393424034119
2020-12-04,600498.SH,tucker,"(3, 2, 2)",cn_a,INDUSTRY_C39,0.23061360611384288,0.2297355093383213,0.23061360611384288,0.003822231898084283,2,value_factor,0.6205539107322693,quality_factor,0.22795745730400085,momentum_factor,0.09937530755996704
2020-12-04,603920.SH,tucker,"(3, 2, 2)",cn_a,INDUSTRY_C39,0.07922735668482961,0.07892568633844205,0.07922735668482961,0.003822231898084283,0,quality_factor,0.843788743019104,volatility_factor,0.09970847517251968,value_factor,0.05603731796145439
2020-12-04,600884.SH,tucker,"(3, 2, 2)",cn_a,INDUSTRY_C39,0.0049952077541263245,0.00497618773229902,0.0049952077541263245,0.003822231898084283,2,value_factor,0.5046109557151794,quality_factor,0.32148581743240356,volatility_factor,0.09808420389890671
2020-12-04,600171.SH,tucker,"(3, 2, 2)",cn_a,INDUSTRY_C39,-0.012920571308963923,-0.012871374246416377,-0.012920571308963923,0.003822231898084283,2,value_factor,0.4590247571468353,quality_factor,0.37456464767456055,volatility_factor,0.09824925661087036
2020-12-04,600563.SH,tucker,"(3, 2, 2)",cn_a,INDUSTRY_C39,-0.030350895506841395,-0.03023532980398519,-0.030350895506841395,0.003822231898084283,2,value_factor,0.5653796195983887,quality_factor,0.25072887539863586,volatility_factor,0.09786415845155716
2020-12-04,603228.SH,tucker,"(3, 2, 2)",cn_a,INDUSTRY_C39,-0.04457999868651331,-0.04441025348474902,-0.04457999868651331,0.003822231898084283,2,value_factor,0.6503297090530396,quality_factor,0.15181608498096466,momentum_factor,0.10029765963554382
2020-12-04,002429.SZ,tucker,"(3, 2, 2)",cn_a,INDUSTRY_C39,-0.04513327284992192,-0.0449614209716824,-0.04513327284992192,0.003822231898084283,0,value_factor,0.6775903701782227,quality_factor,0.1200747862458229,momentum_factor,0.1048770323395729
2020-12-04,601231.SH,tucker,"(3, 2, 2)",cn_a,INDUSTRY_C39,-0.09123689908353112,-0.09088950055729547,-0.09123689908353112,0.003822231898084283,0,value_factor,0.6909335851669312,quality_factor,0.12778609991073608,momentum_factor,0.10940536111593246
2020-12-04,002130.SZ,tucker,"(3, 2, 2)",cn_a,INDUSTRY_C39,-0.12257121714609527,-0.12210450838436414,-0.12257121714609527,0.003822231898084283,0,quality_factor,0.7280691862106323,value_factor,0.15542171895503998,volatility_factor,0.09934861212968826
2020-12-04,688100.SH,tucker,"(3, 2, 2)",cn_a,INDUSTRY_C39,-0.14366624587407142,-0.143119214545872,-0.14366624587407142,0.003822231898084283,1,value_factor,0.5334657430648804,quality_factor,0.35191017389297485,momentum_factor,0.08696404099464417
2020-12-04,600764.SH,tucker,"(3, 2, 2)",cn_a,INDUSTRY_C39,-0.17885155233393443,-0.17817054753960357,-0.17885155233393443,0.003822231898084283,1,quality_factor,0.49797624349594116,value_factor,0.42860153317451477,momentum_factor,0.07198809832334518
2020-12-04,600118.SH,tucker,"(3, 2, 2)",cn_a,INDUSTRY_C39,-0.18228656648474514,-0.18159248234570202,-0.18228656648474514,0.003822231898084283,2,quality_factor,0.5809071660041809,value_factor,0.3386337459087372,momentum_factor,0.058722324669361115
2020-12-04,002273.SZ,tucker,"(3, 2, 2)",cn_a,INDUSTRY_C39,-0.23737342192896135,-0.2364695861150092,-0.23737342192896135,0.003822231898084283,0,value_factor,0.485073059797287,quality_factor,0.4207875430583954,momentum_factor,0.08006743341684341
2020-12-04,603160.SH,tucker,"(3, 2, 2)",cn_a,INDUSTRY_C39,-0.24306536692861386,-0.24213985815860822,-0.24306536692861386,0.003822231898084283,2,value_factor,0.6554552912712097,quality_factor,0.17828236520290375,momentum_factor,0.10434922575950623
2020-12-04,002152.SZ,tucker,"(3, 2, 2)",cn_a,INDUSTRY_C39,-0.2580756567286989,-0.25709299397157515,-0.2580756567286989,0.003822231898084283,0,quality_factor,0.5593484044075012,value_factor,0.3620217740535736,momentum_factor,0.06217088922858238
2020-12-04,605358.SH,tucker,"(3, 2, 2)",cn_a,INDUSTRY_C39,-0.2853198150322604,-0.2842334159520233,-0.2853198150322604,0.003822231898084283,1,value_factor,0.4590429365634918,quality_factor,0.45783621072769165,momentum_factor,0.07635778933763504
2020-12-04,002465.SZ,tucker,"(3, 2, 2)",cn_a,INDUSTRY_C39,-0.3043267984482137,-0.3031680273551921,-0.3043267984482137,0.003822231898084283,2,quality_factor,0.7046660780906677,value_factor,0.2043735533952713,volatility_factor,0.052034709602594376
2020-12-04,002138.SZ,tucker,"(3, 2, 2)",cn_a,INDUSTRY_C39,-0.3098947598013446,-0.30871478783907336,-0.3098947598013446,0.003822231898084283,0,quality_factor,0.4745502173900604,value_factor,0.4472997784614563,momentum_factor,0.07468422502279282
2020-12-04,002436.SZ,tucker,"(3, 2, 2)",cn_a,INDUSTRY_C39,-0.3337789511905501,-0.3325080364959821,-0.3337789511905501,0.003822231898084283,1,value_factor,0.5239119529724121,quality_factor,0.3655080497264862,momentum_factor,0.08560249954462051
2020-12-04,300919.SZ,tucker,"(3, 2, 2)",cn_a,INDUSTRY_C39,-0.3383248373729713,-0.3370366135175696,-0.3383248373729713,0.003822231898084283,1,quality_factor,0.4749479591846466,value_factor,0.44702038168907166,momentum_factor,0.07464440912008286
2020-12-04,688608.SH,tucker,"(3, 2, 2)",cn_a,INDUSTRY_C39,-0.3383248373729713,-0.3370366135175696,-0.3383248373729713,0.003822231898084283,1,quality_factor,0.4749479591846466,value_factor,0.44702038168907166,momentum_factor,0.07464440912008286
2020-12-04,689009.SH,tucker,"(3, 2, 2)",cn_a,INDUSTRY_C39,-0.3383248373729713,-0.3370366135175696,-0.3383248373729713,0.003822231898084283,1,quality_factor,0.4749479591846466,value_factor,0.44702038168907166,momentum_factor,0.07464440912008286
2020-12-04,300073.SZ,tucker,"(3, 2, 2)",cn_a,INDUSTRY_C39,-0.342249720507231,-0.34094655205561675,-0.342249720507231,0.003822231898084283,2,value_factor,0.6727381348609924,quality_factor,0.15368376672267914,momentum_factor,0.10681226849555969
2020-12-04,002025.SZ,tucker,"(3, 2, 2)",cn_a,INDUSTRY_C39,-0.3486614290956203,-0.34733384707738296,-0.3486614290956203,0.003822231898084283,0,value_factor,0.5459747314453125,quality_factor,0.3341061472892761,momentum_factor,0.08874674141407013
2020-12-04,002583.SZ,tucker,"(3, 2, 2)",cn_a,INDUSTRY_C39,-0.3584151593200712,-0.3570504384738014,-0.3584151593200712,0.003822231898084283,0,quality_factor,0.5269745588302612,value_factor,0.397142618894577,momentum_factor,0.06734947115182877
2020-12-04,002402.SZ,tucker,"(3, 2, 2)",cn_a,INDUSTRY_C39,-0.36522236378376904,-0.3638317234595005,-0.36522236378376904,0.003822231898084283,1,value_factor,0.5310879945755005,quality_factor,0.3552943766117096,momentum_factor,0.08662519603967667
2020-12-04,600435.SH,tucker,"(3, 2, 2)",cn_a,INDUSTRY_C39,-0.36802282813964815,-0.3666215246166104,-0.36802282813964815,0.003822231898084283,2,quality_factor,0.6747724413871765,value_factor,0.23680377006530762,volatility_factor,0.04471631720662117
2020-12-04,603659.SH,tucker,"(3, 2, 2)",cn_a,INDUSTRY_C39,-0.3685331867170632,-0.3671299399252447,-0.3685331867170632,0.003822231898084283,1,value_factor,0.5642604827880859,quality_factor,0.3080800473690033,momentum_factor,0.09135270863771439
2020-12-04,603019.SH,tucker,"(3, 2, 2)",cn_a,INDUSTRY_C39,-0.3794530923104626,-0.3780082662985272,-0.3794530923104626,0.003822231898084283,1,value_factor,0.4865345060825348,quality_factor,0.41870740056037903,momentum_factor,0.08027571439743042
2020-12-04,002281.SZ,tucker,"(3, 2, 2)",cn_a,INDUSTRY_C39,-0.38038625946874455,-0.3789378802793253,-0.38038625946874455,0.003822231898084283,1,quality_factor,0.5167585015296936,value_factor,0.40822553634643555,momentum_factor,0.06898365169763565
2020-12-04,688981.SH,tucker,"(3, 2, 2)",cn_a,INDUSTRY_C39,-0.3945522167100234,-0.39304989845956884,-0.3945522167100234,0.003822231898084283,1,quality_factor,0.48351743817329407,value_factor,0.4409995377063751,momentum_factor,0.07378635555505753
2020-12-04,688008.SH,tucker,"(3, 2, 2)",cn_a,INDUSTRY_C39,-0.40507251124279564,-0.4035301353528009,-0.40507251124279564,0.003822231898084283,1,value_factor,0.5066783428192139,quality_factor,0.3900366425514221,momentum_factor,0.08314648270606995
2020-12-04,002156.SZ,tucker,"(3, 2, 2)",cn_a,INDUSTRY_C39,-0.4087946386031031,-0.4072380901406906,-0.4087946386031031,0.003822231898084283,2,quality_factor,0.5652812123298645,value_factor,0.355585515499115,momentum_factor,0.06122186779975891
2020-12-04,300735.SZ,tucker,"(3, 2, 2)",cn_a,INDUSTRY_C39,-0.4236497519610611,-0.4220366403697013,-0.4236497519610611,0.003822231898084283,1,value_factor,0.5547631978988647,quality_factor,0.32159745693206787,momentum_factor,0.0899992287158966
2020-12-04,300570.SZ,tucker,"(3, 2, 2)",cn_a,INDUSTRY_C39,-0.4274352046520878,-0.42580767936737357,-0.4274352046520878,0.003822231898084283,1,value_factor,0.49630284309387207,quality_factor,0.40480419993400574,momentum_factor,0.08166781812906265
2020-12-04,603486.SH,tucker,"(3, 2, 2)",cn_a,INDUSTRY_C39,-0.4362910546778166,-0.43462980938202783,-0.4362910546778166,0.003822231898084283,1,value_factor,0.4745956361293793,quality_factor,0.43570005893707275,momentum_factor,0.07857424765825272
2020-12-04,688027.SH,tucker,"(3, 2, 2)",cn_a,INDUSTRY_C39,-0.44406731814016087,-0.44237646352518684,-0.44406731814016087,0.003822231898084283,1,value_factor,0.4592733383178711,quality_factor,0.45750823616981506,momentum_factor,0.07639062404632568
2020-12-04,002185.SZ,tucker,"(3, 2, 2)",cn_a,INDUSTRY_C39,-0.44877595104538587,-0.44706716758639925,-0.44877595104538587,0.003822231898084283,2,quality_factor,0.5566387176513672,value_factor,0.36496132612228394,momentum_factor,0.06260433048009872
2020-12-04,688002.SH,tucker,"(3, 2, 2)",cn_a,INDUSTRY_C39,-0.44928844236698995,-0.44757770751847104,-0.44928844236698995,0.003822231898084283,1,value_factor,0.4961014688014984,quality_factor,0.4050907790660858,momentum_factor,0.0816391333937645
2020-12-04,300054.SZ,tucker,"(3, 2, 2)",cn_a,INDUSTRY_C39,-0.45147024031393346,-0.4497511979341533,-0.45147024031393346,0.003822231898084283,1,quality_factor,0.48109549283981323,value_factor,0.44270116090774536,momentum_factor,0.0740288570523262
2020-12-04,002841.SZ,tucker,"(3, 2, 2)",cn_a,INDUSTRY_C39,-0.46015677678830613,-0.45840465908484007,-0.46015677678830613,0.003822231898084283,2,value_factor,0.5819494128227234,quality_factor,0.2829033434391022,momentum_factor,0.09387363493442535
2020-12-04,603290.SH,tucker,"(3, 2, 2)",cn_a,INDUSTRY_C39,-0.48537506767288935,-0.48352692744810255,-0.48537506767288935,0.003822231898084283,1,value_factor,0.5352391004562378,quality_factor,0.34938615560531616,momentum_factor,0.08721677213907242
2020-12-04,300679.SZ,tucker,"(3, 2, 2)",cn_a,INDUSTRY_C39,-0.48991077188146803,-0.488045361265279,-0.48991077188146803,0.003822231898084283,2,quality_factor,0.5827374458312988,value_factor,0.33664819598197937,momentum_factor,0.058429550379514694
2020-12-04,603501.SH,tucker,"(3, 2, 2)",cn_a,INDUSTRY_C39,-0.4912886777005729,-0.4894180204960445,-0.4912886777005729,0.003822231898084283,1,value_factor,0.47106242179870605,quality_factor,0.4407288432121277,momentum_factor,0.078070729970932
2020-12-04,300627.SZ,tucker,"(3, 2, 2)",cn_a,INDUSTRY_C39,-0.4997770858966995,-0.4978741077723783,-0.4997770858966995,0.003822231898084283,1,value_factor,0.5110588073730469,quality_factor,0.38380196690559387,momentum_factor,0.083770751953125
2020-12-04,300136.SZ,tucker,"(3, 2, 2)",cn_a,INDUSTRY_C39,-0.5025055628881059,-0.500592195667978,-0.5025055628881059,0.003822231898084283,1,value_factor,0.5428836941719055,quality_factor,0.3385056257247925,momentum_factor,0.0883062407374382
2020-12-04,300037.SZ,tucker,"(3, 2, 2)",cn_a,INDUSTRY_C39,-0.5030960733234555,-0.5011804576440198,-0.5030960733234555,0.003822231898084283,1,value_factor,0.48538923263549805,quality_factor,0.4203375577926636,momentum_factor,0.08011249452829361
2020-12-04,600562.SH,tucker,"(3, 2, 2)",cn_a,INDUSTRY_C39,-0.5137635353624888,-0.5118073016805972,-0.5137635353624888,0.003822231898084283,2,quality_factor,0.5951220989227295,value_factor,0.3232126832008362,momentum_factor,0.05644847825169563
2020-12-04,688019.SH,tucker,"(3, 2, 2)",cn_a,INDUSTRY_C39,-0.51539265154796,-0.513430214755621,-0.51539265154796,0.003822231898084283,1,value_factor,0.488141268491745,quality_factor,0.41642051935195923,momentum_factor,0.08050469309091568
2020-12-04,300857.SZ,tucker,"(3, 2, 2)",cn_a,INDUSTRY_C39,-0.5176705817485165,-0.5156994713865748,-0.5176705817485165,0.003822231898084283,1,value_factor,0.47459256649017334,quality_factor,0.43570443987846375,momentum_factor,0.07857382297515869
2020-12-04,300623.SZ,tucker,"(3, 2, 2)",cn_a,INDUSTRY_C39,-0.536494997505338,-0.5344522102850543,-0.536494997505338,0.003822231898084283,1,value_factor,0.4968644082546234,quality_factor,0.4040049612522125,momentum_factor,0.0817478597164154
2020-12-04,300458.SZ,tucker,"(3, 2, 2)",cn_a,INDUSTRY_C39,-0.5386656634167225,-0.5366146110521152,-0.5386656634167225,0.003822231898084283,1,quality_factor,0.5184572339057922,value_factor,0.4063827097415924,momentum_factor,0.06871192902326584
2020-12-04,300373.SZ,tucker,"(3, 2, 2)",cn_a,INDUSTRY_C39,-0.5388334413183176,-0.5367817501135443,-0.5388334413183176,0.003822231898084283,1,value_factor,0.47706449031829834,quality_factor,0.432186096906662,momentum_factor,0.07892610877752304
2020-12-04,002414.SZ,tucker,"(3, 2, 2)",cn_a,INDUSTRY_C39,-0.5391572991869571,-0.537104374843537,-0.5391572991869571,0.003822231898084283,1,value_factor,0.49498483538627625,quality_factor,0.40668001770973206,momentum_factor,0.0814799964427948
2020-12-04,300390.SZ,tucker,"(3, 2, 2)",cn_a,INDUSTRY_C39,-0.5483329904454874,-0.5462451282463048,-0.5483329904454874,0.003822231898084283,1,value_factor,0.49484875798225403,quality_factor,0.40687379240989685,momentum_factor,0.08146060258150101
2020-12-04,300474.SZ,tucker,"(3, 2, 2)",cn_a,INDUSTRY_C39,-0.5631486617467156,-0.5610043866002832,-0.5631486617467156,0.003822231898084283,1,quality_factor,0.4709092378616333,value_factor,0.4498579502105713,momentum_factor,0.07504879683256149
2020-12-04,300115.SZ,tucker,"(3, 2, 2)",cn_a,INDUSTRY_C39,-0.5746636699821743,-0.5724755496707836,-0.5746636699821743,0.003822231898084283,2,quality_factor,0.5632115602493286,value_factor,0.35783085227012634,momentum_factor,0.06155294179916382
2020-12-04,300346.SZ,tucker,"(3, 2, 2)",cn_a,INDUSTRY_C39,-0.575828873870052,-0.5736363168656404,-0.575828873870052,0.003822231898084283,1,value_factor,0.4720638394355774,quality_factor,0.43930357694625854,momentum_factor,0.07821343839168549
2020-12-04,300223.SZ,tucker,"(3, 2, 2)",cn_a,INDUSTRY_C39,-0.5892980108850843,-0.5870541680698255,-0.5892980108850843,0.003822231898084283,1,quality_factor,0.46882376074790955,value_factor,0.45132318139076233,momentum_factor,0.07525761425495148
2020-12-07,600060.SH,tucker,"(3, 2, 2)",cn_a,INDUSTRY_C39,1.023258309270507,1.000220330742475,1.023258309270507,0.023032933473587036,1,value_factor,0.5443564653396606,quality_factor,0.33640941977500916,momentum_factor,0.08851612359285355
2020-12-07,600707.SH,tucker,"(3, 2, 2)",cn_a,INDUSTRY_C39,0.6353467855364409,0.6210423763071842,0.6353467855364409,0.023032933473587036,0,quality_factor,0.4900730848312378,value_factor,0.43639352917671204,momentum_factor,0.07312992960214615
2020-12-07,600601.SH,tucker,"(3, 2, 2)",cn_a,INDUSTRY_C39,0.3024159694047405,0.29560727550354243,0.3024159694047405,0.023032933473587036,2,quality_factor,0.7755120992660522,value_factor,0.11467593163251877,volatility_factor,0.09949614852666855
2020-12-07,600699.SH,tucker,"(3, 2, 2)",cn_a,INDUSTRY_C39,0.272265072956903,0.2661352063847118,0.272265072956903,0.023032933473587036,0,value_factor,0.582827627658844,quality_factor,0.28165337443351746,momentum_factor,0.09399878978729248
2020-12-07,600363.SH,tucker,"(3, 2, 2)",cn_a,INDUSTRY_C39,0.2676842431368153,0.2616575108935415,0.2676842431368153,0.023032933473587036,0,value_factor,0.586255669593811,quality_factor,0.2767742872238159,momentum_factor,0.09448733180761337
2020-12-07,600498.SH,tucker,"(3, 2, 2)",cn_a,INDUSTRY_C39,0.23425007472158077,0.2289760904863851,0.23425007472158077,0.023032933473587036,2,value_factor,0.620556116104126,quality_factor,0.22795440256595612,momentum_factor,0.09937560558319092
2020-12-07,603920.SH,tucker,"(3, 2, 2)",cn_a,INDUSTRY_C39,0.08568901563238407,0.0837597845825679,0.08568901563238407,0.023032933473587036,0,quality_factor,0.8706755042076111,volatility_factor,0.09891490638256073,value_factor,0.025891941040754318
2020-12-07,600884.SH,tucker,"(3, 2, 2)",cn_a,INDUSTRY_C39,0.01135006641374737,0.011094527236627898,0.01135006641374737,0.023032933473587036,2,value_factor,0.510287344455719,quality_factor,0.31487634778022766,volatility_factor,0.0980636477470398
2020-12-07,600171.SH,tucker,"(3, 2, 2)",cn_a,INDUSTRY_C39,-0.011444305388249747,-0.011186644483457584,-0.011444305388249747,0.023032933473587036,2,value_factor,0.4643642008304596,quality_factor,0.36834755539894104,volatility_factor,0.09822992235422134
2020-12-07,600563.SH,tucker,"(3, 2, 2)",cn_a,INDUSTRY_C39,-0.02449506804292861,-0.023943577919170927,-0.02449506804292861,0.023032933473587036,2,value_factor,0.5519962906837463,quality_factor,0.26631200313568115,volatility_factor,0.09791261702775955
2020-12-07,002429.SZ,tucker,"(3, 2, 2)",cn_a,INDUSTRY_C39,-0.03331280988355368,-0.03256279418189488,-0.03331280988355368,0.023032933473587036,0,value_factor,0.6300226449966431,quality_factor,0.17546087503433228,volatility_factor,0.0976300835609436
2020-12-07,603228.SH,tucker,"(3, 2, 2)",cn_a,INDUSTRY_C39,-0.04010031577085695,-0.039197483900031575,-0.04010031577085695,0.023032933473587036,2,value_factor,0.6333706974983215,quality_factor,0.17156249284744263,volatility_factor,0.09761795401573181
2020-12-07,601231.SH,tucker,"(3, 2, 2)",cn_a,INDUSTRY_C39,-0.08620509995855027,-0.08426424961425377,-0.08620509995855027,0.023032933473587036,0,value_factor,0.7042590975761414,momentum_factor,0.11130442470312119,quality_factor,0.10881994664669037
2020-12-07,002130.SZ,tucker,"(3, 2, 2)",cn_a,INDUSTRY_C39,-0.11368500755746022,-0.11112546541708407,-0.11368500755746022,0.023032933473587036,0,quality_factor,0.6903613209724426,value_factor,0.187806636095047,volatility_factor,0.09923134744167328
2020-12-07,688100.SH,tucker,"(3, 2, 2)",cn_a,INDUSTRY_C39,-0.14342715114624446,-0.14019798447492798,-0.14342715114624446,0.023032933473587036,1,value_factor,0.5345604419708252,quality_factor,0.35035204887390137,momentum_factor,0.08712006360292435
2020-12-07,600764.SH,tucker,"(3, 2, 2)",cn_a,INDUSTRY_C39,-0.17769336761713303,-0.1736927199305722,-0.17769336761713303,0.023032933473587036,1,quality_factor,0.49909111857414246,value_factor,0.4273920953273773,momentum_factor,0.07180976122617722
2020-12-07,600118.SH,tucker,"(3, 2, 2)",cn_a,INDUSTRY_C39,-0.18413463398926017,-0.17998896548534563,-0.18413463398926017,0.023032933473587036,2,quality_factor,0.5821579098701477,value_factor,0.3372768461704254,momentum_factor,0.05852224677801132
2020-12-07,002273.SZ,tucker,"(3, 2, 2)",cn_a,INDUSTRY_C39,-0.23314410157366638,-0.22789501758643682,-0.23314410157366638,0.023032933473587036,0,value_factor,0.4857872724533081,quality_factor,0.4197709262371063,momentum_factor,0.08016922324895859
2020-12-07,603160.SH,tucker,"(3, 2, 2)",cn_a,INDUSTRY_C39,-0.24296392394028096,-0.23749375320029154,-0.24296392394028096,0.023032933473587036,2,value_factor,0.6580835580825806,quality_factor,0.17454150319099426,momentum_factor,0.10472378134727478
2020-12-07,002152.SZ,tucker,"(3, 2, 2)",cn_a,INDUSTRY_C39,-0.2526856166449437,-0.24699656847610074,-0.2526856166449437,0.023032933473587036,0,quality_factor,0.5634592175483704,value_factor,0.3575621545314789,momentum_factor,0.061513323336839676
2020-12-07,605358.SH,tucker,"(3, 2, 2)",cn_a,INDUSTRY_C39,-0.2838353896785443,-0.2774450251404136,-0.2838353896785443,0.023032933473587036,1,value_factor,0.458798885345459,quality_factor,0.45818349719047546,momentum_factor,0.076323002576828
2020-12-07,002465.SZ,tucker,"(3, 2, 2)",cn_a,INDUSTRY_C39,-0.30112679728142794,-0.2943471282309706,-0.30112679728142794,0.023032933473587036,2,quality_factor,0.7124105095863342,value_factor,0.19597205519676208,volatility_factor,0.05393063649535179
2020-12-07,002138.SZ,tucker,"(3, 2, 2)",cn_a,INDUSTRY_C39,-0.3071102700820982,-0.30019588713129325,-0.3071102700820982,0.023032933473587036,0,quality_factor,0.47533947229385376,value_factor,0.44674527645111084,momentum_factor,0.07460519671440125
2020-12-07,002436.SZ,tucker,"(3, 2, 2)",cn_a,INDUSTRY_C39,-0.3328751037836532,-0.3253806427819621,-0.3328751037836532,0.023032933473587036,1,value_factor,0.5249130725860596,quality_factor,0.3640831708908081,momentum_factor,0.0857451781630516
2020-12-07,300073.SZ,tucker,"(3, 2, 2)",cn_a,INDUSTRY_C39,-0.33477352133479843,-0.32723631872780173,-0.33477352133479843,0.023032933473587036,2,value_factor,0.6792779564857483,quality_factor,0.14437563717365265,momentum_factor,0.10774426907300949
2020-12-07,300919.SZ,tucker,"(3, 2, 2)",cn_a,INDUSTRY_C39,-0.3371589431146678,-0.3295680343268886,-0.3371589431146678,0.023032933473587036,1,quality_factor,0.4756743013858795,value_factor,0.44651004672050476,momentum_factor,0.07457167655229568
2020-12-07,688608.SH,tucker,"(3, 2, 2)",cn_a,INDUSTRY_C39,-0.3371589431146678,-0.3295680343268886,-0.3371589431146678,0.023032933473587036,1,quality_factor,0.4756743013858795,value_factor,0.44651004672050476,momentum_factor,0.07457167655229568
2020-12-07,689009.SH,tucker,"(3, 2, 2)",cn_a,INDUSTRY_C39,-0.3371589431146678,-0.3295680343268886,-0.3371589431146678,0.023032933473587036,1,quality_factor,0.4756743013858795,value_factor,0.44651004672050476,momentum_factor,0.07457167655229568
2020-12-07,002025.SZ,tucker,"(3, 2, 2)",cn_a,INDUSTRY_C39,-0.34385001490046435,-0.336108461093012,-0.34385001490046435,0.023032933473587036,0,value_factor,0.5482956171035767,quality_factor,0.3308027982711792,momentum_factor,0.08907750993967056
2020-12-07,002583.SZ,tucker,"(3, 2, 2)",cn_a,INDUSTRY_C39,-0.3499809194405664,-0.34210133240546015,-0.3499809194405664,0.023032933473587036,0,quality_factor,0.5299057364463806,value_factor,0.3939627408981323,momentum_factor,0.06688059866428375
2020-12-07,002402.SZ,tucker,"(3, 2, 2)",cn_a,INDUSTRY_C39,-0.36357525124790446,-0.35538959689681066,-0.36357525124790446,0.023032933473587036,1,value_factor,0.5323445796966553,quality_factor,0.353505939245224,momentum_factor,0.08680426329374313
2020-12-07,603659.SH,tucker,"(3, 2, 2)",cn_a,INDUSTRY_C39,-0.3689601447746411,-0.3606532531364217,-0.3689601447746411,0.023032933473587036,1,value_factor,0.5655729174613953,quality_factor,0.30621200799942017,momentum_factor,0.09153975546360016
2020-12-07,600435.SH,tucker,"(3, 2, 2)",cn_a,INDUSTRY_C39,-0.3703775938692527,-0.36203878930981837,-0.3703775938692527,0.023032933473587036,2,quality_factor,0.6776456832885742,value_factor,0.2336866855621338,volatility_factor,0.04541974514722824
2020-12-07,002281.SZ,tucker,"(3, 2, 2)",cn_a,INDUSTRY_C39,-0.3795040001140039,-0.37095972060342597,-0.3795040001140039,0.023032933473587036,1,quality_factor,0.5181304812431335,value_factor,0.40673714876174927,momentum_factor,0.06876418739557266
2020-12-07,603019.SH,tucker,"(3, 2, 2)",cn_a,INDUSTRY_C39,-0.38061979300759485,-0.37205039216402463,-0.38061979300759485,0.023032933473587036,1,value_factor,0.4866617023944855,quality_factor,0.41852638125419617,momentum_factor,0.08029383420944214
2020-12-07,688981.SH,tucker,"(3, 2, 2)",cn_a,INDUSTRY_C39,-0.3938277886261691,-0.3849610185682936,-0.3938277886261691,0.023032933473587036,1,quality_factor,0.4843973219394684,value_factor,0.44038131833076477,momentum_factor,0.0736982524394989
2020-12-07,688008.SH,tucker,"(3, 2, 2)",cn_a,INDUSTRY_C39,-0.40731985836907675,-0.3981493233574064,-0.40731985836907675,0.023032933473587036,1,value_factor,0.5069619417190552,quality_factor,0.3896329998970032,momentum_factor,0.08318690210580826
2020-12-07,002156.SZ,tucker,"(3, 2, 2)",cn_a,INDUSTRY_C39,-0.40894609111662306,-0.3997389425590082,-0.40894609111662306,0.023032933473587036,2,quality_factor,0.567402720451355,value_factor,0.35328397154808044,momentum_factor,0.06088250130414963
2020-12-07,300735.SZ,tucker,"(3, 2, 2)",cn_a,INDUSTRY_C39,-0.421361481296946,-0.41187480850796154,-0.421361481296946,0.023032933473587036,1,value_factor,0.5565424561500549,quality_factor,0.31906506419181824,momentum_factor,0.09025280177593231
2020-12-07,300570.SZ,tucker,"(3, 2, 2)",cn_a,INDUSTRY_C39,-0.4241527086694418,-0.4146031932573466,-0.4241527086694418,0.023032933473587036,1,value_factor,0.4969896376132965,quality_factor,0.40382665395736694,momentum_factor,0.08176570385694504
2020-12-07,603486.SH,tucker,"(3, 2, 2)",cn_a,INDUSTRY_C39,-0.436367502003974,-0.4265429786647349,-0.436367502003974,0.023032933473587036,1,value_factor,0.4746069610118866,quality_factor,0.4356839656829834,momentum_factor,0.07857586443424225
2020-12-07,688027.SH,tucker,"(3, 2, 2)",cn_a,INDUSTRY_C39,-0.4438159097515932,-0.4338236904784896,-0.4438159097515932,0.023032933473587036,1,value_factor,0.45901936292648315,quality_factor,0.4578697681427002,momentum_factor,0.07635442167520523
2020-12-07,300054.SZ,tucker,"(3, 2, 2)",cn_a,INDUSTRY_C39,-0.4484171762695201,-0.4383213625488744,-0.4484171762695201,0.023032933473587036,1,quality_factor,0.48202309012413025,value_factor,0.44204938411712646,momentum_factor,0.07393597811460495
2020-12-07,002185.SZ,tucker,"(3, 2, 2)",cn_a,INDUSTRY_C39,-0.44918932021063496,-0.43907612218401804,-0.44918932021063496,0.023032933473587036,2,quality_factor,0.5585485100746155,value_factor,0.3628895580768585,momentum_factor,0.06229885295033455
2020-12-07,688002.SH,tucker,"(3, 2, 2)",cn_a,INDUSTRY_C39,-0.4507720464539885,-0.440623214401359,-0.4507720464539885,0.023032933473587036,1,value_factor,0.4963524639606476,quality_factor,0.40473341941833496,momentum_factor,0.08167490363121033
2020-12-07,002841.SZ,tucker,"(3, 2, 2)",cn_a,INDUSTRY_C39,-0.4594592047498936,-0.4491147871207997,-0.4594592047498936,0.023032933473587036,2,value_factor,0.5837877988815308,quality_factor,0.2802866995334625,momentum_factor,0.09413562715053558
2020-12-07,300679.SZ,tucker,"(3, 2, 2)",cn_a,INDUSTRY_C39,-0.48814121414349,-0.4771510401979665,-0.48814121414349,0.023032933473587036,2,quality_factor,0.5856747031211853,value_factor,0.33346161246299744,momentum_factor,0.05795969069004059
2020-12-07,603290.SH,tucker,"(3, 2, 2)",cn_a,INDUSTRY_C39,-0.4889509105248607,-0.4779425068052135,-0.4889509105248607,0.023032933473587036,1,value_factor,0.5356988310813904,quality_factor,0.3487318754196167,momentum_factor,0.08728228509426117
2020-12-07,603501.SH,tucker,"(3, 2, 2)",cn_a,INDUSTRY_C39,-0.4952331427479522,-0.4840832987587734,-0.4952331427479522,0.023032933473587036,1,value_factor,0.4708954691886902,quality_factor,0.44096648693084717,momentum_factor,0.07804693281650543
2020-12-07,300627.SZ,tucker,"(3, 2, 2)",cn_a,INDUSTRY_C39,-0.499771290479159,-0.4885192731198337,-0.499771290479159,0.023032933473587036,1,value_factor,0.5116830468177795,quality_factor,0.38291338086128235,momentum_factor,0.08385972678661346
2020-12-07,300037.SZ,tucker,"(3, 2, 2)",cn_a,INDUSTRY_C39,-0.5023151211605675,-0.49100583114966795,-0.5023151211605675,0.023032933473587036,1,value_factor,0.4856341481208801,quality_factor,0.41998881101608276,momentum_factor,0.0801473930478096
2020-12-07,300136.SZ,tucker,"(3, 2, 2)",cn_a,INDUSTRY_C39,-0.5025230349923571,-0.49120906394017105,-0.5025230349923571,0.023032933473587036,1,value_factor,0.5439966917037964,quality_factor,0.3369215726852417,momentum_factor,0.08846484869718552
2020-12-07,600562.SH,tucker,"(3, 2, 2)",cn_a,INDUSTRY_C39,-0.5161098631819563,-0.5044899937527327,-0.5161098631819563,0.023032933473587036,2,quality_factor,0.597235918045044,value_factor,0.32091954350471497,momentum_factor,0.05611036717891693
2020-12-07,300857.SZ,tucker,"(3, 2, 2)",cn_a,INDUSTRY_C39,-0.517409231676297,-0.5057601078318379,-0.517409231676297,0.023032933473587036,1,value_factor,0.47461646795272827,quality_factor,0.43567049503326416,momentum_factor,0.07857722789049149
2020-12-07,688019.SH,tucker,"(3, 2, 2)",cn_a,INDUSTRY_C39,-0.5185450092423979,-0.5068703141233706,-0.5185450092423979,0.023032933473587036,1,value_factor,0.4881957173347473,quality_factor,0.4163430631160736,momentum_factor,0.08051244914531708
2020-12-07,300623.SZ,tucker,"(3, 2, 2)",cn_a,INDUSTRY_C39,-0.5371846150301591,-0.5250902616156468,-0.5371846150301591,0.023032933473587036,1,value_factor,0.49720561504364014,quality_factor,0.40351924300193787,momentum_factor,0.08179648965597153
2020-12-07,300373.SZ,tucker,"(3, 2, 2)",cn_a,INDUSTRY_C39,-0.5389793228937227,-0.5268445628283674,-0.5389793228937227,0.023032933473587036,1,value_factor,0.477116197347641,quality_factor,0.43211260437965393,momentum_factor,0.0789334774017334
2020-12-07,300458.SZ,tucker,"(3, 2, 2)",cn_a,INDUSTRY_C39,-0.5391216716362797,-0.5269837066839034,-0.5391216716362797,0.023032933473587036,1,quality_factor,0.519697368144989,value_factor,0.40503737330436707,momentum_factor,0.06851355731487274
2020-12-07,002414.SZ,tucker,"(3, 2, 2)",cn_a,INDUSTRY_C39,-0.5417132580301943,-0.5295169452382201,-0.5417132580301943,0.023032933473587036,1,value_factor,0.49516651034355164,quality_factor,0.4064214825630188,momentum_factor,0.08150589466094971
2020-12-07,300390.SZ,tucker,"(3, 2, 2)",cn_a,INDUSTRY_C39,-0.549597971414847,-0.5372241395585177,-0.549597971414847,0.023032933473587036,1,value_factor,0.49512040615081787,quality_factor,0.4064871668815613,momentum_factor,0.08149931579828262
2020-12-07,300474.SZ,tucker,"(3, 2, 2)",cn_a,INDUSTRY_C39,-0.565338835329411,-0.5526106084180002,-0.565338835329411,0.023032933473587036,1,quality_factor,0.471481055021286,value_factor,0.449456125497818,momentum_factor,0.07499153167009354
2020-12-07,300115.SZ,tucker,"(3, 2, 2)",cn_a,INDUSTRY_C39,-0.576388440358624,-0.56341143895782,-0.576388440358624,0.023032933473587036,2,quality_factor,0.5650300979614258,value_factor,0.3558579683303833,momentum_factor,0.061262037605047226
2020-12-07,300346.SZ,tucker,"(3, 2, 2)",cn_a,INDUSTRY_C39,-0.5794789390470679,-0.5664323571290276,-0.5794789390470679,0.023032933473587036,1,value_factor,0.47193318605422974,quality_factor,0.4394894540309906,momentum_factor,0.07819481939077377
2020-12-07,300223.SZ,tucker,"(3, 2, 2)",cn_a,INDUSTRY_C39,-0.5937576541309402,-0.5803895964637856,-0.5937576541309402,0.023032933473587036,1,quality_factor,0.4693409502506256,value_factor,0.45095980167388916,momentum_factor,0.07520582526922226
2020-12-08,600060.SH,tucker,"(3, 2, 2)",cn_a,INDUSTRY_C39,1.0178501374154556,0.9963856873469267,1.0178501374154556,0.0215422585606575,1,value_factor,0.5436029434204102,quality_factor,0.33748191595077515,momentum_factor,0.08840873837471008
2020-12-08,600707.SH,tucker,"(3, 2, 2)",cn_a,INDUSTRY_C39,0.612869168574471,0.5999449676692074,0.612869168574471,0.0215422585606575,0,quality_factor,0.4896426200866699,value_factor,0.43669596314430237,momentum_factor,0.07317303121089935
2020-12-08,600601.SH,tucker,"(3, 2, 2)",cn_a,INDUSTRY_C39,0.28276027698952755,0.27679742094254955,0.28276027698952755,0.0215422585606575,2,quality_factor,0.7544209957122803,value_factor,0.13278979063034058,volatility_factor,0.09943056106567383
2020-12-08,600363.SH,tucker,"(3, 2, 2)",cn_a,INDUSTRY_C39,0.2582505227475093,0.2528045290329917,0.2582505227475093,0.0215422585606575,0,value_factor,0.5884268879890442,quality_factor,0.27368390560150146,momentum_factor,0.09479676187038422
2020-12-08,600699.SH,tucker,"(3, 2, 2)",cn_a,INDUSTRY_C39,0.2564621991138541,0.25105391761445534,0.2564621991138541,0.0215422585606575,0,value_factor,0.5876687169075012,quality_factor,0.2747631072998047,momentum_factor,0.09468871355056763
2020-12-08,600498.SH,tucker,"(3, 2, 2)",cn_a,INDUSTRY_C39,0.23013960069383252,0.22528641083188755,0.23013960069383252,0.0215422585606575,2,value_factor,0.620552122592926,quality_factor,0.2279600352048874,momentum_factor,0.09937503933906555
2020-12-08,603920.SH,tucker,"(3, 2, 2)",cn_a,INDUSTRY_C39,0.07474272589675979,0.07316654935659597,0.07474272589675979,0.0215422585606575,0,quality_factor,0.8145296573638916,volatility_factor,0.09961748868227005,value_factor,0.08116618543863297
2020-12-08,600884.SH,tucker,"(3, 2, 2)",cn_a,INDUSTRY_C39,-0.00021884008408915755,-0.00021422517872612262,-0.00021884008408915755,0.0215422585606575,2,value_factor,0.49979713559150696,quality_factor,0.3270908296108246,volatility_factor,0.09810163825750351
2020-12-08,600171.SH,tucker,"(3, 2, 2)",cn_a,INDUSTRY_C39,-0.0142869805378305,-0.013985696322098121,-0.0142869805378305,0.0215422585606575,2,value_factor,0.45449650287628174,quality_factor,0.3798372745513916,volatility_factor,0.09826566278934479
2020-12-08,600563.SH,tucker,"(3, 2, 2)",cn_a,INDUSTRY_C39,-0.0355406562827426,-0.03479117400225605,-0.0355406562827426,0.0215422585606575,2,value_factor,0.5766546130180359,quality_factor,0.23760072886943817,volatility_factor,0.09782332926988602
2020-12-08,603228.SH,tucker,"(3, 2, 2)",cn_a,INDUSTRY_C39,-0.0487855296053173,-0.047756739093052857,-0.0487855296053173,0.0215422585606575,2,value_factor,0.6645936369895935,quality_factor,0.13520771265029907,momentum_factor,0.10269378125667572
2020-12-08,002429.SZ,tucker,"(3, 2, 2)",cn_a,INDUSTRY_C39,-0.05543146117788761,-0.05426252108843638,-0.05543146117788761,0.0215422585606575,0,value_factor,0.7171817421913147,momentum_factor,0.11152780055999756,volatility_factor,0.09731447696685791
2020-12-08,601231.SH,tucker,"(3, 2, 2)",cn_a,INDUSTRY_C39,-0.09641432964316288,-0.09438114176172167,-0.09641432964316288,0.0215422585606575,0,value_factor,0.6807406544685364,quality_factor,0.14229370653629303,momentum_factor,0.10795273631811142
2020-12-08,002130.SZ,tucker,"(3, 2, 2)",cn_a,INDUSTRY_C39,-0.13128978278368839,-0.12852114044285795,-0.13128978278368839,0.0215422585606575,0,quality_factor,0.7603549361228943,value_factor,0.12769350409507751,volatility_factor,0.09944901615381241
2020-12-08,688100.SH,tucker,"(3, 2, 2)",cn_a,INDUSTRY_C39,-0.14544755928239841,-0.14238035738396004,-0.14544755928239841,0.0215422585606575,1,value_factor,0.5325686931610107,quality_factor,0.3531869053840637,momentum_factor,0.08683620393276215
2020-12-08,600764.SH,tucker,"(3, 2, 2)",cn_a,INDUSTRY_C39,-0.18178263295952202,-0.17794919608600243,-0.18178263295952202,0.0215422585606575,1,quality_factor,0.49707332253456116,value_factor,0.42958104610443115,momentum_factor,0.07213252782821655
2020-12-08,600118.SH,tucker,"(3, 2, 2)",cn_a,INDUSTRY_C39,-0.18276288299289054,-0.1789087745812707,-0.18276288299289054,0.0215422585606575,2,quality_factor,0.5798631310462952,value_factor,0.3397662937641144,momentum_factor,0.05888931453227997
2020-12-08,002273.SZ,tucker,"(3, 2, 2)",cn_a,INDUSTRY_C39,-0.24349577206603482,-0.23836092691615787,-0.24349577206603482,0.0215422585606575,0,value_factor,0.4845052659511566,quality_factor,0.4215957224369049,momentum_factor,0.07998651266098022
2020-12-08,603160.SH,tucker,"(3, 2, 2)",cn_a,INDUSTRY_C39,-0.24582783392767749,-0.24064381019684258,-0.24582783392767749,0.0215422585606575,2,value_factor,0.6532883644104004,quality_factor,0.1813666671514511,momentum_factor,0.10404040664434433
2020-12-08,002152.SZ,tucker,"(3, 2, 2)",cn_a,INDUSTRY_C39,-0.265388529742694,-0.2597920095517287,-0.265388529742694,0.0215422585606575,0,quality_factor,0.5561118125915527,value_factor,0.3655330240726471,momentum_factor,0.06268862634897232
2020-12-08,605358.SH,tucker,"(3, 2, 2)",cn_a,INDUSTRY_C39,-0.28969457806800925,-0.28358549130023264,-0.28969457806800925,0.0215422585606575,1,value_factor,0.4592410624027252,quality_factor,0.4575541615486145,momentum_factor,0.07638601958751678
2020-12-08,002465.SZ,tucker,"(3, 2, 2)",cn_a,INDUSTRY_C39,-0.31033345962846026,-0.30378913959161963,-0.31033345962846026,0.0215422585606575,2,quality_factor,0.6984654664993286,value_factor,0.21110032498836517,volatility_factor,0.050516705960035324
2020-12-08,002138.SZ,tucker,"(3, 2, 2)",cn_a,INDUSTRY_C39,-0.31561825612132943,-0.30896249015912736,-0.31561825612132943,0.0215422585606575,0,quality_factor,0.47391408681869507,value_factor,0.44774675369262695,momentum_factor,0.07474792748689651
2020-12-08,002436.SZ,tucker,"(3, 2, 2)",cn_a,INDUSTRY_C39,-0.3382063067267308,-0.33107420336814525,-0.3382063067267308,0.0215422585606575,1,value_factor,0.5230933427810669,quality_factor,0.3666732609272003,momentum_factor,0.08548584580421448
2020-12-08,300919.SZ,tucker,"(3, 2, 2)",cn_a,INDUSTRY_C39,-0.3430195588539386,-0.33578595350979157,-0.3430195588539386,0.0215422585606575,1,quality_factor,0.4743565320968628,value_factor,0.4474358558654785,momentum_factor,0.07470361888408661
2020-12-08,688608.SH,tucker,"(3, 2, 2)",cn_a,INDUSTRY_C39,-0.3430195588539386,-0.33578595350979157,-0.3430195588539386,0.0215422585606575,1,quality_factor,0.4743565320968628,value_factor,0.4474358558654785,momentum_factor,0.07470361888408661
2020-12-08,689009.SH,tucker,"(3, 2, 2)",cn_a,INDUSTRY_C39,-0.3430195588539386,-0.33578595350979157,-0.3430195588539386,0.0215422585606575,1,quality_factor,0.4743565320968628,value_factor,0.4474358558654785,momentum_factor,0.07470361888408661
2020-12-08,300073.SZ,tucker,"(3, 2, 2)",cn_a,INDUSTRY_C39,-0.3522198395489166,-0.3447922184471108,-0.3522198395489166,0.0215422585606575,2,value_factor,0.6675048470497131,quality_factor,0.16113218665122986,momentum_factor,0.10606644302606583
2020-12-08,002025.SZ,tucker,"(3, 2, 2)",cn_a,INDUSTRY_C39,-0.3564927098293909,-0.34897498232840785,-0.3564927098293909,0.0215422585606575,0,value_factor,0.5441098809242249,quality_factor,0.3367602825164795,momentum_factor,0.08848099410533905
2020-12-08,002583.SZ,tucker,"(3, 2, 2)",cn_a,INDUSTRY_C39,-0.36935775991609326,-0.3615687339055709,-0.36935775991609326,0.0215422585606575,0,quality_factor,0.5246761441230774,value_factor,0.39963605999946594,momentum_factor,0.06771712750196457
2020-12-08,600435.SH,tucker,"(3, 2, 2)",cn_a,INDUSTRY_C39,-0.37012566137606934,-0.36232044183966405,-0.37012566137606934,0.0215422585606575,2,quality_factor,0.6723928451538086,value_factor,0.23938529193401337,volatility_factor,0.044133760035037994
2020-12-08,002402.SZ,tucker,"(3, 2, 2)",cn_a,INDUSTRY_C39,-0.37061247025913824,-0.36279698488439444,-0.37061247025913824,0.0215422585606575,1,value_factor,0.5300633907318115,quality_factor,0.35675275325775146,momentum_factor,0.08647917211055756
2020-12-08,603659.SH,tucker,"(3, 2, 2)",cn_a,INDUSTRY_C39,-0.37224007303817375,-0.3643902647338573,-0.37224007303817375,0.0215422585606575,1,value_factor,0.5631788372993469,quality_factor,0.3096194565296173,momentum_factor,0.09119857102632523
2020-12-08,603019.SH,tucker,"(3, 2, 2)",cn_a,INDUSTRY_C39,-0.3826669530418447,-0.3745972624218687,-0.3826669530418447,0.0215422585606575,1,value_factor,0.4864295721054077,quality_factor,0.41885676980018616,momentum_factor,0.0802607610821724
2020-12-08,002281.SZ,tucker,"(3, 2, 2)",cn_a,INDUSTRY_C39,-0.38530928496650735,-0.37718387278244586,-0.38530928496650735,0.0215422585606575,1,quality_factor,0.515639066696167,value_factor,0.40943989157676697,momentum_factor,0.06916270405054092
2020-12-08,688981.SH,tucker,"(3, 2, 2)",cn_a,INDUSTRY_C39,-0.3995004732040519,-0.3910757968747683,-0.3995004732040519,0.0215422585606575,1,quality_factor,0.48279905319213867,value_factor,0.44150424003601074,momentum_factor,0.07385828346014023
2020-12-08,688008.SH,tucker,"(3, 2, 2)",cn_a,INDUSTRY_C39,-0.4076726632686559,-0.3990756515835628,-0.4076726632686559,0.0215422585606575,1,value_factor,0.5064432621002197,quality_factor,0.3903712332248688,momentum_factor,0.08311297744512558
2020-12-08,002156.SZ,tucker,"(3, 2, 2)",cn_a,INDUSTRY_C39,-0.4131736026558875,-0.40446058701847676,-0.4131736026558875,0.0215422585606575,2,quality_factor,0.5635426640510559,value_factor,0.35747164487838745,momentum_factor,0.06149997562170029
2020-12-08,300735.SZ,tucker,"(3, 2, 2)",cn_a,INDUSTRY_C39,-0.43021528653580454,-0.42114289542721395,-0.43021528653580454,0.0215422585606575,1,value_factor,0.5533130168914795,quality_factor,0.3236614465713501,momentum_factor,0.08979255706071854
2020-12-08,300570.SZ,tucker,"(3, 2, 2)",cn_a,INDUSTRY_C39,-0.4348668069898656,-0.425696324497427,-0.4348668069898656,0.0215422585606575,1,value_factor,0.4957466125488281,quality_factor,0.4055957794189453,momentum_factor,0.08158855885267258
2020-12-08,603486.SH,tucker,"(3, 2, 2)",cn_a,INDUSTRY_C39,-0.44103519395062607,-0.4317346323541469,-0.44103519395062607,0.0215422585606575,1,value_factor,0.47458624839782715,quality_factor,0.4357132613658905,momentum_factor,0.07857292145490646
2020-12-08,688027.SH,tucker,"(3, 2, 2)",cn_a,INDUSTRY_C39,-0.4491689841346008,-0.43969689695998976,-0.4491689841346008,0.0215422585606575,1,value_factor,0.4594813883304596,quality_factor,0.4572122395038605,momentum_factor,0.07642026990652084
2020-12-08,688002.SH,tucker,"(3, 2, 2)",cn_a,INDUSTRY_C39,-0.45300906583610256,-0.44345599891908044,-0.45300906583610256,0.0215422585606575,1,value_factor,0.495894193649292,quality_factor,0.40538570284843445,momentum_factor,0.08160959184169769
2020-12-08,002185.SZ,tucker,"(3, 2, 2)",cn_a,INDUSTRY_C39,-0.4533783057744456,-0.44381745231603736,-0.4533783057744456,0.0215422585606575,2,quality_factor,0.5550719499588013,value_factor,0.3666611909866333,momentum_factor,0.06285498291254044
2020-12-08,300054.SZ,tucker,"(3, 2, 2)",cn_a,INDUSTRY_C39,-0.45897645455564595,-0.44929754719070153,-0.45897645455564595,0.0215422585606575,1,quality_factor,0.4803449213504791,value_factor,0.44322842359542847,momentum_factor,0.07410400360822678
2020-12-08,002841.SZ,tucker,"(3, 2, 2)",cn_a,INDUSTRY_C39,-0.4658056675169559,-0.45598274553215046,-0.4658056675169559,0.0215422585606575,2,value_factor,0.5804399847984314,quality_factor,0.2850516736507416,momentum_factor,0.09365852922201157
2020-12-08,603290.SH,tucker,"(3, 2, 2)",cn_a,INDUSTRY_C39,-0.48775856608151164,-0.47747270080301574,-0.48775856608151164,0.0215422585606575,1,value_factor,0.5348566174507141,quality_factor,0.3499305248260498,momentum_factor,0.08716227114200592
2020-12-08,603501.SH,tucker,"(3, 2, 2)",cn_a,INDUSTRY_C39,-0.4934316979021467,-0.4830261974728363,-0.4934316979021467,0.0215422585606575,1,value_factor,0.4712013602256775,quality_factor,0.4405311346054077,momentum_factor,0.07809053361415863
2020-12-08,300679.SZ,tucker,"(3, 2, 2)",cn_a,INDUSTRY_C39,-0.49677635428549227,-0.48630032165571574,-0.49677635428549227,0.0215422585606575,2,quality_factor,0.5803489685058594,value_factor,0.33923932909965515,momentum_factor,0.05881161987781525
2020-12-08,300627.SZ,tucker,"(3, 2, 2)",cn_a,INDUSTRY_C39,-0.5052889737331386,-0.49463342676390315,-0.5052889737331386,0.0215422585606575,1,value_factor,0.5105462074279785,quality_factor,0.38453155755996704,momentum_factor,0.08369769901037216
2020-12-08,300136.SZ,tucker,"(3, 2, 2)",cn_a,INDUSTRY_C39,-0.5080282239079403,-0.49731491156004937,-0.5080282239079403,0.0215422585606575,1,value_factor,0.541968822479248,quality_factor,0.3398076593875885,momentum_factor,0.08817584812641144
2020-12-08,300037.SZ,tucker,"(3, 2, 2)",cn_a,INDUSTRY_C39,-0.50928724959927,-0.4985473868849811,-0.50928724959927,0.0215422585606575,1,value_factor,0.4851887822151184,quality_factor,0.4206227660179138,momentum_factor,0.0800839215517044
2020-12-08,600562.SH,tucker,"(3, 2, 2)",cn_a,INDUSTRY_C39,-0.5174792930328354,-0.506566676294378,-0.5174792930328354,0.0215422585606575,2,quality_factor,0.5933765172958374,value_factor,0.32510632276535034,momentum_factor,0.05672769993543625
2020-12-08,688019.SH,tucker,"(3, 2, 2)",cn_a,INDUSTRY_C39,-0.5184580460596978,-0.5075247893520523,-0.5184580460596978,0.0215422585606575,1,value_factor,0.48809608817100525,quality_factor,0.4164848029613495,momentum_factor,0.08049824833869934
2020-12-08,300857.SZ,tucker,"(3, 2, 2)",cn_a,INDUSTRY_C39,-0.5235915309160224,-0.512550019146727,-0.5235915309160224,0.0215422585606575,1,value_factor,0.474573016166687,quality_factor,0.43573230504989624,momentum_factor,0.07857103645801544
2020-12-08,300623.SZ,tucker,"(3, 2, 2)",cn_a,INDUSTRY_C39,-0.5418348856729372,-0.5304086575658747,-0.5418348856729372,0.0215422585606575,1,value_factor,0.4965837001800537,quality_factor,0.4044044315814972,momentum_factor,0.08170785009860992
2020-12-08,002414.SZ,tucker,"(3, 2, 2)",cn_a,INDUSTRY_C39,-0.54297905849421,-0.5315287020410491,-0.54297905849421,0.0215422585606575,1,value_factor,0.4948345422744751,quality_factor,0.4068939685821533,momentum_factor,0.08145857602357864
2020-12-08,300458.SZ,tucker,"(3, 2, 2)",cn_a,INDUSTRY_C39,-0.5442231659825584,-0.5327465737584505,-0.5442231659825584,0.0215422585606575,1,quality_factor,0.5174394249916077,value_factor,0.40748682618141174,momentum_factor,0.06887472420930862
2020-12-08,300373.SZ,tucker,"(3, 2, 2)",cn_a,INDUSTRY_C39,-0.544649932165788,-0.5331643402853514,-0.544649932165788,0.0215422585606575,1,value_factor,0.47702208161354065,quality_factor,0.4322464168071747,momentum_factor,0.07892005890607834
2020-12-08,300390.SZ,tucker,"(3, 2, 2)",cn_a,INDUSTRY_C39,-0.5533262634576961,-0.5416577048781872,-0.5533262634576961,0.0215422585606575,1,value_factor,0.4946249723434448,quality_factor,0.40719231963157654,momentum_factor,0.08142870664596558
2020-12-08,300474.SZ,tucker,"(3, 2, 2)",cn_a,INDUSTRY_C39,-0.5675380722548136,-0.555569814683188,-0.5675380722548136,0.0215422585606575,1,quality_factor,0.47043731808662415,value_factor,0.4501895308494568,momentum_factor,0.07509604841470718
2020-12-08,300346.SZ,tucker,"(3, 2, 2)",cn_a,INDUSTRY_C39,-0.5791475488422456,-0.5669344703275631,-0.5791475488422456,0.0215422585606575,1,value_factor,0.4721721410751343,quality_factor,0.4391493797302246,momentum_factor,0.07822887599468231
2020-12-08,300115.SZ,tucker,"(3, 2, 2)",cn_a,INDUSTRY_C39,-0.5795658513545541,-0.5673439516656545,-0.5795658513545541,0.0215422585606575,2,quality_factor,0.5617138147354126,value_factor,0.35945573449134827,momentum_factor,0.061792533844709396
2020-12-08,300223.SZ,tucker,"(3, 2, 2)",cn_a,INDUSTRY_C39,-0.5920938468473435,-0.5796077564649136,-0.5920938468473435,0.0215422585606575,1,quality_factor,0.46839404106140137,value_factor,0.4516250789165497,momentum_factor,0.07530064135789871
2020-12-09,600060.SH,tucker,"(3, 2, 2)",cn_a,INDUSTRY_C39,1.02259209962587,1.0094783759823378,1.02259209962587,0.012990548275411129,1,value_factor,0.5439678430557251,quality_factor,0.33696258068084717,momentum_factor,0.08846073597669601
2020-12-09,600707.SH,tucker,"(3, 2, 2)",cn_a,INDUSTRY_C39,0.6250217172918606,0.6170064372258693,0.6250217172918606,0.012990548275411129,0,quality_factor,0.48985424637794495,value_factor,0.43654727935791016,momentum_factor,0.0731518492102623
2020-12-09,600601.SH,tucker,"(3, 2, 2)",cn_a,INDUSTRY_C39,0.29285834759030194,0.28910273140824283,0.29285834759030194,0.012990548275411129,2,quality_factor,0.7647018432617188,value_factor,0.12396016716957092,volatility_factor,0.09946252405643463
2020-12-09,600699.SH,tucker,"(3, 2, 2)",cn_a,INDUSTRY_C39,0.2646417317914954,0.26124796556102176,0.2646417317914954,0.012990548275411129,0,value_factor,0.5852664113044739,quality_factor,0.2781822383403778,momentum_factor,0.09434635192155838
2020-12-09,600363.SH,tucker,"(3, 2, 2)",cn_a,INDUSTRY_C39,0.2633530319414401,0.25997579200106713,0.2633530319414401,0.012990548275411129,0,value_factor,0.5873607397079468,quality_factor,0.27520135045051575,momentum_factor,0.09464482963085175
2020-12-09,600498.SH,tucker,"(3, 2, 2)",cn_a,INDUSTRY_C39,0.23260853963144915,0.22962556713736432,0.23260853963144915,0.012990548275411129,2,value_factor,0.6205540895462036,quality_factor,0.22795730829238892,momentum_factor,0.09937532991170883
2020-12-09,603920.SH,tucker,"(3, 2, 2)",cn_a,INDUSTRY_C39,0.08019356360359678,0.07916516114334665,0.08019356360359678,0.012990548275411129,0,quality_factor,0.8456740975379944,volatility_factor,0.09971434623003006,value_factor,0.05441813915967941
2020-12-09,600884.SH,tucker,"(3, 2, 2)",cn_a,INDUSTRY_C39,0.0053765816368369435,0.00530763234047707,0.0053765816368369435,0.012990548275411129,2,value_factor,0.5049197673797607,quality_factor,0.3211262822151184,volatility_factor,0.09808308631181717
2020-12-09,600171.SH,tucker,"(3, 2, 2)",cn_a,INDUSTRY_C39,-0.012941820744078984,-0.012775854802484015,-0.012941820744078984,0.012990548275411129,2,value_factor,0.4593152403831482,quality_factor,0.37422648072242737,volatility_factor,0.09824822098016739
2020-12-09,600563.SH,tucker,"(3, 2, 2)",cn_a,INDUSTRY_C39,-0.030272141837339454,-0.02988393181469414,-0.030272141837339454,0.012990548275411129,2,value_factor,0.5646541118621826,quality_factor,0.25157368183135986,volatility_factor,0.09786678105592728
2020-12-09,603228.SH,tucker,"(3, 2, 2)",cn_a,INDUSTRY_C39,-0.04468639317640956,-0.044113334758535946,-0.04468639317640956,0.012990548275411129,2,value_factor,0.649411141872406,quality_factor,0.15288569033145905,momentum_factor,0.10014335066080093
2020-12-09,002429.SZ,tucker,"(3, 2, 2)",cn_a,INDUSTRY_C39,-0.044848454162831904,-0.04427331747446303,-0.044848454162831904,0.012990548275411129,0,value_factor,0.67502760887146,quality_factor,0.12305871397256851,momentum_factor,0.10444653034210205
2020-12-09,601231.SH,tucker,"(3, 2, 2)",cn_a,INDUSTRY_C39,-0.09167751136223054,-0.09050183872719754,-0.09167751136223054,0.012990548275411129,0,value_factor,0.6916202902793884,quality_factor,0.1268087774515152,momentum_factor,0.10950322449207306
2020-12-09,002130.SZ,tucker,"(3, 2, 2)",cn_a,INDUSTRY_C39,-0.12304858587565468,-0.12147061050258937,-0.12304858587565468,0.012990548275411129,0,quality_factor,0.7260079383850098,value_factor,0.1571919471025467,volatility_factor,0.09934218972921371
2020-12-09,688100.SH,tucker,"(3, 2, 2)",cn_a,INDUSTRY_C39,-0.14477409104527472,-0.14291750773956963,-0.14477409104527472,0.012990548275411129,1,value_factor,0.533524215221405,quality_factor,0.35182687640190125,momentum_factor,0.08697238564491272
2020-12-09,600764.SH,tucker,"(3, 2, 2)",cn_a,INDUSTRY_C39,-0.1801843534432913,-0.1778736688440182,-0.1801843534432913,0.012990548275411129,1,quality_factor,0.4980354607105255,value_factor,0.4285372793674469,momentum_factor,0.0719786211848259
2020-12-09,600118.SH,tucker,"(3, 2, 2)",cn_a,INDUSTRY_C39,-0.18380814398230125,-0.18145098788409125,-0.18380814398230125,0.012990548275411129,2,quality_factor,0.5809746384620667,value_factor,0.3385605216026306,momentum_factor,0.05871153250336647
2020-12-09,002273.SZ,tucker,"(3, 2, 2)",cn_a,INDUSTRY_C39,-0.2389972709080217,-0.23593236930806522,-0.2389972709080217,0.012990548275411129,0,value_factor,0.4851105809211731,quality_factor,0.42073407769203186,momentum_factor,0.080072782933712
2020-12-09,603160.SH,tucker,"(3, 2, 2)",cn_a,INDUSTRY_C39,-0.24495603280048206,-0.2418147160231113,-0.24495603280048206,0.012990548275411129,2,value_factor,0.6555961966514587,quality_factor,0.17808181047439575,momentum_factor,0.10436929762363434
2020-12-09,002152.SZ,tucker,"(3, 2, 2)",cn_a,INDUSTRY_C39,-0.2597984611935037,-0.2564668050772937,-0.2597984611935037,0.012990548275411129,0,quality_factor,0.5595635175704956,value_factor,0.36178839206695557,momentum_factor,0.062136486172676086
2020-12-09,605358.SH,tucker,"(3, 2, 2)",cn_a,INDUSTRY_C39,-0.2874655875735242,-0.2837791281594098,-0.2874655875735242,0.012990548275411129,1,value_factor,0.4590299725532532,quality_factor,0.45785465836524963,momentum_factor,0.0763559341430664
2020-12-09,002465.SZ,tucker,"(3, 2, 2)",cn_a,INDUSTRY_C39,-0.30652840571714535,-0.3025974846754731,-0.30652840571714535,0.012990548275411129,2,quality_factor,0.7050750255584717,value_factor,0.20392999053001404,volatility_factor,0.05213480815291405
2020-12-09,002138.SZ,tucker,"(3, 2, 2)",cn_a,INDUSTRY_C39,-0.31216219046035854,-0.30815902174904686,-0.31216219046035854,0.012990548275411129,0,quality_factor,0.474592000246048,value_factor,0.44727039337158203,momentum_factor,0.07468003779649734
2020-12-09,002436.SZ,tucker,"(3, 2, 2)",cn_a,INDUSTRY_C39,-0.3363340313988357,-0.3320208829388651,-0.3363340313988357,0.012990548275411129,1,value_factor,0.5239654183387756,quality_factor,0.3654319941997528,momentum_factor,0.08561012148857117
2020-12-09,300919.SZ,tucker,"(3, 2, 2)",cn_a,INDUSTRY_C39,-0.34090126027331047,-0.3365295416588291,-0.34090126027331047,0.012990548275411129,1,quality_factor,0.47498661279678345,value_factor,0.4469931423664093,momentum_factor,0.07464052736759186
2020-12-09,688608.SH,tucker,"(3, 2, 2)",cn_a,INDUSTRY_C39,-0.34090126027331047,-0.3365295416588291,-0.34090126027331047,0.012990548275411129,1,quality_factor,0.47498661279678345,value_factor,0.4469931423664093,momentum_factor,0.07464052736759186
2020-12-09,689009.SH,tucker,"(3, 2, 2)",cn_a,INDUSTRY_C39,-0.34090126027331047,-0.3365295416588291,-0.34090126027331047,0.012990548275411129,1,quality_factor,0.47498661279678345,value_factor,0.4469931423664093,momentum_factor,0.07464052736759186
2020-12-09,300073.SZ,tucker,"(3, 2, 2)",cn_a,INDUSTRY_C39,-0.34451675498029866,-0.340098671252651,-0.34451675498029866,0.012990548275411129,2,value_factor,0.6730833053588867,quality_factor,0.1531924605369568,momentum_factor,0.10686144977807999
2020-12-09,002025.SZ,tucker,"(3, 2, 2)",cn_a,INDUSTRY_C39,-0.3511220622637689,-0.3466192720589954,-0.3511220622637689,0.012990548275411129,0,value_factor,0.5460975170135498,quality_factor,0.33393141627311707,momentum_factor,0.0887642502784729
2020-12-09,002583.SZ,tucker,"(3, 2, 2)",cn_a,INDUSTRY_C39,-0.3607566786953416,-0.3561303341453494,-0.3607566786953416,0.012990548275411129,0,quality_factor,0.5271276235580444,value_factor,0.3969765603542328,momentum_factor,0.06732498854398727
2020-12-09,002402.SZ,tucker,"(3, 2, 2)",cn_a,INDUSTRY_C39,-0.36798268337733664,-0.36326367252522723,-0.36798268337733664,0.012990548275411129,1,value_factor,0.531154990196228,quality_factor,0.35519903898239136,momentum_factor,0.08663473278284073
2020-12-09,600435.SH,tucker,"(3, 2, 2)",cn_a,INDUSTRY_C39,-0.37102061946892356,-0.3662626501167765,-0.37102061946892356,0.012990548275411129,2,quality_factor,0.6749268174171448,value_factor,0.23663626611232758,volatility_factor,0.04475411772727966
2020-12-09,603659.SH,tucker,"(3, 2, 2)",cn_a,INDUSTRY_C39,-0.37143108693306687,-0.3666678537451329,-0.37143108693306687,0.012990548275411129,1,value_factor,0.5643308162689209,quality_factor,0.307979941368103,momentum_factor,0.09136273711919785
2020-12-09,603019.SH,tucker,"(3, 2, 2)",cn_a,INDUSTRY_C39,-0.38247603589643403,-0.3775711622553658,-0.38247603589643403,0.012990548275411129,1,value_factor,0.4865413010120392,quality_factor,0.41869768500328064,momentum_factor,0.08027667552232742
2020-12-09,002281.SZ,tucker,"(3, 2, 2)",cn_a,INDUSTRY_C39,-0.3833060824121962,-0.3783905642525336,-0.3833060824121962,0.012990548275411129,1,quality_factor,0.516831636428833,value_factor,0.4081461429595947,momentum_factor,0.06897194683551788
2020-12-09,688981.SH,tucker,"(3, 2, 2)",cn_a,INDUSTRY_C39,-0.39759105117124416,-0.3924923425364828,-0.39759105117124416,0.012990548275411129,1,quality_factor,0.4835642874240875,value_factor,0.44096648693084717,momentum_factor,0.07378164678812027
2020-12-09,688008.SH,tucker,"(3, 2, 2)",cn_a,INDUSTRY_C39,-0.40835353608769737,-0.40311680931944593,-0.40835353608769737,0.012990548275411129,1,value_factor,0.5066936612129211,quality_factor,0.39001497626304626,momentum_factor,0.08314865827560425
2020-12-09,002156.SZ,tucker,"(3, 2, 2)",cn_a,INDUSTRY_C39,-0.4119917703555706,-0.40670838686196725,-0.4119917703555706,0.012990548275411129,2,quality_factor,0.5653946399688721,value_factor,0.35546252131462097,momentum_factor,0.0612037293612957
2020-12-09,300735.SZ,tucker,"(3, 2, 2)",cn_a,INDUSTRY_C39,-0.4268313122166171,-0.4213576264010678,-0.4268313122166171,0.012990548275411129,1,value_factor,0.5548579692840576,quality_factor,0.321462482213974,momentum_factor,0.09001273661851883
2020-12-09,300570.SZ,tucker,"(3, 2, 2)",cn_a,INDUSTRY_C39,-0.43059272495146955,-0.42507080276959963,-0.43059272495146955,0.012990548275411129,1,value_factor,0.49633926153182983,quality_factor,0.40475228428840637,momentum_factor,0.0816730186343193
2020-12-09,603486.SH,tucker,"(3, 2, 2)",cn_a,INDUSTRY_C39,-0.43969864221306715,-0.4340599457254568,-0.43969864221306715,0.012990548275411129,1,value_factor,0.47459620237350464,quality_factor,0.4356991946697235,momentum_factor,0.07857433706521988
2020-12-09,688027.SH,tucker,"(3, 2, 2)",cn_a,INDUSTRY_C39,-0.44751790240571876,-0.4417789317058386,-0.44751790240571876,0.012990548275411129,1,value_factor,0.4592597782611847,quality_factor,0.4575275480747223,momentum_factor,0.07638867944478989
2020-12-09,002185.SZ,tucker,"(3, 2, 2)",cn_a,INDUSTRY_C39,-0.4522990858839065,-0.4464988012751423,-0.4522990858839065,0.012990548275411129,2,quality_factor,0.5567408800125122,value_factor,0.36485058069229126,momentum_factor,0.06258800625801086
2020-12-09,688002.SH,tucker,"(3, 2, 2)",cn_a,INDUSTRY_C39,-0.4528732405282858,-0.4470655929589259,-0.4528732405282858,0.012990548275411129,1,value_factor,0.49611490964889526,quality_factor,0.4050716161727905,momentum_factor,0.08164104074239731
2020-12-09,300054.SZ,tucker,"(3, 2, 2)",cn_a,INDUSTRY_C39,-0.4548276178730975,-0.448994907363779,-0.4548276178730975,0.012990548275411129,1,quality_factor,0.4811446964740753,value_factor,0.44266650080680847,momentum_factor,0.07402391731739044
2020-12-09,002841.SZ,tucker,"(3, 2, 2)",cn_a,INDUSTRY_C39,-0.4637088337345134,-0.45776223049077247,-0.4637088337345134,0.012990548275411129,2,value_factor,0.5820478200912476,quality_factor,0.28276336193084717,momentum_factor,0.09388765692710876
2020-12-09,603290.SH,tucker,"(3, 2, 2)",cn_a,INDUSTRY_C39,-0.4893541065535249,-0.48307862826700343,-0.4893541065535249,0.012990548275411129,1,value_factor,0.5352638363838196,quality_factor,0.3493509292602539,momentum_factor,0.08722029626369476
2020-12-09,300679.SZ,tucker,"(3, 2, 2)",cn_a,INDUSTRY_C39,-0.4936371773921706,-0.4873067729945006,-0.4936371773921706,0.012990548275411129,2,quality_factor,0.5828937888145447,value_factor,0.3364785611629486,momentum_factor,0.05840454250574112
2020-12-09,603501.SH,tucker,"(3, 2, 2)",cn_a,INDUSTRY_C39,-0.4953337099025085,-0.4889815491676822,-0.4953337099025085,0.012990548275411129,1,value_factor,0.47105345129966736,quality_factor,0.4407415986061096,momentum_factor,0.07806944102048874
2020-12-09,300627.SZ,tucker,"(3, 2, 2)",cn_a,INDUSTRY_C39,-0.5036754910965275,-0.4972163553388029,-0.5036754910965275,0.012990548275411129,1,value_factor,0.5110922455787659,quality_factor,0.3837544620037079,momentum_factor,0.08377551287412643
2020-12-09,300136.SZ,tucker,"(3, 2, 2)",cn_a,INDUSTRY_C39,-0.5064265063784066,-0.4999320915938257,-0.5064265063784066,0.012990548275411129,1,value_factor,0.5429432988166809,quality_factor,0.3384208083152771,momentum_factor,0.0883147269487381
2020-12-09,300037.SZ,tucker,"(3, 2, 2)",cn_a,INDUSTRY_C39,-0.5069786033654682,-0.5004771084877442,-0.5069786033654682,0.012990548275411129,1,value_factor,0.48540231585502625,quality_factor,0.4203189015388489,momentum_factor,0.08011434972286224
2020-12-09,600562.SH,tucker,"(3, 2, 2)",cn_a,INDUSTRY_C39,-0.5178977825954785,-0.5112562601359953,-0.5178977825954785,0.012990548275411129,2,quality_factor,0.5952355265617371,value_factor,0.323089599609375,momentum_factor,0.05643033608794212
2020-12-09,688019.SH,tucker,"(3, 2, 2)",cn_a,INDUSTRY_C39,-0.5195830371413701,-0.512919902973375,-0.5195830371413701,0.012990548275411129,1,value_factor,0.488144189119339,quality_factor,0.41641637682914734,momentum_factor,0.08050511032342911
2020-12-09,300857.SZ,tucker,"(3, 2, 2)",cn_a,INDUSTRY_C39,-0.5216948029860572,-0.5150045875275874,-0.5216948029860572,0.012990548275411129,1,value_factor,0.47459378838539124,quality_factor,0.4357025623321533,momentum_factor,0.07857399433851242
2020-12-09,300623.SZ,tucker,"(3, 2, 2)",cn_a,INDUSTRY_C39,-0.54071730553796,-0.5337831454591814,-0.54071730553796,0.012990548275411129,1,value_factor,0.4968826472759247,quality_factor,0.4039788842201233,momentum_factor,0.08175045251846313
2020-12-09,300458.SZ,tucker,"(3, 2, 2)",cn_a,INDUSTRY_C39,-0.5428923175011425,-0.5359302650635074,-0.5428923175011425,0.012990548275411129,1,quality_factor,0.5185235142707825,value_factor,0.4063107371330261,momentum_factor,0.06870131194591522
2020-12-09,300373.SZ,tucker,"(3, 2, 2)",cn_a,INDUSTRY_C39,-0.5430446942623182,-0.5360806877447165,-0.5430446942623182,0.012990548275411129,1,value_factor,0.4770672619342804,quality_factor,0.4321821928024292,momentum_factor,0.07892650365829468
2020-12-09,002414.SZ,tucker,"(3, 2, 2)",cn_a,INDUSTRY_C39,-0.5435009361048084,-0.5365310787406775,-0.5435009361048084,0.012990548275411129,1,value_factor,0.4949946105480194,quality_factor,0.4066661298274994,momentum_factor,0.08148138970136642
2020-12-09,300390.SZ,tucker,"(3, 2, 2)",cn_a,INDUSTRY_C39,-0.5526786468374314,-0.545591094487908,-0.5526786468374314,0.012990548275411129,1,value_factor,0.4948633313179016,quality_factor,0.4068530201911926,momentum_factor,0.08146267384290695
2020-12-09,300474.SZ,tucker,"(3, 2, 2)",cn_a,INDUSTRY_C39,-0.5676597442836505,-0.5603800743030029,-0.5676597442836505,0.012990548275411129,1,quality_factor,0.47093987464904785,value_factor,0.4498363435268402,momentum_factor,0.07504571974277496
2020-12-09,300115.SZ,tucker,"(3, 2, 2)",cn_a,INDUSTRY_C39,-0.5792395036627678,-0.5718113348188765,-0.5792395036627678,0.012990548275411129,2,quality_factor,0.5633090138435364,value_factor,0.3577251434326172,momentum_factor,0.061537351459264755
2020-12-09,300346.SZ,tucker,"(3, 2, 2)",cn_a,INDUSTRY_C39,-0.580517534184339,-0.5730729758738422,-0.580517534184339,0.012990548275411129,1,value_factor,0.4720568060874939,quality_factor,0.43931353092193604,momentum_factor,0.0782124325633049
2020-12-09,300223.SZ,tucker,"(3, 2, 2)",cn_a,INDUSTRY_C39,-0.594135363710304,-0.5865161703199022,-0.594135363710304,0.012990548275411129,1,quality_factor,0.46885162591934204,value_factor,0.4513036012649536,momentum_factor,0.07525482773780823
2020-12-10,600060.SH,tucker,"(3, 2, 2)",cn_a,INDUSTRY_C39,1.0172385345681643,1.0133636779371817,1.0172385345681643,0.0038237764965742826,1,value_factor,0.5440642237663269,quality_factor,0.3368254005908966,momentum_factor,0.08847447484731674
2020-12-10,600707.SH,tucker,"(3, 2, 2)",cn_a,INDUSTRY_C39,0.6241942655282754,0.6218165898832702,0.6241942655282754,0.0038237764965742826,0,quality_factor,0.4899091422557831,value_factor,0.4365087151527405,momentum_factor,0.07314635068178177
2020-12-10,600601.SH,tucker,"(3, 2, 2)",cn_a,INDUSTRY_C39,0.2936340365559027,0.2925155282071074,0.2936340365559027,0.0038237764965742826,2,quality_factor,0.7673965096473694,value_factor,0.12164582312107086,volatility_factor,0.09947090595960617
2020-12-10,600699.SH,tucker,"(3, 2, 2)",cn_a,INDUSTRY_C39,0.2650928814313066,0.2640830918150723,0.2650928814313066,0.0038237764965742826,0,value_factor,0.5846503376960754,quality_factor,0.27905914187431335,momentum_factor,0.09425853937864304
2020-12-10,600363.SH,tucker,"(3, 2, 2)",cn_a,INDUSTRY_C39,0.26299963782554037,0.26199782177557435,0.26299963782554037,0.0038237764965742826,0,value_factor,0.5870837569236755,quality_factor,0.27559560537338257,momentum_factor,0.09460534900426865
2020-12-10,600498.SH,tucker,"(3, 2, 2)",cn_a,INDUSTRY_C39,0.23175804421968518,0.23087523339025723,0.23175804421968518,0.0038237764965742826,2,value_factor,0.6205545663833618,quality_factor,0.22795657813549042,momentum_factor,0.0993753969669342
2020-12-10,603920.SH,tucker,"(3, 2, 2)",cn_a,INDUSTRY_C39,0.08111545671174425,0.08080647238345383,0.08111545671174425,0.0038237764965742826,0,quality_factor,0.8521818518638611,volatility_factor,0.0995430126786232,value_factor,0.047288455069065094
2020-12-10,600884.SH,tucker,"(3, 2, 2)",cn_a,INDUSTRY_C39,0.006820011363789954,0.006794032632786044,0.006820011363789954,0.0038237764965742826,2,value_factor,0.506259560585022,quality_factor,0.3195662200450897,volatility_factor,0.09807823598384857
2020-12-10,600171.SH,tucker,"(3, 2, 2)",cn_a,INDUSTRY_C39,-0.012502856448368054,-0.012455230670766395,-0.012502856448368054,0.0038237764965742826,2,value_factor,0.46057552099227905,quality_factor,0.37275901436805725,volatility_factor,0.09824364632368088
2020-12-10,600563.SH,tucker,"(3, 2, 2)",cn_a,INDUSTRY_C39,-0.02868477046852974,-0.02857550467758585,-0.02868477046852974,0.0038237764965742826,2,value_factor,0.5615026354789734,quality_factor,0.255243182182312,volatility_factor,0.09787819534540176
2020-12-10,002429.SZ,tucker,"(3, 2, 2)",cn_a,INDUSTRY_C39,-0.04176296521615273,-0.04160388207370571,-0.04176296521615273,0.0038237764965742826,0,value_factor,0.6638748049736023,quality_factor,0.13604463636875153,momentum_factor,0.10257302969694138
2020-12-10,603228.SH,tucker,"(3, 2, 2)",cn_a,INDUSTRY_C39,-0.04331482029890464,-0.043149825842883294,-0.04331482029890464,0.0038237764965742826,2,value_factor,0.6454199552536011,quality_factor,0.15753284096717834,momentum_factor,0.09947288036346436
2020-12-10,601231.SH,tucker,"(3, 2, 2)",cn_a,INDUSTRY_C39,-0.08983390216474549,-0.08949170760598561,-0.08983390216474549,0.0038237764965742826,0,value_factor,0.6946486830711365,quality_factor,0.12249843031167984,momentum_factor,0.10993482172489166
2020-12-10,002130.SZ,tucker,"(3, 2, 2)",cn_a,INDUSTRY_C39,-0.1200765444218735,-0.11961914983980915,-0.1200765444218735,0.0038237764965742826,0,quality_factor,0.7170775532722473,value_factor,0.1648617833852768,volatility_factor,0.09931442886590958
2020-12-10,688100.SH,tucker,"(3, 2, 2)",cn_a,INDUSTRY_C39,-0.14366089205078558,-0.1431136601663661,-0.14366089205078558,0.0038237764965742826,1,value_factor,0.5337794423103333,quality_factor,0.35146364569664,momentum_factor,0.0870087593793869
2020-12-10,600764.SH,tucker,"(3, 2, 2)",cn_a,INDUSTRY_C39,-0.17859808202166763,-0.1779177676815348,-0.17859808202166763,0.0038237764965742826,1,quality_factor,0.49829426407814026,value_factor,0.42825648188591003,momentum_factor,0.07193721830844879
2020-12-10,600118.SH,tucker,"(3, 2, 2)",cn_a,INDUSTRY_C39,-0.18289681602354535,-0.18220012698132845,-0.18289681602354535,0.0038237764965742826,2,quality_factor,0.5812681913375854,value_factor,0.3382420539855957,momentum_factor,0.05866456776857376
2020-12-10,002273.SZ,tucker,"(3, 2, 2)",cn_a,INDUSTRY_C39,-0.2362648867503344,-0.23536490849353203,-0.2362648867503344,0.0038237764965742826,0,value_factor,0.4852753281593323,quality_factor,0.42049968242645264,momentum_factor,0.08009625971317291
2020-12-10,603160.SH,tucker,"(3, 2, 2)",cn_a,INDUSTRY_C39,-0.24314323249850417,-0.2422170533038423,-0.24314323249850417,0.0038237764965742826,2,value_factor,0.6562103629112244,quality_factor,0.17720770835876465,momentum_factor,0.104456827044487
2020-12-10,002152.SZ,tucker,"(3, 2, 2)",cn_a,INDUSTRY_C39,-0.25664333121710037,-0.255665727557811,-0.25664333121710037,0.0038237764965742826,0,quality_factor,0.5605079531669617,value_factor,0.360763818025589,momentum_factor,0.061985403299331665
2020-12-10,605358.SH,tucker,"(3, 2, 2)",cn_a,INDUSTRY_C39,-0.2850196281889883,-0.2839339337734527,-0.2850196281889883,0.0038237764965742826,1,value_factor,0.4589731991291046,quality_factor,0.4579353630542755,momentum_factor,0.07634784281253815
2020-12-10,002465.SZ,tucker,"(3, 2, 2)",cn_a,INDUSTRY_C39,-0.30354293976221647,-0.3023866865011022,-0.30354293976221647,0.0038237764965742826,2,quality_factor,0.7068653106689453,value_factor,0.20198771357536316,volatility_factor,0.052573103457689285
2020-12-10,002138.SZ,tucker,"(3, 2, 2)",cn_a,INDUSTRY_C39,-0.30923252205130086,-0.308054596080285,-0.30923252205130086,0.0038237764965742826,0,quality_factor,0.47477495670318604,value_factor,0.4471418857574463,momentum_factor,0.0746617242693901
2020-12-10,002436.SZ,tucker,"(3, 2, 2)",cn_a,INDUSTRY_C39,-0.3336666012748126,-0.33239560121086403,-0.3336666012748126,0.0038237764965742826,1,value_factor,0.5241986513137817,quality_factor,0.36510005593299866,momentum_factor,0.08564335852861404
2020-12-10,300919.SZ,tucker,"(3, 2, 2)",cn_a,INDUSTRY_C39,-0.33813933149847336,-0.3368512939474686,-0.33813933149847336,0.0038237764965742826,1,quality_factor,0.4751555919647217,value_factor,0.4468744695186615,momentum_factor,0.07462361454963684
2020-12-10,688608.SH,tucker,"(3, 2, 2)",cn_a,INDUSTRY_C39,-0.33813933149847336,-0.3368512939474686,-0.33813933149847336,0.0038237764965742826,1,quality_factor,0.4751555919647217,value_factor,0.4468744695186615,momentum_factor,0.07462361454963684
2020-12-10,689009.SH,tucker,"(3, 2, 2)",cn_a,INDUSTRY_C39,-0.33813933149847336,-0.3368512939474686,-0.33813933149847336,0.0038237764965742826,1,quality_factor,0.4751555919647217,value_factor,0.4468744695186615,momentum_factor,0.07462361454963684
2020-12-10,300073.SZ,tucker,"(3, 2, 2)",cn_a,INDUSTRY_C39,-0.3402561145116679,-0.3389600137282783,-0.3402561145116679,0.0038237764965742826,2,value_factor,0.6745948195457458,quality_factor,0.15104107558727264,momentum_factor,0.10707686096429825
2020-12-10,002025.SZ,tucker,"(3, 2, 2)",cn_a,INDUSTRY_C39,-0.34743491830704826,-0.3461114720834853,-0.34743491830704826,0.0038237764965742826,0,value_factor,0.5466347336769104,quality_factor,0.33316677808761597,momentum_factor,0.08884081244468689
2020-12-10,002583.SZ,tucker,"(3, 2, 2)",cn_a,INDUSTRY_C39,-0.3561538959575687,-0.3547972374762939,-0.3561538959575687,0.0038237764965742826,0,quality_factor,0.5278000235557556,value_factor,0.39624711871147156,momentum_factor,0.06721743196249008
2020-12-10,002402.SZ,tucker,"(3, 2, 2)",cn_a,INDUSTRY_C39,-0.3649106782297262,-0.36352066348568685,-0.3649106782297262,0.0038237764965742826,1,value_factor,0.5314474701881409,quality_factor,0.3547828197479248,momentum_factor,0.08667641133069992
2020-12-10,603659.SH,tucker,"(3, 2, 2)",cn_a,INDUSTRY_C39,-0.36881781197566577,-0.36741291421000544,-0.36881781197566577,0.0038237764965742826,1,value_factor,0.5646374225616455,quality_factor,0.30754348635673523,momentum_factor,0.0914064347743988
2020-12-10,600435.SH,tucker,"(3, 2, 2)",cn_a,INDUSTRY_C39,-0.36886013377250004,-0.3674550747950005,-0.36886013377250004,0.0038237764965742826,2,quality_factor,0.6755992770195007,value_factor,0.23590673506259918,volatility_factor,0.04491874948143959
2020-12-10,603019.SH,tucker,"(3, 2, 2)",cn_a,INDUSTRY_C39,-0.37995468474622773,-0.3785073644967183,-0.37995468474622773,0.0038237764965742826,1,value_factor,0.4865710735321045,quality_factor,0.4186553955078125,momentum_factor,0.08028092235326767
2020-12-10,002281.SZ,tucker,"(3, 2, 2)",cn_a,INDUSTRY_C39,-0.3803006104723796,-0.37885197252544894,-0.3803006104723796,0.0038237764965742826,1,quality_factor,0.5171510577201843,value_factor,0.40779969096183777,momentum_factor,0.06892086565494537
2020-12-10,688981.SH,tucker,"(3, 2, 2)",cn_a,INDUSTRY_C39,-0.394518068189639,-0.3930152732201032,-0.394518068189639,0.0038237764965742826,1,quality_factor,0.4837692081928253,value_factor,0.44082263112068176,momentum_factor,0.07376114279031754
2020-12-10,688008.SH,tucker,"(3, 2, 2)",cn_a,INDUSTRY_C39,-0.40589531224185826,-0.4043491791681709,-0.40589531224185826,0.0038237764965742826,1,value_factor,0.5067600011825562,quality_factor,0.3899204730987549,momentum_factor,0.08315812051296234
2020-12-10,002156.SZ,tucker,"(3, 2, 2)",cn_a,INDUSTRY_C39,-0.40901796437208743,-0.4074599365176757,-0.40901796437208743,0.0038237764965742826,2,quality_factor,0.5658892393112183,value_factor,0.35492590069770813,momentum_factor,0.06112460792064667
2020-12-10,300735.SZ,tucker,"(3, 2, 2)",cn_a,INDUSTRY_C39,-0.4231798897602394,-0.4215679164165123,-0.4231798897602394,0.0038237764965742826,1,value_factor,0.5552720427513123,quality_factor,0.3208732008934021,momentum_factor,0.09007173776626587
2020-12-10,300570.SZ,tucker,"(3, 2, 2)",cn_a,INDUSTRY_C39,-0.4266818593926621,-0.42505654637511164,-0.4266818593926621,0.0038237764965742826,1,value_factor,0.4964987337589264,quality_factor,0.40452536940574646,momentum_factor,0.08169575035572052
2020-12-10,603486.SH,tucker,"(3, 2, 2)",cn_a,INDUSTRY_C39,-0.4365049682675961,-0.4348422371447857,-0.4365049682675961,0.0038237764965742826,1,value_factor,0.47459882497787476,quality_factor,0.43569543957710266,momentum_factor,0.07857471704483032
2020-12-10,688027.SH,tucker,"(3, 2, 2)",cn_a,INDUSTRY_C39,-0.44419062297197515,-0.44249861571669175,-0.44419062297197515,0.0038237764965742826,1,value_factor,0.45920056104660034,quality_factor,0.4576118290424347,momentum_factor,0.07638024538755417
2020-12-10,002185.SZ,tucker,"(3, 2, 2)",cn_a,INDUSTRY_C39,-0.4490919894446013,-0.4473813119445995,-0.4490919894446013,0.0038237764965742826,2,quality_factor,0.5571863055229187,value_factor,0.3643673062324524,momentum_factor,0.06251674145460129
2020-12-10,688002.SH,tucker,"(3, 2, 2)",cn_a,INDUSTRY_C39,-0.4499116550549145,-0.4481978552914343,-0.4499116550549145,0.0038237764965742826,1,value_factor,0.496173620223999,quality_factor,0.4049881100654602,momentum_factor,0.08164941519498825
2020-12-10,300054.SZ,tucker,"(3, 2, 2)",cn_a,INDUSTRY_C39,-0.45079327381069667,-0.44907611579232765,-0.45079327381069667,0.0038237764965742826,1,quality_factor,0.48135998845100403,value_factor,0.4425153136253357,momentum_factor,0.07400237768888474
2020-12-10,002841.SZ,tucker,"(3, 2, 2)",cn_a,INDUSTRY_C39,-0.4601591997380214,-0.4584063651119035,-0.4601591997380214,0.0038237764965742826,2,value_factor,0.5824766755104065,quality_factor,0.2821528911590576,momentum_factor,0.09394877403974533
2020-12-10,603290.SH,tucker,"(3, 2, 2)",cn_a,INDUSTRY_C39,-0.48661422475568566,-0.4847606178665941,-0.48661422475568566,0.0038237764965742826,1,value_factor,0.5353716015815735,quality_factor,0.3491975665092468,momentum_factor,0.08723566681146622
2020-12-10,300679.SZ,tucker,"(3, 2, 2)",cn_a,INDUSTRY_C39,-0.48961883705532383,-0.4877537850218564,-0.48961883705532383,0.0038237764965742826,2,quality_factor,0.5835766792297363,value_factor,0.3357376456260681,momentum_factor,0.058295294642448425
2020-12-10,603501.SH,tucker,"(3, 2, 2)",cn_a,INDUSTRY_C39,-0.49263615974681335,-0.49075961415265035,-0.49263615974681335,0.0038237764965742826,1,value_factor,0.4710143208503723,quality_factor,0.4407973289489746,momentum_factor,0.07806386798620224
2020-12-10,300627.SZ,tucker,"(3, 2, 2)",cn_a,INDUSTRY_C39,-0.4999953486240095,-0.4980907704683082,-0.4999953486240095,0.0038237764965742826,1,value_factor,0.5112378597259521,quality_factor,0.3835471272468567,momentum_factor,0.08379627019166946
2020-12-10,300136.SZ,tucker,"(3, 2, 2)",cn_a,INDUSTRY_C39,-0.50273169951317,-0.5008166980722437,-0.50273169951317,0.0038237764965742826,1,value_factor,0.5432030558586121,quality_factor,0.33805108070373535,momentum_factor,0.08835174888372421
2020-12-10,300037.SZ,tucker,"(3, 2, 2)",cn_a,INDUSTRY_C39,-0.5030934776967908,-0.5011770981733932,-0.5030934776967908,0.0038237764965742826,1,value_factor,0.4854593575000763,quality_factor,0.42023763060569763,momentum_factor,0.08012248575687408
2020-12-10,600562.SH,tucker,"(3, 2, 2)",cn_a,INDUSTRY_C39,-0.5146625535680712,-0.51270210521634,-0.5146625535680712,0.0038237764965742826,2,quality_factor,0.595729649066925,value_factor,0.32255345582962036,momentum_factor,0.05635128170251846
2020-12-10,688019.SH,tucker,"(3, 2, 2)",cn_a,INDUSTRY_C39,-0.5165235600696291,-0.5145560227872903,-0.5165235600696291,0.0038237764965742826,1,value_factor,0.4881569743156433,quality_factor,0.41639822721481323,momentum_factor,0.08050692826509476
2020-12-10,300857.SZ,tucker,"(3, 2, 2)",cn_a,INDUSTRY_C39,-0.5178234240733741,-0.5158509353597996,-0.5178234240733741,0.0038237764965742826,1,value_factor,0.4745994508266449,quality_factor,0.43569472432136536,momentum_factor,0.07857479900121689
2020-12-10,300623.SZ,tucker,"(3, 2, 2)",cn_a,INDUSTRY_C39,-0.5369288657373076,-0.534883600733017,-0.5369288657373076,0.0038237764965742826,1,value_factor,0.4969623386859894,quality_factor,0.4038655459880829,momentum_factor,0.08176181465387344
2020-12-10,300458.SZ,tucker,"(3, 2, 2)",cn_a,INDUSTRY_C39,-0.5390334865154163,-0.5369802046070263,-0.5390334865154163,0.0038237764965742826,1,quality_factor,0.5188128352165222,value_factor,0.4059969186782837,momentum_factor,0.06865503638982773
2020-12-10,300373.SZ,tucker,"(3, 2, 2)",cn_a,INDUSTRY_C39,-0.5391123923625795,-0.5370588098866877,-0.5391123923625795,0.0038237764965742826,1,value_factor,0.4770793616771698,quality_factor,0.4321650266647339,momentum_factor,0.07892821729183197
2020-12-10,002414.SZ,tucker,"(3, 2, 2)",cn_a,INDUSTRY_C39,-0.5401276150494984,-0.5380701653957258,-0.5401276150494984,0.0038237764965742826,1,value_factor,0.49503710865974426,quality_factor,0.40660563111305237,momentum_factor,0.08148744702339172
2020-12-10,300390.SZ,tucker,"(3, 2, 2)",cn_a,INDUSTRY_C39,-0.5489370850737227,-0.5468460784594352,-0.5489370850737227,0.0038237764965742826,1,value_factor,0.4949268102645874,quality_factor,0.4067627489566803,momentum_factor,0.08147172629833221
2020-12-10,300474.SZ,tucker,"(3, 2, 2)",cn_a,INDUSTRY_C39,-0.564024625855084,-0.561876147904964,-0.564024625855084,0.0038237764965742826,1,quality_factor,0.47107353806495667,value_factor,0.4497424364089966,momentum_factor,0.07503233104944229
2020-12-10,300115.SZ,tucker,"(3, 2, 2)",cn_a,INDUSTRY_C39,-0.5754112212383357,-0.5732193695630512,-0.5754112212383357,0.0038237764965742826,2,quality_factor,0.5637337565422058,value_factor,0.35726431012153625,momentum_factor,0.06146940961480141
2020-12-10,300346.SZ,tucker,"(3, 2, 2)",cn_a,INDUSTRY_C39,-0.5771291221207401,-0.5749307266315916,-0.5771291221207401,0.0038237764965742826,1,value_factor,0.47202619910240173,quality_factor,0.43935710191726685,momentum_factor,0.0782080814242363
2020-12-10,300223.SZ,tucker,"(3, 2, 2)",cn_a,INDUSTRY_C39,-0.5908363772449491,-0.5885857681927024,-0.5908363772449491,0.0038237764965742826,1,quality_factor,0.4689728021621704,value_factor,0.45121845602989197,momentum_factor,0.07524269074201584
2020-12-11,600060.SH,tucker,"(3, 2, 2)",cn_a,INDUSTRY_C39,1.0345738892835954,1.0098064141213021,1.0345738892835954,0.024527007713913918,1,value_factor,0.5447317957878113,quality_factor,0.3358752429485321,momentum_factor,0.08856961131095886
2020-12-11,600707.SH,tucker,"(3, 2, 2)",cn_a,INDUSTRY_C39,0.6520641709248438,0.6364538956947337,0.6520641709248438,0.024527007713913918,0,quality_factor,0.4902782738208771,value_factor,0.43624940514564514,momentum_factor,0.07310939580202103
2020-12-11,600601.SH,tucker,"(3, 2, 2)",cn_a,INDUSTRY_C39,0.3149132127061582,0.30737425850021094,0.3149132127061582,0.024527007713913918,2,quality_factor,0.7858161330223083,value_factor,0.10582638531923294,volatility_factor,0.09952818602323532
2020-12-11,600699.SH,tucker,"(3, 2, 2)",cn_a,INDUSTRY_C39,0.2825567322372895,0.27579238517603527,0.2825567322372895,0.024527007713913918,0,value_factor,0.5805819630622864,quality_factor,0.2848496437072754,momentum_factor,0.09367875009775162
2020-12-11,600363.SH,tucker,"(3, 2, 2)",cn_a,INDUSTRY_C39,0.2747090851463962,0.2681326090592884,0.2747090851463962,0.024527007713913918,0,value_factor,0.5852171182632446,quality_factor,0.27825242280960083,momentum_factor,0.09433931857347488
2020-12-11,600498.SH,tucker,"(3, 2, 2)",cn_a,INDUSTRY_C39,0.23829648215187946,0.23259171590551161,0.23829648215187946,0.024527007713913918,2,value_factor,0.6205580234527588,quality_factor,0.22795164585113525,momentum_factor,0.0993758887052536
2020-12-11,603920.SH,tucker,"(3, 2, 2)",cn_a,INDUSTRY_C39,0.09195555295049375,0.089754156900074,0.09195555295049375,0.024527007713913918,0,quality_factor,0.8921544551849365,volatility_factor,0.09793445467948914,momentum_factor,0.00893467664718628
2020-12-11,600884.SH,tucker,"(3, 2, 2)",cn_a,INDUSTRY_C39,0.017309286066250627,0.016894905501301558,0.017309286066250627,0.024527007713913918,2,value_factor,0.5153860449790955,quality_factor,0.30893969535827637,volatility_factor,0.09804518520832062
2020-12-11,600171.SH,tucker,"(3, 2, 2)",cn_a,INDUSTRY_C39,-0.010099290010840839,-0.009857515192153402,-0.010099290010840839,0.024527007713913918,2,value_factor,0.469159871339798,quality_factor,0.3627637028694153,volatility_factor,0.09821256995201111
2020-12-11,600563.SH,tucker,"(3, 2, 2)",cn_a,INDUSTRY_C39,-0.01910147040410151,-0.018644185333699756,-0.01910147040410151,0.024527007713913918,2,value_factor,0.5398932099342346,quality_factor,0.28040432929992676,volatility_factor,0.09795644134283066
2020-12-11,002429.SZ,tucker,"(3, 2, 2)",cn_a,INDUSTRY_C39,-0.022380321974234892,-0.021844541906360933,-0.022380321974234892,0.024527007713913918,0,value_factor,0.5864606499671936,quality_factor,0.22618290781974792,volatility_factor,0.09778781235218048
2020-12-11,603228.SH,tucker,"(3, 2, 2)",cn_a,INDUSTRY_C39,-0.036033920240547655,-0.035171275983040026,-0.036033920240547655,0.024527007713913918,2,value_factor,0.6180081963539124,quality_factor,0.18945004045963287,volatility_factor,0.09767358005046844
2020-12-11,601231.SH,tucker,"(3, 2, 2)",cn_a,INDUSTRY_C39,-0.08175253140496089,-0.0797953934837351,-0.08175253140496089,0.024527007713913918,0,value_factor,0.7176384329795837,momentum_factor,0.11321116983890533,quality_factor,0.08977709710597992
2020-12-11,002130.SZ,tucker,"(3, 2, 2)",cn_a,INDUSTRY_C39,-0.10571400688416142,-0.10318323642210865,-0.10571400688416142,0.024527007713913918,0,quality_factor,0.6568223834037781,value_factor,0.2166111171245575,volatility_factor,0.09912703931331635
2020-12-11,688100.SH,tucker,"(3, 2, 2)",cn_a,INDUSTRY_C39,-0.14360486362066296,-0.14016699424298884,-0.14360486362066296,0.024527007713913918,1,value_factor,0.5355796217918396,quality_factor,0.3489014506340027,momentum_factor,0.08726531267166138
2020-12-11,600764.SH,tucker,"(3, 2, 2)",cn_a,INDUSTRY_C39,-0.1771095350927357,-0.17286957112607093,-0.1771095350927357,0.024527007713913918,1,quality_factor,0.5001420974731445,value_factor,0.42625191807746887,momentum_factor,0.07164164632558823
2020-12-11,600118.SH,tucker,"(3, 2, 2)",cn_a,INDUSTRY_C39,-0.18637288629306248,-0.1819111597020456,-0.18637288629306248,0.024527007713913918,2,quality_factor,0.583299994468689,value_factor,0.33603793382644653,momentum_factor,0.058339569717645645
2020-12-11,002273.SZ,tucker,"(3, 2, 2)",cn_a,INDUSTRY_C39,-0.22985058736114886,-0.22434801400947857,-0.22985058736114886,0.024527007713913918,0,value_factor,0.48647430539131165,quality_factor,0.41879308223724365,momentum_factor,0.08026712387800217
2020-12-11,603160.SH,tucker,"(3, 2, 2)",cn_a,INDUSTRY_C39,-0.24354813235154768,-0.23771764273517346,-0.24354813235154768,0.024527007713913918,2,value_factor,0.6605145931243896,quality_factor,0.17108148336410522,momentum_factor,0.10507024079561234
2020-12-11,002152.SZ,tucker,"(3, 2, 2)",cn_a,INDUSTRY_C39,-0.2483640366622621,-0.24241825533822434,-0.2483640366622621,0.024527007713913918,0,quality_factor,0.5674552917480469,value_factor,0.3532269597053528,momentum_factor,0.0608740970492363
2020-12-11,605358.SH,tucker,"(3, 2, 2)",cn_a,INDUSTRY_C39,-0.2832438112275502,-0.2764630156438636,-0.2832438112275502,0.024527007713913918,1,value_factor,0.4585694968700409,quality_factor,0.45850998163223267,momentum_factor,0.0762903094291687
2020-12-11,002465.SZ,tucker,"(3, 2, 2)",cn_a,INDUSTRY_C39,-0.29898332315898946,-0.29182572706364635,-0.29898332315898946,0.024527007713913918,2,quality_factor,0.7198018431663513,value_factor,0.18795360624790192,volatility_factor,0.055740129202604294
2020-12-11,002138.SZ,tucker,"(3, 2, 2)",cn_a,INDUSTRY_C39,-0.3053710826945031,-0.29806056501735967,-0.3053710826945031,0.024527007713913918,0,quality_factor,0.476087361574173,value_factor,0.446219801902771,momentum_factor,0.07453031092882156
2020-12-11,300073.SZ,tucker,"(3, 2, 2)",cn_a,INDUSTRY_C39,-0.32873542164394726,-0.3208655667453566,-0.32873542164394726,0.024527007713913918,2,value_factor,0.6855233907699585,quality_factor,0.1354864090681076,momentum_factor,0.1086343377828598
2020-12-11,002436.SZ,tucker,"(3, 2, 2)",cn_a,INDUSTRY_C39,-0.33296207527832944,-0.32499103520582945,-0.33296207527832944,0.024527007713913918,1,value_factor,0.5258471965789795,quality_factor,0.36275362968444824,momentum_factor,0.08587830513715744
2020-12-11,300919.SZ,tucker,"(3, 2, 2)",cn_a,INDUSTRY_C39,-0.33701345868606153,-0.3289454293709726,-0.33701345868606153,0.024527007713913918,1,quality_factor,0.47635507583618164,value_factor,0.44603168964385986,momentum_factor,0.07450350373983383
2020-12-11,688608.SH,tucker,"(3, 2, 2)",cn_a,INDUSTRY_C39,-0.33701345868606153,-0.3289454293709726,-0.33701345868606153,0.024527007713913918,1,quality_factor,0.47635507583618164,value_factor,0.44603168964385986,momentum_factor,0.07450350373983383
2020-12-11,689009.SH,tucker,"(3, 2, 2)",cn_a,INDUSTRY_C39,-0.33701345868606153,-0.3289454293709726,-0.33701345868606153,0.024527007713913918,1,quality_factor,0.47635507583618164,value_factor,0.44603168964385986,momentum_factor,0.07450350373983383
2020-12-11,002025.SZ,tucker,"(3, 2, 2)",cn_a,INDUSTRY_C39,-0.34032285842872034,-0.3321756027995156,-0.34032285842872034,0.024527007713913918,0,value_factor,0.5505023002624512,quality_factor,0.32766205072402954,momentum_factor,0.08939199149608612
2020-12-11,002583.SZ,tucker,"(3, 2, 2)",cn_a,INDUSTRY_C39,-0.34309169395813605,-0.33487815300517276,-0.34309169395813605,0.024527007713913918,0,quality_factor,0.5327680706977844,value_factor,0.39085760712623596,momentum_factor,0.06642274558544159
2020-12-11,002402.SZ,tucker,"(3, 2, 2)",cn_a,INDUSTRY_C39,-0.3630547153346928,-0.3543632639673747,-0.3630547153346928,0.024527007713913918,1,value_factor,0.5335204601287842,quality_factor,0.35183224081993103,momentum_factor,0.08697184175252914
2020-12-11,603659.SH,tucker,"(3, 2, 2)",cn_a,INDUSTRY_C39,-0.37038924781211224,-0.3615222093235231,-0.37038924781211224,0.024527007713913918,1,value_factor,0.5667874813079834,quality_factor,0.3044833242893219,momentum_factor,0.0917128473520279
2020-12-11,600435.SH,tucker,"(3, 2, 2)",cn_a,INDUSTRY_C39,-0.3736088239523516,-0.36466470950726243,-0.3736088239523516,0.024527007713913918,2,quality_factor,0.6802908182144165,value_factor,0.23081712424755096,volatility_factor,0.04606730118393898
2020-12-11,002281.SZ,tucker,"(3, 2, 2)",cn_a,INDUSTRY_C39,-0.37974138681592845,-0.3706504601421738,-0.37974138681592845,0.024527007713913918,1,quality_factor,0.5194136500358582,value_factor,0.4053451418876648,momentum_factor,0.06855893135070801
2020-12-11,603019.SH,tucker,"(3, 2, 2)",cn_a,INDUSTRY_C39,-0.3827714690855522,-0.37360800289757823,-0.3827714690855522,0.024527007713913918,1,value_factor,0.48677927255630493,quality_factor,0.41835901141166687,momentum_factor,0.08031059056520462
2020-12-11,688981.SH,tucker,"(3, 2, 2)",cn_a,INDUSTRY_C39,-0.39425241276583894,-0.38481409526914107,-0.39425241276583894,0.024527007713913918,1,quality_factor,0.4852195680141449,value_factor,0.43980351090431213,momentum_factor,0.0736159086227417
2020-12-11,002156.SZ,tucker,"(3, 2, 2)",cn_a,INDUSTRY_C39,-0.4102299345848185,-0.4004091186712307,-0.4102299345848185,0.024527007713913918,2,quality_factor,0.5693777203559875,value_factor,0.3511415123939514,momentum_factor,0.060566600412130356
2020-12-11,688008.SH,tucker,"(3, 2, 2)",cn_a,INDUSTRY_C39,-0.4105541084376911,-0.4007255318721746,-0.4105541084376911,0.024527007713913918,1,value_factor,0.5072228312492371,quality_factor,0.38926175236701965,momentum_factor,0.08322408050298691
2020-12-11,300735.SZ,tucker,"(3, 2, 2)",cn_a,INDUSTRY_C39,-0.42040435571944196,-0.41033996636431197,-0.42040435571944196,0.024527007713913918,1,value_factor,0.5582083463668823,quality_factor,0.31669390201568604,momentum_factor,0.09049020707607269
2020-12-11,300570.SZ,tucker,"(3, 2, 2)",cn_a,INDUSTRY_C39,-0.42227601583914537,-0.4121668193455334,-0.42227601583914537,0.024527007713913918,1,value_factor,0.4976371228694916,quality_factor,0.4029049873352051,momentum_factor,0.08185798674821854
2020-12-11,603486.SH,tucker,"(3, 2, 2)",cn_a,INDUSTRY_C39,-0.43765799833187236,-0.4271805605040438,-0.43765799833187236,0.024527007713913918,1,value_factor,0.4746174216270447,quality_factor,0.4356689155101776,momentum_factor,0.07857735455036163
2020-12-11,688027.SH,tucker,"(3, 2, 2)",cn_a,INDUSTRY_C39,-0.4448214084498506,-0.43417248013302734,-0.4448214084498506,0.024527007713913918,1,value_factor,0.4587826728820801,quality_factor,0.45820650458335876,momentum_factor,0.07632068544626236
2020-12-11,300054.SZ,tucker,"(3, 2, 2)",cn_a,INDUSTRY_C39,-0.44682228033543564,-0.43612545157839977,-0.44682228033543564,0.024527007713913918,1,quality_factor,0.48289838433265686,value_factor,0.441434383392334,momentum_factor,0.07384832203388214
2020-12-11,002185.SZ,tucker,"(3, 2, 2)",cn_a,INDUSTRY_C39,-0.4508299046565671,-0.44003713424001173,-0.4508299046565671,0.024527007713913918,2,quality_factor,0.5603241920471191,value_factor,0.3609633147716522,momentum_factor,0.06201482191681862
2020-12-11,688002.SH,tucker,"(3, 2, 2)",cn_a,INDUSTRY_C39,-0.4534153168910242,-0.4425606522647227,-0.4534153168910242,0.024527007713913918,1,value_factor,0.496584415435791,quality_factor,0.4044033885002136,momentum_factor,0.08170796185731888
2020-12-11,002841.SZ,tucker,"(3, 2, 2)",cn_a,INDUSTRY_C39,-0.46009224995990156,-0.4490777409999505,-0.46009224995990156,0.024527007713913918,2,value_factor,0.5854958295822144,quality_factor,0.2778557538986206,momentum_factor,0.09437903761863708
2020-12-11,300679.SZ,tucker,"(3, 2, 2)",cn_a,INDUSTRY_C39,-0.48785449854376395,-0.476175367356853,-0.48785449854376395,0.024527007713913918,2,quality_factor,0.588431715965271,value_factor,0.33047065138816833,momentum_factor,0.057518672198057175
2020-12-11,603290.SH,tucker,"(3, 2, 2)",cn_a,INDUSTRY_C39,-0.4936523910981814,-0.48183445961742716,-0.4936523910981814,0.024527007713913918,1,value_factor,0.5361199975013733,quality_factor,0.3481324017047882,momentum_factor,0.08734231442213058
2020-12-11,603501.SH,tucker,"(3, 2, 2)",cn_a,INDUSTRY_C39,-0.5002960087246701,-0.488319030474752,-0.5002960087246701,0.024527007713913918,1,value_factor,0.47074243426322937,quality_factor,0.44118425250053406,momentum_factor,0.07802512496709824
2020-12-11,300627.SZ,tucker,"(3, 2, 2)",cn_a,INDUSTRY_C39,-0.5011622218616535,-0.48916450665657185,-0.5011622218616535,0.024527007713913918,1,value_factor,0.5122630596160889,quality_factor,0.38208794593811035,momentum_factor,0.08394237607717514
2020-12-11,300037.SZ,tucker,"(3, 2, 2)",cn_a,INDUSTRY_C39,-0.5029901307595024,-0.49094865581072783,-0.5029901307595024,0.024527007713913918,1,value_factor,0.4858625829219818,quality_factor,0.4196637272834778,momentum_factor,0.08017995208501816
2020-12-11,300136.SZ,tucker,"(3, 2, 2)",cn_a,INDUSTRY_C39,-0.5039433574484403,-0.49187906245888685,-0.5039433574484403,0.024527007713913918,1,value_factor,0.5450292825698853,quality_factor,0.33545172214508057,momentum_factor,0.08861201256513596
2020-12-11,300857.SZ,tucker,"(3, 2, 2)",cn_a,INDUSTRY_C39,-0.5186110734675952,-0.506195636528728,-0.5186110734675952,0.024527007713913918,1,value_factor,0.4746386706829071,quality_factor,0.43563881516456604,momentum_factor,0.07858037948608398
2020-12-11,600562.SH,tucker,"(3, 2, 2)",cn_a,INDUSTRY_C39,-0.5197403917731138,-0.5072979191982501,-0.5197403917731138,0.024527007713913918,2,quality_factor,0.5991876721382141,value_factor,0.3188021183013916,momentum_factor,0.05579814687371254
2020-12-11,688019.SH,tucker,"(3, 2, 2)",cn_a,INDUSTRY_C39,-0.5229341676180689,-0.5104152367401944,-0.5229341676180689,0.024527007713913918,1,value_factor,0.4882456958293915,quality_factor,0.41627180576324463,momentum_factor,0.08051957190036774
2020-12-11,300623.SZ,tucker,"(3, 2, 2)",cn_a,INDUSTRY_C39,-0.5393287253718239,-0.5264173123269733,-0.5393287253718239,0.024527007713913918,1,value_factor,0.4975220263004303,quality_factor,0.403068870306015,momentum_factor,0.08184158056974411
2020-12-11,300373.SZ,tucker,"(3, 2, 2)",cn_a,INDUSTRY_C39,-0.5406212766846602,-0.5276789202409202,-0.5406212766846602,0.024527007713913918,1,value_factor,0.47716423869132996,quality_factor,0.4320441782474518,momentum_factor,0.07894031703472137
2020-12-11,300458.SZ,tucker,"(3, 2, 2)",cn_a,INDUSTRY_C39,-0.5410532944384765,-0.5281005955831426,-0.5410532944384765,0.024527007713913918,1,quality_factor,0.5208500027656555,value_factor,0.403786838054657,momentum_factor,0.06832916289567947
2020-12-11,002414.SZ,tucker,"(3, 2, 2)",cn_a,INDUSTRY_C39,-0.545610855070587,-0.5325490491993834,-0.545610855070587,0.024527007713913918,1,value_factor,0.49533388018608093,quality_factor,0.40618330240249634,momentum_factor,0.08152973651885986
2020-12-11,300390.SZ,tucker,"(3, 2, 2)",cn_a,INDUSTRY_C39,-0.552313435573105,-0.5390911713742372,-0.552313435573105,0.024527007713913918,1,value_factor,0.4953717887401581,quality_factor,0.4061293601989746,momentum_factor,0.08153514564037323
2020-12-11,300474.SZ,tucker,"(3, 2, 2)",cn_a,INDUSTRY_C39,-0.5689612541121827,-0.5553404447379109,-0.5689612541121827,0.024527007713913918,1,quality_factor,0.47200942039489746,value_factor,0.4490848779678345,momentum_factor,0.07493862509727478
2020-12-11,300115.SZ,tucker,"(3, 2, 2)",cn_a,INDUSTRY_C39,-0.5796076253654926,-0.5657319441659059,-0.5796076253654926,0.024527007713913918,2,quality_factor,0.5667141079902649,value_factor,0.35403111577033997,momentum_factor,0.06099266931414604
2020-12-11,300346.SZ,tucker,"(3, 2, 2)",cn_a,INDUSTRY_C39,-0.5845025816338011,-0.5705097162397826,-0.5845025816338011,0.024527007713913918,1,value_factor,0.4718131721019745,quality_factor,0.43966031074523926,momentum_factor,0.07817771285772324
2020-12-11,300223.SZ,tucker,"(3, 2, 2)",cn_a,INDUSTRY_C39,-0.5995763264527825,-0.5852225988677944,-0.5995763264527825,0.024527007713913918,1,quality_factor,0.46981537342071533,value_factor,0.4506264328956604,momentum_factor,0.07515831291675568
2020-12-14,600060.SH,tucker,"(3, 2, 2)",cn_a,INDUSTRY_C39,1.0323489850997623,1.0199225886993784,1.0323489850997623,0.012183653190732002,1,value_factor,0.5447415709495544,quality_factor,0.33586129546165466,momentum_factor,0.08857101202011108
2020-12-14,600707.SH,tucker,"(3, 2, 2)",cn_a,INDUSTRY_C39,0.6509145511713245,0.6430794853627877,0.6509145511713245,0.012183653190732002,0,quality_factor,0.4902835488319397,value_factor,0.43624570965766907,momentum_factor,0.07310886681079865
2020-12-14,600601.SH,tucker,"(3, 2, 2)",cn_a,INDUSTRY_C39,0.31447461439682534,0.31068927990940376,0.31447461439682534,0.012183653190732002,2,quality_factor,0.7860835194587708,value_factor,0.10559676587581635,volatility_factor,0.09952902793884277
2020-12-14,600699.SH,tucker,"(3, 2, 2)",cn_a,INDUSTRY_C39,0.28213890686186943,0.278742797651477,0.28213890686186943,0.012183653190732002,0,value_factor,0.5805246233940125,quality_factor,0.2849311828613281,momentum_factor,0.09367058426141739
2020-12-14,600363.SH,tucker,"(3, 2, 2)",cn_a,INDUSTRY_C39,0.27422428431855855,0.27092344350916436,0.27422428431855855,0.012183653190732002,0,value_factor,0.5851903557777405,quality_factor,0.2782905101776123,momentum_factor,0.09433550387620926
2020-12-14,600498.SH,tucker,"(3, 2, 2)",cn_a,INDUSTRY_C39,0.23782197390182466,0.23495930811430493,0.23782197390182466,0.012183653190732002,2,value_factor,0.6205581426620483,quality_factor,0.22795158624649048,momentum_factor,0.0993758961558342
2020-12-14,603920.SH,tucker,"(3, 2, 2)",cn_a,INDUSTRY_C39,0.0918964744193189,0.09079031551819708,0.0918964744193189,0.012183653190732002,0,quality_factor,0.8915190696716309,volatility_factor,0.09777893126010895,momentum_factor,0.009036296047270298
2020-12-14,600884.SH,tucker,"(3, 2, 2)",cn_a,INDUSTRY_C39,0.01742415881635552,0.017214424019769893,0.01742415881635552,0.012183653190732002,2,value_factor,0.5155180096626282,quality_factor,0.30878588557243347,volatility_factor,0.09804469347000122
2020-12-14,600171.SH,tucker,"(3, 2, 2)",cn_a,INDUSTRY_C39,-0.010039203955798232,-0.009918361944327669,-0.010039203955798232,0.012183653190732002,2,value_factor,0.46928414702415466,quality_factor,0.3626190721988678,volatility_factor,0.09821212291717529
2020-12-14,600563.SH,tucker,"(3, 2, 2)",cn_a,INDUSTRY_C39,-0.018912706720170307,-0.018685054255644148,-0.018912706720170307,0.012183653190732002,2,value_factor,0.5395787358283997,quality_factor,0.28077054023742676,volatility_factor,0.09795757383108139
2020-12-14,002429.SZ,tucker,"(3, 2, 2)",cn_a,INDUSTRY_C39,-0.022037553888210076,-0.021772287603007832,-0.022037553888210076,0.012183653190732002,0,value_factor,0.5853216052055359,quality_factor,0.22750921547412872,volatility_factor,0.09779194742441177
2020-12-14,603228.SH,tucker,"(3, 2, 2)",cn_a,INDUSTRY_C39,-0.035838846227118394,-0.03540745363006214,-0.035838846227118394,0.012183653190732002,2,value_factor,0.6176087260246277,quality_factor,0.18991529941558838,volatility_factor,0.09767504036426544
2020-12-14,601231.SH,tucker,"(3, 2, 2)",cn_a,INDUSTRY_C39,-0.0814357760788883,-0.08045553272190822,-0.0814357760788883,0.012183653190732002,0,value_factor,0.7180048227310181,momentum_factor,0.11326337605714798,quality_factor,0.08925558626651764
2020-12-14,002130.SZ,tucker,"(3, 2, 2)",cn_a,INDUSTRY_C39,-0.1052460652018193,-0.10397921712558268,-0.1052460652018193,0.012183653190732002,0,quality_factor,0.6559577584266663,value_factor,0.2173536717891693,volatility_factor,0.09912434965372086
2020-12-14,688100.SH,tucker,"(3, 2, 2)",cn_a,INDUSTRY_C39,-0.14325931503982034,-0.14153490104569,-0.14325931503982034,0.012183653190732002,1,value_factor,0.5356065034866333,quality_factor,0.3488632142543793,momentum_factor,0.087269127368927
2020-12-14,600764.SH,tucker,"(3, 2, 2)",cn_a,INDUSTRY_C39,-0.17666219839425606,-0.17453571351569716,-0.17666219839425606,0.012183653190732002,1,quality_factor,0.5001699328422546,value_factor,0.426221638917923,momentum_factor,0.07163717597723007
2020-12-14,600118.SH,tucker,"(3, 2, 2)",cn_a,INDUSTRY_C39,-0.18597734897928267,-0.18373873752785982,-0.18597734897928267,0.012183653190732002,2,quality_factor,0.5833297967910767,value_factor,0.3360055387020111,momentum_factor,0.058334797620773315
2020-12-14,002273.SZ,tucker,"(3, 2, 2)",cn_a,INDUSTRY_C39,-0.2292031937829133,-0.22644427234908707,-0.2292031937829133,0.012183653190732002,0,value_factor,0.48649272322654724,quality_factor,0.41876688599586487,momentum_factor,0.08026974648237228
2020-12-14,603160.SH,tucker,"(3, 2, 2)",cn_a,INDUSTRY_C39,-0.242969550851479,-0.2400449236220427,-0.242969550851479,0.012183653190732002,2,value_factor,0.6605784893035889,quality_factor,0.17099057137966156,momentum_factor,0.10507934540510178
2020-12-14,002152.SZ,tucker,"(3, 2, 2)",cn_a,INDUSTRY_C39,-0.2476443909522876,-0.24466349261972675,-0.2476443909522876,0.012183653190732002,0,quality_factor,0.5675629377365112,value_factor,0.3531102240085602,momentum_factor,0.060856886208057404
2020-12-14,605358.SH,tucker,"(3, 2, 2)",cn_a,INDUSTRY_C39,-0.2825374229582881,-0.2791365168051394,-0.2825374229582881,0.012183653190732002,1,value_factor,0.4585634171962738,quality_factor,0.4585186541080475,momentum_factor,0.07628945261240005
2020-12-14,002465.SZ,tucker,"(3, 2, 2)",cn_a,INDUSTRY_C39,-0.2981976396229178,-0.29460823126479835,-0.2981976396229178,0.012183653190732002,2,quality_factor,0.7199990749359131,value_factor,0.18773959577083588,volatility_factor,0.05578842759132385
2020-12-14,002138.SZ,tucker,"(3, 2, 2)",cn_a,INDUSTRY_C39,-0.3045804774484766,-0.3009142387993175,-0.3045804774484766,0.012183653190732002,0,quality_factor,0.47610723972320557,value_factor,0.44620582461357117,momentum_factor,0.07452832162380219
2020-12-14,300073.SZ,tucker,"(3, 2, 2)",cn_a,INDUSTRY_C39,-0.32777451255822726,-0.3238290870463326,-0.32777451255822726,0.012183653190732002,2,value_factor,0.6856901049613953,quality_factor,0.1352490931749344,momentum_factor,0.10865809768438339
2020-12-14,002436.SZ,tucker,"(3, 2, 2)",cn_a,INDUSTRY_C39,-0.33215231766675307,-0.32815419646529287,-0.33215231766675307,0.012183653190732002,1,value_factor,0.5258718729019165,quality_factor,0.36271852254867554,momentum_factor,0.08588182181119919
2020-12-14,300919.SZ,tucker,"(3, 2, 2)",cn_a,INDUSTRY_C39,-0.336187692643088,-0.33214099758743326,-0.336187692643088,0.012183653190732002,1,quality_factor,0.4763731062412262,value_factor,0.4460190236568451,momentum_factor,0.07450170069932938
2020-12-14,688608.SH,tucker,"(3, 2, 2)",cn_a,INDUSTRY_C39,-0.336187692643088,-0.33214099758743326,-0.336187692643088,0.012183653190732002,1,quality_factor,0.4763731062412262,value_factor,0.4460190236568451,momentum_factor,0.07450170069932938
2020-12-14,689009.SH,tucker,"(3, 2, 2)",cn_a,INDUSTRY_C39,-0.336187692643088,-0.33214099758743326,-0.336187692643088,0.012183653190732002,1,quality_factor,0.4763731062412262,value_factor,0.4460190236568451,momentum_factor,0.07450170069932938
2020-12-14,002025.SZ,tucker,"(3, 2, 2)",cn_a,INDUSTRY_C39,-0.3393998787547676,-0.33531451857858513,-0.3393998787547676,0.012183653190732002,0,value_factor,0.5505610704421997,quality_factor,0.3275783658027649,momentum_factor,0.08940036594867706
2020-12-14,002583.SZ,tucker,"(3, 2, 2)",cn_a,INDUSTRY_C39,-0.3420733357624667,-0.33795579515406937,-0.3420733357624667,0.012183653190732002,0,quality_factor,0.5328453183174133,value_factor,0.3907737135887146,momentum_factor,0.0664103776216507
2020-12-14,002402.SZ,tucker,"(3, 2, 2)",cn_a,INDUSTRY_C39,-0.3621555515987468,-0.3577962811313759,-0.3621555515987468,0.012183653190732002,1,value_factor,0.5335515737533569,quality_factor,0.3517880439758301,momentum_factor,0.08697627484798431
2020-12-14,603659.SH,tucker,"(3, 2, 2)",cn_a,INDUSTRY_C39,-0.3695235895148173,-0.3650756298917833,-0.3695235895148173,0.012183653190732002,1,value_factor,0.566819429397583,quality_factor,0.30443787574768066,momentum_factor,0.09171739965677261
2020-12-14,600435.SH,tucker,"(3, 2, 2)",cn_a,INDUSTRY_C39,-0.37278281844265565,-0.3682956274441842,-0.37278281844265565,0.012183653190732002,2,quality_factor,0.6803601980209351,value_factor,0.23074191808700562,volatility_factor,0.04608427733182907
2020-12-14,002281.SZ,tucker,"(3, 2, 2)",cn_a,INDUSTRY_C39,-0.3788215056994509,-0.37426162695422527,-0.3788215056994509,0.012183653190732002,1,quality_factor,0.5194475650787354,value_factor,0.405308336019516,momentum_factor,0.06855351477861404
2020-12-14,603019.SH,tucker,"(3, 2, 2)",cn_a,INDUSTRY_C39,-0.38189465955812807,-0.3772977892251754,-0.38189465955812807,0.012183653190732002,1,value_factor,0.48678237199783325,quality_factor,0.4183546006679535,momentum_factor,0.08031103014945984
2020-12-14,688981.SH,tucker,"(3, 2, 2)",cn_a,INDUSTRY_C39,-0.39330207685270047,-0.388567895308856,-0.39330207685270047,0.012183653190732002,1,quality_factor,0.4852413535118103,value_factor,0.4397883117198944,momentum_factor,0.073613740503788
2020-12-14,002156.SZ,tucker,"(3, 2, 2)",cn_a,INDUSTRY_C39,-0.4092632810412598,-0.40433697430221754,-0.4092632810412598,0.012183653190732002,2,quality_factor,0.5694297552108765,value_factor,0.35108503699302673,momentum_factor,0.060558270663022995
2020-12-14,688008.SH,tucker,"(3, 2, 2)",cn_a,INDUSTRY_C39,-0.4096380779007558,-0.4047072597276801,-0.4096380779007558,0.012183653190732002,1,value_factor,0.5072296857833862,quality_factor,0.38925203680992126,momentum_factor,0.08322504907846451
2020-12-14,300735.SZ,tucker,"(3, 2, 2)",cn_a,INDUSTRY_C39,-0.41935381513134456,-0.41430604851942526,-0.41935381513134456,0.012183653190732002,1,value_factor,0.5582523941993713,quality_factor,0.3166311979293823,momentum_factor,0.0904964804649353
2020-12-14,300570.SZ,tucker,"(3, 2, 2)",cn_a,INDUSTRY_C39,-0.42119667030120245,-0.41612672122077715,-0.42119667030120245,0.012183653190732002,1,value_factor,0.49765437841415405,quality_factor,0.40288057923316956,momentum_factor,0.08186043798923492
2020-12-14,603486.SH,tucker,"(3, 2, 2)",cn_a,INDUSTRY_C39,-0.4366246267609982,-0.4313689711943126,-0.4366246267609982,0.012183653190732002,1,value_factor,0.47461777925491333,quality_factor,0.43566861748695374,momentum_factor,0.07857741415500641
2020-12-14,688027.SH,tucker,"(3, 2, 2)",cn_a,INDUSTRY_C39,-0.44376305360453133,-0.4384214727132576,-0.44376305360453133,0.012183653190732002,1,value_factor,0.45877644419670105,quality_factor,0.4582154154777527,momentum_factor,0.07631980627775192
2020-12-14,300054.SZ,tucker,"(3, 2, 2)",cn_a,INDUSTRY_C39,-0.4456904980198443,-0.4403257164583611,-0.4456904980198443,0.012183653190732002,1,quality_factor,0.48292163014411926,value_factor,0.4414180517196655,momentum_factor,0.0738460049033165
2020-12-14,002185.SZ,tucker,"(3, 2, 2)",cn_a,INDUSTRY_C39,-0.4497736370432489,-0.4443597066911968,-0.4497736370432489,0.012183653190732002,2,quality_factor,0.560370922088623,value_factor,0.3609125316143036,momentum_factor,0.06200733780860901
2020-12-14,688002.SH,tucker,"(3, 2, 2)",cn_a,INDUSTRY_C39,-0.45237917506936426,-0.44693388182664623,-0.45237917506936426,0.012183653190732002,1,value_factor,0.4965904951095581,quality_factor,0.4043947160243988,momentum_factor,0.08170882612466812
2020-12-14,002841.SZ,tucker,"(3, 2, 2)",cn_a,INDUSTRY_C39,-0.4589868335161517,-0.4534620038140355,-0.4589868335161517,0.012183653190732002,2,value_factor,0.585540771484375,quality_factor,0.2777917683124542,momentum_factor,0.09438545256853104
2020-12-14,300679.SZ,tucker,"(3, 2, 2)",cn_a,INDUSTRY_C39,-0.4866571283458758,-0.48079923099218785,-0.4866571283458758,0.012183653190732002,2,quality_factor,0.5885047316551208,value_factor,0.330391526222229,momentum_factor,0.05750700458884239
2020-12-14,603290.SH,tucker,"(3, 2, 2)",cn_a,INDUSTRY_C39,-0.4925723717785052,-0.4866432725727696,-0.4925723717785052,0.012183653190732002,1,value_factor,0.536130964756012,quality_factor,0.3481166958808899,momentum_factor,0.08734387159347534
2020-12-14,603501.SH,tucker,"(3, 2, 2)",cn_a,INDUSTRY_C39,-0.49920931279216674,-0.49320032465244457,-0.49920931279216674,0.012183653190732002,1,value_factor,0.47073841094970703,quality_factor,0.4411899447441101,momentum_factor,0.07802455872297287
2020-12-14,300627.SZ,tucker,"(3, 2, 2)",cn_a,INDUSTRY_C39,-0.49997661944976723,-0.4939583952311361,-0.49997661944976723,0.012183653190732002,1,value_factor,0.5122783184051514,quality_factor,0.38206619024276733,momentum_factor,0.08394455164670944
2020-12-14,300037.SZ,tucker,"(3, 2, 2)",cn_a,INDUSTRY_C39,-0.5017811982903014,-0.49574125233577293,-0.5017811982903014,0.012183653190732002,1,value_factor,0.4858686029911041,quality_factor,0.4196551740169525,momentum_factor,0.0801808089017868
2020-12-14,300136.SZ,tucker,"(3, 2, 2)",cn_a,INDUSTRY_C39,-0.5027517469790705,-0.496700118519007,-0.5027517469790705,0.012183653190732002,1,value_factor,0.5450564622879028,quality_factor,0.33541303873062134,momentum_factor,0.08861588686704636
2020-12-14,300857.SZ,tucker,"(3, 2, 2)",cn_a,INDUSTRY_C39,-0.5173779311377709,-0.5111502471336963,-0.5173779311377709,0.012183653190732002,1,value_factor,0.47463926672935486,quality_factor,0.4356379806995392,momentum_factor,0.07858046889305115
2020-12-14,600562.SH,tucker,"(3, 2, 2)",cn_a,INDUSTRY_C39,-0.5185685164977873,-0.5123265014042793,-0.5185685164977873,0.012183653190732002,2,quality_factor,0.5992388725280762,value_factor,0.31874650716781616,momentum_factor,0.055789947509765625
2020-12-14,688019.SH,tucker,"(3, 2, 2)",cn_a,INDUSTRY_C39,-0.5217745009815435,-0.5154938954165731,-0.5217745009815435,0.012183653190732002,1,value_factor,0.4882470369338989,quality_factor,0.4162699580192566,momentum_factor,0.08051977306604385
2020-12-14,300623.SZ,tucker,"(3, 2, 2)",cn_a,INDUSTRY_C39,-0.538069894080744,-0.5315931406848817,-0.538069894080744,0.012183653190732002,1,value_factor,0.49753034114837646,quality_factor,0.4030570387840271,momentum_factor,0.08184276521205902
2020-12-14,300373.SZ,tucker,"(3, 2, 2)",cn_a,INDUSTRY_C39,-0.5393460559530038,-0.5328539413822629,-0.5393460559530038,0.012183653190732002,1,value_factor,0.47716549038887024,quality_factor,0.43204236030578613,momentum_factor,0.0789404958486557
2020-12-14,300458.SZ,tucker,"(3, 2, 2)",cn_a,INDUSTRY_C39,-0.5397846558825999,-0.5332872618795499,-0.5397846558825999,0.012183653190732002,1,quality_factor,0.520880401134491,value_factor,0.4037539064884186,momentum_factor,0.06832431256771088
2020-12-14,002414.SZ,tucker,"(3, 2, 2)",cn_a,INDUSTRY_C39,-0.5443829252241422,-0.5378301818010622,-0.5443829252241422,0.012183653190732002,1,value_factor,0.4953382611274719,quality_factor,0.4061770439147949,momentum_factor,0.08153036236763
2020-12-14,300390.SZ,tucker,"(3, 2, 2)",cn_a,INDUSTRY_C39,-0.5510379974525756,-0.5444051468498721,-0.5510379974525756,0.012183653190732002,1,value_factor,0.4953783452510834,quality_factor,0.4061199128627777,momentum_factor,0.08153607696294785
2020-12-14,300474.SZ,tucker,"(3, 2, 2)",cn_a,INDUSTRY_C39,-0.5676691219212416,-0.5608360822853578,-0.5676691219212416,0.012183653190732002,1,quality_factor,0.4720233380794525,value_factor,0.4490751624107361,momentum_factor,0.07493724673986435
2020-12-14,300115.SZ,tucker,"(3, 2, 2)",cn_a,INDUSTRY_C39,-0.5782788986613897,-0.571318149022982,-0.5782788986613897,0.012183653190732002,2,quality_factor,0.5667583346366882,value_factor,0.353983074426651,momentum_factor,0.060985587537288666
2020-12-14,300346.SZ,tucker,"(3, 2, 2)",cn_a,INDUSTRY_C39,-0.5832094831219402,-0.5761893839826594,-0.5832094831219402,0.012183653190732002,1,value_factor,0.4718100428581238,quality_factor,0.439664751291275,momentum_factor,0.07817726582288742
2020-12-14,300223.SZ,tucker,"(3, 2, 2)",cn_a,INDUSTRY_C39,-0.5982674224349249,-0.5910660707099616,-0.5982674224349249,0.012183653190732002,1,quality_factor,0.469827800989151,value_factor,0.4506177008152008,momentum_factor,0.07515707612037659
2020-12-15,600060.SH,tucker,"(3, 2, 2)",cn_a,INDUSTRY_C39,1.026635471211761,1.019678022375588,1.026635471211761,0.0068231564946472645,1,value_factor,0.5445275902748108,quality_factor,0.33616575598716736,momentum_factor,0.08854051679372787
2020-12-15,600707.SH,tucker,"(3, 2, 2)",cn_a,INDUSTRY_C39,0.6418292372805522,0.6374795978952418,0.6418292372805522,0.0068231564946472645,0,quality_factor,0.49016740918159485,value_factor,0.4363272786140442,momentum_factor,0.07312048971652985
2020-12-15,600601.SH,tucker,"(3, 2, 2)",cn_a,INDUSTRY_C39,0.3075559513566683,0.30547166257469305,0.3075559513566683,0.0068231564946472645,2,quality_factor,0.7802281975746155,value_factor,0.1106254979968071,volatility_factor,0.09951081871986389
2020-12-15,600699.SH,tucker,"(3, 2, 2)",cn_a,INDUSTRY_C39,0.2764583599990308,0.2745848177837445,0.2764583599990308,0.0068231564946472645,0,value_factor,0.5817904472351074,quality_factor,0.28312960267066956,momentum_factor,0.09385097026824951
2020-12-15,600363.SH,tucker,"(3, 2, 2)",cn_a,INDUSTRY_C39,0.27040704613370703,0.26857451332028753,0.27040704613370703,0.0068231564946472645,0,value_factor,0.585778534412384,quality_factor,0.27745336294174194,momentum_factor,0.09441933035850525
2020-12-15,600498.SH,tucker,"(3, 2, 2)",cn_a,INDUSTRY_C39,0.23568204896004863,0.23408484543141103,0.23568204896004863,0.0068231564946472645,2,value_factor,0.6205570101737976,quality_factor,0.22795313596725464,momentum_factor,0.09937573969364166
2020-12-15,603920.SH,tucker,"(3, 2, 2)",cn_a,INDUSTRY_C39,0.08837873830900007,0.08777980074329857,0.08837873830900007,0.0068231564946472645,0,quality_factor,0.8813406825065613,volatility_factor,0.0985526591539383,value_factor,0.013552539050579071
2020-12-15,600884.SH,tucker,"(3, 2, 2)",cn_a,INDUSTRY_C39,0.014027373959967877,0.013932311263062276,0.014027373959967877,0.0068231564946472645,2,value_factor,0.512623131275177,quality_factor,0.312156617641449,volatility_factor,0.09805518388748169
2020-12-15,600171.SH,tucker,"(3, 2, 2)",cn_a,INDUSTRY_C39,-0.010816166223209338,-0.010742865694237064,-0.010816166223209338,0.0068231564946472645,2,value_factor,0.46656128764152527,quality_factor,0.3657894730567932,volatility_factor,0.09822198003530502
2020-12-15,600563.SH,tucker,"(3, 2, 2)",cn_a,INDUSTRY_C39,-0.02201264443463851,-0.02186346602448471,-0.02201264443463851,0.0068231564946472645,2,value_factor,0.546461284160614,quality_factor,0.2727566957473755,volatility_factor,0.09793265908956528
2020-12-15,002429.SZ,tucker,"(3, 2, 2)",cn_a,INDUSTRY_C39,-0.028308924804677765,-0.028117076868912266,-0.028308924804677765,0.0068231564946472645,0,value_factor,0.6101656556129456,quality_factor,0.19858162105083466,volatility_factor,0.09770197421312332
2020-12-15,603228.SH,tucker,"(3, 2, 2)",cn_a,INDUSTRY_C39,-0.038191886249025454,-0.03793306205875965,-0.038191886249025454,0.0068231564946472645,2,value_factor,0.6263482570648193,quality_factor,0.17973929643630981,volatility_factor,0.09764339029788971
2020-12-15,601231.SH,tucker,"(3, 2, 2)",cn_a,INDUSTRY_C39,-0.08404337215936675,-0.08347381511773436,-0.08404337215936675,0.0068231564946472645,0,value_factor,0.7102087140083313,momentum_factor,0.1121523305773735,quality_factor,0.10035187751054764
2020-12-15,002130.SZ,tucker,"(3, 2, 2)",cn_a,INDUSTRY_C39,-0.10988431403762108,-0.10913963443687405,-0.10988431403762108,0.0068231564946472645,0,quality_factor,0.6749579310417175,value_factor,0.20103566348552704,volatility_factor,0.09918344765901566
2020-12-15,688100.SH,tucker,"(3, 2, 2)",cn_a,INDUSTRY_C39,-0.1432632123379666,-0.14229232588615648,-0.1432632123379666,0.0068231564946472645,1,value_factor,0.5350229740142822,quality_factor,0.34969362616539,momentum_factor,0.08718597888946533
2020-12-15,600764.SH,tucker,"(3, 2, 2)",cn_a,INDUSTRY_C39,-0.1771264379053465,-0.17592606234477343,-0.1771264379053465,0.0068231564946472645,1,quality_factor,0.49956652522087097,value_factor,0.4268762767314911,momentum_factor,0.07173370569944382
2020-12-15,600118.SH,tucker,"(3, 2, 2)",cn_a,INDUSTRY_C39,-0.18483376997494036,-0.18358116227351373,-0.18483376997494036,0.0068231564946472645,2,quality_factor,0.5826789140701294,value_factor,0.33671167492866516,momentum_factor,0.05843891203403473
2020-12-15,002273.SZ,tucker,"(3, 2, 2)",cn_a,INDUSTRY_C39,-0.2312565251227512,-0.22968931311158464,-0.2312565251227512,0.0068231564946472645,0,value_factor,0.4860963821411133,quality_factor,0.4193309545516968,momentum_factor,0.0802132710814476
2020-12-15,603160.SH,tucker,"(3, 2, 2)",cn_a,INDUSTRY_C39,-0.24281435056342765,-0.2411688118419381,-0.24281435056342765,0.0068231564946472645,2,value_factor,0.6591888666152954,quality_factor,0.17296840250492096,momentum_factor,0.10488130152225494
2020-12-15,002152.SZ,tucker,"(3, 2, 2)",cn_a,INDUSTRY_C39,-0.2502995307211927,-0.24860326536942637,-0.2502995307211927,0.0068231564946472645,0,quality_factor,0.5652521252632141,value_factor,0.3556171655654907,momentum_factor,0.061226535588502884
2020-12-15,605358.SH,tucker,"(3, 2, 2)",cn_a,INDUSTRY_C39,-0.28308412080743667,-0.2811656761967843,-0.28308412080743667,0.0068231564946472645,1,value_factor,0.45869502425193787,quality_factor,0.45833128690719604,momentum_factor,0.07630819827318192
2020-12-15,002465.SZ,tucker,"(3, 2, 2)",cn_a,INDUSTRY_C39,-0.2996438108198482,-0.29761314215378865,-0.2996438108198482,0.0068231564946472645,2,quality_factor,0.7157431244850159,value_factor,0.1923566460609436,volatility_factor,0.054746516048908234
2020-12-15,002138.SZ,tucker,"(3, 2, 2)",cn_a,INDUSTRY_C39,-0.3058000359657717,-0.3037276469202028,-0.3058000359657717,0.0068231564946472645,0,quality_factor,0.4756772816181183,value_factor,0.44650787115097046,momentum_factor,0.07457136362791061
2020-12-15,300073.SZ,tucker,"(3, 2, 2)",cn_a,INDUSTRY_C39,-0.3314708290508772,-0.32922447053466186,-0.3314708290508772,0.0068231564946472645,2,value_factor,0.6820934414863586,quality_factor,0.1403682678937912,momentum_factor,0.10814552009105682
2020-12-15,002436.SZ,tucker,"(3, 2, 2)",cn_a,INDUSTRY_C39,-0.33234734100682184,-0.33009504242009574,-0.33234734100682184,0.0068231564946472645,1,value_factor,0.5253368020057678,quality_factor,0.3634800612926483,momentum_factor,0.08580555766820908
2020-12-15,300919.SZ,tucker,"(3, 2, 2)",cn_a,INDUSTRY_C39,-0.33651869184925576,-0.3342381242606514,-0.33651869184925576,0.0068231564946472645,1,quality_factor,0.4759826958179474,value_factor,0.44629329442977905,momentum_factor,0.07454078644514084
2020-12-15,688608.SH,tucker,"(3, 2, 2)",cn_a,INDUSTRY_C39,-0.33651869184925576,-0.3342381242606514,-0.33651869184925576,0.0068231564946472645,1,quality_factor,0.4759826958179474,value_factor,0.44629329442977905,momentum_factor,0.07454078644514084
2020-12-15,689009.SH,tucker,"(3, 2, 2)",cn_a,INDUSTRY_C39,-0.33651869184925576,-0.3342381242606514,-0.33651869184925576,0.0068231564946472645,1,quality_factor,0.4759826958179474,value_factor,0.44629329442977905,momentum_factor,0.07454078644514084
2020-12-15,002025.SZ,tucker,"(3, 2, 2)",cn_a,INDUSTRY_C39,-0.3416681019999575,-0.3393526371584678,-0.3416681019999575,0.0068231564946472645,0,value_factor,0.5492916107177734,quality_factor,0.32938525080680847,momentum_factor,0.08921945095062256
2020-12-15,002583.SZ,tucker,"(3, 2, 2)",cn_a,INDUSTRY_C39,-0.34626716995476053,-0.343920537497416,-0.34626716995476053,0.0068231564946472645,0,quality_factor,0.5311883687973022,value_factor,0.39257127046585083,momentum_factor,0.06667542457580566
2020-12-15,002402.SZ,tucker,"(3, 2, 2)",cn_a,INDUSTRY_C39,-0.36272027761031983,-0.36026214339999724,-0.36272027761031983,0.0068231564946472645,1,value_factor,0.5328775644302368,quality_factor,0.3527473211288452,momentum_factor,0.08688022196292877
2020-12-15,603659.SH,tucker,"(3, 2, 2)",cn_a,INDUSTRY_C39,-0.3689782405057257,-0.3664776964450869,-0.3689782405057257,0.0068231564946472645,1,value_factor,0.5661250352859497,quality_factor,0.3054261803627014,momentum_factor,0.09161844849586487
2020-12-15,600435.SH,tucker,"(3, 2, 2)",cn_a,INDUSTRY_C39,-0.3712087667414564,-0.3686931065343391,-0.3712087667414564,0.0068231564946472645,2,quality_factor,0.6788498163223267,value_factor,0.23238041996955872,volatility_factor,0.045714523643255234
2020-12-15,002281.SZ,tucker,"(3, 2, 2)",cn_a,INDUSTRY_C39,-0.3789648611063,-0.3763966382990923,-0.3789648611063,0.0068231564946472645,1,quality_factor,0.5187121629714966,value_factor,0.40610605478286743,momentum_factor,0.06867113709449768
2020-12-15,603019.SH,tucker,"(3, 2, 2)",cn_a,INDUSTRY_C39,-0.38094500036643364,-0.37836335827070805,-0.38094500036643364,0.0068231564946472645,1,value_factor,0.4867151379585266,quality_factor,0.418450266122818,momentum_factor,0.0803014487028122
2020-12-15,688981.SH,tucker,"(3, 2, 2)",cn_a,INDUSTRY_C39,-0.39334897421358955,-0.3906832711090378,-0.39334897421358955,0.0068231564946472645,1,quality_factor,0.48477014899253845,value_factor,0.44011935591697693,momentum_factor,0.07366091758012772
2020-12-15,688008.SH,tucker,"(3, 2, 2)",cn_a,INDUSTRY_C39,-0.4080894593547895,-0.4053238608403614,-0.4080894593547895,0.0068231564946472645,1,value_factor,0.5070807337760925,quality_factor,0.38946396112442017,momentum_factor,0.08320382237434387
2020-12-15,002156.SZ,tucker,"(3, 2, 2)",cn_a,INDUSTRY_C39,-0.4088303305144701,-0.406059711159313,-0.4088303305144701,0.0068231564946472645,2,quality_factor,0.5682991743087769,value_factor,0.35231155157089233,momentum_factor,0.06073911860585213
2020-12-15,300735.SZ,tucker,"(3, 2, 2)",cn_a,INDUSTRY_C39,-0.42021049336357796,-0.4173627513071406,-0.42021049336357796,0.0068231564946472645,1,value_factor,0.55729740858078,quality_factor,0.3179904520511627,momentum_factor,0.09036038815975189
2020-12-15,300570.SZ,tucker,"(3, 2, 2)",cn_a,INDUSTRY_C39,-0.42258084606146995,-0.41971704026275825,-0.42258084606146995,0.0068231564946472645,1,value_factor,0.4972825348377228,quality_factor,0.4034097194671631,momentum_factor,0.0818074494600296
2020-12-15,603486.SH,tucker,"(3, 2, 2)",cn_a,INDUSTRY_C39,-0.43620803411421066,-0.433251877655195,-0.43620803411421066,0.0068231564946472645,1,value_factor,0.47461169958114624,quality_factor,0.435677170753479,momentum_factor,0.07857654988765717
2020-12-15,688027.SH,tucker,"(3, 2, 2)",cn_a,INDUSTRY_C39,-0.44351478591895654,-0.4405091120282276,-0.44351478591895654,0.0068231564946472645,1,value_factor,0.4589119553565979,quality_factor,0.4580225646495819,momentum_factor,0.07633911818265915
2020-12-15,300054.SZ,tucker,"(3, 2, 2)",cn_a,INDUSTRY_C39,-0.4469314920428674,-0.44390266333359585,-0.4469314920428674,0.0068231564946472645,1,quality_factor,0.482418954372406,value_factor,0.4417712688446045,momentum_factor,0.07389633357524872
2020-12-15,002185.SZ,tucker,"(3, 2, 2)",cn_a,INDUSTRY_C39,-0.44916642842444376,-0.44612245368139203,-0.44916642842444376,0.0068231564946472645,2,quality_factor,0.5593547224998474,value_factor,0.3620149791240692,momentum_factor,0.062169887125492096
2020-12-15,688002.SH,tucker,"(3, 2, 2)",cn_a,INDUSTRY_C39,-0.4512001900367371,-0.44814243260960784,-0.4512001900367371,0.0068231564946472645,1,value_factor,0.4964580237865448,quality_factor,0.4045833945274353,momentum_factor,0.08168994635343552
2020-12-15,002841.SZ,tucker,"(3, 2, 2)",cn_a,INDUSTRY_C39,-0.4589628881470331,-0.45585252336661486,-0.4589628881470331,0.0068231564946472645,2,value_factor,0.5845634341239929,quality_factor,0.2791827321052551,momentum_factor,0.09424616396427155
2020-12-15,300679.SZ,tucker,"(3, 2, 2)",cn_a,INDUSTRY_C39,-0.4871798251926433,-0.48387823587214884,-0.4871798251926433,0.0068231564946472645,2,quality_factor,0.586923360824585,value_factor,0.3321070373058319,momentum_factor,0.057759955525398254
2020-12-15,603290.SH,tucker,"(3, 2, 2)",cn_a,INDUSTRY_C39,-0.4902453826811591,-0.48692301825598655,-0.4902453826811591,0.0068231564946472645,1,value_factor,0.5358907580375671,quality_factor,0.3484586477279663,momentum_factor,0.08730964362621307
2020-12-15,603501.SH,tucker,"(3, 2, 2)",cn_a,INDUSTRY_C39,-0.49668044469737815,-0.4933144702314551,-0.49668044469737815,0.0068231564946472645,1,value_factor,0.4708257019519806,quality_factor,0.4410656988620758,momentum_factor,0.07803698629140854
2020-12-15,300627.SZ,tucker,"(3, 2, 2)",cn_a,INDUSTRY_C39,-0.499549250161599,-0.4961638339680151,-0.499549250161599,0.0068231564946472645,1,value_factor,0.511946439743042,quality_factor,0.3825385570526123,momentum_factor,0.08389726281166077
2020-12-15,300037.SZ,tucker,"(3, 2, 2)",cn_a,INDUSTRY_C39,-0.5017647805728264,-0.49836434985859385,-0.5017647805728264,0.0068231564946472645,1,value_factor,0.48573777079582214,quality_factor,0.41984134912490845,momentum_factor,0.0801621600985527
2020-12-15,300136.SZ,tucker,"(3, 2, 2)",cn_a,INDUSTRY_C39,-0.5023096064747594,-0.4989054835070995,-0.5023096064747594,0.0068231564946472645,1,value_factor,0.5444657206535339,quality_factor,0.3362538516521454,momentum_factor,0.08853170275688171
2020-12-15,600562.SH,tucker,"(3, 2, 2)",cn_a,INDUSTRY_C39,-0.5168734413343087,-0.5133706201054498,-0.5168734413343087,0.0068231564946472645,2,quality_factor,0.5981236696243286,value_factor,0.3199564516544342,momentum_factor,0.05596834793686867
2020-12-15,300857.SZ,tucker,"(3, 2, 2)",cn_a,INDUSTRY_C39,-0.5170715754838232,-0.5135674115113649,-0.5170715754838232,0.0068231564946472645,1,value_factor,0.47462648153305054,quality_factor,0.4356560707092285,momentum_factor,0.0785786584019661
2020-12-15,688019.SH,tucker,"(3, 2, 2)",cn_a,INDUSTRY_C39,-0.519647731060815,-0.5161261086319487,-0.519647731060815,0.0068231564946472645,1,value_factor,0.4882185161113739,quality_factor,0.4163106381893158,momentum_factor,0.08051570504903793
2020-12-15,300623.SZ,tucker,"(3, 2, 2)",cn_a,INDUSTRY_C39,-0.5372396595216468,-0.5335988176174867,-0.5372396595216468,0.0068231564946472645,1,value_factor,0.497349351644516,quality_factor,0.40331459045410156,momentum_factor,0.08181697130203247
2020-12-15,300373.SZ,tucker,"(3, 2, 2)",cn_a,INDUSTRY_C39,-0.5388040756685012,-0.5351526318071661,-0.5388040756685012,0.0068231564946472645,1,value_factor,0.477137953042984,quality_factor,0.4320814609527588,momentum_factor,0.07893656939268112
2020-12-15,300458.SZ,tucker,"(3, 2, 2)",cn_a,INDUSTRY_C39,-0.5390772618705235,-0.5354239666421973,-0.5390772618705235,0.0068231564946472645,1,quality_factor,0.5202207565307617,value_factor,0.4044695496559143,momentum_factor,0.06842982769012451
2020-12-15,002414.SZ,tucker,"(3, 2, 2)",cn_a,INDUSTRY_C39,-0.5425540685717272,-0.5388772112267439,-0.5425540685717272,0.0068231564946472645,1,value_factor,0.4952426850795746,quality_factor,0.40631312131881714,momentum_factor,0.08151674270629883
2020-12-15,300390.SZ,tucker,"(3, 2, 2)",cn_a,INDUSTRY_C39,-0.5498904142635272,-0.5461638389307806,-0.5498904142635272,0.0068231564946472645,1,value_factor,0.4952346682548523,quality_factor,0.40632450580596924,momentum_factor,0.0815155953168869
2020-12-15,300474.SZ,tucker,"(3, 2, 2)",cn_a,INDUSTRY_C39,-0.5660148723359704,-0.5621790224893424,-0.5660148723359704,0.0068231564946472645,1,quality_factor,0.471721351146698,value_factor,0.4492872953414917,momentum_factor,0.07496746629476547
2020-12-15,300115.SZ,tucker,"(3, 2, 2)",cn_a,INDUSTRY_C39,-0.5768631822724999,-0.5729538140608252,-0.5768631822724999,0.0068231564946472645,2,quality_factor,0.5657955408096313,value_factor,0.35502761602401733,momentum_factor,0.061139605939388275
2020-12-15,300346.SZ,tucker,"(3, 2, 2)",cn_a,INDUSTRY_C39,-0.5807649623349993,-0.5768291519869325,-0.5807649623349993,0.0068231564946472645,1,value_factor,0.4718785285949707,quality_factor,0.4395672380924225,momentum_factor,0.07818702608346939
2020-12-15,300223.SZ,tucker,"(3, 2, 2)",cn_a,INDUSTRY_C39,-0.5953791147892066,-0.5913442651805304,-0.5953791147892066,0.0068231564946472645,1,quality_factor,0.46955710649490356,value_factor,0.45080792903900146,momentum_factor,0.0751841813325882
2020-12-16,600060.SH,tucker,"(3, 2, 2)",cn_a,INDUSTRY_C39,1.0283821905672617,1.0203063239879877,1.0283821905672617,0.007915173657238483,1,value_factor,0.5443004369735718,quality_factor,0.3364890217781067,momentum_factor,0.08850814402103424
2020-12-16,600707.SH,tucker,"(3, 2, 2)",cn_a,INDUSTRY_C39,0.6370929104681494,0.632089831466262,0.6370929104681494,0.007915173657238483,0,quality_factor,0.4900420010089874,value_factor,0.4364154040813446,momentum_factor,0.07313305884599686
2020-12-16,600601.SH,tucker,"(3, 2, 2)",cn_a,INDUSTRY_C39,0.30257471844632094,0.3001986047029606,0.30257471844632094,0.007915173657238483,2,quality_factor,0.7739648818969727,value_factor,0.11600479483604431,volatility_factor,0.09949135035276413
2020-12-16,600699.SH,tucker,"(3, 2, 2)",cn_a,INDUSTRY_C39,0.27255011396872675,0.27040978289651785,0.27255011396872675,0.007915173657238483,0,value_factor,0.5831713080406189,quality_factor,0.2811640799045563,momentum_factor,0.09404776990413666
2020-12-16,600363.SH,tucker,"(3, 2, 2)",cn_a,INDUSTRY_C39,0.26842266390938224,0.2663147456271824,0.26842266390938224,0.007915173657238483,0,value_factor,0.586412787437439,quality_factor,0.2765505611896515,momentum_factor,0.09450972825288773
2020-12-16,600498.SH,tucker,"(3, 2, 2)",cn_a,INDUSTRY_C39,0.23520742978055062,0.23336035012593903,0.23520742978055062,0.007915173657238483,2,value_factor,0.6205558180809021,quality_factor,0.22795480489730835,momentum_factor,0.09937556087970734
2020-12-16,603920.SH,tucker,"(3, 2, 2)",cn_a,INDUSTRY_C39,0.08533035155003511,0.0846602538561996,0.08533035155003511,0.007915173657238483,0,quality_factor,0.8671634197235107,volatility_factor,0.09903418272733688,value_factor,0.02995532937347889
2020-12-16,600884.SH,tucker,"(3, 2, 2)",cn_a,INDUSTRY_C39,0.010542920892918776,0.010460127527506559,0.010542920892918776,0.007915173657238483,2,value_factor,0.5095202922821045,quality_factor,0.3157695233821869,volatility_factor,0.09806641936302185
2020-12-16,600171.SH,tucker,"(3, 2, 2)",cn_a,INDUSTRY_C39,-0.011719553497769906,-0.011627520057979932,-0.011719553497769906,0.007915173657238483,2,value_factor,0.4636426866054535,quality_factor,0.36918771266937256,volatility_factor,0.09823253750801086
2020-12-16,600563.SH,tucker,"(3, 2, 2)",cn_a,INDUSTRY_C39,-0.02545664148414619,-0.02525673094303795,-0.02545664148414619,0.007915173657238483,2,value_factor,0.5538104772567749,quality_factor,0.2641996145248413,volatility_factor,0.09790603816509247
2020-12-16,002429.SZ,tucker,"(3, 2, 2)",cn_a,INDUSTRY_C39,-0.03515329617081612,-0.03487723797737286,-0.03515329617081612,0.007915173657238483,0,value_factor,0.6365076303482056,quality_factor,0.16791005432605743,momentum_factor,0.09797574579715729
2020-12-16,603228.SH,tucker,"(3, 2, 2)",cn_a,INDUSTRY_C39,-0.04096902839090392,-0.04064729935844671,-0.04096902839090392,0.007915173657238483,2,value_factor,0.6356714367866516,quality_factor,0.16888371109962463,momentum_factor,0.09783528000116348
2020-12-16,601231.SH,tucker,"(3, 2, 2)",cn_a,INDUSTRY_C39,-0.08743737987891863,-0.08675073573005998,-0.08743737987891863,0.007915173657238483,0,value_factor,0.7023674249649048,quality_factor,0.11151230335235596,momentum_factor,0.11103484034538269
2020-12-16,002130.SZ,tucker,"(3, 2, 2)",cn_a,INDUSTRY_C39,-0.1156209810829791,-0.11471301162808621,-0.1156209810829791,0.007915173657238483,0,quality_factor,0.6954343318939209,value_factor,0.18344976007938385,volatility_factor,0.09924712777137756
2020-12-16,688100.SH,tucker,"(3, 2, 2)",cn_a,INDUSTRY_C39,-0.144353930752826,-0.14322032196842013,-0.144353930752826,0.007915173657238483,1,value_factor,0.5344101190567017,quality_factor,0.3505660593509674,momentum_factor,0.0870986357331276
2020-12-16,600764.SH,tucker,"(3, 2, 2)",cn_a,INDUSTRY_C39,-0.1789606382373076,-0.17755526361043955,-0.1789606382373076,0.007915173657238483,1,quality_factor,0.49893712997436523,value_factor,0.4275590777397156,momentum_factor,0.07183438539505005
2020-12-16,600118.SH,tucker,"(3, 2, 2)",cn_a,INDUSTRY_C39,-0.18502675327736695,-0.18357374155976805,-0.18502675327736695,0.007915173657238483,2,quality_factor,0.5819876194000244,value_factor,0.33746159076690674,momentum_factor,0.05854949355125427
2020-12-16,002273.SZ,tucker,"(3, 2, 2)",cn_a,INDUSTRY_C39,-0.23518115987591356,-0.23333428651838378,-0.23518115987591356,0.007915173657238483,0,value_factor,0.4856877326965332,quality_factor,0.41991254687309265,momentum_factor,0.08015502989292145
2020-12-16,603160.SH,tucker,"(3, 2, 2)",cn_a,INDUSTRY_C39,-0.244491940589436,-0.2425719498408419,-0.244491940589436,0.007915173657238483,2,value_factor,0.6577236652374268,quality_factor,0.17505379021167755,momentum_factor,0.10467249155044556
2020-12-16,002152.SZ,tucker,"(3, 2, 2)",cn_a,INDUSTRY_C39,-0.2550047897843759,-0.2530022418228652,-0.2550047897843759,0.007915173657238483,0,quality_factor,0.5628837943077087,value_factor,0.3581864535808563,momentum_factor,0.06160537898540497
2020-12-16,605358.SH,tucker,"(3, 2, 2)",cn_a,INDUSTRY_C39,-0.28580914020179016,-0.28356468623848935,-0.28580914020179016,0.007915173657238483,1,value_factor,0.4588325619697571,quality_factor,0.45813560485839844,momentum_factor,0.07632780820131302
2020-12-16,002465.SZ,tucker,"(3, 2, 2)",cn_a,INDUSTRY_C39,-0.30344529021428146,-0.30106233988671127,-0.30344529021428146,0.007915173657238483,2,quality_factor,0.7113350629806519,value_factor,0.197138711810112,volatility_factor,0.05366736277937889
2020-12-16,002138.SZ,tucker,"(3, 2, 2)",cn_a,INDUSTRY_C39,-0.3094086488325721,-0.30697886835857635,-0.3094086488325721,0.007915173657238483,0,quality_factor,0.47523021697998047,value_factor,0.44682204723358154,momentum_factor,0.07461614161729813
2020-12-16,002436.SZ,tucker,"(3, 2, 2)",cn_a,INDUSTRY_C39,-0.3350742377847227,-0.3324429059089648,-0.3350742377847227,0.007915173657238483,1,value_factor,0.5247753858566284,quality_factor,0.3642790615558624,momentum_factor,0.0857255607843399
2020-12-16,300073.SZ,tucker,"(3, 2, 2)",cn_a,INDUSTRY_C39,-0.3378924022455516,-0.33523893937570143,-0.3378924022455516,0.007915173657238483,2,value_factor,0.6783695220947266,quality_factor,0.14566855132579803,momentum_factor,0.10761481523513794
2020-12-16,300919.SZ,tucker,"(3, 2, 2)",cn_a,INDUSTRY_C39,-0.33942097104073027,-0.3367555043480209,-0.33942097104073027,0.007915173657238483,1,quality_factor,0.47557419538497925,value_factor,0.44658032059669495,momentum_factor,0.07458169013261795
2020-12-16,688608.SH,tucker,"(3, 2, 2)",cn_a,INDUSTRY_C39,-0.33942097104073027,-0.3367555043480209,-0.33942097104073027,0.007915173657238483,1,quality_factor,0.47557419538497925,value_factor,0.44658032059669495,momentum_factor,0.07458169013261795
2020-12-16,689009.SH,tucker,"(3, 2, 2)",cn_a,INDUSTRY_C39,-0.33942097104073027,-0.3367555043480209,-0.33942097104073027,0.007915173657238483,1,quality_factor,0.47557419538497925,value_factor,0.44658032059669495,momentum_factor,0.07458169013261795
2020-12-16,002025.SZ,tucker,"(3, 2, 2)",cn_a,INDUSTRY_C39,-0.34665733654144343,-0.3439350428024874,-0.34665733654144343,0.007915173657238483,0,value_factor,0.5479738712310791,quality_factor,0.3312607407569885,momentum_factor,0.0890316590666771
2020-12-16,002583.SZ,tucker,"(3, 2, 2)",cn_a,INDUSTRY_C39,-0.3533269091484788,-0.3505522393775288,-0.3533269091484788,0.007915173657238483,0,quality_factor,0.52949458360672,value_factor,0.3944087326526642,momentum_factor,0.0669463649392128
2020-12-16,002402.SZ,tucker,"(3, 2, 2)",cn_a,INDUSTRY_C39,-0.3660683659141514,-0.3631936377156936,-0.3660683659141514,0.007915173657238483,1,value_factor,0.5321716070175171,quality_factor,0.35375213623046875,momentum_factor,0.08677961677312851
2020-12-16,603659.SH,tucker,"(3, 2, 2)",cn_a,INDUSTRY_C39,-0.37120029877362976,-0.36828526960006064,-0.37120029877362976,0.007915173657238483,1,value_factor,0.5653931498527527,quality_factor,0.3064678907394409,momentum_factor,0.09151414036750793
2020-12-16,600435.SH,tucker,"(3, 2, 2)",cn_a,INDUSTRY_C39,-0.3723602695420185,-0.3694361311391694,-0.3723602695420185,0.007915173657238483,2,quality_factor,0.6772530674934387,value_factor,0.23411263525485992,volatility_factor,0.04532362148165703
2020-12-16,002281.SZ,tucker,"(3, 2, 2)",cn_a,INDUSTRY_C39,-0.38199071476897506,-0.37899094865547,-0.38199071476897506,0.007915173657238483,1,quality_factor,0.5179416537284851,value_factor,0.4069419801235199,momentum_factor,0.06879439204931259
2020-12-16,603019.SH,tucker,"(3, 2, 2)",cn_a,INDUSTRY_C39,-0.3828304133793635,-0.3798240531279917,-0.3828304133793635,0.007915173657238483,1,value_factor,0.48664426803588867,quality_factor,0.41855117678642273,momentum_factor,0.08029135316610336
2020-12-16,688981.SH,tucker,"(3, 2, 2)",cn_a,INDUSTRY_C39,-0.396381957291993,-0.39326917701352876,-0.396381957291993,0.007915173657238483,1,quality_factor,0.4842762053012848,value_factor,0.44046634435653687,momentum_factor,0.0737103670835495
2020-12-16,688008.SH,tucker,"(3, 2, 2)",cn_a,INDUSTRY_C39,-0.4095475747326539,-0.4063314051006402,-0.4095475747326539,0.007915173657238483,1,value_factor,0.506923258304596,quality_factor,0.3896881639957428,momentum_factor,0.08318138122558594
2020-12-16,002156.SZ,tucker,"(3, 2, 2)",cn_a,INDUSTRY_C39,-0.4114734720255168,-0.40824217835720106,-0.4114734720255168,0.007915173657238483,2,quality_factor,0.5671114325523376,value_factor,0.35360005497932434,momentum_factor,0.060929108411073685
2020-12-16,300735.SZ,tucker,"(3, 2, 2)",cn_a,INDUSTRY_C39,-0.4243032553353905,-0.42097120961282686,-0.4243032553353905,0.007915173657238483,1,value_factor,0.5562974810600281,quality_factor,0.3194137513637543,momentum_factor,0.09021788090467453
2020-12-16,300570.SZ,tucker,"(3, 2, 2)",cn_a,INDUSTRY_C39,-0.4272492201057036,-0.42389403977554907,-0.4272492201057036,0.007915173657238483,1,value_factor,0.4968947172164917,quality_factor,0.4039616584777832,momentum_factor,0.08175218105316162
2020-12-16,603486.SH,tucker,"(3, 2, 2)",cn_a,INDUSTRY_C39,-0.4390761177948462,-0.43562806105292534,-0.4390761177948462,0.007915173657238483,1,value_factor,0.47460538148880005,quality_factor,0.4356861412525177,momentum_factor,0.07857563346624374
2020-12-16,688027.SH,tucker,"(3, 2, 2)",cn_a,INDUSTRY_C39,-0.44661623009057705,-0.44310896098437025,-0.44661623009057705,0.007915173657238483,1,value_factor,0.45905423164367676,quality_factor,0.4578200876712799,momentum_factor,0.07635939121246338
2020-12-16,300054.SZ,tucker,"(3, 2, 2)",cn_a,INDUSTRY_C39,-0.45163319491942,-0.44808652767994883,-0.45163319491942,0.007915173657238483,1,quality_factor,0.48189494013786316,value_factor,0.44213947653770447,momentum_factor,0.07394880801439285
2020-12-16,002185.SZ,tucker,"(3, 2, 2)",cn_a,INDUSTRY_C39,-0.45193129073815963,-0.4483822825576628,-0.45193129073815963,0.007915173657238483,2,quality_factor,0.5582863688468933,value_factor,0.3631739318370819,momentum_factor,0.06234077736735344
2020-12-16,688002.SH,tucker,"(3, 2, 2)",cn_a,INDUSTRY_C39,-0.4533760352866991,-0.44981568155362256,-0.4533760352866991,0.007915173657238483,1,value_factor,0.49631819128990173,quality_factor,0.40478241443634033,momentum_factor,0.08167001605033875
2020-12-16,002841.SZ,tucker,"(3, 2, 2)",cn_a,INDUSTRY_C39,-0.4624186384630983,-0.45878727333226343,-0.4624186384630983,0.007915173657238483,2,value_factor,0.5835355520248413,quality_factor,0.2806457579135895,momentum_factor,0.09409967809915543
2020-12-16,300679.SZ,tucker,"(3, 2, 2)",cn_a,INDUSTRY_C39,-0.4914274627977689,-0.48756829189871165,-0.4914274627977689,0.007915173657238483,2,quality_factor,0.5852698683738708,value_factor,0.3339008688926697,momentum_factor,0.05802445858716965
2020-12-16,603290.SH,tucker,"(3, 2, 2)",cn_a,INDUSTRY_C39,-0.49150378094589914,-0.48764401072181707,-0.49150378094589914,0.007915173657238483,1,value_factor,0.5356361269950867,quality_factor,0.34882110357284546,momentum_factor,0.08727335929870605
2020-12-16,603501.SH,tucker,"(3, 2, 2)",cn_a,INDUSTRY_C39,-0.4977742380434311,-0.4938652260341692,-0.4977742380434311,0.007915173657238483,1,value_factor,0.470918208360672,quality_factor,0.44093412160873413,momentum_factor,0.0780501738190651
2020-12-16,300627.SZ,tucker,"(3, 2, 2)",cn_a,INDUSTRY_C39,-0.5028863612128118,-0.49893720379357354,-0.5028863612128118,0.007915173657238483,1,value_factor,0.5115974545478821,quality_factor,0.3830353319644928,momentum_factor,0.0838475152850151
2020-12-16,300037.SZ,tucker,"(3, 2, 2)",cn_a,INDUSTRY_C39,-0.5055531251187495,-0.501583025651214,-0.5055531251187495,0.007915173657238483,1,value_factor,0.4856005311012268,quality_factor,0.42003679275512695,momentum_factor,0.08014260232448578
2020-12-16,300136.SZ,tucker,"(3, 2, 2)",cn_a,INDUSTRY_C39,-0.5056520387014692,-0.5016811624673734,-0.5056520387014692,0.007915173657238483,1,value_factor,0.5438439846038818,quality_factor,0.3371387720108032,momentum_factor,0.0884430930018425
2020-12-16,600562.SH,tucker,"(3, 2, 2)",cn_a,INDUSTRY_C39,-0.5190018191831605,-0.5149261073665141,-0.5190018191831605,0.007915173657238483,2,quality_factor,0.5969465970993042,value_factor,0.3212333023548126,momentum_factor,0.056156620383262634
2020-12-16,300857.SZ,tucker,"(3, 2, 2)",cn_a,INDUSTRY_C39,-0.5206695141160124,-0.5165807059214861,-0.5206695141160124,0.007915173657238483,1,value_factor,0.47461315989494324,quality_factor,0.43567508459091187,momentum_factor,0.07857675105333328
2020-12-16,688019.SH,tucker,"(3, 2, 2)",cn_a,INDUSTRY_C39,-0.5213407930955245,-0.5172467133594199,-0.5213407930955245,0.007915173657238483,1,value_factor,0.4881882667541504,quality_factor,0.41635364294052124,momentum_factor,0.08051139116287231
2020-12-16,300623.SZ,tucker,"(3, 2, 2)",cn_a,INDUSTRY_C39,-0.5404367571426323,-0.5361927171492793,-0.5404367571426323,0.007915173657238483,1,value_factor,0.49715882539749146,quality_factor,0.403585821390152,momentum_factor,0.08178981393575668
2020-12-16,300373.SZ,tucker,"(3, 2, 2)",cn_a,INDUSTRY_C39,-0.5423177612464855,-0.5380589497622246,-0.5423177612464855,0.007915173657238483,1,value_factor,0.47710907459259033,quality_factor,0.4321226179599762,momentum_factor,0.07893244922161102
2020-12-16,300458.SZ,tucker,"(3, 2, 2)",cn_a,INDUSTRY_C39,-0.5424181555373134,-0.5381585556585184,-0.5424181555373134,0.007915173657238483,1,quality_factor,0.5195270776748657,value_factor,0.40522193908691406,momentum_factor,0.06854076683521271
2020-12-16,002414.SZ,tucker,"(3, 2, 2)",cn_a,INDUSTRY_C39,-0.5447357999596131,-0.5404579996614561,-0.5447357999596131,0.007915173657238483,1,value_factor,0.4951416850090027,quality_factor,0.406456857919693,momentum_factor,0.08150234818458557
2020-12-16,300390.SZ,tucker,"(3, 2, 2)",cn_a,INDUSTRY_C39,-0.552847984203544,-0.5485064790705295,-0.552847984203544,0.007915173657238483,1,value_factor,0.49508318305015564,quality_factor,0.4065401256084442,momentum_factor,0.08149401098489761
2020-12-16,300474.SZ,tucker,"(3, 2, 2)",cn_a,INDUSTRY_C39,-0.5685591277292739,-0.5640942432728081,-0.5685591277292739,0.007915173657238483,1,quality_factor,0.4714028239250183,value_factor,0.4495111405849457,momentum_factor,0.0749993771314621
2020-12-16,300115.SZ,tucker,"(3, 2, 2)",cn_a,INDUSTRY_C39,-0.579741878844795,-0.5751891764478528,-0.579741878844795,0.007915173657238483,2,quality_factor,0.5647809505462646,value_factor,0.3561282753944397,momentum_factor,0.06130189821124077
2020-12-16,300346.SZ,tucker,"(3, 2, 2)",cn_a,INDUSTRY_C39,-0.5825856717654279,-0.5780106371145661,-0.5825856717654279,0.007915173657238483,1,value_factor,0.47195109724998474,quality_factor,0.4394640624523163,momentum_factor,0.07819737493991852
2020-12-16,300223.SZ,tucker,"(3, 2, 2)",cn_a,INDUSTRY_C39,-0.5968415264522029,-0.5921545408345897,-0.5968415264522029,0.007915173657238483,1,quality_factor,0.46927040815353394,value_factor,0.4510093629360199,momentum_factor,0.07521289587020874
2020-12-17,600060.SH,tucker,"(3, 2, 2)",cn_a,INDUSTRY_C39,1.0211496748394808,1.0126696041279195,1.0211496748394808,0.008373967371881008,1,value_factor,0.5440114140510559,quality_factor,0.3369004428386688,momentum_factor,0.08846694976091385
2020-12-17,600707.SH,tucker,"(3, 2, 2)",cn_a,INDUSTRY_C39,0.62525124478747,0.6200588867042899,0.62525124478747,0.008373967371881008,0,quality_factor,0.48987913131713867,value_factor,0.4365297555923462,momentum_factor,0.07314935326576233
2020-12-17,600601.SH,tucker,"(3, 2, 2)",cn_a,INDUSTRY_C39,0.29349467381662253,0.2910573664867026,0.29349467381662253,0.008373967371881008,2,quality_factor,0.7659231424331665,value_factor,0.12291131168603897,volatility_factor,0.09946633875370026
2020-12-17,600699.SH,tucker,"(3, 2, 2)",cn_a,INDUSTRY_C39,0.2651032100860997,0.2629016778104855,0.2651032100860997,0.008373967371881008,0,value_factor,0.5849864482879639,quality_factor,0.27858060598373413,momentum_factor,0.09430645406246185
2020-12-17,600363.SH,tucker,"(3, 2, 2)",cn_a,INDUSTRY_C39,0.26344758576133953,0.261259802509685,0.26344758576133953,0.008373967371881008,0,value_factor,0.587235152721405,quality_factor,0.2753802239894867,momentum_factor,0.09462692588567734
2020-12-17,600498.SH,tucker,"(3, 2, 2)",cn_a,INDUSTRY_C39,0.23244736443185676,0.23051702049142697,0.23244736443185676,0.008373967371881008,2,value_factor,0.6205543279647827,quality_factor,0.22795696556568146,momentum_factor,0.09937535226345062
2020-12-17,603920.SH,tucker,"(3, 2, 2)",cn_a,INDUSTRY_C39,0.0806902798412927,0.080020192687911,0.0806902798412927,0.008373967371881008,0,quality_factor,0.8488049507141113,volatility_factor,0.09965771436691284,value_factor,0.05119556188583374
2020-12-17,600884.SH,tucker,"(3, 2, 2)",cn_a,INDUSTRY_C39,0.006037849199634521,0.005987708275712968,0.006037849199634521,0.008373967371881008,2,value_factor,0.5055270791053772,quality_factor,0.320419043302536,volatility_factor,0.09808088093996048
2020-12-17,600171.SH,tucker,"(3, 2, 2)",cn_a,INDUSTRY_C39,-0.0127548456476349,-0.012648923865870637,-0.0127548456476349,0.008373967371881008,2,value_factor,0.4598865509033203,quality_factor,0.37356123328208923,volatility_factor,0.09824614226818085
2020-12-17,600563.SH,tucker,"(3, 2, 2)",cn_a,INDUSTRY_C39,-0.029579992750920808,-0.02933434763507164,-0.029579992750920808,0.008373967371881008,2,value_factor,0.5632261037826538,quality_factor,0.2532363533973694,volatility_factor,0.09787194430828094
2020-12-17,002429.SZ,tucker,"(3, 2, 2)",cn_a,INDUSTRY_C39,-0.04348951453342366,-0.04312835870334137,-0.04348951453342366,0.008373967371881008,0,value_factor,0.6699785590171814,quality_factor,0.12893778085708618,momentum_factor,0.10359836369752884
2020-12-17,603228.SH,tucker,"(3, 2, 2)",cn_a,INDUSTRY_C39,-0.044106294061139646,-0.043740016225794716,-0.044106294061139646,0.008373967371881008,2,value_factor,0.6476028561592102,quality_factor,0.15499110519886017,momentum_factor,0.09983958303928375
2020-12-17,601231.SH,tucker,"(3, 2, 2)",cn_a,INDUSTRY_C39,-0.09092839757075401,-0.09017328863805991,-0.09092839757075401,0.008373967371881008,0,value_factor,0.692983090877533,quality_factor,0.12486893683671951,momentum_factor,0.10969744622707367
2020-12-17,002130.SZ,tucker,"(3, 2, 2)",cn_a,INDUSTRY_C39,-0.1218169817117661,-0.12080536055158,-0.1218169817117661,0.008373967371881008,0,quality_factor,0.7219569087028503,value_factor,0.1606711447238922,volatility_factor,0.09932959824800491
2020-12-17,688100.SH,tucker,"(3, 2, 2)",cn_a,INDUSTRY_C39,-0.14440840633261043,-0.14320917616369622,-0.14440840633261043,0.008373967371881008,1,value_factor,0.5336396098136902,quality_factor,0.35166260600090027,momentum_factor,0.08698882907629013
2020-12-17,600764.SH,tucker,"(3, 2, 2)",cn_a,INDUSTRY_C39,-0.17963796185082834,-0.17814617014143444,-0.17963796185082834,0.008373967371881008,1,quality_factor,0.4981524348258972,value_factor,0.4284104108810425,momentum_factor,0.07195992022752762
2020-12-17,600118.SH,tucker,"(3, 2, 2)",cn_a,INDUSTRY_C39,-0.18357203440365136,-0.18204757244595368,-0.18357203440365136,0.008373967371881008,2,quality_factor,0.5811075568199158,value_factor,0.33841630816459656,momentum_factor,0.05869026482105255
2020-12-17,002273.SZ,tucker,"(3, 2, 2)",cn_a,INDUSTRY_C39,-0.23798694272598284,-0.23601059571978916,-0.23798694272598284,0.008373967371881008,0,value_factor,0.4851849377155304,quality_factor,0.42062830924987793,momentum_factor,0.08008337765932083
2020-12-17,603160.SH,tucker,"(3, 2, 2)",cn_a,INDUSTRY_C39,-0.2443694414017935,-0.24234009135263668,-0.2443694414017935,0.008373967371881008,2,value_factor,0.6558740139007568,quality_factor,0.17768633365631104,momentum_factor,0.10440890491008759
2020-12-17,002152.SZ,tucker,"(3, 2, 2)",cn_a,INDUSTRY_C39,-0.2586161447697211,-0.2564684839039001,-0.2586161447697211,0.008373967371881008,0,quality_factor,0.5599895119667053,value_factor,0.3613263964653015,momentum_factor,0.06206836178898811
2020-12-17,605358.SH,tucker,"(3, 2, 2)",cn_a,INDUSTRY_C39,-0.28663240665566525,-0.28425208657472595,-0.28663240665566525,0.008373967371881008,1,value_factor,0.45900431275367737,quality_factor,0.4578911364078522,momentum_factor,0.07635228335857391
2020-12-17,002465.SZ,tucker,"(3, 2, 2)",cn_a,INDUSTRY_C39,-0.30546848285312733,-0.3029317398089158,-0.30546848285312733,0.008373967371881008,2,quality_factor,0.7058833241462708,value_factor,0.2030530720949173,volatility_factor,0.05233270302414894
2020-12-17,002138.SZ,tucker,"(3, 2, 2)",cn_a,INDUSTRY_C39,-0.31113308717970417,-0.3085493027992165,-0.31113308717970417,0.008373967371881008,0,quality_factor,0.47467464208602905,value_factor,0.4472123682498932,momentum_factor,0.07467176765203476
2020-12-17,002436.SZ,tucker,"(3, 2, 2)",cn_a,INDUSTRY_C39,-0.33544754021436735,-0.33266183804834126,-0.33544754021436735,0.008373967371881008,1,value_factor,0.5240708589553833,quality_factor,0.3652819097042084,momentum_factor,0.08562514930963516
2020-12-17,300919.SZ,tucker,"(3, 2, 2)",cn_a,INDUSTRY_C39,-0.33997624362096995,-0.337152933133592,-0.33997624362096995,0.008373967371881008,1,quality_factor,0.4750629961490631,value_factor,0.44693949818611145,momentum_factor,0.07463288307189941
2020-12-17,688608.SH,tucker,"(3, 2, 2)",cn_a,INDUSTRY_C39,-0.33997624362096995,-0.337152933133592,-0.33997624362096995,0.008373967371881008,1,quality_factor,0.4750629961490631,value_factor,0.44693949818611145,momentum_factor,0.07463288307189941
2020-12-17,689009.SH,tucker,"(3, 2, 2)",cn_a,INDUSTRY_C39,-0.33997624362096995,-0.337152933133592,-0.33997624362096995,0.008373967371881008,1,quality_factor,0.4750629961490631,value_factor,0.44693949818611145,momentum_factor,0.07463288307189941
2020-12-17,300073.SZ,tucker,"(3, 2, 2)",cn_a,INDUSTRY_C39,-0.3429140572587057,-0.3400663498900486,-0.3429140572587057,0.008373967371881008,2,value_factor,0.6737657189369202,quality_factor,0.1522211730480194,momentum_factor,0.10695870220661163
2020-12-17,002025.SZ,tucker,"(3, 2, 2)",cn_a,INDUSTRY_C39,-0.3497864265167209,-0.34688164800687865,-0.3497864265167209,0.008373967371881008,0,value_factor,0.5463401079177856,quality_factor,0.33358609676361084,momentum_factor,0.08879882097244263
2020-12-17,002583.SZ,tucker,"(3, 2, 2)",cn_a,INDUSTRY_C39,-0.3590142084695913,-0.3560327984478372,-0.3590142084695913,0.008373967371881008,0,quality_factor,0.5274307727813721,value_factor,0.39664769172668457,momentum_factor,0.0672765001654625
2020-12-17,002402.SZ,tucker,"(3, 2, 2)",cn_a,INDUSTRY_C39,-0.36694297347446453,-0.363895719542113,-0.36694297347446453,0.008373967371881008,1,value_factor,0.5312871932983398,quality_factor,0.35501086711883545,momentum_factor,0.08665356785058975
2020-12-17,600435.SH,tucker,"(3, 2, 2)",cn_a,INDUSTRY_C39,-0.370398150834366,-0.36732220360753,-0.370398150834366,0.008373967371881008,2,quality_factor,0.6752311587333679,value_factor,0.2363061159849167,volatility_factor,0.0448286272585392
2020-12-17,603659.SH,tucker,"(3, 2, 2)",cn_a,INDUSTRY_C39,-0.3706032173078745,-0.3675255671199165,-0.3706032173078745,0.008373967371881008,1,value_factor,0.5644695162773132,quality_factor,0.30778247117996216,momentum_factor,0.09138251096010208
2020-12-17,603019.SH,tucker,"(3, 2, 2)",cn_a,INDUSTRY_C39,-0.38170064887039423,-0.3785308407875795,-0.38170064887039423,0.008373967371881008,1,value_factor,0.4865547716617584,quality_factor,0.41867855191230774,momentum_factor,0.08027859777212143
2020-12-17,002281.SZ,tucker,"(3, 2, 2)",cn_a,INDUSTRY_C39,-0.3823114603524197,-0.37913657982558757,-0.3823114603524197,0.008373967371881008,1,quality_factor,0.5169760584831238,value_factor,0.4079895317554474,momentum_factor,0.06894885003566742
2020-12-17,688981.SH,tucker,"(3, 2, 2)",cn_a,INDUSTRY_C39,-0.3965795858807533,-0.39328621663832647,-0.3965795858807533,0.008373967371881008,1,quality_factor,0.48365694284439087,value_factor,0.44090142846107483,momentum_factor,0.0737723782658577
2020-12-17,688008.SH,tucker,"(3, 2, 2)",cn_a,INDUSTRY_C39,-0.4076319152810358,-0.40424676269170967,-0.4076319152810358,0.008373967371881008,1,value_factor,0.5067237019538879,quality_factor,0.3899722099304199,momentum_factor,0.08315294235944748
2020-12-17,002156.SZ,tucker,"(3, 2, 2)",cn_a,INDUSTRY_C39,-0.41103933591168207,-0.40762588662050714,-0.41103933591168207,0.008373967371881008,2,quality_factor,0.5656183362007141,value_factor,0.35521984100341797,momentum_factor,0.061167944222688675
2020-12-17,300735.SZ,tucker,"(3, 2, 2)",cn_a,INDUSTRY_C39,-0.42558527090068254,-0.4220510258434101,-0.42558527090068254,0.008373967371881008,1,value_factor,0.5550451874732971,quality_factor,0.3211961090564728,momentum_factor,0.09003940969705582
2020-12-17,300570.SZ,tucker,"(3, 2, 2)",cn_a,INDUSTRY_C39,-0.42923240793460116,-0.4256678754662817,-0.42923240793460116,0.008373967371881008,1,value_factor,0.4964113235473633,quality_factor,0.4046497344970703,momentum_factor,0.08168328553438187
2020-12-17,603486.SH,tucker,"(3, 2, 2)",cn_a,INDUSTRY_C39,-0.43867312146463394,-0.43503018920804165,-0.43867312146463394,0.008373967371881008,1,value_factor,0.47459739446640015,quality_factor,0.4356974959373474,momentum_factor,0.07857450842857361
2020-12-17,688027.SH,tucker,"(3, 2, 2)",cn_a,INDUSTRY_C39,-0.4464392326723306,-0.44273180725296524,-0.4464392326723306,0.008373967371881008,1,value_factor,0.45923304557800293,quality_factor,0.45756569504737854,momentum_factor,0.07638487964868546
2020-12-17,002185.SZ,tucker,"(3, 2, 2)",cn_a,INDUSTRY_C39,-0.45127967364397253,-0.447532051099028,-0.45127967364397253,0.008373967371881008,2,quality_factor,0.556942343711853,value_factor,0.3646320402622223,momentum_factor,0.06255577504634857
2020-12-17,688002.SH,tucker,"(3, 2, 2)",cn_a,INDUSTRY_C39,-0.45196597260017246,-0.4482126507304166,-0.45196597260017246,0.008373967371881008,1,value_factor,0.4961414337158203,quality_factor,0.40503382682800293,momentum_factor,0.08164483308792114
2020-12-17,300054.SZ,tucker,"(3, 2, 2)",cn_a,INDUSTRY_C39,-0.45343466065990873,-0.44966914216618414,-0.45343466065990873,0.008373967371881008,1,quality_factor,0.48124197125434875,value_factor,0.4425981342792511,momentum_factor,0.07401417940855026
2020-12-17,002841.SZ,tucker,"(3, 2, 2)",cn_a,INDUSTRY_C39,-0.46254478912413255,-0.4587036161642004,-0.46254478912413255,0.008373967371881008,2,value_factor,0.5822417736053467,quality_factor,0.28248724341392517,momentum_factor,0.09391529858112335
2020-12-17,603290.SH,tucker,"(3, 2, 2)",cn_a,INDUSTRY_C39,-0.4885829540443373,-0.4845255488462102,-0.4885829540443373,0.008373967371881008,1,value_factor,0.5353126525878906,quality_factor,0.3492814898490906,momentum_factor,0.08722725510597229
2020-12-17,300679.SZ,tucker,"(3, 2, 2)",cn_a,INDUSTRY_C39,-0.4922890986368293,-0.4882009160032429,-0.4922890986368293,0.008373967371881008,2,quality_factor,0.5832023620605469,value_factor,0.3361436426639557,momentum_factor,0.05835515633225441
2020-12-17,603501.SH,tucker,"(3, 2, 2)",cn_a,INDUSTRY_C39,-0.49458759162637667,-0.49048032130803493,-0.49458759162637667,0.008373967371881008,1,value_factor,0.4710356891155243,quality_factor,0.440766841173172,momentum_factor,0.07806691527366638
2020-12-17,300627.SZ,tucker,"(3, 2, 2)",cn_a,INDUSTRY_C39,-0.5024908543796124,-0.4983179519324546,-0.5024908543796124,0.008373967371881008,1,value_factor,0.5111580491065979,quality_factor,0.3836606442928314,momentum_factor,0.08378490060567856
2020-12-17,300136.SZ,tucker,"(3, 2, 2)",cn_a,INDUSTRY_C39,-0.5052378700992504,-0.5010421552396498,-0.5052378700992504,0.008373967371881008,1,value_factor,0.5430607795715332,quality_factor,0.33825352787971497,momentum_factor,0.08833146840333939
2020-12-17,300037.SZ,tucker,"(3, 2, 2)",cn_a,INDUSTRY_C39,-0.5057039996254,-0.5015044138236252,-0.5057039996254,0.008373967371881008,1,value_factor,0.485428124666214,quality_factor,0.42028218507766724,momentum_factor,0.08011803030967712
2020-12-17,600562.SH,tucker,"(3, 2, 2)",cn_a,INDUSTRY_C39,-0.5169291456297381,-0.5126363413368745,-0.5169291456297381,0.008373967371881008,2,quality_factor,0.5954591035842896,value_factor,0.32284700870513916,momentum_factor,0.05639456585049629
2020-12-17,688019.SH,tucker,"(3, 2, 2)",cn_a,INDUSTRY_C39,-0.5186959146948825,-0.5143884383838294,-0.5186959146948825,0.008373967371881008,1,value_factor,0.4881499707698822,quality_factor,0.4164081811904907,momentum_factor,0.08050593733787537
2020-12-17,300857.SZ,tucker,"(3, 2, 2)",cn_a,INDUSTRY_C39,-0.5204407066015817,-0.5161187407802146,-0.5204407066015817,0.008373967371881008,1,value_factor,0.47459638118743896,quality_factor,0.4356990158557892,momentum_factor,0.07857436686754227
2020-12-17,300623.SZ,tucker,"(3, 2, 2)",cn_a,INDUSTRY_C39,-0.539519337946461,-0.5350389348784583,-0.539519337946461,0.008373967371881008,1,value_factor,0.496918648481369,quality_factor,0.4039275646209717,momentum_factor,0.08175558596849442
2020-12-17,300458.SZ,tucker,"(3, 2, 2)",cn_a,INDUSTRY_C39,-0.5416644636636722,-0.5371662465393999,-0.5416644636636722,0.008373967371881008,1,quality_factor,0.5186543464660645,value_factor,0.4061688184738159,momentum_factor,0.06868038326501846
2020-12-17,300373.SZ,tucker,"(3, 2, 2)",cn_a,INDUSTRY_C39,-0.5417835945673591,-0.537284388128286,-0.5417835945673591,0.008373967371881008,1,value_factor,0.47707274556159973,quality_factor,0.432174414396286,momentum_factor,0.07892727851867676
2020-12-17,002414.SZ,tucker,"(3, 2, 2)",cn_a,INDUSTRY_C39,-0.5424943426796416,-0.5379892338793391,-0.5424943426796416,0.008373967371881008,1,value_factor,0.49501386284828186,quality_factor,0.4066387712955475,momentum_factor,0.08148413151502609
2020-12-17,300390.SZ,tucker,"(3, 2, 2)",cn_a,INDUSTRY_C39,-0.5515135758852266,-0.5469335674524491,-0.5515135758852266,0.008373967371881008,1,value_factor,0.4948920011520386,quality_factor,0.4068121314048767,momentum_factor,0.08146676421165466
2020-12-17,300474.SZ,tucker,"(3, 2, 2)",cn_a,INDUSTRY_C39,-0.5665575691823854,-0.5618526288908535,-0.5665575691823854,0.008373967371881008,1,quality_factor,0.4710003733634949,value_factor,0.44979384541511536,momentum_factor,0.07503966987133026
2020-12-17,300115.SZ,tucker,"(3, 2, 2)",cn_a,INDUSTRY_C39,-0.5780607531849723,-0.5732602854539733,-0.5780607531849723,0.008373967371881008,2,quality_factor,0.5635011792182922,value_factor,0.35751667618751526,momentum_factor,0.061506617814302444
2020-12-17,300346.SZ,tucker,"(3, 2, 2)",cn_a,INDUSTRY_C39,-0.5795399489574641,-0.5747271973418828,-0.5795399489574641,0.008373967371881008,1,value_factor,0.47204291820526123,quality_factor,0.4393332600593567,momentum_factor,0.07821045815944672
2020-12-17,300223.SZ,tucker,"(3, 2, 2)",cn_a,INDUSTRY_C39,-0.593211618608152,-0.5882853315058154,-0.593211618608152,0.008373967371881008,1,quality_factor,0.4689064621925354,value_factor,0.45126503705978394,momentum_factor,0.0752493292093277
2020-12-18,600060.SH,tucker,"(3, 2, 2)",cn_a,INDUSTRY_C39,1.0201871022020397,1.0161424506428103,1.0201871022020397,0.003980403766036034,1,value_factor,0.5441544651985168,quality_factor,0.3366968631744385,momentum_factor,0.08848734200000763
2020-12-18,600707.SH,tucker,"(3, 2, 2)",cn_a,INDUSTRY_C39,0.6283004487445912,0.6258094778391622,0.6283004487445912,0.003980403766036034,0,quality_factor,0.4899601936340332,value_factor,0.4364728629589081,momentum_factor,0.07314124703407288
2020-12-18,600601.SH,tucker,"(3, 2, 2)",cn_a,INDUSTRY_C39,0.2966544406252466,0.2954783192615895,0.2966544406252466,0.003980403766036034,2,quality_factor,0.7699124813079834,value_factor,0.11948508769273758,volatility_factor,0.09947874397039413
2020-12-18,600699.SH,tucker,"(3, 2, 2)",cn_a,INDUSTRY_C39,0.2675868506969469,0.2665259712067391,0.2675868506969469,0.003980403766036034,0,value_factor,0.5840800404548645,quality_factor,0.27987080812454224,momentum_factor,0.09417727589607239
2020-12-18,600363.SH,tucker,"(3, 2, 2)",cn_a,INDUSTRY_C39,0.2647253051288101,0.26367577057201597,0.2647253051288101,0.003980403766036034,0,value_factor,0.5868260860443115,quality_factor,0.27596238255500793,momentum_factor,0.09456862509250641
2020-12-18,600498.SH,tucker,"(3, 2, 2)",cn_a,INDUSTRY_C39,0.2327748875568738,0.23185202418222994,0.2327748875568738,0.003980403766036034,2,value_factor,0.62055504322052,quality_factor,0.2279559075832367,momentum_factor,0.09937546402215958
2020-12-18,603920.SH,tucker,"(3, 2, 2)",cn_a,INDUSTRY_C39,0.08261117771614457,0.08228365600170791,0.08261117771614457,0.003980403766036034,0,quality_factor,0.857934296131134,volatility_factor,0.09934764355421066,value_factor,0.040633078664541245
2020-12-18,600884.SH,tucker,"(3, 2, 2)",cn_a,INDUSTRY_C39,0.008222376218580997,0.008189777642573448,0.008222376218580997,0.003980403766036034,2,value_factor,0.5075093507766724,quality_factor,0.31811094284057617,volatility_factor,0.09807369112968445
2020-12-18,600171.SH,tucker,"(3, 2, 2)",cn_a,INDUSTRY_C39,-0.012190332921147186,-0.01214200291486636,-0.012190332921147186,0.003980403766036034,2,value_factor,0.46175116300582886,quality_factor,0.371390163898468,volatility_factor,0.09823939204216003
2020-12-18,600563.SH,tucker,"(3, 2, 2)",cn_a,INDUSTRY_C39,-0.02742542819610937,-0.027316696865673517,-0.02742542819610937,0.003980403766036034,2,value_factor,0.5585579872131348,quality_factor,0.2586717903614044,volatility_factor,0.09788884967565536
2020-12-18,002429.SZ,tucker,"(3, 2, 2)",cn_a,INDUSTRY_C39,-0.03920569684005051,-0.03905026125131143,-0.03920569684005051,0.003980403766036034,0,value_factor,0.6534228920936584,quality_factor,0.14821453392505646,momentum_factor,0.1008172556757927
2020-12-18,603228.SH,tucker,"(3, 2, 2)",cn_a,INDUSTRY_C39,-0.04237153436900921,-0.04220354744564717,-0.04237153436900921,0.003980403766036034,2,value_factor,0.6416891813278198,quality_factor,0.16187667846679688,momentum_factor,0.0988461822271347
2020-12-18,601231.SH,tucker,"(3, 2, 2)",cn_a,INDUSTRY_C39,-0.08881309912515734,-0.08846098916505178,-0.08881309912515734,0.003980403766036034,0,value_factor,0.6975473761558533,quality_factor,0.11837274581193924,momentum_factor,0.1103479191660881
2020-12-18,002130.SZ,tucker,"(3, 2, 2)",cn_a,INDUSTRY_C39,-0.1182375087285257,-0.11776874224147056,-0.1182375087285257,0.003980403766036034,0,quality_factor,0.7087665796279907,value_factor,0.17199955880641937,volatility_factor,0.09928858280181885
2020-12-18,688100.SH,tucker,"(3, 2, 2)",cn_a,INDUSTRY_C39,-0.14374352436950716,-0.1431736362884725,-0.14374352436950716,0.003980403766036034,1,value_factor,0.5340195894241333,quality_factor,0.3511218726634979,momentum_factor,0.08704297989606857
2020-12-18,600764.SH,tucker,"(3, 2, 2)",cn_a,INDUSTRY_C39,-0.17851168941349663,-0.17780395885959283,-0.17851168941349663,0.003980403766036034,1,quality_factor,0.4985384941101074,value_factor,0.4279915690422058,momentum_factor,0.07189815491437912
2020-12-18,600118.SH,tucker,"(3, 2, 2)",cn_a,INDUSTRY_C39,-0.18347484008750467,-0.18274743253997,-0.18347484008750467,0.003980403766036034,2,quality_factor,0.5815431475639343,value_factor,0.3379438519477844,momentum_factor,0.058620598167181015
2020-12-18,002273.SZ,tucker,"(3, 2, 2)",cn_a,INDUSTRY_C39,-0.23555812074600865,-0.23462422291657326,-0.23555812074600865,0.003980403766036034,0,value_factor,0.48543140292167664,quality_factor,0.42027747631073,momentum_factor,0.08011849969625473
2020-12-18,603160.SH,tucker,"(3, 2, 2)",cn_a,INDUSTRY_C39,-0.24334969333699316,-0.2423849049031177,-0.24334969333699316,0.003980403766036034,2,value_factor,0.6567872762680054,quality_factor,0.17638662457466125,momentum_factor,0.10453904420137405
2020-12-18,002152.SZ,tucker,"(3, 2, 2)",cn_a,INDUSTRY_C39,-0.2557007657724074,-0.25468701006157246,-0.2557007657724074,0.003980403766036034,0,quality_factor,0.5614054203033447,value_factor,0.35979023575782776,momentum_factor,0.06184185668826103
2020-12-18,605358.SH,tucker,"(3, 2, 2)",cn_a,INDUSTRY_C39,-0.2849616908177361,-0.2838319267336786,-0.2849616908177361,0.003980403766036034,1,value_factor,0.4589197635650635,quality_factor,0.4580114483833313,momentum_factor,0.07634022831916809
2020-12-18,002465.SZ,tucker,"(3, 2, 2)",cn_a,INDUSTRY_C39,-0.30312557445665717,-0.30192379752307114,-0.30312557445665717,0.003980403766036034,2,quality_factor,0.7085594534873962,value_factor,0.20014987885951996,volatility_factor,0.05298784747719765
2020-12-18,002138.SZ,tucker,"(3, 2, 2)",cn_a,INDUSTRY_C39,-0.3089117832852178,-0.3076870662473019,-0.3089117832852178,0.003980403766036034,0,quality_factor,0.4749476909637451,value_factor,0.4470204710960388,momentum_factor,0.07464441657066345
2020-12-18,002436.SZ,tucker,"(3, 2, 2)",cn_a,INDUSTRY_C39,-0.3337819634839481,-0.33245864569632466,-0.3337819634839481,0.003980403766036034,1,value_factor,0.5244181752204895,quality_factor,0.36478760838508606,momentum_factor,0.08567465096712112
2020-12-18,300919.SZ,tucker,"(3, 2, 2)",cn_a,INDUSTRY_C39,-0.3382013386856544,-0.3368604997661113,-0.3382013386856544,0.003980403766036034,1,quality_factor,0.47531479597091675,value_factor,0.4467626214027405,momentum_factor,0.07460767030715942
2020-12-18,688608.SH,tucker,"(3, 2, 2)",cn_a,INDUSTRY_C39,-0.3382013386856544,-0.3368604997661113,-0.3382013386856544,0.003980403766036034,1,quality_factor,0.47531479597091675,value_factor,0.4467626214027405,momentum_factor,0.07460767030715942
2020-12-18,689009.SH,tucker,"(3, 2, 2)",cn_a,INDUSTRY_C39,-0.3382013386856544,-0.3368604997661113,-0.3382013386856544,0.003980403766036034,1,quality_factor,0.47531479597091675,value_factor,0.4467626214027405,momentum_factor,0.07460767030715942
2020-12-18,300073.SZ,tucker,"(3, 2, 2)",cn_a,INDUSTRY_C39,-0.33893395136683635,-0.33759020791829375,-0.33893395136683635,0.003980403766036034,2,value_factor,0.6760253310203552,quality_factor,0.14900504052639008,momentum_factor,0.10728073120117188
2020-12-18,002025.SZ,tucker,"(3, 2, 2)",cn_a,INDUSTRY_C39,-0.34670487247907517,-0.34533032030130495,-0.34670487247907517,0.003980403766036034,0,value_factor,0.5471425652503967,quality_factor,0.33244386315345764,momentum_factor,0.08891318738460541
2020-12-18,002583.SZ,tucker,"(3, 2, 2)",cn_a,INDUSTRY_C39,-0.35463623981571474,-0.3532302428008203,-0.35463623981571474,0.003980403766036034,0,quality_factor,0.5284396409988403,value_factor,0.39555323123931885,momentum_factor,0.06711512058973312
2020-12-18,002402.SZ,tucker,"(3, 2, 2)",cn_a,INDUSTRY_C39,-0.3648921639110364,-0.36344550608079357,-0.3648921639110364,0.003980403766036034,1,value_factor,0.531722903251648,quality_factor,0.3543907403945923,momentum_factor,0.08671566843986511
2020-12-18,603659.SH,tucker,"(3, 2, 2)",cn_a,INDUSTRY_C39,-0.36925857696678294,-0.36779460797926705,-0.36925857696678294,0.003980403766036034,1,value_factor,0.564925491809845,quality_factor,0.3071335256099701,momentum_factor,0.09144748747348785
2020-12-18,600435.SH,tucker,"(3, 2, 2)",cn_a,INDUSTRY_C39,-0.3697244130883802,-0.3682585972388608,-0.3697244130883802,0.003980403766036034,2,quality_factor,0.676230251789093,value_factor,0.23522219061851501,volatility_factor,0.04507322609424591
2020-12-18,002281.SZ,tucker,"(3, 2, 2)",cn_a,INDUSTRY_C39,-0.3804645872245753,-0.37895619069355874,-0.3804645872245753,0.003980403766036034,1,quality_factor,0.517451822757721,value_factor,0.4074733853340149,momentum_factor,0.06887274980545044
2020-12-18,603019.SH,tucker,"(3, 2, 2)",cn_a,INDUSTRY_C39,-0.38056842367066246,-0.37905961546786265,-0.38056842367066246,0.003980403766036034,1,value_factor,0.4865989685058594,quality_factor,0.4186156392097473,momentum_factor,0.08028489351272583
2020-12-18,688981.SH,tucker,"(3, 2, 2)",cn_a,INDUSTRY_C39,-0.39473009067313025,-0.393165136878606,-0.39473009067313025,0.003980403766036034,1,quality_factor,0.48396211862564087,value_factor,0.44068706035614014,momentum_factor,0.07374182343482971
2020-12-18,688008.SH,tucker,"(3, 2, 2)",cn_a,INDUSTRY_C39,-0.40677083728303176,-0.4051581465347223,-0.40677083728303176,0.003980403766036034,1,value_factor,0.5068222880363464,quality_factor,0.3898318111896515,momentum_factor,0.08316700160503387
2020-12-18,002156.SZ,tucker,"(3, 2, 2)",cn_a,INDUSTRY_C39,-0.4094360295870099,-0.4078127723708588,-0.4094360295870099,0.003980403766036034,2,quality_factor,0.5663546919822693,value_factor,0.35442107915878296,momentum_factor,0.0610501691699028
2020-12-18,300735.SZ,tucker,"(3, 2, 2)",cn_a,INDUSTRY_C39,-0.4230753531117066,-0.42139802119588327,-0.4230753531117066,0.003980403766036034,1,value_factor,0.5556620955467224,quality_factor,0.3203181326389313,momentum_factor,0.09012732654809952
2020-12-18,300570.SZ,tucker,"(3, 2, 2)",cn_a,INDUSTRY_C39,-0.426362219464889,-0.42467185638145766,-0.426362219464889,0.003980403766036034,1,value_factor,0.4966491758823395,quality_factor,0.40431126952171326,momentum_factor,0.08171719312667847
2020-12-18,603486.SH,tucker,"(3, 2, 2)",cn_a,INDUSTRY_C39,-0.4369324166071673,-0.4352001467359903,-0.4369324166071673,0.003980403766036034,1,value_factor,0.47460129857063293,quality_factor,0.4356918931007385,momentum_factor,0.07857506722211838
2020-12-18,688027.SH,tucker,"(3, 2, 2)",cn_a,INDUSTRY_C39,-0.4445532829528348,-0.44279079926217196,-0.4445532829528348,0.003980403766036034,1,value_factor,0.45914483070373535,quality_factor,0.45769110321998596,momentum_factor,0.07637231051921844
2020-12-18,002185.SZ,tucker,"(3, 2, 2)",cn_a,INDUSTRY_C39,-0.4496052898069346,-0.4478227768418812,-0.4496052898069346,0.003980403766036034,2,quality_factor,0.5576052665710449,value_factor,0.36391282081604004,momentum_factor,0.062449727207422256
2020-12-18,300054.SZ,tucker,"(3, 2, 2)",cn_a,INDUSTRY_C39,-0.4505467159158877,-0.4487604705564811,-0.4505467159158877,0.003980403766036034,1,quality_factor,0.4815632104873657,value_factor,0.442372590303421,momentum_factor,0.07398203015327454
2020-12-18,688002.SH,tucker,"(3, 2, 2)",cn_a,INDUSTRY_C39,-0.4506608211608146,-0.448874123417766,-0.4506608211608146,0.003980403766036034,1,value_factor,0.49622872471809387,quality_factor,0.4049096703529358,momentum_factor,0.08165726810693741
2020-12-18,002841.SZ,tucker,"(3, 2, 2)",cn_a,INDUSTRY_C39,-0.4604388754986756,-0.45861341151104457,-0.4604388754986756,0.003980403766036034,2,value_factor,0.5828800201416016,quality_factor,0.28157883882522583,momentum_factor,0.0940062627196312
2020-12-18,603290.SH,tucker,"(3, 2, 2)",cn_a,INDUSTRY_C39,-0.487857514419598,-0.4859233460184098,-0.487857514419598,0.003980403766036034,1,value_factor,0.5354726910591125,quality_factor,0.3490538001060486,momentum_factor,0.08725006133317947
2020-12-18,300679.SZ,tucker,"(3, 2, 2)",cn_a,INDUSTRY_C39,-0.4896907486680667,-0.4877493121944382,-0.4896907486680667,0.003980403766036034,2,quality_factor,0.5842204093933105,value_factor,0.3350393772125244,momentum_factor,0.058192335069179535
2020-12-18,603501.SH,tucker,"(3, 2, 2)",cn_a,INDUSTRY_C39,-0.49396608862949015,-0.492007702068565,-0.49396608862949015,0.003980403766036034,1,value_factor,0.4709776043891907,quality_factor,0.44084954261779785,momentum_factor,0.0780586376786232
2020-12-18,300627.SZ,tucker,"(3, 2, 2)",cn_a,INDUSTRY_C39,-0.5004644615208657,-0.49848031139755977,-0.5004644615208657,0.003980403766036034,1,value_factor,0.511374831199646,quality_factor,0.3833521902561188,momentum_factor,0.0838157907128334
2020-12-18,300136.SZ,tucker,"(3, 2, 2)",cn_a,INDUSTRY_C39,-0.5032084978080285,-0.5012134686306515,-0.5032084978080285,0.003980403766036034,1,value_factor,0.5434472560882568,quality_factor,0.33770349621772766,momentum_factor,0.08838655054569244
2020-12-18,300037.SZ,tucker,"(3, 2, 2)",cn_a,INDUSTRY_C39,-0.5033952293867996,-0.5013994598901522,-0.5033952293867996,0.003980403766036034,1,value_factor,0.4855131208896637,quality_factor,0.42016124725341797,momentum_factor,0.08013014495372772
2020-12-18,600562.SH,tucker,"(3, 2, 2)",cn_a,INDUSTRY_C39,-0.5156621474559255,-0.5136177443221853,-0.5156621474559255,0.003980403766036034,2,quality_factor,0.5961937308311462,value_factor,0.3220500648021698,momentum_factor,0.05627705529332161
2020-12-18,688019.SH,tucker,"(3, 2, 2)",cn_a,INDUSTRY_C39,-0.5177019624114287,-0.515649472191778,-0.5177019624114287,0.003980403766036034,1,value_factor,0.4881688952445984,quality_factor,0.41638123989105225,momentum_factor,0.08050863444805145
2020-12-18,300857.SZ,tucker,"(3, 2, 2)",cn_a,INDUSTRY_C39,-0.5182531725160759,-0.5161984969592411,-0.5182531725160759,0.003980403766036034,1,value_factor,0.47460460662841797,quality_factor,0.43568721413612366,momentum_factor,0.07857553660869598
2020-12-18,300623.SZ,tucker,"(3, 2, 2)",cn_a,INDUSTRY_C39,-0.5375854838080583,-0.535454163033065,-0.5375854838080583,0.003980403766036034,1,value_factor,0.49703720211982727,quality_factor,0.4037589132785797,momentum_factor,0.08177248388528824
2020-12-18,300458.SZ,tucker,"(3, 2, 2)",cn_a,INDUSTRY_C39,-0.539640768465112,-0.53750129927276,-0.539640768465112,0.003980403766036034,1,quality_factor,0.5190848708152771,value_factor,0.40570175647735596,momentum_factor,0.0686115175485611
2020-12-18,300373.SZ,tucker,"(3, 2, 2)",cn_a,INDUSTRY_C39,-0.5396516241518746,-0.5375121119208778,-0.5396516241518746,0.003980403766036034,1,value_factor,0.47709059715270996,quality_factor,0.43214884400367737,momentum_factor,0.07892981916666031
2020-12-18,002414.SZ,tucker,"(3, 2, 2)",cn_a,INDUSTRY_C39,-0.5411972148603373,-0.5390515749534902,-0.5411972148603373,0.003980403766036034,1,value_factor,0.4950770437717438,quality_factor,0.4065488874912262,momentum_factor,0.08149313181638718
2020-12-18,300390.SZ,tucker,"(3, 2, 2)",cn_a,INDUSTRY_C39,-0.5497313882430702,-0.5475519136037463,-0.5497313882430702,0.003980403766036034,1,value_factor,0.494986355304718,quality_factor,0.40667784214019775,momentum_factor,0.08148021250963211
2020-12-18,300474.SZ,tucker,"(3, 2, 2)",cn_a,INDUSTRY_C39,-0.5650363567919755,-0.5627962038076975,-0.5650363567919755,0.003980403766036034,1,quality_factor,0.47119906544685364,value_factor,0.4496542513370514,momentum_factor,0.07501976191997528
2020-12-18,300115.SZ,tucker,"(3, 2, 2)",cn_a,INDUSTRY_C39,-0.5763314310320685,-0.5740464973996738,-0.5763314310320685,0.003980403766036034,2,quality_factor,0.5641328692436218,value_factor,0.35683131217956543,momentum_factor,0.06140556186437607
2020-12-18,300346.SZ,tucker,"(3, 2, 2)",cn_a,INDUSTRY_C39,-0.5784738705982911,-0.5761804430126664,-0.5784738705982911,0.003980403766036034,1,value_factor,0.4719974994659424,quality_factor,0.4393979012966156,momentum_factor,0.07820398360490799
2020-12-18,300223.SZ,tucker,"(3, 2, 2)",cn_a,INDUSTRY_C39,-0.5923718583169291,-0.5900233305270624,-0.5923718583169291,0.003980403766036034,1,quality_factor,0.4690864086151123,value_factor,0.45113861560821533,momentum_factor,0.07523130625486374
2020-12-21,600060.SH,tucker,"(3, 2, 2)",cn_a,INDUSTRY_C39,1.0447567160118885,1.0215593306742792,1.0447567160118885,0.022707872092723846,1,value_factor,0.5436033010482788,quality_factor,0.33748143911361694,momentum_factor,0.08840878307819366
2020-12-21,600707.SH,tucker,"(3, 2, 2)",cn_a,INDUSTRY_C39,0.6290791146557594,0.6151112785013129,0.6290791146557594,0.022707872092723846,0,quality_factor,0.48964282870292664,value_factor,0.4366958439350128,momentum_factor,0.07317301630973816
2020-12-21,600601.SH,tucker,"(3, 2, 2)",cn_a,INDUSTRY_C39,0.29024339267516186,0.28379893750354834,0.29024339267516186,0.022707872092723846,2,quality_factor,0.7544307112693787,value_factor,0.13278143107891083,volatility_factor,0.09943059086799622
2020-12-21,600363.SH,tucker,"(3, 2, 2)",cn_a,INDUSTRY_C39,0.2650810446324752,0.25919528477681375,0.2650810446324752,0.022707872092723846,0,value_factor,0.588425874710083,quality_factor,0.27368536591529846,momentum_factor,0.09479662775993347
2020-12-21,600699.SH,tucker,"(3, 2, 2)",cn_a,INDUSTRY_C39,0.2632484086741569,0.2574033399783196,0.2632484086741569,0.022707872092723846,0,value_factor,0.587666392326355,quality_factor,0.2747664153575897,momentum_factor,0.09468837827444077
2020-12-21,600498.SH,tucker,"(3, 2, 2)",cn_a,INDUSTRY_C39,0.23622461621116217,0.23097957364336036,0.23622461621116217,0.022707872092723846,2,value_factor,0.620552122592926,quality_factor,0.22796005010604858,momentum_factor,0.09937504678964615
2020-12-21,603920.SH,tucker,"(3, 2, 2)",cn_a,INDUSTRY_C39,0.07672342637088549,0.07501988825653766,0.07672342637088549,0.022707872092723846,0,quality_factor,0.8145590424537659,volatility_factor,0.09961759299039841,value_factor,0.08114096522331238
2020-12-21,600884.SH,tucker,"(3, 2, 2)",cn_a,INDUSTRY_C39,-0.0002192532726069727,-0.00021438505537204472,-0.0002192532726069727,0.022707872092723846,2,value_factor,0.49980196356773376,quality_factor,0.32708513736724854,volatility_factor,0.09810160100460052
2020-12-21,600171.SH,tucker,"(3, 2, 2)",cn_a,INDUSTRY_C39,-0.014663297750575302,-0.014337719400106653,-0.014663297750575302,0.022707872092723846,2,value_factor,0.45450106263160706,quality_factor,0.3798319399356842,volatility_factor,0.0982656478881836
2020-12-21,600563.SH,tucker,"(3, 2, 2)",cn_a,INDUSTRY_C39,-0.03647494745902171,-0.03566507143869245,-0.03647494745902171,0.022707872092723846,2,value_factor,0.5766432881355286,quality_factor,0.23761394619941711,volatility_factor,0.0978233739733696
2020-12-21,603228.SH,tucker,"(3, 2, 2)",cn_a,INDUSTRY_C39,-0.05007100844516539,-0.04895925059824865,-0.05007100844516539,0.022707872092723846,2,value_factor,0.6645793318748474,quality_factor,0.135224387049675,momentum_factor,0.10269137471914291
2020-12-21,002429.SZ,tucker,"(3, 2, 2)",cn_a,INDUSTRY_C39,-0.056886370014934406,-0.05562328644201269,-0.056886370014934406,0.022707872092723846,0,value_factor,0.7171422243118286,momentum_factor,0.1115211546421051,volatility_factor,0.09731462597846985
2020-12-21,601231.SH,tucker,"(3, 2, 2)",cn_a,INDUSTRY_C39,-0.09895803718227968,-0.09676081012875702,-0.09895803718227968,0.022707872092723846,0,value_factor,0.6807504892349243,quality_factor,0.1422797292470932,momentum_factor,0.10795412957668304
2020-12-21,002130.SZ,tucker,"(3, 2, 2)",cn_a,INDUSTRY_C39,-0.13475189333726606,-0.13175991295866718,-0.13475189333726606,0.022707872092723846,0,quality_factor,0.7603222131729126,value_factor,0.12772156298160553,volatility_factor,0.09944891929626465
2020-12-21,688100.SH,tucker,"(3, 2, 2)",cn_a,INDUSTRY_C39,-0.14929112725844276,-0.1459763231960004,-0.14929112725844276,0.022707872092723846,1,value_factor,0.5325695872306824,quality_factor,0.35318565368652344,momentum_factor,0.08683633804321289
2020-12-21,600764.SH,tucker,"(3, 2, 2)",cn_a,INDUSTRY_C39,-0.18658565809362443,-0.18244278028969754,-0.18658565809362443,0.022707872092723846,1,quality_factor,0.4970742166042328,value_factor,0.42958006262779236,momentum_factor,0.07213238626718521
2020-12-21,600118.SH,tucker,"(3, 2, 2)",cn_a,INDUSTRY_C39,-0.1875943537965816,-0.18342907929249352,-0.1875943537965816,0.022707872092723846,2,quality_factor,0.5798642039299011,value_factor,0.33976516127586365,momentum_factor,0.05888914689421654
2020-12-21,002273.SZ,tucker,"(3, 2, 2)",cn_a,INDUSTRY_C39,-0.2499271066945931,-0.24437781917965906,-0.2499271066945931,0.022707872092723846,0,value_factor,0.4845058023929596,quality_factor,0.42159488797187805,momentum_factor,0.0799865871667862
2020-12-21,603160.SH,tucker,"(3, 2, 2)",cn_a,INDUSTRY_C39,-0.25232428663478956,-0.24672177303770257,-0.25232428663478956,0.022707872092723846,2,value_factor,0.6532904505729675,quality_factor,0.1813635677099228,momentum_factor,0.1040407121181488
2020-12-21,002152.SZ,tucker,"(3, 2, 2)",cn_a,INDUSTRY_C39,-0.27239744753845446,-0.2663492370233293,-0.27239744753845446,0.022707872092723846,0,quality_factor,0.556114912033081,value_factor,0.3655295968055725,momentum_factor,0.06268812716007233
2020-12-21,605358.SH,tucker,"(3, 2, 2)",cn_a,INDUSTRY_C39,-0.29734913679614955,-0.2907469083535355,-0.29734913679614955,0.022707872092723846,1,value_factor,0.4592408835887909,quality_factor,0.457554429769516,momentum_factor,0.0763859897851944
2020-12-21,002465.SZ,tucker,"(3, 2, 2)",cn_a,INDUSTRY_C39,-0.31853199622551737,-0.3114594315360006,-0.31853199622551737,0.022707872092723846,2,quality_factor,0.6984715461730957,value_factor,0.2110937237739563,volatility_factor,0.05051819980144501
2020-12-21,002138.SZ,tucker,"(3, 2, 2)",cn_a,INDUSTRY_C39,-0.3239568061556226,-0.31676379102591884,-0.3239568061556226,0.022707872092723846,0,quality_factor,0.4739147126674652,value_factor,0.44774627685546875,momentum_factor,0.07474786043167114
2020-12-21,002436.SZ,tucker,"(3, 2, 2)",cn_a,INDUSTRY_C39,-0.34714338465214983,-0.3394355434506905,-0.34714338465214983,0.022707872092723846,1,value_factor,0.5230941772460938,quality_factor,0.3666720688343048,momentum_factor,0.08548595756292343
2020-12-21,300919.SZ,tucker,"(3, 2, 2)",cn_a,INDUSTRY_C39,-0.35208361605785665,-0.3442660838155848,-0.35208361605785665,0.022707872092723846,1,quality_factor,0.47435709834098816,value_factor,0.4474354386329651,momentum_factor,0.07470355927944183
2020-12-21,688608.SH,tucker,"(3, 2, 2)",cn_a,INDUSTRY_C39,-0.35208361605785665,-0.3442660838155848,-0.35208361605785665,0.022707872092723846,1,quality_factor,0.47435709834098816,value_factor,0.4474354386329651,momentum_factor,0.07470355927944183
2020-12-21,689009.SH,tucker,"(3, 2, 2)",cn_a,INDUSTRY_C39,-0.35208361605785665,-0.3442660838155848,-0.35208361605785665,0.022707872092723846,1,quality_factor,0.47435709834098816,value_factor,0.4474354386329651,momentum_factor,0.07470355927944183
2020-12-21,300073.SZ,tucker,"(3, 2, 2)",cn_a,INDUSTRY_C39,-0.36152170181255183,-0.35349460986250725,-0.36152170181255183,0.022707872092723846,2,value_factor,0.6675100326538086,quality_factor,0.16112489998340607,momentum_factor,0.10606718808412552
2020-12-21,002025.SZ,tucker,"(3, 2, 2)",cn_a,INDUSTRY_C39,-0.3659097439024608,-0.35778522151557174,-0.3659097439024608,0.022707872092723846,0,value_factor,0.5441117882728577,quality_factor,0.3367576599121094,momentum_factor,0.08848125487565994
2020-12-21,002583.SZ,tucker,"(3, 2, 2)",cn_a,INDUSTRY_C39,-0.37911171963934365,-0.37069406554658213,-0.37911171963934365,0.022707872092723846,0,quality_factor,0.5246784090995789,value_factor,0.39963364601135254,momentum_factor,0.06771677732467651
2020-12-21,600435.SH,tucker,"(3, 2, 2)",cn_a,INDUSTRY_C39,-0.3799090317676241,-0.37147367445612217,-0.3799090317676241,0.022707872092723846,2,quality_factor,0.6723951697349548,value_factor,0.23938271403312683,volatility_factor,0.044134341180324554
2020-12-21,002402.SZ,tucker,"(3, 2, 2)",cn_a,INDUSTRY_C39,-0.38040532387468096,-0.37195894707981897,-0.38040532387468096,0.022707872092723846,1,value_factor,0.5300644040107727,quality_factor,0.35675132274627686,momentum_factor,0.0864793136715889
2020-12-21,603659.SH,tucker,"(3, 2, 2)",cn_a,INDUSTRY_C39,-0.38207769230100874,-0.373594182866349,-0.38207769230100874,0.022707872092723846,1,value_factor,0.5631799101829529,quality_factor,0.30961790680885315,momentum_factor,0.09119872003793716
2020-12-21,603019.SH,tucker,"(3, 2, 2)",cn_a,INDUSTRY_C39,-0.3927807505404216,-0.38405959442451504,-0.3927807505404216,0.022707872092723846,1,value_factor,0.48642969131469727,quality_factor,0.4188566207885742,momentum_factor,0.08026076853275299
2020-12-21,002281.SZ,tucker,"(3, 2, 2)",cn_a,INDUSTRY_C39,-0.39549118040532016,-0.38670984292370136,-0.39549118040532016,0.022707872092723846,1,quality_factor,0.5156401991844177,value_factor,0.4094386696815491,momentum_factor,0.0691625326871872
2020-12-21,688981.SH,tucker,"(3, 2, 2)",cn_a,INDUSTRY_C39,-0.4100575352196177,-0.40095277187204087,-0.4100575352196177,0.022707872092723846,1,quality_factor,0.4827997088432312,value_factor,0.44150373339653015,momentum_factor,0.07385820150375366
2020-12-21,688008.SH,tucker,"(3, 2, 2)",cn_a,INDUSTRY_C39,-0.4184482045718934,-0.40915713795655856,-0.4184482045718934,0.022707872092723846,1,value_factor,0.5064435005187988,quality_factor,0.3903709053993225,momentum_factor,0.08311301469802856
2020-12-21,002156.SZ,tucker,"(3, 2, 2)",cn_a,INDUSTRY_C39,-0.42409274719495066,-0.4146763512773248,-0.42409274719495066,0.022707872092723846,2,quality_factor,0.5635443925857544,value_factor,0.357469767332077,momentum_factor,0.0614996999502182
2020-12-21,300735.SZ,tucker,"(3, 2, 2)",cn_a,INDUSTRY_C39,-0.44158273318681784,-0.43177799619572993,-0.44158273318681784,0.022707872092723846,1,value_factor,0.5533145070075989,quality_factor,0.32365942001342773,momentum_factor,0.08979277312755585
2020-12-21,300570.SZ,tucker,"(3, 2, 2)",cn_a,INDUSTRY_C39,-0.44635634008248837,-0.436445611718565,-0.44635634008248837,0.022707872092723846,1,value_factor,0.4957471787929535,quality_factor,0.4055950343608856,momentum_factor,0.08158864080905914
2020-12-21,603486.SH,tucker,"(3, 2, 2)",cn_a,INDUSTRY_C39,-0.45269057862353423,-0.4426392072084536,-0.45269057862353423,0.022707872092723846,1,value_factor,0.4745863676071167,quality_factor,0.4357133209705353,momentum_factor,0.07857293635606766
2020-12-21,688027.SH,tucker,"(3, 2, 2)",cn_a,INDUSTRY_C39,-0.46103904495871495,-0.45080230733580123,-0.46103904495871495,0.022707872092723846,1,value_factor,0.4594811797142029,quality_factor,0.45721256732940674,momentum_factor,0.07642024010419846
2020-12-21,688002.SH,tucker,"(3, 2, 2)",cn_a,INDUSTRY_C39,-0.46498207538510994,-0.4546577881970227,-0.46498207538510994,0.022707872092723846,1,value_factor,0.4958944022655487,quality_factor,0.40538543462753296,momentum_factor,0.08160962164402008
2020-12-21,002185.SZ,tucker,"(3, 2, 2)",cn_a,INDUSTRY_C39,-0.4653601689004548,-0.4550274866661001,-0.4653601689004548,0.022707872092723846,2,quality_factor,0.5550734400749207,value_factor,0.3666594922542572,momentum_factor,0.06285472214221954
2020-12-21,300054.SZ,tucker,"(3, 2, 2)",cn_a,INDUSTRY_C39,-0.47110333172206514,-0.46064313045960786,-0.47110333172206514,0.022707872092723846,1,quality_factor,0.4803456664085388,value_factor,0.4432278871536255,momentum_factor,0.0741039291024208
2020-12-21,002841.SZ,tucker,"(3, 2, 2)",cn_a,INDUSTRY_C39,-0.47811501207554596,-0.4674991260986178,-0.47811501207554596,0.022707872092723846,2,value_factor,0.5804415345191956,quality_factor,0.28504952788352966,momentum_factor,0.09365873783826828
2020-12-21,603290.SH,tucker,"(3, 2, 2)",cn_a,INDUSTRY_C39,-0.5006516752484739,-0.48953539367529436,-0.5006516752484739,0.022707872092723846,1,value_factor,0.5348570346832275,quality_factor,0.34992995858192444,momentum_factor,0.0871623232960701
2020-12-21,603501.SH,tucker,"(3, 2, 2)",cn_a,INDUSTRY_C39,-0.5064750434936212,-0.4952294620412688,-0.5064750434936212,0.022707872092723846,1,value_factor,0.47120121121406555,quality_factor,0.44053134322166443,momentum_factor,0.07809051126241684
2020-12-21,300679.SZ,tucker,"(3, 2, 2)",cn_a,INDUSTRY_C39,-0.5099032611360438,-0.49858156082802507,-0.5099032611360438,0.022707872092723846,2,quality_factor,0.5803512930870056,value_factor,0.3392367660999298,momentum_factor,0.058811236172914505
2020-12-21,300627.SZ,tucker,"(3, 2, 2)",cn_a,INDUSTRY_C39,-0.5186423356378563,-0.507126596205125,-0.5186423356378563,0.022707872092723846,1,value_factor,0.5105466842651367,quality_factor,0.38453078269958496,momentum_factor,0.08369775861501694
2020-12-21,300136.SZ,tucker,"(3, 2, 2)",cn_a,INDUSTRY_C39,-0.5214539961546385,-0.509875827668859,-0.5214539961546385,0.022707872092723846,1,value_factor,0.5419697165489197,quality_factor,0.3398064076900482,momentum_factor,0.08817598223686218
2020-12-21,300037.SZ,tucker,"(3, 2, 2)",cn_a,INDUSTRY_C39,-0.5227456196506686,-0.5111387724423795,-0.5227456196506686,0.022707872092723846,1,value_factor,0.4851889908313751,quality_factor,0.42062246799468994,momentum_factor,0.0800839513540268
2020-12-21,600562.SH,tucker,"(3, 2, 2)",cn_a,INDUSTRY_C39,-0.5311567984491058,-0.5193631925890267,-0.5311567984491058,0.022707872092723846,2,quality_factor,0.5933782458305359,value_factor,0.32510441541671753,momentum_factor,0.056727420538663864
2020-12-21,688019.SH,tucker,"(3, 2, 2)",cn_a,INDUSTRY_C39,-0.5321620982976726,-0.5203461711377065,-0.5321620982976726,0.022707872092723846,1,value_factor,0.48809614777565,quality_factor,0.4164847135543823,momentum_factor,0.08049825578927994
2020-12-21,300857.SZ,tucker,"(3, 2, 2)",cn_a,INDUSTRY_C39,-0.5374283619887724,-0.5254955046897035,-0.5374283619887724,0.022707872092723846,1,value_factor,0.4745729863643646,quality_factor,0.4357322156429291,momentum_factor,0.07857102900743484
2020-12-21,300623.SZ,tucker,"(3, 2, 2)",cn_a,INDUSTRY_C39,-0.5561546409252893,-0.5438059923690097,-0.5561546409252893,0.022707872092723846,1,value_factor,0.4965839087963104,quality_factor,0.40440401434898376,momentum_factor,0.08170787990093231
2020-12-21,002414.SZ,tucker,"(3, 2, 2)",cn_a,INDUSTRY_C39,-0.5573306281588604,-0.5449558684241684,-0.5573306281588604,0.022707872092723846,1,value_factor,0.49483469128608704,quality_factor,0.4068937599658966,momentum_factor,0.08145859837532043
2020-12-21,300458.SZ,tucker,"(3, 2, 2)",cn_a,INDUSTRY_C39,-0.5586058393578143,-0.5462027653130868,-0.5586058393578143,0.022707872092723846,1,quality_factor,0.5174404978752136,value_factor,0.4074857234954834,momentum_factor,0.06887456774711609
2020-12-21,300373.SZ,tucker,"(3, 2, 2)",cn_a,INDUSTRY_C39,-0.5590436217004098,-0.546630827301135,-0.5590436217004098,0.022707872092723846,1,value_factor,0.4770221412181854,quality_factor,0.4322463870048523,momentum_factor,0.07892006635665894
2020-12-21,300390.SZ,tucker,"(3, 2, 2)",cn_a,INDUSTRY_C39,-0.567950189721219,-0.5553396372341064,-0.567950189721219,0.022707872092723846,1,value_factor,0.4946252107620239,quality_factor,0.40719202160835266,momentum_factor,0.08142874389886856
2020-12-21,300474.SZ,tucker,"(3, 2, 2)",cn_a,INDUSTRY_C39,-0.5825383584931261,-0.5696038957911418,-0.5825383584931261,0.022707872092723846,1,quality_factor,0.4704377353191376,value_factor,0.45018917322158813,momentum_factor,0.0750960037112236
2020-12-21,300346.SZ,tucker,"(3, 2, 2)",cn_a,INDUSTRY_C39,-0.5944558745768292,-0.5812567998282088,-0.5944558745768292,0.022707872092723846,1,value_factor,0.4721720218658447,quality_factor,0.43914952874183655,momentum_factor,0.07822886109352112
2020-12-21,300115.SZ,tucker,"(3, 2, 2)",cn_a,INDUSTRY_C39,-0.5948836046882046,-0.5816750327809996,-0.5948836046882046,0.022707872092723846,2,quality_factor,0.5617152452468872,value_factor,0.35945412516593933,momentum_factor,0.061792295426130295
2020-12-21,300223.SZ,tucker,"(3, 2, 2)",cn_a,INDUSTRY_C39,-0.6077449909653955,-0.5942508496726338,-0.6077449909653955,0.022707872092723846,1,quality_factor,0.4683944880962372,value_factor,0.4516247510910034,momentum_factor,0.07530059665441513
2020-12-22,600060.SH,tucker,"(3, 2, 2)",cn_a,INDUSTRY_C39,1.0379440905705846,1.0127668037950643,1.0379440905705846,0.0248599611222744,1,value_factor,0.544114887714386,quality_factor,0.3367532193660736,momentum_factor,0.08848170191049576
2020-12-22,600707.SH,tucker,"(3, 2, 2)",cn_a,INDUSTRY_C39,0.6382116366550504,0.6227306126331255,0.6382116366550504,0.0248599611222744,0,quality_factor,0.4899378716945648,value_factor,0.436488538980484,momentum_factor,0.07314348220825195
2020-12-22,600601.SH,tucker,"(3, 2, 2)",cn_a,INDUSTRY_C39,0.30085006143410675,0.293552377154219,0.30085006143410675,0.0248599611222744,2,quality_factor,0.7688101530075073,value_factor,0.12043174356222153,volatility_factor,0.09947530180215836
2020-12-22,600699.SH,tucker,"(3, 2, 2)",cn_a,INDUSTRY_C39,0.27147449347354885,0.2648893688637394,0.27147449347354885,0.0248599611222744,0,value_factor,0.5843293070793152,quality_factor,0.2795160412788391,momentum_factor,0.09421279281377792
2020-12-22,600363.SH,tucker,"(3, 2, 2)",cn_a,INDUSTRY_C39,0.26890321563552416,0.2623804622074533,0.26890321563552416,0.0248599611222744,0,value_factor,0.5869388580322266,quality_factor,0.2758018672466278,momentum_factor,0.09458470344543457
2020-12-22,600498.SH,tucker,"(3, 2, 2)",cn_a,INDUSTRY_C39,0.23667252418763268,0.23093158682164935,0.23667252418763268,0.0248599611222744,2,value_factor,0.6205548048019409,quality_factor,0.22795619070529938,momentum_factor,0.09937542676925659
2020-12-22,603920.SH,tucker,"(3, 2, 2)",cn_a,INDUSTRY_C39,0.08348665359271888,0.08146152773234919,0.08348665359271888,0.0248599611222744,0,quality_factor,0.8554162383079529,volatility_factor,0.09943316876888275,value_factor,0.04354645311832428
2020-12-22,600884.SH,tucker,"(3, 2, 2)",cn_a,INDUSTRY_C39,0.007748639529873466,0.007560681699258033,0.007748639529873466,0.0248599611222744,2,value_factor,0.5069618821144104,quality_factor,0.3187483847141266,volatility_factor,0.09807568788528442
2020-12-22,600171.SH,tucker,"(3, 2, 2)",cn_a,INDUSTRY_C39,-0.012558116144095646,-0.012253495409325266,-0.012558116144095646,0.0248599611222744,2,value_factor,0.46123623847961426,quality_factor,0.37198972702026367,volatility_factor,0.09824125468730927
2020-12-22,600563.SH,tucker,"(3, 2, 2)",cn_a,INDUSTRY_C39,-0.028501742427830053,-0.02781037904012291,-0.028501742427830053,0.0248599611222744,2,value_factor,0.5598483681678772,quality_factor,0.25716933608055115,volatility_factor,0.09788419306278229
2020-12-22,002429.SZ,tucker,"(3, 2, 2)",cn_a,INDUSTRY_C39,-0.04108304316889588,-0.04008649666039777,-0.04108304316889588,0.0248599611222744,0,value_factor,0.6580067276954651,quality_factor,0.1428772211074829,momentum_factor,0.10158728063106537
2020-12-22,603228.SH,tucker,"(3, 2, 2)",cn_a,INDUSTRY_C39,-0.04358590467137005,-0.04252864654807527,-0.04358590467137005,0.0248599611222744,2,value_factor,0.6433242559432983,quality_factor,0.15997298061847687,momentum_factor,0.0991208404302597
2020-12-22,601231.SH,tucker,"(3, 2, 2)",cn_a,INDUSTRY_C39,-0.09093055789964384,-0.08872486613484094,-0.09093055789964384,0.0248599611222744,0,value_factor,0.6962687969207764,quality_factor,0.12019256502389908,momentum_factor,0.11016570776700974
2020-12-22,002130.SZ,tucker,"(3, 2, 2)",cn_a,INDUSTRY_C39,-0.12127128667475427,-0.11832962344839673,-0.12127128667475427,0.0248599611222744,0,quality_factor,0.7124044895172119,value_factor,0.1688750833272934,volatility_factor,0.09929989278316498
2020-12-22,688100.SH,tucker,"(3, 2, 2)",cn_a,INDUSTRY_C39,-0.14639438844760813,-0.14284331711943463,-0.14639438844760813,0.0248599611222744,1,value_factor,0.5339142084121704,quality_factor,0.35127192735671997,momentum_factor,0.08702796697616577
2020-12-22,600764.SH,tucker,"(3, 2, 2)",cn_a,INDUSTRY_C39,-0.18188830788925087,-0.17747626476434195,-0.18188830788925087,0.0248599611222744,1,quality_factor,0.49843117594718933,value_factor,0.42810800671577454,momentum_factor,0.07191532105207443
2020-12-22,600118.SH,tucker,"(3, 2, 2)",cn_a,INDUSTRY_C39,-0.1866469717048813,-0.18211949823584994,-0.1866469717048813,0.0248599611222744,2,quality_factor,0.5814225077629089,value_factor,0.33807459473609924,momentum_factor,0.058639880269765854
2020-12-22,002273.SZ,tucker,"(3, 2, 2)",cn_a,INDUSTRY_C39,-0.24027902650565505,-0.2344506066404289,-0.24027902650565505,0.0248599611222744,0,value_factor,0.4853626787662506,quality_factor,0.42037519812583923,momentum_factor,0.08010870218276978
2020-12-22,603160.SH,tucker,"(3, 2, 2)",cn_a,INDUSTRY_C39,-0.24780767079761296,-0.24179662950018105,-0.24780767079761296,0.0248599611222744,2,value_factor,0.6565340757369995,quality_factor,0.17674694955348969,momentum_factor,0.10450296849012375
2020-12-22,002152.SZ,tucker,"(3, 2, 2)",cn_a,INDUSTRY_C39,-0.2609038237456725,-0.254575110618491,-0.2609038237456725,0.0248599611222744,0,quality_factor,0.5610103607177734,value_factor,0.3602188527584076,momentum_factor,0.06190505251288414
2020-12-22,605358.SH,tucker,"(3, 2, 2)",cn_a,INDUSTRY_C39,-0.2903160690352028,-0.2832739065603215,-0.2903160690352028,0.0248599611222744,1,value_factor,0.458943247795105,quality_factor,0.4579780399799347,momentum_factor,0.0763435810804367
2020-12-22,002465.SZ,tucker,"(3, 2, 2)",cn_a,INDUSTRY_C39,-0.30898042168316087,-0.30148552021841857,-0.30898042168316087,0.0248599611222744,2,quality_factor,0.7078144550323486,value_factor,0.2009580135345459,volatility_factor,0.05280547961592674
2020-12-22,002138.SZ,tucker,"(3, 2, 2)",cn_a,INDUSTRY_C39,-0.3148315905583458,-0.3071947579837481,-0.3148315905583458,0.0248599611222744,0,quality_factor,0.47487178444862366,value_factor,0.44707387685775757,momentum_factor,0.07465203106403351
2020-12-22,002436.SZ,tucker,"(3, 2, 2)",cn_a,INDUSTRY_C39,-0.3399716817872861,-0.33172502899964995,-0.3399716817872861,0.0248599611222744,1,value_factor,0.5243217349052429,quality_factor,0.364924818277359,momentum_factor,0.0856609120965004
2020-12-22,300919.SZ,tucker,"(3, 2, 2)",cn_a,INDUSTRY_C39,-0.3444975678052901,-0.33614113113697697,-0.3444975678052901,0.0248599611222744,1,quality_factor,0.4752448499202728,value_factor,0.446811705827713,momentum_factor,0.07461466640233994
2020-12-22,688608.SH,tucker,"(3, 2, 2)",cn_a,INDUSTRY_C39,-0.3444975678052901,-0.33614113113697697,-0.3444975678052901,0.0248599611222744,1,quality_factor,0.4752448499202728,value_factor,0.446811705827713,momentum_factor,0.07461466640233994
2020-12-22,689009.SH,tucker,"(3, 2, 2)",cn_a,INDUSTRY_C39,-0.3444975678052901,-0.33614113113697697,-0.3444975678052901,0.0248599611222744,1,quality_factor,0.4752448499202728,value_factor,0.446811705827713,momentum_factor,0.07461466640233994
2020-12-22,300073.SZ,tucker,"(3, 2, 2)",cn_a,INDUSTRY_C39,-0.34586322401064434,-0.33747366078163166,-0.34586322401064434,0.0248599611222744,2,value_factor,0.6753963232040405,quality_factor,0.14990034699440002,momentum_factor,0.10719108581542969
2020-12-22,002025.SZ,tucker,"(3, 2, 2)",cn_a,INDUSTRY_C39,-0.35351451054220917,-0.3449393509627216,-0.35351451054220917,0.0248599611222744,0,value_factor,0.5469193458557129,quality_factor,0.33276164531707764,momentum_factor,0.08888136595487595
2020-12-22,002583.SZ,tucker,"(3, 2, 2)",cn_a,INDUSTRY_C39,-0.3619466000922871,-0.3531669043160546,-0.3619466000922871,0.0248599611222744,0,quality_factor,0.5281580090522766,value_factor,0.3958587944507599,momentum_factor,0.06716016680002213
2020-12-22,002402.SZ,tucker,"(3, 2, 2)",cn_a,INDUSTRY_C39,-0.3717235098141006,-0.3627066566976214,-0.3717235098141006,0.0248599611222744,1,value_factor,0.5316019058227539,quality_factor,0.354562908411026,momentum_factor,0.08669842034578323
2020-12-22,603659.SH,tucker,"(3, 2, 2)",cn_a,INDUSTRY_C39,-0.37596606604982963,-0.3668463017496185,-0.37596606604982963,0.0248599611222744,1,value_factor,0.5647990107536316,quality_factor,0.3073134422302246,momentum_factor,0.09142947196960449
2020-12-22,600435.SH,tucker,"(3, 2, 2)",cn_a,INDUSTRY_C39,-0.3762511120491514,-0.36712443342192175,-0.3762511120491514,0.0248599611222744,2,quality_factor,0.6759534478187561,value_factor,0.23552252352237701,volatility_factor,0.04500545561313629
2020-12-22,603019.SH,tucker,"(3, 2, 2)",cn_a,INDUSTRY_C39,-0.3874099969406941,-0.3780126385653338,-0.3874099969406941,0.0248599611222744,1,value_factor,0.48658671975135803,quality_factor,0.4186330735683441,momentum_factor,0.08028315007686615
2020-12-22,002281.SZ,tucker,"(3, 2, 2)",cn_a,INDUSTRY_C39,-0.3875054641443199,-0.37810579003231715,-0.3875054641443199,0.0248599611222744,1,quality_factor,0.5173197388648987,value_factor,0.4076167047023773,momentum_factor,0.06889387965202332
2020-12-22,688981.SH,tucker,"(3, 2, 2)",cn_a,INDUSTRY_C39,-0.40201621804293614,-0.39226455829360135,-0.40201621804293614,0.0248599611222744,1,quality_factor,0.48387742042541504,value_factor,0.44074660539627075,momentum_factor,0.07375030219554901
2020-12-22,688008.SH,tucker,"(3, 2, 2)",cn_a,INDUSTRY_C39,-0.4139852296766817,-0.4039432390308565,-0.4139852296766817,0.0248599611222744,1,value_factor,0.5067949295043945,quality_factor,0.38987070322036743,momentum_factor,0.08316310495138168
2020-12-22,002156.SZ,tucker,"(3, 2, 2)",cn_a,INDUSTRY_C39,-0.41690494756879576,-0.4067921336721411,-0.41690494756879576,0.0248599611222744,2,quality_factor,0.5661503076553345,value_factor,0.35464271903038025,momentum_factor,0.06108284741640091
2020-12-22,300735.SZ,tucker,"(3, 2, 2)",cn_a,INDUSTRY_C39,-0.4310331479378424,-0.4205776279594778,-0.4310331479378424,0.0248599611222744,1,value_factor,0.5554907321929932,quality_factor,0.3205619156360626,momentum_factor,0.090102918446064
2020-12-22,300570.SZ,tucker,"(3, 2, 2)",cn_a,INDUSTRY_C39,-0.4344777224663041,-0.42393864785189445,-0.4344777224663041,0.0248599611222744,1,value_factor,0.49658310413360596,quality_factor,0.4044053554534912,momentum_factor,0.08170776814222336
2020-12-22,603486.SH,tucker,"(3, 2, 2)",cn_a,INDUSTRY_C39,-0.44491128678236963,-0.434119126435055,-0.44491128678236963,0.0248599611222744,1,value_factor,0.47460028529167175,quality_factor,0.43569350242614746,momentum_factor,0.07857491821050644
2020-12-22,688027.SH,tucker,"(3, 2, 2)",cn_a,INDUSTRY_C39,-0.45270364395415585,-0.4417224653225678,-0.45270364395415585,0.0248599611222744,1,value_factor,0.45916929841041565,quality_factor,0.45765626430511475,momentum_factor,0.07637578994035721
2020-12-22,002185.SZ,tucker,"(3, 2, 2)",cn_a,INDUSTRY_C39,-0.4577827137305875,-0.4466783327054642,-0.4577827137305875,0.0248599611222744,2,quality_factor,0.5574213266372681,value_factor,0.36411234736442566,momentum_factor,0.06247914955019951
2020-12-22,688002.SH,tucker,"(3, 2, 2)",cn_a,INDUSTRY_C39,-0.4587524446000064,-0.44762454092812765,-0.4587524446000064,0.0248599611222744,1,value_factor,0.49620452523231506,quality_factor,0.4049440920352936,momentum_factor,0.08165382593870163
2020-12-22,300054.SZ,tucker,"(3, 2, 2)",cn_a,INDUSTRY_C39,-0.45908174062370394,-0.44794584925721037,-0.45908174062370394,0.0248599611222744,1,quality_factor,0.4814738631248474,value_factor,0.44243523478507996,momentum_factor,0.07399096339941025
2020-12-22,002841.SZ,tucker,"(3, 2, 2)",cn_a,INDUSTRY_C39,-0.46892340985862196,-0.45754879028804846,-0.46892340985862196,0.0248599611222744,2,value_factor,0.5827029943466187,quality_factor,0.2818308472633362,momentum_factor,0.09398102760314941
2020-12-22,603290.SH,tucker,"(3, 2, 2)",cn_a,INDUSTRY_C39,-0.4964235783358034,-0.4843818904381252,-0.4964235783358034,0.0248599611222744,1,value_factor,0.5354282855987549,quality_factor,0.34911686182022095,momentum_factor,0.08724374324083328
2020-12-22,300679.SZ,tucker,"(3, 2, 2)",cn_a,INDUSTRY_C39,-0.49881522293805786,-0.48671552120074885,-0.49881522293805786,0.0248599611222744,2,quality_factor,0.5839376449584961,value_factor,0.3353461027145386,momentum_factor,0.05823756381869316
2020-12-22,603501.SH,tucker,"(3, 2, 2)",cn_a,INDUSTRY_C39,-0.5026076092609499,-0.4904159160581251,-0.5026076092609499,0.0248599611222744,1,value_factor,0.47099363803863525,quality_factor,0.4408266246318817,momentum_factor,0.07806091755628586
2020-12-22,300627.SZ,tucker,"(3, 2, 2)",cn_a,INDUSTRY_C39,-0.5096126647715882,-0.4972510507675642,-0.5096126647715882,0.0248599611222744,1,value_factor,0.5113146901130676,quality_factor,0.38343775272369385,momentum_factor,0.08380722254514694
2020-12-22,300136.SZ,tucker,"(3, 2, 2)",cn_a,INDUSTRY_C39,-0.512404572548179,-0.4999752355681482,-0.512404572548179,0.0248599611222744,1,value_factor,0.5433400273323059,quality_factor,0.3378560245037079,momentum_factor,0.08837126940488815
2020-12-22,300037.SZ,tucker,"(3, 2, 2)",cn_a,INDUSTRY_C39,-0.5126731200786653,-0.500237268973019,-0.5126731200786653,0.0248599611222744,1,value_factor,0.48548948764801025,quality_factor,0.42019474506378174,momentum_factor,0.08012678474187851
2020-12-22,600562.SH,tucker,"(3, 2, 2)",cn_a,INDUSTRY_C39,-0.5248571671065643,-0.5121257690163601,-0.5248571671065643,0.0248599611222744,2,quality_factor,0.5959900617599487,value_factor,0.322270929813385,momentum_factor,0.05630962550640106
2020-12-22,688019.SH,tucker,"(3, 2, 2)",cn_a,INDUSTRY_C39,-0.5268551167244099,-0.5140752546071463,-0.5268551167244099,0.0248599611222744,1,value_factor,0.48816362023353577,quality_factor,0.4163886606693268,momentum_factor,0.08050788193941116
2020-12-22,300857.SZ,tucker,"(3, 2, 2)",cn_a,INDUSTRY_C39,-0.5277516176552106,-0.5149500092211325,-0.5277516176552106,0.0248599611222744,1,value_factor,0.4746023714542389,quality_factor,0.4356905519962311,momentum_factor,0.07857521623373032
2020-12-22,300623.SZ,tucker,"(3, 2, 2)",cn_a,INDUSTRY_C39,-0.5473439084179954,-0.5340670521091953,-0.5473439084179954,0.0248599611222744,1,value_factor,0.49700435996055603,quality_factor,0.40380576252937317,momentum_factor,0.08176780492067337
2020-12-22,300458.SZ,tucker,"(3, 2, 2)",cn_a,INDUSTRY_C39,-0.5494596998807499,-0.5361315210692265,-0.5494596998807499,0.0248599611222744,1,quality_factor,0.5189654231071472,value_factor,0.40583133697509766,momentum_factor,0.06863062083721161
2020-12-22,300373.SZ,tucker,"(3, 2, 2)",cn_a,INDUSTRY_C39,-0.5495012074776102,-0.5361720218212297,-0.5495012074776102,0.0248599611222744,1,value_factor,0.477085679769516,quality_factor,0.432155966758728,momentum_factor,0.0789291188120842
2020-12-22,002414.SZ,tucker,"(3, 2, 2)",cn_a,INDUSTRY_C39,-0.5508383867330007,-0.5374767652779204,-0.5508383867330007,0.0248599611222744,1,value_factor,0.4950594902038574,quality_factor,0.4065737724304199,momentum_factor,0.08149063587188721
2020-12-22,300390.SZ,tucker,"(3, 2, 2)",cn_a,INDUSTRY_C39,-0.5596553202785352,-0.5460798275115285,-0.5596553202785352,0.0248599611222744,1,value_factor,0.494960218667984,quality_factor,0.4067150950431824,momentum_factor,0.08147648721933365
2020-12-22,300474.SZ,tucker,"(3, 2, 2)",cn_a,INDUSTRY_C39,-0.5751491863873714,-0.5611978607466797,-0.5751491863873714,0.0248599611222744,1,quality_factor,0.47114405035972595,value_factor,0.4496929347515106,momentum_factor,0.0750252828001976
2020-12-22,300115.SZ,tucker,"(3, 2, 2)",cn_a,INDUSTRY_C39,-0.5866964164304707,-0.5724649909993381,-0.5866964164304707,0.0248599611222744,2,quality_factor,0.563957691192627,value_factor,0.3570213317871094,momentum_factor,0.0614335797727108
2020-12-22,300346.SZ,tucker,"(3, 2, 2)",cn_a,INDUSTRY_C39,-0.5886889580733224,-0.5744091997957389,-0.5886889580733224,0.0248599611222744,1,value_factor,0.4720101058483124,quality_factor,0.4393799901008606,momentum_factor,0.07820578664541245
2020-12-22,300223.SZ,tucker,"(3, 2, 2)",cn_a,INDUSTRY_C39,-0.6027614791435951,-0.5881403653904522,-0.6027614791435951,0.0248599611222744,1,quality_factor,0.4690365791320801,value_factor,0.4511736333370209,momentum_factor,0.07523629814386368
2020-12-23,600060.SH,tucker,"(3, 2, 2)",cn_a,INDUSTRY_C39,1.0657218753845843,1.0266979421334883,1.0657218753845843,0.0380091555416584,1,value_factor,0.5433529615402222,quality_factor,0.33783766627311707,momentum_factor,0.08837311714887619
2020-12-23,600707.SH,tucker,"(3, 2, 2)",cn_a,INDUSTRY_C39,0.6350607820960004,0.6118065258558721,0.6350607820960004,0.0380091555416584,0,quality_factor,0.48949408531188965,value_factor,0.43680036067962646,momentum_factor,0.07318791002035141
2020-12-23,600601.SH,tucker,"(3, 2, 2)",cn_a,INDUSTRY_C39,0.28979467438778594,0.27918315529350907,0.28979467438778594,0.0380091555416584,2,quality_factor,0.7473032474517822,value_factor,0.1389027088880539,volatility_factor,0.09940841794013977
2020-12-23,600363.SH,tucker,"(3, 2, 2)",cn_a,INDUSTRY_C39,0.2676146888089955,0.2578153424745437,0.2676146888089955,0.0380091555416584,0,value_factor,0.5891738533973694,quality_factor,0.2726208567619324,momentum_factor,0.09490322321653366
2020-12-23,600699.SH,tucker,"(3, 2, 2)",cn_a,INDUSTRY_C39,0.2635410735625654,0.25389089230874023,0.2635410735625654,0.0380091555416584,0,value_factor,0.5893813967704773,quality_factor,0.2723253667354584,momentum_factor,0.09493279457092285
2020-12-23,600498.SH,tucker,"(3, 2, 2)",cn_a,INDUSTRY_C39,0.23996708140925702,0.23118011777111658,0.23996708140925702,0.0380091555416584,2,value_factor,0.6205507516860962,quality_factor,0.227961927652359,momentum_factor,0.09937485307455063
2020-12-23,603920.SH,tucker,"(3, 2, 2)",cn_a,INDUSTRY_C39,0.07461767789397561,0.07188537470236149,0.07461767789397561,0.0380091555416584,0,quality_factor,0.7930710315704346,value_factor,0.09959561377763748,volatility_factor,0.0995507463812828
2020-12-23,600884.SH,tucker,"(3, 2, 2)",cn_a,INDUSTRY_C39,-0.004221798142446734,-0.004067206993746714,-0.004221798142446734,0.0380091555416584,2,value_factor,0.496240496635437,quality_factor,0.33123207092285156,volatility_factor,0.0981145054101944
2020-12-23,600171.SH,tucker,"(3, 2, 2)",cn_a,INDUSTRY_C39,-0.015966091265438093,-0.015381454978791054,-0.015966091265438093,0.0380091555416584,2,value_factor,0.4511506259441376,quality_factor,0.38373303413391113,volatility_factor,0.09827776998281479
2020-12-23,600563.SH,tucker,"(3, 2, 2)",cn_a,INDUSTRY_C39,-0.04108905209191819,-0.03958447902907552,-0.04108905209191819,0.0380091555416584,2,value_factor,0.5849414467811584,quality_factor,0.2279518097639084,volatility_factor,0.0977933257818222
2020-12-23,603228.SH,tucker,"(3, 2, 2)",cn_a,INDUSTRY_C39,-0.05416661474958944,-0.05218317572365877,-0.05416661474958944,0.0380091555416584,2,value_factor,0.6750637292861938,quality_factor,0.12301668524742126,momentum_factor,0.10445260256528854
2020-12-23,002429.SZ,tucker,"(3, 2, 2)",cn_a,INDUSTRY_C39,-0.06577299207639835,-0.06336455802639071,-0.06577299207639835,0.0380091555416584,0,value_factor,0.7460039258003235,momentum_factor,0.11636949330568314,volatility_factor,0.0972101166844368
2020-12-23,601231.SH,tucker,"(3, 2, 2)",cn_a,INDUSTRY_C39,-0.104648748396795,-0.10081678635625459,-0.104648748396795,0.0380091555416584,0,value_factor,0.6737797260284424,quality_factor,0.152201309800148,momentum_factor,0.10696069896221161
2020-12-23,002130.SZ,tucker,"(3, 2, 2)",cn_a,INDUSTRY_C39,-0.1437805141262784,-0.13851564970370345,-0.1437805141262784,0.0380091555416584,0,quality_factor,0.7843931913375854,value_factor,0.10704847425222397,volatility_factor,0.09952377527952194
2020-12-23,688100.SH,tucker,"(3, 2, 2)",cn_a,INDUSTRY_C39,-0.15325217881055175,-0.14764048692862447,-0.15325217881055175,0.0380091555416584,1,value_factor,0.5319235324859619,quality_factor,0.354105144739151,momentum_factor,0.0867442712187767
2020-12-23,600118.SH,tucker,"(3, 2, 2)",cn_a,INDUSTRY_C39,-0.19122035855219482,-0.18421837174799355,-0.19122035855219482,0.0380091555416584,2,quality_factor,0.5791015028953552,value_factor,0.3405926525592804,momentum_factor,0.05901116505265236
2020-12-23,600764.SH,tucker,"(3, 2, 2)",cn_a,INDUSTRY_C39,-0.19207672653673669,-0.1850433817883672,-0.19207672653673669,0.0380091555416584,1,quality_factor,0.49642980098724365,value_factor,0.4302792251110077,momentum_factor,0.07223547250032425
2020-12-23,603160.SH,tucker,"(3, 2, 2)",cn_a,INDUSTRY_C39,-0.2588286923215697,-0.24935106607975077,-0.2588286923215697,0.0380091555416584,2,value_factor,0.6517223715782166,quality_factor,0.1835954338312149,momentum_factor,0.10381722450256348
2020-12-23,002273.SZ,tucker,"(3, 2, 2)",cn_a,INDUSTRY_C39,-0.2589665916074729,-0.24948391585634694,-0.2589665916074729,0.0380091555416584,0,value_factor,0.48410624265670776,quality_factor,0.42216357588768005,momentum_factor,0.0799296423792839
2020-12-23,002152.SZ,tucker,"(3, 2, 2)",cn_a,INDUSTRY_C39,-0.2827405357471655,-0.2723873206642952,-0.2827405357471655,0.0380091555416584,0,quality_factor,0.5538538098335266,value_factor,0.3679826855659485,momentum_factor,0.06304983049631119
2020-12-23,605358.SH,tucker,"(3, 2, 2)",cn_a,INDUSTRY_C39,-0.3058726460268207,-0.29467239388075367,-0.3058726460268207,0.0380091555416584,1,value_factor,0.459382563829422,quality_factor,0.45735272765159607,momentum_factor,0.07640618830919266
2020-12-23,002465.SZ,tucker,"(3, 2, 2)",cn_a,INDUSTRY_C39,-0.32867522764056495,-0.3166400049047028,-0.32867522764056495,0.0380091555416584,2,quality_factor,0.6940845847129822,value_factor,0.2158529907464981,volatility_factor,0.04944419860839844
2020-12-23,002138.SZ,tucker,"(3, 2, 2)",cn_a,INDUSTRY_C39,-0.3339771665245321,-0.3217478007257487,-0.3339771665245321,0.0380091555416584,0,quality_factor,0.4734623432159424,value_factor,0.44806408882141113,momentum_factor,0.07479314506053925
2020-12-23,002436.SZ,tucker,"(3, 2, 2)",cn_a,INDUSTRY_C39,-0.3565727369562132,-0.3435159807728812,-0.3565727369562132,0.0380091555416584,1,value_factor,0.522505521774292,quality_factor,0.36750978231430054,momentum_factor,0.08540207147598267
2020-12-23,300919.SZ,tucker,"(3, 2, 2)",cn_a,INDUSTRY_C39,-0.36180388509659933,-0.3485555780212643,-0.36180388509659933,0.0380091555416584,1,quality_factor,0.47393330931663513,value_factor,0.4477332532405853,momentum_factor,0.07474600523710251
2020-12-23,688608.SH,tucker,"(3, 2, 2)",cn_a,INDUSTRY_C39,-0.36180388509659933,-0.3485555780212643,-0.36180388509659933,0.0380091555416584,1,quality_factor,0.47393330931663513,value_factor,0.4477332532405853,momentum_factor,0.07474600523710251
2020-12-23,689009.SH,tucker,"(3, 2, 2)",cn_a,INDUSTRY_C39,-0.36180388509659933,-0.3485555780212643,-0.36180388509659933,0.0380091555416584,1,quality_factor,0.47393330931663513,value_factor,0.4477332532405853,momentum_factor,0.07474600523710251
2020-12-23,300073.SZ,tucker,"(3, 2, 2)",cn_a,INDUSTRY_C39,-0.37545180482501905,-0.3617037468101568,-0.37545180482501905,0.0380091555416584,2,value_factor,0.6638091206550598,quality_factor,0.1663924753665924,momentum_factor,0.10553975403308868
2020-12-23,002025.SZ,tucker,"(3, 2, 2)",cn_a,INDUSTRY_C39,-0.3782758104254199,-0.36442434474989477,-0.3782758104254199,0.0380091555416584,0,value_factor,0.5427889227867126,quality_factor,0.3386405408382416,momentum_factor,0.08829271793365479
2020-12-23,600435.SH,tucker,"(3, 2, 2)",cn_a,INDUSTRY_C39,-0.3881251949007854,-0.3739130706601986,-0.3881251949007854,0.0380091555416584,2,quality_factor,0.6706672310829163,value_factor,0.24125729501247406,momentum_factor,0.044364143162965775
2020-12-23,002402.SZ,tucker,"(3, 2, 2)",cn_a,INDUSTRY_C39,-0.3911511740660987,-0.3768282464238985,-0.3911511740660987,0.0380091555416584,1,value_factor,0.5293292999267578,quality_factor,0.35779762268066406,momentum_factor,0.08637455105781555
2020-12-23,603659.SH,tucker,"(3, 2, 2)",cn_a,INDUSTRY_C39,-0.3915617235604144,-0.37722376267508345,-0.3915617235604144,0.0380091555416584,1,value_factor,0.5623975992202759,quality_factor,0.310731440782547,momentum_factor,0.0910872295498848
2020-12-23,002583.SZ,tucker,"(3, 2, 2)",cn_a,INDUSTRY_C39,-0.39409337833818475,-0.37966271491071363,-0.39409337833818475,0.0380091555416584,0,quality_factor,0.5230775475502014,value_factor,0.4013702869415283,momentum_factor,0.06797284632921219
2020-12-23,603019.SH,tucker,"(3, 2, 2)",cn_a,INDUSTRY_C39,-0.4020727102871349,-0.3873498647016765,-0.4020727102871349,0.0380091555416584,1,value_factor,0.48635372519493103,quality_factor,0.4189647138118744,momentum_factor,0.08024995028972626
2020-12-23,002281.SZ,tucker,"(3, 2, 2)",cn_a,INDUSTRY_C39,-0.40614103692781006,-0.39126921991656377,-0.40614103692781006,0.0380091555416584,1,quality_factor,0.5148367285728455,value_factor,0.4103103578090668,momentum_factor,0.06929105520248413
2020-12-23,688981.SH,tucker,"(3, 2, 2)",cn_a,INDUSTRY_C39,-0.42097992990783817,-0.4055647516477071,-0.42097992990783817,0.0380091555416584,1,quality_factor,0.4822838008403778,value_factor,0.4418662190437317,momentum_factor,0.07390986382961273
2020-12-23,688008.SH,tucker,"(3, 2, 2)",cn_a,INDUSTRY_C39,-0.42771564581592575,-0.41205382334770735,-0.42771564581592575,0.0380091555416584,1,value_factor,0.5062726736068726,quality_factor,0.39061400294303894,momentum_factor,0.08308867365121841
2020-12-23,002156.SZ,tucker,"(3, 2, 2)",cn_a,INDUSTRY_C39,-0.4348224986662571,-0.41890044193086035,-0.4348224986662571,0.0380091555416584,2,quality_factor,0.562292218208313,value_factor,0.35882827639579773,momentum_factor,0.061700012534856796
2020-12-23,300735.SZ,tucker,"(3, 2, 2)",cn_a,INDUSTRY_C39,-0.4542934052141356,-0.4376583750707485,-0.4542934052141356,0.0380091555416584,1,value_factor,0.5522744655609131,quality_factor,0.32513970136642456,momentum_factor,0.08964454382658005
2020-12-23,300570.SZ,tucker,"(3, 2, 2)",cn_a,INDUSTRY_C39,-0.459814186303646,-0.44297699967111565,-0.459814186303646,0.0380091555416584,1,value_factor,0.49535027146339417,quality_factor,0.4061599373817444,momentum_factor,0.0815320760011673
2020-12-23,603486.SH,tucker,"(3, 2, 2)",cn_a,INDUSTRY_C39,-0.46419746776791515,-0.44719977689198576,-0.46419746776791515,0.0380091555416584,1,value_factor,0.4745796024799347,quality_factor,0.43572282791137695,momentum_factor,0.07857197523117065
2020-12-23,688027.SH,tucker,"(3, 2, 2)",cn_a,INDUSTRY_C39,-0.47296523747506963,-0.45564649392328194,-0.47296523747506963,0.0380091555416584,1,value_factor,0.4596308767795563,quality_factor,0.45699942111968994,momentum_factor,0.07644157111644745
2020-12-23,688002.SH,tucker,"(3, 2, 2)",cn_a,INDUSTRY_C39,-0.4759176616470776,-0.4584908080841523,-0.4759176616470776,0.0380091555416584,1,value_factor,0.4957443177700043,quality_factor,0.40559905767440796,momentum_factor,0.08158823102712631
2020-12-23,002185.SZ,tucker,"(3, 2, 2)",cn_a,INDUSTRY_C39,-0.4769785404044311,-0.45951284025050426,-0.4769785404044311,0.0380091555416584,2,quality_factor,0.5539439916610718,value_factor,0.3678847849369049,momentum_factor,0.06303539872169495
2020-12-23,300054.SZ,tucker,"(3, 2, 2)",cn_a,INDUSTRY_C39,-0.4850485439459189,-0.46728734147866524,-0.4850485439459189,0.0380091555416584,1,quality_factor,0.4798103868961334,value_factor,0.4436040222644806,momentum_factor,0.07415752857923508
2020-12-23,002841.SZ,tucker,"(3, 2, 2)",cn_a,INDUSTRY_C39,-0.49075768917101664,-0.47278743281519137,-0.49075768917101664,0.0380091555416584,2,value_factor,0.579352855682373,quality_factor,0.2865990698337555,momentum_factor,0.09350358694791794
2020-12-23,603290.SH,tucker,"(3, 2, 2)",cn_a,INDUSTRY_C39,-0.5111817982016322,-0.49246366466890634,-0.5111817982016322,0.0380091555416584,1,value_factor,0.5345783233642578,quality_factor,0.35032662749290466,momentum_factor,0.0871226042509079
2020-12-23,603501.SH,tucker,"(3, 2, 2)",cn_a,INDUSTRY_C39,-0.5169219600789581,-0.4979936369093999,-0.5169219600789581,0.0380091555416584,1,value_factor,0.47130241990089417,quality_factor,0.44038721919059753,momentum_factor,0.07810492813587189
2020-12-23,300679.SZ,tucker,"(3, 2, 2)",cn_a,INDUSTRY_C39,-0.5240315719423125,-0.5048429134777727,-0.5240315719423125,0.0380091555416584,2,quality_factor,0.5786412954330444,value_factor,0.3410918414592743,momentum_factor,0.05908476933836937
2020-12-23,300627.SZ,tucker,"(3, 2, 2)",cn_a,INDUSTRY_C39,-0.5318843771984656,-0.5124081696507848,-0.5318843771984656,0.0380091555416584,1,value_factor,0.510176956653595,quality_factor,0.38505709171295166,momentum_factor,0.08364508301019669
2020-12-23,300136.SZ,tucker,"(3, 2, 2)",cn_a,INDUSTRY_C39,-0.5347531712979516,-0.5151719160525223,-0.5347531712979516,0.0380091555416584,1,value_factor,0.5413092970848083,quality_factor,0.3407464325428009,momentum_factor,0.08808185905218124
2020-12-23,300037.SZ,tucker,"(3, 2, 2)",cn_a,INDUSTRY_C39,-0.5365799400984552,-0.5169317933821997,-0.5365799400984552,0.0380091555416584,1,value_factor,0.48504480719566345,quality_factor,0.4208276569843292,momentum_factor,0.08006340265274048
2020-12-23,600562.SH,tucker,"(3, 2, 2)",cn_a,INDUSTRY_C39,-0.543238882762292,-0.5233469030723138,-0.543238882762292,0.0380091555416584,2,quality_factor,0.5921135544776917,value_factor,0.32647642493247986,momentum_factor,0.05692972615361214
2020-12-23,688019.SH,tucker,"(3, 2, 2)",cn_a,INDUSTRY_C39,-0.5437628828810851,-0.5238517156843739,-0.5437628828810851,0.0380091555416584,1,value_factor,0.48806333541870117,quality_factor,0.416531503200531,momentum_factor,0.08049359172582626
2020-12-23,300857.SZ,tucker,"(3, 2, 2)",cn_a,INDUSTRY_C39,-0.5513106522293452,-0.5311231055624887,-0.5513106522293452,0.0380091555416584,1,value_factor,0.47455888986587524,quality_factor,0.435752272605896,momentum_factor,0.07856901735067368
2020-12-23,300623.SZ,tucker,"(3, 2, 2)",cn_a,INDUSTRY_C39,-0.5699168012151373,-0.5490479462887319,-0.5699168012151373,0.0380091555416584,1,value_factor,0.4963812232017517,quality_factor,0.4046926498413086,momentum_factor,0.08167900145053864
2020-12-23,002414.SZ,tucker,"(3, 2, 2)",cn_a,INDUSTRY_C39,-0.5699489526286811,-0.549078920402039,-0.5699489526286811,0.0380091555416584,1,value_factor,0.49472564458847046,quality_factor,0.4070490002632141,momentum_factor,0.08144305646419525
2020-12-23,300458.SZ,tucker,"(3, 2, 2)",cn_a,INDUSTRY_C39,-0.5725774975082266,-0.5516112148786453,-0.5725774975082266,0.0380091555416584,1,quality_factor,0.5167065262794495,value_factor,0.4082818031311035,momentum_factor,0.06899194419384003
2020-12-23,300373.SZ,tucker,"(3, 2, 2)",cn_a,INDUSTRY_C39,-0.5732215113716417,-0.5522316466475203,-0.5732215113716417,0.0380091555416584,1,value_factor,0.47699156403541565,quality_factor,0.4322899281978607,momentum_factor,0.07891570776700974
2020-12-23,300390.SZ,tucker,"(3, 2, 2)",cn_a,INDUSTRY_C39,-0.581651552275084,-0.5603530016159938,-0.581651552275084,0.0380091555416584,1,value_factor,0.4944632649421692,quality_factor,0.40742239356040955,momentum_factor,0.08140566200017929
2020-12-23,300474.SZ,tucker,"(3, 2, 2)",cn_a,INDUSTRY_C39,-0.596030176848089,-0.5742051187591151,-0.596030176848089,0.0380091555416584,1,quality_factor,0.4700959622859955,value_factor,0.4504292905330658,momentum_factor,0.07513022422790527
2020-12-23,300346.SZ,tucker,"(3, 2, 2)",cn_a,INDUSTRY_C39,-0.6073336760840308,-0.5850947135703888,-0.6073336760840308,0.0380091555416584,1,value_factor,0.4722507894039154,quality_factor,0.4390374720096588,momentum_factor,0.07824008166790009
2020-12-23,300115.SZ,tucker,"(3, 2, 2)",cn_a,INDUSTRY_C39,-0.6089832564076517,-0.5866838905993715,-0.6089832564076517,0.0380091555416584,2,quality_factor,0.5606322884559631,value_factor,0.3606289029121399,momentum_factor,0.06196551397442818
2020-12-23,300223.SZ,tucker,"(3, 2, 2)",cn_a,INDUSTRY_C39,-0.6204528066945574,-0.5977334561086777,-0.6204528066945574,0.0380091555416584,1,quality_factor,0.46808159351348877,value_factor,0.45184457302093506,momentum_factor,0.075331911444664
2020-12-24,600060.SH,tucker,"(3, 2, 2)",cn_a,INDUSTRY_C39,1.0367363286140137,1.0294364254870472,1.0367363286140137,0.007091143634170294,1,value_factor,0.5436164140701294,quality_factor,0.33746278285980225,momentum_factor,0.08841065317392349
2020-12-24,600707.SH,tucker,"(3, 2, 2)",cn_a,INDUSTRY_C39,0.6245880481300051,0.6201901775048814,0.6245880481300051,0.007091143634170294,0,quality_factor,0.48965057730674744,value_factor,0.43669041991233826,momentum_factor,0.07317224889993668
2020-12-24,600601.SH,tucker,"(3, 2, 2)",cn_a,INDUSTRY_C39,0.2883347066086892,0.28630447445776264,0.2883347066086892,0.007091143634170294,2,quality_factor,0.7548019886016846,value_factor,0.1324625313282013,volatility_factor,0.09943173825740814
2020-12-24,600363.SH,tucker,"(3, 2, 2)",cn_a,INDUSTRY_C39,0.26318793453670003,0.2613347666932689,0.26318793453670003,0.007091143634170294,0,value_factor,0.588387131690979,quality_factor,0.2737405598163605,momentum_factor,0.09479109942913055
2020-12-24,600699.SH,tucker,"(3, 2, 2)",cn_a,INDUSTRY_C39,0.26148161628887934,0.2596404630315769,0.26148161628887934,0.007091143634170294,0,value_factor,0.5875781774520874,quality_factor,0.2748919725418091,momentum_factor,0.09467580169439316
2020-12-24,600498.SH,tucker,"(3, 2, 2)",cn_a,INDUSTRY_C39,0.2344619832570705,0.23281108155960495,0.2344619832570705,0.007091143634170294,2,value_factor,0.6205521821975708,quality_factor,0.22795991599559784,momentum_factor,0.09937504678964615
2020-12-24,603920.SH,tucker,"(3, 2, 2)",cn_a,INDUSTRY_C39,0.07632007573352716,0.0757826882183792,0.07632007573352716,0.007091143634170294,0,quality_factor,0.815680742263794,volatility_factor,0.09962107241153717,value_factor,0.08017756789922714
2020-12-24,600884.SH,tucker,"(3, 2, 2)",cn_a,INDUSTRY_C39,-1.3964828645837911e-05,-1.3866499019021816e-05,-1.3964828645837911e-05,0.007091143634170294,2,value_factor,0.49998727440834045,quality_factor,0.326869398355484,volatility_factor,0.0981009379029274
2020-12-24,600171.SH,tucker,"(3, 2, 2)",cn_a,INDUSTRY_C39,-0.014499370483868266,-0.014397277022866724,-0.014499370483868266,0.007091143634170294,2,value_factor,0.4546754062175751,quality_factor,0.379628986120224,volatility_factor,0.09826502203941345
2020-12-24,600563.SH,tucker,"(3, 2, 2)",cn_a,INDUSTRY_C39,-0.035997237821404855,-0.03574377284513077,-0.035997237821404855,0.007091143634170294,2,value_factor,0.5762104988098145,quality_factor,0.23811785876750946,volatility_factor,0.09782494604587555
2020-12-24,603228.SH,tucker,"(3, 2, 2)",cn_a,INDUSTRY_C39,-0.04952922305016584,-0.049180476198877734,-0.04952922305016584,0.007091143634170294,2,value_factor,0.6640321612358093,quality_factor,0.13586144149303436,momentum_factor,0.10259947180747986
2020-12-24,002429.SZ,tucker,"(3, 2, 2)",cn_a,INDUSTRY_C39,-0.056055246990963585,-0.0556605488777613,-0.056055246990963585,0.007091143634170294,0,value_factor,0.7156305909156799,momentum_factor,0.11126721650362015,volatility_factor,0.09732009470462799
2020-12-24,601231.SH,tucker,"(3, 2, 2)",cn_a,INDUSTRY_C39,-0.09800968351509705,-0.09731957439533528,-0.09800968351509705,0.007091143634170294,0,value_factor,0.6811258792877197,quality_factor,0.14174538850784302,momentum_factor,0.10800763219594955
2020-12-24,002130.SZ,tucker,"(3, 2, 2)",cn_a,INDUSTRY_C39,-0.13339535276888195,-0.1324560848702619,-0.13339535276888195,0.007091143634170294,0,quality_factor,0.7590740919113159,value_factor,0.12879352271556854,volatility_factor,0.09944503754377365
2020-12-24,688100.SH,tucker,"(3, 2, 2)",cn_a,INDUSTRY_C39,-0.1480958953645446,-0.14705311750500163,-0.1480958953645446,0.007091143634170294,1,value_factor,0.5326036214828491,quality_factor,0.35313722491264343,momentum_factor,0.08684118837118149
2020-12-24,600764.SH,tucker,"(3, 2, 2)",cn_a,INDUSTRY_C39,-0.18506431929569878,-0.1837612381111871,-0.18506431929569878,0.007091143634170294,1,quality_factor,0.4971082806587219,value_factor,0.429543137550354,momentum_factor,0.07212693244218826
2020-12-24,600118.SH,tucker,"(3, 2, 2)",cn_a,INDUSTRY_C39,-0.1861612804900649,-0.1848504753450515,-0.1861612804900649,0.007091143634170294,2,quality_factor,0.5799041390419006,value_factor,0.33972182869911194,momentum_factor,0.05888276547193527
2020-12-24,002273.SZ,tucker,"(3, 2, 2)",cn_a,INDUSTRY_C39,-0.24780353482724918,-0.24605869214272866,-0.24780353482724918,0.007091143634170294,0,value_factor,0.48452702164649963,quality_factor,0.42156466841697693,momentum_factor,0.07998961955308914
2020-12-24,603160.SH,tucker,"(3, 2, 2)",cn_a,INDUSTRY_C39,-0.25031386055087945,-0.24855134207542362,-0.25031386055087945,0.007091143634170294,2,value_factor,0.6533728837966919,quality_factor,0.1812463104724884,momentum_factor,0.10405244678258896
2020-12-24,002152.SZ,tucker,"(3, 2, 2)",cn_a,INDUSTRY_C39,-0.2700579521758171,-0.2681564109303338,-0.2700579521758171,0.007091143634170294,0,quality_factor,0.5562356114387512,value_factor,0.36539870500564575,momentum_factor,0.0626688227057457
2020-12-24,605358.SH,tucker,"(3, 2, 2)",cn_a,INDUSTRY_C39,-0.29493625269956714,-0.29285953751759247,-0.29493625269956714,0.007091143634170294,1,value_factor,0.4592334032058716,quality_factor,0.4575650990009308,momentum_factor,0.07638493180274963
2020-12-24,002465.SZ,tucker,"(3, 2, 2)",cn_a,INDUSTRY_C39,-0.315895658343208,-0.3136713630807688,-0.315895658343208,0.007091143634170294,2,quality_factor,0.6987044215202332,value_factor,0.21084116399288177,volatility_factor,0.05057520046830177
2020-12-24,002138.SZ,tucker,"(3, 2, 2)",cn_a,INDUSTRY_C39,-0.32129062397563374,-0.3190283414975419,-0.32129062397563374,0.007091143634170294,0,quality_factor,0.4739386737346649,value_factor,0.4477294683456421,momentum_factor,0.07474546134471893
2020-12-24,002436.SZ,tucker,"(3, 2, 2)",cn_a,INDUSTRY_C39,-0.3443529954569312,-0.3419283254237349,-0.3443529954569312,0.007091143634170294,1,value_factor,0.523125171661377,quality_factor,0.36662790179252625,momentum_factor,0.08549037575721741
2020-12-24,300919.SZ,tucker,"(3, 2, 2)",cn_a,INDUSTRY_C39,-0.3492455352644103,-0.34678641571338226,-0.3492455352644103,0.007091143634170294,1,quality_factor,0.4743795096874237,value_factor,0.44741976261138916,momentum_factor,0.07470132410526276
2020-12-24,688608.SH,tucker,"(3, 2, 2)",cn_a,INDUSTRY_C39,-0.3492455352644103,-0.34678641571338226,-0.3492455352644103,0.007091143634170294,1,quality_factor,0.4743795096874237,value_factor,0.44741976261138916,momentum_factor,0.07470132410526276
2020-12-24,689009.SH,tucker,"(3, 2, 2)",cn_a,INDUSTRY_C39,-0.3492455352644103,-0.34678641571338226,-0.3492455352644103,0.007091143634170294,1,quality_factor,0.4743795096874237,value_factor,0.44741976261138916,momentum_factor,0.07470132410526276
2020-12-24,300073.SZ,tucker,"(3, 2, 2)",cn_a,INDUSTRY_C39,-0.3584064261013931,-0.35588280257397203,-0.3584064261013931,0.007091143634170294,2,value_factor,0.6677064299583435,quality_factor,0.16084527969360352,momentum_factor,0.10609517246484756
2020-12-24,002025.SZ,tucker,"(3, 2, 2)",cn_a,INDUSTRY_C39,-0.36284491472340463,-0.36029003875881455,-0.36284491472340463,0.007091143634170294,0,value_factor,0.5441818833351135,quality_factor,0.33665791153907776,momentum_factor,0.08849124610424042
2020-12-24,002583.SZ,tucker,"(3, 2, 2)",cn_a,INDUSTRY_C39,-0.37582583393987135,-0.37317955628503097,-0.37582583393987135,0.007091143634170294,0,quality_factor,0.5247639417648315,value_factor,0.39954081177711487,momentum_factor,0.06770309060811996
2020-12-24,600435.SH,tucker,"(3, 2, 2)",cn_a,INDUSTRY_C39,-0.3769623724692982,-0.3743080921806773,-0.3769623724692982,0.007091143634170294,2,quality_factor,0.6724858283996582,value_factor,0.23928436636924744,volatility_factor,0.04415653273463249
2020-12-24,002402.SZ,tucker,"(3, 2, 2)",cn_a,INDUSTRY_C39,-0.377326537658854,-0.3746696931979044,-0.377326537658854,0.007091143634170294,1,value_factor,0.5301032066345215,quality_factor,0.35669609904289246,momentum_factor,0.08648483455181122
2020-12-24,603659.SH,tucker,"(3, 2, 2)",cn_a,INDUSTRY_C39,-0.3790520347094403,-0.37638304061992317,-0.3790520347094403,0.007091143634170294,1,value_factor,0.5632210969924927,quality_factor,0.3095594048500061,momentum_factor,0.09120459109544754
2020-12-24,603019.SH,tucker,"(3, 2, 2)",cn_a,INDUSTRY_C39,-0.3896936465337487,-0.3869497223648197,-0.3896936465337487,0.007091143634170294,1,value_factor,0.4864337146282196,quality_factor,0.41885095834732056,momentum_factor,0.08026134222745895
2020-12-24,002281.SZ,tucker,"(3, 2, 2)",cn_a,INDUSTRY_C39,-0.39231688798851266,-0.3895544929625587,-0.39231688798851266,0.007091143634170294,1,quality_factor,0.5156826376914978,value_factor,0.40939274430274963,momentum_factor,0.069155752658844
2020-12-24,688981.SH,tucker,"(3, 2, 2)",cn_a,INDUSTRY_C39,-0.406772426367308,-0.4039082465124627,-0.406772426367308,0.007091143634170294,1,quality_factor,0.48282691836357117,value_factor,0.44148463010787964,momentum_factor,0.07385548949241638
2020-12-24,688008.SH,tucker,"(3, 2, 2)",cn_a,INDUSTRY_C39,-0.4151915351590902,-0.41226807438883845,-0.4151915351590902,0.007091143634170294,1,value_factor,0.5064524412155151,quality_factor,0.3903581500053406,momentum_factor,0.08311428129673004
2020-12-24,002156.SZ,tucker,"(3, 2, 2)",cn_a,INDUSTRY_C39,-0.4207240459345509,-0.4177616294611034,-0.4207240459345509,0.007091143634170294,2,quality_factor,0.563610315322876,value_factor,0.35739827156066895,momentum_factor,0.06148915737867355
2020-12-24,300735.SZ,tucker,"(3, 2, 2)",cn_a,INDUSTRY_C39,-0.4379967597928998,-0.43491272209867926,-0.4379967597928998,0.007091143634170294,1,value_factor,0.553369402885437,quality_factor,0.323581337928772,momentum_factor,0.08980059623718262
2020-12-24,300570.SZ,tucker,"(3, 2, 2)",cn_a,INDUSTRY_C39,-0.44270054907610085,-0.43958339090066506,-0.44270054907610085,0.007091143634170294,1,value_factor,0.49576815962791443,quality_factor,0.40556514263153076,momentum_factor,0.0815916359424591
2020-12-24,603486.SH,tucker,"(3, 2, 2)",cn_a,INDUSTRY_C39,-0.4490919863373884,-0.44592982455634744,-0.4490919863373884,0.007091143634170294,1,value_factor,0.4745866358280182,quality_factor,0.4357127547264099,momentum_factor,0.07857297360897064
2020-12-24,688027.SH,tucker,"(3, 2, 2)",cn_a,INDUSTRY_C39,-0.45736354157441395,-0.4541431378370789,-0.45736354157441395,0.007091143634170294,1,value_factor,0.45947325229644775,quality_factor,0.45722371339797974,momentum_factor,0.07641910761594772
2020-12-24,688002.SH,tucker,"(3, 2, 2)",cn_a,INDUSTRY_C39,-0.46133077813772777,-0.4580824401592606,-0.46133077813772777,0.007091143634170294,1,value_factor,0.49590229988098145,quality_factor,0.4053742289543152,momentum_factor,0.08161075413227081
2020-12-24,002185.SZ,tucker,"(3, 2, 2)",cn_a,INDUSTRY_C39,-0.46167158468919317,-0.45842084701203495,-0.46167158468919317,0.007091143634170294,2,quality_factor,0.5551328659057617,value_factor,0.36659497022628784,momentum_factor,0.06284520775079727
2020-12-24,300054.SZ,tucker,"(3, 2, 2)",cn_a,INDUSTRY_C39,-0.467258033197593,-0.46396796002903784,-0.467258033197593,0.007091143634170294,1,quality_factor,0.4803740382194519,value_factor,0.44320806860923767,momentum_factor,0.07410110533237457
2020-12-24,002841.SZ,tucker,"(3, 2, 2)",cn_a,INDUSTRY_C39,-0.4742893831268098,-0.4709498005777898,-0.4742893831268098,0.007091143634170294,2,value_factor,0.5804987549781799,quality_factor,0.28496798872947693,momentum_factor,0.09366689622402191
2020-12-24,603290.SH,tucker,"(3, 2, 2)",cn_a,INDUSTRY_C39,-0.4967836490330428,-0.49328567909323146,-0.4967836490330428,0.007091143634170294,1,value_factor,0.5348716378211975,quality_factor,0.3499091863632202,momentum_factor,0.08716440945863724
2020-12-24,603501.SH,tucker,"(3, 2, 2)",cn_a,INDUSTRY_C39,-0.502572500698739,-0.4990337700995299,-0.502572500698739,0.007091143634170294,1,value_factor,0.47119590640068054,quality_factor,0.4405388832092285,momentum_factor,0.07808975130319595
2020-12-24,300679.SZ,tucker,"(3, 2, 2)",cn_a,INDUSTRY_C39,-0.5057904291775295,-0.502229040390779,-0.5057904291775295,0.007091143634170294,2,quality_factor,0.5804415941238403,value_factor,0.33913880586624146,momentum_factor,0.05879679694771767
2020-12-24,300627.SZ,tucker,"(3, 2, 2)",cn_a,INDUSTRY_C39,-0.5145164793288969,-0.5108936483807907,-0.5145164793288969,0.007091143634170294,1,value_factor,0.5105661749839783,quality_factor,0.38450318574905396,momentum_factor,0.08370055258274078
2020-12-24,300136.SZ,tucker,"(3, 2, 2)",cn_a,INDUSTRY_C39,-0.5173065190383165,-0.5136640427676369,-0.5173065190383165,0.007091143634170294,1,value_factor,0.5420044660568237,quality_factor,0.33975696563720703,momentum_factor,0.08818094432353973
2020-12-24,300037.SZ,tucker,"(3, 2, 2)",cn_a,INDUSTRY_C39,-0.5185622946858169,-0.5149109762049022,-0.5185622946858169,0.007091143634170294,1,value_factor,0.485196590423584,quality_factor,0.4206116795539856,momentum_factor,0.08008503168821335
2020-12-24,600562.SH,tucker,"(3, 2, 2)",cn_a,INDUSTRY_C39,-0.5270067305504178,-0.5232959528202494,-0.5270067305504178,0.007091143634170294,2,quality_factor,0.5934447050094604,value_factor,0.32503238320350647,momentum_factor,0.05671679973602295
2020-12-24,688019.SH,tucker,"(3, 2, 2)",cn_a,INDUSTRY_C39,-0.528029850399525,-0.5243118686430486,-0.528029850399525,0.007091143634170294,1,value_factor,0.4880978763103485,quality_factor,0.4164822995662689,momentum_factor,0.08049850910902023
2020-12-24,300857.SZ,tucker,"(3, 2, 2)",cn_a,INDUSTRY_C39,-0.533144882172428,-0.5293908842801194,-0.533144882172428,0.007091143634170294,1,value_factor,0.4745737314224243,quality_factor,0.4357311427593231,momentum_factor,0.0785711333155632
2020-12-24,300623.SZ,tucker,"(3, 2, 2)",cn_a,INDUSTRY_C39,-0.5517526574463634,-0.5478676378533976,-0.5517526574463634,0.007091143634170294,1,value_factor,0.49659463763237,quality_factor,0.4043888747692108,momentum_factor,0.08170940726995468
2020-12-24,002414.SZ,tucker,"(3, 2, 2)",cn_a,INDUSTRY_C39,-0.5529790683826664,-0.5490854133432697,-0.5529790683826664,0.007091143634170294,1,value_factor,0.49484047293663025,quality_factor,0.40688562393188477,momentum_factor,0.0814594179391861
2020-12-24,300458.SZ,tucker,"(3, 2, 2)",cn_a,INDUSTRY_C39,-0.5541768747650297,-0.5502747856905608,-0.5541768747650297,0.007091143634170294,1,quality_factor,0.5174790620803833,value_factor,0.4074438214302063,momentum_factor,0.06886839121580124
2020-12-24,300373.SZ,tucker,"(3, 2, 2)",cn_a,INDUSTRY_C39,-0.5546012413887146,-0.5506961642495297,-0.5546012413887146,0.007091143634170294,1,value_factor,0.47702375054359436,quality_factor,0.43224406242370605,momentum_factor,0.07892029732465744
2020-12-24,300390.SZ,tucker,"(3, 2, 2)",cn_a,INDUSTRY_C39,-0.5634728043172793,-0.5595052604272187,-0.5634728043172793,0.007091143634170294,1,value_factor,0.49463367462158203,quality_factor,0.40717989206314087,momentum_factor,0.08142995089292526
2020-12-24,300474.SZ,tucker,"(3, 2, 2)",cn_a,INDUSTRY_C39,-0.5779745614974443,-0.573904907341095,-0.5779745614974443,0.007091143634170294,1,quality_factor,0.47045570611953735,value_factor,0.4501765966415405,momentum_factor,0.07509420812129974
2020-12-24,300346.SZ,tucker,"(3, 2, 2)",cn_a,INDUSTRY_C39,-0.5898440366250262,-0.5856908067163782,-0.5898440366250262,0.007091143634170294,1,value_factor,0.47216787934303284,quality_factor,0.4391553997993469,momentum_factor,0.07822826504707336
2020-12-24,300115.SZ,tucker,"(3, 2, 2)",cn_a,INDUSTRY_C39,-0.5902066975978939,-0.586050914108459,-0.5902066975978939,0.007091143634170294,2,quality_factor,0.5617721676826477,value_factor,0.35939234495162964,momentum_factor,0.06178318336606026
2020-12-24,300223.SZ,tucker,"(3, 2, 2)",cn_a,INDUSTRY_C39,-0.6030533719588078,-0.5988071320285692,-0.6030533719588078,0.007091143634170294,1,quality_factor,0.4684108793735504,value_factor,0.45161324739456177,momentum_factor,0.07529895752668381
2020-12-25,600060.SH,tucker,"(3, 2, 2)",cn_a,INDUSTRY_C39,1.0307968685330522,1.0226159245574693,1.0307968685330522,0.00800000037997961,1,value_factor,0.5433236360549927,quality_factor,0.33787935972213745,momentum_factor,0.08836893737316132
2020-12-25,600707.SH,tucker,"(3, 2, 2)",cn_a,INDUSTRY_C39,0.6134973159763536,0.6086282798700297,0.6134973159763536,0.00800000037997961,0,quality_factor,0.48947641253471375,value_factor,0.43681269884109497,momentum_factor,0.07318966835737228
2020-12-25,600601.SH,tucker,"(3, 2, 2)",cn_a,INDUSTRY_C39,0.2795877678869775,0.27736881288704934,0.2795877678869775,0.00800000037997961,2,quality_factor,0.7464649081230164,value_factor,0.13962267339229584,volatility_factor,0.09940580278635025
2020-12-25,600363.SH,tucker,"(3, 2, 2)",cn_a,INDUSTRY_C39,0.2585293388930137,0.2564775146179379,0.2585293388930137,0.00800000037997961,0,value_factor,0.5892622470855713,quality_factor,0.272494912147522,momentum_factor,0.09491580724716187
2020-12-25,600699.SH,tucker,"(3, 2, 2)",cn_a,INDUSTRY_C39,0.25433974970102285,0.2523211762006697,0.25433974970102285,0.00800000037997961,0,value_factor,0.5895858407020569,quality_factor,0.27203431725502014,momentum_factor,0.09496193379163742
2020-12-25,600498.SH,tucker,"(3, 2, 2)",cn_a,INDUSTRY_C39,0.23199012961954815,0.23014893441296327,0.23199012961954815,0.00800000037997961,2,value_factor,0.6205506920814514,quality_factor,0.2279621660709381,momentum_factor,0.09937483817338943
2020-12-25,603920.SH,tucker,"(3, 2, 2)",cn_a,INDUSTRY_C39,0.07175978452916336,0.07119026128471613,0.07175978452916336,0.00800000037997961,0,quality_factor,0.7905491590499878,value_factor,0.10176146775484085,volatility_factor,0.09954291582107544
2020-12-25,600884.SH,tucker,"(3, 2, 2)",cn_a,INDUSTRY_C39,-0.004535953840405025,-0.0044999541343746854,-0.004535953840405025,0.00800000037997961,2,value_factor,0.4958210587501526,quality_factor,0.3317204713821411,volatility_factor,0.09811603277921677
2020-12-25,600171.SH,tucker,"(3, 2, 2)",cn_a,INDUSTRY_C39,-0.015557009834905752,-0.015433541254652808,-0.015557009834905752,0.00800000037997961,2,value_factor,0.4507559835910797,quality_factor,0.38419249653816223,volatility_factor,0.0982791930437088
2020-12-25,600563.SH,tucker,"(3, 2, 2)",cn_a,INDUSTRY_C39,-0.04018189580945883,-0.03986299123331502,-0.04018189580945883,0.00800000037997961,2,value_factor,0.5859163403511047,quality_factor,0.22681669890880585,volatility_factor,0.09778978675603867
2020-12-25,603228.SH,tucker,"(3, 2, 2)",cn_a,INDUSTRY_C39,-0.05274132812665551,-0.05232274531584813,-0.05274132812665551,0.00800000037997961,2,value_factor,0.6762946844100952,quality_factor,0.12158338725566864,momentum_factor,0.10465937852859497
2020-12-25,002429.SZ,tucker,"(3, 2, 2)",cn_a,INDUSTRY_C39,-0.06449411747799716,-0.06398225837369756,-0.06449411747799716,0.00800000037997961,0,value_factor,0.7493792176246643,momentum_factor,0.11693649739027023,volatility_factor,0.09719788283109665
2020-12-25,601231.SH,tucker,"(3, 2, 2)",cn_a,INDUSTRY_C39,-0.10163860293393438,-0.10083194573333348,-0.10163860293393438,0.00800000037997961,0,value_factor,0.6729881167411804,quality_factor,0.15332789719104767,momentum_factor,0.10684788227081299
2020-12-25,002130.SZ,tucker,"(3, 2, 2)",cn_a,INDUSTRY_C39,-0.13978446245265036,-0.13867505972657346,-0.13978446245265036,0.00800000037997961,0,quality_factor,0.7872385382652283,value_factor,0.1046048179268837,volatility_factor,0.09953262656927109
2020-12-25,688100.SH,tucker,"(3, 2, 2)",cn_a,INDUSTRY_C39,-0.14833916152135931,-0.14716186422172914,-0.14833916152135931,0.00800000037997961,1,value_factor,0.5318484902381897,quality_factor,0.35421204566955566,momentum_factor,0.08673356473445892
2020-12-25,600118.SH,tucker,"(3, 2, 2)",cn_a,INDUSTRY_C39,-0.18493816356236054,-0.18347039740858476,-0.18493816356236054,0.00800000037997961,2,quality_factor,0.5790121555328369,value_factor,0.340689480304718,momentum_factor,0.059025444090366364
2020-12-25,600764.SH,tucker,"(3, 2, 2)",cn_a,INDUSTRY_C39,-0.18597984574821674,-0.18450381225888438,-0.18597984574821674,0.00800000037997961,1,quality_factor,0.4963551461696625,value_factor,0.4303601086139679,momentum_factor,0.07224739342927933
2020-12-25,603160.SH,tucker,"(3, 2, 2)",cn_a,INDUSTRY_C39,-0.2505096530557186,-0.24852147720890203,-0.2505096530557186,0.00800000037997961,2,value_factor,0.6515396237373352,quality_factor,0.1838555485010147,momentum_factor,0.10379119217395782
2020-12-25,002273.SZ,tucker,"(3, 2, 2)",cn_a,INDUSTRY_C39,-0.2509353973490307,-0.24894384257245808,-0.2509353973490307,0.00800000037997961,0,value_factor,0.4840601980686188,quality_factor,0.42222896218299866,momentum_factor,0.07992308586835861
2020-12-25,002152.SZ,tucker,"(3, 2, 2)",cn_a,INDUSTRY_C39,-0.2740267476272122,-0.2718519277974432,-0.2740267476272122,0.00800000037997961,0,quality_factor,0.5535945296287537,value_factor,0.36826393008232117,momentum_factor,0.06309130042791367
2020-12-25,605358.SH,tucker,"(3, 2, 2)",cn_a,INDUSTRY_C39,-0.2961381810547042,-0.29378787330523715,-0.2961381810547042,0.00800000037997961,1,value_factor,0.4593990445137024,quality_factor,0.4573293924331665,momentum_factor,0.07640852779150009
2020-12-25,002465.SZ,tucker,"(3, 2, 2)",cn_a,INDUSTRY_C39,-0.31832870391235446,-0.3158022805480373,-0.31832870391235446,0.00800000037997961,2,quality_factor,0.6935785412788391,value_factor,0.2164018601179123,volatility_factor,0.04932033643126488
2020-12-25,002138.SZ,tucker,"(3, 2, 2)",cn_a,INDUSTRY_C39,-0.32343066454115305,-0.32086374934440604,-0.32343066454115305,0.00800000037997961,0,quality_factor,0.47341006994247437,value_factor,0.4481008052825928,momentum_factor,0.07479838281869888
2020-12-25,002436.SZ,tucker,"(3, 2, 2)",cn_a,INDUSTRY_C39,-0.3451661994568644,-0.3424267796679393,-0.3451661994568644,0.00800000037997961,1,value_factor,0.5224371552467346,quality_factor,0.36760711669921875,momentum_factor,0.08539232611656189
2020-12-25,300919.SZ,tucker,"(3, 2, 2)",cn_a,INDUSTRY_C39,-0.3502476222162138,-0.34746787359415043,-0.3502476222162138,0.00800000037997961,1,quality_factor,0.47388410568237305,value_factor,0.4477677643299103,momentum_factor,0.07475091516971588
2020-12-25,688608.SH,tucker,"(3, 2, 2)",cn_a,INDUSTRY_C39,-0.3502476222162138,-0.34746787359415043,-0.3502476222162138,0.00800000037997961,1,quality_factor,0.47388410568237305,value_factor,0.4477677643299103,momentum_factor,0.07475091516971588
2020-12-25,689009.SH,tucker,"(3, 2, 2)",cn_a,INDUSTRY_C39,-0.3502476222162138,-0.34746787359415043,-0.3502476222162138,0.00800000037997961,1,quality_factor,0.47388410568237305,value_factor,0.4477677643299103,momentum_factor,0.07475091516971588
2020-12-25,300073.SZ,tucker,"(3, 2, 2)",cn_a,INDUSTRY_C39,-0.36390331542449716,-0.36101518806701555,-0.36390331542449716,0.00800000037997961,2,value_factor,0.6633822917938232,quality_factor,0.16699984669685364,momentum_factor,0.1054789200425148
2020-12-25,002025.SZ,tucker,"(3, 2, 2)",cn_a,INDUSTRY_C39,-0.36644779157097884,-0.36353946991776637,-0.36644779157097884,0.00800000037997961,0,value_factor,0.5426361560821533,quality_factor,0.3388579487800598,momentum_factor,0.08827095478773117
2020-12-25,600435.SH,tucker,"(3, 2, 2)",cn_a,INDUSTRY_C39,-0.37547291962469315,-0.3724929698270481,-0.37547291962469315,0.00800000037997961,2,quality_factor,0.6704655289649963,value_factor,0.2414761185646057,momentum_factor,0.04439641162753105
2020-12-25,002402.SZ,tucker,"(3, 2, 2)",cn_a,INDUSTRY_C39,-0.37868491600965737,-0.37567947412596,-0.37868491600965737,0.00800000037997961,1,value_factor,0.5292438864707947,quality_factor,0.3579190671443939,momentum_factor,0.08636238425970078
2020-12-25,603659.SH,tucker,"(3, 2, 2)",cn_a,INDUSTRY_C39,-0.37893540065674797,-0.3759279707956642,-0.37893540065674797,0.00800000037997961,1,value_factor,0.5623064637184143,quality_factor,0.310861200094223,momentum_factor,0.09107424318790436
2020-12-25,002583.SZ,tucker,"(3, 2, 2)",cn_a,INDUSTRY_C39,-0.3820130465336272,-0.3789811908625085,-0.3820130465336272,0.00800000037997961,0,quality_factor,0.5228942632675171,value_factor,0.401569128036499,momentum_factor,0.06800216436386108
2020-12-25,603019.SH,tucker,"(3, 2, 2)",cn_a,INDUSTRY_C39,-0.3890558823182835,-0.3859681310126878,-0.3890558823182835,0.00800000037997961,1,value_factor,0.4863448441028595,quality_factor,0.4189773201942444,momentum_factor,0.08024868369102478
2020-12-25,002281.SZ,tucker,"(3, 2, 2)",cn_a,INDUSTRY_C39,-0.3931384155063967,-0.39001826307861104,-0.3931384155063967,0.00800000037997961,1,quality_factor,0.514743447303772,value_factor,0.410411536693573,momentum_factor,0.06930597871541977
2020-12-25,688981.SH,tucker,"(3, 2, 2)",cn_a,INDUSTRY_C39,-0.4074887828227748,-0.40425473836191433,-0.4074887828227748,0.00800000037997961,1,quality_factor,0.4822239279747009,value_factor,0.4419083297252655,momentum_factor,0.07391586154699326
2020-12-25,688008.SH,tucker,"(3, 2, 2)",cn_a,INDUSTRY_C39,-0.413797397101262,-0.4105132841724508,-0.413797397101262,0.00800000037997961,1,value_factor,0.5062527656555176,quality_factor,0.390642374753952,momentum_factor,0.08308582752943039
2020-12-25,002156.SZ,tucker,"(3, 2, 2)",cn_a,INDUSTRY_C39,-0.4208240338745922,-0.4174841538751445,-0.4208240338745922,0.00800000037997961,2,quality_factor,0.5621465444564819,value_factor,0.3589862287044525,momentum_factor,0.06172330304980278
2020-12-25,300735.SZ,tucker,"(3, 2, 2)",cn_a,INDUSTRY_C39,-0.4398413322627922,-0.43635052102031285,-0.4398413322627922,0.00800000037997961,1,value_factor,0.5521537661552429,quality_factor,0.325311541557312,momentum_factor,0.08962734788656235
2020-12-25,300570.SZ,tucker,"(3, 2, 2)",cn_a,INDUSTRY_C39,-0.4452549138985093,-0.44172113763603327,-0.4452549138985093,0.00800000037997961,1,value_factor,0.49530431628227234,quality_factor,0.4062253534793854,momentum_factor,0.0815255269408226
2020-12-25,603486.SH,tucker,"(3, 2, 2)",cn_a,INDUSTRY_C39,-0.44925935478371015,-0.44569379718047203,-0.44925935478371015,0.00800000037997961,1,value_factor,0.4745788872241974,quality_factor,0.4357239603996277,momentum_factor,0.0785718709230423
2020-12-25,688027.SH,tucker,"(3, 2, 2)",cn_a,INDUSTRY_C39,-0.45776828975484407,-0.4541352007859065,-0.45776828975484407,0.00800000037997961,1,value_factor,0.4596482813358307,quality_factor,0.45697468519210815,momentum_factor,0.07644405961036682
2020-12-25,688002.SH,tucker,"(3, 2, 2)",cn_a,INDUSTRY_C39,-0.4605028874486777,-0.4568480952798062,-0.4605028874486777,0.00800000037997961,1,value_factor,0.4957268536090851,quality_factor,0.40562400221824646,momentum_factor,0.08158573508262634
2020-12-25,002185.SZ,tucker,"(3, 2, 2)",cn_a,INDUSTRY_C39,-0.4616054186773807,-0.45794187624307026,-0.4616054186773807,0.00800000037997961,2,quality_factor,0.5538126230239868,value_factor,0.36802735924720764,momentum_factor,0.06305641680955887
2020-12-25,300054.SZ,tucker,"(3, 2, 2)",cn_a,INDUSTRY_C39,-0.4696612659030296,-0.46593378804473723,-0.4696612659030296,0.00800000037997961,1,quality_factor,0.4797484576702118,value_factor,0.443647563457489,momentum_factor,0.07416373491287231
2020-12-25,002841.SZ,tucker,"(3, 2, 2)",cn_a,INDUSTRY_C39,-0.4750199700341046,-0.47124996269244235,-0.4750199700341046,0.00800000037997961,2,value_factor,0.5792261362075806,quality_factor,0.28677934408187866,momentum_factor,0.093485526740551
2020-12-25,603290.SH,tucker,"(3, 2, 2)",cn_a,INDUSTRY_C39,-0.4944844728176709,-0.49055998498460823,-0.4944844728176709,0.00800000037997961,1,value_factor,0.5345457196235657,quality_factor,0.3503729999065399,momentum_factor,0.08711796253919601
2020-12-25,603501.SH,tucker,"(3, 2, 2)",cn_a,INDUSTRY_C39,-0.5000138793786076,-0.49604550727826197,-0.5000138793786076,0.00800000037997961,1,value_factor,0.47131431102752686,quality_factor,0.44037044048309326,momentum_factor,0.07810661941766739
2020-12-25,300679.SZ,tucker,"(3, 2, 2)",cn_a,INDUSTRY_C39,-0.507299373859313,-0.5032731802579514,-0.507299373859313,0.00800000037997961,2,quality_factor,0.5784429907798767,value_factor,0.3413069546222687,momentum_factor,0.05911649018526077
2020-12-25,300627.SZ,tucker,"(3, 2, 2)",cn_a,INDUSTRY_C39,-0.5147746773200561,-0.5106891557941735,-0.5147746773200561,0.00800000037997961,1,value_factor,0.5101339221000671,quality_factor,0.38511836528778076,momentum_factor,0.08363895118236542
2020-12-25,300136.SZ,tucker,"(3, 2, 2)",cn_a,INDUSTRY_C39,-0.5175495381097505,-0.5134419938349116,-0.5175495381097505,0.00800000037997961,1,value_factor,0.5412324070930481,quality_factor,0.3408558666706085,momentum_factor,0.08807090669870377
2020-12-25,300037.SZ,tucker,"(3, 2, 2)",cn_a,INDUSTRY_C39,-0.5193740755821646,-0.5152520508220829,-0.5193740755821646,0.00800000037997961,1,value_factor,0.48502805829048157,quality_factor,0.42085152864456177,momentum_factor,0.08006101846694946
2020-12-25,600562.SH,tucker,"(3, 2, 2)",cn_a,INDUSTRY_C39,-0.5255973755553329,-0.5214259594263231,-0.5255973755553329,0.00800000037997961,2,quality_factor,0.5919661521911621,value_factor,0.3266364336013794,momentum_factor,0.056953318417072296
2020-12-25,688019.SH,tucker,"(3, 2, 2)",cn_a,INDUSTRY_C39,-0.5260474469354731,-0.5218724588042014,-0.5260474469354731,0.00800000037997961,1,value_factor,0.48805952072143555,quality_factor,0.41653695702552795,momentum_factor,0.08049304038286209
2020-12-25,300857.SZ,tucker,"(3, 2, 2)",cn_a,INDUSTRY_C39,-0.5335941263320514,-0.5293592437994386,-0.5335941263320514,0.00800000037997961,1,value_factor,0.4745573401451111,quality_factor,0.4357546269893646,momentum_factor,0.07856879383325577
2020-12-25,002414.SZ,tucker,"(3, 2, 2)",cn_a,INDUSTRY_C39,-0.5514333698506152,-0.5470569057355904,-0.5514333698506152,0.00800000037997961,1,value_factor,0.4947129189968109,quality_factor,0.40706712007522583,momentum_factor,0.0814412459731102
2020-12-25,300623.SZ,tucker,"(3, 2, 2)",cn_a,INDUSTRY_C39,-0.5515344020430366,-0.5471571360836027,-0.5515344020430366,0.00800000037997961,1,value_factor,0.4963575601577759,quality_factor,0.40472620725631714,momentum_factor,0.08167562633752823
2020-12-25,300458.SZ,tucker,"(3, 2, 2)",cn_a,INDUSTRY_C39,-0.5541260478754768,-0.5497282132569725,-0.5541260478754768,0.00800000037997961,1,quality_factor,0.5166211724281311,value_factor,0.40837445855140686,momentum_factor,0.06900560855865479
2020-12-25,300373.SZ,tucker,"(3, 2, 2)",cn_a,INDUSTRY_C39,-0.5547713035730543,-0.5503683478672893,-0.5547713035730543,0.00800000037997961,1,value_factor,0.4769880175590515,quality_factor,0.43229496479034424,momentum_factor,0.07891520112752914
2020-12-25,300390.SZ,tucker,"(3, 2, 2)",cn_a,INDUSTRY_C39,-0.5628509200793079,-0.5583838403040976,-0.5628509200793079,0.00800000037997961,1,value_factor,0.49444442987442017,quality_factor,0.40744927525520325,momentum_factor,0.081402987241745
2020-12-25,300474.SZ,tucker,"(3, 2, 2)",cn_a,INDUSTRY_C39,-0.5767014910276481,-0.5721244858651794,-0.5767014910276481,0.00800000037997961,1,quality_factor,0.47005608677864075,value_factor,0.4504573345184326,momentum_factor,0.07513421773910522
2020-12-25,300346.SZ,tucker,"(3, 2, 2)",cn_a,INDUSTRY_C39,-0.5875379996623961,-0.5828749902902347,-0.5875379996623961,0.00800000037997961,1,value_factor,0.4722599983215332,quality_factor,0.4390243887901306,momentum_factor,0.07824140042066574
2020-12-25,300115.SZ,tucker,"(3, 2, 2)",cn_a,INDUSTRY_C39,-0.5892708385084605,-0.5845940764193953,-0.5892708385084605,0.00800000037997961,2,quality_factor,0.5605061650276184,value_factor,0.3607657849788666,momentum_factor,0.061985693871974945
2020-12-25,300223.SZ,tucker,"(3, 2, 2)",cn_a,INDUSTRY_C39,-0.6001777793999508,-0.5954144541139045,-0.6001777793999508,0.00800000037997961,1,quality_factor,0.46804508566856384,value_factor,0.45187026262283325,momentum_factor,0.07533558458089828
2020-12-28,600060.SH,tucker,"(3, 2, 2)",cn_a,INDUSTRY_C39,1.030092573704324,1.0218137778171705,1.030092573704324,0.008102040737867355,1,value_factor,0.5435513854026794,quality_factor,0.33755528926849365,momentum_factor,0.08840139210224152
2020-12-28,600707.SH,tucker,"(3, 2, 2)",cn_a,INDUSTRY_C39,0.6189183992612988,0.6139441870117511,0.6189183992612988,0.008102040737867355,0,quality_factor,0.48961225152015686,value_factor,0.43671733140945435,momentum_factor,0.0731760784983635
2020-12-28,600601.SH,tucker,"(3, 2, 2)",cn_a,INDUSTRY_C39,0.284912506422263,0.282622680685645,0.284912506422263,0.008102040737867355,2,quality_factor,0.7529584169387817,value_factor,0.13404586911201477,volatility_factor,0.09942600876092911
2020-12-28,600363.SH,tucker,"(3, 2, 2)",cn_a,INDUSTRY_C39,0.26080215094641457,0.2587060987762183,0.26080215094641457,0.008102040737867355,0,value_factor,0.5885797739028931,quality_factor,0.2734663188457489,momentum_factor,0.09481854736804962
2020-12-28,600699.SH,tucker,"(3, 2, 2)",cn_a,INDUSTRY_C39,0.25855353981332846,0.2564755596039206,0.25855353981332846,0.008102040737867355,0,value_factor,0.5880171656608582,quality_factor,0.2742669880390167,momentum_factor,0.09473837167024612
2020-12-28,600498.SH,tucker,"(3, 2, 2)",cn_a,INDUSTRY_C39,0.23270902164743473,0.23083875237213045,0.23270902164743473,0.008102040737867355,2,value_factor,0.6205518245697021,quality_factor,0.22796040773391724,momentum_factor,0.09937500208616257
2020-12-28,603920.SH,tucker,"(3, 2, 2)",cn_a,INDUSTRY_C39,0.0749160514518012,0.07431395537376562,0.0749160514518012,0.008102040737867355,0,quality_factor,0.8101133704185486,volatility_factor,0.09960374981164932,value_factor,0.0849589854478836
2020-12-28,600884.SH,tucker,"(3, 2, 2)",cn_a,INDUSTRY_C39,-0.0010173597120822573,-0.00100918324948545,-0.0010173597120822573,0.008102040737867355,2,value_factor,0.4990670084953308,quality_factor,0.3279409408569336,volatility_factor,0.09810427576303482
2020-12-28,600171.SH,tucker,"(3, 2, 2)",cn_a,INDUSTRY_C39,-0.014659585750955845,-0.014541767487509918,-0.014659585750955845,0.008102040737867355,2,value_factor,0.4538096487522125,quality_factor,0.3806370496749878,volatility_factor,0.09826815128326416
2020-12-28,600563.SH,tucker,"(3, 2, 2)",cn_a,INDUSTRY_C39,-0.036740929221154225,-0.03644564444627961,-0.036740929221154225,0.008102040737867355,2,value_factor,0.5783587694168091,quality_factor,0.23561641573905945,volatility_factor,0.09781716018915176
2020-12-28,603228.SH,tucker,"(3, 2, 2)",cn_a,INDUSTRY_C39,-0.049987582807578854,-0.04958583542533346,-0.049987582807578854,0.008102040737867355,2,value_factor,0.6667477488517761,quality_factor,0.13269950449466705,momentum_factor,0.10305564105510712
2020-12-28,002429.SZ,tucker,"(3, 2, 2)",cn_a,INDUSTRY_C39,-0.05763994471546304,-0.057176695732383674,-0.05763994471546304,0.008102040737867355,0,value_factor,0.723128080368042,momentum_factor,0.11252669990062714,volatility_factor,0.0972929447889328
2020-12-28,601231.SH,tucker,"(3, 2, 2)",cn_a,INDUSTRY_C39,-0.09831149250288457,-0.09752136858531671,-0.09831149250288457,0.008102040737867355,0,value_factor,0.6792742013931274,quality_factor,0.14438095688819885,momentum_factor,0.10774374008178711
2020-12-28,002130.SZ,tucker,"(3, 2, 2)",cn_a,INDUSTRY_C39,-0.13412789367424205,-0.13304991536156505,-0.13412789367424205,0.008102040737867355,0,quality_factor,0.7652769088745117,value_factor,0.12346632033586502,volatility_factor,0.09946432709693909
2020-12-28,688100.SH,tucker,"(3, 2, 2)",cn_a,INDUSTRY_C39,-0.1473891059064907,-0.14620454797942797,-0.1473891059064907,0.008102040737867355,1,value_factor,0.5324350595474243,quality_factor,0.353377103805542,momentum_factor,0.08681716024875641
2020-12-28,600764.SH,tucker,"(3, 2, 2)",cn_a,INDUSTRY_C39,-0.1843168022419932,-0.18283545850329705,-0.1843168022419932,0.008102040737867355,1,quality_factor,0.49693962931632996,value_factor,0.42972612380981445,momentum_factor,0.07215391844511032
2020-12-28,600118.SH,tucker,"(3, 2, 2)",cn_a,INDUSTRY_C39,-0.18493354573233498,-0.18344724526100953,-0.18493354573233498,0.008102040737867355,2,quality_factor,0.5797061324119568,value_factor,0.33993664383888245,momentum_factor,0.058914437890052795
2020-12-28,002273.SZ,tucker,"(3, 2, 2)",cn_a,INDUSTRY_C39,-0.2472255481302897,-0.24523861035080444,-0.2472255481302897,0.008102040737867355,0,value_factor,0.484421968460083,quality_factor,0.42171424627304077,momentum_factor,0.07997464388608932
2020-12-28,603160.SH,tucker,"(3, 2, 2)",cn_a,INDUSTRY_C39,-0.24907144012070714,-0.24706966701145783,-0.24907144012070714,0.008102040737867355,2,value_factor,0.6529644131660461,quality_factor,0.1818276047706604,momentum_factor,0.10399423539638519
2020-12-28,002152.SZ,tucker,"(3, 2, 2)",cn_a,INDUSTRY_C39,-0.2695513663078116,-0.2673849971874705,-0.2695513663078116,0.008102040737867355,0,quality_factor,0.5556393265724182,value_factor,0.3660455346107483,momentum_factor,0.06276420503854752
2020-12-28,605358.SH,tucker,"(3, 2, 2)",cn_a,INDUSTRY_C39,-0.29368787578909633,-0.2913275229040676,-0.29368787578909633,0.008102040737867355,1,value_factor,0.4592704474925995,quality_factor,0.45751234889030457,momentum_factor,0.07639020681381226
2020-12-28,002465.SZ,tucker,"(3, 2, 2)",cn_a,INDUSTRY_C39,-0.31481280750900015,-0.3122826747398099,-0.31481280750900015,0.008102040737867355,2,quality_factor,0.6975526809692383,value_factor,0.2120906412601471,volatility_factor,0.05029323697090149
2020-12-28,002138.SZ,tucker,"(3, 2, 2)",cn_a,INDUSTRY_C39,-0.3201150388469805,-0.3175422923437297,-0.3201150388469805,0.008102040737867355,0,quality_factor,0.4738200902938843,value_factor,0.4478127360343933,momentum_factor,0.07475732266902924
2020-12-28,002436.SZ,tucker,"(3, 2, 2)",cn_a,INDUSTRY_C39,-0.34276450239758194,-0.34000972343387503,-0.34276450239758194,0.008102040737867355,1,value_factor,0.522971510887146,quality_factor,0.36684662103652954,momentum_factor,0.08546848595142365
2020-12-28,300919.SZ,tucker,"(3, 2, 2)",cn_a,INDUSTRY_C39,-0.3476738237922097,-0.34487958888948517,-0.3476738237922097,0.008102040737867355,1,quality_factor,0.47426870465278625,value_factor,0.44749757647514343,momentum_factor,0.07471241056919098
2020-12-28,688608.SH,tucker,"(3, 2, 2)",cn_a,INDUSTRY_C39,-0.3476738237922097,-0.34487958888948517,-0.3476738237922097,0.008102040737867355,1,quality_factor,0.47426870465278625,value_factor,0.44749757647514343,momentum_factor,0.07471241056919098
2020-12-28,689009.SH,tucker,"(3, 2, 2)",cn_a,INDUSTRY_C39,-0.3476738237922097,-0.34487958888948517,-0.3476738237922097,0.008102040737867355,1,quality_factor,0.47426870465278625,value_factor,0.44749757647514343,momentum_factor,0.07471241056919098
2020-12-28,300073.SZ,tucker,"(3, 2, 2)",cn_a,INDUSTRY_C39,-0.3577850885913451,-0.3549095900240046,-0.3577850885913451,0.008102040737867355,2,value_factor,0.6667346358299255,quality_factor,0.16222842037677765,momentum_factor,0.10595668107271194
2020-12-28,002025.SZ,tucker,"(3, 2, 2)",cn_a,INDUSTRY_C39,-0.36178047961493687,-0.358872870315398,-0.36178047961493687,0.008102040737867355,0,value_factor,0.543834924697876,quality_factor,0.3371517062187195,momentum_factor,0.08844179660081863
2020-12-28,600435.SH,tucker,"(3, 2, 2)",cn_a,INDUSTRY_C39,-0.37469538571896766,-0.37168398004785363,-0.37469538571896766,0.008102040737867355,2,quality_factor,0.672036349773407,value_factor,0.2397720068693161,momentum_factor,0.0441451370716095
2020-12-28,002583.SZ,tucker,"(3, 2, 2)",cn_a,INDUSTRY_C39,-0.375268200929101,-0.3722521915744669,-0.375268200929101,0.008102040737867355,0,quality_factor,0.524341344833374,value_factor,0.3999992907047272,momentum_factor,0.06777068972587585
2020-12-28,002402.SZ,tucker,"(3, 2, 2)",cn_a,INDUSTRY_C39,-0.3756896373903304,-0.37267024097463886,-0.3756896373903304,0.008102040737867355,1,value_factor,0.5299111604690552,quality_factor,0.3569694757461548,momentum_factor,0.08645746856927872
2020-12-28,603659.SH,tucker,"(3, 2, 2)",cn_a,INDUSTRY_C39,-0.37707895311467665,-0.37404839084690705,-0.37707895311467665,0.008102040737867355,1,value_factor,0.5630172491073608,quality_factor,0.30984950065612793,momentum_factor,0.09117554873228073
2020-12-28,603019.SH,tucker,"(3, 2, 2)",cn_a,INDUSTRY_C39,-0.3875502556427486,-0.3844355361074523,-0.3875502556427486,0.008102040737867355,1,value_factor,0.4864138960838318,quality_factor,0.41887909173965454,momentum_factor,0.08025851845741272
2020-12-28,002281.SZ,tucker,"(3, 2, 2)",cn_a,INDUSTRY_C39,-0.3904838503018614,-0.3873455536318313,-0.3904838503018614,0.008102040737867355,1,quality_factor,0.5154727101325989,value_factor,0.40962040424346924,momentum_factor,0.06918932497501373
2020-12-28,688981.SH,tucker,"(3, 2, 2)",cn_a,INDUSTRY_C39,-0.4048417919024947,-0.4015881012660332,-0.4048417919024947,0.008102040737867355,1,quality_factor,0.4826921820640564,value_factor,0.44157928228378296,momentum_factor,0.07386897504329681
2020-12-28,688008.SH,tucker,"(3, 2, 2)",cn_a,INDUSTRY_C39,-0.41274931540515586,-0.40943207244852187,-0.41274931540515586,0.008102040737867355,1,value_factor,0.5064080953598022,quality_factor,0.3904213607311249,momentum_factor,0.08310796320438385
2020-12-28,002156.SZ,tucker,"(3, 2, 2)",cn_a,INDUSTRY_C39,-0.41858496440790166,-0.4152208206695359,-0.41858496440790166,0.008102040737867355,2,quality_factor,0.5632836222648621,value_factor,0.35775265097618103,momentum_factor,0.06154141202569008
2020-12-28,300735.SZ,tucker,"(3, 2, 2)",cn_a,INDUSTRY_C39,-0.4361560855961882,-0.43265072374836344,-0.4361560855961882,0.008102040737867355,1,value_factor,0.5530976057052612,quality_factor,0.3239680826663971,momentum_factor,0.08976185321807861
2020-12-28,300570.SZ,tucker,"(3, 2, 2)",cn_a,INDUSTRY_C39,-0.4409932201706694,-0.43744898254522707,-0.4409932201706694,0.008102040737867355,1,value_factor,0.4956642687320709,quality_factor,0.4057129919528961,momentum_factor,0.08157681673765182
2020-12-28,603486.SH,tucker,"(3, 2, 2)",cn_a,INDUSTRY_C39,-0.4468221302992709,-0.4432310460520481,-0.4468221302992709,0.008102040737867355,1,value_factor,0.4745849072933197,quality_factor,0.43571528792381287,momentum_factor,0.07857273519039154
2020-12-28,688027.SH,tucker,"(3, 2, 2)",cn_a,INDUSTRY_C39,-0.4551038708744306,-0.45144622674554047,-0.4551038708744306,0.008102040737867355,1,value_factor,0.4595123529434204,quality_factor,0.4571681618690491,momentum_factor,0.07642468065023422
2020-12-28,688002.SH,tucker,"(3, 2, 2)",cn_a,INDUSTRY_C39,-0.45877719492526975,-0.45509002849826724,-0.45877719492526975,0.008102040737867355,1,value_factor,0.49586325883865356,quality_factor,0.405429869890213,momentum_factor,0.08160518109798431
2020-12-28,002185.SZ,tucker,"(3, 2, 2)",cn_a,INDUSTRY_C39,-0.4592852837273645,-0.4555940338193308,-0.4592852837273645,0.008102040737867355,2,quality_factor,0.5548382997512817,value_factor,0.3669145703315735,momentum_factor,0.06289234012365341
2020-12-28,300054.SZ,tucker,"(3, 2, 2)",cn_a,INDUSTRY_C39,-0.465391014435891,-0.46165069311469675,-0.465391014435891,0.008102040737867355,1,quality_factor,0.4802338778972626,value_factor,0.44330650568008423,momentum_factor,0.07411513477563858
2020-12-28,002841.SZ,tucker,"(3, 2, 2)",cn_a,INDUSTRY_C39,-0.47201507026466677,-0.4682215117805695,-0.47201507026466677,0.008102040737867355,2,value_factor,0.5802149176597595,quality_factor,0.2853720486164093,momentum_factor,0.09362644702196121
2020-12-28,603290.SH,tucker,"(3, 2, 2)",cn_a,INDUSTRY_C39,-0.49372145317793,-0.48975344171924123,-0.49372145317793,0.008102040737867355,1,value_factor,0.5347992181777954,quality_factor,0.35001227259635925,momentum_factor,0.0871540904045105
2020-12-28,603501.SH,tucker,"(3, 2, 2)",cn_a,INDUSTRY_C39,-0.49942299436511045,-0.495409159941636,-0.49942299436511045,0.008102040737867355,1,value_factor,0.47122225165367126,quality_factor,0.4405014216899872,momentum_factor,0.0780935063958168
2020-12-28,300679.SZ,tucker,"(3, 2, 2)",cn_a,INDUSTRY_C39,-0.5035270186778562,-0.4994802004425687,-0.5035270186778562,0.008102040737867355,2,quality_factor,0.5799944400787354,value_factor,0.3396238088607788,momentum_factor,0.05886830762028694
2020-12-28,300627.SZ,tucker,"(3, 2, 2)",cn_a,INDUSTRY_C39,-0.5119306919006913,-0.5078163338179277,-0.5119306919006913,0.008102040737867355,1,value_factor,0.5104697346687317,quality_factor,0.3846403956413269,momentum_factor,0.08368681371212006
2020-12-28,300136.SZ,tucker,"(3, 2, 2)",cn_a,INDUSTRY_C39,-0.5147030307807922,-0.5105663915668911,-0.5147030307807922,0.008102040737867355,1,value_factor,0.5418323278427124,quality_factor,0.34000200033187866,momentum_factor,0.08815640211105347
2020-12-28,300037.SZ,tucker,"(3, 2, 2)",cn_a,INDUSTRY_C39,-0.5160785684135155,-0.5119308740812814,-0.5160785684135155,0.008102040737867355,1,value_factor,0.48515889048576355,quality_factor,0.4206652343273163,momentum_factor,0.08007966727018356
2020-12-28,600562.SH,tucker,"(3, 2, 2)",cn_a,INDUSTRY_C39,-0.5239867366497557,-0.5197754848156616,-0.5239867366497557,0.008102040737867355,2,quality_factor,0.5931153893470764,value_factor,0.3253895342350006,momentum_factor,0.05676946043968201
2020-12-28,688019.SH,tucker,"(3, 2, 2)",cn_a,INDUSTRY_C39,-0.5248774365303155,-0.5206590261915431,-0.5248774365303155,0.008102040737867355,1,value_factor,0.48808932304382324,quality_factor,0.4164944291114807,momentum_factor,0.08049728721380234
2020-12-28,300857.SZ,tucker,"(3, 2, 2)",cn_a,INDUSTRY_C39,-0.5305057949038829,-0.5262421497664682,-0.5305057949038829,0.008102040737867355,1,value_factor,0.474570095539093,quality_factor,0.43573638796806335,momentum_factor,0.07857061922550201
2020-12-28,300623.SZ,tucker,"(3, 2, 2)",cn_a,INDUSTRY_C39,-0.5488698579299303,-0.5444586218542519,-0.5488698579299303,0.008102040737867355,1,value_factor,0.4965417683124542,quality_factor,0.40446406602859497,momentum_factor,0.08170187473297119
2020-12-28,002414.SZ,tucker,"(3, 2, 2)",cn_a,INDUSTRY_C39,-0.5497953981955057,-0.5453767236049407,-0.5497953981955057,0.008102040737867355,1,value_factor,0.4948120415210724,quality_factor,0.4069259762763977,momentum_factor,0.08145536482334137
2020-12-28,300458.SZ,tucker,"(3, 2, 2)",cn_a,INDUSTRY_C39,-0.5513187757519181,-0.5468878578618959,-0.5513187757519181,0.008102040737867355,1,quality_factor,0.5172877311706543,value_factor,0.40765148401260376,momentum_factor,0.068899005651474
2020-12-28,300373.SZ,tucker,"(3, 2, 2)",cn_a,INDUSTRY_C39,-0.551789979499453,-0.5473552745715016,-0.551789979499453,0.008102040737867355,1,value_factor,0.47701576352119446,quality_factor,0.43225544691085815,momentum_factor,0.07891914993524551
2020-12-28,300390.SZ,tucker,"(3, 2, 2)",cn_a,INDUSTRY_C39,-0.5604402295566738,-0.5559360030571427,-0.5604402295566738,0.008102040737867355,1,value_factor,0.49459153413772583,quality_factor,0.4072399139404297,momentum_factor,0.08142393827438354
2020-12-28,300474.SZ,tucker,"(3, 2, 2)",cn_a,INDUSTRY_C39,-0.5747229872665288,-0.5701039710492538,-0.5747229872665288,0.008102040737867355,1,quality_factor,0.4703666567802429,value_factor,0.45023906230926514,momentum_factor,0.07510311156511307
2020-12-28,300346.SZ,tucker,"(3, 2, 2)",cn_a,INDUSTRY_C39,-0.5863022648352015,-0.5815901866175212,-0.5863022648352015,0.008102040737867355,1,value_factor,0.4721883535385132,quality_factor,0.43912625312805176,momentum_factor,0.07823118567466736
2020-12-28,300115.SZ,tucker,"(3, 2, 2)",cn_a,INDUSTRY_C39,-0.5869671165695992,-0.5822496949760467,-0.5869671165695992,0.008102040737867355,2,quality_factor,0.5614900588989258,value_factor,0.3596983850002289,momentum_factor,0.061828311532735825
2020-12-28,300223.SZ,tucker,"(3, 2, 2)",cn_a,INDUSTRY_C39,-0.5993173544118293,-0.5945006746536577,-0.5993173544118293,0.008102040737867355,1,quality_factor,0.4683295786380768,value_factor,0.451670378446579,momentum_factor,0.07530709356069565
2020-12-29,600060.SH,tucker,"(3, 2, 2)",cn_a,INDUSTRY_C39,1.0406820298315407,1.0286648868700987,1.0406820298315407,0.011682326905429363,1,value_factor,0.5440006256103516,quality_factor,0.3369159400463104,momentum_factor,0.08846541494131088
2020-12-29,600707.SH,tucker,"(3, 2, 2)",cn_a,INDUSTRY_C39,0.6369291102816196,0.6295742526448472,0.6369291102816196,0.011682326905429363,0,quality_factor,0.4898729622364044,value_factor,0.4365341365337372,momentum_factor,0.07314997911453247
2020-12-29,600601.SH,tucker,"(3, 2, 2)",cn_a,INDUSTRY_C39,0.2988424214581513,0.2953915767249263,0.2988424214581513,0.011682326905429363,2,quality_factor,0.7656193971633911,value_factor,0.12317217141389847,volatility_factor,0.09946538507938385
2020-12-29,600699.SH,tucker,"(3, 2, 2)",cn_a,INDUSTRY_C39,0.26996233226165,0.2668449766736827,0.26996233226165,0.011682326905429363,0,value_factor,0.5850560069084167,quality_factor,0.27848169207572937,momentum_factor,0.09431636333465576
2020-12-29,600363.SH,tucker,"(3, 2, 2)",cn_a,INDUSTRY_C39,0.2683685628081465,0.2652696110695984,0.2683685628081465,0.011682326905429363,0,value_factor,0.5872663259506226,quality_factor,0.27533572912216187,momentum_factor,0.09463135898113251
2020-12-29,600498.SH,tucker,"(3, 2, 2)",cn_a,INDUSTRY_C39,0.2368512342656438,0.23411622485722253,0.2368512342656438,0.011682326905429363,2,value_factor,0.6205542087554932,quality_factor,0.22795704007148743,momentum_factor,0.09937535226345062
2020-12-29,603920.SH,tucker,"(3, 2, 2)",cn_a,INDUSTRY_C39,0.08207903712925098,0.08113123992026162,0.08207903712925098,0.011682326905429363,0,quality_factor,0.8481079936027527,volatility_factor,0.09968139231204987,value_factor,0.05200187489390373
2020-12-29,600884.SH,tucker,"(3, 2, 2)",cn_a,INDUSTRY_C39,0.005983700589691318,0.005914604570577367,0.005983700589691318,0.011682326905429363,2,value_factor,0.5053759813308716,quality_factor,0.3205949068069458,volatility_factor,0.09808142483234406
2020-12-29,600171.SH,tucker,"(3, 2, 2)",cn_a,INDUSTRY_C39,-0.013041609970060507,-0.012891013642877886,-0.013041609970060507,0.011682326905429363,2,value_factor,0.45974448323249817,quality_factor,0.3737266957759857,volatility_factor,0.09824665635824203
2020-12-29,600563.SH,tucker,"(3, 2, 2)",cn_a,INDUSTRY_C39,-0.030310511451546562,-0.02996050468780277,-0.030310511451546562,0.011682326905429363,2,value_factor,0.5635813474655151,quality_factor,0.25282275676727295,volatility_factor,0.09787066280841827
2020-12-29,002429.SZ,tucker,"(3, 2, 2)",cn_a,INDUSTRY_C39,-0.0446499938274852,-0.044134403720544224,-0.0446499938274852,0.011682326905429363,0,value_factor,0.6712350845336914,quality_factor,0.1274745762348175,momentum_factor,0.10380944609642029
2020-12-29,603228.SH,tucker,"(3, 2, 2)",cn_a,INDUSTRY_C39,-0.04508109326761058,-0.04456052509488767,-0.04508109326761058,0.011682326905429363,2,value_factor,0.6480527520179749,quality_factor,0.15446734428405762,momentum_factor,0.09991515427827835
2020-12-29,601231.SH,tucker,"(3, 2, 2)",cn_a,INDUSTRY_C39,-0.09282485643986745,-0.09175297325342116,-0.09282485643986745,0.011682326905429363,0,value_factor,0.6926427483558655,quality_factor,0.12535350024700165,momentum_factor,0.1096489429473877
2020-12-29,002130.SZ,tucker,"(3, 2, 2)",cn_a,INDUSTRY_C39,-0.12441542131051384,-0.12297875010678555,-0.12441542131051384,0.011682326905429363,0,quality_factor,0.7229639291763306,value_factor,0.1598062962293625,volatility_factor,0.09933273494243622
2020-12-29,688100.SH,tucker,"(3, 2, 2)",cn_a,INDUSTRY_C39,-0.14721157656287726,-0.1455116696648772,-0.14721157656287726,0.011682326905429363,1,value_factor,0.5336109399795532,quality_factor,0.35170355439186096,momentum_factor,0.08698473870754242
2020-12-29,600764.SH,tucker,"(3, 2, 2)",cn_a,INDUSTRY_C39,-0.18314816030924125,-0.18103328029548957,-0.18314816030924125,0.011682326905429363,1,quality_factor,0.49812325835227966,value_factor,0.42844200134277344,momentum_factor,0.0719645768404007
2020-12-29,600118.SH,tucker,"(3, 2, 2)",cn_a,INDUSTRY_C39,-0.1870774904268277,-0.18491723697487666,-0.1870774904268277,0.011682326905429363,2,quality_factor,0.5810744762420654,value_factor,0.3384522497653961,momentum_factor,0.058695558458566666
2020-12-29,002273.SZ,tucker,"(3, 2, 2)",cn_a,INDUSTRY_C39,-0.24270985585066138,-0.23990719475697408,-0.24270985585066138,0.011682326905429363,0,value_factor,0.48516637086868286,quality_factor,0.42065465450286865,momentum_factor,0.08008073270320892
2020-12-29,603160.SH,tucker,"(3, 2, 2)",cn_a,INDUSTRY_C39,-0.24910483446625925,-0.2462283281729278,-0.24910483446625925,0.011682326905429363,2,value_factor,0.6558048725128174,quality_factor,0.17778480052947998,momentum_factor,0.10439904034137726
2020-12-29,002152.SZ,tucker,"(3, 2, 2)",cn_a,INDUSTRY_C39,-0.26376982856734876,-0.2607239801257052,-0.26376982856734876,0.011682326905429363,0,quality_factor,0.559883177280426,value_factor,0.36144164204597473,momentum_factor,0.0620853528380394
2020-12-29,605358.SH,tucker,"(3, 2, 2)",cn_a,INDUSTRY_C39,-0.29222353151748764,-0.28884911757136467,-0.29222353151748764,0.011682326905429363,1,value_factor,0.4590107202529907,quality_factor,0.4578820466995239,momentum_factor,0.07635319232940674
2020-12-29,002465.SZ,tucker,"(3, 2, 2)",cn_a,INDUSTRY_C39,-0.31147058880384837,-0.30787392191939544,-0.31147058880384837,0.011682326905429363,2,quality_factor,0.7056818008422852,value_factor,0.20327168703079224,volatility_factor,0.05228336155414581
2020-12-29,002138.SZ,tucker,"(3, 2, 2)",cn_a,INDUSTRY_C39,-0.3172337123632522,-0.3135704965447997,-0.3172337123632522,0.011682326905429363,0,quality_factor,0.47465404868125916,value_factor,0.4472268223762512,momentum_factor,0.07467383146286011
2020-12-29,002436.SZ,tucker,"(3, 2, 2)",cn_a,INDUSTRY_C39,-0.3419684295394459,-0.33801959273024246,-0.3419684295394459,0.011682326905429363,1,value_factor,0.5240445733070374,quality_factor,0.36531928181648254,momentum_factor,0.08562139421701431
2020-12-29,300919.SZ,tucker,"(3, 2, 2)",cn_a,INDUSTRY_C39,-0.34659189429334997,-0.3425896686147972,-0.34659189429334997,0.011682326905429363,1,quality_factor,0.4750439524650574,value_factor,0.4469528794288635,momentum_factor,0.07463478296995163
2020-12-29,688608.SH,tucker,"(3, 2, 2)",cn_a,INDUSTRY_C39,-0.34659189429334997,-0.3425896686147972,-0.34659189429334997,0.011682326905429363,1,quality_factor,0.4750439524650574,value_factor,0.4469528794288635,momentum_factor,0.07463478296995163
2020-12-29,689009.SH,tucker,"(3, 2, 2)",cn_a,INDUSTRY_C39,-0.34659189429334997,-0.3425896686147972,-0.34659189429334997,0.011682326905429363,1,quality_factor,0.4750439524650574,value_factor,0.4469528794288635,momentum_factor,0.07463478296995163
2020-12-29,300073.SZ,tucker,"(3, 2, 2)",cn_a,INDUSTRY_C39,-0.3497564872448626,-0.3457177188329648,-0.3497564872448626,0.011682326905429363,2,value_factor,0.6735956072807312,quality_factor,0.15246331691741943,momentum_factor,0.10693446546792984
2020-12-29,002025.SZ,tucker,"(3, 2, 2)",cn_a,INDUSTRY_C39,-0.35669021239441756,-0.3525713776760121,-0.35669021239441756,0.011682326905429363,0,value_factor,0.5462796092033386,quality_factor,0.3336721658706665,momentum_factor,0.08879020810127258
2020-12-29,002583.SZ,tucker,"(3, 2, 2)",cn_a,INDUSTRY_C39,-0.3661942393266619,-0.36196565806985154,-0.3661942393266619,0.011682326905429363,0,quality_factor,0.5273551344871521,value_factor,0.3967297673225403,momentum_factor,0.0672885924577713
2020-12-29,002402.SZ,tucker,"(3, 2, 2)",cn_a,INDUSTRY_C39,-0.37409383942984503,-0.36977403854873353,-0.37409383942984503,0.011682326905429363,1,value_factor,0.5312542915344238,quality_factor,0.3550577759742737,momentum_factor,0.08664888888597488
2020-12-29,600435.SH,tucker,"(3, 2, 2)",cn_a,INDUSTRY_C39,-0.377508195878368,-0.37314896815179643,-0.377508195878368,0.011682326905429363,2,quality_factor,0.6751554012298584,value_factor,0.23638831079006195,volatility_factor,0.044810082763433456
2020-12-29,603659.SH,tucker,"(3, 2, 2)",cn_a,INDUSTRY_C39,-0.3777691334043418,-0.3734068925349815,-0.3777691334043418,0.011682326905429363,1,value_factor,0.5644349455833435,quality_factor,0.30783164501190186,momentum_factor,0.09137758612632751
2020-12-29,603019.SH,tucker,"(3, 2, 2)",cn_a,INDUSTRY_C39,-0.3890615720500705,-0.38456893318622287,-0.3890615720500705,0.011682326905429363,1,value_factor,0.4865514636039734,quality_factor,0.41868335008621216,momentum_factor,0.08027812838554382
2020-12-29,002281.SZ,tucker,"(3, 2, 2)",cn_a,INDUSTRY_C39,-0.38973937418967664,-0.38523890849210096,-0.38973937418967664,0.011682326905429363,1,quality_factor,0.5169400572776794,value_factor,0.4080285429954529,momentum_factor,0.06895460188388824
2020-12-29,688981.SH,tucker,"(3, 2, 2)",cn_a,INDUSTRY_C39,-0.4042795790545833,-0.39961121219647877,-0.4042795790545833,0.011682326905429363,1,quality_factor,0.4836338758468628,value_factor,0.44091764092445374,momentum_factor,0.07377468049526215
2020-12-29,688008.SH,tucker,"(3, 2, 2)",cn_a,INDUSTRY_C39,-0.41546595228281213,-0.4106684122070962,-0.41546595228281213,0.011682326905429363,1,value_factor,0.5067161917686462,quality_factor,0.38998284935951233,momentum_factor,0.08315187692642212
2020-12-29,002156.SZ,tucker,"(3, 2, 2)",cn_a,INDUSTRY_C39,-0.4189957885832225,-0.41415748817319065,-0.4189957885832225,0.011682326905429363,2,quality_factor,0.5655626058578491,value_factor,0.3552802801132202,momentum_factor,0.061176858842372894
2020-12-29,300735.SZ,tucker,"(3, 2, 2)",cn_a,INDUSTRY_C39,-0.43388911338168196,-0.4288788342037423,-0.43388911338168196,0.011682326905429363,1,value_factor,0.5549986362457275,quality_factor,0.32126250863075256,momentum_factor,0.09003277868032455
2020-12-29,300570.SZ,tucker,"(3, 2, 2)",cn_a,INDUSTRY_C39,-0.4376336499913889,-0.43258013125470474,-0.4376336499913889,0.011682326905429363,1,value_factor,0.4963933825492859,quality_factor,0.40467530488967896,momentum_factor,0.08168072998523712
2020-12-29,603486.SH,tucker,"(3, 2, 2)",cn_a,INDUSTRY_C39,-0.4471667722905302,-0.44200317104040415,-0.4471667722905302,0.011682326905429363,1,value_factor,0.4745970666408539,quality_factor,0.43569791316986084,momentum_factor,0.07857446372509003
2020-12-29,688027.SH,tucker,"(3, 2, 2)",cn_a,INDUSTRY_C39,-0.45509211485683704,-0.4498369967246013,-0.45509211485683704,0.011682326905429363,1,value_factor,0.4592396318912506,quality_factor,0.4575561285018921,momentum_factor,0.07638581842184067
2020-12-29,002185.SZ,tucker,"(3, 2, 2)",cn_a,INDUSTRY_C39,-0.46000840299844437,-0.45469651465615046,-0.46000840299844437,0.011682326905429363,2,quality_factor,0.5568921566009521,value_factor,0.3646864593029022,momentum_factor,0.06256379932165146
2020-12-29,688002.SH,tucker,"(3, 2, 2)",cn_a,INDUSTRY_C39,-0.4606791810121384,-0.45535954694631425,-0.4606791810121384,0.011682326905429363,1,value_factor,0.496134877204895,quality_factor,0.40504324436187744,momentum_factor,0.08164389431476593
2020-12-29,300054.SZ,tucker,"(3, 2, 2)",cn_a,INDUSTRY_C39,-0.4622984470309295,-0.4569601146973515,-0.4622984470309295,0.011682326905429363,1,quality_factor,0.48121771216392517,value_factor,0.44261521100997925,momentum_factor,0.07401660829782486
2020-12-29,002841.SZ,tucker,"(3, 2, 2)",cn_a,INDUSTRY_C39,-0.47152159633981294,-0.46607676086634936,-0.47152159633981294,0.011682326905429363,2,value_factor,0.5821934342384338,quality_factor,0.28255602717399597,momentum_factor,0.0939084142446518
2020-12-29,603290.SH,tucker,"(3, 2, 2)",cn_a,INDUSTRY_C39,-0.49794899110220764,-0.492198988659531,-0.49794899110220764,0.011682326905429363,1,value_factor,0.5353004932403564,quality_factor,0.34929877519607544,momentum_factor,0.0872255265712738
2020-12-29,300679.SZ,tucker,"(3, 2, 2)",cn_a,INDUSTRY_C39,-0.5018708184285624,-0.4960755291852109,-0.5018708184285624,0.011682326905429363,2,quality_factor,0.5831255912780762,value_factor,0.336227148771286,momentum_factor,0.058367472141981125
2020-12-29,603501.SH,tucker,"(3, 2, 2)",cn_a,INDUSTRY_C39,-0.5040599956154026,-0.49823942712779773,-0.5040599956154026,0.011682326905429363,1,value_factor,0.47104009985923767,quality_factor,0.4407605528831482,momentum_factor,0.07806754112243652
2020-12-29,300627.SZ,tucker,"(3, 2, 2)",cn_a,INDUSTRY_C39,-0.5122226666571662,-0.5063078407671615,-0.5122226666571662,0.011682326905429363,1,value_factor,0.5111417174339294,quality_factor,0.38368403911590576,momentum_factor,0.08378256857395172
2020-12-29,300136.SZ,tucker,"(3, 2, 2)",cn_a,INDUSTRY_C39,-0.5150222569726989,-0.5090751031707184,-0.5150222569726989,0.011682326905429363,1,value_factor,0.5430315136909485,quality_factor,0.33829519152641296,momentum_factor,0.08832729607820511
2020-12-29,300037.SZ,tucker,"(3, 2, 2)",cn_a,INDUSTRY_C39,-0.5155189087675964,-0.5095660199423809,-0.5155189087675964,0.011682326905429363,1,value_factor,0.48542165756225586,quality_factor,0.42029130458831787,momentum_factor,0.0801171064376831
2020-12-29,600562.SH,tucker,"(3, 2, 2)",cn_a,INDUSTRY_C39,-0.5268772590811229,-0.5207932111548457,-0.5268772590811229,0.011682326905429363,2,quality_factor,0.5954034328460693,value_factor,0.322907418012619,momentum_factor,0.056403469294309616
2020-12-29,688019.SH,tucker,"(3, 2, 2)",cn_a,INDUSTRY_C39,-0.5286565452960055,-0.5225519512891766,-0.5286565452960055,0.011682326905429363,1,value_factor,0.4881485104560852,quality_factor,0.4164102077484131,momentum_factor,0.08050572872161865
2020-12-29,300857.SZ,tucker,"(3, 2, 2)",cn_a,INDUSTRY_C39,-0.5305270305887635,-0.5244008373916671,-0.5305270305887635,0.011682326905429363,1,value_factor,0.47459572553634644,quality_factor,0.4356998801231384,momentum_factor,0.07857426255941391
2020-12-29,300623.SZ,tucker,"(3, 2, 2)",cn_a,INDUSTRY_C39,-0.549949553074351,-0.5435990807769238,-0.549949553074351,0.011682326905429363,1,value_factor,0.4969097077846527,quality_factor,0.4039404094219208,momentum_factor,0.08175431936979294
2020-12-29,300458.SZ,tucker,"(3, 2, 2)",cn_a,INDUSTRY_C39,-0.552142512206054,-0.5457667169928476,-0.552142512206054,0.011682326905429363,1,quality_factor,0.5186218023300171,value_factor,0.40620413422584534,momentum_factor,0.06868559867143631
2020-12-29,300373.SZ,tucker,"(3, 2, 2)",cn_a,INDUSTRY_C39,-0.552272299386964,-0.5458950054728452,-0.552272299386964,0.011682326905429363,1,value_factor,0.4770713448524475,quality_factor,0.43217629194259644,momentum_factor,0.07892707735300064
2020-12-29,002414.SZ,tucker,"(3, 2, 2)",cn_a,INDUSTRY_C39,-0.5529319294310714,-0.5465470185231789,-0.5529319294310714,0.011682326905429363,1,value_factor,0.49500906467437744,quality_factor,0.40664559602737427,momentum_factor,0.08148344606161118
2020-12-29,300390.SZ,tucker,"(3, 2, 2)",cn_a,INDUSTRY_C39,-0.5621605917374685,-0.555669114029055,-0.5621605917374685,0.011682326905429363,1,value_factor,0.4948848783969879,quality_factor,0.4068223536014557,momentum_factor,0.08146575093269348
2020-12-29,300474.SZ,tucker,"(3, 2, 2)",cn_a,INDUSTRY_C39,-0.5774710319181242,-0.5708027588551456,-0.5774710319181242,0.011682326905429363,1,quality_factor,0.47098538279533386,value_factor,0.44980448484420776,momentum_factor,0.07504118233919144
2020-12-29,300115.SZ,tucker,"(3, 2, 2)",cn_a,INDUSTRY_C39,-0.5892095255337509,-0.5824057037134311,-0.5892095255337509,0.011682326905429363,2,quality_factor,0.5634532570838928,value_factor,0.35756856203079224,momentum_factor,0.061514269560575485
2020-12-29,300346.SZ,tucker,"(3, 2, 2)",cn_a,INDUSTRY_C39,-0.5906655367291239,-0.5838449018052945,-0.5906655367291239,0.011682326905429363,1,value_factor,0.4720464050769806,quality_factor,0.4393283724784851,momentum_factor,0.07821095734834671
2020-12-29,300223.SZ,tucker,"(3, 2, 2)",cn_a,INDUSTRY_C39,-0.6045801882233517,-0.5975988756367285,-0.6045801882233517,0.011682326905429363,1,quality_factor,0.46889278292655945,value_factor,0.4512746334075928,momentum_factor,0.07525069266557693
2020-12-30,600060.SH,tucker,"(3, 2, 2)",cn_a,INDUSTRY_C39,1.0327564044696693,1.029132985337206,1.0327564044696693,0.003520803526043892,1,value_factor,0.5439053177833557,quality_factor,0.3370514512062073,momentum_factor,0.08845183253288269
2020-12-30,600707.SH,tucker,"(3, 2, 2)",cn_a,INDUSTRY_C39,0.6296266737461318,0.6274176326536851,0.6296266737461318,0.003520803526043892,0,quality_factor,0.4898184537887573,value_factor,0.43657243251800537,momentum_factor,0.07315543293952942
2020-12-30,600601.SH,tucker,"(3, 2, 2)",cn_a,INDUSTRY_C39,0.2942510043630654,0.2932186266268042,0.2942510043630654,0.003520803526043892,2,quality_factor,0.7629514932632446,value_factor,0.12546353042125702,volatility_factor,0.09945709258317947
2020-12-30,600699.SH,tucker,"(3, 2, 2)",cn_a,INDUSTRY_C39,0.26606447282542695,0.26513098735186125,0.26606447282542695,0.003520803526043892,0,value_factor,0.5856695771217346,quality_factor,0.27760836482048035,momentum_factor,0.09440380334854126
2020-12-30,600363.SH,tucker,"(3, 2, 2)",cn_a,INDUSTRY_C39,0.26529645294193543,0.26436566206113904,0.26529645294193543,0.003520803526043892,0,value_factor,0.5875412225723267,quality_factor,0.2749444842338562,momentum_factor,0.09467054158449173
2020-12-30,600498.SH,tucker,"(3, 2, 2)",cn_a,INDUSTRY_C39,0.23467909447870863,0.23385572440107646,0.23467909447870863,0.003520803526043892,2,value_factor,0.6205537915229797,quality_factor,0.22795778512954712,momentum_factor,0.09937527775764465
2020-12-30,603920.SH,tucker,"(3, 2, 2)",cn_a,INDUSTRY_C39,0.08010837111751037,0.07982731141812588,0.08010837111751037,0.003520803526043892,0,quality_factor,0.8403588533401489,volatility_factor,0.09969782084226608,value_factor,0.05898308753967285
2020-12-30,600884.SH,tucker,"(3, 2, 2)",cn_a,INDUSTRY_C39,0.004462341753777009,0.004446685656737816,0.004462341753777009,0.003520803526043892,2,value_factor,0.504048764705658,quality_factor,0.3221403658390045,volatility_factor,0.09808623045682907
2020-12-30,600171.SH,tucker,"(3, 2, 2)",cn_a,INDUSTRY_C39,-0.013314559921848948,-0.013267845874903938,-0.013314559921848948,0.003520803526043892,2,value_factor,0.45849594473838806,quality_factor,0.3751804530620575,volatility_factor,0.09825117886066437
2020-12-30,600563.SH,tucker,"(3, 2, 2)",cn_a,INDUSTRY_C39,-0.031512648988502714,-0.031402087064349674,-0.031512648988502714,0.003520803526043892,2,value_factor,0.5666998624801636,quality_factor,0.24919159710407257,volatility_factor,0.09785937517881393
2020-12-30,603228.SH,tucker,"(3, 2, 2)",cn_a,INDUSTRY_C39,-0.04587864639948436,-0.04571768146678973,-0.04587864639948436,0.003520803526043892,2,value_factor,0.6520010232925415,quality_factor,0.14986999332904816,momentum_factor,0.1005784124135971
2020-12-30,002429.SZ,tucker,"(3, 2, 2)",cn_a,INDUSTRY_C39,-0.0471687992007474,-0.04700330777533516,-0.0471687992007474,0.003520803526043892,0,value_factor,0.6822490096092224,quality_factor,0.11465034633874893,momentum_factor,0.105659618973732
2020-12-30,601231.SH,tucker,"(3, 2, 2)",cn_a,INDUSTRY_C39,-0.09348547360198448,-0.09315748042548051,-0.09348547360198448,0.003520803526043892,0,value_factor,0.6896939873695374,quality_factor,0.12955047190189362,momentum_factor,0.1092287078499794
2020-12-30,002130.SZ,tucker,"(3, 2, 2)",cn_a,INDUSTRY_C39,-0.1258024054561506,-0.12536102853428702,-0.1258024054561506,0.003520803526043892,0,quality_factor,0.7318249940872192,value_factor,0.1521960347890854,volatility_factor,0.09936028718948364
2020-12-30,688100.SH,tucker,"(3, 2, 2)",cn_a,INDUSTRY_C39,-0.14644672404742218,-0.14593291666796324,-0.14644672404742218,0.003520803526043892,1,value_factor,0.5333595275878906,quality_factor,0.35206136107444763,momentum_factor,0.08694891631603241
2020-12-30,600764.SH,tucker,"(3, 2, 2)",cn_a,INDUSTRY_C39,-0.18239813460136312,-0.18175819193164947,-0.18239813460136312,0.003520803526043892,1,quality_factor,0.4978688657283783,value_factor,0.42871806025505066,momentum_factor,0.07200527936220169
2020-12-30,600118.SH,tucker,"(3, 2, 2)",cn_a,INDUSTRY_C39,-0.1856016392418207,-0.18495045709689784,-0.1856016392418207,0.003520803526043892,2,quality_factor,0.5807844400405884,value_factor,0.338766872882843,momentum_factor,0.05874195322394371
2020-12-30,002273.SZ,tucker,"(3, 2, 2)",cn_a,INDUSTRY_C39,-0.24234682864558477,-0.24149655637246617,-0.24234682864558477,0.003520803526043892,0,value_factor,0.4850049912929535,quality_factor,0.420884370803833,momentum_factor,0.08005772531032562
2020-12-30,603160.SH,tucker,"(3, 2, 2)",cn_a,INDUSTRY_C39,-0.2477396043148127,-0.2468704115233101,-0.2477396043148127,0.003520803526043892,2,value_factor,0.6551993489265442,quality_factor,0.17864665389060974,momentum_factor,0.10431274026632309
2020-12-30,002152.SZ,tucker,"(3, 2, 2)",cn_a,INDUSTRY_C39,-0.26356115639464245,-0.2626364537905033,-0.26356115639464245,0.003520803526043892,0,quality_factor,0.5589591264724731,value_factor,0.36244407296180725,momentum_factor,0.06223316490650177
2020-12-30,605358.SH,tucker,"(3, 2, 2)",cn_a,INDUSTRY_C39,-0.29094170214889126,-0.289920935077939,-0.29094170214889126,0.003520803526043892,1,value_factor,0.4590664803981781,quality_factor,0.4578026831150055,momentum_factor,0.07636114209890366
2020-12-30,002465.SZ,tucker,"(3, 2, 2)",cn_a,INDUSTRY_C39,-0.3104831430157427,-0.3093938149265228,-0.3104831430157427,0.003520803526043892,2,quality_factor,0.7039251327514648,value_factor,0.20517733693122864,volatility_factor,0.05185332149267197
2020-12-30,002138.SZ,tucker,"(3, 2, 2)",cn_a,INDUSTRY_C39,-0.31611683970866317,-0.31500774583121355,-0.31611683970866317,0.003520803526043892,0,quality_factor,0.47447437047958374,value_factor,0.4473530650138855,momentum_factor,0.07469181716442108
2020-12-30,002436.SZ,tucker,"(3, 2, 2)",cn_a,INDUSTRY_C39,-0.3402732849963875,-0.3390794383876558,-0.3402732849963875,0.003520803526043892,1,value_factor,0.5238149762153625,quality_factor,0.3656461536884308,momentum_factor,0.08558867871761322
2020-12-30,300919.SZ,tucker,"(3, 2, 2)",cn_a,INDUSTRY_C39,-0.3449323282259638,-0.3437221353943436,-0.3449323282259638,0.003520803526043892,1,quality_factor,0.4748777151107788,value_factor,0.4470696747303009,momentum_factor,0.07465142756700516
2020-12-30,688608.SH,tucker,"(3, 2, 2)",cn_a,INDUSTRY_C39,-0.3449323282259638,-0.3437221353943436,-0.3449323282259638,0.003520803526043892,1,quality_factor,0.4748777151107788,value_factor,0.4470696747303009,momentum_factor,0.07465142756700516
2020-12-30,689009.SH,tucker,"(3, 2, 2)",cn_a,INDUSTRY_C39,-0.3449323282259638,-0.3437221353943436,-0.3449323282259638,0.003520803526043892,1,quality_factor,0.4748777151107788,value_factor,0.4470696747303009,momentum_factor,0.07465142756700516
2020-12-30,300073.SZ,tucker,"(3, 2, 2)",cn_a,INDUSTRY_C39,-0.34955683777493174,-0.34833041988161695,-0.34955683777493174,0.003520803526043892,2,value_factor,0.6721126437187195,quality_factor,0.1545739769935608,momentum_factor,0.1067231222987175
2020-12-30,002025.SZ,tucker,"(3, 2, 2)",cn_a,INDUSTRY_C39,-0.3558279400274496,-0.3545795200126422,-0.3558279400274496,0.003520803526043892,0,value_factor,0.5457521677017212,quality_factor,0.33442285656929016,momentum_factor,0.08871503174304962
2020-12-30,002583.SZ,tucker,"(3, 2, 2)",cn_a,INDUSTRY_C39,-0.3661272604927782,-0.3648427053790608,-0.3661272604927782,0.003520803526043892,0,quality_factor,0.5266976952552795,value_factor,0.3974429965019226,momentum_factor,0.06739375740289688
2020-12-30,002402.SZ,tucker,"(3, 2, 2)",cn_a,INDUSTRY_C39,-0.37239360290364754,-0.371087062368311,-0.37239360290364754,0.003520803526043892,1,value_factor,0.5309664607048035,quality_factor,0.35546740889549255,momentum_factor,0.08660787343978882
2020-12-30,600435.SH,tucker,"(3, 2, 2)",cn_a,INDUSTRY_C39,-0.3748518788227804,-0.3735367134423597,-0.3748518788227804,0.003520803526043892,2,quality_factor,0.6744918823242188,value_factor,0.23710815608501434,volatility_factor,0.044647637754678726
2020-12-30,603659.SH,tucker,"(3, 2, 2)",cn_a,INDUSTRY_C39,-0.37556275882159973,-0.37424509932332367,-0.37556275882159973,0.003520803526043892,1,value_factor,0.5641326308250427,quality_factor,0.308261901140213,momentum_factor,0.0913345068693161
2020-12-30,603019.SH,tucker,"(3, 2, 2)",cn_a,INDUSTRY_C39,-0.38661902075835025,-0.38526257043693163,-0.38661902075835025,0.003520803526043892,1,value_factor,0.4865221381187439,quality_factor,0.41872504353523254,momentum_factor,0.08027394860982895
2020-12-30,002281.SZ,tucker,"(3, 2, 2)",cn_a,INDUSTRY_C39,-0.38777280888571847,-0.38641231050615427,-0.38777280888571847,0.003520803526043892,1,quality_factor,0.516625702381134,value_factor,0.4083695113658905,momentum_factor,0.06900487840175629
2020-12-30,688981.SH,tucker,"(3, 2, 2)",cn_a,INDUSTRY_C39,-0.40219498275873444,-0.40078388427587675,-0.40219498275873444,0.003520803526043892,1,quality_factor,0.48343223333358765,value_factor,0.4410593509674072,momentum_factor,0.0737948790192604
2020-12-30,688008.SH,tucker,"(3, 2, 2)",cn_a,INDUSTRY_C39,-0.4126231387940881,-0.41117545319356036,-0.4126231387940881,0.003520803526043892,1,value_factor,0.5066506862640381,quality_factor,0.3900761008262634,momentum_factor,0.08314254134893417
2020-12-30,002156.SZ,tucker,"(3, 2, 2)",cn_a,INDUSTRY_C39,-0.4166240481895993,-0.4151623254244622,-0.4166240481895993,0.003520803526043892,2,quality_factor,0.5650753974914551,value_factor,0.355808824300766,momentum_factor,0.061254795640707016
2020-12-30,300735.SZ,tucker,"(3, 2, 2)",cn_a,INDUSTRY_C39,-0.43200559211736445,-0.4304899033053323,-0.43200559211736445,0.003520803526043892,1,value_factor,0.554591178894043,quality_factor,0.32184240221977234,momentum_factor,0.08997471630573273
2020-12-30,300570.SZ,tucker,"(3, 2, 2)",cn_a,INDUSTRY_C39,-0.4359620480856713,-0.4344324780735902,-0.4359620480856713,0.003520803526043892,1,value_factor,0.4962366223335266,quality_factor,0.40489837527275085,momentum_factor,0.08165839314460754
2020-12-30,603486.SH,tucker,"(3, 2, 2)",cn_a,INDUSTRY_C39,-0.44465551588528335,-0.44309544489793234,-0.44465551588528335,0.003520803526043892,1,value_factor,0.47459444403648376,quality_factor,0.4357016086578369,momentum_factor,0.07857409119606018
2020-12-30,688027.SH,tucker,"(3, 2, 2)",cn_a,INDUSTRY_C39,-0.45261343518270475,-0.45102544388722293,-0.45261343518270475,0.003520803526043892,1,value_factor,0.45929795503616333,quality_factor,0.45747318863868713,momentum_factor,0.07639413326978683
2020-12-30,002185.SZ,tucker,"(3, 2, 2)",cn_a,INDUSTRY_C39,-0.4573466525028944,-0.45574205474520924,-0.4573466525028944,0.003520803526043892,2,quality_factor,0.556453287601471,value_factor,0.36516252160072327,momentum_factor,0.06263399124145508
2020-12-30,688002.SH,tucker,"(3, 2, 2)",cn_a,INDUSTRY_C39,-0.45776309411641,-0.4561570352760306,-0.45776309411641,0.003520803526043892,1,value_factor,0.4960769712924957,quality_factor,0.40512561798095703,momentum_factor,0.08163563907146454
2020-12-30,300054.SZ,tucker,"(3, 2, 2)",cn_a,INDUSTRY_C39,-0.46043559509894416,-0.458820159806238,-0.46043559509894416,0.003520803526043892,1,quality_factor,0.4810061752796173,value_factor,0.44276389479637146,momentum_factor,0.07403779774904251
2020-12-30,002841.SZ,tucker,"(3, 2, 2)",cn_a,INDUSTRY_C39,-0.4690557770682646,-0.4674100979231478,-0.4690557770682646,0.003520803526043892,2,value_factor,0.5817708373069763,quality_factor,0.2831575274467468,momentum_factor,0.09384818375110626
2020-12-30,603290.SH,tucker,"(3, 2, 2)",cn_a,INDUSTRY_C39,-0.49433519247274765,-0.4926008206629931,-0.49433519247274765,0.003520803526043892,1,value_factor,0.5351940989494324,quality_factor,0.3494502604007721,momentum_factor,0.08721036463975906
2020-12-30,300679.SZ,tucker,"(3, 2, 2)",cn_a,INDUSTRY_C39,-0.4994867811532163,-0.4977343350280602,-0.4994867811532163,0.003520803526043892,2,quality_factor,0.582453727722168,value_factor,0.33695587515830994,momentum_factor,0.05847492814064026
2020-12-30,603501.SH,tucker,"(3, 2, 2)",cn_a,INDUSTRY_C39,-0.500325809520034,-0.4985704196693063,-0.500325809520034,0.003520803526043892,1,value_factor,0.4710787832736969,quality_factor,0.4407055675983429,momentum_factor,0.07807305455207825
2020-12-30,300627.SZ,tucker,"(3, 2, 2)",cn_a,INDUSTRY_C39,-0.5093679224273544,-0.5075808083822625,-0.5093679224273544,0.003520803526043892,1,value_factor,0.5109981298446655,quality_factor,0.383888304233551,momentum_factor,0.08376210927963257
2020-12-30,300136.SZ,tucker,"(3, 2, 2)",cn_a,INDUSTRY_C39,-0.5121464544079333,-0.5103495919014471,-0.5121464544079333,0.003520803526043892,1,value_factor,0.5427755117416382,quality_factor,0.3386595547199249,momentum_factor,0.08829081058502197
2020-12-30,300037.SZ,tucker,"(3, 2, 2)",cn_a,INDUSTRY_C39,-0.5128272884902538,-0.5110280372818151,-0.5128272884902538,0.003520803526043892,1,value_factor,0.48536548018455505,quality_factor,0.42037132382392883,momentum_factor,0.0801091119647026
2020-12-30,600562.SH,tucker,"(3, 2, 2)",cn_a,INDUSTRY_C39,-0.5233900511396069,-0.5215537405470678,-0.5233900511396069,0.003520803526043892,2,quality_factor,0.5949159860610962,value_factor,0.3234361708164215,momentum_factor,0.05648143216967583
2020-12-30,688019.SH,tucker,"(3, 2, 2)",cn_a,INDUSTRY_C39,-0.524970683811293,-0.523128827579299,-0.524970683811293,0.003520803526043892,1,value_factor,0.4881359934806824,quality_factor,0.4164281189441681,momentum_factor,0.08050394058227539
2020-12-30,300857.SZ,tucker,"(3, 2, 2)",cn_a,INDUSTRY_C39,-0.5276300613871183,-0.5257788747461848,-0.5276300613871183,0.003520803526043892,1,value_factor,0.4745902419090271,quality_factor,0.4357077181339264,momentum_factor,0.07857348769903183
2020-12-30,300623.SZ,tucker,"(3, 2, 2)",cn_a,INDUSTRY_C39,-0.5467216161846192,-0.5448034469477682,-0.5467216161846192,0.003520803526043892,1,value_factor,0.49683114886283875,quality_factor,0.40405210852622986,momentum_factor,0.08174311369657516
2020-12-30,300458.SZ,tucker,"(3, 2, 2)",cn_a,INDUSTRY_C39,-0.5489570473727757,-0.5470310351401307,-0.5489570473727757,0.003520803526043892,1,quality_factor,0.5183367729187012,value_factor,0.4065133333206177,momentum_factor,0.06873118877410889
2020-12-30,300373.SZ,tucker,"(3, 2, 2)",cn_a,INDUSTRY_C39,-0.5491587272312486,-0.547232007406131,-0.5491587272312486,0.003520803526043892,1,value_factor,0.4770595133304596,quality_factor,0.43219321966171265,momentum_factor,0.07892538607120514
2020-12-30,002414.SZ,tucker,"(3, 2, 2)",cn_a,INDUSTRY_C39,-0.549250358068919,-0.547323316757603,-0.549250358068919,0.003520803526043892,1,value_factor,0.49496710300445557,quality_factor,0.40670523047447205,momentum_factor,0.08147747069597244
2020-12-30,300390.SZ,tucker,"(3, 2, 2)",cn_a,INDUSTRY_C39,-0.5587298456155411,-0.5567695455837817,-0.5587298456155411,0.003520803526043892,1,value_factor,0.49482229351997375,quality_factor,0.40691137313842773,momentum_factor,0.08145683258771896
2020-12-30,300474.SZ,tucker,"(3, 2, 2)",cn_a,INDUSTRY_C39,-0.5737382818880912,-0.5717253248552201,-0.5737382818880912,0.003520803526043892,1,quality_factor,0.4708535075187683,value_factor,0.44989705085754395,momentum_factor,0.07505436986684799
2020-12-30,300115.SZ,tucker,"(3, 2, 2)",cn_a,INDUSTRY_C39,-0.5855202973299245,-0.5834660031724554,-0.5855202973299245,0.003520803526043892,2,quality_factor,0.5630345940589905,value_factor,0.35802286863327026,momentum_factor,0.06158125400543213
2020-12-30,300346.SZ,tucker,"(3, 2, 2)",cn_a,INDUSTRY_C39,-0.5865173809123904,-0.584459588493653,-0.5865173809123904,0.003520803526043892,1,value_factor,0.4720765948295593,quality_factor,0.43928542733192444,momentum_factor,0.07821526378393173
2020-12-30,300223.SZ,tucker,"(3, 2, 2)",cn_a,INDUSTRY_C39,-0.6001648824951555,-0.5980592079058198,-0.6001648824951555,0.003520803526043892,1,quality_factor,0.4687731862068176,value_factor,0.45135870575904846,momentum_factor,0.07526268064975739
2020-12-31,600060.SH,tucker,"(3, 2, 2)",cn_a,INDUSTRY_C39,1.0514126196723965,1.0344970805799947,1.0514126196723965,0.01635146699845791,1,value_factor,0.5435601472854614,quality_factor,0.3375428020954132,momentum_factor,0.0884026363492012
2020-12-31,600707.SH,tucker,"(3, 2, 2)",cn_a,INDUSTRY_C39,0.6319577578792153,0.6217905733142408,0.6319577578792153,0.01635146699845791,0,quality_factor,0.48961740732192993,value_factor,0.43671372532844543,momentum_factor,0.07317556440830231
2020-12-31,600601.SH,tucker,"(3, 2, 2)",cn_a,INDUSTRY_C39,0.2910261240832587,0.28634398151931034,0.2910261240832587,0.01635146699845791,2,quality_factor,0.753207266330719,value_factor,0.13383211195468903,volatility_factor,0.09942678362131119
2020-12-31,600363.SH,tucker,"(3, 2, 2)",cn_a,INDUSTRY_C39,0.2662962713884965,0.2620119924055825,0.2662962713884965,0.01635146699845791,0,value_factor,0.5885537266731262,quality_factor,0.2735033631324768,momentum_factor,0.09481483697891235
2020-12-31,600699.SH,tucker,"(3, 2, 2)",cn_a,INDUSTRY_C39,0.2640772716973158,0.259828692852787,0.2640772716973158,0.01635146699845791,0,value_factor,0.5879577994346619,quality_factor,0.2743515968322754,momentum_factor,0.09472990781068802
2020-12-31,600498.SH,tucker,"(3, 2, 2)",cn_a,INDUSTRY_C39,0.2375599243038238,0.2337379669569532,0.2375599243038238,0.01635146699845791,2,value_factor,0.6205519437789917,quality_factor,0.22796036303043365,momentum_factor,0.09937500953674316
2020-12-31,603920.SH,tucker,"(3, 2, 2)",cn_a,INDUSTRY_C39,0.07659254582916696,0.07536029487562262,0.07659254582916696,0.01635146699845791,0,quality_factor,0.8108646869659424,volatility_factor,0.09960609674453735,value_factor,0.08431379497051239
2020-12-31,600884.SH,tucker,"(3, 2, 2)",cn_a,INDUSTRY_C39,-0.0009002872249511762,-0.0008858030505527401,-0.0009002872249511762,0.01635146699845791,2,value_factor,0.4991912841796875,quality_factor,0.3277962803840637,volatility_factor,0.09810382127761841
2020-12-31,600171.SH,tucker,"(3, 2, 2)",cn_a,INDUSTRY_C39,-0.014928154851004181,-0.014687984833796026,-0.014928154851004181,0.01635146699845791,2,value_factor,0.45392653346061707,quality_factor,0.3805009126663208,volatility_factor,0.09826772660017014
2020-12-31,600563.SH,tucker,"(3, 2, 2)",cn_a,INDUSTRY_C39,-0.037367242133060474,-0.03676606326831185,-0.037367242133060474,0.01635146699845791,2,value_factor,0.5780688524246216,quality_factor,0.23595403134822845,volatility_factor,0.09781821072101593
2020-12-31,603228.SH,tucker,"(3, 2, 2)",cn_a,INDUSTRY_C39,-0.05091540364890628,-0.050096256641619215,-0.05091540364890628,0.01635146699845791,2,value_factor,0.6663813591003418,quality_factor,0.13312621414661407,momentum_factor,0.10299409180879593
2020-12-31,002429.SZ,tucker,"(3, 2, 2)",cn_a,INDUSTRY_C39,-0.058565351778199465,-0.0576231294014383,-0.058565351778199465,0.01635146699845791,0,value_factor,0.7221171259880066,momentum_factor,0.11235686391592026,volatility_factor,0.09729660302400589
2020-12-31,601231.SH,tucker,"(3, 2, 2)",cn_a,INDUSTRY_C39,-0.10021826795553639,-0.0986059171071103,-0.10021826795553639,0.01635146699845791,0,value_factor,0.6795223951339722,quality_factor,0.1440277099609375,momentum_factor,0.1077791154384613
2020-12-31,002130.SZ,tucker,"(3, 2, 2)",cn_a,INDUSTRY_C39,-0.13668546502862436,-0.1344864155938028,-0.13668546502862436,0.01635146699845791,0,quality_factor,0.7644386887550354,value_factor,0.1241861879825592,volatility_factor,0.09946171939373016
2020-12-31,688100.SH,tucker,"(3, 2, 2)",cn_a,INDUSTRY_C39,-0.15040630292942347,-0.14798650726657606,-0.15040630292942347,0.01635146699845791,1,value_factor,0.5324577689170837,quality_factor,0.3533448278903961,momentum_factor,0.08682040125131607
2020-12-31,600764.SH,tucker,"(3, 2, 2)",cn_a,INDUSTRY_C39,-0.1880712958345365,-0.18504553097559934,-0.1880712958345365,0.01635146699845791,1,quality_factor,0.496962308883667,value_factor,0.42970147728919983,momentum_factor,0.07215028256177902
2020-12-31,600118.SH,tucker,"(3, 2, 2)",cn_a,INDUSTRY_C39,-0.1887659382307788,-0.18572899769219978,-0.1887659382307788,0.01635146699845791,2,quality_factor,0.5797328352928162,value_factor,0.3399076759815216,momentum_factor,0.05891016870737076
2020-12-31,002273.SZ,tucker,"(3, 2, 2)",cn_a,INDUSTRY_C39,-0.25220339924225316,-0.2481458519203956,-0.25220339924225316,0.01635146699845791,0,value_factor,0.4844360947608948,quality_factor,0.4216941297054291,momentum_factor,0.0799766555428505
2020-12-31,603160.SH,tucker,"(3, 2, 2)",cn_a,INDUSTRY_C39,-0.25417674057531753,-0.25008744536320493,-0.25417674057531753,0.01635146699845791,2,value_factor,0.6530194282531738,quality_factor,0.18174926936626434,momentum_factor,0.10400208085775375
2020-12-31,002152.SZ,tucker,"(3, 2, 2)",cn_a,INDUSTRY_C39,-0.27496184066765167,-0.27053814660339204,-0.27496184066765167,0.01635146699845791,0,quality_factor,0.5557194352149963,value_factor,0.36595872044563293,momentum_factor,0.0627513974905014
2020-12-31,605358.SH,tucker,"(3, 2, 2)",cn_a,INDUSTRY_C39,-0.2996780704788569,-0.294856732003863,-0.2996780704788569,0.01635146699845791,1,value_factor,0.45926547050476074,quality_factor,0.45751944184303284,momentum_factor,0.07638949155807495
2020-12-31,002465.SZ,tucker,"(3, 2, 2)",cn_a,INDUSTRY_C39,-0.32119895649591995,-0.31603138155589466,-0.32119895649591995,0.01635146699845791,2,quality_factor,0.69770747423172,value_factor,0.21192258596420288,volatility_factor,0.05033114179968834
2020-12-31,002138.SZ,tucker,"(3, 2, 2)",cn_a,INDUSTRY_C39,-0.32661893514801665,-0.3213641614631274,-0.32661893514801665,0.01635146699845791,0,quality_factor,0.4738360643386841,value_factor,0.44780153036117554,momentum_factor,0.07475573569536209
2020-12-31,002436.SZ,tucker,"(3, 2, 2)",cn_a,INDUSTRY_C39,-0.3497736726034622,-0.3441463764100226,-0.3497736726034622,0.01635146699845791,1,value_factor,0.5229921936988831,quality_factor,0.3668171465396881,momentum_factor,0.08547142148017883
2020-12-31,300919.SZ,tucker,"(3, 2, 2)",cn_a,INDUSTRY_C39,-0.35477797756997215,-0.34907017015314845,-0.35477797756997215,0.01635146699845791,1,quality_factor,0.4742836058139801,value_factor,0.4474870562553406,momentum_factor,0.074710913002491
2020-12-31,688608.SH,tucker,"(3, 2, 2)",cn_a,INDUSTRY_C39,-0.35477797756997215,-0.34907017015314845,-0.35477797756997215,0.01635146699845791,1,quality_factor,0.4742836058139801,value_factor,0.4474870562553406,momentum_factor,0.074710913002491
2020-12-31,689009.SH,tucker,"(3, 2, 2)",cn_a,INDUSTRY_C39,-0.35477797756997215,-0.34907017015314845,-0.35477797756997215,0.01635146699845791,1,quality_factor,0.4742836058139801,value_factor,0.4474870562553406,momentum_factor,0.074710913002491
2020-12-31,300073.SZ,tucker,"(3, 2, 2)",cn_a,INDUSTRY_C39,-0.3649596181390272,-0.3590880044906174,-0.3649596181390272,0.01635146699845791,2,value_factor,0.666865348815918,quality_factor,0.16204243898391724,momentum_factor,0.10597530007362366
2020-12-31,002025.SZ,tucker,"(3, 2, 2)",cn_a,INDUSTRY_C39,-0.3690947795256581,-0.36315663777707125,-0.3690947795256581,0.01635146699845791,0,value_factor,0.5438815355300903,quality_factor,0.3370853066444397,momentum_factor,0.08844844996929169
2020-12-31,600435.SH,tucker,"(3, 2, 2)",cn_a,INDUSTRY_C39,-0.38243006562417503,-0.3762773805563553,-0.38243006562417503,0.01635146699845791,2,quality_factor,0.6720969676971436,value_factor,0.23970629274845123,momentum_factor,0.0441354475915432
2020-12-31,002583.SZ,tucker,"(3, 2, 2)",cn_a,INDUSTRY_C39,-0.3827804475814416,-0.3766221254311059,-0.3827804475814416,0.01635146699845791,0,quality_factor,0.5243980884552002,value_factor,0.3999377191066742,momentum_factor,0.0677616074681282
2020-12-31,002402.SZ,tucker,"(3, 2, 2)",cn_a,INDUSTRY_C39,-0.38335784329206113,-0.37719023177280214,-0.38335784329206113,0.01635146699845791,1,value_factor,0.5299370288848877,quality_factor,0.3569326400756836,momentum_factor,0.0864611566066742
2020-12-31,603659.SH,tucker,"(3, 2, 2)",cn_a,INDUSTRY_C39,-0.38482066706357815,-0.37862952106106357,-0.38482066706357815,0.01635146699845791,1,value_factor,0.5630447268486023,quality_factor,0.3098104000091553,momentum_factor,0.09117946028709412
2020-12-31,603019.SH,tucker,"(3, 2, 2)",cn_a,INDUSTRY_C39,-0.395522752341781,-0.3891594269888321,-0.395522752341781,0.01635146699845791,1,value_factor,0.4864165484905243,quality_factor,0.4188753068447113,momentum_factor,0.08025889843702316
2020-12-31,002281.SZ,tucker,"(3, 2, 2)",cn_a,INDUSTRY_C39,-0.39847203034057666,-0.3920612558450651,-0.39847203034057666,0.01635146699845791,1,quality_factor,0.5155009627342224,value_factor,0.4095897674560547,momentum_factor,0.069184809923172
2020-12-31,688981.SH,tucker,"(3, 2, 2)",cn_a,INDUSTRY_C39,-0.41312782417955646,-0.4064812615177485,-0.41312782417955646,0.01635146699845791,1,quality_factor,0.4827103614807129,value_factor,0.441566526889801,momentum_factor,0.07386716455221176
2020-12-31,688008.SH,tucker,"(3, 2, 2)",cn_a,INDUSTRY_C39,-0.4212620042556091,-0.41448457571062014,-0.4212620042556091,0.01635146699845791,1,value_factor,0.5064140558242798,quality_factor,0.3904128074645996,momentum_factor,0.0831088125705719
2020-12-31,002156.SZ,tucker,"(3, 2, 2)",cn_a,INDUSTRY_C39,-0.42717182789701513,-0.4202993197886226,-0.42717182789701513,0.01635146699845791,2,quality_factor,0.5633276104927063,value_factor,0.35770490765571594,momentum_factor,0.061534374952316284
2020-12-31,300735.SZ,tucker,"(3, 2, 2)",cn_a,INDUSTRY_C39,-0.4450503104289397,-0.4378901662730782,-0.4450503104289397,0.01635146699845791,1,value_factor,0.5531342029571533,quality_factor,0.3239160180091858,momentum_factor,0.08976706862449646
2020-12-31,300570.SZ,tucker,"(3, 2, 2)",cn_a,INDUSTRY_C39,-0.4499650560855885,-0.442725841571688,-0.4499650560855885,0.01635146699845791,1,value_factor,0.49567827582359314,quality_factor,0.4056931436061859,momentum_factor,0.0815788209438324
2020-12-31,603486.SH,tucker,"(3, 2, 2)",cn_a,INDUSTRY_C39,-0.4559864020118057,-0.44865031372019115,-0.4559864020118057,0.01635146699845791,1,value_factor,0.4745851755142212,quality_factor,0.4357149302959442,momentum_factor,0.07857277244329453
2020-12-31,688027.SH,tucker,"(3, 2, 2)",cn_a,INDUSTRY_C39,-0.464430853167092,-0.45695890722933696,-0.464430853167092,0.01635146699845791,1,value_factor,0.459507018327713,quality_factor,0.4571755826473236,momentum_factor,0.07642391324043274
2020-12-31,688002.SH,tucker,"(3, 2, 2)",cn_a,INDUSTRY_C39,-0.4682171621511009,-0.46068430058760906,-0.4682171621511009,0.01635146699845791,1,value_factor,0.495868444442749,quality_factor,0.4054223299026489,momentum_factor,0.081605926156044
2020-12-31,002185.SZ,tucker,"(3, 2, 2)",cn_a,INDUSTRY_C39,-0.4687124400515174,-0.4611716102626787,-0.4687124400515174,0.01635146699845791,2,quality_factor,0.5548780560493469,value_factor,0.36687153577804565,momentum_factor,0.06288599967956543
2020-12-31,300054.SZ,tucker,"(3, 2, 2)",cn_a,INDUSTRY_C39,-0.4748681356757219,-0.4672282706384718,-0.4748681356757219,0.01635146699845791,1,quality_factor,0.480252742767334,value_factor,0.4432932436466217,momentum_factor,0.07411324232816696
2020-12-31,002841.SZ,tucker,"(3, 2, 2)",cn_a,INDUSTRY_C39,-0.48167915240320464,-0.47392970905430304,-0.48167915240320464,0.01635146699845791,2,value_factor,0.5802531242370605,quality_factor,0.285317599773407,momentum_factor,0.09363189339637756
2020-12-31,603290.SH,tucker,"(3, 2, 2)",cn_a,INDUSTRY_C39,-0.5039234062913365,-0.49581608865104276,-0.5039234062913365,0.01635146699845791,1,value_factor,0.5348089933395386,quality_factor,0.3499983549118042,momentum_factor,0.08715547621250153
2020-12-31,603501.SH,tucker,"(3, 2, 2)",cn_a,INDUSTRY_C39,-0.5097498653607329,-0.5015488093590056,-0.5097498653607329,0.01635146699845791,1,value_factor,0.47121864557266235,quality_factor,0.4405064880847931,momentum_factor,0.07809299230575562
2020-12-31,300679.SZ,tucker,"(3, 2, 2)",cn_a,INDUSTRY_C39,-0.513814022456257,-0.5055475806992699,-0.513814022456257,0.01635146699845791,2,quality_factor,0.5800546407699585,value_factor,0.33955854177474976,momentum_factor,0.058858685195446014
2020-12-31,300627.SZ,tucker,"(3, 2, 2)",cn_a,INDUSTRY_C39,-0.5224283060023195,-0.5140232742689995,-0.5224283060023195,0.01635146699845791,1,value_factor,0.510482668876648,quality_factor,0.38462188839912415,momentum_factor,0.0836886540055275
2020-12-31,300136.SZ,tucker,"(3, 2, 2)",cn_a,INDUSTRY_C39,-0.5252579999766269,-0.5168074430154884,-0.5252579999766269,0.01635146699845791,1,value_factor,0.54185551404953,quality_factor,0.3399690091609955,momentum_factor,0.0881597101688385
2020-12-31,300037.SZ,tucker,"(3, 2, 2)",cn_a,INDUSTRY_C39,-0.5266444145188339,-0.5181715523761252,-0.5266444145188339,0.01635146699845791,1,value_factor,0.48516401648521423,quality_factor,0.42065802216529846,momentum_factor,0.08008038997650146
2020-12-31,600562.SH,tucker,"(3, 2, 2)",cn_a,INDUSTRY_C39,-0.534782627840158,-0.5261788349258345,-0.534782627840158,0.01635146699845791,2,quality_factor,0.5931597948074341,value_factor,0.32534143328666687,momentum_factor,0.056762367486953735
2020-12-31,688019.SH,tucker,"(3, 2, 2)",cn_a,INDUSTRY_C39,-0.5357090877548577,-0.5270903895896257,-0.5357090877548577,0.01635146699845791,1,value_factor,0.48809048533439636,quality_factor,0.4164928197860718,momentum_factor,0.08049745112657547
2020-12-31,300857.SZ,tucker,"(3, 2, 2)",cn_a,INDUSTRY_C39,-0.5413787663898395,-0.5326688522083671,-0.5413787663898395,0.01635146699845791,1,value_factor,0.47457054257392883,quality_factor,0.43573567271232605,momentum_factor,0.07857067883014679
2020-12-31,300623.SZ,tucker,"(3, 2, 2)",cn_a,INDUSTRY_C39,-0.5601400472055375,-0.5511282941711508,-0.5601400472055375,0.01635146699845791,1,value_factor,0.4965488910675049,quality_factor,0.40445396304130554,momentum_factor,0.08170289546251297
2020-12-31,002414.SZ,tucker,"(3, 2, 2)",cn_a,INDUSTRY_C39,-0.5611250764144644,-0.5520974758433648,-0.5611250764144644,0.01635146699845791,1,value_factor,0.4948158860206604,quality_factor,0.40692058205604553,momentum_factor,0.08145591616630554
2020-12-31,300458.SZ,tucker,"(3, 2, 2)",cn_a,INDUSTRY_C39,-0.5626341123832366,-0.5535822338489054,-0.5626341123832366,0.01635146699845791,1,quality_factor,0.5173134803771973,value_factor,0.4076234996318817,momentum_factor,0.0688948780298233
2020-12-31,300373.SZ,tucker,"(3, 2, 2)",cn_a,INDUSTRY_C39,-0.5631082472991957,-0.554048740696154,-0.5631082472991957,0.01635146699845791,1,value_factor,0.4770168662071228,quality_factor,0.4322539269924164,momentum_factor,0.07891931384801865
2020-12-31,300390.SZ,tucker,"(3, 2, 2)",cn_a,INDUSTRY_C39,-0.5719601713712723,-0.5627582515377989,-0.5719601713712723,0.01635146699845791,1,value_factor,0.4945971667766571,quality_factor,0.40723177790641785,momentum_factor,0.08142475038766861
2020-12-31,300474.SZ,tucker,"(3, 2, 2)",cn_a,INDUSTRY_C39,-0.586555895457525,-0.5771191538835251,-0.586555895457525,0.01635146699845791,1,quality_factor,0.47037869691848755,value_factor,0.4502306580543518,momentum_factor,0.07510191947221756
2020-12-31,300346.SZ,tucker,"(3, 2, 2)",cn_a,INDUSTRY_C39,-0.598404307214443,-0.5887769437394815,-0.598404307214443,0.01635146699845791,1,value_factor,0.4721856117248535,quality_factor,0.43913018703460693,momentum_factor,0.07823079824447632
2020-12-31,300115.SZ,tucker,"(3, 2, 2)",cn_a,INDUSTRY_C39,-0.5990410032527999,-0.5894033963619565,-0.5990410032527999,0.01635146699845791,2,quality_factor,0.5615280866622925,value_factor,0.3596571981906891,momentum_factor,0.06182223558425903
2020-12-31,300223.SZ,tucker,"(3, 2, 2)",cn_a,INDUSTRY_C39,-0.6117038586860382,-0.601862526804554,-0.6117038586860382,0.01635146699845791,1,quality_factor,0.46834051609039307,value_factor,0.4516626298427582,momentum_factor,0.0753059983253479
